game,agent_a,agent_b,player1,player2,result,score_for_a,plies
1,models_9x9\best.pt,models_9x9_heads\best.pt,models_9x9\best.pt,models_9x9_heads\best.pt,p2_win,0.0,16
2,models_9x9\best.pt,models_9x9_heads\best.pt,models_9x9_heads\best.pt,models_9x9\best.pt,p2_win,1.0,46
3,models_9x9\best.pt,models_9x9_heads\best.pt,models_9x9_heads\best.pt,models_9x9\best.pt,p1_win,0.0,35
4,models_9x9\best.pt,models_9x9_heads\best.pt,models_9x9\best.pt,models_9x9_heads\best.pt,p1_win,1.0,33
5,models_9x9\best.pt,models_9x9_heads\best.pt,models_9x9_heads\best.pt,models_9x9\best.pt,p1_win,0.0,43
6,models_9x9\best.pt,models_9x9_heads\best.pt,models_9x9\best.pt,models_9x9_heads\best.pt,p1_win,1.0,35
7,models_9x9\best.pt,models_9x9_heads\best.pt,models_9x9\best.pt,models_9x9_heads\best.pt,p2_win,0.0,38
8,models_9x9\best.pt,models_9x9_heads\best.pt,models_9x9\best.pt,models_9x9_heads\best.pt,p1_win,1.0,35
9,models_9x9\best.pt,models_9x9_heads\best.pt,models_9x9_heads\best.pt,models_9x9\best.pt,p1_win,0.0,43
10,models_9x9\best.pt,models_9x9_heads\best.pt,models_9x9\best.pt,models_9x9_heads\best.pt,p2_win,0.0,42
11,models_9x9\best.pt,models_9x9_heads\best.pt,models_9x9_heads\best.pt,models_9x9\best.pt,p1_win,0.0,49
12,models_9x9\best.pt,models_9x9_heads\best.pt,models_9x9\best.pt,models_9x9_heads\best.pt,p1_win,1.0,37
13,models_9x9\best.pt,models_9x9_heads\best.pt,models_9x9_heads\best.pt,models_9x9\best.pt,p1_win,0.0,37
14,models_9x9\best.pt,models_9x9_heads\best.pt,models_9x9\best.pt,models_9x9_heads\best.pt,p1_win,1.0,39
15,models_9x9\best.pt,models_9x9_heads\best.pt,models_9x9_heads\best.pt,models_9x9\best.pt,p2_win,1.0,56
16,models_9x9\best.pt,models_9x9_heads\best.pt,models_9x9_heads\best.pt,models_9x9\best.pt,p1_win,0.0,39
17,models_9x9\best.pt,models_9x9_heads\best.pt,models_9x9_heads\best.pt,models_9x9\best.pt,p2_win,1.0,36
18,models_9x9\best.pt,models_9x9_heads\best.pt,models_9x9\best.pt,models_9x9_heads\best.pt,p1_win,1.0,37
19,models_9x9\best.pt,models_9x9_heads\best.pt,models_9x9_heads\best.pt,models_9x9\best.pt,p1_win,0.0,39
20,models_9x9\best.pt,models_9x9_heads\best.pt,models_9x9\best.pt,models_9x9_heads\best.pt,p2_win,0.0,48
21,models_9x9\best.pt,models_9x9_heads\best.pt,models_9x9\best.pt,models_9x9_heads\best.pt,p1_win,1.0,43
22,models_9x9\best.pt,models_9x9_heads\best.pt,models_9x9\best.pt,models_9x9_heads\best.pt,p1_win,1.0,41
23,models_9x9\best.pt,models_9x9_heads\best.pt,models_9x9\best.pt,models_9x9_heads\best.pt,p2_win,0.0,38
24,models_9x9\best.pt,models_9x9_heads\best.pt,models_9x9\best.pt,models_9x9_heads\best.pt,p2_win,0.0,42
25,models_9x9\best.pt,models_9x9_heads\best.pt,models_9x9\best.pt,models_9x9_heads\best.pt,p2_win,0.0,40
26,models_9x9\best.pt,models_9x9_heads\best.pt,models_9x9\best.pt,models_9x9_heads\best.pt,p2_win,0.0,42
27,models_9x9\best.pt,models_9x9_heads\best.pt,models_9x9_heads\best.pt,models_9x9\best.pt,p2_win,1.0,52
28,models_9x9\best.pt,models_9x9_heads\best.pt,models_9x9_heads\best.pt,models_9x9\best.pt,p2_win,1.0,52
29,models_9x9\best.pt,models_9x9_heads\best.pt,models_9x9_heads\best.pt,models_9x9\best.pt,p1_win,0.0,41
30,models_9x9\best.pt,models_9x9_heads\best.pt,models_9x9_heads\best.pt,models_9x9\best.pt,p1_win,0.0,41
31,models_9x9\best.pt,models_9x9_heads\best.pt,models_9x9_heads\best.pt,models_9x9\best.pt,p1_win,0.0,53
32,models_9x9\best.pt,models_9x9_heads\best.pt,models_9x9\best.pt,models_9x9_heads\best.pt,p2_win,0.0,42
33,models_9x9\best.pt,models_9x9_heads\best.pt,models_9x9\best.pt,models_9x9_heads\best.pt,p2_win,0.0,46
34,models_9x9\best.pt,models_9x9_heads\best.pt,models_9x9\best.pt,models_9x9_heads\best.pt,p2_win,0.0,46
35,models_9x9\best.pt,models_9x9_heads\best.pt,models_9x9_heads\best.pt,models_9x9\best.pt,p1_win,0.0,39
36,models_9x9\best.pt,models_9x9_heads\best.pt,models_9x9_heads\best.pt,models_9x9\best.pt,p2_win,1.0,52
37,models_9x9\best.pt,models_9x9_heads\best.pt,models_9x9_heads\best.pt,models_9x9\best.pt,p1_win,0.0,41
38,models_9x9\best.pt,models_9x9_heads\best.pt,models_9x9\best.pt,models_9x9_heads\best.pt,p1_win,1.0,41
39,models_9x9\best.pt,models_9x9_heads\best.pt,models_9x9_heads\best.pt,models_9x9\best.pt,p1_win,0.0,49
40,models_9x9\best.pt,models_9x9_heads\best.pt,models_9x9_heads\best.pt,models_9x9\best.pt,p1_win,0.0,43
41,models_9x9\best.pt,models_9x9_heads\best.pt,models_9x9\best.pt,models_9x9_heads\best.pt,p2_win,0.0,52
42,models_9x9\best.pt,models_9x9_heads\best.pt,models_9x9\best.pt,models_9x9_heads\best.pt,p1_win,1.0,45
43,models_9x9\best.pt,models_9x9_heads\best.pt,models_9x9_heads\best.pt,models_9x9\best.pt,p1_win,0.0,41
44,models_9x9\best.pt,models_9x9_heads\best.pt,models_9x9_heads\best.pt,models_9x9\best.pt,p1_win,0.0,41
45,models_9x9\best.pt,models_9x9_heads\best.pt,models_9x9\best.pt,models_9x9_heads\best.pt,p2_win,0.0,46
46,models_9x9\best.pt,models_9x9_heads\best.pt,models_9x9_heads\best.pt,models_9x9\best.pt,p1_win,0.0,43
47,models_9x9\best.pt,models_9x9_heads\best.pt,models_9x9\best.pt,models_9x9_heads\best.pt,p1_win,1.0,41
48,models_9x9\best.pt,models_9x9_heads\best.pt,models_9x9_heads\best.pt,models_9x9\best.pt,p2_win,1.0,44
49,models_9x9\best.pt,models_9x9_heads\best.pt,models_9x9_heads\best.pt,models_9x9\best.pt,p1_win,0.0,45
50,models_9x9\best.pt,models_9x9_heads\best.pt,models_9x9_heads\best.pt,models_9x9\best.pt,p1_win,0.0,51
51,models_9x9\best.pt,models_9x9_heads\best.pt,models_9x9_heads\best.pt,models_9x9\best.pt,p2_win,1.0,40
52,models_9x9\best.pt,models_9x9_heads\best.pt,models_9x9\best.pt,models_9x9_heads\best.pt,p2_win,0.0,60
53,models_9x9\best.pt,models_9x9_heads\best.pt,models_9x9_heads\best.pt,models_9x9\best.pt,p1_win,0.0,43
54,models_9x9\best.pt,models_9x9_heads\best.pt,models_9x9_heads\best.pt,models_9x9\best.pt,p2_win,1.0,56
55,models_9x9\best.pt,models_9x9_heads\best.pt,models_9x9\best.pt,models_9x9_heads\best.pt,p2_win,0.0,48
56,models_9x9\best.pt,models_9x9_heads\best.pt,models_9x9_heads\best.pt,models_9x9\best.pt,p2_win,1.0,48
57,models_9x9\best.pt,models_9x9_heads\best.pt,models_9x9_heads\best.pt,models_9x9\best.pt,p2_win,1.0,50
58,models_9x9\best.pt,models_9x9_heads\best.pt,models_9x9_heads\best.pt,models_9x9\best.pt,p1_win,0.0,47
59,models_9x9\best.pt,models_9x9_heads\best.pt,models_9x9\best.pt,models_9x9_heads\best.pt,p2_win,0.0,50
60,models_9x9\best.pt,models_9x9_heads\best.pt,models_9x9\best.pt,models_9x9_heads\best.pt,p2_win,0.0,50
61,models_9x9\best.pt,models_9x9_heads\best.pt,models_9x9_heads\best.pt,models_9x9\best.pt,p1_win,0.0,43
62,models_9x9\best.pt,models_9x9_heads\best.pt,models_9x9_heads\best.pt,models_9x9\best.pt,p1_win,0.0,41
63,models_9x9\best.pt,models_9x9_heads\best.pt,models_9x9\best.pt,models_9x9_heads\best.pt,p2_win,0.0,52
64,models_9x9\best.pt,models_9x9_heads\best.pt,models_9x9\best.pt,models_9x9_heads\best.pt,p2_win,0.0,50
65,models_9x9\best.pt,models_9x9_heads\best.pt,models_9x9_heads\best.pt,models_9x9\best.pt,p1_win,0.0,41
66,models_9x9\best.pt,models_9x9_heads\best.pt,models_9x9\best.pt,models_9x9_heads\best.pt,p1_win,1.0,41
67,models_9x9\best.pt,models_9x9_heads\best.pt,models_9x9_heads\best.pt,models_9x9\best.pt,p2_win,1.0,52
68,models_9x9\best.pt,models_9x9_heads\best.pt,models_9x9\best.pt,models_9x9_heads\best.pt,p1_win,1.0,41
69,models_9x9\best.pt,models_9x9_heads\best.pt,models_9x9\best.pt,models_9x9_heads\best.pt,p1_win,1.0,41
70,models_9x9\best.pt,models_9x9_heads\best.pt,models_9x9\best.pt,models_9x9_heads\best.pt,p2_win,0.0,56
71,models_9x9\best.pt,models_9x9_heads\best.pt,models_9x9\best.pt,models_9x9_heads\best.pt,p1_win,1.0,41
72,models_9x9\best.pt,models_9x9_heads\best.pt,models_9x9_heads\best.pt,models_9x9\best.pt,p1_win,0.0,43
73,models_9x9\best.pt,models_9x9_heads\best.pt,models_9x9\best.pt,models_9x9_heads\best.pt,p1_win,1.0,51
74,models_9x9\best.pt,models_9x9_heads\best.pt,models_9x9\best.pt,models_9x9_heads\best.pt,p1_win,1.0,45
75,models_9x9\best.pt,models_9x9_heads\best.pt,models_9x9\best.pt,models_9x9_heads\best.pt,p2_win,0.0,60
76,models_9x9\best.pt,models_9x9_heads\best.pt,models_9x9\best.pt,models_9x9_heads\best.pt,p2_win,0.0,52
77,models_9x9\best.pt,models_9x9_heads\best.pt,models_9x9_heads\best.pt,models_9x9\best.pt,p1_win,0.0,47
78,models_9x9\best.pt,models_9x9_heads\best.pt,models_9x9\best.pt,models_9x9_heads\best.pt,p2_win,0.0,44
79,models_9x9\best.pt,models_9x9_heads\best.pt,models_9x9\best.pt,models_9x9_heads\best.pt,p2_win,0.0,52
80,models_9x9\best.pt,models_9x9_heads\best.pt,models_9x9_heads\best.pt,models_9x9\best.pt,p1_win,0.0,59
81,models_9x9\best.pt,models_9x9_heads\best.pt,models_9x9\best.pt,models_9x9_heads\best.pt,p1_win,1.0,57
82,models_9x9\best.pt,models_9x9_heads\best.pt,models_9x9_heads\best.pt,models_9x9\best.pt,p1_win,0.0,53
83,models_9x9\best.pt,models_9x9_heads\best.pt,models_9x9\best.pt,models_9x9_heads\best.pt,p1_win,1.0,45
84,models_9x9\best.pt,models_9x9_heads\best.pt,models_9x9_heads\best.pt,models_9x9\best.pt,p2_win,1.0,50
85,models_9x9\best.pt,models_9x9_heads\best.pt,models_9x9\best.pt,models_9x9_heads\best.pt,p2_win,0.0,46
86,models_9x9\best.pt,models_9x9_heads\best.pt,models_9x9\best.pt,models_9x9_heads\best.pt,p1_win,1.0,43
87,models_9x9\best.pt,models_9x9_heads\best.pt,models_9x9_heads\best.pt,models_9x9\best.pt,p1_win,0.0,45
88,models_9x9\best.pt,models_9x9_heads\best.pt,models_9x9_heads\best.pt,models_9x9\best.pt,p2_win,1.0,42
89,models_9x9\best.pt,models_9x9_heads\best.pt,models_9x9\best.pt,models_9x9_heads\best.pt,p1_win,1.0,49
90,models_9x9\best.pt,models_9x9_heads\best.pt,models_9x9_heads\best.pt,models_9x9\best.pt,p1_win,0.0,51
91,models_9x9\best.pt,models_9x9_heads\best.pt,models_9x9_heads\best.pt,models_9x9\best.pt,p1_win,0.0,47
92,models_9x9\best.pt,models_9x9_heads\best.pt,models_9x9\best.pt,models_9x9_heads\best.pt,p2_win,0.0,42
93,models_9x9\best.pt,models_9x9_heads\best.pt,models_9x9\best.pt,models_9x9_heads\best.pt,p2_win,0.0,54
94,models_9x9\best.pt,models_9x9_heads\best.pt,models_9x9_heads\best.pt,models_9x9\best.pt,p1_win,0.0,47
95,models_9x9\best.pt,models_9x9_heads\best.pt,models_9x9\best.pt,models_9x9_heads\best.pt,p1_win,1.0,45
96,models_9x9\best.pt,models_9x9_heads\best.pt,models_9x9\best.pt,models_9x9_heads\best.pt,p2_win,0.0,48
97,models_9x9\best.pt,models_9x9_heads\best.pt,models_9x9\best.pt,models_9x9_heads\best.pt,p2_win,0.0,48
98,models_9x9\best.pt,models_9x9_heads\best.pt,models_9x9_heads\best.pt,models_9x9\best.pt,p1_win,0.0,63
99,models_9x9\best.pt,models_9x9_heads\best.pt,models_9x9_heads\best.pt,models_9x9\best.pt,p1_win,0.0,43
100,models_9x9\best.pt,models_9x9_heads\best.pt,models_9x9_heads\best.pt,models_9x9\best.pt,p1_win,0.0,45
101,models_9x9\best.pt,models_9x9_heads\best.pt,models_9x9_heads\best.pt,models_9x9\best.pt,p1_win,0.0,47
102,models_9x9\best.pt,models_9x9_heads\best.pt,models_9x9\best.pt,models_9x9_heads\best.pt,p2_win,0.0,52
103,models_9x9\best.pt,models_9x9_heads\best.pt,models_9x9\best.pt,models_9x9_heads\best.pt,p2_win,0.0,46
104,models_9x9\best.pt,models_9x9_heads\best.pt,models_9x9\best.pt,models_9x9_heads\best.pt,p1_win,1.0,49
105,models_9x9\best.pt,models_9x9_heads\best.pt,models_9x9\best.pt,models_9x9_heads\best.pt,p2_win,0.0,58
106,models_9x9\best.pt,models_9x9_heads\best.pt,models_9x9_heads\best.pt,models_9x9\best.pt,p2_win,1.0,54
107,models_9x9\best.pt,models_9x9_heads\best.pt,models_9x9\best.pt,models_9x9_heads\best.pt,p2_win,0.0,44
108,models_9x9\best.pt,models_9x9_heads\best.pt,models_9x9\best.pt,models_9x9_heads\best.pt,p2_win,0.0,42
109,models_9x9\best.pt,models_9x9_heads\best.pt,models_9x9_heads\best.pt,models_9x9\best.pt,p2_win,1.0,54
110,models_9x9\best.pt,models_9x9_heads\best.pt,models_9x9_heads\best.pt,models_9x9\best.pt,p1_win,0.0,49
111,models_9x9\best.pt,models_9x9_heads\best.pt,models_9x9\best.pt,models_9x9_heads\best.pt,p2_win,0.0,50
112,models_9x9\best.pt,models_9x9_heads\best.pt,models_9x9_heads\best.pt,models_9x9\best.pt,p2_win,1.0,68
113,models_9x9\best.pt,models_9x9_heads\best.pt,models_9x9\best.pt,models_9x9_heads\best.pt,p2_win,0.0,56
114,models_9x9\best.pt,models_9x9_heads\best.pt,models_9x9_heads\best.pt,models_9x9\best.pt,p1_win,0.0,47
115,models_9x9\best.pt,models_9x9_heads\best.pt,models_9x9_heads\best.pt,models_9x9\best.pt,p1_win,0.0,45
116,models_9x9\best.pt,models_9x9_heads\best.pt,models_9x9_heads\best.pt,models_9x9\best.pt,p2_win,1.0,48
117,models_9x9\best.pt,models_9x9_heads\best.pt,models_9x9\best.pt,models_9x9_heads\best.pt,p1_win,1.0,45
118,models_9x9\best.pt,models_9x9_heads\best.pt,models_9x9_heads\best.pt,models_9x9\best.pt,p2_win,1.0,48
119,models_9x9\best.pt,models_9x9_heads\best.pt,models_9x9_heads\best.pt,models_9x9\best.pt,p1_win,0.0,45
120,models_9x9\best.pt,models_9x9_heads\best.pt,models_9x9\best.pt,models_9x9_heads\best.pt,p1_win,1.0,57
121,models_9x9\best.pt,models_9x9_heads\best.pt,models_9x9_heads\best.pt,models_9x9\best.pt,p1_win,0.0,45
122,models_9x9\best.pt,models_9x9_heads\best.pt,models_9x9\best.pt,models_9x9_heads\best.pt,p1_win,1.0,49
123,models_9x9\best.pt,models_9x9_heads\best.pt,models_9x9\best.pt,models_9x9_heads\best.pt,p1_win,1.0,43
124,models_9x9\best.pt,models_9x9_heads\best.pt,models_9x9\best.pt,models_9x9_heads\best.pt,p2_win,0.0,52
125,models_9x9\best.pt,models_9x9_heads\best.pt,models_9x9\best.pt,models_9x9_heads\best.pt,p2_win,0.0,48
126,models_9x9\best.pt,models_9x9_heads\best.pt,models_9x9_heads\best.pt,models_9x9\best.pt,p1_win,0.0,49
127,models_9x9\best.pt,models_9x9_heads\best.pt,models_9x9_heads\best.pt,models_9x9\best.pt,p1_win,0.0,51
128,models_9x9\best.pt,models_9x9_heads\best.pt,models_9x9\best.pt,models_9x9_heads\best.pt,p2_win,0.0,50
129,models_9x9\best.pt,models_9x9_heads\best.pt,models_9x9_heads\best.pt,models_9x9\best.pt,p1_win,0.0,51
130,models_9x9\best.pt,models_9x9_heads\best.pt,models_9x9_heads\best.pt,models_9x9\best.pt,p1_win,0.0,53
131,models_9x9\best.pt,models_9x9_heads\best.pt,models_9x9_heads\best.pt,models_9x9\best.pt,p1_win,0.0,45
132,models_9x9\best.pt,models_9x9_heads\best.pt,models_9x9_heads\best.pt,models_9x9\best.pt,p1_win,0.0,61
133,models_9x9\best.pt,models_9x9_heads\best.pt,models_9x9\best.pt,models_9x9_heads\best.pt,p1_win,1.0,51
134,models_9x9\best.pt,models_9x9_heads\best.pt,models_9x9\best.pt,models_9x9_heads\best.pt,p2_win,0.0,50
135,models_9x9\best.pt,models_9x9_heads\best.pt,models_9x9_heads\best.pt,models_9x9\best.pt,p1_win,0.0,47
136,models_9x9\best.pt,models_9x9_heads\best.pt,models_9x9_heads\best.pt,models_9x9\best.pt,p1_win,0.0,47
137,models_9x9\best.pt,models_9x9_heads\best.pt,models_9x9_heads\best.pt,models_9x9\best.pt,p2_win,1.0,52
138,models_9x9\best.pt,models_9x9_heads\best.pt,models_9x9_heads\best.pt,models_9x9\best.pt,p1_win,0.0,55
139,models_9x9\best.pt,models_9x9_heads\best.pt,models_9x9_heads\best.pt,models_9x9\best.pt,p1_win,0.0,55
140,models_9x9\best.pt,models_9x9_heads\best.pt,models_9x9\best.pt,models_9x9_heads\best.pt,p1_win,1.0,49
141,models_9x9\best.pt,models_9x9_heads\best.pt,models_9x9_heads\best.pt,models_9x9\best.pt,p1_win,0.0,47
142,models_9x9\best.pt,models_9x9_heads\best.pt,models_9x9\best.pt,models_9x9_heads\best.pt,p1_win,1.0,49
143,models_9x9\best.pt,models_9x9_heads\best.pt,models_9x9\best.pt,models_9x9_heads\best.pt,p1_win,1.0,49
144,models_9x9\best.pt,models_9x9_heads\best.pt,models_9x9\best.pt,models_9x9_heads\best.pt,p2_win,0.0,46
145,models_9x9\best.pt,models_9x9_heads\best.pt,models_9x9\best.pt,models_9x9_heads\best.pt,p1_win,1.0,49
146,models_9x9\best.pt,models_9x9_heads\best.pt,models_9x9_heads\best.pt,models_9x9\best.pt,p1_win,0.0,47
147,models_9x9\best.pt,models_9x9_heads\best.pt,models_9x9_heads\best.pt,models_9x9\best.pt,p1_win,0.0,47
148,models_9x9\best.pt,models_9x9_heads\best.pt,models_9x9\best.pt,models_9x9_heads\best.pt,p2_win,0.0,60
149,models_9x9\best.pt,models_9x9_heads\best.pt,models_9x9_heads\best.pt,models_9x9\best.pt,p1_win,0.0,47
150,models_9x9\best.pt,models_9x9_heads\best.pt,models_9x9\best.pt,models_9x9_heads\best.pt,p1_win,1.0,47
151,models_9x9\best.pt,models_9x9_heads\best.pt,models_9x9\best.pt,models_9x9_heads\best.pt,p2_win,0.0,52
152,models_9x9\best.pt,models_9x9_heads\best.pt,models_9x9_heads\best.pt,models_9x9\best.pt,p2_win,1.0,52
153,models_9x9\best.pt,models_9x9_heads\best.pt,models_9x9\best.pt,models_9x9_heads\best.pt,p2_win,0.0,50
154,models_9x9\best.pt,models_9x9_heads\best.pt,models_9x9\best.pt,models_9x9_heads\best.pt,p1_win,1.0,55
155,models_9x9\best.pt,models_9x9_heads\best.pt,models_9x9\best.pt,models_9x9_heads\best.pt,p1_win,1.0,49
156,models_9x9\best.pt,models_9x9_heads\best.pt,models_9x9_heads\best.pt,models_9x9\best.pt,p2_win,1.0,46
157,models_9x9\best.pt,models_9x9_heads\best.pt,models_9x9\best.pt,models_9x9_heads\best.pt,p2_win,0.0,48
158,models_9x9\best.pt,models_9x9_heads\best.pt,models_9x9\best.pt,models_9x9_heads\best.pt,p1_win,1.0,49
159,models_9x9\best.pt,models_9x9_heads\best.pt,models_9x9_heads\best.pt,models_9x9\best.pt,p1_win,0.0,49
160,models_9x9\best.pt,models_9x9_heads\best.pt,models_9x9\best.pt,models_9x9_heads\best.pt,p2_win,0.0,48
161,models_9x9\best.pt,models_9x9_heads\best.pt,models_9x9_heads\best.pt,models_9x9\best.pt,p1_win,0.0,47
162,models_9x9\best.pt,models_9x9_heads\best.pt,models_9x9_heads\best.pt,models_9x9\best.pt,p1_win,0.0,45
163,models_9x9\best.pt,models_9x9_heads\best.pt,models_9x9\best.pt,models_9x9_heads\best.pt,p1_win,1.0,53
164,models_9x9\best.pt,models_9x9_heads\best.pt,models_9x9\best.pt,models_9x9_heads\best.pt,p2_win,0.0,58
165,models_9x9\best.pt,models_9x9_heads\best.pt,models_9x9\best.pt,models_9x9_heads\best.pt,p2_win,0.0,48
166,models_9x9\best.pt,models_9x9_heads\best.pt,models_9x9_heads\best.pt,models_9x9\best.pt,p1_win,0.0,55
167,models_9x9\best.pt,models_9x9_heads\best.pt,models_9x9\best.pt,models_9x9_heads\best.pt,p1_win,1.0,55
168,models_9x9\best.pt,models_9x9_heads\best.pt,models_9x9\best.pt,models_9x9_heads\best.pt,p1_win,1.0,59
169,models_9x9\best.pt,models_9x9_heads\best.pt,models_9x9_heads\best.pt,models_9x9\best.pt,p1_win,0.0,55
170,models_9x9\best.pt,models_9x9_heads\best.pt,models_9x9_heads\best.pt,models_9x9\best.pt,p1_win,0.0,47
171,models_9x9\best.pt,models_9x9_heads\best.pt,models_9x9_heads\best.pt,models_9x9\best.pt,p1_win,0.0,49
172,models_9x9\best.pt,models_9x9_heads\best.pt,models_9x9\best.pt,models_9x9_heads\best.pt,p1_win,1.0,53
173,models_9x9\best.pt,models_9x9_heads\best.pt,models_9x9\best.pt,models_9x9_heads\best.pt,p1_win,1.0,51
174,models_9x9\best.pt,models_9x9_heads\best.pt,models_9x9\best.pt,models_9x9_heads\best.pt,p1_win,1.0,53
175,models_9x9\best.pt,models_9x9_heads\best.pt,models_9x9\best.pt,models_9x9_heads\best.pt,p2_win,0.0,52
176,models_9x9\best.pt,models_9x9_heads\best.pt,models_9x9\best.pt,models_9x9_heads\best.pt,p2_win,0.0,54
177,models_9x9\best.pt,models_9x9_heads\best.pt,models_9x9_heads\best.pt,models_9x9\best.pt,p1_win,0.0,59
178,models_9x9\best.pt,models_9x9_heads\best.pt,models_9x9_heads\best.pt,models_9x9\best.pt,p1_win,0.0,49
179,models_9x9\best.pt,models_9x9_heads\best.pt,models_9x9_heads\best.pt,models_9x9\best.pt,p1_win,0.0,55
180,models_9x9\best.pt,models_9x9_heads\best.pt,models_9x9_heads\best.pt,models_9x9\best.pt,p1_win,0.0,55
181,models_9x9\best.pt,models_9x9_heads\best.pt,models_9x9\best.pt,models_9x9_heads\best.pt,p1_win,1.0,55
182,models_9x9\best.pt,models_9x9_heads\best.pt,models_9x9_heads\best.pt,models_9x9\best.pt,p1_win,0.0,51
183,models_9x9\best.pt,models_9x9_heads\best.pt,models_9x9_heads\best.pt,models_9x9\best.pt,p1_win,0.0,51
184,models_9x9\best.pt,models_9x9_heads\best.pt,models_9x9\best.pt,models_9x9_heads\best.pt,p1_win,1.0,53
185,models_9x9\best.pt,models_9x9_heads\best.pt,models_9x9_heads\best.pt,models_9x9\best.pt,p1_win,0.0,47
186,models_9x9\best.pt,models_9x9_heads\best.pt,models_9x9_heads\best.pt,models_9x9\best.pt,p1_win,0.0,53
187,models_9x9\best.pt,models_9x9_heads\best.pt,models_9x9_heads\best.pt,models_9x9\best.pt,p2_win,1.0,54
188,models_9x9\best.pt,models_9x9_heads\best.pt,models_9x9_heads\best.pt,models_9x9\best.pt,p1_win,0.0,47
189,models_9x9\best.pt,models_9x9_heads\best.pt,models_9x9_heads\best.pt,models_9x9\best.pt,p2_win,1.0,50
190,models_9x9\best.pt,models_9x9_heads\best.pt,models_9x9\best.pt,models_9x9_heads\best.pt,p2_win,0.0,50
191,models_9x9\best.pt,models_9x9_heads\best.pt,models_9x9_heads\best.pt,models_9x9\best.pt,p1_win,0.0,55
192,models_9x9\best.pt,models_9x9_heads\best.pt,models_9x9_heads\best.pt,models_9x9\best.pt,p1_win,0.0,57
193,models_9x9\best.pt,models_9x9_heads\best.pt,models_9x9_heads\best.pt,models_9x9\best.pt,p1_win,0.0,53
194,models_9x9\best.pt,models_9x9_heads\best.pt,models_9x9\best.pt,models_9x9_heads\best.pt,p2_win,0.0,56
195,models_9x9\best.pt,models_9x9_heads\best.pt,models_9x9_heads\best.pt,models_9x9\best.pt,p2_win,1.0,50
196,models_9x9\best.pt,models_9x9_heads\best.pt,models_9x9\best.pt,models_9x9_heads\best.pt,p1_win,1.0,61
197,models_9x9\best.pt,models_9x9_heads\best.pt,models_9x9\best.pt,models_9x9_heads\best.pt,p1_win,1.0,55
198,models_9x9\best.pt,models_9x9_heads\best.pt,models_9x9_heads\best.pt,models_9x9\best.pt,p2_win,1.0,58
199,models_9x9\best.pt,models_9x9_heads\best.pt,models_9x9_heads\best.pt,models_9x9\best.pt,p2_win,1.0,48
200,models_9x9\best.pt,models_9x9_heads\best.pt,models_9x9_heads\best.pt,models_9x9\best.pt,p2_win,1.0,48
201,models_9x9\best.pt,models_9x9_heads\best.pt,models_9x9_heads\best.pt,models_9x9\best.pt,p2_win,1.0,48
202,models_9x9\best.pt,models_9x9_heads\best.pt,models_9x9\best.pt,models_9x9_heads\best.pt,p2_win,0.0,56
203,models_9x9\best.pt,models_9x9_heads\best.pt,models_9x9\best.pt,models_9x9_heads\best.pt,p2_win,0.0,50
204,models_9x9\best.pt,models_9x9_heads\best.pt,models_9x9_heads\best.pt,models_9x9\best.pt,p2_win,1.0,58
205,models_9x9\best.pt,models_9x9_heads\best.pt,models_9x9_heads\best.pt,models_9x9\best.pt,p1_win,0.0,51
206,models_9x9\best.pt,models_9x9_heads\best.pt,models_9x9\best.pt,models_9x9_heads\best.pt,p1_win,1.0,49
207,models_9x9\best.pt,models_9x9_heads\best.pt,models_9x9_heads\best.pt,models_9x9\best.pt,p1_win,0.0,49
208,models_9x9\best.pt,models_9x9_heads\best.pt,models_9x9_heads\best.pt,models_9x9\best.pt,p1_win,0.0,51
209,models_9x9\best.pt,models_9x9_heads\best.pt,models_9x9\best.pt,models_9x9_heads\best.pt,p1_win,1.0,47
210,models_9x9\best.pt,models_9x9_heads\best.pt,models_9x9\best.pt,models_9x9_heads\best.pt,p1_win,1.0,57
211,models_9x9\best.pt,models_9x9_heads\best.pt,models_9x9_heads\best.pt,models_9x9\best.pt,p1_win,0.0,49
212,models_9x9\best.pt,models_9x9_heads\best.pt,models_9x9\best.pt,models_9x9_heads\best.pt,p2_win,0.0,64
213,models_9x9\best.pt,models_9x9_heads\best.pt,models_9x9\best.pt,models_9x9_heads\best.pt,p2_win,0.0,54
214,models_9x9\best.pt,models_9x9_heads\best.pt,models_9x9\best.pt,models_9x9_heads\best.pt,p2_win,0.0,58
215,models_9x9\best.pt,models_9x9_heads\best.pt,models_9x9\best.pt,models_9x9_heads\best.pt,p2_win,0.0,60
216,models_9x9\best.pt,models_9x9_heads\best.pt,models_9x9\best.pt,models_9x9_heads\best.pt,p2_win,0.0,60
217,models_9x9\best.pt,models_9x9_heads\best.pt,models_9x9_heads\best.pt,models_9x9\best.pt,p1_win,0.0,63
218,models_9x9\best.pt,models_9x9_heads\best.pt,models_9x9_heads\best.pt,models_9x9\best.pt,p1_win,0.0,51
219,models_9x9\best.pt,models_9x9_heads\best.pt,models_9x9_heads\best.pt,models_9x9\best.pt,p1_win,0.0,49
220,models_9x9\best.pt,models_9x9_heads\best.pt,models_9x9_heads\best.pt,models_9x9\best.pt,p2_win,1.0,56
221,models_9x9\best.pt,models_9x9_heads\best.pt,models_9x9\best.pt,models_9x9_heads\best.pt,p1_win,1.0,55
222,models_9x9\best.pt,models_9x9_heads\best.pt,models_9x9_heads\best.pt,models_9x9\best.pt,p1_win,0.0,57
223,models_9x9\best.pt,models_9x9_heads\best.pt,models_9x9\best.pt,models_9x9_heads\best.pt,p2_win,0.0,56
224,models_9x9\best.pt,models_9x9_heads\best.pt,models_9x9_heads\best.pt,models_9x9\best.pt,p1_win,0.0,51
225,models_9x9\best.pt,models_9x9_heads\best.pt,models_9x9_heads\best.pt,models_9x9\best.pt,p1_win,0.0,55
226,models_9x9\best.pt,models_9x9_heads\best.pt,models_9x9_heads\best.pt,models_9x9\best.pt,p1_win,0.0,59
227,models_9x9\best.pt,models_9x9_heads\best.pt,models_9x9\best.pt,models_9x9_heads\best.pt,p1_win,1.0,59
228,models_9x9\best.pt,models_9x9_heads\best.pt,models_9x9_heads\best.pt,models_9x9\best.pt,p1_win,0.0,55
229,models_9x9\best.pt,models_9x9_heads\best.pt,models_9x9_heads\best.pt,models_9x9\best.pt,p1_win,0.0,55
230,models_9x9\best.pt,models_9x9_heads\best.pt,models_9x9\best.pt,models_9x9_heads\best.pt,p1_win,1.0,55
231,models_9x9\best.pt,models_9x9_heads\best.pt,models_9x9_heads\best.pt,models_9x9\best.pt,p2_win,1.0,56
232,models_9x9\best.pt,models_9x9_heads\best.pt,models_9x9_heads\best.pt,models_9x9\best.pt,p1_win,0.0,53
233,models_9x9\best.pt,models_9x9_heads\best.pt,models_9x9\best.pt,models_9x9_heads\best.pt,p1_win,1.0,55
234,models_9x9\best.pt,models_9x9_heads\best.pt,models_9x9_heads\best.pt,models_9x9\best.pt,p2_win,1.0,54
235,models_9x9\best.pt,models_9x9_heads\best.pt,models_9x9_heads\best.pt,models_9x9\best.pt,p1_win,0.0,59
236,models_9x9\best.pt,models_9x9_heads\best.pt,models_9x9_heads\best.pt,models_9x9\best.pt,p1_win,0.0,59
237,models_9x9\best.pt,models_9x9_heads\best.pt,models_9x9_heads\best.pt,models_9x9\best.pt,p2_win,1.0,50
238,models_9x9\best.pt,models_9x9_heads\best.pt,models_9x9\best.pt,models_9x9_heads\best.pt,p1_win,1.0,53
239,models_9x9\best.pt,models_9x9_heads\best.pt,models_9x9\best.pt,models_9x9_heads\best.pt,p1_win,1.0,51
240,models_9x9\best.pt,models_9x9_heads\best.pt,models_9x9\best.pt,models_9x9_heads\best.pt,p2_win,0.0,54
241,models_9x9\best.pt,models_9x9_heads\best.pt,models_9x9_heads\best.pt,models_9x9\best.pt,p1_win,0.0,55
242,models_9x9\best.pt,models_9x9_heads\best.pt,models_9x9\best.pt,models_9x9_heads\best.pt,p1_win,1.0,55
243,models_9x9\best.pt,models_9x9_heads\best.pt,models_9x9_heads\best.pt,models_9x9\best.pt,p2_win,1.0,62
244,models_9x9\best.pt,models_9x9_heads\best.pt,models_9x9_heads\best.pt,models_9x9\best.pt,p2_win,1.0,62
245,models_9x9\best.pt,models_9x9_heads\best.pt,models_9x9\best.pt,models_9x9_heads\best.pt,p2_win,0.0,52
246,models_9x9\best.pt,models_9x9_heads\best.pt,models_9x9\best.pt,models_9x9_heads\best.pt,p2_win,0.0,68
247,models_9x9\best.pt,models_9x9_heads\best.pt,models_9x9_heads\best.pt,models_9x9\best.pt,p1_win,0.0,67
248,models_9x9\best.pt,models_9x9_heads\best.pt,models_9x9_heads\best.pt,models_9x9\best.pt,p1_win,0.0,51
249,models_9x9\best.pt,models_9x9_heads\best.pt,models_9x9_heads\best.pt,models_9x9\best.pt,p1_win,0.0,63
250,models_9x9\best.pt,models_9x9_heads\best.pt,models_9x9_heads\best.pt,models_9x9\best.pt,p1_win,0.0,55
251,models_9x9\best.pt,models_9x9_heads\best.pt,models_9x9_heads\best.pt,models_9x9\best.pt,p2_win,1.0,54
252,models_9x9\best.pt,models_9x9_heads\best.pt,models_9x9\best.pt,models_9x9_heads\best.pt,p2_win,0.0,64
253,models_9x9\best.pt,models_9x9_heads\best.pt,models_9x9\best.pt,models_9x9_heads\best.pt,p2_win,0.0,52
254,models_9x9\best.pt,models_9x9_heads\best.pt,models_9x9_heads\best.pt,models_9x9\best.pt,p1_win,0.0,51
255,models_9x9\best.pt,models_9x9_heads\best.pt,models_9x9\best.pt,models_9x9_heads\best.pt,p1_win,1.0,51
256,models_9x9\best.pt,models_9x9_heads\best.pt,models_9x9\best.pt,models_9x9_heads\best.pt,p2_win,0.0,54
257,models_9x9\best.pt,models_9x9_heads\best.pt,models_9x9_heads\best.pt,models_9x9\best.pt,p1_win,0.0,55
258,models_9x9\best.pt,models_9x9_heads\best.pt,models_9x9\best.pt,models_9x9_heads\best.pt,p1_win,1.0,61
259,models_9x9\best.pt,models_9x9_heads\best.pt,models_9x9\best.pt,models_9x9_heads\best.pt,p2_win,0.0,64
260,models_9x9\best.pt,models_9x9_heads\best.pt,models_9x9\best.pt,models_9x9_heads\best.pt,draw,0.5,57
261,models_9x9\best.pt,models_9x9_heads\best.pt,models_9x9_heads\best.pt,models_9x9\best.pt,p1_win,0.0,51
262,models_9x9\best.pt,models_9x9_heads\best.pt,models_9x9_heads\best.pt,models_9x9\best.pt,p2_win,1.0,52
263,models_9x9\best.pt,models_9x9_heads\best.pt,models_9x9_heads\best.pt,models_9x9\best.pt,p1_win,0.0,55
264,models_9x9\best.pt,models_9x9_heads\best.pt,models_9x9_heads\best.pt,models_9x9\best.pt,p1_win,0.0,51
265,models_9x9\best.pt,models_9x9_heads\best.pt,models_9x9\best.pt,models_9x9_heads\best.pt,p1_win,1.0,61
266,models_9x9\best.pt,models_9x9_heads\best.pt,models_9x9\best.pt,models_9x9_heads\best.pt,p1_win,1.0,59
267,models_9x9\best.pt,models_9x9_heads\best.pt,models_9x9\best.pt,models_9x9_heads\best.pt,p2_win,0.0,54
268,models_9x9\best.pt,models_9x9_heads\best.pt,models_9x9_heads\best.pt,models_9x9\best.pt,p1_win,0.0,61
269,models_9x9\best.pt,models_9x9_heads\best.pt,models_9x9\best.pt,models_9x9_heads\best.pt,p1_win,1.0,57
270,models_9x9\best.pt,models_9x9_heads\best.pt,models_9x9_heads\best.pt,models_9x9\best.pt,p1_win,0.0,51
271,models_9x9\best.pt,models_9x9_heads\best.pt,models_9x9\best.pt,models_9x9_heads\best.pt,p2_win,0.0,66
272,models_9x9\best.pt,models_9x9_heads\best.pt,models_9x9\best.pt,models_9x9_heads\best.pt,p2_win,0.0,52
273,models_9x9\best.pt,models_9x9_heads\best.pt,models_9x9\best.pt,models_9x9_heads\best.pt,p2_win,0.0,58
274,models_9x9\best.pt,models_9x9_heads\best.pt,models_9x9_heads\best.pt,models_9x9\best.pt,p1_win,0.0,55
275,models_9x9\best.pt,models_9x9_heads\best.pt,models_9x9_heads\best.pt,models_9x9\best.pt,p1_win,0.0,55
276,models_9x9\best.pt,models_9x9_heads\best.pt,models_9x9_heads\best.pt,models_9x9\best.pt,p2_win,1.0,56
277,models_9x9\best.pt,models_9x9_heads\best.pt,models_9x9_heads\best.pt,models_9x9\best.pt,p1_win,0.0,51
278,models_9x9\best.pt,models_9x9_heads\best.pt,models_9x9\best.pt,models_9x9_heads\best.pt,p2_win,0.0,54
279,models_9x9\best.pt,models_9x9_heads\best.pt,models_9x9\best.pt,models_9x9_heads\best.pt,p2_win,0.0,50
280,models_9x9\best.pt,models_9x9_heads\best.pt,models_9x9\best.pt,models_9x9_heads\best.pt,p2_win,0.0,64
281,models_9x9\best.pt,models_9x9_heads\best.pt,models_9x9_heads\best.pt,models_9x9\best.pt,p1_win,0.0,53
282,models_9x9\best.pt,models_9x9_heads\best.pt,models_9x9_heads\best.pt,models_9x9\best.pt,p2_win,1.0,56
283,models_9x9\best.pt,models_9x9_heads\best.pt,models_9x9_heads\best.pt,models_9x9\best.pt,p1_win,0.0,63
284,models_9x9\best.pt,models_9x9_heads\best.pt,models_9x9\best.pt,models_9x9_heads\best.pt,p2_win,0.0,64
285,models_9x9\best.pt,models_9x9_heads\best.pt,models_9x9_heads\best.pt,models_9x9\best.pt,p2_win,1.0,56
286,models_9x9\best.pt,models_9x9_heads\best.pt,models_9x9\best.pt,models_9x9_heads\best.pt,p1_win,1.0,61
287,models_9x9\best.pt,models_9x9_heads\best.pt,models_9x9\best.pt,models_9x9_heads\best.pt,p1_win,1.0,53
288,models_9x9\best.pt,models_9x9_heads\best.pt,models_9x9\best.pt,models_9x9_heads\best.pt,p1_win,1.0,51
289,models_9x9\best.pt,models_9x9_heads\best.pt,models_9x9_heads\best.pt,models_9x9\best.pt,p2_win,1.0,60
290,models_9x9\best.pt,models_9x9_heads\best.pt,models_9x9_heads\best.pt,models_9x9\best.pt,p1_win,0.0,53
291,models_9x9\best.pt,models_9x9_heads\best.pt,models_9x9\best.pt,models_9x9_heads\best.pt,p2_win,0.0,56
292,models_9x9\best.pt,models_9x9_heads\best.pt,models_9x9_heads\best.pt,models_9x9\best.pt,p1_win,0.0,59
293,models_9x9\best.pt,models_9x9_heads\best.pt,models_9x9\best.pt,models_9x9_heads\best.pt,p1_win,1.0,59
294,models_9x9\best.pt,models_9x9_heads\best.pt,models_9x9\best.pt,models_9x9_heads\best.pt,p2_win,0.0,58
295,models_9x9\best.pt,models_9x9_heads\best.pt,models_9x9_heads\best.pt,models_9x9\best.pt,p1_win,0.0,57
296,models_9x9\best.pt,models_9x9_heads\best.pt,models_9x9_heads\best.pt,models_9x9\best.pt,p2_win,1.0,60
297,models_9x9\best.pt,models_9x9_heads\best.pt,models_9x9_heads\best.pt,models_9x9\best.pt,p1_win,0.0,55
298,models_9x9\best.pt,models_9x9_heads\best.pt,models_9x9\best.pt,models_9x9_heads\best.pt,p2_win,0.0,54
299,models_9x9\best.pt,models_9x9_heads\best.pt,models_9x9_heads\best.pt,models_9x9\best.pt,p1_win,0.0,55
300,models_9x9\best.pt,models_9x9_heads\best.pt,models_9x9_heads\best.pt,models_9x9\best.pt,p2_win,1.0,56
301,models_9x9\best.pt,models_9x9_heads\best.pt,models_9x9\best.pt,models_9x9_heads\best.pt,p2_win,0.0,58
302,models_9x9\best.pt,models_9x9_heads\best.pt,models_9x9_heads\best.pt,models_9x9\best.pt,p1_win,0.0,57
303,models_9x9\best.pt,models_9x9_heads\best.pt,models_9x9_heads\best.pt,models_9x9\best.pt,p1_win,0.0,67
304,models_9x9\best.pt,models_9x9_heads\best.pt,models_9x9_heads\best.pt,models_9x9\best.pt,p2_win,1.0,66
305,models_9x9\best.pt,models_9x9_heads\best.pt,models_9x9_heads\best.pt,models_9x9\best.pt,p2_win,1.0,56
306,models_9x9\best.pt,models_9x9_heads\best.pt,models_9x9_heads\best.pt,models_9x9\best.pt,p1_win,0.0,55
307,models_9x9\best.pt,models_9x9_heads\best.pt,models_9x9\best.pt,models_9x9_heads\best.pt,p2_win,0.0,64
308,models_9x9\best.pt,models_9x9_heads\best.pt,models_9x9\best.pt,models_9x9_heads\best.pt,p1_win,1.0,65
309,models_9x9\best.pt,models_9x9_heads\best.pt,models_9x9_heads\best.pt,models_9x9\best.pt,p2_win,1.0,64
310,models_9x9\best.pt,models_9x9_heads\best.pt,models_9x9\best.pt,models_9x9_heads\best.pt,p1_win,1.0,55
311,models_9x9\best.pt,models_9x9_heads\best.pt,models_9x9\best.pt,models_9x9_heads\best.pt,p2_win,0.0,60
312,models_9x9\best.pt,models_9x9_heads\best.pt,models_9x9_heads\best.pt,models_9x9\best.pt,p1_win,0.0,57
313,models_9x9\best.pt,models_9x9_heads\best.pt,models_9x9\best.pt,models_9x9_heads\best.pt,p1_win,1.0,61
314,models_9x9\best.pt,models_9x9_heads\best.pt,models_9x9\best.pt,models_9x9_heads\best.pt,p1_win,1.0,63
315,models_9x9\best.pt,models_9x9_heads\best.pt,models_9x9_heads\best.pt,models_9x9\best.pt,p2_win,1.0,58
316,models_9x9\best.pt,models_9x9_heads\best.pt,models_9x9_heads\best.pt,models_9x9\best.pt,p1_win,0.0,59
317,models_9x9\best.pt,models_9x9_heads\best.pt,models_9x9_heads\best.pt,models_9x9\best.pt,p1_win,0.0,55
318,models_9x9\best.pt,models_9x9_heads\best.pt,models_9x9_heads\best.pt,models_9x9\best.pt,p1_win,0.0,55
319,models_9x9\best.pt,models_9x9_heads\best.pt,models_9x9_heads\best.pt,models_9x9\best.pt,p1_win,0.0,59
320,models_9x9\best.pt,models_9x9_heads\best.pt,models_9x9_heads\best.pt,models_9x9\best.pt,p1_win,0.0,55
321,models_9x9\best.pt,models_9x9_heads\best.pt,models_9x9_heads\best.pt,models_9x9\best.pt,p1_win,0.0,67
322,models_9x9\best.pt,models_9x9_heads\best.pt,models_9x9_heads\best.pt,models_9x9\best.pt,draw,0.5,60
323,models_9x9\best.pt,models_9x9_heads\best.pt,models_9x9_heads\best.pt,models_9x9\best.pt,p1_win,0.0,59
324,models_9x9\best.pt,models_9x9_heads\best.pt,models_9x9\best.pt,models_9x9_heads\best.pt,p2_win,0.0,54
325,models_9x9\best.pt,models_9x9_heads\best.pt,models_9x9\best.pt,models_9x9_heads\best.pt,p2_win,0.0,52
326,models_9x9\best.pt,models_9x9_heads\best.pt,models_9x9\best.pt,models_9x9_heads\best.pt,p2_win,0.0,60
327,models_9x9\best.pt,models_9x9_heads\best.pt,models_9x9\best.pt,models_9x9_heads\best.pt,p2_win,0.0,58
328,models_9x9\best.pt,models_9x9_heads\best.pt,models_9x9\best.pt,models_9x9_heads\best.pt,p2_win,0.0,60
329,models_9x9\best.pt,models_9x9_heads\best.pt,models_9x9\best.pt,models_9x9_heads\best.pt,p1_win,1.0,55
330,models_9x9\best.pt,models_9x9_heads\best.pt,models_9x9_heads\best.pt,models_9x9\best.pt,p2_win,1.0,58
331,models_9x9\best.pt,models_9x9_heads\best.pt,models_9x9_heads\best.pt,models_9x9\best.pt,p1_win,0.0,63
332,models_9x9\best.pt,models_9x9_heads\best.pt,models_9x9\best.pt,models_9x9_heads\best.pt,p1_win,1.0,61
333,models_9x9\best.pt,models_9x9_heads\best.pt,models_9x9\best.pt,models_9x9_heads\best.pt,p2_win,0.0,58
334,models_9x9\best.pt,models_9x9_heads\best.pt,models_9x9_heads\best.pt,models_9x9\best.pt,p1_win,0.0,65
335,models_9x9\best.pt,models_9x9_heads\best.pt,models_9x9\best.pt,models_9x9_heads\best.pt,p1_win,1.0,65
336,models_9x9\best.pt,models_9x9_heads\best.pt,models_9x9\best.pt,models_9x9_heads\best.pt,p2_win,0.0,60
337,models_9x9\best.pt,models_9x9_heads\best.pt,models_9x9_heads\best.pt,models_9x9\best.pt,p1_win,0.0,59
338,models_9x9\best.pt,models_9x9_heads\best.pt,models_9x9\best.pt,models_9x9_heads\best.pt,p2_win,0.0,68
339,models_9x9\best.pt,models_9x9_heads\best.pt,models_9x9\best.pt,models_9x9_heads\best.pt,p1_win,1.0,63
340,models_9x9\best.pt,models_9x9_heads\best.pt,models_9x9\best.pt,models_9x9_heads\best.pt,p2_win,0.0,62
341,models_9x9\best.pt,models_9x9_heads\best.pt,models_9x9_heads\best.pt,models_9x9\best.pt,p1_win,0.0,55
342,models_9x9\best.pt,models_9x9_heads\best.pt,models_9x9_heads\best.pt,models_9x9\best.pt,p1_win,0.0,63
343,models_9x9\best.pt,models_9x9_heads\best.pt,models_9x9_heads\best.pt,models_9x9\best.pt,p2_win,1.0,60
344,models_9x9\best.pt,models_9x9_heads\best.pt,models_9x9_heads\best.pt,models_9x9\best.pt,p2_win,1.0,60
345,models_9x9\best.pt,models_9x9_heads\best.pt,models_9x9\best.pt,models_9x9_heads\best.pt,p2_win,0.0,70
346,models_9x9\best.pt,models_9x9_heads\best.pt,models_9x9\best.pt,models_9x9_heads\best.pt,p2_win,0.0,60
347,models_9x9\best.pt,models_9x9_heads\best.pt,models_9x9\best.pt,models_9x9_heads\best.pt,p1_win,1.0,65
348,models_9x9\best.pt,models_9x9_heads\best.pt,models_9x9\best.pt,models_9x9_heads\best.pt,p2_win,0.0,56
349,models_9x9\best.pt,models_9x9_heads\best.pt,models_9x9_heads\best.pt,models_9x9\best.pt,p2_win,1.0,80
350,models_9x9\best.pt,models_9x9_heads\best.pt,models_9x9_heads\best.pt,models_9x9\best.pt,p2_win,1.0,66
351,models_9x9\best.pt,models_9x9_heads\best.pt,models_9x9\best.pt,models_9x9_heads\best.pt,p2_win,0.0,58
352,models_9x9\best.pt,models_9x9_heads\best.pt,models_9x9\best.pt,models_9x9_heads\best.pt,p1_win,1.0,59
353,models_9x9\best.pt,models_9x9_heads\best.pt,models_9x9\best.pt,models_9x9_heads\best.pt,p2_win,0.0,58
354,models_9x9\best.pt,models_9x9_heads\best.pt,models_9x9_heads\best.pt,models_9x9\best.pt,p1_win,0.0,55
355,models_9x9\best.pt,models_9x9_heads\best.pt,models_9x9_heads\best.pt,models_9x9\best.pt,p2_win,1.0,54
356,models_9x9\best.pt,models_9x9_heads\best.pt,models_9x9_heads\best.pt,models_9x9\best.pt,p2_win,1.0,62
357,models_9x9\best.pt,models_9x9_heads\best.pt,models_9x9\best.pt,models_9x9_heads\best.pt,p2_win,0.0,56
358,models_9x9\best.pt,models_9x9_heads\best.pt,models_9x9\best.pt,models_9x9_heads\best.pt,p2_win,0.0,58
359,models_9x9\best.pt,models_9x9_heads\best.pt,models_9x9_heads\best.pt,models_9x9\best.pt,p2_win,1.0,60
360,models_9x9\best.pt,models_9x9_heads\best.pt,models_9x9\best.pt,models_9x9_heads\best.pt,p2_win,0.0,64
361,models_9x9\best.pt,models_9x9_heads\best.pt,models_9x9_heads\best.pt,models_9x9\best.pt,p1_win,0.0,67
362,models_9x9\best.pt,models_9x9_heads\best.pt,models_9x9\best.pt,models_9x9_heads\best.pt,p2_win,0.0,54
363,models_9x9\best.pt,models_9x9_heads\best.pt,models_9x9\best.pt,models_9x9_heads\best.pt,p2_win,0.0,56
364,models_9x9\best.pt,models_9x9_heads\best.pt,models_9x9_heads\best.pt,models_9x9\best.pt,p1_win,0.0,55
365,models_9x9\best.pt,models_9x9_heads\best.pt,models_9x9_heads\best.pt,models_9x9\best.pt,p1_win,0.0,59
366,models_9x9\best.pt,models_9x9_heads\best.pt,models_9x9\best.pt,models_9x9_heads\best.pt,p2_win,0.0,58
367,models_9x9\best.pt,models_9x9_heads\best.pt,models_9x9_heads\best.pt,models_9x9\best.pt,p1_win,0.0,59
368,models_9x9\best.pt,models_9x9_heads\best.pt,models_9x9\best.pt,models_9x9_heads\best.pt,p2_win,0.0,72
369,models_9x9\best.pt,models_9x9_heads\best.pt,models_9x9\best.pt,models_9x9_heads\best.pt,p2_win,0.0,56
370,models_9x9\best.pt,models_9x9_heads\best.pt,models_9x9\best.pt,models_9x9_heads\best.pt,p2_win,0.0,62
371,models_9x9\best.pt,models_9x9_heads\best.pt,models_9x9_heads\best.pt,models_9x9\best.pt,p2_win,1.0,70
372,models_9x9\best.pt,models_9x9_heads\best.pt,models_9x9\best.pt,models_9x9_heads\best.pt,p1_win,1.0,55
373,models_9x9\best.pt,models_9x9_heads\best.pt,models_9x9\best.pt,models_9x9_heads\best.pt,p1_win,1.0,57
374,models_9x9\best.pt,models_9x9_heads\best.pt,models_9x9\best.pt,models_9x9_heads\best.pt,p2_win,0.0,64
375,models_9x9\best.pt,models_9x9_heads\best.pt,models_9x9_heads\best.pt,models_9x9\best.pt,p1_win,0.0,59
376,models_9x9\best.pt,models_9x9_heads\best.pt,models_9x9_heads\best.pt,models_9x9\best.pt,p1_win,0.0,63
377,models_9x9\best.pt,models_9x9_heads\best.pt,models_9x9\best.pt,models_9x9_heads\best.pt,p2_win,0.0,70
378,models_9x9\best.pt,models_9x9_heads\best.pt,models_9x9\best.pt,models_9x9_heads\best.pt,p2_win,0.0,66
379,models_9x9\best.pt,models_9x9_heads\best.pt,models_9x9_heads\best.pt,models_9x9\best.pt,p1_win,0.0,59
380,models_9x9\best.pt,models_9x9_heads\best.pt,models_9x9\best.pt,models_9x9_heads\best.pt,p1_win,1.0,55
381,models_9x9\best.pt,models_9x9_heads\best.pt,models_9x9\best.pt,models_9x9_heads\best.pt,p2_win,0.0,56
382,models_9x9\best.pt,models_9x9_heads\best.pt,models_9x9_heads\best.pt,models_9x9\best.pt,p1_win,0.0,57
383,models_9x9\best.pt,models_9x9_heads\best.pt,models_9x9\best.pt,models_9x9_heads\best.pt,p2_win,0.0,58
384,models_9x9\best.pt,models_9x9_heads\best.pt,models_9x9_heads\best.pt,models_9x9\best.pt,p2_win,1.0,58
385,models_9x9\best.pt,models_9x9_heads\best.pt,models_9x9_heads\best.pt,models_9x9\best.pt,p2_win,1.0,56
386,models_9x9\best.pt,models_9x9_heads\best.pt,models_9x9_heads\best.pt,models_9x9\best.pt,p2_win,1.0,66
387,models_9x9\best.pt,models_9x9_heads\best.pt,models_9x9_heads\best.pt,models_9x9\best.pt,p1_win,0.0,63
388,models_9x9\best.pt,models_9x9_heads\best.pt,models_9x9_heads\best.pt,models_9x9\best.pt,p1_win,0.0,57
389,models_9x9\best.pt,models_9x9_heads\best.pt,models_9x9\best.pt,models_9x9_heads\best.pt,p2_win,0.0,56
390,models_9x9\best.pt,models_9x9_heads\best.pt,models_9x9_heads\best.pt,models_9x9\best.pt,p2_win,1.0,58
391,models_9x9\best.pt,models_9x9_heads\best.pt,models_9x9_heads\best.pt,models_9x9\best.pt,p1_win,0.0,61
392,models_9x9\best.pt,models_9x9_heads\best.pt,models_9x9\best.pt,models_9x9_heads\best.pt,p2_win,0.0,60
393,models_9x9\best.pt,models_9x9_heads\best.pt,models_9x9_heads\best.pt,models_9x9\best.pt,p2_win,1.0,64
394,models_9x9\best.pt,models_9x9_heads\best.pt,models_9x9\best.pt,models_9x9_heads\best.pt,p1_win,1.0,55
395,models_9x9\best.pt,models_9x9_heads\best.pt,models_9x9_heads\best.pt,models_9x9\best.pt,p1_win,0.0,55
396,models_9x9\best.pt,models_9x9_heads\best.pt,models_9x9\best.pt,models_9x9_heads\best.pt,p1_win,1.0,59
397,models_9x9\best.pt,models_9x9_heads\best.pt,models_9x9\best.pt,models_9x9_heads\best.pt,p1_win,1.0,65
398,models_9x9\best.pt,models_9x9_heads\best.pt,models_9x9\best.pt,models_9x9_heads\best.pt,p1_win,1.0,59
399,models_9x9\best.pt,models_9x9_heads\best.pt,models_9x9_heads\best.pt,models_9x9\best.pt,p2_win,1.0,66
400,models_9x9\best.pt,models_9x9_heads\best.pt,models_9x9_heads\best.pt,models_9x9\best.pt,p1_win,0.0,67
401,models_9x9\best.pt,models_9x9_heads\best.pt,models_9x9\best.pt,models_9x9_heads\best.pt,p2_win,0.0,62
402,models_9x9\best.pt,models_9x9_heads\best.pt,models_9x9\best.pt,models_9x9_heads\best.pt,p2_win,0.0,64
403,models_9x9\best.pt,models_9x9_heads\best.pt,models_9x9\best.pt,models_9x9_heads\best.pt,p2_win,0.0,60
404,models_9x9\best.pt,models_9x9_heads\best.pt,models_9x9\best.pt,models_9x9_heads\best.pt,p2_win,0.0,58
405,models_9x9\best.pt,models_9x9_heads\best.pt,models_9x9\best.pt,models_9x9_heads\best.pt,p2_win,0.0,68
406,models_9x9\best.pt,models_9x9_heads\best.pt,models_9x9\best.pt,models_9x9_heads\best.pt,p2_win,0.0,66
407,models_9x9\best.pt,models_9x9_heads\best.pt,models_9x9_heads\best.pt,models_9x9\best.pt,p1_win,0.0,59
408,models_9x9\best.pt,models_9x9_heads\best.pt,models_9x9\best.pt,models_9x9_heads\best.pt,p2_win,0.0,56
409,models_9x9\best.pt,models_9x9_heads\best.pt,models_9x9_heads\best.pt,models_9x9\best.pt,p1_win,0.0,61
410,models_9x9\best.pt,models_9x9_heads\best.pt,models_9x9\best.pt,models_9x9_heads\best.pt,p1_win,1.0,59
411,models_9x9\best.pt,models_9x9_heads\best.pt,models_9x9_heads\best.pt,models_9x9\best.pt,p1_win,0.0,57
412,models_9x9\best.pt,models_9x9_heads\best.pt,models_9x9_heads\best.pt,models_9x9\best.pt,p2_win,1.0,60
413,models_9x9\best.pt,models_9x9_heads\best.pt,models_9x9\best.pt,models_9x9_heads\best.pt,p2_win,0.0,62
414,models_9x9\best.pt,models_9x9_heads\best.pt,models_9x9_heads\best.pt,models_9x9\best.pt,p2_win,1.0,64
415,models_9x9\best.pt,models_9x9_heads\best.pt,models_9x9\best.pt,models_9x9_heads\best.pt,p2_win,0.0,56
416,models_9x9\best.pt,models_9x9_heads\best.pt,models_9x9\best.pt,models_9x9_heads\best.pt,p2_win,0.0,60
417,models_9x9\best.pt,models_9x9_heads\best.pt,models_9x9\best.pt,models_9x9_heads\best.pt,p2_win,0.0,60
418,models_9x9\best.pt,models_9x9_heads\best.pt,models_9x9_heads\best.pt,models_9x9\best.pt,p2_win,1.0,70
419,models_9x9\best.pt,models_9x9_heads\best.pt,models_9x9\best.pt,models_9x9_heads\best.pt,p1_win,1.0,61
420,models_9x9\best.pt,models_9x9_heads\best.pt,models_9x9_heads\best.pt,models_9x9\best.pt,p1_win,0.0,63
421,models_9x9\best.pt,models_9x9_heads\best.pt,models_9x9_heads\best.pt,models_9x9\best.pt,p1_win,0.0,61
422,models_9x9\best.pt,models_9x9_heads\best.pt,models_9x9_heads\best.pt,models_9x9\best.pt,p1_win,0.0,65
423,models_9x9\best.pt,models_9x9_heads\best.pt,models_9x9\best.pt,models_9x9_heads\best.pt,p2_win,0.0,70
424,models_9x9\best.pt,models_9x9_heads\best.pt,models_9x9\best.pt,models_9x9_heads\best.pt,p1_win,1.0,61
425,models_9x9\best.pt,models_9x9_heads\best.pt,models_9x9\best.pt,models_9x9_heads\best.pt,p2_win,0.0,66
426,models_9x9\best.pt,models_9x9_heads\best.pt,models_9x9_heads\best.pt,models_9x9\best.pt,p2_win,1.0,58
427,models_9x9\best.pt,models_9x9_heads\best.pt,models_9x9\best.pt,models_9x9_heads\best.pt,p2_win,0.0,68
428,models_9x9\best.pt,models_9x9_heads\best.pt,models_9x9_heads\best.pt,models_9x9\best.pt,p2_win,1.0,64
429,models_9x9\best.pt,models_9x9_heads\best.pt,models_9x9\best.pt,models_9x9_heads\best.pt,p1_win,1.0,63
430,models_9x9\best.pt,models_9x9_heads\best.pt,models_9x9\best.pt,models_9x9_heads\best.pt,p1_win,1.0,63
431,models_9x9\best.pt,models_9x9_heads\best.pt,models_9x9\best.pt,models_9x9_heads\best.pt,p2_win,0.0,62
432,models_9x9\best.pt,models_9x9_heads\best.pt,models_9x9_heads\best.pt,models_9x9\best.pt,p2_win,1.0,60
433,models_9x9\best.pt,models_9x9_heads\best.pt,models_9x9\best.pt,models_9x9_heads\best.pt,p1_win,1.0,61
434,models_9x9\best.pt,models_9x9_heads\best.pt,models_9x9\best.pt,models_9x9_heads\best.pt,p2_win,0.0,64
435,models_9x9\best.pt,models_9x9_heads\best.pt,models_9x9\best.pt,models_9x9_heads\best.pt,p2_win,0.0,60
436,models_9x9\best.pt,models_9x9_heads\best.pt,models_9x9_heads\best.pt,models_9x9\best.pt,p2_win,1.0,64
437,models_9x9\best.pt,models_9x9_heads\best.pt,models_9x9_heads\best.pt,models_9x9\best.pt,p1_win,0.0,61
438,models_9x9\best.pt,models_9x9_heads\best.pt,models_9x9\best.pt,models_9x9_heads\best.pt,p2_win,0.0,58
439,models_9x9\best.pt,models_9x9_heads\best.pt,models_9x9_heads\best.pt,models_9x9\best.pt,p1_win,0.0,57
440,models_9x9\best.pt,models_9x9_heads\best.pt,models_9x9\best.pt,models_9x9_heads\best.pt,p2_win,0.0,64
441,models_9x9\best.pt,models_9x9_heads\best.pt,models_9x9\best.pt,models_9x9_heads\best.pt,p2_win,0.0,60
442,models_9x9\best.pt,models_9x9_heads\best.pt,models_9x9_heads\best.pt,models_9x9\best.pt,p1_win,0.0,65
443,models_9x9\best.pt,models_9x9_heads\best.pt,models_9x9\best.pt,models_9x9_heads\best.pt,p2_win,0.0,68
444,models_9x9\best.pt,models_9x9_heads\best.pt,models_9x9\best.pt,models_9x9_heads\best.pt,p1_win,1.0,61
445,models_9x9\best.pt,models_9x9_heads\best.pt,models_9x9\best.pt,models_9x9_heads\best.pt,p2_win,0.0,60
446,models_9x9\best.pt,models_9x9_heads\best.pt,models_9x9_heads\best.pt,models_9x9\best.pt,p1_win,0.0,61
447,models_9x9\best.pt,models_9x9_heads\best.pt,models_9x9\best.pt,models_9x9_heads\best.pt,p2_win,0.0,62
448,models_9x9\best.pt,models_9x9_heads\best.pt,models_9x9_heads\best.pt,models_9x9\best.pt,p1_win,0.0,59
449,models_9x9\best.pt,models_9x9_heads\best.pt,models_9x9\best.pt,models_9x9_heads\best.pt,p1_win,1.0,59
450,models_9x9\best.pt,models_9x9_heads\best.pt,models_9x9\best.pt,models_9x9_heads\best.pt,p1_win,1.0,67
451,models_9x9\best.pt,models_9x9_heads\best.pt,models_9x9_heads\best.pt,models_9x9\best.pt,p1_win,0.0,61
452,models_9x9\best.pt,models_9x9_heads\best.pt,models_9x9\best.pt,models_9x9_heads\best.pt,p2_win,0.0,60
453,models_9x9\best.pt,models_9x9_heads\best.pt,models_9x9_heads\best.pt,models_9x9\best.pt,p1_win,0.0,59
454,models_9x9\best.pt,models_9x9_heads\best.pt,models_9x9\best.pt,models_9x9_heads\best.pt,p2_win,0.0,68
455,models_9x9\best.pt,models_9x9_heads\best.pt,models_9x9_heads\best.pt,models_9x9\best.pt,p1_win,0.0,59
456,models_9x9\best.pt,models_9x9_heads\best.pt,models_9x9\best.pt,models_9x9_heads\best.pt,p1_win,1.0,65
457,models_9x9\best.pt,models_9x9_heads\best.pt,models_9x9\best.pt,models_9x9_heads\best.pt,p2_win,0.0,66
458,models_9x9\best.pt,models_9x9_heads\best.pt,models_9x9_heads\best.pt,models_9x9\best.pt,p1_win,0.0,59
459,models_9x9\best.pt,models_9x9_heads\best.pt,models_9x9\best.pt,models_9x9_heads\best.pt,p1_win,1.0,63
460,models_9x9\best.pt,models_9x9_heads\best.pt,models_9x9\best.pt,models_9x9_heads\best.pt,p1_win,1.0,67
461,models_9x9\best.pt,models_9x9_heads\best.pt,models_9x9_heads\best.pt,models_9x9\best.pt,p1_win,0.0,59
462,models_9x9\best.pt,models_9x9_heads\best.pt,models_9x9\best.pt,models_9x9_heads\best.pt,p1_win,1.0,63
463,models_9x9\best.pt,models_9x9_heads\best.pt,models_9x9\best.pt,models_9x9_heads\best.pt,p1_win,1.0,69
464,models_9x9\best.pt,models_9x9_heads\best.pt,models_9x9\best.pt,models_9x9_heads\best.pt,p2_win,0.0,68
465,models_9x9\best.pt,models_9x9_heads\best.pt,models_9x9\best.pt,models_9x9_heads\best.pt,p1_win,1.0,63
466,models_9x9\best.pt,models_9x9_heads\best.pt,models_9x9\best.pt,models_9x9_heads\best.pt,p2_win,0.0,58
467,models_9x9\best.pt,models_9x9_heads\best.pt,models_9x9_heads\best.pt,models_9x9\best.pt,p2_win,1.0,60
468,models_9x9\best.pt,models_9x9_heads\best.pt,models_9x9_heads\best.pt,models_9x9\best.pt,p1_win,0.0,67
469,models_9x9\best.pt,models_9x9_heads\best.pt,models_9x9_heads\best.pt,models_9x9\best.pt,p1_win,0.0,63
470,models_9x9\best.pt,models_9x9_heads\best.pt,models_9x9\best.pt,models_9x9_heads\best.pt,p2_win,0.0,56
471,models_9x9\best.pt,models_9x9_heads\best.pt,models_9x9_heads\best.pt,models_9x9\best.pt,p2_win,1.0,68
472,models_9x9\best.pt,models_9x9_heads\best.pt,models_9x9\best.pt,models_9x9_heads\best.pt,p1_win,1.0,57
473,models_9x9\best.pt,models_9x9_heads\best.pt,models_9x9\best.pt,models_9x9_heads\best.pt,p1_win,1.0,67
474,models_9x9\best.pt,models_9x9_heads\best.pt,models_9x9_heads\best.pt,models_9x9\best.pt,p1_win,0.0,59
475,models_9x9\best.pt,models_9x9_heads\best.pt,models_9x9\best.pt,models_9x9_heads\best.pt,p2_win,0.0,60
476,models_9x9\best.pt,models_9x9_heads\best.pt,models_9x9_heads\best.pt,models_9x9\best.pt,p1_win,0.0,59
477,models_9x9\best.pt,models_9x9_heads\best.pt,models_9x9\best.pt,models_9x9_heads\best.pt,p1_win,1.0,63
478,models_9x9\best.pt,models_9x9_heads\best.pt,models_9x9\best.pt,models_9x9_heads\best.pt,p2_win,0.0,60
479,models_9x9\best.pt,models_9x9_heads\best.pt,models_9x9_heads\best.pt,models_9x9\best.pt,p1_win,0.0,65
480,models_9x9\best.pt,models_9x9_heads\best.pt,models_9x9_heads\best.pt,models_9x9\best.pt,p2_win,1.0,62
481,models_9x9\best.pt,models_9x9_heads\best.pt,models_9x9\best.pt,models_9x9_heads\best.pt,p2_win,0.0,64
482,models_9x9\best.pt,models_9x9_heads\best.pt,models_9x9\best.pt,models_9x9_heads\best.pt,p1_win,1.0,63
483,models_9x9\best.pt,models_9x9_heads\best.pt,models_9x9\best.pt,models_9x9_heads\best.pt,p2_win,0.0,66
484,models_9x9\best.pt,models_9x9_heads\best.pt,models_9x9\best.pt,models_9x9_heads\best.pt,p2_win,0.0,60
485,models_9x9\best.pt,models_9x9_heads\best.pt,models_9x9\best.pt,models_9x9_heads\best.pt,p1_win,1.0,71
486,models_9x9\best.pt,models_9x9_heads\best.pt,models_9x9_heads\best.pt,models_9x9\best.pt,p1_win,0.0,61
487,models_9x9\best.pt,models_9x9_heads\best.pt,models_9x9\best.pt,models_9x9_heads\best.pt,p2_win,0.0,72
488,models_9x9\best.pt,models_9x9_heads\best.pt,models_9x9\best.pt,models_9x9_heads\best.pt,p2_win,0.0,60
489,models_9x9\best.pt,models_9x9_heads\best.pt,models_9x9\best.pt,models_9x9_heads\best.pt,p2_win,0.0,70
490,models_9x9\best.pt,models_9x9_heads\best.pt,models_9x9_heads\best.pt,models_9x9\best.pt,p1_win,0.0,59
491,models_9x9\best.pt,models_9x9_heads\best.pt,models_9x9\best.pt,models_9x9_heads\best.pt,p2_win,0.0,62
492,models_9x9\best.pt,models_9x9_heads\best.pt,models_9x9_heads\best.pt,models_9x9\best.pt,p2_win,1.0,76
493,models_9x9\best.pt,models_9x9_heads\best.pt,models_9x9\best.pt,models_9x9_heads\best.pt,p2_win,0.0,58
494,models_9x9\best.pt,models_9x9_heads\best.pt,models_9x9\best.pt,models_9x9_heads\best.pt,p1_win,1.0,63
495,models_9x9\best.pt,models_9x9_heads\best.pt,models_9x9_heads\best.pt,models_9x9\best.pt,p1_win,0.0,61
496,models_9x9\best.pt,models_9x9_heads\best.pt,models_9x9_heads\best.pt,models_9x9\best.pt,p1_win,0.0,61
497,models_9x9\best.pt,models_9x9_heads\best.pt,models_9x9\best.pt,models_9x9_heads\best.pt,p2_win,0.0,62
498,models_9x9\best.pt,models_9x9_heads\best.pt,models_9x9_heads\best.pt,models_9x9\best.pt,p1_win,0.0,63
499,models_9x9\best.pt,models_9x9_heads\best.pt,models_9x9_heads\best.pt,models_9x9\best.pt,p2_win,1.0,66
500,models_9x9\best.pt,models_9x9_heads\best.pt,models_9x9\best.pt,models_9x9_heads\best.pt,p1_win,1.0,57
501,models_9x9\best.pt,models_9x9_heads\best.pt,models_9x9\best.pt,models_9x9_heads\best.pt,p1_win,1.0,63
502,models_9x9\best.pt,models_9x9_heads\best.pt,models_9x9_heads\best.pt,models_9x9\best.pt,p1_win,0.0,63
503,models_9x9\best.pt,models_9x9_heads\best.pt,models_9x9_heads\best.pt,models_9x9\best.pt,p1_win,0.0,65
504,models_9x9\best.pt,models_9x9_heads\best.pt,models_9x9\best.pt,models_9x9_heads\best.pt,p2_win,0.0,66
505,models_9x9\best.pt,models_9x9_heads\best.pt,models_9x9_heads\best.pt,models_9x9\best.pt,p1_win,0.0,59
506,models_9x9\best.pt,models_9x9_heads\best.pt,models_9x9_heads\best.pt,models_9x9\best.pt,p1_win,0.0,59
507,models_9x9\best.pt,models_9x9_heads\best.pt,models_9x9_heads\best.pt,models_9x9\best.pt,p1_win,0.0,65
508,models_9x9\best.pt,models_9x9_heads\best.pt,models_9x9\best.pt,models_9x9_heads\best.pt,p1_win,1.0,59
509,models_9x9\best.pt,models_9x9_heads\best.pt,models_9x9_heads\best.pt,models_9x9\best.pt,p1_win,0.0,67
510,models_9x9\best.pt,models_9x9_heads\best.pt,models_9x9\best.pt,models_9x9_heads\best.pt,p1_win,1.0,69
511,models_9x9\best.pt,models_9x9_heads\best.pt,models_9x9_heads\best.pt,models_9x9\best.pt,p2_win,1.0,58
512,models_9x9\best.pt,models_9x9_heads\best.pt,models_9x9\best.pt,models_9x9_heads\best.pt,draw,0.5,58
513,models_9x9\best.pt,models_9x9_heads\best.pt,models_9x9\best.pt,models_9x9_heads\best.pt,p2_win,0.0,64
514,models_9x9\best.pt,models_9x9_heads\best.pt,models_9x9\best.pt,models_9x9_heads\best.pt,p2_win,0.0,60
515,models_9x9\best.pt,models_9x9_heads\best.pt,models_9x9\best.pt,models_9x9_heads\best.pt,p2_win,0.0,72
516,models_9x9\best.pt,models_9x9_heads\best.pt,models_9x9\best.pt,models_9x9_heads\best.pt,p1_win,1.0,71
517,models_9x9\best.pt,models_9x9_heads\best.pt,models_9x9_heads\best.pt,models_9x9\best.pt,p1_win,0.0,67
518,models_9x9\best.pt,models_9x9_heads\best.pt,models_9x9_heads\best.pt,models_9x9\best.pt,p1_win,0.0,67
519,models_9x9\best.pt,models_9x9_heads\best.pt,models_9x9\best.pt,models_9x9_heads\best.pt,p2_win,0.0,66
520,models_9x9\best.pt,models_9x9_heads\best.pt,models_9x9_heads\best.pt,models_9x9\best.pt,p1_win,0.0,71
521,models_9x9\best.pt,models_9x9_heads\best.pt,models_9x9\best.pt,models_9x9_heads\best.pt,p2_win,0.0,58
522,models_9x9\best.pt,models_9x9_heads\best.pt,models_9x9_heads\best.pt,models_9x9\best.pt,p1_win,0.0,63
523,models_9x9\best.pt,models_9x9_heads\best.pt,models_9x9\best.pt,models_9x9_heads\best.pt,p2_win,0.0,64
524,models_9x9\best.pt,models_9x9_heads\best.pt,models_9x9_heads\best.pt,models_9x9\best.pt,p1_win,0.0,67
525,models_9x9\best.pt,models_9x9_heads\best.pt,models_9x9\best.pt,models_9x9_heads\best.pt,p2_win,0.0,70
526,models_9x9\best.pt,models_9x9_heads\best.pt,models_9x9\best.pt,models_9x9_heads\best.pt,p1_win,1.0,63
527,models_9x9\best.pt,models_9x9_heads\best.pt,models_9x9_heads\best.pt,models_9x9\best.pt,p1_win,0.0,71
528,models_9x9\best.pt,models_9x9_heads\best.pt,models_9x9\best.pt,models_9x9_heads\best.pt,p2_win,0.0,66
529,models_9x9\best.pt,models_9x9_heads\best.pt,models_9x9\best.pt,models_9x9_heads\best.pt,p2_win,0.0,68
530,models_9x9\best.pt,models_9x9_heads\best.pt,models_9x9_heads\best.pt,models_9x9\best.pt,p1_win,0.0,63
531,models_9x9\best.pt,models_9x9_heads\best.pt,models_9x9\best.pt,models_9x9_heads\best.pt,p2_win,0.0,60
532,models_9x9\best.pt,models_9x9_heads\best.pt,models_9x9\best.pt,models_9x9_heads\best.pt,p2_win,0.0,72
533,models_9x9\best.pt,models_9x9_heads\best.pt,models_9x9_heads\best.pt,models_9x9\best.pt,p2_win,1.0,72
534,models_9x9\best.pt,models_9x9_heads\best.pt,models_9x9\best.pt,models_9x9_heads\best.pt,p2_win,0.0,70
535,models_9x9\best.pt,models_9x9_heads\best.pt,models_9x9_heads\best.pt,models_9x9\best.pt,p1_win,0.0,71
536,models_9x9\best.pt,models_9x9_heads\best.pt,models_9x9\best.pt,models_9x9_heads\best.pt,p2_win,0.0,62
537,models_9x9\best.pt,models_9x9_heads\best.pt,models_9x9\best.pt,models_9x9_heads\best.pt,p2_win,0.0,64
538,models_9x9\best.pt,models_9x9_heads\best.pt,models_9x9_heads\best.pt,models_9x9\best.pt,p1_win,0.0,61
539,models_9x9\best.pt,models_9x9_heads\best.pt,models_9x9_heads\best.pt,models_9x9\best.pt,p1_win,0.0,61
540,models_9x9\best.pt,models_9x9_heads\best.pt,models_9x9_heads\best.pt,models_9x9\best.pt,p1_win,0.0,63
541,models_9x9\best.pt,models_9x9_heads\best.pt,models_9x9_heads\best.pt,models_9x9\best.pt,p2_win,1.0,58
542,models_9x9\best.pt,models_9x9_heads\best.pt,models_9x9_heads\best.pt,models_9x9\best.pt,p1_win,0.0,69
543,models_9x9\best.pt,models_9x9_heads\best.pt,models_9x9\best.pt,models_9x9_heads\best.pt,p1_win,1.0,65
544,models_9x9\best.pt,models_9x9_heads\best.pt,models_9x9_heads\best.pt,models_9x9\best.pt,p1_win,0.0,61
545,models_9x9\best.pt,models_9x9_heads\best.pt,models_9x9_heads\best.pt,models_9x9\best.pt,p1_win,0.0,63
546,models_9x9\best.pt,models_9x9_heads\best.pt,models_9x9_heads\best.pt,models_9x9\best.pt,p2_win,1.0,66
547,models_9x9\best.pt,models_9x9_heads\best.pt,models_9x9_heads\best.pt,models_9x9\best.pt,p2_win,1.0,72
548,models_9x9\best.pt,models_9x9_heads\best.pt,models_9x9_heads\best.pt,models_9x9\best.pt,p2_win,1.0,64
549,models_9x9\best.pt,models_9x9_heads\best.pt,models_9x9\best.pt,models_9x9_heads\best.pt,p2_win,0.0,66
550,models_9x9\best.pt,models_9x9_heads\best.pt,models_9x9\best.pt,models_9x9_heads\best.pt,p2_win,0.0,64
551,models_9x9\best.pt,models_9x9_heads\best.pt,models_9x9_heads\best.pt,models_9x9\best.pt,p1_win,0.0,63
552,models_9x9\best.pt,models_9x9_heads\best.pt,models_9x9\best.pt,models_9x9_heads\best.pt,p2_win,0.0,72
553,models_9x9\best.pt,models_9x9_heads\best.pt,models_9x9_heads\best.pt,models_9x9\best.pt,p1_win,0.0,67
554,models_9x9\best.pt,models_9x9_heads\best.pt,models_9x9\best.pt,models_9x9_heads\best.pt,p1_win,1.0,69
555,models_9x9\best.pt,models_9x9_heads\best.pt,models_9x9_heads\best.pt,models_9x9\best.pt,p1_win,0.0,65
556,models_9x9\best.pt,models_9x9_heads\best.pt,models_9x9\best.pt,models_9x9_heads\best.pt,p2_win,0.0,64
557,models_9x9\best.pt,models_9x9_heads\best.pt,models_9x9\best.pt,models_9x9_heads\best.pt,p2_win,0.0,74
558,models_9x9\best.pt,models_9x9_heads\best.pt,models_9x9_heads\best.pt,models_9x9\best.pt,p1_win,0.0,63
559,models_9x9\best.pt,models_9x9_heads\best.pt,models_9x9_heads\best.pt,models_9x9\best.pt,p1_win,0.0,65
560,models_9x9\best.pt,models_9x9_heads\best.pt,models_9x9_heads\best.pt,models_9x9\best.pt,p1_win,0.0,65
561,models_9x9\best.pt,models_9x9_heads\best.pt,models_9x9\best.pt,models_9x9_heads\best.pt,p2_win,0.0,60
562,models_9x9\best.pt,models_9x9_heads\best.pt,models_9x9\best.pt,models_9x9_heads\best.pt,p2_win,0.0,64
563,models_9x9\best.pt,models_9x9_heads\best.pt,models_9x9_heads\best.pt,models_9x9\best.pt,p2_win,1.0,60
564,models_9x9\best.pt,models_9x9_heads\best.pt,models_9x9\best.pt,models_9x9_heads\best.pt,p1_win,1.0,67
565,models_9x9\best.pt,models_9x9_heads\best.pt,models_9x9_heads\best.pt,models_9x9\best.pt,p1_win,0.0,63
566,models_9x9\best.pt,models_9x9_heads\best.pt,models_9x9\best.pt,models_9x9_heads\best.pt,p2_win,0.0,70
567,models_9x9\best.pt,models_9x9_heads\best.pt,models_9x9_heads\best.pt,models_9x9\best.pt,p2_win,1.0,64
568,models_9x9\best.pt,models_9x9_heads\best.pt,models_9x9\best.pt,models_9x9_heads\best.pt,p2_win,0.0,62
569,models_9x9\best.pt,models_9x9_heads\best.pt,models_9x9\best.pt,models_9x9_heads\best.pt,p1_win,1.0,59
570,models_9x9\best.pt,models_9x9_heads\best.pt,models_9x9_heads\best.pt,models_9x9\best.pt,p2_win,1.0,68
571,models_9x9\best.pt,models_9x9_heads\best.pt,models_9x9\best.pt,models_9x9_heads\best.pt,p1_win,1.0,71
572,models_9x9\best.pt,models_9x9_heads\best.pt,models_9x9\best.pt,models_9x9_heads\best.pt,p2_win,0.0,68
573,models_9x9\best.pt,models_9x9_heads\best.pt,models_9x9_heads\best.pt,models_9x9\best.pt,p1_win,0.0,75
574,models_9x9\best.pt,models_9x9_heads\best.pt,models_9x9\best.pt,models_9x9_heads\best.pt,p2_win,0.0,66
575,models_9x9\best.pt,models_9x9_heads\best.pt,models_9x9_heads\best.pt,models_9x9\best.pt,p1_win,0.0,61
576,models_9x9\best.pt,models_9x9_heads\best.pt,models_9x9\best.pt,models_9x9_heads\best.pt,p2_win,0.0,66
577,models_9x9\best.pt,models_9x9_heads\best.pt,models_9x9_heads\best.pt,models_9x9\best.pt,p1_win,0.0,65
578,models_9x9\best.pt,models_9x9_heads\best.pt,models_9x9\best.pt,models_9x9_heads\best.pt,p2_win,0.0,66
579,models_9x9\best.pt,models_9x9_heads\best.pt,models_9x9\best.pt,models_9x9_heads\best.pt,p1_win,1.0,63
580,models_9x9\best.pt,models_9x9_heads\best.pt,models_9x9_heads\best.pt,models_9x9\best.pt,p1_win,0.0,65
581,models_9x9\best.pt,models_9x9_heads\best.pt,models_9x9_heads\best.pt,models_9x9\best.pt,p1_win,0.0,73
582,models_9x9\best.pt,models_9x9_heads\best.pt,models_9x9\best.pt,models_9x9_heads\best.pt,p2_win,0.0,66
583,models_9x9\best.pt,models_9x9_heads\best.pt,models_9x9_heads\best.pt,models_9x9\best.pt,p1_win,0.0,71
584,models_9x9\best.pt,models_9x9_heads\best.pt,models_9x9_heads\best.pt,models_9x9\best.pt,p1_win,0.0,65
585,models_9x9\best.pt,models_9x9_heads\best.pt,models_9x9\best.pt,models_9x9_heads\best.pt,p2_win,0.0,66
586,models_9x9\best.pt,models_9x9_heads\best.pt,models_9x9_heads\best.pt,models_9x9\best.pt,p1_win,0.0,71
587,models_9x9\best.pt,models_9x9_heads\best.pt,models_9x9\best.pt,models_9x9_heads\best.pt,p2_win,0.0,76
588,models_9x9\best.pt,models_9x9_heads\best.pt,models_9x9_heads\best.pt,models_9x9\best.pt,p1_win,0.0,67
589,models_9x9\best.pt,models_9x9_heads\best.pt,models_9x9_heads\best.pt,models_9x9\best.pt,p1_win,0.0,67
590,models_9x9\best.pt,models_9x9_heads\best.pt,models_9x9_heads\best.pt,models_9x9\best.pt,p1_win,0.0,67
591,models_9x9\best.pt,models_9x9_heads\best.pt,models_9x9_heads\best.pt,models_9x9\best.pt,p1_win,0.0,75
592,models_9x9\best.pt,models_9x9_heads\best.pt,models_9x9_heads\best.pt,models_9x9\best.pt,p1_win,0.0,67
593,models_9x9\best.pt,models_9x9_heads\best.pt,models_9x9_heads\best.pt,models_9x9\best.pt,p1_win,0.0,67
594,models_9x9\best.pt,models_9x9_heads\best.pt,models_9x9\best.pt,models_9x9_heads\best.pt,p2_win,0.0,72
595,models_9x9\best.pt,models_9x9_heads\best.pt,models_9x9_heads\best.pt,models_9x9\best.pt,p1_win,0.0,63
596,models_9x9\best.pt,models_9x9_heads\best.pt,models_9x9_heads\best.pt,models_9x9\best.pt,p2_win,1.0,72
597,models_9x9\best.pt,models_9x9_heads\best.pt,models_9x9\best.pt,models_9x9_heads\best.pt,p1_win,1.0,75
598,models_9x9\best.pt,models_9x9_heads\best.pt,models_9x9_heads\best.pt,models_9x9\best.pt,p1_win,0.0,65
599,models_9x9\best.pt,models_9x9_heads\best.pt,models_9x9_heads\best.pt,models_9x9\best.pt,p2_win,1.0,58
600,models_9x9\best.pt,models_9x9_heads\best.pt,models_9x9_heads\best.pt,models_9x9\best.pt,p1_win,0.0,87
601,models_9x9\best.pt,models_9x9_heads\best.pt,models_9x9\best.pt,models_9x9_heads\best.pt,p2_win,0.0,70
602,models_9x9\best.pt,models_9x9_heads\best.pt,models_9x9\best.pt,models_9x9_heads\best.pt,p2_win,0.0,62
603,models_9x9\best.pt,models_9x9_heads\best.pt,models_9x9\best.pt,models_9x9_heads\best.pt,p2_win,0.0,66
604,models_9x9\best.pt,models_9x9_heads\best.pt,models_9x9\best.pt,models_9x9_heads\best.pt,p2_win,0.0,66
605,models_9x9\best.pt,models_9x9_heads\best.pt,models_9x9\best.pt,models_9x9_heads\best.pt,p2_win,0.0,68
606,models_9x9\best.pt,models_9x9_heads\best.pt,models_9x9\best.pt,models_9x9_heads\best.pt,p2_win,0.0,66
607,models_9x9\best.pt,models_9x9_heads\best.pt,models_9x9_heads\best.pt,models_9x9\best.pt,p1_win,0.0,79
608,models_9x9\best.pt,models_9x9_heads\best.pt,models_9x9\best.pt,models_9x9_heads\best.pt,p1_win,1.0,63
609,models_9x9\best.pt,models_9x9_heads\best.pt,models_9x9_heads\best.pt,models_9x9\best.pt,p1_win,0.0,67
610,models_9x9\best.pt,models_9x9_heads\best.pt,models_9x9_heads\best.pt,models_9x9\best.pt,p1_win,0.0,61
611,models_9x9\best.pt,models_9x9_heads\best.pt,models_9x9\best.pt,models_9x9_heads\best.pt,p2_win,0.0,64
612,models_9x9\best.pt,models_9x9_heads\best.pt,models_9x9_heads\best.pt,models_9x9\best.pt,p1_win,0.0,67
613,models_9x9\best.pt,models_9x9_heads\best.pt,models_9x9_heads\best.pt,models_9x9\best.pt,p1_win,0.0,63
614,models_9x9\best.pt,models_9x9_heads\best.pt,models_9x9_heads\best.pt,models_9x9\best.pt,p1_win,0.0,69
615,models_9x9\best.pt,models_9x9_heads\best.pt,models_9x9_heads\best.pt,models_9x9\best.pt,p1_win,0.0,65
616,models_9x9\best.pt,models_9x9_heads\best.pt,models_9x9_heads\best.pt,models_9x9\best.pt,p1_win,0.0,69
617,models_9x9\best.pt,models_9x9_heads\best.pt,models_9x9_heads\best.pt,models_9x9\best.pt,p1_win,0.0,67
618,models_9x9\best.pt,models_9x9_heads\best.pt,models_9x9_heads\best.pt,models_9x9\best.pt,p1_win,0.0,73
619,models_9x9\best.pt,models_9x9_heads\best.pt,models_9x9\best.pt,models_9x9_heads\best.pt,p2_win,0.0,64
620,models_9x9\best.pt,models_9x9_heads\best.pt,models_9x9_heads\best.pt,models_9x9\best.pt,p1_win,0.0,63
621,models_9x9\best.pt,models_9x9_heads\best.pt,models_9x9_heads\best.pt,models_9x9\best.pt,p2_win,1.0,74
622,models_9x9\best.pt,models_9x9_heads\best.pt,models_9x9\best.pt,models_9x9_heads\best.pt,p2_win,0.0,64
623,models_9x9\best.pt,models_9x9_heads\best.pt,models_9x9\best.pt,models_9x9_heads\best.pt,p2_win,0.0,72
624,models_9x9\best.pt,models_9x9_heads\best.pt,models_9x9\best.pt,models_9x9_heads\best.pt,p2_win,0.0,70
625,models_9x9\best.pt,models_9x9_heads\best.pt,models_9x9\best.pt,models_9x9_heads\best.pt,p2_win,0.0,62
626,models_9x9\best.pt,models_9x9_heads\best.pt,models_9x9_heads\best.pt,models_9x9\best.pt,p2_win,1.0,68
627,models_9x9\best.pt,models_9x9_heads\best.pt,models_9x9_heads\best.pt,models_9x9\best.pt,p1_win,0.0,69
628,models_9x9\best.pt,models_9x9_heads\best.pt,models_9x9\best.pt,models_9x9_heads\best.pt,p1_win,1.0,73
629,models_9x9\best.pt,models_9x9_heads\best.pt,models_9x9_heads\best.pt,models_9x9\best.pt,p1_win,0.0,65
630,models_9x9\best.pt,models_9x9_heads\best.pt,models_9x9\best.pt,models_9x9_heads\best.pt,p2_win,0.0,68
631,models_9x9\best.pt,models_9x9_heads\best.pt,models_9x9\best.pt,models_9x9_heads\best.pt,p2_win,0.0,72
632,models_9x9\best.pt,models_9x9_heads\best.pt,models_9x9\best.pt,models_9x9_heads\best.pt,p2_win,0.0,72
633,models_9x9\best.pt,models_9x9_heads\best.pt,models_9x9\best.pt,models_9x9_heads\best.pt,p2_win,0.0,74
634,models_9x9\best.pt,models_9x9_heads\best.pt,models_9x9\best.pt,models_9x9_heads\best.pt,p1_win,1.0,67
635,models_9x9\best.pt,models_9x9_heads\best.pt,models_9x9_heads\best.pt,models_9x9\best.pt,p1_win,0.0,71
636,models_9x9\best.pt,models_9x9_heads\best.pt,models_9x9_heads\best.pt,models_9x9\best.pt,p2_win,1.0,62
637,models_9x9\best.pt,models_9x9_heads\best.pt,models_9x9\best.pt,models_9x9_heads\best.pt,p1_win,1.0,67
638,models_9x9\best.pt,models_9x9_heads\best.pt,models_9x9_heads\best.pt,models_9x9\best.pt,p2_win,1.0,72
639,models_9x9\best.pt,models_9x9_heads\best.pt,models_9x9_heads\best.pt,models_9x9\best.pt,p2_win,1.0,64
640,models_9x9\best.pt,models_9x9_heads\best.pt,models_9x9\best.pt,models_9x9_heads\best.pt,p1_win,1.0,73
641,models_9x9\best.pt,models_9x9_heads\best.pt,models_9x9_heads\best.pt,models_9x9\best.pt,p1_win,0.0,67
642,models_9x9\best.pt,models_9x9_heads\best.pt,models_9x9_heads\best.pt,models_9x9\best.pt,p1_win,0.0,65
643,models_9x9\best.pt,models_9x9_heads\best.pt,models_9x9_heads\best.pt,models_9x9\best.pt,p1_win,0.0,67
644,models_9x9\best.pt,models_9x9_heads\best.pt,models_9x9_heads\best.pt,models_9x9\best.pt,p1_win,0.0,67
645,models_9x9\best.pt,models_9x9_heads\best.pt,models_9x9\best.pt,models_9x9_heads\best.pt,p1_win,1.0,65
646,models_9x9\best.pt,models_9x9_heads\best.pt,models_9x9\best.pt,models_9x9_heads\best.pt,p2_win,0.0,66
647,models_9x9\best.pt,models_9x9_heads\best.pt,models_9x9\best.pt,models_9x9_heads\best.pt,p2_win,0.0,64
648,models_9x9\best.pt,models_9x9_heads\best.pt,models_9x9_heads\best.pt,models_9x9\best.pt,p2_win,1.0,68
649,models_9x9\best.pt,models_9x9_heads\best.pt,models_9x9_heads\best.pt,models_9x9\best.pt,p1_win,0.0,79
650,models_9x9\best.pt,models_9x9_heads\best.pt,models_9x9\best.pt,models_9x9_heads\best.pt,p2_win,0.0,66
651,models_9x9\best.pt,models_9x9_heads\best.pt,models_9x9_heads\best.pt,models_9x9\best.pt,p1_win,0.0,69
652,models_9x9\best.pt,models_9x9_heads\best.pt,models_9x9\best.pt,models_9x9_heads\best.pt,p1_win,1.0,71
653,models_9x9\best.pt,models_9x9_heads\best.pt,models_9x9\best.pt,models_9x9_heads\best.pt,p2_win,0.0,66
654,models_9x9\best.pt,models_9x9_heads\best.pt,models_9x9\best.pt,models_9x9_heads\best.pt,p1_win,1.0,75
655,models_9x9\best.pt,models_9x9_heads\best.pt,models_9x9_heads\best.pt,models_9x9\best.pt,p1_win,0.0,63
656,models_9x9\best.pt,models_9x9_heads\best.pt,models_9x9\best.pt,models_9x9_heads\best.pt,p2_win,0.0,64
657,models_9x9\best.pt,models_9x9_heads\best.pt,models_9x9\best.pt,models_9x9_heads\best.pt,p1_win,1.0,77
658,models_9x9\best.pt,models_9x9_heads\best.pt,models_9x9_heads\best.pt,models_9x9\best.pt,p1_win,0.0,63
659,models_9x9\best.pt,models_9x9_heads\best.pt,models_9x9\best.pt,models_9x9_heads\best.pt,p1_win,1.0,65
660,models_9x9\best.pt,models_9x9_heads\best.pt,models_9x9_heads\best.pt,models_9x9\best.pt,p1_win,0.0,67
661,models_9x9\best.pt,models_9x9_heads\best.pt,models_9x9\best.pt,models_9x9_heads\best.pt,p1_win,1.0,65
662,models_9x9\best.pt,models_9x9_heads\best.pt,models_9x9\best.pt,models_9x9_heads\best.pt,p2_win,0.0,72
663,models_9x9\best.pt,models_9x9_heads\best.pt,models_9x9_heads\best.pt,models_9x9\best.pt,p2_win,1.0,66
664,models_9x9\best.pt,models_9x9_heads\best.pt,models_9x9_heads\best.pt,models_9x9\best.pt,p1_win,0.0,69
665,models_9x9\best.pt,models_9x9_heads\best.pt,models_9x9_heads\best.pt,models_9x9\best.pt,p2_win,1.0,68
666,models_9x9\best.pt,models_9x9_heads\best.pt,models_9x9_heads\best.pt,models_9x9\best.pt,p2_win,1.0,76
667,models_9x9\best.pt,models_9x9_heads\best.pt,models_9x9_heads\best.pt,models_9x9\best.pt,p1_win,0.0,63
668,models_9x9\best.pt,models_9x9_heads\best.pt,models_9x9\best.pt,models_9x9_heads\best.pt,p2_win,0.0,68
669,models_9x9\best.pt,models_9x9_heads\best.pt,models_9x9\best.pt,models_9x9_heads\best.pt,p2_win,0.0,66
670,models_9x9\best.pt,models_9x9_heads\best.pt,models_9x9_heads\best.pt,models_9x9\best.pt,p1_win,0.0,65
671,models_9x9\best.pt,models_9x9_heads\best.pt,models_9x9_heads\best.pt,models_9x9\best.pt,p1_win,0.0,73
672,models_9x9\best.pt,models_9x9_heads\best.pt,models_9x9_heads\best.pt,models_9x9\best.pt,p1_win,0.0,71
673,models_9x9\best.pt,models_9x9_heads\best.pt,models_9x9_heads\best.pt,models_9x9\best.pt,p1_win,0.0,65
674,models_9x9\best.pt,models_9x9_heads\best.pt,models_9x9\best.pt,models_9x9_heads\best.pt,p2_win,0.0,64
675,models_9x9\best.pt,models_9x9_heads\best.pt,models_9x9\best.pt,models_9x9_heads\best.pt,p2_win,0.0,74
676,models_9x9\best.pt,models_9x9_heads\best.pt,models_9x9_heads\best.pt,models_9x9\best.pt,p2_win,1.0,64
677,models_9x9\best.pt,models_9x9_heads\best.pt,models_9x9\best.pt,models_9x9_heads\best.pt,p2_win,0.0,72
678,models_9x9\best.pt,models_9x9_heads\best.pt,models_9x9\best.pt,models_9x9_heads\best.pt,p2_win,0.0,78
679,models_9x9\best.pt,models_9x9_heads\best.pt,models_9x9\best.pt,models_9x9_heads\best.pt,p1_win,1.0,67
680,models_9x9\best.pt,models_9x9_heads\best.pt,models_9x9_heads\best.pt,models_9x9\best.pt,p1_win,0.0,73
681,models_9x9\best.pt,models_9x9_heads\best.pt,models_9x9\best.pt,models_9x9_heads\best.pt,p2_win,0.0,68
682,models_9x9\best.pt,models_9x9_heads\best.pt,models_9x9_heads\best.pt,models_9x9\best.pt,p1_win,0.0,73
683,models_9x9\best.pt,models_9x9_heads\best.pt,models_9x9_heads\best.pt,models_9x9\best.pt,p2_win,1.0,68
684,models_9x9\best.pt,models_9x9_heads\best.pt,models_9x9\best.pt,models_9x9_heads\best.pt,p1_win,1.0,71
685,models_9x9\best.pt,models_9x9_heads\best.pt,models_9x9_heads\best.pt,models_9x9\best.pt,p2_win,1.0,68
686,models_9x9\best.pt,models_9x9_heads\best.pt,models_9x9\best.pt,models_9x9_heads\best.pt,p2_win,0.0,68
687,models_9x9\best.pt,models_9x9_heads\best.pt,models_9x9_heads\best.pt,models_9x9\best.pt,p1_win,0.0,65
688,models_9x9\best.pt,models_9x9_heads\best.pt,models_9x9_heads\best.pt,models_9x9\best.pt,draw,0.5,63
689,models_9x9\best.pt,models_9x9_heads\best.pt,models_9x9\best.pt,models_9x9_heads\best.pt,p2_win,0.0,72
690,models_9x9\best.pt,models_9x9_heads\best.pt,models_9x9_heads\best.pt,models_9x9\best.pt,p1_win,0.0,73
691,models_9x9\best.pt,models_9x9_heads\best.pt,models_9x9_heads\best.pt,models_9x9\best.pt,p1_win,0.0,69
692,models_9x9\best.pt,models_9x9_heads\best.pt,models_9x9\best.pt,models_9x9_heads\best.pt,p2_win,0.0,68
693,models_9x9\best.pt,models_9x9_heads\best.pt,models_9x9\best.pt,models_9x9_heads\best.pt,p2_win,0.0,72
694,models_9x9\best.pt,models_9x9_heads\best.pt,models_9x9_heads\best.pt,models_9x9\best.pt,p1_win,0.0,83
695,models_9x9\best.pt,models_9x9_heads\best.pt,models_9x9\best.pt,models_9x9_heads\best.pt,p2_win,0.0,76
696,models_9x9\best.pt,models_9x9_heads\best.pt,models_9x9\best.pt,models_9x9_heads\best.pt,p1_win,1.0,67
697,models_9x9\best.pt,models_9x9_heads\best.pt,models_9x9\best.pt,models_9x9_heads\best.pt,p2_win,0.0,68
698,models_9x9\best.pt,models_9x9_heads\best.pt,models_9x9\best.pt,models_9x9_heads\best.pt,p2_win,0.0,66
699,models_9x9\best.pt,models_9x9_heads\best.pt,models_9x9\best.pt,models_9x9_heads\best.pt,p2_win,0.0,80
700,models_9x9\best.pt,models_9x9_heads\best.pt,models_9x9_heads\best.pt,models_9x9\best.pt,p2_win,1.0,68
701,models_9x9\best.pt,models_9x9_heads\best.pt,models_9x9\best.pt,models_9x9_heads\best.pt,p2_win,0.0,68
702,models_9x9\best.pt,models_9x9_heads\best.pt,models_9x9\best.pt,models_9x9_heads\best.pt,p2_win,0.0,68
703,models_9x9\best.pt,models_9x9_heads\best.pt,models_9x9\best.pt,models_9x9_heads\best.pt,p2_win,0.0,68
704,models_9x9\best.pt,models_9x9_heads\best.pt,models_9x9_heads\best.pt,models_9x9\best.pt,p1_win,0.0,63
705,models_9x9\best.pt,models_9x9_heads\best.pt,models_9x9\best.pt,models_9x9_heads\best.pt,p2_win,0.0,72
706,models_9x9\best.pt,models_9x9_heads\best.pt,models_9x9\best.pt,models_9x9_heads\best.pt,p2_win,0.0,72
707,models_9x9\best.pt,models_9x9_heads\best.pt,models_9x9\best.pt,models_9x9_heads\best.pt,p2_win,0.0,68
708,models_9x9\best.pt,models_9x9_heads\best.pt,models_9x9_heads\best.pt,models_9x9\best.pt,p2_win,1.0,68
709,models_9x9\best.pt,models_9x9_heads\best.pt,models_9x9\best.pt,models_9x9_heads\best.pt,p2_win,0.0,72
710,models_9x9\best.pt,models_9x9_heads\best.pt,models_9x9_heads\best.pt,models_9x9\best.pt,p1_win,0.0,67
711,models_9x9\best.pt,models_9x9_heads\best.pt,models_9x9_heads\best.pt,models_9x9\best.pt,p1_win,0.0,69
712,models_9x9\best.pt,models_9x9_heads\best.pt,models_9x9_heads\best.pt,models_9x9\best.pt,p1_win,0.0,69
713,models_9x9\best.pt,models_9x9_heads\best.pt,models_9x9\best.pt,models_9x9_heads\best.pt,p2_win,0.0,72
714,models_9x9\best.pt,models_9x9_heads\best.pt,models_9x9\best.pt,models_9x9_heads\best.pt,p2_win,0.0,68
715,models_9x9\best.pt,models_9x9_heads\best.pt,models_9x9\best.pt,models_9x9_heads\best.pt,p1_win,1.0,73
716,models_9x9\best.pt,models_9x9_heads\best.pt,models_9x9\best.pt,models_9x9_heads\best.pt,p2_win,0.0,72
717,models_9x9\best.pt,models_9x9_heads\best.pt,models_9x9_heads\best.pt,models_9x9\best.pt,p2_win,1.0,72
718,models_9x9\best.pt,models_9x9_heads\best.pt,models_9x9_heads\best.pt,models_9x9\best.pt,p1_win,0.0,73
719,models_9x9\best.pt,models_9x9_heads\best.pt,models_9x9_heads\best.pt,models_9x9\best.pt,p1_win,0.0,69
720,models_9x9\best.pt,models_9x9_heads\best.pt,models_9x9_heads\best.pt,models_9x9\best.pt,p1_win,0.0,75
721,models_9x9\best.pt,models_9x9_heads\best.pt,models_9x9\best.pt,models_9x9_heads\best.pt,p2_win,0.0,74
722,models_9x9\best.pt,models_9x9_heads\best.pt,models_9x9_heads\best.pt,models_9x9\best.pt,p1_win,0.0,69
723,models_9x9\best.pt,models_9x9_heads\best.pt,models_9x9_heads\best.pt,models_9x9\best.pt,p1_win,0.0,79
724,models_9x9\best.pt,models_9x9_heads\best.pt,models_9x9\best.pt,models_9x9_heads\best.pt,p2_win,0.0,72
725,models_9x9\best.pt,models_9x9_heads\best.pt,models_9x9\best.pt,models_9x9_heads\best.pt,p2_win,0.0,68
726,models_9x9\best.pt,models_9x9_heads\best.pt,models_9x9_heads\best.pt,models_9x9\best.pt,p2_win,1.0,66
727,models_9x9\best.pt,models_9x9_heads\best.pt,models_9x9_heads\best.pt,models_9x9\best.pt,p1_win,0.0,67
728,models_9x9\best.pt,models_9x9_heads\best.pt,models_9x9_heads\best.pt,models_9x9\best.pt,p2_win,1.0,86
729,models_9x9\best.pt,models_9x9_heads\best.pt,models_9x9\best.pt,models_9x9_heads\best.pt,p2_win,0.0,70
730,models_9x9\best.pt,models_9x9_heads\best.pt,models_9x9\best.pt,models_9x9_heads\best.pt,p2_win,0.0,80
731,models_9x9\best.pt,models_9x9_heads\best.pt,models_9x9\best.pt,models_9x9_heads\best.pt,p1_win,1.0,67
732,models_9x9\best.pt,models_9x9_heads\best.pt,models_9x9\best.pt,models_9x9_heads\best.pt,p2_win,0.0,80
733,models_9x9\best.pt,models_9x9_heads\best.pt,models_9x9_heads\best.pt,models_9x9\best.pt,p1_win,0.0,75
734,models_9x9\best.pt,models_9x9_heads\best.pt,models_9x9\best.pt,models_9x9_heads\best.pt,p1_win,1.0,75
735,models_9x9\best.pt,models_9x9_heads\best.pt,models_9x9_heads\best.pt,models_9x9\best.pt,p2_win,1.0,78
736,models_9x9\best.pt,models_9x9_heads\best.pt,models_9x9\best.pt,models_9x9_heads\best.pt,p2_win,0.0,66
737,models_9x9\best.pt,models_9x9_heads\best.pt,models_9x9_heads\best.pt,models_9x9\best.pt,p1_win,0.0,71
738,models_9x9\best.pt,models_9x9_heads\best.pt,models_9x9\best.pt,models_9x9_heads\best.pt,p2_win,0.0,76
739,models_9x9\best.pt,models_9x9_heads\best.pt,models_9x9\best.pt,models_9x9_heads\best.pt,p2_win,0.0,72
740,models_9x9\best.pt,models_9x9_heads\best.pt,models_9x9_heads\best.pt,models_9x9\best.pt,p1_win,0.0,73
741,models_9x9\best.pt,models_9x9_heads\best.pt,models_9x9\best.pt,models_9x9_heads\best.pt,p1_win,1.0,73
742,models_9x9\best.pt,models_9x9_heads\best.pt,models_9x9_heads\best.pt,models_9x9\best.pt,p1_win,0.0,79
743,models_9x9\best.pt,models_9x9_heads\best.pt,models_9x9\best.pt,models_9x9_heads\best.pt,p2_win,0.0,80
744,models_9x9\best.pt,models_9x9_heads\best.pt,models_9x9\best.pt,models_9x9_heads\best.pt,p1_win,1.0,71
745,models_9x9\best.pt,models_9x9_heads\best.pt,models_9x9\best.pt,models_9x9_heads\best.pt,p1_win,1.0,79
746,models_9x9\best.pt,models_9x9_heads\best.pt,models_9x9\best.pt,models_9x9_heads\best.pt,p1_win,1.0,67
747,models_9x9\best.pt,models_9x9_heads\best.pt,models_9x9\best.pt,models_9x9_heads\best.pt,p1_win,1.0,73
748,models_9x9\best.pt,models_9x9_heads\best.pt,models_9x9\best.pt,models_9x9_heads\best.pt,p2_win,0.0,72
749,models_9x9\best.pt,models_9x9_heads\best.pt,models_9x9_heads\best.pt,models_9x9\best.pt,p2_win,1.0,70
750,models_9x9\best.pt,models_9x9_heads\best.pt,models_9x9\best.pt,models_9x9_heads\best.pt,p2_win,0.0,80
751,models_9x9\best.pt,models_9x9_heads\best.pt,models_9x9\best.pt,models_9x9_heads\best.pt,p2_win,0.0,74
752,models_9x9\best.pt,models_9x9_heads\best.pt,models_9x9\best.pt,models_9x9_heads\best.pt,p1_win,1.0,71
753,models_9x9\best.pt,models_9x9_heads\best.pt,models_9x9\best.pt,models_9x9_heads\best.pt,p1_win,1.0,75
754,models_9x9\best.pt,models_9x9_heads\best.pt,models_9x9\best.pt,models_9x9_heads\best.pt,p2_win,0.0,72
755,models_9x9\best.pt,models_9x9_heads\best.pt,models_9x9\best.pt,models_9x9_heads\best.pt,p1_win,1.0,75
756,models_9x9\best.pt,models_9x9_heads\best.pt,models_9x9_heads\best.pt,models_9x9\best.pt,p1_win,0.0,75
757,models_9x9\best.pt,models_9x9_heads\best.pt,models_9x9\best.pt,models_9x9_heads\best.pt,p1_win,1.0,71
758,models_9x9\best.pt,models_9x9_heads\best.pt,models_9x9\best.pt,models_9x9_heads\best.pt,p2_win,0.0,68
759,models_9x9\best.pt,models_9x9_heads\best.pt,models_9x9_heads\best.pt,models_9x9\best.pt,p1_win,0.0,71
760,models_9x9\best.pt,models_9x9_heads\best.pt,models_9x9_heads\best.pt,models_9x9\best.pt,p2_win,1.0,78
761,models_9x9\best.pt,models_9x9_heads\best.pt,models_9x9_heads\best.pt,models_9x9\best.pt,p1_win,0.0,71
762,models_9x9\best.pt,models_9x9_heads\best.pt,models_9x9\best.pt,models_9x9_heads\best.pt,p2_win,0.0,80
763,models_9x9\best.pt,models_9x9_heads\best.pt,models_9x9\best.pt,models_9x9_heads\best.pt,p2_win,0.0,78
764,models_9x9\best.pt,models_9x9_heads\best.pt,models_9x9_heads\best.pt,models_9x9\best.pt,p2_win,1.0,80
765,models_9x9\best.pt,models_9x9_heads\best.pt,models_9x9\best.pt,models_9x9_heads\best.pt,p2_win,0.0,76
766,models_9x9\best.pt,models_9x9_heads\best.pt,models_9x9_heads\best.pt,models_9x9\best.pt,p2_win,1.0,74
767,models_9x9\best.pt,models_9x9_heads\best.pt,models_9x9\best.pt,models_9x9_heads\best.pt,p2_win,0.0,74
768,models_9x9\best.pt,models_9x9_heads\best.pt,models_9x9\best.pt,models_9x9_heads\best.pt,p2_win,0.0,74
769,models_9x9\best.pt,models_9x9_heads\best.pt,models_9x9_heads\best.pt,models_9x9\best.pt,p2_win,1.0,76
770,models_9x9\best.pt,models_9x9_heads\best.pt,models_9x9\best.pt,models_9x9_heads\best.pt,p2_win,0.0,76
771,models_9x9\best.pt,models_9x9_heads\best.pt,models_9x9\best.pt,models_9x9_heads\best.pt,p1_win,1.0,73
772,models_9x9\best.pt,models_9x9_heads\best.pt,models_9x9\best.pt,models_9x9_heads\best.pt,p2_win,0.0,74
773,models_9x9\best.pt,models_9x9_heads\best.pt,models_9x9\best.pt,models_9x9_heads\best.pt,p2_win,0.0,72
774,models_9x9\best.pt,models_9x9_heads\best.pt,models_9x9\best.pt,models_9x9_heads\best.pt,p2_win,0.0,72
775,models_9x9\best.pt,models_9x9_heads\best.pt,models_9x9_heads\best.pt,models_9x9\best.pt,p2_win,1.0,74
776,models_9x9\best.pt,models_9x9_heads\best.pt,models_9x9_heads\best.pt,models_9x9\best.pt,p2_win,1.0,68
777,models_9x9\best.pt,models_9x9_heads\best.pt,models_9x9_heads\best.pt,models_9x9\best.pt,p1_win,0.0,69
778,models_9x9\best.pt,models_9x9_heads\best.pt,models_9x9_heads\best.pt,models_9x9\best.pt,p1_win,0.0,75
779,models_9x9\best.pt,models_9x9_heads\best.pt,models_9x9\best.pt,models_9x9_heads\best.pt,p2_win,0.0,72
780,models_9x9\best.pt,models_9x9_heads\best.pt,models_9x9_heads\best.pt,models_9x9\best.pt,p2_win,1.0,74
781,models_9x9\best.pt,models_9x9_heads\best.pt,models_9x9\best.pt,models_9x9_heads\best.pt,p1_win,1.0,75
782,models_9x9\best.pt,models_9x9_heads\best.pt,models_9x9_heads\best.pt,models_9x9\best.pt,p1_win,0.0,73
783,models_9x9\best.pt,models_9x9_heads\best.pt,models_9x9\best.pt,models_9x9_heads\best.pt,p1_win,1.0,79
784,models_9x9\best.pt,models_9x9_heads\best.pt,models_9x9_heads\best.pt,models_9x9\best.pt,p1_win,0.0,77
785,models_9x9\best.pt,models_9x9_heads\best.pt,models_9x9\best.pt,models_9x9_heads\best.pt,p1_win,1.0,79
786,models_9x9\best.pt,models_9x9_heads\best.pt,models_9x9_heads\best.pt,models_9x9\best.pt,p2_win,1.0,74
787,models_9x9\best.pt,models_9x9_heads\best.pt,models_9x9\best.pt,models_9x9_heads\best.pt,p2_win,0.0,78
788,models_9x9\best.pt,models_9x9_heads\best.pt,models_9x9\best.pt,models_9x9_heads\best.pt,p1_win,1.0,71
789,models_9x9\best.pt,models_9x9_heads\best.pt,models_9x9_heads\best.pt,models_9x9\best.pt,p2_win,1.0,86
790,models_9x9\best.pt,models_9x9_heads\best.pt,models_9x9_heads\best.pt,models_9x9\best.pt,p2_win,1.0,76
791,models_9x9\best.pt,models_9x9_heads\best.pt,models_9x9_heads\best.pt,models_9x9\best.pt,p1_win,0.0,73
792,models_9x9\best.pt,models_9x9_heads\best.pt,models_9x9_heads\best.pt,models_9x9\best.pt,p2_win,1.0,84
793,models_9x9\best.pt,models_9x9_heads\best.pt,models_9x9_heads\best.pt,models_9x9\best.pt,p1_win,0.0,71
794,models_9x9\best.pt,models_9x9_heads\best.pt,models_9x9_heads\best.pt,models_9x9\best.pt,p2_win,1.0,84
795,models_9x9\best.pt,models_9x9_heads\best.pt,models_9x9_heads\best.pt,models_9x9\best.pt,p2_win,1.0,90
796,models_9x9\best.pt,models_9x9_heads\best.pt,models_9x9_heads\best.pt,models_9x9\best.pt,p1_win,0.0,79
797,models_9x9\best.pt,models_9x9_heads\best.pt,models_9x9\best.pt,models_9x9_heads\best.pt,p2_win,0.0,70
798,models_9x9\best.pt,models_9x9_heads\best.pt,models_9x9\best.pt,models_9x9_heads\best.pt,p1_win,1.0,71
799,models_9x9\best.pt,models_9x9_heads\best.pt,models_9x9_heads\best.pt,models_9x9\best.pt,p2_win,1.0,72
800,models_9x9\best.pt,models_9x9_heads\best.pt,models_9x9_heads\best.pt,models_9x9\best.pt,p2_win,1.0,76
801,models_9x9\best.pt,models_9x9_heads\best.pt,models_9x9\best.pt,models_9x9_heads\best.pt,p2_win,0.0,72
802,models_9x9\best.pt,models_9x9_heads\best.pt,models_9x9\best.pt,models_9x9_heads\best.pt,p2_win,0.0,78
803,models_9x9\best.pt,models_9x9_heads\best.pt,models_9x9_heads\best.pt,models_9x9\best.pt,p1_win,0.0,77
804,models_9x9\best.pt,models_9x9_heads\best.pt,models_9x9\best.pt,models_9x9_heads\best.pt,p2_win,0.0,80
805,models_9x9\best.pt,models_9x9_heads\best.pt,models_9x9\best.pt,models_9x9_heads\best.pt,p2_win,0.0,80
806,models_9x9\best.pt,models_9x9_heads\best.pt,models_9x9\best.pt,models_9x9_heads\best.pt,p2_win,0.0,80
807,models_9x9\best.pt,models_9x9_heads\best.pt,models_9x9_heads\best.pt,models_9x9\best.pt,p2_win,1.0,74
808,models_9x9\best.pt,models_9x9_heads\best.pt,models_9x9_heads\best.pt,models_9x9\best.pt,p2_win,1.0,84
809,models_9x9\best.pt,models_9x9_heads\best.pt,models_9x9_heads\best.pt,models_9x9\best.pt,p2_win,1.0,72
810,models_9x9\best.pt,models_9x9_heads\best.pt,models_9x9_heads\best.pt,models_9x9\best.pt,p1_win,0.0,83
811,models_9x9\best.pt,models_9x9_heads\best.pt,models_9x9\best.pt,models_9x9_heads\best.pt,draw,0.5,92
812,models_9x9\best.pt,models_9x9_heads\best.pt,models_9x9_heads\best.pt,models_9x9\best.pt,p1_win,0.0,73
813,models_9x9\best.pt,models_9x9_heads\best.pt,models_9x9_heads\best.pt,models_9x9\best.pt,p1_win,0.0,71
814,models_9x9\best.pt,models_9x9_heads\best.pt,models_9x9_heads\best.pt,models_9x9\best.pt,p1_win,0.0,73
815,models_9x9\best.pt,models_9x9_heads\best.pt,models_9x9_heads\best.pt,models_9x9\best.pt,p1_win,0.0,87
816,models_9x9\best.pt,models_9x9_heads\best.pt,models_9x9_heads\best.pt,models_9x9\best.pt,p2_win,1.0,74
817,models_9x9\best.pt,models_9x9_heads\best.pt,models_9x9_heads\best.pt,models_9x9\best.pt,p1_win,0.0,79
818,models_9x9\best.pt,models_9x9_heads\best.pt,models_9x9\best.pt,models_9x9_heads\best.pt,p1_win,1.0,77
819,models_9x9\best.pt,models_9x9_heads\best.pt,models_9x9\best.pt,models_9x9_heads\best.pt,p1_win,1.0,83
820,models_9x9\best.pt,models_9x9_heads\best.pt,models_9x9\best.pt,models_9x9_heads\best.pt,p2_win,0.0,72
821,models_9x9\best.pt,models_9x9_heads\best.pt,models_9x9\best.pt,models_9x9_heads\best.pt,p2_win,0.0,76
822,models_9x9\best.pt,models_9x9_heads\best.pt,models_9x9_heads\best.pt,models_9x9\best.pt,p2_win,1.0,84
823,models_9x9\best.pt,models_9x9_heads\best.pt,models_9x9_heads\best.pt,models_9x9\best.pt,p1_win,0.0,79
824,models_9x9\best.pt,models_9x9_heads\best.pt,models_9x9_heads\best.pt,models_9x9\best.pt,p2_win,1.0,78
825,models_9x9\best.pt,models_9x9_heads\best.pt,models_9x9\best.pt,models_9x9_heads\best.pt,p1_win,1.0,79
826,models_9x9\best.pt,models_9x9_heads\best.pt,models_9x9_heads\best.pt,models_9x9\best.pt,p1_win,0.0,75
827,models_9x9\best.pt,models_9x9_heads\best.pt,models_9x9\best.pt,models_9x9_heads\best.pt,p2_win,0.0,78
828,models_9x9\best.pt,models_9x9_heads\best.pt,models_9x9\best.pt,models_9x9_heads\best.pt,p2_win,0.0,86
829,models_9x9\best.pt,models_9x9_heads\best.pt,models_9x9_heads\best.pt,models_9x9\best.pt,p2_win,1.0,82
830,models_9x9\best.pt,models_9x9_heads\best.pt,models_9x9\best.pt,models_9x9_heads\best.pt,p1_win,1.0,83
831,models_9x9\best.pt,models_9x9_heads\best.pt,models_9x9_heads\best.pt,models_9x9\best.pt,p2_win,1.0,78
832,models_9x9\best.pt,models_9x9_heads\best.pt,models_9x9_heads\best.pt,models_9x9\best.pt,p1_win,0.0,77
833,models_9x9\best.pt,models_9x9_heads\best.pt,models_9x9\best.pt,models_9x9_heads\best.pt,p2_win,0.0,82
834,models_9x9\best.pt,models_9x9_heads\best.pt,models_9x9_heads\best.pt,models_9x9\best.pt,p1_win,0.0,75
835,models_9x9\best.pt,models_9x9_heads\best.pt,models_9x9_heads\best.pt,models_9x9\best.pt,p1_win,0.0,81
836,models_9x9\best.pt,models_9x9_heads\best.pt,models_9x9_heads\best.pt,models_9x9\best.pt,p1_win,0.0,89
837,models_9x9\best.pt,models_9x9_heads\best.pt,models_9x9\best.pt,models_9x9_heads\best.pt,p1_win,1.0,77
838,models_9x9\best.pt,models_9x9_heads\best.pt,models_9x9\best.pt,models_9x9_heads\best.pt,p2_win,0.0,80
839,models_9x9\best.pt,models_9x9_heads\best.pt,models_9x9\best.pt,models_9x9_heads\best.pt,p2_win,0.0,76
840,models_9x9\best.pt,models_9x9_heads\best.pt,models_9x9_heads\best.pt,models_9x9\best.pt,p1_win,0.0,73
841,models_9x9\best.pt,models_9x9_heads\best.pt,models_9x9_heads\best.pt,models_9x9\best.pt,p2_win,1.0,76
842,models_9x9\best.pt,models_9x9_heads\best.pt,models_9x9_heads\best.pt,models_9x9\best.pt,p2_win,1.0,76
843,models_9x9\best.pt,models_9x9_heads\best.pt,models_9x9\best.pt,models_9x9_heads\best.pt,p2_win,0.0,76
844,models_9x9\best.pt,models_9x9_heads\best.pt,models_9x9\best.pt,models_9x9_heads\best.pt,p1_win,1.0,83
845,models_9x9\best.pt,models_9x9_heads\best.pt,models_9x9\best.pt,models_9x9_heads\best.pt,p1_win,1.0,85
846,models_9x9\best.pt,models_9x9_heads\best.pt,models_9x9\best.pt,models_9x9_heads\best.pt,p1_win,1.0,83
847,models_9x9\best.pt,models_9x9_heads\best.pt,models_9x9_heads\best.pt,models_9x9\best.pt,p2_win,1.0,74
848,models_9x9\best.pt,models_9x9_heads\best.pt,models_9x9_heads\best.pt,models_9x9\best.pt,p2_win,1.0,78
849,models_9x9\best.pt,models_9x9_heads\best.pt,models_9x9\best.pt,models_9x9_heads\best.pt,p2_win,0.0,88
850,models_9x9\best.pt,models_9x9_heads\best.pt,models_9x9_heads\best.pt,models_9x9\best.pt,p2_win,1.0,80
851,models_9x9\best.pt,models_9x9_heads\best.pt,models_9x9\best.pt,models_9x9_heads\best.pt,p2_win,0.0,84
852,models_9x9\best.pt,models_9x9_heads\best.pt,models_9x9\best.pt,models_9x9_heads\best.pt,p1_win,1.0,85
853,models_9x9\best.pt,models_9x9_heads\best.pt,models_9x9\best.pt,models_9x9_heads\best.pt,p2_win,0.0,76
854,models_9x9\best.pt,models_9x9_heads\best.pt,models_9x9_heads\best.pt,models_9x9\best.pt,p2_win,1.0,76
855,models_9x9\best.pt,models_9x9_heads\best.pt,models_9x9_heads\best.pt,models_9x9\best.pt,p1_win,0.0,83
856,models_9x9\best.pt,models_9x9_heads\best.pt,models_9x9\best.pt,models_9x9_heads\best.pt,p1_win,1.0,83
857,models_9x9\best.pt,models_9x9_heads\best.pt,models_9x9_heads\best.pt,models_9x9\best.pt,p1_win,0.0,79
858,models_9x9\best.pt,models_9x9_heads\best.pt,models_9x9_heads\best.pt,models_9x9\best.pt,p2_win,1.0,76
859,models_9x9\best.pt,models_9x9_heads\best.pt,models_9x9_heads\best.pt,models_9x9\best.pt,p1_win,0.0,77
860,models_9x9\best.pt,models_9x9_heads\best.pt,models_9x9\best.pt,models_9x9_heads\best.pt,p2_win,0.0,76
861,models_9x9\best.pt,models_9x9_heads\best.pt,models_9x9_heads\best.pt,models_9x9\best.pt,p1_win,0.0,81
862,models_9x9\best.pt,models_9x9_heads\best.pt,models_9x9\best.pt,models_9x9_heads\best.pt,p1_win,1.0,79
863,models_9x9\best.pt,models_9x9_heads\best.pt,models_9x9_heads\best.pt,models_9x9\best.pt,p1_win,0.0,81
864,models_9x9\best.pt,models_9x9_heads\best.pt,models_9x9_heads\best.pt,models_9x9\best.pt,p1_win,0.0,81
865,models_9x9\best.pt,models_9x9_heads\best.pt,models_9x9_heads\best.pt,models_9x9\best.pt,p2_win,1.0,88
866,models_9x9\best.pt,models_9x9_heads\best.pt,models_9x9\best.pt,models_9x9_heads\best.pt,p1_win,1.0,73
867,models_9x9\best.pt,models_9x9_heads\best.pt,models_9x9_heads\best.pt,models_9x9\best.pt,p1_win,0.0,85
868,models_9x9\best.pt,models_9x9_heads\best.pt,models_9x9\best.pt,models_9x9_heads\best.pt,p2_win,0.0,82
869,models_9x9\best.pt,models_9x9_heads\best.pt,models_9x9\best.pt,models_9x9_heads\best.pt,p1_win,1.0,75
870,models_9x9\best.pt,models_9x9_heads\best.pt,models_9x9_heads\best.pt,models_9x9\best.pt,p1_win,0.0,83
871,models_9x9\best.pt,models_9x9_heads\best.pt,models_9x9\best.pt,models_9x9_heads\best.pt,p1_win,1.0,79
872,models_9x9\best.pt,models_9x9_heads\best.pt,models_9x9\best.pt,models_9x9_heads\best.pt,p1_win,1.0,77
873,models_9x9\best.pt,models_9x9_heads\best.pt,models_9x9_heads\best.pt,models_9x9\best.pt,p1_win,0.0,79
874,models_9x9\best.pt,models_9x9_heads\best.pt,models_9x9\best.pt,models_9x9_heads\best.pt,p2_win,0.0,94
875,models_9x9\best.pt,models_9x9_heads\best.pt,models_9x9\best.pt,models_9x9_heads\best.pt,p1_win,1.0,77
876,models_9x9\best.pt,models_9x9_heads\best.pt,models_9x9\best.pt,models_9x9_heads\best.pt,p2_win,0.0,80
877,models_9x9\best.pt,models_9x9_heads\best.pt,models_9x9_heads\best.pt,models_9x9\best.pt,p1_win,0.0,79
878,models_9x9\best.pt,models_9x9_heads\best.pt,models_9x9\best.pt,models_9x9_heads\best.pt,p1_win,1.0,81
879,models_9x9\best.pt,models_9x9_heads\best.pt,models_9x9\best.pt,models_9x9_heads\best.pt,p2_win,0.0,82
880,models_9x9\best.pt,models_9x9_heads\best.pt,models_9x9_heads\best.pt,models_9x9\best.pt,p1_win,0.0,77
881,models_9x9\best.pt,models_9x9_heads\best.pt,models_9x9_heads\best.pt,models_9x9\best.pt,p2_win,1.0,82
882,models_9x9\best.pt,models_9x9_heads\best.pt,models_9x9\best.pt,models_9x9_heads\best.pt,p1_win,1.0,77
883,models_9x9\best.pt,models_9x9_heads\best.pt,models_9x9_heads\best.pt,models_9x9\best.pt,p1_win,0.0,85
884,models_9x9\best.pt,models_9x9_heads\best.pt,models_9x9\best.pt,models_9x9_heads\best.pt,p1_win,1.0,77
885,models_9x9\best.pt,models_9x9_heads\best.pt,models_9x9\best.pt,models_9x9_heads\best.pt,p1_win,1.0,81
886,models_9x9\best.pt,models_9x9_heads\best.pt,models_9x9\best.pt,models_9x9_heads\best.pt,p1_win,1.0,85
887,models_9x9\best.pt,models_9x9_heads\best.pt,models_9x9_heads\best.pt,models_9x9\best.pt,p2_win,1.0,84
888,models_9x9\best.pt,models_9x9_heads\best.pt,models_9x9\best.pt,models_9x9_heads\best.pt,p1_win,1.0,83
889,models_9x9\best.pt,models_9x9_heads\best.pt,models_9x9_heads\best.pt,models_9x9\best.pt,p1_win,0.0,79
890,models_9x9\best.pt,models_9x9_heads\best.pt,models_9x9_heads\best.pt,models_9x9\best.pt,p1_win,0.0,77
891,models_9x9\best.pt,models_9x9_heads\best.pt,models_9x9\best.pt,models_9x9_heads\best.pt,p2_win,0.0,82
892,models_9x9\best.pt,models_9x9_heads\best.pt,models_9x9_heads\best.pt,models_9x9\best.pt,p1_win,0.0,81
893,models_9x9\best.pt,models_9x9_heads\best.pt,models_9x9_heads\best.pt,models_9x9\best.pt,p2_win,1.0,84
894,models_9x9\best.pt,models_9x9_heads\best.pt,models_9x9_heads\best.pt,models_9x9\best.pt,p1_win,0.0,83
895,models_9x9\best.pt,models_9x9_heads\best.pt,models_9x9_heads\best.pt,models_9x9\best.pt,p2_win,1.0,86
896,models_9x9\best.pt,models_9x9_heads\best.pt,models_9x9\best.pt,models_9x9_heads\best.pt,p2_win,0.0,86
897,models_9x9\best.pt,models_9x9_heads\best.pt,models_9x9\best.pt,models_9x9_heads\best.pt,p2_win,0.0,94
898,models_9x9\best.pt,models_9x9_heads\best.pt,models_9x9\best.pt,models_9x9_heads\best.pt,p1_win,1.0,93
899,models_9x9\best.pt,models_9x9_heads\best.pt,models_9x9\best.pt,models_9x9_heads\best.pt,p2_win,0.0,80
900,models_9x9\best.pt,models_9x9_heads\best.pt,models_9x9\best.pt,models_9x9_heads\best.pt,p2_win,0.0,82
901,models_9x9\best.pt,models_9x9_heads\best.pt,models_9x9\best.pt,models_9x9_heads\best.pt,p2_win,0.0,82
902,models_9x9\best.pt,models_9x9_heads\best.pt,models_9x9\best.pt,models_9x9_heads\best.pt,p1_win,1.0,87
903,models_9x9\best.pt,models_9x9_heads\best.pt,models_9x9_heads\best.pt,models_9x9\best.pt,p1_win,0.0,93
904,models_9x9\best.pt,models_9x9_heads\best.pt,models_9x9_heads\best.pt,models_9x9\best.pt,p2_win,1.0,86
905,models_9x9\best.pt,models_9x9_heads\best.pt,models_9x9\best.pt,models_9x9_heads\best.pt,p1_win,1.0,91
906,models_9x9\best.pt,models_9x9_heads\best.pt,models_9x9\best.pt,models_9x9_heads\best.pt,p2_win,0.0,82
907,models_9x9\best.pt,models_9x9_heads\best.pt,models_9x9\best.pt,models_9x9_heads\best.pt,p1_win,1.0,83
908,models_9x9\best.pt,models_9x9_heads\best.pt,models_9x9\best.pt,models_9x9_heads\best.pt,p2_win,0.0,84
909,models_9x9\best.pt,models_9x9_heads\best.pt,models_9x9\best.pt,models_9x9_heads\best.pt,p2_win,0.0,84
910,models_9x9\best.pt,models_9x9_heads\best.pt,models_9x9_heads\best.pt,models_9x9\best.pt,p2_win,1.0,80
911,models_9x9\best.pt,models_9x9_heads\best.pt,models_9x9_heads\best.pt,models_9x9\best.pt,p1_win,0.0,89
912,models_9x9\best.pt,models_9x9_heads\best.pt,models_9x9\best.pt,models_9x9_heads\best.pt,p2_win,0.0,84
913,models_9x9\best.pt,models_9x9_heads\best.pt,models_9x9_heads\best.pt,models_9x9\best.pt,p1_win,0.0,89
914,models_9x9\best.pt,models_9x9_heads\best.pt,models_9x9\best.pt,models_9x9_heads\best.pt,p1_win,1.0,87
915,models_9x9\best.pt,models_9x9_heads\best.pt,models_9x9\best.pt,models_9x9_heads\best.pt,p2_win,0.0,86
916,models_9x9\best.pt,models_9x9_heads\best.pt,models_9x9_heads\best.pt,models_9x9\best.pt,p1_win,0.0,87
917,models_9x9\best.pt,models_9x9_heads\best.pt,models_9x9_heads\best.pt,models_9x9\best.pt,p2_win,1.0,86
918,models_9x9\best.pt,models_9x9_heads\best.pt,models_9x9\best.pt,models_9x9_heads\best.pt,p1_win,1.0,89
919,models_9x9\best.pt,models_9x9_heads\best.pt,models_9x9_heads\best.pt,models_9x9\best.pt,p2_win,1.0,86
920,models_9x9\best.pt,models_9x9_heads\best.pt,models_9x9_heads\best.pt,models_9x9\best.pt,p2_win,1.0,90
921,models_9x9\best.pt,models_9x9_heads\best.pt,models_9x9_heads\best.pt,models_9x9\best.pt,p1_win,0.0,87
922,models_9x9\best.pt,models_9x9_heads\best.pt,models_9x9_heads\best.pt,models_9x9\best.pt,p2_win,1.0,94
923,models_9x9\best.pt,models_9x9_heads\best.pt,models_9x9\best.pt,models_9x9_heads\best.pt,p2_win,0.0,86
924,models_9x9\best.pt,models_9x9_heads\best.pt,models_9x9_heads\best.pt,models_9x9\best.pt,p2_win,1.0,86
925,models_9x9\best.pt,models_9x9_heads\best.pt,models_9x9_heads\best.pt,models_9x9\best.pt,p1_win,0.0,83
926,models_9x9\best.pt,models_9x9_heads\best.pt,models_9x9\best.pt,models_9x9_heads\best.pt,p1_win,1.0,85
927,models_9x9\best.pt,models_9x9_heads\best.pt,models_9x9\best.pt,models_9x9_heads\best.pt,p2_win,0.0,86
928,models_9x9\best.pt,models_9x9_heads\best.pt,models_9x9_heads\best.pt,models_9x9\best.pt,p1_win,0.0,89
929,models_9x9\best.pt,models_9x9_heads\best.pt,models_9x9_heads\best.pt,models_9x9\best.pt,p2_win,1.0,90
930,models_9x9\best.pt,models_9x9_heads\best.pt,models_9x9_heads\best.pt,models_9x9\best.pt,p1_win,0.0,85
931,models_9x9\best.pt,models_9x9_heads\best.pt,models_9x9\best.pt,models_9x9_heads\best.pt,p2_win,0.0,86
932,models_9x9\best.pt,models_9x9_heads\best.pt,models_9x9\best.pt,models_9x9_heads\best.pt,p2_win,0.0,86
933,models_9x9\best.pt,models_9x9_heads\best.pt,models_9x9_heads\best.pt,models_9x9\best.pt,p1_win,0.0,87
934,models_9x9\best.pt,models_9x9_heads\best.pt,models_9x9_heads\best.pt,models_9x9\best.pt,p2_win,1.0,90
935,models_9x9\best.pt,models_9x9_heads\best.pt,models_9x9_heads\best.pt,models_9x9\best.pt,p2_win,1.0,92
936,models_9x9\best.pt,models_9x9_heads\best.pt,models_9x9_heads\best.pt,models_9x9\best.pt,p1_win,0.0,87
937,models_9x9\best.pt,models_9x9_heads\best.pt,models_9x9\best.pt,models_9x9_heads\best.pt,p1_win,1.0,83
938,models_9x9\best.pt,models_9x9_heads\best.pt,models_9x9\best.pt,models_9x9_heads\best.pt,p2_win,0.0,88
939,models_9x9\best.pt,models_9x9_heads\best.pt,models_9x9_heads\best.pt,models_9x9\best.pt,p1_win,0.0,93
940,models_9x9\best.pt,models_9x9_heads\best.pt,models_9x9_heads\best.pt,models_9x9\best.pt,p1_win,0.0,93
941,models_9x9\best.pt,models_9x9_heads\best.pt,models_9x9_heads\best.pt,models_9x9\best.pt,p2_win,1.0,100
942,models_9x9\best.pt,models_9x9_heads\best.pt,models_9x9_heads\best.pt,models_9x9\best.pt,p2_win,1.0,86
943,models_9x9\best.pt,models_9x9_heads\best.pt,models_9x9_heads\best.pt,models_9x9\best.pt,p2_win,1.0,98
944,models_9x9\best.pt,models_9x9_heads\best.pt,models_9x9_heads\best.pt,models_9x9\best.pt,p1_win,0.0,87
945,models_9x9\best.pt,models_9x9_heads\best.pt,models_9x9\best.pt,models_9x9_heads\best.pt,p2_win,0.0,92
946,models_9x9\best.pt,models_9x9_heads\best.pt,models_9x9_heads\best.pt,models_9x9\best.pt,p1_win,0.0,87
947,models_9x9\best.pt,models_9x9_heads\best.pt,models_9x9\best.pt,models_9x9_heads\best.pt,p1_win,1.0,97
948,models_9x9\best.pt,models_9x9_heads\best.pt,models_9x9\best.pt,models_9x9_heads\best.pt,p2_win,0.0,90
949,models_9x9\best.pt,models_9x9_heads\best.pt,models_9x9\best.pt,models_9x9_heads\best.pt,p1_win,1.0,93
950,models_9x9\best.pt,models_9x9_heads\best.pt,models_9x9\best.pt,models_9x9_heads\best.pt,p1_win,1.0,85
951,models_9x9\best.pt,models_9x9_heads\best.pt,models_9x9_heads\best.pt,models_9x9\best.pt,p1_win,0.0,89
952,models_9x9\best.pt,models_9x9_heads\best.pt,models_9x9\best.pt,models_9x9_heads\best.pt,p1_win,1.0,95
953,models_9x9\best.pt,models_9x9_heads\best.pt,models_9x9_heads\best.pt,models_9x9\best.pt,p1_win,0.0,87
954,models_9x9\best.pt,models_9x9_heads\best.pt,models_9x9\best.pt,models_9x9_heads\best.pt,draw,0.5,100
955,models_9x9\best.pt,models_9x9_heads\best.pt,models_9x9\best.pt,models_9x9_heads\best.pt,draw,0.5,87
956,models_9x9\best.pt,models_9x9_heads\best.pt,models_9x9\best.pt,models_9x9_heads\best.pt,draw,0.5,94
957,models_9x9\best.pt,models_9x9_heads\best.pt,models_9x9\best.pt,models_9x9_heads\best.pt,p2_win,0.0,98
958,models_9x9\best.pt,models_9x9_heads\best.pt,models_9x9\best.pt,models_9x9_heads\best.pt,p2_win,0.0,90
959,models_9x9\best.pt,models_9x9_heads\best.pt,models_9x9\best.pt,models_9x9_heads\best.pt,p2_win,0.0,88
960,models_9x9\best.pt,models_9x9_heads\best.pt,models_9x9_heads\best.pt,models_9x9\best.pt,p2_win,1.0,96
961,models_9x9\best.pt,models_9x9_heads\best.pt,models_9x9_heads\best.pt,models_9x9\best.pt,p1_win,0.0,99
962,models_9x9\best.pt,models_9x9_heads\best.pt,models_9x9_heads\best.pt,models_9x9\best.pt,p1_win,0.0,89
963,models_9x9\best.pt,models_9x9_heads\best.pt,models_9x9_heads\best.pt,models_9x9\best.pt,p2_win,1.0,94
964,models_9x9\best.pt,models_9x9_heads\best.pt,models_9x9_heads\best.pt,models_9x9\best.pt,p2_win,1.0,94
965,models_9x9\best.pt,models_9x9_heads\best.pt,models_9x9_heads\best.pt,models_9x9\best.pt,p2_win,1.0,88
966,models_9x9\best.pt,models_9x9_heads\best.pt,models_9x9\best.pt,models_9x9_heads\best.pt,p1_win,1.0,93
967,models_9x9\best.pt,models_9x9_heads\best.pt,models_9x9\best.pt,models_9x9_heads\best.pt,p2_win,0.0,90
968,models_9x9\best.pt,models_9x9_heads\best.pt,models_9x9\best.pt,models_9x9_heads\best.pt,p1_win,1.0,95
969,models_9x9\best.pt,models_9x9_heads\best.pt,models_9x9\best.pt,models_9x9_heads\best.pt,p2_win,0.0,90
970,models_9x9\best.pt,models_9x9_heads\best.pt,models_9x9\best.pt,models_9x9_heads\best.pt,p1_win,1.0,91
971,models_9x9\best.pt,models_9x9_heads\best.pt,models_9x9_heads\best.pt,models_9x9\best.pt,p1_win,0.0,99
972,models_9x9\best.pt,models_9x9_heads\best.pt,models_9x9_heads\best.pt,models_9x9\best.pt,p2_win,1.0,96
973,models_9x9\best.pt,models_9x9_heads\best.pt,models_9x9\best.pt,models_9x9_heads\best.pt,p1_win,1.0,97
974,models_9x9\best.pt,models_9x9_heads\best.pt,models_9x9\best.pt,models_9x9_heads\best.pt,p2_win,0.0,92
975,models_9x9\best.pt,models_9x9_heads\best.pt,models_9x9_heads\best.pt,models_9x9\best.pt,draw,0.5,100
976,models_9x9\best.pt,models_9x9_heads\best.pt,models_9x9_heads\best.pt,models_9x9\best.pt,p1_win,0.0,95
977,models_9x9\best.pt,models_9x9_heads\best.pt,models_9x9_heads\best.pt,models_9x9\best.pt,p1_win,0.0,91
978,models_9x9\best.pt,models_9x9_heads\best.pt,models_9x9_heads\best.pt,models_9x9\best.pt,p1_win,0.0,93
979,models_9x9\best.pt,models_9x9_heads\best.pt,models_9x9_heads\best.pt,models_9x9\best.pt,p1_win,0.0,95
980,models_9x9\best.pt,models_9x9_heads\best.pt,models_9x9\best.pt,models_9x9_heads\best.pt,p1_win,1.0,97
981,models_9x9\best.pt,models_9x9_heads\best.pt,models_9x9\best.pt,models_9x9_heads\best.pt,draw,0.5,100
982,models_9x9\best.pt,models_9x9_heads\best.pt,models_9x9_heads\best.pt,models_9x9\best.pt,draw,0.5,100
983,models_9x9\best.pt,models_9x9_heads\best.pt,models_9x9_heads\best.pt,models_9x9\best.pt,draw,0.5,100
984,models_9x9\best.pt,models_9x9_heads\best.pt,models_9x9_heads\best.pt,models_9x9\best.pt,draw,0.5,100
985,models_9x9\best.pt,models_9x9_heads\best.pt,models_9x9\best.pt,models_9x9_heads\best.pt,draw,0.5,100
986,models_9x9\best.pt,models_9x9_heads\best.pt,models_9x9_heads\best.pt,models_9x9\best.pt,draw,0.5,100
987,models_9x9\best.pt,models_9x9_heads\best.pt,models_9x9_heads\best.pt,models_9x9\best.pt,draw,0.5,100
988,models_9x9\best.pt,models_9x9_heads\best.pt,models_9x9_heads\best.pt,models_9x9\best.pt,p1_win,0.0,91
989,models_9x9\best.pt,models_9x9_heads\best.pt,models_9x9_heads\best.pt,models_9x9\best.pt,draw,0.5,100
990,models_9x9\best.pt,models_9x9_heads\best.pt,models_9x9\best.pt,models_9x9_heads\best.pt,draw,0.5,100
991,models_9x9\best.pt,models_9x9_heads\best.pt,models_9x9_heads\best.pt,models_9x9\best.pt,p1_win,0.0,95
992,models_9x9\best.pt,models_9x9_heads\best.pt,models_9x9\best.pt,models_9x9_heads\best.pt,draw,0.5,98
993,models_9x9\best.pt,models_9x9_heads\best.pt,models_9x9_heads\best.pt,models_9x9\best.pt,draw,0.5,100
994,models_9x9\best.pt,models_9x9_heads\best.pt,models_9x9_heads\best.pt,models_9x9\best.pt,p2_win,1.0,100
995,models_9x9\best.pt,models_9x9_heads\best.pt,models_9x9_heads\best.pt,models_9x9\best.pt,p1_win,0.0,95
996,models_9x9\best.pt,models_9x9_heads\best.pt,models_9x9_heads\best.pt,models_9x9\best.pt,draw,0.5,100
997,models_9x9\best.pt,models_9x9_heads\best.pt,models_9x9\best.pt,models_9x9_heads\best.pt,draw,0.5,100
998,models_9x9\best.pt,models_9x9_heads\best.pt,models_9x9\best.pt,models_9x9_heads\best.pt,draw,0.5,100
999,models_9x9\best.pt,models_9x9_heads\best.pt,models_9x9\best.pt,models_9x9_heads\best.pt,draw,0.5,100
1000,models_9x9\best.pt,models_9x9_heads\best.pt,models_9x9_heads\best.pt,models_9x9\best.pt,p1_win,0.0,95
1001,models_9x9\best.pt,models_9x9_heads\best.pt,models_9x9_heads\best.pt,models_9x9\best.pt,draw,0.5,100
1002,models_9x9\best.pt,models_9x9_heads\best.pt,models_9x9\best.pt,models_9x9_heads\best.pt,p1_win,1.0,93
1003,models_9x9\best.pt,models_9x9_heads\best.pt,models_9x9\best.pt,models_9x9_heads\best.pt,draw,0.5,100
1004,models_9x9\best.pt,models_9x9_heads\best.pt,models_9x9_heads\best.pt,models_9x9\best.pt,draw,0.5,100
1005,models_9x9\best.pt,models_9x9_heads\best.pt,models_9x9_heads\best.pt,models_9x9\best.pt,draw,0.5,100
1006,models_9x9\best.pt,models_9x9_heads\best.pt,models_9x9\best.pt,models_9x9_heads\best.pt,draw,0.5,100
1007,models_9x9\best.pt,models_9x9_heads\best.pt,models_9x9_heads\best.pt,models_9x9\best.pt,draw,0.5,100
1008,models_9x9\best.pt,models_9x9_heads\best.pt,models_9x9_heads\best.pt,models_9x9\best.pt,draw,0.5,100
1009,models_9x9\best.pt,models_9x9_heads\best.pt,models_9x9_heads\best.pt,models_9x9\best.pt,draw,0.5,100
1010,models_9x9\best.pt,models_9x9_heads\best.pt,models_9x9\best.pt,models_9x9_heads\best.pt,p2_win,0.0,98
1011,models_9x9\best.pt,models_9x9_heads\best.pt,models_9x9\best.pt,models_9x9_heads\best.pt,draw,0.5,100
1012,models_9x9\best.pt,models_9x9_heads\best.pt,models_9x9_heads\best.pt,models_9x9\best.pt,draw,0.5,100
1013,models_9x9\best.pt,models_9x9_heads\best.pt,models_9x9_heads\best.pt,models_9x9\best.pt,draw,0.5,100
1014,models_9x9\best.pt,models_9x9_heads\best.pt,models_9x9_heads\best.pt,models_9x9\best.pt,p2_win,1.0,100
1015,models_9x9\best.pt,models_9x9_heads\best.pt,models_9x9_heads\best.pt,models_9x9\best.pt,p1_win,0.0,99
1016,models_9x9\best.pt,models_9x9_heads\best.pt,models_9x9\best.pt,models_9x9_heads\best.pt,draw,0.5,100
1017,models_9x9\best.pt,models_9x9_heads\best.pt,models_9x9_heads\best.pt,models_9x9\best.pt,draw,0.5,100
1018,models_9x9\best.pt,models_9x9_heads\best.pt,models_9x9_heads\best.pt,models_9x9\best.pt,draw,0.5,100
1019,models_9x9\best.pt,models_9x9_heads\best.pt,models_9x9\best.pt,models_9x9_heads\best.pt,draw,0.5,100
1020,models_9x9\best.pt,models_9x9_heads\best.pt,models_9x9\best.pt,models_9x9_heads\best.pt,draw,0.5,100
1021,models_9x9\best.pt,models_9x9_heads\best.pt,models_9x9\best.pt,models_9x9_heads\best.pt,draw,0.5,100
1022,models_9x9\best.pt,models_9x9_heads\best.pt,models_9x9_heads\best.pt,models_9x9\best.pt,draw,0.5,100
1023,models_9x9\best.pt,models_9x9_heads\best.pt,models_9x9_heads\best.pt,models_9x9\best.pt,draw,0.5,100
1024,models_9x9\best.pt,models_9x9_heads\best.pt,models_9x9\best.pt,models_9x9_heads\best.pt,p2_win,0.0,100
