game,agent_a,agent_b,player1,player2,result,score_for_a,plies
1,models_9x9\best.pt,models_9x9\checkpoints\cycle_0186.pt,models_9x9\checkpoints\cycle_0186.pt,models_9x9\best.pt,p1_win,0.0,29
2,models_9x9\best.pt,models_9x9\checkpoints\cycle_0186.pt,models_9x9\checkpoints\cycle_0186.pt,models_9x9\best.pt,p1_win,0.0,33
3,models_9x9\best.pt,models_9x9\checkpoints\cycle_0186.pt,models_9x9\checkpoints\cycle_0186.pt,models_9x9\best.pt,p1_win,0.0,35
4,models_9x9\best.pt,models_9x9\checkpoints\cycle_0186.pt,models_9x9\checkpoints\cycle_0186.pt,models_9x9\best.pt,p1_win,0.0,35
5,models_9x9\best.pt,models_9x9\checkpoints\cycle_0186.pt,models_9x9\checkpoints\cycle_0186.pt,models_9x9\best.pt,p1_win,0.0,35
6,models_9x9\best.pt,models_9x9\checkpoints\cycle_0186.pt,models_9x9\checkpoints\cycle_0186.pt,models_9x9\best.pt,p2_win,1.0,38
7,models_9x9\best.pt,models_9x9\checkpoints\cycle_0186.pt,models_9x9\checkpoints\cycle_0186.pt,models_9x9\best.pt,p1_win,0.0,37
8,models_9x9\best.pt,models_9x9\checkpoints\cycle_0186.pt,models_9x9\checkpoints\cycle_0186.pt,models_9x9\best.pt,p1_win,0.0,37
9,models_9x9\best.pt,models_9x9\checkpoints\cycle_0186.pt,models_9x9\checkpoints\cycle_0186.pt,models_9x9\best.pt,p2_win,1.0,38
10,models_9x9\best.pt,models_9x9\checkpoints\cycle_0186.pt,models_9x9\checkpoints\cycle_0186.pt,models_9x9\best.pt,p1_win,0.0,37
11,models_9x9\best.pt,models_9x9\checkpoints\cycle_0186.pt,models_9x9\checkpoints\cycle_0186.pt,models_9x9\best.pt,p1_win,0.0,37
12,models_9x9\best.pt,models_9x9\checkpoints\cycle_0186.pt,models_9x9\checkpoints\cycle_0186.pt,models_9x9\best.pt,p1_win,0.0,37
13,models_9x9\best.pt,models_9x9\checkpoints\cycle_0186.pt,models_9x9\checkpoints\cycle_0186.pt,models_9x9\best.pt,p1_win,0.0,37
14,models_9x9\best.pt,models_9x9\checkpoints\cycle_0186.pt,models_9x9\checkpoints\cycle_0186.pt,models_9x9\best.pt,p1_win,0.0,41
15,models_9x9\best.pt,models_9x9\checkpoints\cycle_0186.pt,models_9x9\checkpoints\cycle_0186.pt,models_9x9\best.pt,p1_win,0.0,39
16,models_9x9\best.pt,models_9x9\checkpoints\cycle_0186.pt,models_9x9\checkpoints\cycle_0186.pt,models_9x9\best.pt,p2_win,1.0,40
17,models_9x9\best.pt,models_9x9\checkpoints\cycle_0186.pt,models_9x9\checkpoints\cycle_0186.pt,models_9x9\best.pt,p1_win,0.0,39
18,models_9x9\best.pt,models_9x9\checkpoints\cycle_0186.pt,models_9x9\checkpoints\cycle_0186.pt,models_9x9\best.pt,p1_win,0.0,39
19,models_9x9\best.pt,models_9x9\checkpoints\cycle_0186.pt,models_9x9\checkpoints\cycle_0186.pt,models_9x9\best.pt,p1_win,0.0,41
20,models_9x9\best.pt,models_9x9\checkpoints\cycle_0186.pt,models_9x9\checkpoints\cycle_0186.pt,models_9x9\best.pt,p1_win,0.0,49
21,models_9x9\best.pt,models_9x9\checkpoints\cycle_0186.pt,models_9x9\checkpoints\cycle_0186.pt,models_9x9\best.pt,p1_win,0.0,39
22,models_9x9\best.pt,models_9x9\checkpoints\cycle_0186.pt,models_9x9\checkpoints\cycle_0186.pt,models_9x9\best.pt,p1_win,0.0,41
23,models_9x9\best.pt,models_9x9\checkpoints\cycle_0186.pt,models_9x9\checkpoints\cycle_0186.pt,models_9x9\best.pt,p2_win,1.0,40
24,models_9x9\best.pt,models_9x9\checkpoints\cycle_0186.pt,models_9x9\checkpoints\cycle_0186.pt,models_9x9\best.pt,p2_win,1.0,40
25,models_9x9\best.pt,models_9x9\checkpoints\cycle_0186.pt,models_9x9\checkpoints\cycle_0186.pt,models_9x9\best.pt,p1_win,0.0,41
26,models_9x9\best.pt,models_9x9\checkpoints\cycle_0186.pt,models_9x9\checkpoints\cycle_0186.pt,models_9x9\best.pt,p1_win,0.0,41
27,models_9x9\best.pt,models_9x9\checkpoints\cycle_0186.pt,models_9x9\checkpoints\cycle_0186.pt,models_9x9\best.pt,p1_win,0.0,41
28,models_9x9\best.pt,models_9x9\checkpoints\cycle_0186.pt,models_9x9\checkpoints\cycle_0186.pt,models_9x9\best.pt,p1_win,0.0,41
29,models_9x9\best.pt,models_9x9\checkpoints\cycle_0186.pt,models_9x9\checkpoints\cycle_0186.pt,models_9x9\best.pt,p1_win,0.0,41
30,models_9x9\best.pt,models_9x9\checkpoints\cycle_0186.pt,models_9x9\checkpoints\cycle_0186.pt,models_9x9\best.pt,p1_win,0.0,43
31,models_9x9\best.pt,models_9x9\checkpoints\cycle_0186.pt,models_9x9\checkpoints\cycle_0186.pt,models_9x9\best.pt,p1_win,0.0,41
32,models_9x9\best.pt,models_9x9\checkpoints\cycle_0186.pt,models_9x9\checkpoints\cycle_0186.pt,models_9x9\best.pt,p1_win,0.0,41
33,models_9x9\best.pt,models_9x9\checkpoints\cycle_0186.pt,models_9x9\checkpoints\cycle_0186.pt,models_9x9\best.pt,p2_win,1.0,54
34,models_9x9\best.pt,models_9x9\checkpoints\cycle_0186.pt,models_9x9\checkpoints\cycle_0186.pt,models_9x9\best.pt,p1_win,0.0,41
35,models_9x9\best.pt,models_9x9\checkpoints\cycle_0186.pt,models_9x9\checkpoints\cycle_0186.pt,models_9x9\best.pt,p1_win,0.0,47
36,models_9x9\best.pt,models_9x9\checkpoints\cycle_0186.pt,models_9x9\checkpoints\cycle_0186.pt,models_9x9\best.pt,p1_win,0.0,43
37,models_9x9\best.pt,models_9x9\checkpoints\cycle_0186.pt,models_9x9\checkpoints\cycle_0186.pt,models_9x9\best.pt,p2_win,1.0,42
38,models_9x9\best.pt,models_9x9\checkpoints\cycle_0186.pt,models_9x9\checkpoints\cycle_0186.pt,models_9x9\best.pt,p1_win,0.0,43
39,models_9x9\best.pt,models_9x9\checkpoints\cycle_0186.pt,models_9x9\checkpoints\cycle_0186.pt,models_9x9\best.pt,p2_win,1.0,42
40,models_9x9\best.pt,models_9x9\checkpoints\cycle_0186.pt,models_9x9\checkpoints\cycle_0186.pt,models_9x9\best.pt,p1_win,0.0,45
41,models_9x9\best.pt,models_9x9\checkpoints\cycle_0186.pt,models_9x9\checkpoints\cycle_0186.pt,models_9x9\best.pt,p1_win,0.0,59
42,models_9x9\best.pt,models_9x9\checkpoints\cycle_0186.pt,models_9x9\checkpoints\cycle_0186.pt,models_9x9\best.pt,p1_win,0.0,59
43,models_9x9\best.pt,models_9x9\checkpoints\cycle_0186.pt,models_9x9\checkpoints\cycle_0186.pt,models_9x9\best.pt,p2_win,1.0,48
44,models_9x9\best.pt,models_9x9\checkpoints\cycle_0186.pt,models_9x9\checkpoints\cycle_0186.pt,models_9x9\best.pt,p1_win,0.0,45
45,models_9x9\best.pt,models_9x9\checkpoints\cycle_0186.pt,models_9x9\checkpoints\cycle_0186.pt,models_9x9\best.pt,p1_win,0.0,43
46,models_9x9\best.pt,models_9x9\checkpoints\cycle_0186.pt,models_9x9\checkpoints\cycle_0186.pt,models_9x9\best.pt,p1_win,0.0,43
47,models_9x9\best.pt,models_9x9\checkpoints\cycle_0186.pt,models_9x9\checkpoints\cycle_0186.pt,models_9x9\best.pt,p1_win,0.0,43
48,models_9x9\best.pt,models_9x9\checkpoints\cycle_0186.pt,models_9x9\checkpoints\cycle_0186.pt,models_9x9\best.pt,p1_win,0.0,43
49,models_9x9\best.pt,models_9x9\checkpoints\cycle_0186.pt,models_9x9\checkpoints\cycle_0186.pt,models_9x9\best.pt,p1_win,0.0,47
50,models_9x9\best.pt,models_9x9\checkpoints\cycle_0186.pt,models_9x9\checkpoints\cycle_0186.pt,models_9x9\best.pt,p2_win,1.0,44
51,models_9x9\best.pt,models_9x9\checkpoints\cycle_0186.pt,models_9x9\checkpoints\cycle_0186.pt,models_9x9\best.pt,p1_win,0.0,51
52,models_9x9\best.pt,models_9x9\checkpoints\cycle_0186.pt,models_9x9\checkpoints\cycle_0186.pt,models_9x9\best.pt,p1_win,0.0,45
53,models_9x9\best.pt,models_9x9\checkpoints\cycle_0186.pt,models_9x9\checkpoints\cycle_0186.pt,models_9x9\best.pt,p1_win,0.0,45
54,models_9x9\best.pt,models_9x9\checkpoints\cycle_0186.pt,models_9x9\checkpoints\cycle_0186.pt,models_9x9\best.pt,p1_win,0.0,59
55,models_9x9\best.pt,models_9x9\checkpoints\cycle_0186.pt,models_9x9\checkpoints\cycle_0186.pt,models_9x9\best.pt,p2_win,1.0,44
56,models_9x9\best.pt,models_9x9\checkpoints\cycle_0186.pt,models_9x9\checkpoints\cycle_0186.pt,models_9x9\best.pt,p1_win,0.0,45
57,models_9x9\best.pt,models_9x9\checkpoints\cycle_0186.pt,models_9x9\checkpoints\cycle_0186.pt,models_9x9\best.pt,p1_win,0.0,45
58,models_9x9\best.pt,models_9x9\checkpoints\cycle_0186.pt,models_9x9\checkpoints\cycle_0186.pt,models_9x9\best.pt,p2_win,1.0,54
59,models_9x9\best.pt,models_9x9\checkpoints\cycle_0186.pt,models_9x9\best.pt,models_9x9\checkpoints\cycle_0186.pt,p1_win,1.0,51
60,models_9x9\best.pt,models_9x9\checkpoints\cycle_0186.pt,models_9x9\checkpoints\cycle_0186.pt,models_9x9\best.pt,p2_win,1.0,56
61,models_9x9\best.pt,models_9x9\checkpoints\cycle_0186.pt,models_9x9\checkpoints\cycle_0186.pt,models_9x9\best.pt,p1_win,0.0,51
62,models_9x9\best.pt,models_9x9\checkpoints\cycle_0186.pt,models_9x9\checkpoints\cycle_0186.pt,models_9x9\best.pt,p1_win,0.0,45
63,models_9x9\best.pt,models_9x9\checkpoints\cycle_0186.pt,models_9x9\checkpoints\cycle_0186.pt,models_9x9\best.pt,p1_win,0.0,45
64,models_9x9\best.pt,models_9x9\checkpoints\cycle_0186.pt,models_9x9\checkpoints\cycle_0186.pt,models_9x9\best.pt,p1_win,0.0,47
65,models_9x9\best.pt,models_9x9\checkpoints\cycle_0186.pt,models_9x9\checkpoints\cycle_0186.pt,models_9x9\best.pt,p1_win,0.0,57
66,models_9x9\best.pt,models_9x9\checkpoints\cycle_0186.pt,models_9x9\checkpoints\cycle_0186.pt,models_9x9\best.pt,p1_win,0.0,49
67,models_9x9\best.pt,models_9x9\checkpoints\cycle_0186.pt,models_9x9\checkpoints\cycle_0186.pt,models_9x9\best.pt,p1_win,0.0,47
68,models_9x9\best.pt,models_9x9\checkpoints\cycle_0186.pt,models_9x9\checkpoints\cycle_0186.pt,models_9x9\best.pt,p2_win,1.0,50
69,models_9x9\best.pt,models_9x9\checkpoints\cycle_0186.pt,models_9x9\checkpoints\cycle_0186.pt,models_9x9\best.pt,p1_win,0.0,47
70,models_9x9\best.pt,models_9x9\checkpoints\cycle_0186.pt,models_9x9\checkpoints\cycle_0186.pt,models_9x9\best.pt,p2_win,1.0,48
71,models_9x9\best.pt,models_9x9\checkpoints\cycle_0186.pt,models_9x9\checkpoints\cycle_0186.pt,models_9x9\best.pt,p1_win,0.0,49
72,models_9x9\best.pt,models_9x9\checkpoints\cycle_0186.pt,models_9x9\checkpoints\cycle_0186.pt,models_9x9\best.pt,p1_win,0.0,55
73,models_9x9\best.pt,models_9x9\checkpoints\cycle_0186.pt,models_9x9\checkpoints\cycle_0186.pt,models_9x9\best.pt,p1_win,0.0,47
74,models_9x9\best.pt,models_9x9\checkpoints\cycle_0186.pt,models_9x9\checkpoints\cycle_0186.pt,models_9x9\best.pt,p1_win,0.0,51
75,models_9x9\best.pt,models_9x9\checkpoints\cycle_0186.pt,models_9x9\checkpoints\cycle_0186.pt,models_9x9\best.pt,p1_win,0.0,53
76,models_9x9\best.pt,models_9x9\checkpoints\cycle_0186.pt,models_9x9\checkpoints\cycle_0186.pt,models_9x9\best.pt,p1_win,0.0,49
77,models_9x9\best.pt,models_9x9\checkpoints\cycle_0186.pt,models_9x9\checkpoints\cycle_0186.pt,models_9x9\best.pt,p2_win,1.0,50
78,models_9x9\best.pt,models_9x9\checkpoints\cycle_0186.pt,models_9x9\checkpoints\cycle_0186.pt,models_9x9\best.pt,p1_win,0.0,47
79,models_9x9\best.pt,models_9x9\checkpoints\cycle_0186.pt,models_9x9\checkpoints\cycle_0186.pt,models_9x9\best.pt,p1_win,0.0,51
80,models_9x9\best.pt,models_9x9\checkpoints\cycle_0186.pt,models_9x9\checkpoints\cycle_0186.pt,models_9x9\best.pt,p1_win,0.0,47
81,models_9x9\best.pt,models_9x9\checkpoints\cycle_0186.pt,models_9x9\checkpoints\cycle_0186.pt,models_9x9\best.pt,p1_win,0.0,49
82,models_9x9\best.pt,models_9x9\checkpoints\cycle_0186.pt,models_9x9\checkpoints\cycle_0186.pt,models_9x9\best.pt,p1_win,0.0,47
83,models_9x9\best.pt,models_9x9\checkpoints\cycle_0186.pt,models_9x9\checkpoints\cycle_0186.pt,models_9x9\best.pt,p2_win,1.0,54
84,models_9x9\best.pt,models_9x9\checkpoints\cycle_0186.pt,models_9x9\checkpoints\cycle_0186.pt,models_9x9\best.pt,p2_win,1.0,56
85,models_9x9\best.pt,models_9x9\checkpoints\cycle_0186.pt,models_9x9\checkpoints\cycle_0186.pt,models_9x9\best.pt,p1_win,0.0,53
86,models_9x9\best.pt,models_9x9\checkpoints\cycle_0186.pt,models_9x9\checkpoints\cycle_0186.pt,models_9x9\best.pt,p1_win,0.0,51
87,models_9x9\best.pt,models_9x9\checkpoints\cycle_0186.pt,models_9x9\checkpoints\cycle_0186.pt,models_9x9\best.pt,p2_win,1.0,50
88,models_9x9\best.pt,models_9x9\checkpoints\cycle_0186.pt,models_9x9\checkpoints\cycle_0186.pt,models_9x9\best.pt,p1_win,0.0,51
89,models_9x9\best.pt,models_9x9\checkpoints\cycle_0186.pt,models_9x9\checkpoints\cycle_0186.pt,models_9x9\best.pt,p1_win,0.0,47
90,models_9x9\best.pt,models_9x9\checkpoints\cycle_0186.pt,models_9x9\checkpoints\cycle_0186.pt,models_9x9\best.pt,p2_win,1.0,60
91,models_9x9\best.pt,models_9x9\checkpoints\cycle_0186.pt,models_9x9\checkpoints\cycle_0186.pt,models_9x9\best.pt,p1_win,0.0,47
92,models_9x9\best.pt,models_9x9\checkpoints\cycle_0186.pt,models_9x9\checkpoints\cycle_0186.pt,models_9x9\best.pt,p1_win,0.0,47
93,models_9x9\best.pt,models_9x9\checkpoints\cycle_0186.pt,models_9x9\best.pt,models_9x9\checkpoints\cycle_0186.pt,p1_win,1.0,55
94,models_9x9\best.pt,models_9x9\checkpoints\cycle_0186.pt,models_9x9\checkpoints\cycle_0186.pt,models_9x9\best.pt,p2_win,1.0,48
95,models_9x9\best.pt,models_9x9\checkpoints\cycle_0186.pt,models_9x9\checkpoints\cycle_0186.pt,models_9x9\best.pt,p1_win,0.0,55
96,models_9x9\best.pt,models_9x9\checkpoints\cycle_0186.pt,models_9x9\checkpoints\cycle_0186.pt,models_9x9\best.pt,p1_win,0.0,49
97,models_9x9\best.pt,models_9x9\checkpoints\cycle_0186.pt,models_9x9\checkpoints\cycle_0186.pt,models_9x9\best.pt,p2_win,1.0,48
98,models_9x9\best.pt,models_9x9\checkpoints\cycle_0186.pt,models_9x9\checkpoints\cycle_0186.pt,models_9x9\best.pt,p1_win,0.0,49
99,models_9x9\best.pt,models_9x9\checkpoints\cycle_0186.pt,models_9x9\checkpoints\cycle_0186.pt,models_9x9\best.pt,p2_win,1.0,48
100,models_9x9\best.pt,models_9x9\checkpoints\cycle_0186.pt,models_9x9\checkpoints\cycle_0186.pt,models_9x9\best.pt,p1_win,0.0,51
101,models_9x9\best.pt,models_9x9\checkpoints\cycle_0186.pt,models_9x9\checkpoints\cycle_0186.pt,models_9x9\best.pt,p2_win,1.0,48
102,models_9x9\best.pt,models_9x9\checkpoints\cycle_0186.pt,models_9x9\checkpoints\cycle_0186.pt,models_9x9\best.pt,p1_win,0.0,61
103,models_9x9\best.pt,models_9x9\checkpoints\cycle_0186.pt,models_9x9\checkpoints\cycle_0186.pt,models_9x9\best.pt,p1_win,0.0,49
104,models_9x9\best.pt,models_9x9\checkpoints\cycle_0186.pt,models_9x9\checkpoints\cycle_0186.pt,models_9x9\best.pt,p1_win,0.0,63
105,models_9x9\best.pt,models_9x9\checkpoints\cycle_0186.pt,models_9x9\checkpoints\cycle_0186.pt,models_9x9\best.pt,p1_win,0.0,57
106,models_9x9\best.pt,models_9x9\checkpoints\cycle_0186.pt,models_9x9\checkpoints\cycle_0186.pt,models_9x9\best.pt,p1_win,0.0,51
107,models_9x9\best.pt,models_9x9\checkpoints\cycle_0186.pt,models_9x9\checkpoints\cycle_0186.pt,models_9x9\best.pt,p2_win,1.0,52
108,models_9x9\best.pt,models_9x9\checkpoints\cycle_0186.pt,models_9x9\checkpoints\cycle_0186.pt,models_9x9\best.pt,p2_win,1.0,50
109,models_9x9\best.pt,models_9x9\checkpoints\cycle_0186.pt,models_9x9\checkpoints\cycle_0186.pt,models_9x9\best.pt,p2_win,1.0,52
110,models_9x9\best.pt,models_9x9\checkpoints\cycle_0186.pt,models_9x9\checkpoints\cycle_0186.pt,models_9x9\best.pt,p1_win,0.0,49
111,models_9x9\best.pt,models_9x9\checkpoints\cycle_0186.pt,models_9x9\checkpoints\cycle_0186.pt,models_9x9\best.pt,p2_win,1.0,56
112,models_9x9\best.pt,models_9x9\checkpoints\cycle_0186.pt,models_9x9\checkpoints\cycle_0186.pt,models_9x9\best.pt,p1_win,0.0,51
113,models_9x9\best.pt,models_9x9\checkpoints\cycle_0186.pt,models_9x9\checkpoints\cycle_0186.pt,models_9x9\best.pt,p1_win,0.0,53
114,models_9x9\best.pt,models_9x9\checkpoints\cycle_0186.pt,models_9x9\checkpoints\cycle_0186.pt,models_9x9\best.pt,p1_win,0.0,63
115,models_9x9\best.pt,models_9x9\checkpoints\cycle_0186.pt,models_9x9\checkpoints\cycle_0186.pt,models_9x9\best.pt,p2_win,1.0,56
116,models_9x9\best.pt,models_9x9\checkpoints\cycle_0186.pt,models_9x9\checkpoints\cycle_0186.pt,models_9x9\best.pt,p1_win,0.0,59
117,models_9x9\best.pt,models_9x9\checkpoints\cycle_0186.pt,models_9x9\best.pt,models_9x9\checkpoints\cycle_0186.pt,p2_win,0.0,52
118,models_9x9\best.pt,models_9x9\checkpoints\cycle_0186.pt,models_9x9\checkpoints\cycle_0186.pt,models_9x9\best.pt,p1_win,0.0,51
119,models_9x9\best.pt,models_9x9\checkpoints\cycle_0186.pt,models_9x9\checkpoints\cycle_0186.pt,models_9x9\best.pt,p2_win,1.0,52
120,models_9x9\best.pt,models_9x9\checkpoints\cycle_0186.pt,models_9x9\checkpoints\cycle_0186.pt,models_9x9\best.pt,p1_win,0.0,51
121,models_9x9\best.pt,models_9x9\checkpoints\cycle_0186.pt,models_9x9\best.pt,models_9x9\checkpoints\cycle_0186.pt,p1_win,1.0,49
122,models_9x9\best.pt,models_9x9\checkpoints\cycle_0186.pt,models_9x9\checkpoints\cycle_0186.pt,models_9x9\best.pt,p2_win,1.0,52
123,models_9x9\best.pt,models_9x9\checkpoints\cycle_0186.pt,models_9x9\checkpoints\cycle_0186.pt,models_9x9\best.pt,p2_win,1.0,52
124,models_9x9\best.pt,models_9x9\checkpoints\cycle_0186.pt,models_9x9\checkpoints\cycle_0186.pt,models_9x9\best.pt,p2_win,1.0,52
125,models_9x9\best.pt,models_9x9\checkpoints\cycle_0186.pt,models_9x9\checkpoints\cycle_0186.pt,models_9x9\best.pt,p1_win,0.0,59
126,models_9x9\best.pt,models_9x9\checkpoints\cycle_0186.pt,models_9x9\checkpoints\cycle_0186.pt,models_9x9\best.pt,p2_win,1.0,50
127,models_9x9\best.pt,models_9x9\checkpoints\cycle_0186.pt,models_9x9\checkpoints\cycle_0186.pt,models_9x9\best.pt,p2_win,1.0,60
128,models_9x9\best.pt,models_9x9\checkpoints\cycle_0186.pt,models_9x9\checkpoints\cycle_0186.pt,models_9x9\best.pt,p2_win,1.0,56
129,models_9x9\best.pt,models_9x9\checkpoints\cycle_0186.pt,models_9x9\checkpoints\cycle_0186.pt,models_9x9\best.pt,p1_win,0.0,51
130,models_9x9\best.pt,models_9x9\checkpoints\cycle_0186.pt,models_9x9\checkpoints\cycle_0186.pt,models_9x9\best.pt,p1_win,0.0,51
131,models_9x9\best.pt,models_9x9\checkpoints\cycle_0186.pt,models_9x9\checkpoints\cycle_0186.pt,models_9x9\best.pt,p2_win,1.0,64
132,models_9x9\best.pt,models_9x9\checkpoints\cycle_0186.pt,models_9x9\checkpoints\cycle_0186.pt,models_9x9\best.pt,p1_win,0.0,55
133,models_9x9\best.pt,models_9x9\checkpoints\cycle_0186.pt,models_9x9\checkpoints\cycle_0186.pt,models_9x9\best.pt,p1_win,0.0,63
134,models_9x9\best.pt,models_9x9\checkpoints\cycle_0186.pt,models_9x9\checkpoints\cycle_0186.pt,models_9x9\best.pt,p2_win,1.0,52
135,models_9x9\best.pt,models_9x9\checkpoints\cycle_0186.pt,models_9x9\checkpoints\cycle_0186.pt,models_9x9\best.pt,p1_win,0.0,51
136,models_9x9\best.pt,models_9x9\checkpoints\cycle_0186.pt,models_9x9\checkpoints\cycle_0186.pt,models_9x9\best.pt,p1_win,0.0,63
137,models_9x9\best.pt,models_9x9\checkpoints\cycle_0186.pt,models_9x9\checkpoints\cycle_0186.pt,models_9x9\best.pt,p1_win,0.0,65
138,models_9x9\best.pt,models_9x9\checkpoints\cycle_0186.pt,models_9x9\best.pt,models_9x9\checkpoints\cycle_0186.pt,p1_win,1.0,51
139,models_9x9\best.pt,models_9x9\checkpoints\cycle_0186.pt,models_9x9\checkpoints\cycle_0186.pt,models_9x9\best.pt,p1_win,0.0,51
140,models_9x9\best.pt,models_9x9\checkpoints\cycle_0186.pt,models_9x9\checkpoints\cycle_0186.pt,models_9x9\best.pt,p2_win,1.0,62
141,models_9x9\best.pt,models_9x9\checkpoints\cycle_0186.pt,models_9x9\checkpoints\cycle_0186.pt,models_9x9\best.pt,p2_win,1.0,56
142,models_9x9\best.pt,models_9x9\checkpoints\cycle_0186.pt,models_9x9\checkpoints\cycle_0186.pt,models_9x9\best.pt,p1_win,0.0,59
143,models_9x9\best.pt,models_9x9\checkpoints\cycle_0186.pt,models_9x9\checkpoints\cycle_0186.pt,models_9x9\best.pt,p1_win,0.0,55
144,models_9x9\best.pt,models_9x9\checkpoints\cycle_0186.pt,models_9x9\checkpoints\cycle_0186.pt,models_9x9\best.pt,p1_win,0.0,51
145,models_9x9\best.pt,models_9x9\checkpoints\cycle_0186.pt,models_9x9\best.pt,models_9x9\checkpoints\cycle_0186.pt,p1_win,1.0,51
146,models_9x9\best.pt,models_9x9\checkpoints\cycle_0186.pt,models_9x9\checkpoints\cycle_0186.pt,models_9x9\best.pt,p2_win,1.0,56
147,models_9x9\best.pt,models_9x9\checkpoints\cycle_0186.pt,models_9x9\checkpoints\cycle_0186.pt,models_9x9\best.pt,p1_win,0.0,61
148,models_9x9\best.pt,models_9x9\checkpoints\cycle_0186.pt,models_9x9\checkpoints\cycle_0186.pt,models_9x9\best.pt,p2_win,1.0,56
149,models_9x9\best.pt,models_9x9\checkpoints\cycle_0186.pt,models_9x9\checkpoints\cycle_0186.pt,models_9x9\best.pt,p2_win,1.0,62
150,models_9x9\best.pt,models_9x9\checkpoints\cycle_0186.pt,models_9x9\checkpoints\cycle_0186.pt,models_9x9\best.pt,p2_win,1.0,60
151,models_9x9\best.pt,models_9x9\checkpoints\cycle_0186.pt,models_9x9\checkpoints\cycle_0186.pt,models_9x9\best.pt,p1_win,0.0,57
152,models_9x9\best.pt,models_9x9\checkpoints\cycle_0186.pt,models_9x9\checkpoints\cycle_0186.pt,models_9x9\best.pt,p1_win,0.0,55
153,models_9x9\best.pt,models_9x9\checkpoints\cycle_0186.pt,models_9x9\checkpoints\cycle_0186.pt,models_9x9\best.pt,p1_win,0.0,53
154,models_9x9\best.pt,models_9x9\checkpoints\cycle_0186.pt,models_9x9\checkpoints\cycle_0186.pt,models_9x9\best.pt,p2_win,1.0,56
155,models_9x9\best.pt,models_9x9\checkpoints\cycle_0186.pt,models_9x9\checkpoints\cycle_0186.pt,models_9x9\best.pt,p2_win,1.0,62
156,models_9x9\best.pt,models_9x9\checkpoints\cycle_0186.pt,models_9x9\checkpoints\cycle_0186.pt,models_9x9\best.pt,p1_win,0.0,55
157,models_9x9\best.pt,models_9x9\checkpoints\cycle_0186.pt,models_9x9\checkpoints\cycle_0186.pt,models_9x9\best.pt,p1_win,0.0,63
158,models_9x9\best.pt,models_9x9\checkpoints\cycle_0186.pt,models_9x9\checkpoints\cycle_0186.pt,models_9x9\best.pt,p1_win,0.0,55
159,models_9x9\best.pt,models_9x9\checkpoints\cycle_0186.pt,models_9x9\checkpoints\cycle_0186.pt,models_9x9\best.pt,p1_win,0.0,53
160,models_9x9\best.pt,models_9x9\checkpoints\cycle_0186.pt,models_9x9\checkpoints\cycle_0186.pt,models_9x9\best.pt,p2_win,1.0,64
161,models_9x9\best.pt,models_9x9\checkpoints\cycle_0186.pt,models_9x9\checkpoints\cycle_0186.pt,models_9x9\best.pt,p2_win,1.0,52
162,models_9x9\best.pt,models_9x9\checkpoints\cycle_0186.pt,models_9x9\checkpoints\cycle_0186.pt,models_9x9\best.pt,p1_win,0.0,53
163,models_9x9\best.pt,models_9x9\checkpoints\cycle_0186.pt,models_9x9\checkpoints\cycle_0186.pt,models_9x9\best.pt,p2_win,1.0,56
164,models_9x9\best.pt,models_9x9\checkpoints\cycle_0186.pt,models_9x9\checkpoints\cycle_0186.pt,models_9x9\best.pt,p1_win,0.0,51
165,models_9x9\best.pt,models_9x9\checkpoints\cycle_0186.pt,models_9x9\checkpoints\cycle_0186.pt,models_9x9\best.pt,p2_win,1.0,56
166,models_9x9\best.pt,models_9x9\checkpoints\cycle_0186.pt,models_9x9\checkpoints\cycle_0186.pt,models_9x9\best.pt,p1_win,0.0,67
167,models_9x9\best.pt,models_9x9\checkpoints\cycle_0186.pt,models_9x9\checkpoints\cycle_0186.pt,models_9x9\best.pt,p1_win,0.0,53
168,models_9x9\best.pt,models_9x9\checkpoints\cycle_0186.pt,models_9x9\checkpoints\cycle_0186.pt,models_9x9\best.pt,p2_win,1.0,56
169,models_9x9\best.pt,models_9x9\checkpoints\cycle_0186.pt,models_9x9\checkpoints\cycle_0186.pt,models_9x9\best.pt,p1_win,0.0,53
170,models_9x9\best.pt,models_9x9\checkpoints\cycle_0186.pt,models_9x9\checkpoints\cycle_0186.pt,models_9x9\best.pt,p1_win,0.0,53
171,models_9x9\best.pt,models_9x9\checkpoints\cycle_0186.pt,models_9x9\checkpoints\cycle_0186.pt,models_9x9\best.pt,p2_win,1.0,52
172,models_9x9\best.pt,models_9x9\checkpoints\cycle_0186.pt,models_9x9\checkpoints\cycle_0186.pt,models_9x9\best.pt,p2_win,1.0,62
173,models_9x9\best.pt,models_9x9\checkpoints\cycle_0186.pt,models_9x9\checkpoints\cycle_0186.pt,models_9x9\best.pt,p2_win,1.0,54
174,models_9x9\best.pt,models_9x9\checkpoints\cycle_0186.pt,models_9x9\checkpoints\cycle_0186.pt,models_9x9\best.pt,p1_win,0.0,55
175,models_9x9\best.pt,models_9x9\checkpoints\cycle_0186.pt,models_9x9\checkpoints\cycle_0186.pt,models_9x9\best.pt,p1_win,0.0,55
176,models_9x9\best.pt,models_9x9\checkpoints\cycle_0186.pt,models_9x9\checkpoints\cycle_0186.pt,models_9x9\best.pt,p2_win,1.0,54
177,models_9x9\best.pt,models_9x9\checkpoints\cycle_0186.pt,models_9x9\checkpoints\cycle_0186.pt,models_9x9\best.pt,p2_win,1.0,54
178,models_9x9\best.pt,models_9x9\checkpoints\cycle_0186.pt,models_9x9\best.pt,models_9x9\checkpoints\cycle_0186.pt,p1_win,1.0,53
179,models_9x9\best.pt,models_9x9\checkpoints\cycle_0186.pt,models_9x9\checkpoints\cycle_0186.pt,models_9x9\best.pt,p2_win,1.0,58
180,models_9x9\best.pt,models_9x9\checkpoints\cycle_0186.pt,models_9x9\checkpoints\cycle_0186.pt,models_9x9\best.pt,p1_win,0.0,53
181,models_9x9\best.pt,models_9x9\checkpoints\cycle_0186.pt,models_9x9\best.pt,models_9x9\checkpoints\cycle_0186.pt,p1_win,1.0,53
182,models_9x9\best.pt,models_9x9\checkpoints\cycle_0186.pt,models_9x9\checkpoints\cycle_0186.pt,models_9x9\best.pt,p2_win,1.0,56
183,models_9x9\best.pt,models_9x9\checkpoints\cycle_0186.pt,models_9x9\best.pt,models_9x9\checkpoints\cycle_0186.pt,p1_win,1.0,55
184,models_9x9\best.pt,models_9x9\checkpoints\cycle_0186.pt,models_9x9\checkpoints\cycle_0186.pt,models_9x9\best.pt,p1_win,0.0,53
185,models_9x9\best.pt,models_9x9\checkpoints\cycle_0186.pt,models_9x9\checkpoints\cycle_0186.pt,models_9x9\best.pt,p1_win,0.0,57
186,models_9x9\best.pt,models_9x9\checkpoints\cycle_0186.pt,models_9x9\checkpoints\cycle_0186.pt,models_9x9\best.pt,p1_win,0.0,55
187,models_9x9\best.pt,models_9x9\checkpoints\cycle_0186.pt,models_9x9\checkpoints\cycle_0186.pt,models_9x9\best.pt,p1_win,0.0,55
188,models_9x9\best.pt,models_9x9\checkpoints\cycle_0186.pt,models_9x9\checkpoints\cycle_0186.pt,models_9x9\best.pt,p1_win,0.0,55
189,models_9x9\best.pt,models_9x9\checkpoints\cycle_0186.pt,models_9x9\checkpoints\cycle_0186.pt,models_9x9\best.pt,p1_win,0.0,69
190,models_9x9\best.pt,models_9x9\checkpoints\cycle_0186.pt,models_9x9\checkpoints\cycle_0186.pt,models_9x9\best.pt,p1_win,0.0,67
191,models_9x9\best.pt,models_9x9\checkpoints\cycle_0186.pt,models_9x9\checkpoints\cycle_0186.pt,models_9x9\best.pt,p2_win,1.0,54
192,models_9x9\best.pt,models_9x9\checkpoints\cycle_0186.pt,models_9x9\checkpoints\cycle_0186.pt,models_9x9\best.pt,p1_win,0.0,55
193,models_9x9\best.pt,models_9x9\checkpoints\cycle_0186.pt,models_9x9\checkpoints\cycle_0186.pt,models_9x9\best.pt,p1_win,0.0,55
194,models_9x9\best.pt,models_9x9\checkpoints\cycle_0186.pt,models_9x9\best.pt,models_9x9\checkpoints\cycle_0186.pt,p1_win,1.0,57
195,models_9x9\best.pt,models_9x9\checkpoints\cycle_0186.pt,models_9x9\checkpoints\cycle_0186.pt,models_9x9\best.pt,p1_win,0.0,55
196,models_9x9\best.pt,models_9x9\checkpoints\cycle_0186.pt,models_9x9\best.pt,models_9x9\checkpoints\cycle_0186.pt,p1_win,1.0,55
197,models_9x9\best.pt,models_9x9\checkpoints\cycle_0186.pt,models_9x9\checkpoints\cycle_0186.pt,models_9x9\best.pt,p2_win,1.0,58
198,models_9x9\best.pt,models_9x9\checkpoints\cycle_0186.pt,models_9x9\checkpoints\cycle_0186.pt,models_9x9\best.pt,p2_win,1.0,58
199,models_9x9\best.pt,models_9x9\checkpoints\cycle_0186.pt,models_9x9\checkpoints\cycle_0186.pt,models_9x9\best.pt,p1_win,0.0,59
200,models_9x9\best.pt,models_9x9\checkpoints\cycle_0186.pt,models_9x9\checkpoints\cycle_0186.pt,models_9x9\best.pt,p1_win,0.0,55
201,models_9x9\best.pt,models_9x9\checkpoints\cycle_0186.pt,models_9x9\checkpoints\cycle_0186.pt,models_9x9\best.pt,p2_win,1.0,64
202,models_9x9\best.pt,models_9x9\checkpoints\cycle_0186.pt,models_9x9\checkpoints\cycle_0186.pt,models_9x9\best.pt,p2_win,1.0,60
203,models_9x9\best.pt,models_9x9\checkpoints\cycle_0186.pt,models_9x9\best.pt,models_9x9\checkpoints\cycle_0186.pt,p1_win,1.0,55
204,models_9x9\best.pt,models_9x9\checkpoints\cycle_0186.pt,models_9x9\best.pt,models_9x9\checkpoints\cycle_0186.pt,p1_win,1.0,55
205,models_9x9\best.pt,models_9x9\checkpoints\cycle_0186.pt,models_9x9\best.pt,models_9x9\checkpoints\cycle_0186.pt,p1_win,1.0,57
206,models_9x9\best.pt,models_9x9\checkpoints\cycle_0186.pt,models_9x9\checkpoints\cycle_0186.pt,models_9x9\best.pt,p1_win,0.0,57
207,models_9x9\best.pt,models_9x9\checkpoints\cycle_0186.pt,models_9x9\checkpoints\cycle_0186.pt,models_9x9\best.pt,p1_win,0.0,63
208,models_9x9\best.pt,models_9x9\checkpoints\cycle_0186.pt,models_9x9\checkpoints\cycle_0186.pt,models_9x9\best.pt,p2_win,1.0,60
209,models_9x9\best.pt,models_9x9\checkpoints\cycle_0186.pt,models_9x9\best.pt,models_9x9\checkpoints\cycle_0186.pt,p1_win,1.0,59
210,models_9x9\best.pt,models_9x9\checkpoints\cycle_0186.pt,models_9x9\best.pt,models_9x9\checkpoints\cycle_0186.pt,p1_win,1.0,55
211,models_9x9\best.pt,models_9x9\checkpoints\cycle_0186.pt,models_9x9\best.pt,models_9x9\checkpoints\cycle_0186.pt,p1_win,1.0,55
212,models_9x9\best.pt,models_9x9\checkpoints\cycle_0186.pt,models_9x9\checkpoints\cycle_0186.pt,models_9x9\best.pt,p1_win,0.0,55
213,models_9x9\best.pt,models_9x9\checkpoints\cycle_0186.pt,models_9x9\checkpoints\cycle_0186.pt,models_9x9\best.pt,p2_win,1.0,56
214,models_9x9\best.pt,models_9x9\checkpoints\cycle_0186.pt,models_9x9\checkpoints\cycle_0186.pt,models_9x9\best.pt,p1_win,0.0,55
215,models_9x9\best.pt,models_9x9\checkpoints\cycle_0186.pt,models_9x9\checkpoints\cycle_0186.pt,models_9x9\best.pt,p1_win,0.0,55
216,models_9x9\best.pt,models_9x9\checkpoints\cycle_0186.pt,models_9x9\checkpoints\cycle_0186.pt,models_9x9\best.pt,p1_win,0.0,59
217,models_9x9\best.pt,models_9x9\checkpoints\cycle_0186.pt,models_9x9\checkpoints\cycle_0186.pt,models_9x9\best.pt,p2_win,1.0,56
218,models_9x9\best.pt,models_9x9\checkpoints\cycle_0186.pt,models_9x9\best.pt,models_9x9\checkpoints\cycle_0186.pt,p1_win,1.0,55
219,models_9x9\best.pt,models_9x9\checkpoints\cycle_0186.pt,models_9x9\checkpoints\cycle_0186.pt,models_9x9\best.pt,p1_win,0.0,57
220,models_9x9\best.pt,models_9x9\checkpoints\cycle_0186.pt,models_9x9\checkpoints\cycle_0186.pt,models_9x9\best.pt,p2_win,1.0,68
221,models_9x9\best.pt,models_9x9\checkpoints\cycle_0186.pt,models_9x9\checkpoints\cycle_0186.pt,models_9x9\best.pt,p2_win,1.0,56
222,models_9x9\best.pt,models_9x9\checkpoints\cycle_0186.pt,models_9x9\checkpoints\cycle_0186.pt,models_9x9\best.pt,p2_win,1.0,56
223,models_9x9\best.pt,models_9x9\checkpoints\cycle_0186.pt,models_9x9\checkpoints\cycle_0186.pt,models_9x9\best.pt,p2_win,1.0,58
224,models_9x9\best.pt,models_9x9\checkpoints\cycle_0186.pt,models_9x9\checkpoints\cycle_0186.pt,models_9x9\best.pt,p2_win,1.0,56
225,models_9x9\best.pt,models_9x9\checkpoints\cycle_0186.pt,models_9x9\checkpoints\cycle_0186.pt,models_9x9\best.pt,p1_win,0.0,59
226,models_9x9\best.pt,models_9x9\checkpoints\cycle_0186.pt,models_9x9\checkpoints\cycle_0186.pt,models_9x9\best.pt,p2_win,1.0,56
227,models_9x9\best.pt,models_9x9\checkpoints\cycle_0186.pt,models_9x9\best.pt,models_9x9\checkpoints\cycle_0186.pt,p1_win,1.0,57
228,models_9x9\best.pt,models_9x9\checkpoints\cycle_0186.pt,models_9x9\checkpoints\cycle_0186.pt,models_9x9\best.pt,p2_win,1.0,56
229,models_9x9\best.pt,models_9x9\checkpoints\cycle_0186.pt,models_9x9\checkpoints\cycle_0186.pt,models_9x9\best.pt,p1_win,0.0,57
230,models_9x9\best.pt,models_9x9\checkpoints\cycle_0186.pt,models_9x9\checkpoints\cycle_0186.pt,models_9x9\best.pt,p2_win,1.0,56
231,models_9x9\best.pt,models_9x9\checkpoints\cycle_0186.pt,models_9x9\checkpoints\cycle_0186.pt,models_9x9\best.pt,p2_win,1.0,56
232,models_9x9\best.pt,models_9x9\checkpoints\cycle_0186.pt,models_9x9\checkpoints\cycle_0186.pt,models_9x9\best.pt,p1_win,0.0,57
233,models_9x9\best.pt,models_9x9\checkpoints\cycle_0186.pt,models_9x9\checkpoints\cycle_0186.pt,models_9x9\best.pt,p2_win,1.0,60
234,models_9x9\best.pt,models_9x9\checkpoints\cycle_0186.pt,models_9x9\checkpoints\cycle_0186.pt,models_9x9\best.pt,p1_win,0.0,57
235,models_9x9\best.pt,models_9x9\checkpoints\cycle_0186.pt,models_9x9\checkpoints\cycle_0186.pt,models_9x9\best.pt,p2_win,1.0,68
236,models_9x9\best.pt,models_9x9\checkpoints\cycle_0186.pt,models_9x9\checkpoints\cycle_0186.pt,models_9x9\best.pt,p1_win,0.0,57
237,models_9x9\best.pt,models_9x9\checkpoints\cycle_0186.pt,models_9x9\best.pt,models_9x9\checkpoints\cycle_0186.pt,p1_win,1.0,59
238,models_9x9\best.pt,models_9x9\checkpoints\cycle_0186.pt,models_9x9\checkpoints\cycle_0186.pt,models_9x9\best.pt,p1_win,0.0,69
239,models_9x9\best.pt,models_9x9\checkpoints\cycle_0186.pt,models_9x9\checkpoints\cycle_0186.pt,models_9x9\best.pt,p2_win,1.0,60
240,models_9x9\best.pt,models_9x9\checkpoints\cycle_0186.pt,models_9x9\best.pt,models_9x9\checkpoints\cycle_0186.pt,p1_win,1.0,57
241,models_9x9\best.pt,models_9x9\checkpoints\cycle_0186.pt,models_9x9\checkpoints\cycle_0186.pt,models_9x9\best.pt,p2_win,1.0,60
242,models_9x9\best.pt,models_9x9\checkpoints\cycle_0186.pt,models_9x9\checkpoints\cycle_0186.pt,models_9x9\best.pt,p1_win,0.0,69
243,models_9x9\best.pt,models_9x9\checkpoints\cycle_0186.pt,models_9x9\best.pt,models_9x9\checkpoints\cycle_0186.pt,p1_win,1.0,59
244,models_9x9\best.pt,models_9x9\checkpoints\cycle_0186.pt,models_9x9\checkpoints\cycle_0186.pt,models_9x9\best.pt,p2_win,1.0,68
245,models_9x9\best.pt,models_9x9\checkpoints\cycle_0186.pt,models_9x9\best.pt,models_9x9\checkpoints\cycle_0186.pt,p1_win,1.0,57
246,models_9x9\best.pt,models_9x9\checkpoints\cycle_0186.pt,models_9x9\checkpoints\cycle_0186.pt,models_9x9\best.pt,p2_win,1.0,68
247,models_9x9\best.pt,models_9x9\checkpoints\cycle_0186.pt,models_9x9\checkpoints\cycle_0186.pt,models_9x9\best.pt,p2_win,1.0,60
248,models_9x9\best.pt,models_9x9\checkpoints\cycle_0186.pt,models_9x9\best.pt,models_9x9\checkpoints\cycle_0186.pt,p1_win,1.0,59
249,models_9x9\best.pt,models_9x9\checkpoints\cycle_0186.pt,models_9x9\best.pt,models_9x9\checkpoints\cycle_0186.pt,p1_win,1.0,57
250,models_9x9\best.pt,models_9x9\checkpoints\cycle_0186.pt,models_9x9\checkpoints\cycle_0186.pt,models_9x9\best.pt,p2_win,1.0,60
251,models_9x9\best.pt,models_9x9\checkpoints\cycle_0186.pt,models_9x9\checkpoints\cycle_0186.pt,models_9x9\best.pt,p1_win,0.0,57
252,models_9x9\best.pt,models_9x9\checkpoints\cycle_0186.pt,models_9x9\checkpoints\cycle_0186.pt,models_9x9\best.pt,p1_win,0.0,57
253,models_9x9\best.pt,models_9x9\checkpoints\cycle_0186.pt,models_9x9\checkpoints\cycle_0186.pt,models_9x9\best.pt,p2_win,1.0,58
254,models_9x9\best.pt,models_9x9\checkpoints\cycle_0186.pt,models_9x9\best.pt,models_9x9\checkpoints\cycle_0186.pt,p1_win,1.0,59
255,models_9x9\best.pt,models_9x9\checkpoints\cycle_0186.pt,models_9x9\checkpoints\cycle_0186.pt,models_9x9\best.pt,p2_win,1.0,58
256,models_9x9\best.pt,models_9x9\checkpoints\cycle_0186.pt,models_9x9\best.pt,models_9x9\checkpoints\cycle_0186.pt,p1_win,1.0,59
257,models_9x9\best.pt,models_9x9\checkpoints\cycle_0186.pt,models_9x9\best.pt,models_9x9\checkpoints\cycle_0186.pt,p1_win,1.0,59
258,models_9x9\best.pt,models_9x9\checkpoints\cycle_0186.pt,models_9x9\best.pt,models_9x9\checkpoints\cycle_0186.pt,p1_win,1.0,61
259,models_9x9\best.pt,models_9x9\checkpoints\cycle_0186.pt,models_9x9\best.pt,models_9x9\checkpoints\cycle_0186.pt,p2_win,0.0,64
260,models_9x9\best.pt,models_9x9\checkpoints\cycle_0186.pt,models_9x9\best.pt,models_9x9\checkpoints\cycle_0186.pt,p1_win,1.0,57
261,models_9x9\best.pt,models_9x9\checkpoints\cycle_0186.pt,models_9x9\best.pt,models_9x9\checkpoints\cycle_0186.pt,p1_win,1.0,59
262,models_9x9\best.pt,models_9x9\checkpoints\cycle_0186.pt,models_9x9\checkpoints\cycle_0186.pt,models_9x9\best.pt,p1_win,0.0,61
263,models_9x9\best.pt,models_9x9\checkpoints\cycle_0186.pt,models_9x9\checkpoints\cycle_0186.pt,models_9x9\best.pt,p2_win,1.0,64
264,models_9x9\best.pt,models_9x9\checkpoints\cycle_0186.pt,models_9x9\checkpoints\cycle_0186.pt,models_9x9\best.pt,p1_win,0.0,57
265,models_9x9\best.pt,models_9x9\checkpoints\cycle_0186.pt,models_9x9\best.pt,models_9x9\checkpoints\cycle_0186.pt,p1_win,1.0,61
266,models_9x9\best.pt,models_9x9\checkpoints\cycle_0186.pt,models_9x9\checkpoints\cycle_0186.pt,models_9x9\best.pt,p2_win,1.0,68
267,models_9x9\best.pt,models_9x9\checkpoints\cycle_0186.pt,models_9x9\checkpoints\cycle_0186.pt,models_9x9\best.pt,p1_win,0.0,59
268,models_9x9\best.pt,models_9x9\checkpoints\cycle_0186.pt,models_9x9\checkpoints\cycle_0186.pt,models_9x9\best.pt,p1_win,0.0,59
269,models_9x9\best.pt,models_9x9\checkpoints\cycle_0186.pt,models_9x9\best.pt,models_9x9\checkpoints\cycle_0186.pt,p1_win,1.0,59
270,models_9x9\best.pt,models_9x9\checkpoints\cycle_0186.pt,models_9x9\best.pt,models_9x9\checkpoints\cycle_0186.pt,p1_win,1.0,59
271,models_9x9\best.pt,models_9x9\checkpoints\cycle_0186.pt,models_9x9\checkpoints\cycle_0186.pt,models_9x9\best.pt,p2_win,1.0,64
272,models_9x9\best.pt,models_9x9\checkpoints\cycle_0186.pt,models_9x9\checkpoints\cycle_0186.pt,models_9x9\best.pt,p1_win,0.0,57
273,models_9x9\best.pt,models_9x9\checkpoints\cycle_0186.pt,models_9x9\checkpoints\cycle_0186.pt,models_9x9\best.pt,p1_win,0.0,59
274,models_9x9\best.pt,models_9x9\checkpoints\cycle_0186.pt,models_9x9\best.pt,models_9x9\checkpoints\cycle_0186.pt,p1_win,1.0,61
275,models_9x9\best.pt,models_9x9\checkpoints\cycle_0186.pt,models_9x9\best.pt,models_9x9\checkpoints\cycle_0186.pt,p1_win,1.0,61
276,models_9x9\best.pt,models_9x9\checkpoints\cycle_0186.pt,models_9x9\best.pt,models_9x9\checkpoints\cycle_0186.pt,p1_win,1.0,57
277,models_9x9\best.pt,models_9x9\checkpoints\cycle_0186.pt,models_9x9\best.pt,models_9x9\checkpoints\cycle_0186.pt,p1_win,1.0,59
278,models_9x9\best.pt,models_9x9\checkpoints\cycle_0186.pt,models_9x9\checkpoints\cycle_0186.pt,models_9x9\best.pt,p2_win,1.0,68
279,models_9x9\best.pt,models_9x9\checkpoints\cycle_0186.pt,models_9x9\checkpoints\cycle_0186.pt,models_9x9\best.pt,p1_win,0.0,59
280,models_9x9\best.pt,models_9x9\checkpoints\cycle_0186.pt,models_9x9\checkpoints\cycle_0186.pt,models_9x9\best.pt,p2_win,1.0,68
281,models_9x9\best.pt,models_9x9\checkpoints\cycle_0186.pt,models_9x9\checkpoints\cycle_0186.pt,models_9x9\best.pt,p1_win,0.0,59
282,models_9x9\best.pt,models_9x9\checkpoints\cycle_0186.pt,models_9x9\best.pt,models_9x9\checkpoints\cycle_0186.pt,p1_win,1.0,59
283,models_9x9\best.pt,models_9x9\checkpoints\cycle_0186.pt,models_9x9\best.pt,models_9x9\checkpoints\cycle_0186.pt,p1_win,1.0,59
284,models_9x9\best.pt,models_9x9\checkpoints\cycle_0186.pt,models_9x9\checkpoints\cycle_0186.pt,models_9x9\best.pt,p1_win,0.0,73
285,models_9x9\best.pt,models_9x9\checkpoints\cycle_0186.pt,models_9x9\best.pt,models_9x9\checkpoints\cycle_0186.pt,p1_win,1.0,59
286,models_9x9\best.pt,models_9x9\checkpoints\cycle_0186.pt,models_9x9\best.pt,models_9x9\checkpoints\cycle_0186.pt,p1_win,1.0,61
287,models_9x9\best.pt,models_9x9\checkpoints\cycle_0186.pt,models_9x9\checkpoints\cycle_0186.pt,models_9x9\best.pt,p2_win,1.0,62
288,models_9x9\best.pt,models_9x9\checkpoints\cycle_0186.pt,models_9x9\best.pt,models_9x9\checkpoints\cycle_0186.pt,p1_win,1.0,59
289,models_9x9\best.pt,models_9x9\checkpoints\cycle_0186.pt,models_9x9\best.pt,models_9x9\checkpoints\cycle_0186.pt,p1_win,1.0,59
290,models_9x9\best.pt,models_9x9\checkpoints\cycle_0186.pt,models_9x9\checkpoints\cycle_0186.pt,models_9x9\best.pt,p2_win,1.0,72
291,models_9x9\best.pt,models_9x9\checkpoints\cycle_0186.pt,models_9x9\checkpoints\cycle_0186.pt,models_9x9\best.pt,p1_win,0.0,63
292,models_9x9\best.pt,models_9x9\checkpoints\cycle_0186.pt,models_9x9\best.pt,models_9x9\checkpoints\cycle_0186.pt,p1_win,1.0,59
293,models_9x9\best.pt,models_9x9\checkpoints\cycle_0186.pt,models_9x9\checkpoints\cycle_0186.pt,models_9x9\best.pt,p2_win,1.0,66
294,models_9x9\best.pt,models_9x9\checkpoints\cycle_0186.pt,models_9x9\checkpoints\cycle_0186.pt,models_9x9\best.pt,p2_win,1.0,60
295,models_9x9\best.pt,models_9x9\checkpoints\cycle_0186.pt,models_9x9\checkpoints\cycle_0186.pt,models_9x9\best.pt,p2_win,1.0,58
296,models_9x9\best.pt,models_9x9\checkpoints\cycle_0186.pt,models_9x9\checkpoints\cycle_0186.pt,models_9x9\best.pt,p1_win,0.0,65
297,models_9x9\best.pt,models_9x9\checkpoints\cycle_0186.pt,models_9x9\best.pt,models_9x9\checkpoints\cycle_0186.pt,p1_win,1.0,59
298,models_9x9\best.pt,models_9x9\checkpoints\cycle_0186.pt,models_9x9\checkpoints\cycle_0186.pt,models_9x9\best.pt,p2_win,1.0,60
299,models_9x9\best.pt,models_9x9\checkpoints\cycle_0186.pt,models_9x9\best.pt,models_9x9\checkpoints\cycle_0186.pt,p1_win,1.0,61
300,models_9x9\best.pt,models_9x9\checkpoints\cycle_0186.pt,models_9x9\checkpoints\cycle_0186.pt,models_9x9\best.pt,p1_win,0.0,69
301,models_9x9\best.pt,models_9x9\checkpoints\cycle_0186.pt,models_9x9\best.pt,models_9x9\checkpoints\cycle_0186.pt,p1_win,1.0,59
302,models_9x9\best.pt,models_9x9\checkpoints\cycle_0186.pt,models_9x9\checkpoints\cycle_0186.pt,models_9x9\best.pt,p2_win,1.0,68
303,models_9x9\best.pt,models_9x9\checkpoints\cycle_0186.pt,models_9x9\checkpoints\cycle_0186.pt,models_9x9\best.pt,p2_win,1.0,68
304,models_9x9\best.pt,models_9x9\checkpoints\cycle_0186.pt,models_9x9\best.pt,models_9x9\checkpoints\cycle_0186.pt,p1_win,1.0,63
305,models_9x9\best.pt,models_9x9\checkpoints\cycle_0186.pt,models_9x9\checkpoints\cycle_0186.pt,models_9x9\best.pt,p1_win,0.0,61
306,models_9x9\best.pt,models_9x9\checkpoints\cycle_0186.pt,models_9x9\checkpoints\cycle_0186.pt,models_9x9\best.pt,p2_win,1.0,68
307,models_9x9\best.pt,models_9x9\checkpoints\cycle_0186.pt,models_9x9\checkpoints\cycle_0186.pt,models_9x9\best.pt,p2_win,1.0,60
308,models_9x9\best.pt,models_9x9\checkpoints\cycle_0186.pt,models_9x9\checkpoints\cycle_0186.pt,models_9x9\best.pt,p1_win,0.0,59
309,models_9x9\best.pt,models_9x9\checkpoints\cycle_0186.pt,models_9x9\checkpoints\cycle_0186.pt,models_9x9\best.pt,p2_win,1.0,68
310,models_9x9\best.pt,models_9x9\checkpoints\cycle_0186.pt,models_9x9\best.pt,models_9x9\checkpoints\cycle_0186.pt,p1_win,1.0,61
311,models_9x9\best.pt,models_9x9\checkpoints\cycle_0186.pt,models_9x9\checkpoints\cycle_0186.pt,models_9x9\best.pt,p2_win,1.0,62
312,models_9x9\best.pt,models_9x9\checkpoints\cycle_0186.pt,models_9x9\best.pt,models_9x9\checkpoints\cycle_0186.pt,p1_win,1.0,59
313,models_9x9\best.pt,models_9x9\checkpoints\cycle_0186.pt,models_9x9\best.pt,models_9x9\checkpoints\cycle_0186.pt,p1_win,1.0,61
314,models_9x9\best.pt,models_9x9\checkpoints\cycle_0186.pt,models_9x9\checkpoints\cycle_0186.pt,models_9x9\best.pt,p2_win,1.0,68
315,models_9x9\best.pt,models_9x9\checkpoints\cycle_0186.pt,models_9x9\checkpoints\cycle_0186.pt,models_9x9\best.pt,p2_win,1.0,66
316,models_9x9\best.pt,models_9x9\checkpoints\cycle_0186.pt,models_9x9\checkpoints\cycle_0186.pt,models_9x9\best.pt,p2_win,1.0,68
317,models_9x9\best.pt,models_9x9\checkpoints\cycle_0186.pt,models_9x9\best.pt,models_9x9\checkpoints\cycle_0186.pt,p1_win,1.0,59
318,models_9x9\best.pt,models_9x9\checkpoints\cycle_0186.pt,models_9x9\checkpoints\cycle_0186.pt,models_9x9\best.pt,p2_win,1.0,60
319,models_9x9\best.pt,models_9x9\checkpoints\cycle_0186.pt,models_9x9\checkpoints\cycle_0186.pt,models_9x9\best.pt,p2_win,1.0,60
320,models_9x9\best.pt,models_9x9\checkpoints\cycle_0186.pt,models_9x9\checkpoints\cycle_0186.pt,models_9x9\best.pt,p1_win,0.0,63
321,models_9x9\best.pt,models_9x9\checkpoints\cycle_0186.pt,models_9x9\best.pt,models_9x9\checkpoints\cycle_0186.pt,p1_win,1.0,61
322,models_9x9\best.pt,models_9x9\checkpoints\cycle_0186.pt,models_9x9\best.pt,models_9x9\checkpoints\cycle_0186.pt,p1_win,1.0,63
323,models_9x9\best.pt,models_9x9\checkpoints\cycle_0186.pt,models_9x9\checkpoints\cycle_0186.pt,models_9x9\best.pt,p2_win,1.0,66
324,models_9x9\best.pt,models_9x9\checkpoints\cycle_0186.pt,models_9x9\checkpoints\cycle_0186.pt,models_9x9\best.pt,p2_win,1.0,66
325,models_9x9\best.pt,models_9x9\checkpoints\cycle_0186.pt,models_9x9\checkpoints\cycle_0186.pt,models_9x9\best.pt,p1_win,0.0,63
326,models_9x9\best.pt,models_9x9\checkpoints\cycle_0186.pt,models_9x9\best.pt,models_9x9\checkpoints\cycle_0186.pt,p1_win,1.0,59
327,models_9x9\best.pt,models_9x9\checkpoints\cycle_0186.pt,models_9x9\best.pt,models_9x9\checkpoints\cycle_0186.pt,p1_win,1.0,59
328,models_9x9\best.pt,models_9x9\checkpoints\cycle_0186.pt,models_9x9\checkpoints\cycle_0186.pt,models_9x9\best.pt,p2_win,1.0,62
329,models_9x9\best.pt,models_9x9\checkpoints\cycle_0186.pt,models_9x9\checkpoints\cycle_0186.pt,models_9x9\best.pt,p2_win,1.0,68
330,models_9x9\best.pt,models_9x9\checkpoints\cycle_0186.pt,models_9x9\checkpoints\cycle_0186.pt,models_9x9\best.pt,p2_win,1.0,68
331,models_9x9\best.pt,models_9x9\checkpoints\cycle_0186.pt,models_9x9\checkpoints\cycle_0186.pt,models_9x9\best.pt,p2_win,1.0,68
332,models_9x9\best.pt,models_9x9\checkpoints\cycle_0186.pt,models_9x9\checkpoints\cycle_0186.pt,models_9x9\best.pt,p1_win,0.0,67
333,models_9x9\best.pt,models_9x9\checkpoints\cycle_0186.pt,models_9x9\checkpoints\cycle_0186.pt,models_9x9\best.pt,p2_win,1.0,68
334,models_9x9\best.pt,models_9x9\checkpoints\cycle_0186.pt,models_9x9\checkpoints\cycle_0186.pt,models_9x9\best.pt,p1_win,0.0,63
335,models_9x9\best.pt,models_9x9\checkpoints\cycle_0186.pt,models_9x9\checkpoints\cycle_0186.pt,models_9x9\best.pt,p2_win,1.0,68
336,models_9x9\best.pt,models_9x9\checkpoints\cycle_0186.pt,models_9x9\best.pt,models_9x9\checkpoints\cycle_0186.pt,p1_win,1.0,61
337,models_9x9\best.pt,models_9x9\checkpoints\cycle_0186.pt,models_9x9\checkpoints\cycle_0186.pt,models_9x9\best.pt,p1_win,0.0,65
338,models_9x9\best.pt,models_9x9\checkpoints\cycle_0186.pt,models_9x9\checkpoints\cycle_0186.pt,models_9x9\best.pt,p1_win,0.0,65
339,models_9x9\best.pt,models_9x9\checkpoints\cycle_0186.pt,models_9x9\checkpoints\cycle_0186.pt,models_9x9\best.pt,p1_win,0.0,67
340,models_9x9\best.pt,models_9x9\checkpoints\cycle_0186.pt,models_9x9\checkpoints\cycle_0186.pt,models_9x9\best.pt,p1_win,0.0,61
341,models_9x9\best.pt,models_9x9\checkpoints\cycle_0186.pt,models_9x9\checkpoints\cycle_0186.pt,models_9x9\best.pt,p2_win,1.0,68
342,models_9x9\best.pt,models_9x9\checkpoints\cycle_0186.pt,models_9x9\checkpoints\cycle_0186.pt,models_9x9\best.pt,p2_win,1.0,64
343,models_9x9\best.pt,models_9x9\checkpoints\cycle_0186.pt,models_9x9\best.pt,models_9x9\checkpoints\cycle_0186.pt,p1_win,1.0,63
344,models_9x9\best.pt,models_9x9\checkpoints\cycle_0186.pt,models_9x9\best.pt,models_9x9\checkpoints\cycle_0186.pt,p1_win,1.0,59
345,models_9x9\best.pt,models_9x9\checkpoints\cycle_0186.pt,models_9x9\best.pt,models_9x9\checkpoints\cycle_0186.pt,p1_win,1.0,65
346,models_9x9\best.pt,models_9x9\checkpoints\cycle_0186.pt,models_9x9\checkpoints\cycle_0186.pt,models_9x9\best.pt,p2_win,1.0,64
347,models_9x9\best.pt,models_9x9\checkpoints\cycle_0186.pt,models_9x9\checkpoints\cycle_0186.pt,models_9x9\best.pt,p2_win,1.0,66
348,models_9x9\best.pt,models_9x9\checkpoints\cycle_0186.pt,models_9x9\best.pt,models_9x9\checkpoints\cycle_0186.pt,p1_win,1.0,61
349,models_9x9\best.pt,models_9x9\checkpoints\cycle_0186.pt,models_9x9\best.pt,models_9x9\checkpoints\cycle_0186.pt,p1_win,1.0,63
350,models_9x9\best.pt,models_9x9\checkpoints\cycle_0186.pt,models_9x9\best.pt,models_9x9\checkpoints\cycle_0186.pt,p1_win,1.0,61
351,models_9x9\best.pt,models_9x9\checkpoints\cycle_0186.pt,models_9x9\checkpoints\cycle_0186.pt,models_9x9\best.pt,p2_win,1.0,64
352,models_9x9\best.pt,models_9x9\checkpoints\cycle_0186.pt,models_9x9\best.pt,models_9x9\checkpoints\cycle_0186.pt,p1_win,1.0,61
353,models_9x9\best.pt,models_9x9\checkpoints\cycle_0186.pt,models_9x9\best.pt,models_9x9\checkpoints\cycle_0186.pt,p1_win,1.0,61
354,models_9x9\best.pt,models_9x9\checkpoints\cycle_0186.pt,models_9x9\checkpoints\cycle_0186.pt,models_9x9\best.pt,p1_win,0.0,63
355,models_9x9\best.pt,models_9x9\checkpoints\cycle_0186.pt,models_9x9\best.pt,models_9x9\checkpoints\cycle_0186.pt,p1_win,1.0,63
356,models_9x9\best.pt,models_9x9\checkpoints\cycle_0186.pt,models_9x9\checkpoints\cycle_0186.pt,models_9x9\best.pt,p1_win,0.0,61
357,models_9x9\best.pt,models_9x9\checkpoints\cycle_0186.pt,models_9x9\checkpoints\cycle_0186.pt,models_9x9\best.pt,p1_win,0.0,71
358,models_9x9\best.pt,models_9x9\checkpoints\cycle_0186.pt,models_9x9\best.pt,models_9x9\checkpoints\cycle_0186.pt,p1_win,1.0,63
359,models_9x9\best.pt,models_9x9\checkpoints\cycle_0186.pt,models_9x9\best.pt,models_9x9\checkpoints\cycle_0186.pt,p1_win,1.0,61
360,models_9x9\best.pt,models_9x9\checkpoints\cycle_0186.pt,models_9x9\best.pt,models_9x9\checkpoints\cycle_0186.pt,p1_win,1.0,61
361,models_9x9\best.pt,models_9x9\checkpoints\cycle_0186.pt,models_9x9\checkpoints\cycle_0186.pt,models_9x9\best.pt,p1_win,0.0,61
362,models_9x9\best.pt,models_9x9\checkpoints\cycle_0186.pt,models_9x9\checkpoints\cycle_0186.pt,models_9x9\best.pt,p2_win,1.0,64
363,models_9x9\best.pt,models_9x9\checkpoints\cycle_0186.pt,models_9x9\checkpoints\cycle_0186.pt,models_9x9\best.pt,p2_win,1.0,68
364,models_9x9\best.pt,models_9x9\checkpoints\cycle_0186.pt,models_9x9\best.pt,models_9x9\checkpoints\cycle_0186.pt,p1_win,1.0,69
365,models_9x9\best.pt,models_9x9\checkpoints\cycle_0186.pt,models_9x9\best.pt,models_9x9\checkpoints\cycle_0186.pt,p1_win,1.0,67
366,models_9x9\best.pt,models_9x9\checkpoints\cycle_0186.pt,models_9x9\checkpoints\cycle_0186.pt,models_9x9\best.pt,p1_win,0.0,61
367,models_9x9\best.pt,models_9x9\checkpoints\cycle_0186.pt,models_9x9\best.pt,models_9x9\checkpoints\cycle_0186.pt,p1_win,1.0,63
368,models_9x9\best.pt,models_9x9\checkpoints\cycle_0186.pt,models_9x9\best.pt,models_9x9\checkpoints\cycle_0186.pt,p1_win,1.0,69
369,models_9x9\best.pt,models_9x9\checkpoints\cycle_0186.pt,models_9x9\best.pt,models_9x9\checkpoints\cycle_0186.pt,p1_win,1.0,61
370,models_9x9\best.pt,models_9x9\checkpoints\cycle_0186.pt,models_9x9\best.pt,models_9x9\checkpoints\cycle_0186.pt,p1_win,1.0,73
371,models_9x9\best.pt,models_9x9\checkpoints\cycle_0186.pt,models_9x9\best.pt,models_9x9\checkpoints\cycle_0186.pt,p1_win,1.0,67
372,models_9x9\best.pt,models_9x9\checkpoints\cycle_0186.pt,models_9x9\checkpoints\cycle_0186.pt,models_9x9\best.pt,p1_win,0.0,61
373,models_9x9\best.pt,models_9x9\checkpoints\cycle_0186.pt,models_9x9\best.pt,models_9x9\checkpoints\cycle_0186.pt,p1_win,1.0,61
374,models_9x9\best.pt,models_9x9\checkpoints\cycle_0186.pt,models_9x9\best.pt,models_9x9\checkpoints\cycle_0186.pt,p1_win,1.0,61
375,models_9x9\best.pt,models_9x9\checkpoints\cycle_0186.pt,models_9x9\checkpoints\cycle_0186.pt,models_9x9\best.pt,p2_win,1.0,64
376,models_9x9\best.pt,models_9x9\checkpoints\cycle_0186.pt,models_9x9\checkpoints\cycle_0186.pt,models_9x9\best.pt,p2_win,1.0,72
377,models_9x9\best.pt,models_9x9\checkpoints\cycle_0186.pt,models_9x9\checkpoints\cycle_0186.pt,models_9x9\best.pt,p1_win,0.0,61
378,models_9x9\best.pt,models_9x9\checkpoints\cycle_0186.pt,models_9x9\best.pt,models_9x9\checkpoints\cycle_0186.pt,p1_win,1.0,71
379,models_9x9\best.pt,models_9x9\checkpoints\cycle_0186.pt,models_9x9\best.pt,models_9x9\checkpoints\cycle_0186.pt,p1_win,1.0,61
380,models_9x9\best.pt,models_9x9\checkpoints\cycle_0186.pt,models_9x9\best.pt,models_9x9\checkpoints\cycle_0186.pt,p1_win,1.0,71
381,models_9x9\best.pt,models_9x9\checkpoints\cycle_0186.pt,models_9x9\best.pt,models_9x9\checkpoints\cycle_0186.pt,p1_win,1.0,69
382,models_9x9\best.pt,models_9x9\checkpoints\cycle_0186.pt,models_9x9\best.pt,models_9x9\checkpoints\cycle_0186.pt,p1_win,1.0,69
383,models_9x9\best.pt,models_9x9\checkpoints\cycle_0186.pt,models_9x9\best.pt,models_9x9\checkpoints\cycle_0186.pt,p1_win,1.0,65
384,models_9x9\best.pt,models_9x9\checkpoints\cycle_0186.pt,models_9x9\best.pt,models_9x9\checkpoints\cycle_0186.pt,p1_win,1.0,61
385,models_9x9\best.pt,models_9x9\checkpoints\cycle_0186.pt,models_9x9\checkpoints\cycle_0186.pt,models_9x9\best.pt,p2_win,1.0,62
386,models_9x9\best.pt,models_9x9\checkpoints\cycle_0186.pt,models_9x9\checkpoints\cycle_0186.pt,models_9x9\best.pt,p2_win,1.0,66
387,models_9x9\best.pt,models_9x9\checkpoints\cycle_0186.pt,models_9x9\best.pt,models_9x9\checkpoints\cycle_0186.pt,p1_win,1.0,69
388,models_9x9\best.pt,models_9x9\checkpoints\cycle_0186.pt,models_9x9\best.pt,models_9x9\checkpoints\cycle_0186.pt,p1_win,1.0,63
389,models_9x9\best.pt,models_9x9\checkpoints\cycle_0186.pt,models_9x9\best.pt,models_9x9\checkpoints\cycle_0186.pt,p1_win,1.0,77
390,models_9x9\best.pt,models_9x9\checkpoints\cycle_0186.pt,models_9x9\best.pt,models_9x9\checkpoints\cycle_0186.pt,p1_win,1.0,61
391,models_9x9\best.pt,models_9x9\checkpoints\cycle_0186.pt,models_9x9\best.pt,models_9x9\checkpoints\cycle_0186.pt,p1_win,1.0,61
392,models_9x9\best.pt,models_9x9\checkpoints\cycle_0186.pt,models_9x9\best.pt,models_9x9\checkpoints\cycle_0186.pt,p1_win,1.0,63
393,models_9x9\best.pt,models_9x9\checkpoints\cycle_0186.pt,models_9x9\checkpoints\cycle_0186.pt,models_9x9\best.pt,p1_win,0.0,65
394,models_9x9\best.pt,models_9x9\checkpoints\cycle_0186.pt,models_9x9\checkpoints\cycle_0186.pt,models_9x9\best.pt,p1_win,0.0,71
395,models_9x9\best.pt,models_9x9\checkpoints\cycle_0186.pt,models_9x9\checkpoints\cycle_0186.pt,models_9x9\best.pt,p2_win,1.0,64
396,models_9x9\best.pt,models_9x9\checkpoints\cycle_0186.pt,models_9x9\checkpoints\cycle_0186.pt,models_9x9\best.pt,p1_win,0.0,77
397,models_9x9\best.pt,models_9x9\checkpoints\cycle_0186.pt,models_9x9\best.pt,models_9x9\checkpoints\cycle_0186.pt,p1_win,1.0,69
398,models_9x9\best.pt,models_9x9\checkpoints\cycle_0186.pt,models_9x9\best.pt,models_9x9\checkpoints\cycle_0186.pt,p1_win,1.0,61
399,models_9x9\best.pt,models_9x9\checkpoints\cycle_0186.pt,models_9x9\checkpoints\cycle_0186.pt,models_9x9\best.pt,p1_win,0.0,71
400,models_9x9\best.pt,models_9x9\checkpoints\cycle_0186.pt,models_9x9\best.pt,models_9x9\checkpoints\cycle_0186.pt,p1_win,1.0,63
401,models_9x9\best.pt,models_9x9\checkpoints\cycle_0186.pt,models_9x9\checkpoints\cycle_0186.pt,models_9x9\best.pt,p1_win,0.0,67
402,models_9x9\best.pt,models_9x9\checkpoints\cycle_0186.pt,models_9x9\checkpoints\cycle_0186.pt,models_9x9\best.pt,p1_win,0.0,65
403,models_9x9\best.pt,models_9x9\checkpoints\cycle_0186.pt,models_9x9\best.pt,models_9x9\checkpoints\cycle_0186.pt,p1_win,1.0,69
404,models_9x9\best.pt,models_9x9\checkpoints\cycle_0186.pt,models_9x9\best.pt,models_9x9\checkpoints\cycle_0186.pt,p1_win,1.0,67
405,models_9x9\best.pt,models_9x9\checkpoints\cycle_0186.pt,models_9x9\checkpoints\cycle_0186.pt,models_9x9\best.pt,p1_win,0.0,67
406,models_9x9\best.pt,models_9x9\checkpoints\cycle_0186.pt,models_9x9\best.pt,models_9x9\checkpoints\cycle_0186.pt,p1_win,1.0,67
407,models_9x9\best.pt,models_9x9\checkpoints\cycle_0186.pt,models_9x9\checkpoints\cycle_0186.pt,models_9x9\best.pt,p2_win,1.0,64
408,models_9x9\best.pt,models_9x9\checkpoints\cycle_0186.pt,models_9x9\checkpoints\cycle_0186.pt,models_9x9\best.pt,p1_win,0.0,61
409,models_9x9\best.pt,models_9x9\checkpoints\cycle_0186.pt,models_9x9\checkpoints\cycle_0186.pt,models_9x9\best.pt,p2_win,1.0,68
410,models_9x9\best.pt,models_9x9\checkpoints\cycle_0186.pt,models_9x9\best.pt,models_9x9\checkpoints\cycle_0186.pt,p1_win,1.0,63
411,models_9x9\best.pt,models_9x9\checkpoints\cycle_0186.pt,models_9x9\best.pt,models_9x9\checkpoints\cycle_0186.pt,p1_win,1.0,67
412,models_9x9\best.pt,models_9x9\checkpoints\cycle_0186.pt,models_9x9\best.pt,models_9x9\checkpoints\cycle_0186.pt,p1_win,1.0,63
413,models_9x9\best.pt,models_9x9\checkpoints\cycle_0186.pt,models_9x9\best.pt,models_9x9\checkpoints\cycle_0186.pt,p1_win,1.0,67
414,models_9x9\best.pt,models_9x9\checkpoints\cycle_0186.pt,models_9x9\best.pt,models_9x9\checkpoints\cycle_0186.pt,p1_win,1.0,67
415,models_9x9\best.pt,models_9x9\checkpoints\cycle_0186.pt,models_9x9\checkpoints\cycle_0186.pt,models_9x9\best.pt,p1_win,0.0,61
416,models_9x9\best.pt,models_9x9\checkpoints\cycle_0186.pt,models_9x9\checkpoints\cycle_0186.pt,models_9x9\best.pt,p2_win,1.0,68
417,models_9x9\best.pt,models_9x9\checkpoints\cycle_0186.pt,models_9x9\best.pt,models_9x9\checkpoints\cycle_0186.pt,p1_win,1.0,67
418,models_9x9\best.pt,models_9x9\checkpoints\cycle_0186.pt,models_9x9\checkpoints\cycle_0186.pt,models_9x9\best.pt,p1_win,0.0,67
419,models_9x9\best.pt,models_9x9\checkpoints\cycle_0186.pt,models_9x9\best.pt,models_9x9\checkpoints\cycle_0186.pt,p1_win,1.0,69
420,models_9x9\best.pt,models_9x9\checkpoints\cycle_0186.pt,models_9x9\checkpoints\cycle_0186.pt,models_9x9\best.pt,p2_win,1.0,70
421,models_9x9\best.pt,models_9x9\checkpoints\cycle_0186.pt,models_9x9\best.pt,models_9x9\checkpoints\cycle_0186.pt,p1_win,1.0,69
422,models_9x9\best.pt,models_9x9\checkpoints\cycle_0186.pt,models_9x9\best.pt,models_9x9\checkpoints\cycle_0186.pt,p1_win,1.0,65
423,models_9x9\best.pt,models_9x9\checkpoints\cycle_0186.pt,models_9x9\checkpoints\cycle_0186.pt,models_9x9\best.pt,p1_win,0.0,67
424,models_9x9\best.pt,models_9x9\checkpoints\cycle_0186.pt,models_9x9\checkpoints\cycle_0186.pt,models_9x9\best.pt,p1_win,0.0,61
425,models_9x9\best.pt,models_9x9\checkpoints\cycle_0186.pt,models_9x9\checkpoints\cycle_0186.pt,models_9x9\best.pt,p2_win,1.0,64
426,models_9x9\best.pt,models_9x9\checkpoints\cycle_0186.pt,models_9x9\checkpoints\cycle_0186.pt,models_9x9\best.pt,p2_win,1.0,64
427,models_9x9\best.pt,models_9x9\checkpoints\cycle_0186.pt,models_9x9\checkpoints\cycle_0186.pt,models_9x9\best.pt,p1_win,0.0,61
428,models_9x9\best.pt,models_9x9\checkpoints\cycle_0186.pt,models_9x9\checkpoints\cycle_0186.pt,models_9x9\best.pt,p1_win,0.0,65
429,models_9x9\best.pt,models_9x9\checkpoints\cycle_0186.pt,models_9x9\checkpoints\cycle_0186.pt,models_9x9\best.pt,p2_win,1.0,62
430,models_9x9\best.pt,models_9x9\checkpoints\cycle_0186.pt,models_9x9\checkpoints\cycle_0186.pt,models_9x9\best.pt,p2_win,1.0,76
431,models_9x9\best.pt,models_9x9\checkpoints\cycle_0186.pt,models_9x9\checkpoints\cycle_0186.pt,models_9x9\best.pt,p2_win,1.0,64
432,models_9x9\best.pt,models_9x9\checkpoints\cycle_0186.pt,models_9x9\best.pt,models_9x9\checkpoints\cycle_0186.pt,p1_win,1.0,69
433,models_9x9\best.pt,models_9x9\checkpoints\cycle_0186.pt,models_9x9\checkpoints\cycle_0186.pt,models_9x9\best.pt,p1_win,0.0,65
434,models_9x9\best.pt,models_9x9\checkpoints\cycle_0186.pt,models_9x9\best.pt,models_9x9\checkpoints\cycle_0186.pt,p1_win,1.0,69
435,models_9x9\best.pt,models_9x9\checkpoints\cycle_0186.pt,models_9x9\best.pt,models_9x9\checkpoints\cycle_0186.pt,p1_win,1.0,67
436,models_9x9\best.pt,models_9x9\checkpoints\cycle_0186.pt,models_9x9\best.pt,models_9x9\checkpoints\cycle_0186.pt,p1_win,1.0,79
437,models_9x9\best.pt,models_9x9\checkpoints\cycle_0186.pt,models_9x9\best.pt,models_9x9\checkpoints\cycle_0186.pt,p1_win,1.0,67
438,models_9x9\best.pt,models_9x9\checkpoints\cycle_0186.pt,models_9x9\checkpoints\cycle_0186.pt,models_9x9\best.pt,p1_win,0.0,65
439,models_9x9\best.pt,models_9x9\checkpoints\cycle_0186.pt,models_9x9\best.pt,models_9x9\checkpoints\cycle_0186.pt,p1_win,1.0,79
440,models_9x9\best.pt,models_9x9\checkpoints\cycle_0186.pt,models_9x9\checkpoints\cycle_0186.pt,models_9x9\best.pt,p2_win,1.0,68
441,models_9x9\best.pt,models_9x9\checkpoints\cycle_0186.pt,models_9x9\best.pt,models_9x9\checkpoints\cycle_0186.pt,p1_win,1.0,65
442,models_9x9\best.pt,models_9x9\checkpoints\cycle_0186.pt,models_9x9\checkpoints\cycle_0186.pt,models_9x9\best.pt,p2_win,1.0,66
443,models_9x9\best.pt,models_9x9\checkpoints\cycle_0186.pt,models_9x9\checkpoints\cycle_0186.pt,models_9x9\best.pt,p1_win,0.0,73
444,models_9x9\best.pt,models_9x9\checkpoints\cycle_0186.pt,models_9x9\best.pt,models_9x9\checkpoints\cycle_0186.pt,p1_win,1.0,67
445,models_9x9\best.pt,models_9x9\checkpoints\cycle_0186.pt,models_9x9\best.pt,models_9x9\checkpoints\cycle_0186.pt,p1_win,1.0,63
446,models_9x9\best.pt,models_9x9\checkpoints\cycle_0186.pt,models_9x9\best.pt,models_9x9\checkpoints\cycle_0186.pt,p1_win,1.0,63
447,models_9x9\best.pt,models_9x9\checkpoints\cycle_0186.pt,models_9x9\best.pt,models_9x9\checkpoints\cycle_0186.pt,p1_win,1.0,73
448,models_9x9\best.pt,models_9x9\checkpoints\cycle_0186.pt,models_9x9\best.pt,models_9x9\checkpoints\cycle_0186.pt,p1_win,1.0,65
449,models_9x9\best.pt,models_9x9\checkpoints\cycle_0186.pt,models_9x9\best.pt,models_9x9\checkpoints\cycle_0186.pt,p1_win,1.0,61
450,models_9x9\best.pt,models_9x9\checkpoints\cycle_0186.pt,models_9x9\checkpoints\cycle_0186.pt,models_9x9\best.pt,p2_win,1.0,66
451,models_9x9\best.pt,models_9x9\checkpoints\cycle_0186.pt,models_9x9\checkpoints\cycle_0186.pt,models_9x9\best.pt,p2_win,1.0,68
452,models_9x9\best.pt,models_9x9\checkpoints\cycle_0186.pt,models_9x9\checkpoints\cycle_0186.pt,models_9x9\best.pt,p1_win,0.0,63
453,models_9x9\best.pt,models_9x9\checkpoints\cycle_0186.pt,models_9x9\best.pt,models_9x9\checkpoints\cycle_0186.pt,p1_win,1.0,65
454,models_9x9\best.pt,models_9x9\checkpoints\cycle_0186.pt,models_9x9\best.pt,models_9x9\checkpoints\cycle_0186.pt,p1_win,1.0,63
455,models_9x9\best.pt,models_9x9\checkpoints\cycle_0186.pt,models_9x9\best.pt,models_9x9\checkpoints\cycle_0186.pt,p1_win,1.0,63
456,models_9x9\best.pt,models_9x9\checkpoints\cycle_0186.pt,models_9x9\checkpoints\cycle_0186.pt,models_9x9\best.pt,p1_win,0.0,75
457,models_9x9\best.pt,models_9x9\checkpoints\cycle_0186.pt,models_9x9\best.pt,models_9x9\checkpoints\cycle_0186.pt,p1_win,1.0,65
458,models_9x9\best.pt,models_9x9\checkpoints\cycle_0186.pt,models_9x9\best.pt,models_9x9\checkpoints\cycle_0186.pt,p1_win,1.0,63
459,models_9x9\best.pt,models_9x9\checkpoints\cycle_0186.pt,models_9x9\checkpoints\cycle_0186.pt,models_9x9\best.pt,p1_win,0.0,75
460,models_9x9\best.pt,models_9x9\checkpoints\cycle_0186.pt,models_9x9\checkpoints\cycle_0186.pt,models_9x9\best.pt,p1_win,0.0,69
461,models_9x9\best.pt,models_9x9\checkpoints\cycle_0186.pt,models_9x9\best.pt,models_9x9\checkpoints\cycle_0186.pt,p1_win,1.0,63
462,models_9x9\best.pt,models_9x9\checkpoints\cycle_0186.pt,models_9x9\best.pt,models_9x9\checkpoints\cycle_0186.pt,p1_win,1.0,65
463,models_9x9\best.pt,models_9x9\checkpoints\cycle_0186.pt,models_9x9\best.pt,models_9x9\checkpoints\cycle_0186.pt,p1_win,1.0,65
464,models_9x9\best.pt,models_9x9\checkpoints\cycle_0186.pt,models_9x9\checkpoints\cycle_0186.pt,models_9x9\best.pt,p1_win,0.0,65
465,models_9x9\best.pt,models_9x9\checkpoints\cycle_0186.pt,models_9x9\checkpoints\cycle_0186.pt,models_9x9\best.pt,p1_win,0.0,73
466,models_9x9\best.pt,models_9x9\checkpoints\cycle_0186.pt,models_9x9\checkpoints\cycle_0186.pt,models_9x9\best.pt,p2_win,1.0,70
467,models_9x9\best.pt,models_9x9\checkpoints\cycle_0186.pt,models_9x9\best.pt,models_9x9\checkpoints\cycle_0186.pt,p1_win,1.0,71
468,models_9x9\best.pt,models_9x9\checkpoints\cycle_0186.pt,models_9x9\best.pt,models_9x9\checkpoints\cycle_0186.pt,p1_win,1.0,63
469,models_9x9\best.pt,models_9x9\checkpoints\cycle_0186.pt,models_9x9\checkpoints\cycle_0186.pt,models_9x9\best.pt,p2_win,1.0,78
470,models_9x9\best.pt,models_9x9\checkpoints\cycle_0186.pt,models_9x9\checkpoints\cycle_0186.pt,models_9x9\best.pt,p2_win,1.0,62
471,models_9x9\best.pt,models_9x9\checkpoints\cycle_0186.pt,models_9x9\checkpoints\cycle_0186.pt,models_9x9\best.pt,p1_win,0.0,65
472,models_9x9\best.pt,models_9x9\checkpoints\cycle_0186.pt,models_9x9\best.pt,models_9x9\checkpoints\cycle_0186.pt,p1_win,1.0,71
473,models_9x9\best.pt,models_9x9\checkpoints\cycle_0186.pt,models_9x9\best.pt,models_9x9\checkpoints\cycle_0186.pt,p1_win,1.0,65
474,models_9x9\best.pt,models_9x9\checkpoints\cycle_0186.pt,models_9x9\checkpoints\cycle_0186.pt,models_9x9\best.pt,p1_win,0.0,69
475,models_9x9\best.pt,models_9x9\checkpoints\cycle_0186.pt,models_9x9\checkpoints\cycle_0186.pt,models_9x9\best.pt,p1_win,0.0,65
476,models_9x9\best.pt,models_9x9\checkpoints\cycle_0186.pt,models_9x9\checkpoints\cycle_0186.pt,models_9x9\best.pt,p1_win,0.0,65
477,models_9x9\best.pt,models_9x9\checkpoints\cycle_0186.pt,models_9x9\best.pt,models_9x9\checkpoints\cycle_0186.pt,p1_win,1.0,71
478,models_9x9\best.pt,models_9x9\checkpoints\cycle_0186.pt,models_9x9\best.pt,models_9x9\checkpoints\cycle_0186.pt,p1_win,1.0,67
479,models_9x9\best.pt,models_9x9\checkpoints\cycle_0186.pt,models_9x9\best.pt,models_9x9\checkpoints\cycle_0186.pt,p1_win,1.0,73
480,models_9x9\best.pt,models_9x9\checkpoints\cycle_0186.pt,models_9x9\checkpoints\cycle_0186.pt,models_9x9\best.pt,p1_win,0.0,63
481,models_9x9\best.pt,models_9x9\checkpoints\cycle_0186.pt,models_9x9\best.pt,models_9x9\checkpoints\cycle_0186.pt,p1_win,1.0,71
482,models_9x9\best.pt,models_9x9\checkpoints\cycle_0186.pt,models_9x9\best.pt,models_9x9\checkpoints\cycle_0186.pt,p1_win,1.0,71
483,models_9x9\best.pt,models_9x9\checkpoints\cycle_0186.pt,models_9x9\best.pt,models_9x9\checkpoints\cycle_0186.pt,p1_win,1.0,63
484,models_9x9\best.pt,models_9x9\checkpoints\cycle_0186.pt,models_9x9\best.pt,models_9x9\checkpoints\cycle_0186.pt,p1_win,1.0,69
485,models_9x9\best.pt,models_9x9\checkpoints\cycle_0186.pt,models_9x9\best.pt,models_9x9\checkpoints\cycle_0186.pt,p1_win,1.0,65
486,models_9x9\best.pt,models_9x9\checkpoints\cycle_0186.pt,models_9x9\best.pt,models_9x9\checkpoints\cycle_0186.pt,p2_win,0.0,80
487,models_9x9\best.pt,models_9x9\checkpoints\cycle_0186.pt,models_9x9\best.pt,models_9x9\checkpoints\cycle_0186.pt,p1_win,1.0,71
488,models_9x9\best.pt,models_9x9\checkpoints\cycle_0186.pt,models_9x9\checkpoints\cycle_0186.pt,models_9x9\best.pt,p1_win,0.0,67
489,models_9x9\best.pt,models_9x9\checkpoints\cycle_0186.pt,models_9x9\checkpoints\cycle_0186.pt,models_9x9\best.pt,p2_win,1.0,66
490,models_9x9\best.pt,models_9x9\checkpoints\cycle_0186.pt,models_9x9\best.pt,models_9x9\checkpoints\cycle_0186.pt,p1_win,1.0,67
491,models_9x9\best.pt,models_9x9\checkpoints\cycle_0186.pt,models_9x9\best.pt,models_9x9\checkpoints\cycle_0186.pt,p1_win,1.0,65
492,models_9x9\best.pt,models_9x9\checkpoints\cycle_0186.pt,models_9x9\checkpoints\cycle_0186.pt,models_9x9\best.pt,p1_win,0.0,75
493,models_9x9\best.pt,models_9x9\checkpoints\cycle_0186.pt,models_9x9\checkpoints\cycle_0186.pt,models_9x9\best.pt,p1_win,0.0,67
494,models_9x9\best.pt,models_9x9\checkpoints\cycle_0186.pt,models_9x9\checkpoints\cycle_0186.pt,models_9x9\best.pt,p2_win,1.0,68
495,models_9x9\best.pt,models_9x9\checkpoints\cycle_0186.pt,models_9x9\best.pt,models_9x9\checkpoints\cycle_0186.pt,p1_win,1.0,67
496,models_9x9\best.pt,models_9x9\checkpoints\cycle_0186.pt,models_9x9\checkpoints\cycle_0186.pt,models_9x9\best.pt,p1_win,0.0,77
497,models_9x9\best.pt,models_9x9\checkpoints\cycle_0186.pt,models_9x9\checkpoints\cycle_0186.pt,models_9x9\best.pt,p1_win,0.0,65
498,models_9x9\best.pt,models_9x9\checkpoints\cycle_0186.pt,models_9x9\best.pt,models_9x9\checkpoints\cycle_0186.pt,p1_win,1.0,73
499,models_9x9\best.pt,models_9x9\checkpoints\cycle_0186.pt,models_9x9\best.pt,models_9x9\checkpoints\cycle_0186.pt,p1_win,1.0,67
500,models_9x9\best.pt,models_9x9\checkpoints\cycle_0186.pt,models_9x9\checkpoints\cycle_0186.pt,models_9x9\best.pt,p1_win,0.0,75
501,models_9x9\best.pt,models_9x9\checkpoints\cycle_0186.pt,models_9x9\best.pt,models_9x9\checkpoints\cycle_0186.pt,p1_win,1.0,69
502,models_9x9\best.pt,models_9x9\checkpoints\cycle_0186.pt,models_9x9\best.pt,models_9x9\checkpoints\cycle_0186.pt,p1_win,1.0,63
503,models_9x9\best.pt,models_9x9\checkpoints\cycle_0186.pt,models_9x9\checkpoints\cycle_0186.pt,models_9x9\best.pt,p1_win,0.0,69
504,models_9x9\best.pt,models_9x9\checkpoints\cycle_0186.pt,models_9x9\checkpoints\cycle_0186.pt,models_9x9\best.pt,p2_win,1.0,68
505,models_9x9\best.pt,models_9x9\checkpoints\cycle_0186.pt,models_9x9\checkpoints\cycle_0186.pt,models_9x9\best.pt,p2_win,1.0,68
506,models_9x9\best.pt,models_9x9\checkpoints\cycle_0186.pt,models_9x9\best.pt,models_9x9\checkpoints\cycle_0186.pt,p1_win,1.0,65
507,models_9x9\best.pt,models_9x9\checkpoints\cycle_0186.pt,models_9x9\checkpoints\cycle_0186.pt,models_9x9\best.pt,p1_win,0.0,67
508,models_9x9\best.pt,models_9x9\checkpoints\cycle_0186.pt,models_9x9\best.pt,models_9x9\checkpoints\cycle_0186.pt,p1_win,1.0,67
509,models_9x9\best.pt,models_9x9\checkpoints\cycle_0186.pt,models_9x9\checkpoints\cycle_0186.pt,models_9x9\best.pt,p2_win,1.0,68
510,models_9x9\best.pt,models_9x9\checkpoints\cycle_0186.pt,models_9x9\best.pt,models_9x9\checkpoints\cycle_0186.pt,p1_win,1.0,67
511,models_9x9\best.pt,models_9x9\checkpoints\cycle_0186.pt,models_9x9\best.pt,models_9x9\checkpoints\cycle_0186.pt,p1_win,1.0,65
512,models_9x9\best.pt,models_9x9\checkpoints\cycle_0186.pt,models_9x9\best.pt,models_9x9\checkpoints\cycle_0186.pt,p1_win,1.0,67
513,models_9x9\best.pt,models_9x9\checkpoints\cycle_0186.pt,models_9x9\checkpoints\cycle_0186.pt,models_9x9\best.pt,p1_win,0.0,65
514,models_9x9\best.pt,models_9x9\checkpoints\cycle_0186.pt,models_9x9\best.pt,models_9x9\checkpoints\cycle_0186.pt,p1_win,1.0,69
515,models_9x9\best.pt,models_9x9\checkpoints\cycle_0186.pt,models_9x9\checkpoints\cycle_0186.pt,models_9x9\best.pt,p1_win,0.0,69
516,models_9x9\best.pt,models_9x9\checkpoints\cycle_0186.pt,models_9x9\checkpoints\cycle_0186.pt,models_9x9\best.pt,p2_win,1.0,68
517,models_9x9\best.pt,models_9x9\checkpoints\cycle_0186.pt,models_9x9\checkpoints\cycle_0186.pt,models_9x9\best.pt,p1_win,0.0,69
518,models_9x9\best.pt,models_9x9\checkpoints\cycle_0186.pt,models_9x9\checkpoints\cycle_0186.pt,models_9x9\best.pt,p1_win,0.0,79
519,models_9x9\best.pt,models_9x9\checkpoints\cycle_0186.pt,models_9x9\best.pt,models_9x9\checkpoints\cycle_0186.pt,p1_win,1.0,73
520,models_9x9\best.pt,models_9x9\checkpoints\cycle_0186.pt,models_9x9\best.pt,models_9x9\checkpoints\cycle_0186.pt,p1_win,1.0,67
521,models_9x9\best.pt,models_9x9\checkpoints\cycle_0186.pt,models_9x9\checkpoints\cycle_0186.pt,models_9x9\best.pt,p2_win,1.0,68
522,models_9x9\best.pt,models_9x9\checkpoints\cycle_0186.pt,models_9x9\checkpoints\cycle_0186.pt,models_9x9\best.pt,p2_win,1.0,68
523,models_9x9\best.pt,models_9x9\checkpoints\cycle_0186.pt,models_9x9\best.pt,models_9x9\checkpoints\cycle_0186.pt,p1_win,1.0,71
524,models_9x9\best.pt,models_9x9\checkpoints\cycle_0186.pt,models_9x9\best.pt,models_9x9\checkpoints\cycle_0186.pt,p1_win,1.0,73
525,models_9x9\best.pt,models_9x9\checkpoints\cycle_0186.pt,models_9x9\checkpoints\cycle_0186.pt,models_9x9\best.pt,p2_win,1.0,74
526,models_9x9\best.pt,models_9x9\checkpoints\cycle_0186.pt,models_9x9\checkpoints\cycle_0186.pt,models_9x9\best.pt,p1_win,0.0,69
527,models_9x9\best.pt,models_9x9\checkpoints\cycle_0186.pt,models_9x9\checkpoints\cycle_0186.pt,models_9x9\best.pt,p2_win,1.0,70
528,models_9x9\best.pt,models_9x9\checkpoints\cycle_0186.pt,models_9x9\best.pt,models_9x9\checkpoints\cycle_0186.pt,p1_win,1.0,65
529,models_9x9\best.pt,models_9x9\checkpoints\cycle_0186.pt,models_9x9\best.pt,models_9x9\checkpoints\cycle_0186.pt,p1_win,1.0,75
530,models_9x9\best.pt,models_9x9\checkpoints\cycle_0186.pt,models_9x9\best.pt,models_9x9\checkpoints\cycle_0186.pt,p1_win,1.0,67
531,models_9x9\best.pt,models_9x9\checkpoints\cycle_0186.pt,models_9x9\best.pt,models_9x9\checkpoints\cycle_0186.pt,p1_win,1.0,71
532,models_9x9\best.pt,models_9x9\checkpoints\cycle_0186.pt,models_9x9\checkpoints\cycle_0186.pt,models_9x9\best.pt,p2_win,1.0,80
533,models_9x9\best.pt,models_9x9\checkpoints\cycle_0186.pt,models_9x9\best.pt,models_9x9\checkpoints\cycle_0186.pt,p1_win,1.0,65
534,models_9x9\best.pt,models_9x9\checkpoints\cycle_0186.pt,models_9x9\best.pt,models_9x9\checkpoints\cycle_0186.pt,p1_win,1.0,69
535,models_9x9\best.pt,models_9x9\checkpoints\cycle_0186.pt,models_9x9\best.pt,models_9x9\checkpoints\cycle_0186.pt,p1_win,1.0,79
536,models_9x9\best.pt,models_9x9\checkpoints\cycle_0186.pt,models_9x9\checkpoints\cycle_0186.pt,models_9x9\best.pt,p2_win,1.0,66
537,models_9x9\best.pt,models_9x9\checkpoints\cycle_0186.pt,models_9x9\checkpoints\cycle_0186.pt,models_9x9\best.pt,p1_win,0.0,65
538,models_9x9\best.pt,models_9x9\checkpoints\cycle_0186.pt,models_9x9\checkpoints\cycle_0186.pt,models_9x9\best.pt,p1_win,0.0,65
539,models_9x9\best.pt,models_9x9\checkpoints\cycle_0186.pt,models_9x9\best.pt,models_9x9\checkpoints\cycle_0186.pt,p1_win,1.0,71
540,models_9x9\best.pt,models_9x9\checkpoints\cycle_0186.pt,models_9x9\best.pt,models_9x9\checkpoints\cycle_0186.pt,p1_win,1.0,69
541,models_9x9\best.pt,models_9x9\checkpoints\cycle_0186.pt,models_9x9\checkpoints\cycle_0186.pt,models_9x9\best.pt,p1_win,0.0,65
542,models_9x9\best.pt,models_9x9\checkpoints\cycle_0186.pt,models_9x9\checkpoints\cycle_0186.pt,models_9x9\best.pt,p1_win,0.0,67
543,models_9x9\best.pt,models_9x9\checkpoints\cycle_0186.pt,models_9x9\best.pt,models_9x9\checkpoints\cycle_0186.pt,p1_win,1.0,65
544,models_9x9\best.pt,models_9x9\checkpoints\cycle_0186.pt,models_9x9\checkpoints\cycle_0186.pt,models_9x9\best.pt,p1_win,0.0,65
545,models_9x9\best.pt,models_9x9\checkpoints\cycle_0186.pt,models_9x9\checkpoints\cycle_0186.pt,models_9x9\best.pt,p2_win,1.0,76
546,models_9x9\best.pt,models_9x9\checkpoints\cycle_0186.pt,models_9x9\checkpoints\cycle_0186.pt,models_9x9\best.pt,p1_win,0.0,67
547,models_9x9\best.pt,models_9x9\checkpoints\cycle_0186.pt,models_9x9\best.pt,models_9x9\checkpoints\cycle_0186.pt,p1_win,1.0,65
548,models_9x9\best.pt,models_9x9\checkpoints\cycle_0186.pt,models_9x9\best.pt,models_9x9\checkpoints\cycle_0186.pt,p1_win,1.0,65
549,models_9x9\best.pt,models_9x9\checkpoints\cycle_0186.pt,models_9x9\checkpoints\cycle_0186.pt,models_9x9\best.pt,p2_win,1.0,72
550,models_9x9\best.pt,models_9x9\checkpoints\cycle_0186.pt,models_9x9\best.pt,models_9x9\checkpoints\cycle_0186.pt,p1_win,1.0,71
551,models_9x9\best.pt,models_9x9\checkpoints\cycle_0186.pt,models_9x9\checkpoints\cycle_0186.pt,models_9x9\best.pt,p2_win,1.0,68
552,models_9x9\best.pt,models_9x9\checkpoints\cycle_0186.pt,models_9x9\best.pt,models_9x9\checkpoints\cycle_0186.pt,p1_win,1.0,65
553,models_9x9\best.pt,models_9x9\checkpoints\cycle_0186.pt,models_9x9\best.pt,models_9x9\checkpoints\cycle_0186.pt,p1_win,1.0,67
554,models_9x9\best.pt,models_9x9\checkpoints\cycle_0186.pt,models_9x9\best.pt,models_9x9\checkpoints\cycle_0186.pt,p1_win,1.0,65
555,models_9x9\best.pt,models_9x9\checkpoints\cycle_0186.pt,models_9x9\best.pt,models_9x9\checkpoints\cycle_0186.pt,p1_win,1.0,67
556,models_9x9\best.pt,models_9x9\checkpoints\cycle_0186.pt,models_9x9\checkpoints\cycle_0186.pt,models_9x9\best.pt,p2_win,1.0,68
557,models_9x9\best.pt,models_9x9\checkpoints\cycle_0186.pt,models_9x9\best.pt,models_9x9\checkpoints\cycle_0186.pt,p1_win,1.0,71
558,models_9x9\best.pt,models_9x9\checkpoints\cycle_0186.pt,models_9x9\checkpoints\cycle_0186.pt,models_9x9\best.pt,p2_win,1.0,74
559,models_9x9\best.pt,models_9x9\checkpoints\cycle_0186.pt,models_9x9\best.pt,models_9x9\checkpoints\cycle_0186.pt,p1_win,1.0,67
560,models_9x9\best.pt,models_9x9\checkpoints\cycle_0186.pt,models_9x9\best.pt,models_9x9\checkpoints\cycle_0186.pt,p1_win,1.0,81
561,models_9x9\best.pt,models_9x9\checkpoints\cycle_0186.pt,models_9x9\checkpoints\cycle_0186.pt,models_9x9\best.pt,p1_win,0.0,65
562,models_9x9\best.pt,models_9x9\checkpoints\cycle_0186.pt,models_9x9\best.pt,models_9x9\checkpoints\cycle_0186.pt,p1_win,1.0,71
563,models_9x9\best.pt,models_9x9\checkpoints\cycle_0186.pt,models_9x9\checkpoints\cycle_0186.pt,models_9x9\best.pt,p2_win,1.0,76
564,models_9x9\best.pt,models_9x9\checkpoints\cycle_0186.pt,models_9x9\best.pt,models_9x9\checkpoints\cycle_0186.pt,p1_win,1.0,67
565,models_9x9\best.pt,models_9x9\checkpoints\cycle_0186.pt,models_9x9\best.pt,models_9x9\checkpoints\cycle_0186.pt,p1_win,1.0,71
566,models_9x9\best.pt,models_9x9\checkpoints\cycle_0186.pt,models_9x9\checkpoints\cycle_0186.pt,models_9x9\best.pt,p2_win,1.0,68
567,models_9x9\best.pt,models_9x9\checkpoints\cycle_0186.pt,models_9x9\checkpoints\cycle_0186.pt,models_9x9\best.pt,p2_win,1.0,76
568,models_9x9\best.pt,models_9x9\checkpoints\cycle_0186.pt,models_9x9\best.pt,models_9x9\checkpoints\cycle_0186.pt,p1_win,1.0,71
569,models_9x9\best.pt,models_9x9\checkpoints\cycle_0186.pt,models_9x9\best.pt,models_9x9\checkpoints\cycle_0186.pt,p1_win,1.0,75
570,models_9x9\best.pt,models_9x9\checkpoints\cycle_0186.pt,models_9x9\best.pt,models_9x9\checkpoints\cycle_0186.pt,p1_win,1.0,67
571,models_9x9\best.pt,models_9x9\checkpoints\cycle_0186.pt,models_9x9\best.pt,models_9x9\checkpoints\cycle_0186.pt,p1_win,1.0,65
572,models_9x9\best.pt,models_9x9\checkpoints\cycle_0186.pt,models_9x9\checkpoints\cycle_0186.pt,models_9x9\best.pt,p1_win,0.0,67
573,models_9x9\best.pt,models_9x9\checkpoints\cycle_0186.pt,models_9x9\checkpoints\cycle_0186.pt,models_9x9\best.pt,p2_win,1.0,70
574,models_9x9\best.pt,models_9x9\checkpoints\cycle_0186.pt,models_9x9\best.pt,models_9x9\checkpoints\cycle_0186.pt,p1_win,1.0,65
575,models_9x9\best.pt,models_9x9\checkpoints\cycle_0186.pt,models_9x9\best.pt,models_9x9\checkpoints\cycle_0186.pt,p1_win,1.0,71
576,models_9x9\best.pt,models_9x9\checkpoints\cycle_0186.pt,models_9x9\best.pt,models_9x9\checkpoints\cycle_0186.pt,p1_win,1.0,75
577,models_9x9\best.pt,models_9x9\checkpoints\cycle_0186.pt,models_9x9\best.pt,models_9x9\checkpoints\cycle_0186.pt,p1_win,1.0,71
578,models_9x9\best.pt,models_9x9\checkpoints\cycle_0186.pt,models_9x9\best.pt,models_9x9\checkpoints\cycle_0186.pt,p1_win,1.0,65
579,models_9x9\best.pt,models_9x9\checkpoints\cycle_0186.pt,models_9x9\best.pt,models_9x9\checkpoints\cycle_0186.pt,p1_win,1.0,65
580,models_9x9\best.pt,models_9x9\checkpoints\cycle_0186.pt,models_9x9\checkpoints\cycle_0186.pt,models_9x9\best.pt,p1_win,0.0,75
581,models_9x9\best.pt,models_9x9\checkpoints\cycle_0186.pt,models_9x9\best.pt,models_9x9\checkpoints\cycle_0186.pt,p1_win,1.0,65
582,models_9x9\best.pt,models_9x9\checkpoints\cycle_0186.pt,models_9x9\best.pt,models_9x9\checkpoints\cycle_0186.pt,p1_win,1.0,67
583,models_9x9\best.pt,models_9x9\checkpoints\cycle_0186.pt,models_9x9\best.pt,models_9x9\checkpoints\cycle_0186.pt,p1_win,1.0,67
584,models_9x9\best.pt,models_9x9\checkpoints\cycle_0186.pt,models_9x9\best.pt,models_9x9\checkpoints\cycle_0186.pt,p1_win,1.0,69
585,models_9x9\best.pt,models_9x9\checkpoints\cycle_0186.pt,models_9x9\checkpoints\cycle_0186.pt,models_9x9\best.pt,p2_win,1.0,72
586,models_9x9\best.pt,models_9x9\checkpoints\cycle_0186.pt,models_9x9\best.pt,models_9x9\checkpoints\cycle_0186.pt,p1_win,1.0,81
587,models_9x9\best.pt,models_9x9\checkpoints\cycle_0186.pt,models_9x9\checkpoints\cycle_0186.pt,models_9x9\best.pt,p2_win,1.0,78
588,models_9x9\best.pt,models_9x9\checkpoints\cycle_0186.pt,models_9x9\best.pt,models_9x9\checkpoints\cycle_0186.pt,p1_win,1.0,73
589,models_9x9\best.pt,models_9x9\checkpoints\cycle_0186.pt,models_9x9\best.pt,models_9x9\checkpoints\cycle_0186.pt,p1_win,1.0,71
590,models_9x9\best.pt,models_9x9\checkpoints\cycle_0186.pt,models_9x9\checkpoints\cycle_0186.pt,models_9x9\best.pt,p1_win,0.0,71
591,models_9x9\best.pt,models_9x9\checkpoints\cycle_0186.pt,models_9x9\best.pt,models_9x9\checkpoints\cycle_0186.pt,p1_win,1.0,65
592,models_9x9\best.pt,models_9x9\checkpoints\cycle_0186.pt,models_9x9\checkpoints\cycle_0186.pt,models_9x9\best.pt,p1_win,0.0,67
593,models_9x9\best.pt,models_9x9\checkpoints\cycle_0186.pt,models_9x9\checkpoints\cycle_0186.pt,models_9x9\best.pt,p2_win,1.0,74
594,models_9x9\best.pt,models_9x9\checkpoints\cycle_0186.pt,models_9x9\best.pt,models_9x9\checkpoints\cycle_0186.pt,p1_win,1.0,67
595,models_9x9\best.pt,models_9x9\checkpoints\cycle_0186.pt,models_9x9\checkpoints\cycle_0186.pt,models_9x9\best.pt,p2_win,1.0,68
596,models_9x9\best.pt,models_9x9\checkpoints\cycle_0186.pt,models_9x9\checkpoints\cycle_0186.pt,models_9x9\best.pt,p1_win,0.0,67
597,models_9x9\best.pt,models_9x9\checkpoints\cycle_0186.pt,models_9x9\checkpoints\cycle_0186.pt,models_9x9\best.pt,p1_win,0.0,65
598,models_9x9\best.pt,models_9x9\checkpoints\cycle_0186.pt,models_9x9\best.pt,models_9x9\checkpoints\cycle_0186.pt,p1_win,1.0,65
599,models_9x9\best.pt,models_9x9\checkpoints\cycle_0186.pt,models_9x9\best.pt,models_9x9\checkpoints\cycle_0186.pt,p1_win,1.0,81
600,models_9x9\best.pt,models_9x9\checkpoints\cycle_0186.pt,models_9x9\best.pt,models_9x9\checkpoints\cycle_0186.pt,p1_win,1.0,81
601,models_9x9\best.pt,models_9x9\checkpoints\cycle_0186.pt,models_9x9\best.pt,models_9x9\checkpoints\cycle_0186.pt,p1_win,1.0,65
602,models_9x9\best.pt,models_9x9\checkpoints\cycle_0186.pt,models_9x9\checkpoints\cycle_0186.pt,models_9x9\best.pt,p1_win,0.0,71
603,models_9x9\best.pt,models_9x9\checkpoints\cycle_0186.pt,models_9x9\best.pt,models_9x9\checkpoints\cycle_0186.pt,p1_win,1.0,81
604,models_9x9\best.pt,models_9x9\checkpoints\cycle_0186.pt,models_9x9\best.pt,models_9x9\checkpoints\cycle_0186.pt,p1_win,1.0,81
605,models_9x9\best.pt,models_9x9\checkpoints\cycle_0186.pt,models_9x9\best.pt,models_9x9\checkpoints\cycle_0186.pt,p1_win,1.0,67
606,models_9x9\best.pt,models_9x9\checkpoints\cycle_0186.pt,models_9x9\best.pt,models_9x9\checkpoints\cycle_0186.pt,p1_win,1.0,69
607,models_9x9\best.pt,models_9x9\checkpoints\cycle_0186.pt,models_9x9\best.pt,models_9x9\checkpoints\cycle_0186.pt,p1_win,1.0,71
608,models_9x9\best.pt,models_9x9\checkpoints\cycle_0186.pt,models_9x9\best.pt,models_9x9\checkpoints\cycle_0186.pt,p1_win,1.0,69
609,models_9x9\best.pt,models_9x9\checkpoints\cycle_0186.pt,models_9x9\checkpoints\cycle_0186.pt,models_9x9\best.pt,p1_win,0.0,79
610,models_9x9\best.pt,models_9x9\checkpoints\cycle_0186.pt,models_9x9\best.pt,models_9x9\checkpoints\cycle_0186.pt,p1_win,1.0,67
611,models_9x9\best.pt,models_9x9\checkpoints\cycle_0186.pt,models_9x9\checkpoints\cycle_0186.pt,models_9x9\best.pt,p1_win,0.0,71
612,models_9x9\best.pt,models_9x9\checkpoints\cycle_0186.pt,models_9x9\checkpoints\cycle_0186.pt,models_9x9\best.pt,p2_win,1.0,72
613,models_9x9\best.pt,models_9x9\checkpoints\cycle_0186.pt,models_9x9\best.pt,models_9x9\checkpoints\cycle_0186.pt,p1_win,1.0,69
614,models_9x9\best.pt,models_9x9\checkpoints\cycle_0186.pt,models_9x9\best.pt,models_9x9\checkpoints\cycle_0186.pt,p1_win,1.0,69
615,models_9x9\best.pt,models_9x9\checkpoints\cycle_0186.pt,models_9x9\best.pt,models_9x9\checkpoints\cycle_0186.pt,p1_win,1.0,77
616,models_9x9\best.pt,models_9x9\checkpoints\cycle_0186.pt,models_9x9\best.pt,models_9x9\checkpoints\cycle_0186.pt,p1_win,1.0,73
617,models_9x9\best.pt,models_9x9\checkpoints\cycle_0186.pt,models_9x9\checkpoints\cycle_0186.pt,models_9x9\best.pt,p1_win,0.0,73
618,models_9x9\best.pt,models_9x9\checkpoints\cycle_0186.pt,models_9x9\best.pt,models_9x9\checkpoints\cycle_0186.pt,p1_win,1.0,67
619,models_9x9\best.pt,models_9x9\checkpoints\cycle_0186.pt,models_9x9\best.pt,models_9x9\checkpoints\cycle_0186.pt,p1_win,1.0,67
620,models_9x9\best.pt,models_9x9\checkpoints\cycle_0186.pt,models_9x9\best.pt,models_9x9\checkpoints\cycle_0186.pt,p1_win,1.0,69
621,models_9x9\best.pt,models_9x9\checkpoints\cycle_0186.pt,models_9x9\best.pt,models_9x9\checkpoints\cycle_0186.pt,p1_win,1.0,67
622,models_9x9\best.pt,models_9x9\checkpoints\cycle_0186.pt,models_9x9\best.pt,models_9x9\checkpoints\cycle_0186.pt,p1_win,1.0,67
623,models_9x9\best.pt,models_9x9\checkpoints\cycle_0186.pt,models_9x9\best.pt,models_9x9\checkpoints\cycle_0186.pt,p1_win,1.0,81
624,models_9x9\best.pt,models_9x9\checkpoints\cycle_0186.pt,models_9x9\best.pt,models_9x9\checkpoints\cycle_0186.pt,p1_win,1.0,71
625,models_9x9\best.pt,models_9x9\checkpoints\cycle_0186.pt,models_9x9\best.pt,models_9x9\checkpoints\cycle_0186.pt,p1_win,1.0,67
626,models_9x9\best.pt,models_9x9\checkpoints\cycle_0186.pt,models_9x9\checkpoints\cycle_0186.pt,models_9x9\best.pt,p2_win,1.0,70
627,models_9x9\best.pt,models_9x9\checkpoints\cycle_0186.pt,models_9x9\best.pt,models_9x9\checkpoints\cycle_0186.pt,p1_win,1.0,67
628,models_9x9\best.pt,models_9x9\checkpoints\cycle_0186.pt,models_9x9\best.pt,models_9x9\checkpoints\cycle_0186.pt,p1_win,1.0,67
629,models_9x9\best.pt,models_9x9\checkpoints\cycle_0186.pt,models_9x9\best.pt,models_9x9\checkpoints\cycle_0186.pt,p1_win,1.0,73
630,models_9x9\best.pt,models_9x9\checkpoints\cycle_0186.pt,models_9x9\best.pt,models_9x9\checkpoints\cycle_0186.pt,p1_win,1.0,67
631,models_9x9\best.pt,models_9x9\checkpoints\cycle_0186.pt,models_9x9\best.pt,models_9x9\checkpoints\cycle_0186.pt,p1_win,1.0,67
632,models_9x9\best.pt,models_9x9\checkpoints\cycle_0186.pt,models_9x9\best.pt,models_9x9\checkpoints\cycle_0186.pt,p1_win,1.0,69
633,models_9x9\best.pt,models_9x9\checkpoints\cycle_0186.pt,models_9x9\best.pt,models_9x9\checkpoints\cycle_0186.pt,p1_win,1.0,69
634,models_9x9\best.pt,models_9x9\checkpoints\cycle_0186.pt,models_9x9\checkpoints\cycle_0186.pt,models_9x9\best.pt,p1_win,0.0,67
635,models_9x9\best.pt,models_9x9\checkpoints\cycle_0186.pt,models_9x9\checkpoints\cycle_0186.pt,models_9x9\best.pt,p1_win,0.0,71
636,models_9x9\best.pt,models_9x9\checkpoints\cycle_0186.pt,models_9x9\best.pt,models_9x9\checkpoints\cycle_0186.pt,p1_win,1.0,67
637,models_9x9\best.pt,models_9x9\checkpoints\cycle_0186.pt,models_9x9\best.pt,models_9x9\checkpoints\cycle_0186.pt,p1_win,1.0,67
638,models_9x9\best.pt,models_9x9\checkpoints\cycle_0186.pt,models_9x9\best.pt,models_9x9\checkpoints\cycle_0186.pt,p1_win,1.0,67
639,models_9x9\best.pt,models_9x9\checkpoints\cycle_0186.pt,models_9x9\best.pt,models_9x9\checkpoints\cycle_0186.pt,p1_win,1.0,75
640,models_9x9\best.pt,models_9x9\checkpoints\cycle_0186.pt,models_9x9\best.pt,models_9x9\checkpoints\cycle_0186.pt,p1_win,1.0,73
641,models_9x9\best.pt,models_9x9\checkpoints\cycle_0186.pt,models_9x9\checkpoints\cycle_0186.pt,models_9x9\best.pt,p1_win,0.0,67
642,models_9x9\best.pt,models_9x9\checkpoints\cycle_0186.pt,models_9x9\best.pt,models_9x9\checkpoints\cycle_0186.pt,p1_win,1.0,67
643,models_9x9\best.pt,models_9x9\checkpoints\cycle_0186.pt,models_9x9\checkpoints\cycle_0186.pt,models_9x9\best.pt,p2_win,1.0,70
644,models_9x9\best.pt,models_9x9\checkpoints\cycle_0186.pt,models_9x9\checkpoints\cycle_0186.pt,models_9x9\best.pt,p2_win,1.0,68
645,models_9x9\best.pt,models_9x9\checkpoints\cycle_0186.pt,models_9x9\best.pt,models_9x9\checkpoints\cycle_0186.pt,p1_win,1.0,67
646,models_9x9\best.pt,models_9x9\checkpoints\cycle_0186.pt,models_9x9\checkpoints\cycle_0186.pt,models_9x9\best.pt,p2_win,1.0,72
647,models_9x9\best.pt,models_9x9\checkpoints\cycle_0186.pt,models_9x9\best.pt,models_9x9\checkpoints\cycle_0186.pt,p1_win,1.0,67
648,models_9x9\best.pt,models_9x9\checkpoints\cycle_0186.pt,models_9x9\best.pt,models_9x9\checkpoints\cycle_0186.pt,p1_win,1.0,67
649,models_9x9\best.pt,models_9x9\checkpoints\cycle_0186.pt,models_9x9\best.pt,models_9x9\checkpoints\cycle_0186.pt,p1_win,1.0,67
650,models_9x9\best.pt,models_9x9\checkpoints\cycle_0186.pt,models_9x9\best.pt,models_9x9\checkpoints\cycle_0186.pt,p1_win,1.0,67
651,models_9x9\best.pt,models_9x9\checkpoints\cycle_0186.pt,models_9x9\best.pt,models_9x9\checkpoints\cycle_0186.pt,p1_win,1.0,69
652,models_9x9\best.pt,models_9x9\checkpoints\cycle_0186.pt,models_9x9\best.pt,models_9x9\checkpoints\cycle_0186.pt,p1_win,1.0,69
653,models_9x9\best.pt,models_9x9\checkpoints\cycle_0186.pt,models_9x9\best.pt,models_9x9\checkpoints\cycle_0186.pt,p1_win,1.0,67
654,models_9x9\best.pt,models_9x9\checkpoints\cycle_0186.pt,models_9x9\checkpoints\cycle_0186.pt,models_9x9\best.pt,p1_win,0.0,83
655,models_9x9\best.pt,models_9x9\checkpoints\cycle_0186.pt,models_9x9\checkpoints\cycle_0186.pt,models_9x9\best.pt,p2_win,1.0,68
656,models_9x9\best.pt,models_9x9\checkpoints\cycle_0186.pt,models_9x9\best.pt,models_9x9\checkpoints\cycle_0186.pt,p1_win,1.0,69
657,models_9x9\best.pt,models_9x9\checkpoints\cycle_0186.pt,models_9x9\best.pt,models_9x9\checkpoints\cycle_0186.pt,p1_win,1.0,71
658,models_9x9\best.pt,models_9x9\checkpoints\cycle_0186.pt,models_9x9\best.pt,models_9x9\checkpoints\cycle_0186.pt,p1_win,1.0,67
659,models_9x9\best.pt,models_9x9\checkpoints\cycle_0186.pt,models_9x9\best.pt,models_9x9\checkpoints\cycle_0186.pt,p1_win,1.0,67
660,models_9x9\best.pt,models_9x9\checkpoints\cycle_0186.pt,models_9x9\checkpoints\cycle_0186.pt,models_9x9\best.pt,p2_win,1.0,78
661,models_9x9\best.pt,models_9x9\checkpoints\cycle_0186.pt,models_9x9\best.pt,models_9x9\checkpoints\cycle_0186.pt,p1_win,1.0,69
662,models_9x9\best.pt,models_9x9\checkpoints\cycle_0186.pt,models_9x9\best.pt,models_9x9\checkpoints\cycle_0186.pt,p1_win,1.0,79
663,models_9x9\best.pt,models_9x9\checkpoints\cycle_0186.pt,models_9x9\best.pt,models_9x9\checkpoints\cycle_0186.pt,p1_win,1.0,67
664,models_9x9\best.pt,models_9x9\checkpoints\cycle_0186.pt,models_9x9\checkpoints\cycle_0186.pt,models_9x9\best.pt,p1_win,0.0,73
665,models_9x9\best.pt,models_9x9\checkpoints\cycle_0186.pt,models_9x9\best.pt,models_9x9\checkpoints\cycle_0186.pt,p1_win,1.0,67
666,models_9x9\best.pt,models_9x9\checkpoints\cycle_0186.pt,models_9x9\best.pt,models_9x9\checkpoints\cycle_0186.pt,p1_win,1.0,79
667,models_9x9\best.pt,models_9x9\checkpoints\cycle_0186.pt,models_9x9\checkpoints\cycle_0186.pt,models_9x9\best.pt,p1_win,0.0,73
668,models_9x9\best.pt,models_9x9\checkpoints\cycle_0186.pt,models_9x9\best.pt,models_9x9\checkpoints\cycle_0186.pt,p1_win,1.0,79
669,models_9x9\best.pt,models_9x9\checkpoints\cycle_0186.pt,models_9x9\best.pt,models_9x9\checkpoints\cycle_0186.pt,p1_win,1.0,71
670,models_9x9\best.pt,models_9x9\checkpoints\cycle_0186.pt,models_9x9\best.pt,models_9x9\checkpoints\cycle_0186.pt,p1_win,1.0,79
671,models_9x9\best.pt,models_9x9\checkpoints\cycle_0186.pt,models_9x9\checkpoints\cycle_0186.pt,models_9x9\best.pt,p1_win,0.0,69
672,models_9x9\best.pt,models_9x9\checkpoints\cycle_0186.pt,models_9x9\best.pt,models_9x9\checkpoints\cycle_0186.pt,p1_win,1.0,69
673,models_9x9\best.pt,models_9x9\checkpoints\cycle_0186.pt,models_9x9\best.pt,models_9x9\checkpoints\cycle_0186.pt,p1_win,1.0,79
674,models_9x9\best.pt,models_9x9\checkpoints\cycle_0186.pt,models_9x9\best.pt,models_9x9\checkpoints\cycle_0186.pt,p1_win,1.0,69
675,models_9x9\best.pt,models_9x9\checkpoints\cycle_0186.pt,models_9x9\best.pt,models_9x9\checkpoints\cycle_0186.pt,p1_win,1.0,69
676,models_9x9\best.pt,models_9x9\checkpoints\cycle_0186.pt,models_9x9\best.pt,models_9x9\checkpoints\cycle_0186.pt,p1_win,1.0,81
677,models_9x9\best.pt,models_9x9\checkpoints\cycle_0186.pt,models_9x9\best.pt,models_9x9\checkpoints\cycle_0186.pt,p1_win,1.0,79
678,models_9x9\best.pt,models_9x9\checkpoints\cycle_0186.pt,models_9x9\best.pt,models_9x9\checkpoints\cycle_0186.pt,p1_win,1.0,79
679,models_9x9\best.pt,models_9x9\checkpoints\cycle_0186.pt,models_9x9\best.pt,models_9x9\checkpoints\cycle_0186.pt,p1_win,1.0,79
680,models_9x9\best.pt,models_9x9\checkpoints\cycle_0186.pt,models_9x9\checkpoints\cycle_0186.pt,models_9x9\best.pt,p2_win,1.0,70
681,models_9x9\best.pt,models_9x9\checkpoints\cycle_0186.pt,models_9x9\best.pt,models_9x9\checkpoints\cycle_0186.pt,p1_win,1.0,73
682,models_9x9\best.pt,models_9x9\checkpoints\cycle_0186.pt,models_9x9\best.pt,models_9x9\checkpoints\cycle_0186.pt,p1_win,1.0,69
683,models_9x9\best.pt,models_9x9\checkpoints\cycle_0186.pt,models_9x9\best.pt,models_9x9\checkpoints\cycle_0186.pt,p1_win,1.0,75
684,models_9x9\best.pt,models_9x9\checkpoints\cycle_0186.pt,models_9x9\checkpoints\cycle_0186.pt,models_9x9\best.pt,p2_win,1.0,74
685,models_9x9\best.pt,models_9x9\checkpoints\cycle_0186.pt,models_9x9\best.pt,models_9x9\checkpoints\cycle_0186.pt,p1_win,1.0,69
686,models_9x9\best.pt,models_9x9\checkpoints\cycle_0186.pt,models_9x9\checkpoints\cycle_0186.pt,models_9x9\best.pt,p1_win,0.0,81
687,models_9x9\best.pt,models_9x9\checkpoints\cycle_0186.pt,models_9x9\best.pt,models_9x9\checkpoints\cycle_0186.pt,p1_win,1.0,67
688,models_9x9\best.pt,models_9x9\checkpoints\cycle_0186.pt,models_9x9\best.pt,models_9x9\checkpoints\cycle_0186.pt,p1_win,1.0,83
689,models_9x9\best.pt,models_9x9\checkpoints\cycle_0186.pt,models_9x9\best.pt,models_9x9\checkpoints\cycle_0186.pt,p1_win,1.0,77
690,models_9x9\best.pt,models_9x9\checkpoints\cycle_0186.pt,models_9x9\checkpoints\cycle_0186.pt,models_9x9\best.pt,p2_win,1.0,76
691,models_9x9\best.pt,models_9x9\checkpoints\cycle_0186.pt,models_9x9\best.pt,models_9x9\checkpoints\cycle_0186.pt,p1_win,1.0,69
692,models_9x9\best.pt,models_9x9\checkpoints\cycle_0186.pt,models_9x9\best.pt,models_9x9\checkpoints\cycle_0186.pt,p1_win,1.0,67
693,models_9x9\best.pt,models_9x9\checkpoints\cycle_0186.pt,models_9x9\best.pt,models_9x9\checkpoints\cycle_0186.pt,p1_win,1.0,83
694,models_9x9\best.pt,models_9x9\checkpoints\cycle_0186.pt,models_9x9\best.pt,models_9x9\checkpoints\cycle_0186.pt,p1_win,1.0,79
695,models_9x9\best.pt,models_9x9\checkpoints\cycle_0186.pt,models_9x9\best.pt,models_9x9\checkpoints\cycle_0186.pt,p1_win,1.0,83
696,models_9x9\best.pt,models_9x9\checkpoints\cycle_0186.pt,models_9x9\best.pt,models_9x9\checkpoints\cycle_0186.pt,p1_win,1.0,83
697,models_9x9\best.pt,models_9x9\checkpoints\cycle_0186.pt,models_9x9\best.pt,models_9x9\checkpoints\cycle_0186.pt,p1_win,1.0,79
698,models_9x9\best.pt,models_9x9\checkpoints\cycle_0186.pt,models_9x9\best.pt,models_9x9\checkpoints\cycle_0186.pt,p1_win,1.0,73
699,models_9x9\best.pt,models_9x9\checkpoints\cycle_0186.pt,models_9x9\best.pt,models_9x9\checkpoints\cycle_0186.pt,p1_win,1.0,83
700,models_9x9\best.pt,models_9x9\checkpoints\cycle_0186.pt,models_9x9\best.pt,models_9x9\checkpoints\cycle_0186.pt,p1_win,1.0,69
701,models_9x9\best.pt,models_9x9\checkpoints\cycle_0186.pt,models_9x9\best.pt,models_9x9\checkpoints\cycle_0186.pt,p1_win,1.0,83
702,models_9x9\best.pt,models_9x9\checkpoints\cycle_0186.pt,models_9x9\best.pt,models_9x9\checkpoints\cycle_0186.pt,p1_win,1.0,69
703,models_9x9\best.pt,models_9x9\checkpoints\cycle_0186.pt,models_9x9\best.pt,models_9x9\checkpoints\cycle_0186.pt,p1_win,1.0,69
704,models_9x9\best.pt,models_9x9\checkpoints\cycle_0186.pt,models_9x9\best.pt,models_9x9\checkpoints\cycle_0186.pt,p1_win,1.0,83
705,models_9x9\best.pt,models_9x9\checkpoints\cycle_0186.pt,models_9x9\best.pt,models_9x9\checkpoints\cycle_0186.pt,p1_win,1.0,73
706,models_9x9\best.pt,models_9x9\checkpoints\cycle_0186.pt,models_9x9\best.pt,models_9x9\checkpoints\cycle_0186.pt,p1_win,1.0,77
707,models_9x9\best.pt,models_9x9\checkpoints\cycle_0186.pt,models_9x9\best.pt,models_9x9\checkpoints\cycle_0186.pt,p1_win,1.0,69
708,models_9x9\best.pt,models_9x9\checkpoints\cycle_0186.pt,models_9x9\best.pt,models_9x9\checkpoints\cycle_0186.pt,p1_win,1.0,81
709,models_9x9\best.pt,models_9x9\checkpoints\cycle_0186.pt,models_9x9\checkpoints\cycle_0186.pt,models_9x9\best.pt,p1_win,0.0,67
710,models_9x9\best.pt,models_9x9\checkpoints\cycle_0186.pt,models_9x9\best.pt,models_9x9\checkpoints\cycle_0186.pt,p1_win,1.0,71
711,models_9x9\best.pt,models_9x9\checkpoints\cycle_0186.pt,models_9x9\checkpoints\cycle_0186.pt,models_9x9\best.pt,p1_win,0.0,73
712,models_9x9\best.pt,models_9x9\checkpoints\cycle_0186.pt,models_9x9\best.pt,models_9x9\checkpoints\cycle_0186.pt,p1_win,1.0,73
713,models_9x9\best.pt,models_9x9\checkpoints\cycle_0186.pt,models_9x9\best.pt,models_9x9\checkpoints\cycle_0186.pt,p1_win,1.0,79
714,models_9x9\best.pt,models_9x9\checkpoints\cycle_0186.pt,models_9x9\best.pt,models_9x9\checkpoints\cycle_0186.pt,p1_win,1.0,75
715,models_9x9\best.pt,models_9x9\checkpoints\cycle_0186.pt,models_9x9\best.pt,models_9x9\checkpoints\cycle_0186.pt,p1_win,1.0,69
716,models_9x9\best.pt,models_9x9\checkpoints\cycle_0186.pt,models_9x9\best.pt,models_9x9\checkpoints\cycle_0186.pt,p1_win,1.0,71
717,models_9x9\best.pt,models_9x9\checkpoints\cycle_0186.pt,models_9x9\checkpoints\cycle_0186.pt,models_9x9\best.pt,p2_win,1.0,68
718,models_9x9\best.pt,models_9x9\checkpoints\cycle_0186.pt,models_9x9\checkpoints\cycle_0186.pt,models_9x9\best.pt,p1_win,0.0,77
719,models_9x9\best.pt,models_9x9\checkpoints\cycle_0186.pt,models_9x9\checkpoints\cycle_0186.pt,models_9x9\best.pt,p1_win,0.0,71
720,models_9x9\best.pt,models_9x9\checkpoints\cycle_0186.pt,models_9x9\checkpoints\cycle_0186.pt,models_9x9\best.pt,p2_win,1.0,70
721,models_9x9\best.pt,models_9x9\checkpoints\cycle_0186.pt,models_9x9\best.pt,models_9x9\checkpoints\cycle_0186.pt,p1_win,1.0,69
722,models_9x9\best.pt,models_9x9\checkpoints\cycle_0186.pt,models_9x9\best.pt,models_9x9\checkpoints\cycle_0186.pt,p1_win,1.0,69
723,models_9x9\best.pt,models_9x9\checkpoints\cycle_0186.pt,models_9x9\best.pt,models_9x9\checkpoints\cycle_0186.pt,p1_win,1.0,69
724,models_9x9\best.pt,models_9x9\checkpoints\cycle_0186.pt,models_9x9\best.pt,models_9x9\checkpoints\cycle_0186.pt,p1_win,1.0,71
725,models_9x9\best.pt,models_9x9\checkpoints\cycle_0186.pt,models_9x9\best.pt,models_9x9\checkpoints\cycle_0186.pt,p1_win,1.0,69
726,models_9x9\best.pt,models_9x9\checkpoints\cycle_0186.pt,models_9x9\best.pt,models_9x9\checkpoints\cycle_0186.pt,p1_win,1.0,67
727,models_9x9\best.pt,models_9x9\checkpoints\cycle_0186.pt,models_9x9\best.pt,models_9x9\checkpoints\cycle_0186.pt,p1_win,1.0,69
728,models_9x9\best.pt,models_9x9\checkpoints\cycle_0186.pt,models_9x9\best.pt,models_9x9\checkpoints\cycle_0186.pt,p1_win,1.0,69
729,models_9x9\best.pt,models_9x9\checkpoints\cycle_0186.pt,models_9x9\best.pt,models_9x9\checkpoints\cycle_0186.pt,p1_win,1.0,69
730,models_9x9\best.pt,models_9x9\checkpoints\cycle_0186.pt,models_9x9\best.pt,models_9x9\checkpoints\cycle_0186.pt,p1_win,1.0,69
731,models_9x9\best.pt,models_9x9\checkpoints\cycle_0186.pt,models_9x9\best.pt,models_9x9\checkpoints\cycle_0186.pt,p1_win,1.0,71
732,models_9x9\best.pt,models_9x9\checkpoints\cycle_0186.pt,models_9x9\best.pt,models_9x9\checkpoints\cycle_0186.pt,p1_win,1.0,83
733,models_9x9\best.pt,models_9x9\checkpoints\cycle_0186.pt,models_9x9\best.pt,models_9x9\checkpoints\cycle_0186.pt,p1_win,1.0,69
734,models_9x9\best.pt,models_9x9\checkpoints\cycle_0186.pt,models_9x9\best.pt,models_9x9\checkpoints\cycle_0186.pt,p1_win,1.0,75
735,models_9x9\best.pt,models_9x9\checkpoints\cycle_0186.pt,models_9x9\checkpoints\cycle_0186.pt,models_9x9\best.pt,p1_win,0.0,69
736,models_9x9\best.pt,models_9x9\checkpoints\cycle_0186.pt,models_9x9\best.pt,models_9x9\checkpoints\cycle_0186.pt,p1_win,1.0,71
737,models_9x9\best.pt,models_9x9\checkpoints\cycle_0186.pt,models_9x9\best.pt,models_9x9\checkpoints\cycle_0186.pt,p1_win,1.0,75
738,models_9x9\best.pt,models_9x9\checkpoints\cycle_0186.pt,models_9x9\best.pt,models_9x9\checkpoints\cycle_0186.pt,p1_win,1.0,67
739,models_9x9\best.pt,models_9x9\checkpoints\cycle_0186.pt,models_9x9\checkpoints\cycle_0186.pt,models_9x9\best.pt,p2_win,1.0,76
740,models_9x9\best.pt,models_9x9\checkpoints\cycle_0186.pt,models_9x9\best.pt,models_9x9\checkpoints\cycle_0186.pt,p1_win,1.0,73
741,models_9x9\best.pt,models_9x9\checkpoints\cycle_0186.pt,models_9x9\checkpoints\cycle_0186.pt,models_9x9\best.pt,p2_win,1.0,76
742,models_9x9\best.pt,models_9x9\checkpoints\cycle_0186.pt,models_9x9\best.pt,models_9x9\checkpoints\cycle_0186.pt,p1_win,1.0,83
743,models_9x9\best.pt,models_9x9\checkpoints\cycle_0186.pt,models_9x9\checkpoints\cycle_0186.pt,models_9x9\best.pt,p1_win,0.0,69
744,models_9x9\best.pt,models_9x9\checkpoints\cycle_0186.pt,models_9x9\best.pt,models_9x9\checkpoints\cycle_0186.pt,p1_win,1.0,77
745,models_9x9\best.pt,models_9x9\checkpoints\cycle_0186.pt,models_9x9\checkpoints\cycle_0186.pt,models_9x9\best.pt,p2_win,1.0,72
746,models_9x9\best.pt,models_9x9\checkpoints\cycle_0186.pt,models_9x9\best.pt,models_9x9\checkpoints\cycle_0186.pt,p1_win,1.0,81
747,models_9x9\best.pt,models_9x9\checkpoints\cycle_0186.pt,models_9x9\checkpoints\cycle_0186.pt,models_9x9\best.pt,p1_win,0.0,71
748,models_9x9\best.pt,models_9x9\checkpoints\cycle_0186.pt,models_9x9\best.pt,models_9x9\checkpoints\cycle_0186.pt,p1_win,1.0,69
749,models_9x9\best.pt,models_9x9\checkpoints\cycle_0186.pt,models_9x9\best.pt,models_9x9\checkpoints\cycle_0186.pt,p1_win,1.0,69
750,models_9x9\best.pt,models_9x9\checkpoints\cycle_0186.pt,models_9x9\best.pt,models_9x9\checkpoints\cycle_0186.pt,p1_win,1.0,71
751,models_9x9\best.pt,models_9x9\checkpoints\cycle_0186.pt,models_9x9\best.pt,models_9x9\checkpoints\cycle_0186.pt,p1_win,1.0,83
752,models_9x9\best.pt,models_9x9\checkpoints\cycle_0186.pt,models_9x9\checkpoints\cycle_0186.pt,models_9x9\best.pt,p1_win,0.0,75
753,models_9x9\best.pt,models_9x9\checkpoints\cycle_0186.pt,models_9x9\best.pt,models_9x9\checkpoints\cycle_0186.pt,p1_win,1.0,73
754,models_9x9\best.pt,models_9x9\checkpoints\cycle_0186.pt,models_9x9\checkpoints\cycle_0186.pt,models_9x9\best.pt,p2_win,1.0,80
755,models_9x9\best.pt,models_9x9\checkpoints\cycle_0186.pt,models_9x9\best.pt,models_9x9\checkpoints\cycle_0186.pt,p1_win,1.0,69
756,models_9x9\best.pt,models_9x9\checkpoints\cycle_0186.pt,models_9x9\best.pt,models_9x9\checkpoints\cycle_0186.pt,p1_win,1.0,69
757,models_9x9\best.pt,models_9x9\checkpoints\cycle_0186.pt,models_9x9\checkpoints\cycle_0186.pt,models_9x9\best.pt,p1_win,0.0,69
758,models_9x9\best.pt,models_9x9\checkpoints\cycle_0186.pt,models_9x9\best.pt,models_9x9\checkpoints\cycle_0186.pt,p1_win,1.0,75
759,models_9x9\best.pt,models_9x9\checkpoints\cycle_0186.pt,models_9x9\best.pt,models_9x9\checkpoints\cycle_0186.pt,p1_win,1.0,83
760,models_9x9\best.pt,models_9x9\checkpoints\cycle_0186.pt,models_9x9\checkpoints\cycle_0186.pt,models_9x9\best.pt,p1_win,0.0,75
761,models_9x9\best.pt,models_9x9\checkpoints\cycle_0186.pt,models_9x9\best.pt,models_9x9\checkpoints\cycle_0186.pt,p1_win,1.0,69
762,models_9x9\best.pt,models_9x9\checkpoints\cycle_0186.pt,models_9x9\best.pt,models_9x9\checkpoints\cycle_0186.pt,p1_win,1.0,71
763,models_9x9\best.pt,models_9x9\checkpoints\cycle_0186.pt,models_9x9\checkpoints\cycle_0186.pt,models_9x9\best.pt,p2_win,1.0,80
764,models_9x9\best.pt,models_9x9\checkpoints\cycle_0186.pt,models_9x9\best.pt,models_9x9\checkpoints\cycle_0186.pt,p1_win,1.0,83
765,models_9x9\best.pt,models_9x9\checkpoints\cycle_0186.pt,models_9x9\best.pt,models_9x9\checkpoints\cycle_0186.pt,p1_win,1.0,83
766,models_9x9\best.pt,models_9x9\checkpoints\cycle_0186.pt,models_9x9\best.pt,models_9x9\checkpoints\cycle_0186.pt,p1_win,1.0,71
767,models_9x9\best.pt,models_9x9\checkpoints\cycle_0186.pt,models_9x9\checkpoints\cycle_0186.pt,models_9x9\best.pt,p1_win,0.0,75
768,models_9x9\best.pt,models_9x9\checkpoints\cycle_0186.pt,models_9x9\checkpoints\cycle_0186.pt,models_9x9\best.pt,p2_win,1.0,70
769,models_9x9\best.pt,models_9x9\checkpoints\cycle_0186.pt,models_9x9\checkpoints\cycle_0186.pt,models_9x9\best.pt,p1_win,0.0,69
770,models_9x9\best.pt,models_9x9\checkpoints\cycle_0186.pt,models_9x9\best.pt,models_9x9\checkpoints\cycle_0186.pt,p1_win,1.0,69
771,models_9x9\best.pt,models_9x9\checkpoints\cycle_0186.pt,models_9x9\checkpoints\cycle_0186.pt,models_9x9\best.pt,p1_win,0.0,83
772,models_9x9\best.pt,models_9x9\checkpoints\cycle_0186.pt,models_9x9\best.pt,models_9x9\checkpoints\cycle_0186.pt,p1_win,1.0,75
773,models_9x9\best.pt,models_9x9\checkpoints\cycle_0186.pt,models_9x9\checkpoints\cycle_0186.pt,models_9x9\best.pt,p2_win,1.0,78
774,models_9x9\best.pt,models_9x9\checkpoints\cycle_0186.pt,models_9x9\best.pt,models_9x9\checkpoints\cycle_0186.pt,p1_win,1.0,83
775,models_9x9\best.pt,models_9x9\checkpoints\cycle_0186.pt,models_9x9\best.pt,models_9x9\checkpoints\cycle_0186.pt,p1_win,1.0,71
776,models_9x9\best.pt,models_9x9\checkpoints\cycle_0186.pt,models_9x9\checkpoints\cycle_0186.pt,models_9x9\best.pt,p2_win,1.0,74
777,models_9x9\best.pt,models_9x9\checkpoints\cycle_0186.pt,models_9x9\checkpoints\cycle_0186.pt,models_9x9\best.pt,p1_win,0.0,75
778,models_9x9\best.pt,models_9x9\checkpoints\cycle_0186.pt,models_9x9\best.pt,models_9x9\checkpoints\cycle_0186.pt,p1_win,1.0,73
779,models_9x9\best.pt,models_9x9\checkpoints\cycle_0186.pt,models_9x9\best.pt,models_9x9\checkpoints\cycle_0186.pt,p1_win,1.0,75
780,models_9x9\best.pt,models_9x9\checkpoints\cycle_0186.pt,models_9x9\checkpoints\cycle_0186.pt,models_9x9\best.pt,p2_win,1.0,70
781,models_9x9\best.pt,models_9x9\checkpoints\cycle_0186.pt,models_9x9\best.pt,models_9x9\checkpoints\cycle_0186.pt,p1_win,1.0,69
782,models_9x9\best.pt,models_9x9\checkpoints\cycle_0186.pt,models_9x9\best.pt,models_9x9\checkpoints\cycle_0186.pt,p1_win,1.0,69
783,models_9x9\best.pt,models_9x9\checkpoints\cycle_0186.pt,models_9x9\best.pt,models_9x9\checkpoints\cycle_0186.pt,p1_win,1.0,71
784,models_9x9\best.pt,models_9x9\checkpoints\cycle_0186.pt,models_9x9\best.pt,models_9x9\checkpoints\cycle_0186.pt,p1_win,1.0,73
785,models_9x9\best.pt,models_9x9\checkpoints\cycle_0186.pt,models_9x9\best.pt,models_9x9\checkpoints\cycle_0186.pt,p1_win,1.0,69
786,models_9x9\best.pt,models_9x9\checkpoints\cycle_0186.pt,models_9x9\checkpoints\cycle_0186.pt,models_9x9\best.pt,p2_win,1.0,72
787,models_9x9\best.pt,models_9x9\checkpoints\cycle_0186.pt,models_9x9\best.pt,models_9x9\checkpoints\cycle_0186.pt,p1_win,1.0,71
788,models_9x9\best.pt,models_9x9\checkpoints\cycle_0186.pt,models_9x9\checkpoints\cycle_0186.pt,models_9x9\best.pt,p1_win,0.0,77
789,models_9x9\best.pt,models_9x9\checkpoints\cycle_0186.pt,models_9x9\best.pt,models_9x9\checkpoints\cycle_0186.pt,p1_win,1.0,71
790,models_9x9\best.pt,models_9x9\checkpoints\cycle_0186.pt,models_9x9\best.pt,models_9x9\checkpoints\cycle_0186.pt,p1_win,1.0,71
791,models_9x9\best.pt,models_9x9\checkpoints\cycle_0186.pt,models_9x9\best.pt,models_9x9\checkpoints\cycle_0186.pt,p1_win,1.0,75
792,models_9x9\best.pt,models_9x9\checkpoints\cycle_0186.pt,models_9x9\best.pt,models_9x9\checkpoints\cycle_0186.pt,p1_win,1.0,69
793,models_9x9\best.pt,models_9x9\checkpoints\cycle_0186.pt,models_9x9\best.pt,models_9x9\checkpoints\cycle_0186.pt,p1_win,1.0,71
794,models_9x9\best.pt,models_9x9\checkpoints\cycle_0186.pt,models_9x9\checkpoints\cycle_0186.pt,models_9x9\best.pt,p1_win,0.0,77
795,models_9x9\best.pt,models_9x9\checkpoints\cycle_0186.pt,models_9x9\best.pt,models_9x9\checkpoints\cycle_0186.pt,p1_win,1.0,75
796,models_9x9\best.pt,models_9x9\checkpoints\cycle_0186.pt,models_9x9\best.pt,models_9x9\checkpoints\cycle_0186.pt,p1_win,1.0,71
797,models_9x9\best.pt,models_9x9\checkpoints\cycle_0186.pt,models_9x9\best.pt,models_9x9\checkpoints\cycle_0186.pt,p1_win,1.0,73
798,models_9x9\best.pt,models_9x9\checkpoints\cycle_0186.pt,models_9x9\checkpoints\cycle_0186.pt,models_9x9\best.pt,p1_win,0.0,71
799,models_9x9\best.pt,models_9x9\checkpoints\cycle_0186.pt,models_9x9\best.pt,models_9x9\checkpoints\cycle_0186.pt,p1_win,1.0,73
800,models_9x9\best.pt,models_9x9\checkpoints\cycle_0186.pt,models_9x9\best.pt,models_9x9\checkpoints\cycle_0186.pt,p1_win,1.0,71
801,models_9x9\best.pt,models_9x9\checkpoints\cycle_0186.pt,models_9x9\checkpoints\cycle_0186.pt,models_9x9\best.pt,p1_win,0.0,71
802,models_9x9\best.pt,models_9x9\checkpoints\cycle_0186.pt,models_9x9\best.pt,models_9x9\checkpoints\cycle_0186.pt,p1_win,1.0,77
803,models_9x9\best.pt,models_9x9\checkpoints\cycle_0186.pt,models_9x9\best.pt,models_9x9\checkpoints\cycle_0186.pt,p1_win,1.0,71
804,models_9x9\best.pt,models_9x9\checkpoints\cycle_0186.pt,models_9x9\checkpoints\cycle_0186.pt,models_9x9\best.pt,p2_win,1.0,76
805,models_9x9\best.pt,models_9x9\checkpoints\cycle_0186.pt,models_9x9\best.pt,models_9x9\checkpoints\cycle_0186.pt,p1_win,1.0,75
806,models_9x9\best.pt,models_9x9\checkpoints\cycle_0186.pt,models_9x9\best.pt,models_9x9\checkpoints\cycle_0186.pt,p1_win,1.0,87
807,models_9x9\best.pt,models_9x9\checkpoints\cycle_0186.pt,models_9x9\best.pt,models_9x9\checkpoints\cycle_0186.pt,p1_win,1.0,79
808,models_9x9\best.pt,models_9x9\checkpoints\cycle_0186.pt,models_9x9\checkpoints\cycle_0186.pt,models_9x9\best.pt,p2_win,1.0,76
809,models_9x9\best.pt,models_9x9\checkpoints\cycle_0186.pt,models_9x9\best.pt,models_9x9\checkpoints\cycle_0186.pt,p1_win,1.0,81
810,models_9x9\best.pt,models_9x9\checkpoints\cycle_0186.pt,models_9x9\checkpoints\cycle_0186.pt,models_9x9\best.pt,p2_win,1.0,80
811,models_9x9\best.pt,models_9x9\checkpoints\cycle_0186.pt,models_9x9\best.pt,models_9x9\checkpoints\cycle_0186.pt,p1_win,1.0,73
812,models_9x9\best.pt,models_9x9\checkpoints\cycle_0186.pt,models_9x9\checkpoints\cycle_0186.pt,models_9x9\best.pt,p2_win,1.0,72
813,models_9x9\best.pt,models_9x9\checkpoints\cycle_0186.pt,models_9x9\best.pt,models_9x9\checkpoints\cycle_0186.pt,p1_win,1.0,81
814,models_9x9\best.pt,models_9x9\checkpoints\cycle_0186.pt,models_9x9\best.pt,models_9x9\checkpoints\cycle_0186.pt,p1_win,1.0,69
815,models_9x9\best.pt,models_9x9\checkpoints\cycle_0186.pt,models_9x9\best.pt,models_9x9\checkpoints\cycle_0186.pt,p1_win,1.0,69
816,models_9x9\best.pt,models_9x9\checkpoints\cycle_0186.pt,models_9x9\best.pt,models_9x9\checkpoints\cycle_0186.pt,p1_win,1.0,71
817,models_9x9\best.pt,models_9x9\checkpoints\cycle_0186.pt,models_9x9\best.pt,models_9x9\checkpoints\cycle_0186.pt,p1_win,1.0,71
818,models_9x9\best.pt,models_9x9\checkpoints\cycle_0186.pt,models_9x9\checkpoints\cycle_0186.pt,models_9x9\best.pt,p1_win,0.0,75
819,models_9x9\best.pt,models_9x9\checkpoints\cycle_0186.pt,models_9x9\best.pt,models_9x9\checkpoints\cycle_0186.pt,p1_win,1.0,71
820,models_9x9\best.pt,models_9x9\checkpoints\cycle_0186.pt,models_9x9\best.pt,models_9x9\checkpoints\cycle_0186.pt,p1_win,1.0,77
821,models_9x9\best.pt,models_9x9\checkpoints\cycle_0186.pt,models_9x9\best.pt,models_9x9\checkpoints\cycle_0186.pt,p1_win,1.0,69
822,models_9x9\best.pt,models_9x9\checkpoints\cycle_0186.pt,models_9x9\best.pt,models_9x9\checkpoints\cycle_0186.pt,p1_win,1.0,69
823,models_9x9\best.pt,models_9x9\checkpoints\cycle_0186.pt,models_9x9\best.pt,models_9x9\checkpoints\cycle_0186.pt,p1_win,1.0,75
824,models_9x9\best.pt,models_9x9\checkpoints\cycle_0186.pt,models_9x9\best.pt,models_9x9\checkpoints\cycle_0186.pt,p1_win,1.0,79
825,models_9x9\best.pt,models_9x9\checkpoints\cycle_0186.pt,models_9x9\best.pt,models_9x9\checkpoints\cycle_0186.pt,p1_win,1.0,87
826,models_9x9\best.pt,models_9x9\checkpoints\cycle_0186.pt,models_9x9\best.pt,models_9x9\checkpoints\cycle_0186.pt,p1_win,1.0,87
827,models_9x9\best.pt,models_9x9\checkpoints\cycle_0186.pt,models_9x9\best.pt,models_9x9\checkpoints\cycle_0186.pt,p1_win,1.0,73
828,models_9x9\best.pt,models_9x9\checkpoints\cycle_0186.pt,models_9x9\checkpoints\cycle_0186.pt,models_9x9\best.pt,p2_win,1.0,70
829,models_9x9\best.pt,models_9x9\checkpoints\cycle_0186.pt,models_9x9\best.pt,models_9x9\checkpoints\cycle_0186.pt,p1_win,1.0,87
830,models_9x9\best.pt,models_9x9\checkpoints\cycle_0186.pt,models_9x9\best.pt,models_9x9\checkpoints\cycle_0186.pt,p1_win,1.0,87
831,models_9x9\best.pt,models_9x9\checkpoints\cycle_0186.pt,models_9x9\best.pt,models_9x9\checkpoints\cycle_0186.pt,p1_win,1.0,87
832,models_9x9\best.pt,models_9x9\checkpoints\cycle_0186.pt,models_9x9\best.pt,models_9x9\checkpoints\cycle_0186.pt,p1_win,1.0,79
833,models_9x9\best.pt,models_9x9\checkpoints\cycle_0186.pt,models_9x9\best.pt,models_9x9\checkpoints\cycle_0186.pt,p1_win,1.0,87
834,models_9x9\best.pt,models_9x9\checkpoints\cycle_0186.pt,models_9x9\best.pt,models_9x9\checkpoints\cycle_0186.pt,p1_win,1.0,87
835,models_9x9\best.pt,models_9x9\checkpoints\cycle_0186.pt,models_9x9\best.pt,models_9x9\checkpoints\cycle_0186.pt,p1_win,1.0,71
836,models_9x9\best.pt,models_9x9\checkpoints\cycle_0186.pt,models_9x9\checkpoints\cycle_0186.pt,models_9x9\best.pt,p1_win,0.0,71
837,models_9x9\best.pt,models_9x9\checkpoints\cycle_0186.pt,models_9x9\best.pt,models_9x9\checkpoints\cycle_0186.pt,p1_win,1.0,87
838,models_9x9\best.pt,models_9x9\checkpoints\cycle_0186.pt,models_9x9\best.pt,models_9x9\checkpoints\cycle_0186.pt,p1_win,1.0,73
839,models_9x9\best.pt,models_9x9\checkpoints\cycle_0186.pt,models_9x9\best.pt,models_9x9\checkpoints\cycle_0186.pt,p1_win,1.0,69
840,models_9x9\best.pt,models_9x9\checkpoints\cycle_0186.pt,models_9x9\checkpoints\cycle_0186.pt,models_9x9\best.pt,p2_win,1.0,80
841,models_9x9\best.pt,models_9x9\checkpoints\cycle_0186.pt,models_9x9\best.pt,models_9x9\checkpoints\cycle_0186.pt,p1_win,1.0,71
842,models_9x9\best.pt,models_9x9\checkpoints\cycle_0186.pt,models_9x9\best.pt,models_9x9\checkpoints\cycle_0186.pt,p1_win,1.0,69
843,models_9x9\best.pt,models_9x9\checkpoints\cycle_0186.pt,models_9x9\best.pt,models_9x9\checkpoints\cycle_0186.pt,p1_win,1.0,87
844,models_9x9\best.pt,models_9x9\checkpoints\cycle_0186.pt,models_9x9\best.pt,models_9x9\checkpoints\cycle_0186.pt,p1_win,1.0,77
845,models_9x9\best.pt,models_9x9\checkpoints\cycle_0186.pt,models_9x9\checkpoints\cycle_0186.pt,models_9x9\best.pt,p1_win,0.0,81
846,models_9x9\best.pt,models_9x9\checkpoints\cycle_0186.pt,models_9x9\best.pt,models_9x9\checkpoints\cycle_0186.pt,p1_win,1.0,87
847,models_9x9\best.pt,models_9x9\checkpoints\cycle_0186.pt,models_9x9\checkpoints\cycle_0186.pt,models_9x9\best.pt,p2_win,1.0,70
848,models_9x9\best.pt,models_9x9\checkpoints\cycle_0186.pt,models_9x9\best.pt,models_9x9\checkpoints\cycle_0186.pt,p1_win,1.0,71
849,models_9x9\best.pt,models_9x9\checkpoints\cycle_0186.pt,models_9x9\best.pt,models_9x9\checkpoints\cycle_0186.pt,p1_win,1.0,69
850,models_9x9\best.pt,models_9x9\checkpoints\cycle_0186.pt,models_9x9\best.pt,models_9x9\checkpoints\cycle_0186.pt,p1_win,1.0,73
851,models_9x9\best.pt,models_9x9\checkpoints\cycle_0186.pt,models_9x9\best.pt,models_9x9\checkpoints\cycle_0186.pt,p1_win,1.0,77
852,models_9x9\best.pt,models_9x9\checkpoints\cycle_0186.pt,models_9x9\best.pt,models_9x9\checkpoints\cycle_0186.pt,p1_win,1.0,71
853,models_9x9\best.pt,models_9x9\checkpoints\cycle_0186.pt,models_9x9\best.pt,models_9x9\checkpoints\cycle_0186.pt,p1_win,1.0,69
854,models_9x9\best.pt,models_9x9\checkpoints\cycle_0186.pt,models_9x9\best.pt,models_9x9\checkpoints\cycle_0186.pt,p1_win,1.0,73
855,models_9x9\best.pt,models_9x9\checkpoints\cycle_0186.pt,models_9x9\best.pt,models_9x9\checkpoints\cycle_0186.pt,p1_win,1.0,87
856,models_9x9\best.pt,models_9x9\checkpoints\cycle_0186.pt,models_9x9\checkpoints\cycle_0186.pt,models_9x9\best.pt,p2_win,1.0,70
857,models_9x9\best.pt,models_9x9\checkpoints\cycle_0186.pt,models_9x9\checkpoints\cycle_0186.pt,models_9x9\best.pt,p1_win,0.0,71
858,models_9x9\best.pt,models_9x9\checkpoints\cycle_0186.pt,models_9x9\checkpoints\cycle_0186.pt,models_9x9\best.pt,p1_win,0.0,69
859,models_9x9\best.pt,models_9x9\checkpoints\cycle_0186.pt,models_9x9\checkpoints\cycle_0186.pt,models_9x9\best.pt,p1_win,0.0,75
860,models_9x9\best.pt,models_9x9\checkpoints\cycle_0186.pt,models_9x9\best.pt,models_9x9\checkpoints\cycle_0186.pt,p1_win,1.0,87
861,models_9x9\best.pt,models_9x9\checkpoints\cycle_0186.pt,models_9x9\best.pt,models_9x9\checkpoints\cycle_0186.pt,p1_win,1.0,73
862,models_9x9\best.pt,models_9x9\checkpoints\cycle_0186.pt,models_9x9\best.pt,models_9x9\checkpoints\cycle_0186.pt,p1_win,1.0,71
863,models_9x9\best.pt,models_9x9\checkpoints\cycle_0186.pt,models_9x9\checkpoints\cycle_0186.pt,models_9x9\best.pt,p2_win,1.0,72
864,models_9x9\best.pt,models_9x9\checkpoints\cycle_0186.pt,models_9x9\best.pt,models_9x9\checkpoints\cycle_0186.pt,p1_win,1.0,71
865,models_9x9\best.pt,models_9x9\checkpoints\cycle_0186.pt,models_9x9\best.pt,models_9x9\checkpoints\cycle_0186.pt,p1_win,1.0,71
866,models_9x9\best.pt,models_9x9\checkpoints\cycle_0186.pt,models_9x9\best.pt,models_9x9\checkpoints\cycle_0186.pt,p1_win,1.0,71
867,models_9x9\best.pt,models_9x9\checkpoints\cycle_0186.pt,models_9x9\best.pt,models_9x9\checkpoints\cycle_0186.pt,p1_win,1.0,71
868,models_9x9\best.pt,models_9x9\checkpoints\cycle_0186.pt,models_9x9\best.pt,models_9x9\checkpoints\cycle_0186.pt,p1_win,1.0,71
869,models_9x9\best.pt,models_9x9\checkpoints\cycle_0186.pt,models_9x9\best.pt,models_9x9\checkpoints\cycle_0186.pt,p1_win,1.0,77
870,models_9x9\best.pt,models_9x9\checkpoints\cycle_0186.pt,models_9x9\best.pt,models_9x9\checkpoints\cycle_0186.pt,p1_win,1.0,71
871,models_9x9\best.pt,models_9x9\checkpoints\cycle_0186.pt,models_9x9\best.pt,models_9x9\checkpoints\cycle_0186.pt,p1_win,1.0,71
872,models_9x9\best.pt,models_9x9\checkpoints\cycle_0186.pt,models_9x9\best.pt,models_9x9\checkpoints\cycle_0186.pt,p1_win,1.0,81
873,models_9x9\best.pt,models_9x9\checkpoints\cycle_0186.pt,models_9x9\best.pt,models_9x9\checkpoints\cycle_0186.pt,p1_win,1.0,73
874,models_9x9\best.pt,models_9x9\checkpoints\cycle_0186.pt,models_9x9\checkpoints\cycle_0186.pt,models_9x9\best.pt,p1_win,0.0,71
875,models_9x9\best.pt,models_9x9\checkpoints\cycle_0186.pt,models_9x9\best.pt,models_9x9\checkpoints\cycle_0186.pt,p1_win,1.0,71
876,models_9x9\best.pt,models_9x9\checkpoints\cycle_0186.pt,models_9x9\checkpoints\cycle_0186.pt,models_9x9\best.pt,p2_win,1.0,74
877,models_9x9\best.pt,models_9x9\checkpoints\cycle_0186.pt,models_9x9\best.pt,models_9x9\checkpoints\cycle_0186.pt,p1_win,1.0,71
878,models_9x9\best.pt,models_9x9\checkpoints\cycle_0186.pt,models_9x9\checkpoints\cycle_0186.pt,models_9x9\best.pt,p2_win,1.0,74
879,models_9x9\best.pt,models_9x9\checkpoints\cycle_0186.pt,models_9x9\best.pt,models_9x9\checkpoints\cycle_0186.pt,p1_win,1.0,71
880,models_9x9\best.pt,models_9x9\checkpoints\cycle_0186.pt,models_9x9\best.pt,models_9x9\checkpoints\cycle_0186.pt,p1_win,1.0,71
881,models_9x9\best.pt,models_9x9\checkpoints\cycle_0186.pt,models_9x9\checkpoints\cycle_0186.pt,models_9x9\best.pt,p2_win,1.0,74
882,models_9x9\best.pt,models_9x9\checkpoints\cycle_0186.pt,models_9x9\best.pt,models_9x9\checkpoints\cycle_0186.pt,p1_win,1.0,71
883,models_9x9\best.pt,models_9x9\checkpoints\cycle_0186.pt,models_9x9\checkpoints\cycle_0186.pt,models_9x9\best.pt,p2_win,1.0,70
884,models_9x9\best.pt,models_9x9\checkpoints\cycle_0186.pt,models_9x9\best.pt,models_9x9\checkpoints\cycle_0186.pt,p1_win,1.0,83
885,models_9x9\best.pt,models_9x9\checkpoints\cycle_0186.pt,models_9x9\best.pt,models_9x9\checkpoints\cycle_0186.pt,p1_win,1.0,83
886,models_9x9\best.pt,models_9x9\checkpoints\cycle_0186.pt,models_9x9\best.pt,models_9x9\checkpoints\cycle_0186.pt,p1_win,1.0,81
887,models_9x9\best.pt,models_9x9\checkpoints\cycle_0186.pt,models_9x9\best.pt,models_9x9\checkpoints\cycle_0186.pt,p1_win,1.0,81
888,models_9x9\best.pt,models_9x9\checkpoints\cycle_0186.pt,models_9x9\best.pt,models_9x9\checkpoints\cycle_0186.pt,p1_win,1.0,81
889,models_9x9\best.pt,models_9x9\checkpoints\cycle_0186.pt,models_9x9\best.pt,models_9x9\checkpoints\cycle_0186.pt,p1_win,1.0,81
890,models_9x9\best.pt,models_9x9\checkpoints\cycle_0186.pt,models_9x9\best.pt,models_9x9\checkpoints\cycle_0186.pt,p2_win,0.0,80
891,models_9x9\best.pt,models_9x9\checkpoints\cycle_0186.pt,models_9x9\best.pt,models_9x9\checkpoints\cycle_0186.pt,p1_win,1.0,81
892,models_9x9\best.pt,models_9x9\checkpoints\cycle_0186.pt,models_9x9\best.pt,models_9x9\checkpoints\cycle_0186.pt,p1_win,1.0,81
893,models_9x9\best.pt,models_9x9\checkpoints\cycle_0186.pt,models_9x9\best.pt,models_9x9\checkpoints\cycle_0186.pt,p1_win,1.0,75
894,models_9x9\best.pt,models_9x9\checkpoints\cycle_0186.pt,models_9x9\best.pt,models_9x9\checkpoints\cycle_0186.pt,p1_win,1.0,73
895,models_9x9\best.pt,models_9x9\checkpoints\cycle_0186.pt,models_9x9\best.pt,models_9x9\checkpoints\cycle_0186.pt,p1_win,1.0,81
896,models_9x9\best.pt,models_9x9\checkpoints\cycle_0186.pt,models_9x9\best.pt,models_9x9\checkpoints\cycle_0186.pt,p1_win,1.0,75
897,models_9x9\best.pt,models_9x9\checkpoints\cycle_0186.pt,models_9x9\best.pt,models_9x9\checkpoints\cycle_0186.pt,p1_win,1.0,83
898,models_9x9\best.pt,models_9x9\checkpoints\cycle_0186.pt,models_9x9\best.pt,models_9x9\checkpoints\cycle_0186.pt,p1_win,1.0,71
899,models_9x9\best.pt,models_9x9\checkpoints\cycle_0186.pt,models_9x9\best.pt,models_9x9\checkpoints\cycle_0186.pt,p1_win,1.0,81
900,models_9x9\best.pt,models_9x9\checkpoints\cycle_0186.pt,models_9x9\best.pt,models_9x9\checkpoints\cycle_0186.pt,p1_win,1.0,81
901,models_9x9\best.pt,models_9x9\checkpoints\cycle_0186.pt,models_9x9\best.pt,models_9x9\checkpoints\cycle_0186.pt,p1_win,1.0,81
902,models_9x9\best.pt,models_9x9\checkpoints\cycle_0186.pt,models_9x9\checkpoints\cycle_0186.pt,models_9x9\best.pt,p1_win,0.0,81
903,models_9x9\best.pt,models_9x9\checkpoints\cycle_0186.pt,models_9x9\best.pt,models_9x9\checkpoints\cycle_0186.pt,p1_win,1.0,81
904,models_9x9\best.pt,models_9x9\checkpoints\cycle_0186.pt,models_9x9\best.pt,models_9x9\checkpoints\cycle_0186.pt,p1_win,1.0,81
905,models_9x9\best.pt,models_9x9\checkpoints\cycle_0186.pt,models_9x9\best.pt,models_9x9\checkpoints\cycle_0186.pt,p1_win,1.0,81
906,models_9x9\best.pt,models_9x9\checkpoints\cycle_0186.pt,models_9x9\best.pt,models_9x9\checkpoints\cycle_0186.pt,p1_win,1.0,81
907,models_9x9\best.pt,models_9x9\checkpoints\cycle_0186.pt,models_9x9\best.pt,models_9x9\checkpoints\cycle_0186.pt,p1_win,1.0,81
908,models_9x9\best.pt,models_9x9\checkpoints\cycle_0186.pt,models_9x9\best.pt,models_9x9\checkpoints\cycle_0186.pt,p1_win,1.0,81
909,models_9x9\best.pt,models_9x9\checkpoints\cycle_0186.pt,models_9x9\best.pt,models_9x9\checkpoints\cycle_0186.pt,p1_win,1.0,81
910,models_9x9\best.pt,models_9x9\checkpoints\cycle_0186.pt,models_9x9\best.pt,models_9x9\checkpoints\cycle_0186.pt,p1_win,1.0,71
911,models_9x9\best.pt,models_9x9\checkpoints\cycle_0186.pt,models_9x9\best.pt,models_9x9\checkpoints\cycle_0186.pt,p1_win,1.0,81
912,models_9x9\best.pt,models_9x9\checkpoints\cycle_0186.pt,models_9x9\best.pt,models_9x9\checkpoints\cycle_0186.pt,p1_win,1.0,81
913,models_9x9\best.pt,models_9x9\checkpoints\cycle_0186.pt,models_9x9\best.pt,models_9x9\checkpoints\cycle_0186.pt,p1_win,1.0,81
914,models_9x9\best.pt,models_9x9\checkpoints\cycle_0186.pt,models_9x9\best.pt,models_9x9\checkpoints\cycle_0186.pt,p1_win,1.0,81
915,models_9x9\best.pt,models_9x9\checkpoints\cycle_0186.pt,models_9x9\best.pt,models_9x9\checkpoints\cycle_0186.pt,p1_win,1.0,81
916,models_9x9\best.pt,models_9x9\checkpoints\cycle_0186.pt,models_9x9\best.pt,models_9x9\checkpoints\cycle_0186.pt,p1_win,1.0,81
917,models_9x9\best.pt,models_9x9\checkpoints\cycle_0186.pt,models_9x9\best.pt,models_9x9\checkpoints\cycle_0186.pt,p1_win,1.0,81
918,models_9x9\best.pt,models_9x9\checkpoints\cycle_0186.pt,models_9x9\best.pt,models_9x9\checkpoints\cycle_0186.pt,p1_win,1.0,71
919,models_9x9\best.pt,models_9x9\checkpoints\cycle_0186.pt,models_9x9\best.pt,models_9x9\checkpoints\cycle_0186.pt,p1_win,1.0,81
920,models_9x9\best.pt,models_9x9\checkpoints\cycle_0186.pt,models_9x9\best.pt,models_9x9\checkpoints\cycle_0186.pt,p1_win,1.0,81
921,models_9x9\best.pt,models_9x9\checkpoints\cycle_0186.pt,models_9x9\best.pt,models_9x9\checkpoints\cycle_0186.pt,p1_win,1.0,81
922,models_9x9\best.pt,models_9x9\checkpoints\cycle_0186.pt,models_9x9\best.pt,models_9x9\checkpoints\cycle_0186.pt,p1_win,1.0,81
923,models_9x9\best.pt,models_9x9\checkpoints\cycle_0186.pt,models_9x9\best.pt,models_9x9\checkpoints\cycle_0186.pt,p1_win,1.0,81
924,models_9x9\best.pt,models_9x9\checkpoints\cycle_0186.pt,models_9x9\best.pt,models_9x9\checkpoints\cycle_0186.pt,p1_win,1.0,81
925,models_9x9\best.pt,models_9x9\checkpoints\cycle_0186.pt,models_9x9\checkpoints\cycle_0186.pt,models_9x9\best.pt,p1_win,0.0,73
926,models_9x9\best.pt,models_9x9\checkpoints\cycle_0186.pt,models_9x9\best.pt,models_9x9\checkpoints\cycle_0186.pt,p1_win,1.0,75
927,models_9x9\best.pt,models_9x9\checkpoints\cycle_0186.pt,models_9x9\best.pt,models_9x9\checkpoints\cycle_0186.pt,p1_win,1.0,81
928,models_9x9\best.pt,models_9x9\checkpoints\cycle_0186.pt,models_9x9\best.pt,models_9x9\checkpoints\cycle_0186.pt,p1_win,1.0,73
929,models_9x9\best.pt,models_9x9\checkpoints\cycle_0186.pt,models_9x9\best.pt,models_9x9\checkpoints\cycle_0186.pt,p1_win,1.0,77
930,models_9x9\best.pt,models_9x9\checkpoints\cycle_0186.pt,models_9x9\best.pt,models_9x9\checkpoints\cycle_0186.pt,p2_win,0.0,76
931,models_9x9\best.pt,models_9x9\checkpoints\cycle_0186.pt,models_9x9\checkpoints\cycle_0186.pt,models_9x9\best.pt,p1_win,0.0,71
932,models_9x9\best.pt,models_9x9\checkpoints\cycle_0186.pt,models_9x9\best.pt,models_9x9\checkpoints\cycle_0186.pt,p1_win,1.0,71
933,models_9x9\best.pt,models_9x9\checkpoints\cycle_0186.pt,models_9x9\checkpoints\cycle_0186.pt,models_9x9\best.pt,p1_win,0.0,79
934,models_9x9\best.pt,models_9x9\checkpoints\cycle_0186.pt,models_9x9\checkpoints\cycle_0186.pt,models_9x9\best.pt,p1_win,0.0,71
935,models_9x9\best.pt,models_9x9\checkpoints\cycle_0186.pt,models_9x9\best.pt,models_9x9\checkpoints\cycle_0186.pt,p1_win,1.0,71
936,models_9x9\best.pt,models_9x9\checkpoints\cycle_0186.pt,models_9x9\checkpoints\cycle_0186.pt,models_9x9\best.pt,p2_win,1.0,72
937,models_9x9\best.pt,models_9x9\checkpoints\cycle_0186.pt,models_9x9\best.pt,models_9x9\checkpoints\cycle_0186.pt,p2_win,0.0,82
938,models_9x9\best.pt,models_9x9\checkpoints\cycle_0186.pt,models_9x9\best.pt,models_9x9\checkpoints\cycle_0186.pt,p1_win,1.0,81
939,models_9x9\best.pt,models_9x9\checkpoints\cycle_0186.pt,models_9x9\checkpoints\cycle_0186.pt,models_9x9\best.pt,p1_win,0.0,75
940,models_9x9\best.pt,models_9x9\checkpoints\cycle_0186.pt,models_9x9\checkpoints\cycle_0186.pt,models_9x9\best.pt,p1_win,0.0,75
941,models_9x9\best.pt,models_9x9\checkpoints\cycle_0186.pt,models_9x9\best.pt,models_9x9\checkpoints\cycle_0186.pt,p1_win,1.0,73
942,models_9x9\best.pt,models_9x9\checkpoints\cycle_0186.pt,models_9x9\best.pt,models_9x9\checkpoints\cycle_0186.pt,p1_win,1.0,81
943,models_9x9\best.pt,models_9x9\checkpoints\cycle_0186.pt,models_9x9\best.pt,models_9x9\checkpoints\cycle_0186.pt,p1_win,1.0,81
944,models_9x9\best.pt,models_9x9\checkpoints\cycle_0186.pt,models_9x9\checkpoints\cycle_0186.pt,models_9x9\best.pt,p2_win,1.0,72
945,models_9x9\best.pt,models_9x9\checkpoints\cycle_0186.pt,models_9x9\best.pt,models_9x9\checkpoints\cycle_0186.pt,p1_win,1.0,71
946,models_9x9\best.pt,models_9x9\checkpoints\cycle_0186.pt,models_9x9\best.pt,models_9x9\checkpoints\cycle_0186.pt,p1_win,1.0,71
947,models_9x9\best.pt,models_9x9\checkpoints\cycle_0186.pt,models_9x9\checkpoints\cycle_0186.pt,models_9x9\best.pt,p2_win,1.0,76
948,models_9x9\best.pt,models_9x9\checkpoints\cycle_0186.pt,models_9x9\checkpoints\cycle_0186.pt,models_9x9\best.pt,p1_win,0.0,73
949,models_9x9\best.pt,models_9x9\checkpoints\cycle_0186.pt,models_9x9\best.pt,models_9x9\checkpoints\cycle_0186.pt,p1_win,1.0,71
950,models_9x9\best.pt,models_9x9\checkpoints\cycle_0186.pt,models_9x9\best.pt,models_9x9\checkpoints\cycle_0186.pt,p1_win,1.0,75
951,models_9x9\best.pt,models_9x9\checkpoints\cycle_0186.pt,models_9x9\checkpoints\cycle_0186.pt,models_9x9\best.pt,p1_win,0.0,79
952,models_9x9\best.pt,models_9x9\checkpoints\cycle_0186.pt,models_9x9\best.pt,models_9x9\checkpoints\cycle_0186.pt,p1_win,1.0,73
953,models_9x9\best.pt,models_9x9\checkpoints\cycle_0186.pt,models_9x9\best.pt,models_9x9\checkpoints\cycle_0186.pt,p1_win,1.0,71
954,models_9x9\best.pt,models_9x9\checkpoints\cycle_0186.pt,models_9x9\best.pt,models_9x9\checkpoints\cycle_0186.pt,p1_win,1.0,71
955,models_9x9\best.pt,models_9x9\checkpoints\cycle_0186.pt,models_9x9\checkpoints\cycle_0186.pt,models_9x9\best.pt,p1_win,0.0,73
956,models_9x9\best.pt,models_9x9\checkpoints\cycle_0186.pt,models_9x9\best.pt,models_9x9\checkpoints\cycle_0186.pt,p1_win,1.0,79
957,models_9x9\best.pt,models_9x9\checkpoints\cycle_0186.pt,models_9x9\best.pt,models_9x9\checkpoints\cycle_0186.pt,p1_win,1.0,77
958,models_9x9\best.pt,models_9x9\checkpoints\cycle_0186.pt,models_9x9\best.pt,models_9x9\checkpoints\cycle_0186.pt,p1_win,1.0,73
959,models_9x9\best.pt,models_9x9\checkpoints\cycle_0186.pt,models_9x9\checkpoints\cycle_0186.pt,models_9x9\best.pt,p1_win,0.0,71
960,models_9x9\best.pt,models_9x9\checkpoints\cycle_0186.pt,models_9x9\best.pt,models_9x9\checkpoints\cycle_0186.pt,p1_win,1.0,71
961,models_9x9\best.pt,models_9x9\checkpoints\cycle_0186.pt,models_9x9\best.pt,models_9x9\checkpoints\cycle_0186.pt,p1_win,1.0,71
962,models_9x9\best.pt,models_9x9\checkpoints\cycle_0186.pt,models_9x9\best.pt,models_9x9\checkpoints\cycle_0186.pt,p1_win,1.0,71
963,models_9x9\best.pt,models_9x9\checkpoints\cycle_0186.pt,models_9x9\best.pt,models_9x9\checkpoints\cycle_0186.pt,p1_win,1.0,71
964,models_9x9\best.pt,models_9x9\checkpoints\cycle_0186.pt,models_9x9\best.pt,models_9x9\checkpoints\cycle_0186.pt,p1_win,1.0,71
965,models_9x9\best.pt,models_9x9\checkpoints\cycle_0186.pt,models_9x9\best.pt,models_9x9\checkpoints\cycle_0186.pt,p1_win,1.0,79
966,models_9x9\best.pt,models_9x9\checkpoints\cycle_0186.pt,models_9x9\checkpoints\cycle_0186.pt,models_9x9\best.pt,p1_win,0.0,75
967,models_9x9\best.pt,models_9x9\checkpoints\cycle_0186.pt,models_9x9\best.pt,models_9x9\checkpoints\cycle_0186.pt,p1_win,1.0,87
968,models_9x9\best.pt,models_9x9\checkpoints\cycle_0186.pt,models_9x9\checkpoints\cycle_0186.pt,models_9x9\best.pt,p2_win,1.0,74
969,models_9x9\best.pt,models_9x9\checkpoints\cycle_0186.pt,models_9x9\best.pt,models_9x9\checkpoints\cycle_0186.pt,p1_win,1.0,73
970,models_9x9\best.pt,models_9x9\checkpoints\cycle_0186.pt,models_9x9\best.pt,models_9x9\checkpoints\cycle_0186.pt,p1_win,1.0,75
971,models_9x9\best.pt,models_9x9\checkpoints\cycle_0186.pt,models_9x9\best.pt,models_9x9\checkpoints\cycle_0186.pt,p1_win,1.0,73
972,models_9x9\best.pt,models_9x9\checkpoints\cycle_0186.pt,models_9x9\best.pt,models_9x9\checkpoints\cycle_0186.pt,p1_win,1.0,75
973,models_9x9\best.pt,models_9x9\checkpoints\cycle_0186.pt,models_9x9\best.pt,models_9x9\checkpoints\cycle_0186.pt,p1_win,1.0,77
974,models_9x9\best.pt,models_9x9\checkpoints\cycle_0186.pt,models_9x9\checkpoints\cycle_0186.pt,models_9x9\best.pt,p1_win,0.0,79
975,models_9x9\best.pt,models_9x9\checkpoints\cycle_0186.pt,models_9x9\best.pt,models_9x9\checkpoints\cycle_0186.pt,p1_win,1.0,73
976,models_9x9\best.pt,models_9x9\checkpoints\cycle_0186.pt,models_9x9\best.pt,models_9x9\checkpoints\cycle_0186.pt,p1_win,1.0,79
977,models_9x9\best.pt,models_9x9\checkpoints\cycle_0186.pt,models_9x9\best.pt,models_9x9\checkpoints\cycle_0186.pt,p1_win,1.0,73
978,models_9x9\best.pt,models_9x9\checkpoints\cycle_0186.pt,models_9x9\best.pt,models_9x9\checkpoints\cycle_0186.pt,p1_win,1.0,75
979,models_9x9\best.pt,models_9x9\checkpoints\cycle_0186.pt,models_9x9\best.pt,models_9x9\checkpoints\cycle_0186.pt,p1_win,1.0,71
980,models_9x9\best.pt,models_9x9\checkpoints\cycle_0186.pt,models_9x9\checkpoints\cycle_0186.pt,models_9x9\best.pt,p1_win,0.0,79
981,models_9x9\best.pt,models_9x9\checkpoints\cycle_0186.pt,models_9x9\best.pt,models_9x9\checkpoints\cycle_0186.pt,p1_win,1.0,87
982,models_9x9\best.pt,models_9x9\checkpoints\cycle_0186.pt,models_9x9\best.pt,models_9x9\checkpoints\cycle_0186.pt,p1_win,1.0,71
983,models_9x9\best.pt,models_9x9\checkpoints\cycle_0186.pt,models_9x9\best.pt,models_9x9\checkpoints\cycle_0186.pt,p1_win,1.0,73
984,models_9x9\best.pt,models_9x9\checkpoints\cycle_0186.pt,models_9x9\best.pt,models_9x9\checkpoints\cycle_0186.pt,p1_win,1.0,73
985,models_9x9\best.pt,models_9x9\checkpoints\cycle_0186.pt,models_9x9\checkpoints\cycle_0186.pt,models_9x9\best.pt,p1_win,0.0,71
986,models_9x9\best.pt,models_9x9\checkpoints\cycle_0186.pt,models_9x9\best.pt,models_9x9\checkpoints\cycle_0186.pt,p1_win,1.0,73
987,models_9x9\best.pt,models_9x9\checkpoints\cycle_0186.pt,models_9x9\best.pt,models_9x9\checkpoints\cycle_0186.pt,p1_win,1.0,73
988,models_9x9\best.pt,models_9x9\checkpoints\cycle_0186.pt,models_9x9\best.pt,models_9x9\checkpoints\cycle_0186.pt,p1_win,1.0,73
989,models_9x9\best.pt,models_9x9\checkpoints\cycle_0186.pt,models_9x9\best.pt,models_9x9\checkpoints\cycle_0186.pt,p1_win,1.0,73
990,models_9x9\best.pt,models_9x9\checkpoints\cycle_0186.pt,models_9x9\best.pt,models_9x9\checkpoints\cycle_0186.pt,p1_win,1.0,71
991,models_9x9\best.pt,models_9x9\checkpoints\cycle_0186.pt,models_9x9\checkpoints\cycle_0186.pt,models_9x9\best.pt,p1_win,0.0,81
992,models_9x9\best.pt,models_9x9\checkpoints\cycle_0186.pt,models_9x9\best.pt,models_9x9\checkpoints\cycle_0186.pt,p1_win,1.0,71
993,models_9x9\best.pt,models_9x9\checkpoints\cycle_0186.pt,models_9x9\best.pt,models_9x9\checkpoints\cycle_0186.pt,p1_win,1.0,79
994,models_9x9\best.pt,models_9x9\checkpoints\cycle_0186.pt,models_9x9\best.pt,models_9x9\checkpoints\cycle_0186.pt,p1_win,1.0,73
995,models_9x9\best.pt,models_9x9\checkpoints\cycle_0186.pt,models_9x9\best.pt,models_9x9\checkpoints\cycle_0186.pt,p1_win,1.0,79
996,models_9x9\best.pt,models_9x9\checkpoints\cycle_0186.pt,models_9x9\best.pt,models_9x9\checkpoints\cycle_0186.pt,p1_win,1.0,71
997,models_9x9\best.pt,models_9x9\checkpoints\cycle_0186.pt,models_9x9\best.pt,models_9x9\checkpoints\cycle_0186.pt,p1_win,1.0,81
998,models_9x9\best.pt,models_9x9\checkpoints\cycle_0186.pt,models_9x9\best.pt,models_9x9\checkpoints\cycle_0186.pt,p1_win,1.0,79
999,models_9x9\best.pt,models_9x9\checkpoints\cycle_0186.pt,models_9x9\best.pt,models_9x9\checkpoints\cycle_0186.pt,p1_win,1.0,75
1000,models_9x9\best.pt,models_9x9\checkpoints\cycle_0186.pt,models_9x9\best.pt,models_9x9\checkpoints\cycle_0186.pt,p1_win,1.0,73
1001,models_9x9\best.pt,models_9x9\checkpoints\cycle_0186.pt,models_9x9\best.pt,models_9x9\checkpoints\cycle_0186.pt,p1_win,1.0,75
1002,models_9x9\best.pt,models_9x9\checkpoints\cycle_0186.pt,models_9x9\checkpoints\cycle_0186.pt,models_9x9\best.pt,p2_win,1.0,72
1003,models_9x9\best.pt,models_9x9\checkpoints\cycle_0186.pt,models_9x9\best.pt,models_9x9\checkpoints\cycle_0186.pt,p1_win,1.0,75
1004,models_9x9\best.pt,models_9x9\checkpoints\cycle_0186.pt,models_9x9\best.pt,models_9x9\checkpoints\cycle_0186.pt,p1_win,1.0,73
1005,models_9x9\best.pt,models_9x9\checkpoints\cycle_0186.pt,models_9x9\best.pt,models_9x9\checkpoints\cycle_0186.pt,p1_win,1.0,81
1006,models_9x9\best.pt,models_9x9\checkpoints\cycle_0186.pt,models_9x9\best.pt,models_9x9\checkpoints\cycle_0186.pt,p1_win,1.0,75
1007,models_9x9\best.pt,models_9x9\checkpoints\cycle_0186.pt,models_9x9\checkpoints\cycle_0186.pt,models_9x9\best.pt,p2_win,1.0,84
1008,models_9x9\best.pt,models_9x9\checkpoints\cycle_0186.pt,models_9x9\best.pt,models_9x9\checkpoints\cycle_0186.pt,p1_win,1.0,73
1009,models_9x9\best.pt,models_9x9\checkpoints\cycle_0186.pt,models_9x9\checkpoints\cycle_0186.pt,models_9x9\best.pt,p1_win,0.0,77
1010,models_9x9\best.pt,models_9x9\checkpoints\cycle_0186.pt,models_9x9\best.pt,models_9x9\checkpoints\cycle_0186.pt,p1_win,1.0,71
1011,models_9x9\best.pt,models_9x9\checkpoints\cycle_0186.pt,models_9x9\best.pt,models_9x9\checkpoints\cycle_0186.pt,p1_win,1.0,79
1012,models_9x9\best.pt,models_9x9\checkpoints\cycle_0186.pt,models_9x9\best.pt,models_9x9\checkpoints\cycle_0186.pt,p1_win,1.0,81
1013,models_9x9\best.pt,models_9x9\checkpoints\cycle_0186.pt,models_9x9\checkpoints\cycle_0186.pt,models_9x9\best.pt,p2_win,1.0,76
1014,models_9x9\best.pt,models_9x9\checkpoints\cycle_0186.pt,models_9x9\checkpoints\cycle_0186.pt,models_9x9\best.pt,p2_win,1.0,80
1015,models_9x9\best.pt,models_9x9\checkpoints\cycle_0186.pt,models_9x9\best.pt,models_9x9\checkpoints\cycle_0186.pt,p1_win,1.0,75
1016,models_9x9\best.pt,models_9x9\checkpoints\cycle_0186.pt,models_9x9\checkpoints\cycle_0186.pt,models_9x9\best.pt,p2_win,1.0,78
1017,models_9x9\best.pt,models_9x9\checkpoints\cycle_0186.pt,models_9x9\best.pt,models_9x9\checkpoints\cycle_0186.pt,p1_win,1.0,73
1018,models_9x9\best.pt,models_9x9\checkpoints\cycle_0186.pt,models_9x9\best.pt,models_9x9\checkpoints\cycle_0186.pt,p1_win,1.0,73
1019,models_9x9\best.pt,models_9x9\checkpoints\cycle_0186.pt,models_9x9\best.pt,models_9x9\checkpoints\cycle_0186.pt,p1_win,1.0,71
1020,models_9x9\best.pt,models_9x9\checkpoints\cycle_0186.pt,models_9x9\best.pt,models_9x9\checkpoints\cycle_0186.pt,p1_win,1.0,73
1021,models_9x9\best.pt,models_9x9\checkpoints\cycle_0186.pt,models_9x9\checkpoints\cycle_0186.pt,models_9x9\best.pt,p2_win,1.0,72
1022,models_9x9\best.pt,models_9x9\checkpoints\cycle_0186.pt,models_9x9\best.pt,models_9x9\checkpoints\cycle_0186.pt,p1_win,1.0,73
1023,models_9x9\best.pt,models_9x9\checkpoints\cycle_0186.pt,models_9x9\best.pt,models_9x9\checkpoints\cycle_0186.pt,p1_win,1.0,75
1024,models_9x9\best.pt,models_9x9\checkpoints\cycle_0186.pt,models_9x9\best.pt,models_9x9\checkpoints\cycle_0186.pt,p1_win,1.0,75
1025,models_9x9\best.pt,models_9x9\checkpoints\cycle_0186.pt,models_9x9\best.pt,models_9x9\checkpoints\cycle_0186.pt,p1_win,1.0,73
1026,models_9x9\best.pt,models_9x9\checkpoints\cycle_0186.pt,models_9x9\checkpoints\cycle_0186.pt,models_9x9\best.pt,p1_win,0.0,77
1027,models_9x9\best.pt,models_9x9\checkpoints\cycle_0186.pt,models_9x9\best.pt,models_9x9\checkpoints\cycle_0186.pt,p1_win,1.0,73
1028,models_9x9\best.pt,models_9x9\checkpoints\cycle_0186.pt,models_9x9\best.pt,models_9x9\checkpoints\cycle_0186.pt,p1_win,1.0,79
1029,models_9x9\best.pt,models_9x9\checkpoints\cycle_0186.pt,models_9x9\checkpoints\cycle_0186.pt,models_9x9\best.pt,p1_win,0.0,77
1030,models_9x9\best.pt,models_9x9\checkpoints\cycle_0186.pt,models_9x9\checkpoints\cycle_0186.pt,models_9x9\best.pt,p2_win,1.0,84
1031,models_9x9\best.pt,models_9x9\checkpoints\cycle_0186.pt,models_9x9\best.pt,models_9x9\checkpoints\cycle_0186.pt,p1_win,1.0,81
1032,models_9x9\best.pt,models_9x9\checkpoints\cycle_0186.pt,models_9x9\best.pt,models_9x9\checkpoints\cycle_0186.pt,p1_win,1.0,73
1033,models_9x9\best.pt,models_9x9\checkpoints\cycle_0186.pt,models_9x9\best.pt,models_9x9\checkpoints\cycle_0186.pt,p1_win,1.0,71
1034,models_9x9\best.pt,models_9x9\checkpoints\cycle_0186.pt,models_9x9\checkpoints\cycle_0186.pt,models_9x9\best.pt,p1_win,0.0,75
1035,models_9x9\best.pt,models_9x9\checkpoints\cycle_0186.pt,models_9x9\best.pt,models_9x9\checkpoints\cycle_0186.pt,p1_win,1.0,73
1036,models_9x9\best.pt,models_9x9\checkpoints\cycle_0186.pt,models_9x9\best.pt,models_9x9\checkpoints\cycle_0186.pt,p1_win,1.0,73
1037,models_9x9\best.pt,models_9x9\checkpoints\cycle_0186.pt,models_9x9\best.pt,models_9x9\checkpoints\cycle_0186.pt,p1_win,1.0,71
1038,models_9x9\best.pt,models_9x9\checkpoints\cycle_0186.pt,models_9x9\checkpoints\cycle_0186.pt,models_9x9\best.pt,p2_win,1.0,74
1039,models_9x9\best.pt,models_9x9\checkpoints\cycle_0186.pt,models_9x9\best.pt,models_9x9\checkpoints\cycle_0186.pt,p1_win,1.0,75
1040,models_9x9\best.pt,models_9x9\checkpoints\cycle_0186.pt,models_9x9\best.pt,models_9x9\checkpoints\cycle_0186.pt,p1_win,1.0,79
1041,models_9x9\best.pt,models_9x9\checkpoints\cycle_0186.pt,models_9x9\best.pt,models_9x9\checkpoints\cycle_0186.pt,p1_win,1.0,75
1042,models_9x9\best.pt,models_9x9\checkpoints\cycle_0186.pt,models_9x9\best.pt,models_9x9\checkpoints\cycle_0186.pt,p1_win,1.0,75
1043,models_9x9\best.pt,models_9x9\checkpoints\cycle_0186.pt,models_9x9\best.pt,models_9x9\checkpoints\cycle_0186.pt,p1_win,1.0,73
1044,models_9x9\best.pt,models_9x9\checkpoints\cycle_0186.pt,models_9x9\best.pt,models_9x9\checkpoints\cycle_0186.pt,p1_win,1.0,73
1045,models_9x9\best.pt,models_9x9\checkpoints\cycle_0186.pt,models_9x9\checkpoints\cycle_0186.pt,models_9x9\best.pt,p1_win,0.0,75
1046,models_9x9\best.pt,models_9x9\checkpoints\cycle_0186.pt,models_9x9\checkpoints\cycle_0186.pt,models_9x9\best.pt,p2_win,1.0,74
1047,models_9x9\best.pt,models_9x9\checkpoints\cycle_0186.pt,models_9x9\best.pt,models_9x9\checkpoints\cycle_0186.pt,p1_win,1.0,73
1048,models_9x9\best.pt,models_9x9\checkpoints\cycle_0186.pt,models_9x9\best.pt,models_9x9\checkpoints\cycle_0186.pt,p1_win,1.0,79
1049,models_9x9\best.pt,models_9x9\checkpoints\cycle_0186.pt,models_9x9\best.pt,models_9x9\checkpoints\cycle_0186.pt,p1_win,1.0,71
1050,models_9x9\best.pt,models_9x9\checkpoints\cycle_0186.pt,models_9x9\checkpoints\cycle_0186.pt,models_9x9\best.pt,p2_win,1.0,72
1051,models_9x9\best.pt,models_9x9\checkpoints\cycle_0186.pt,models_9x9\checkpoints\cycle_0186.pt,models_9x9\best.pt,p1_win,0.0,83
1052,models_9x9\best.pt,models_9x9\checkpoints\cycle_0186.pt,models_9x9\best.pt,models_9x9\checkpoints\cycle_0186.pt,p1_win,1.0,75
1053,models_9x9\best.pt,models_9x9\checkpoints\cycle_0186.pt,models_9x9\checkpoints\cycle_0186.pt,models_9x9\best.pt,p2_win,1.0,82
1054,models_9x9\best.pt,models_9x9\checkpoints\cycle_0186.pt,models_9x9\best.pt,models_9x9\checkpoints\cycle_0186.pt,p1_win,1.0,85
1055,models_9x9\best.pt,models_9x9\checkpoints\cycle_0186.pt,models_9x9\checkpoints\cycle_0186.pt,models_9x9\best.pt,p1_win,0.0,81
1056,models_9x9\best.pt,models_9x9\checkpoints\cycle_0186.pt,models_9x9\best.pt,models_9x9\checkpoints\cycle_0186.pt,p1_win,1.0,85
1057,models_9x9\best.pt,models_9x9\checkpoints\cycle_0186.pt,models_9x9\best.pt,models_9x9\checkpoints\cycle_0186.pt,p1_win,1.0,73
1058,models_9x9\best.pt,models_9x9\checkpoints\cycle_0186.pt,models_9x9\best.pt,models_9x9\checkpoints\cycle_0186.pt,p1_win,1.0,75
1059,models_9x9\best.pt,models_9x9\checkpoints\cycle_0186.pt,models_9x9\best.pt,models_9x9\checkpoints\cycle_0186.pt,p1_win,1.0,83
1060,models_9x9\best.pt,models_9x9\checkpoints\cycle_0186.pt,models_9x9\checkpoints\cycle_0186.pt,models_9x9\best.pt,p1_win,0.0,77
1061,models_9x9\best.pt,models_9x9\checkpoints\cycle_0186.pt,models_9x9\checkpoints\cycle_0186.pt,models_9x9\best.pt,p1_win,0.0,75
1062,models_9x9\best.pt,models_9x9\checkpoints\cycle_0186.pt,models_9x9\best.pt,models_9x9\checkpoints\cycle_0186.pt,p1_win,1.0,73
1063,models_9x9\best.pt,models_9x9\checkpoints\cycle_0186.pt,models_9x9\checkpoints\cycle_0186.pt,models_9x9\best.pt,p2_win,1.0,72
1064,models_9x9\best.pt,models_9x9\checkpoints\cycle_0186.pt,models_9x9\checkpoints\cycle_0186.pt,models_9x9\best.pt,p1_win,0.0,85
1065,models_9x9\best.pt,models_9x9\checkpoints\cycle_0186.pt,models_9x9\best.pt,models_9x9\checkpoints\cycle_0186.pt,p1_win,1.0,81
1066,models_9x9\best.pt,models_9x9\checkpoints\cycle_0186.pt,models_9x9\checkpoints\cycle_0186.pt,models_9x9\best.pt,p1_win,0.0,75
1067,models_9x9\best.pt,models_9x9\checkpoints\cycle_0186.pt,models_9x9\best.pt,models_9x9\checkpoints\cycle_0186.pt,p1_win,1.0,81
1068,models_9x9\best.pt,models_9x9\checkpoints\cycle_0186.pt,models_9x9\best.pt,models_9x9\checkpoints\cycle_0186.pt,p1_win,1.0,71
1069,models_9x9\best.pt,models_9x9\checkpoints\cycle_0186.pt,models_9x9\best.pt,models_9x9\checkpoints\cycle_0186.pt,p1_win,1.0,75
1070,models_9x9\best.pt,models_9x9\checkpoints\cycle_0186.pt,models_9x9\best.pt,models_9x9\checkpoints\cycle_0186.pt,p1_win,1.0,75
1071,models_9x9\best.pt,models_9x9\checkpoints\cycle_0186.pt,models_9x9\best.pt,models_9x9\checkpoints\cycle_0186.pt,p1_win,1.0,85
1072,models_9x9\best.pt,models_9x9\checkpoints\cycle_0186.pt,models_9x9\best.pt,models_9x9\checkpoints\cycle_0186.pt,p2_win,0.0,86
1073,models_9x9\best.pt,models_9x9\checkpoints\cycle_0186.pt,models_9x9\best.pt,models_9x9\checkpoints\cycle_0186.pt,p1_win,1.0,75
1074,models_9x9\best.pt,models_9x9\checkpoints\cycle_0186.pt,models_9x9\checkpoints\cycle_0186.pt,models_9x9\best.pt,p1_win,0.0,89
1075,models_9x9\best.pt,models_9x9\checkpoints\cycle_0186.pt,models_9x9\best.pt,models_9x9\checkpoints\cycle_0186.pt,p1_win,1.0,81
1076,models_9x9\best.pt,models_9x9\checkpoints\cycle_0186.pt,models_9x9\best.pt,models_9x9\checkpoints\cycle_0186.pt,p1_win,1.0,73
1077,models_9x9\best.pt,models_9x9\checkpoints\cycle_0186.pt,models_9x9\best.pt,models_9x9\checkpoints\cycle_0186.pt,p1_win,1.0,73
1078,models_9x9\best.pt,models_9x9\checkpoints\cycle_0186.pt,models_9x9\checkpoints\cycle_0186.pt,models_9x9\best.pt,p1_win,0.0,83
1079,models_9x9\best.pt,models_9x9\checkpoints\cycle_0186.pt,models_9x9\best.pt,models_9x9\checkpoints\cycle_0186.pt,p1_win,1.0,81
1080,models_9x9\best.pt,models_9x9\checkpoints\cycle_0186.pt,models_9x9\best.pt,models_9x9\checkpoints\cycle_0186.pt,p1_win,1.0,73
1081,models_9x9\best.pt,models_9x9\checkpoints\cycle_0186.pt,models_9x9\best.pt,models_9x9\checkpoints\cycle_0186.pt,p1_win,1.0,75
1082,models_9x9\best.pt,models_9x9\checkpoints\cycle_0186.pt,models_9x9\checkpoints\cycle_0186.pt,models_9x9\best.pt,p1_win,0.0,85
1083,models_9x9\best.pt,models_9x9\checkpoints\cycle_0186.pt,models_9x9\checkpoints\cycle_0186.pt,models_9x9\best.pt,p1_win,0.0,85
1084,models_9x9\best.pt,models_9x9\checkpoints\cycle_0186.pt,models_9x9\checkpoints\cycle_0186.pt,models_9x9\best.pt,p1_win,0.0,85
1085,models_9x9\best.pt,models_9x9\checkpoints\cycle_0186.pt,models_9x9\checkpoints\cycle_0186.pt,models_9x9\best.pt,p1_win,0.0,85
1086,models_9x9\best.pt,models_9x9\checkpoints\cycle_0186.pt,models_9x9\checkpoints\cycle_0186.pt,models_9x9\best.pt,p2_win,1.0,76
1087,models_9x9\best.pt,models_9x9\checkpoints\cycle_0186.pt,models_9x9\best.pt,models_9x9\checkpoints\cycle_0186.pt,p1_win,1.0,75
1088,models_9x9\best.pt,models_9x9\checkpoints\cycle_0186.pt,models_9x9\checkpoints\cycle_0186.pt,models_9x9\best.pt,p1_win,0.0,85
1089,models_9x9\best.pt,models_9x9\checkpoints\cycle_0186.pt,models_9x9\checkpoints\cycle_0186.pt,models_9x9\best.pt,p1_win,0.0,85
1090,models_9x9\best.pt,models_9x9\checkpoints\cycle_0186.pt,models_9x9\best.pt,models_9x9\checkpoints\cycle_0186.pt,p1_win,1.0,75
1091,models_9x9\best.pt,models_9x9\checkpoints\cycle_0186.pt,models_9x9\best.pt,models_9x9\checkpoints\cycle_0186.pt,p1_win,1.0,75
1092,models_9x9\best.pt,models_9x9\checkpoints\cycle_0186.pt,models_9x9\best.pt,models_9x9\checkpoints\cycle_0186.pt,p1_win,1.0,75
1093,models_9x9\best.pt,models_9x9\checkpoints\cycle_0186.pt,models_9x9\checkpoints\cycle_0186.pt,models_9x9\best.pt,p1_win,0.0,85
1094,models_9x9\best.pt,models_9x9\checkpoints\cycle_0186.pt,models_9x9\checkpoints\cycle_0186.pt,models_9x9\best.pt,p1_win,0.0,71
1095,models_9x9\best.pt,models_9x9\checkpoints\cycle_0186.pt,models_9x9\checkpoints\cycle_0186.pt,models_9x9\best.pt,p1_win,0.0,85
1096,models_9x9\best.pt,models_9x9\checkpoints\cycle_0186.pt,models_9x9\checkpoints\cycle_0186.pt,models_9x9\best.pt,p1_win,0.0,85
1097,models_9x9\best.pt,models_9x9\checkpoints\cycle_0186.pt,models_9x9\checkpoints\cycle_0186.pt,models_9x9\best.pt,p1_win,0.0,81
1098,models_9x9\best.pt,models_9x9\checkpoints\cycle_0186.pt,models_9x9\best.pt,models_9x9\checkpoints\cycle_0186.pt,p1_win,1.0,75
1099,models_9x9\best.pt,models_9x9\checkpoints\cycle_0186.pt,models_9x9\best.pt,models_9x9\checkpoints\cycle_0186.pt,p1_win,1.0,75
1100,models_9x9\best.pt,models_9x9\checkpoints\cycle_0186.pt,models_9x9\best.pt,models_9x9\checkpoints\cycle_0186.pt,p1_win,1.0,75
1101,models_9x9\best.pt,models_9x9\checkpoints\cycle_0186.pt,models_9x9\checkpoints\cycle_0186.pt,models_9x9\best.pt,p1_win,0.0,85
1102,models_9x9\best.pt,models_9x9\checkpoints\cycle_0186.pt,models_9x9\best.pt,models_9x9\checkpoints\cycle_0186.pt,p1_win,1.0,73
1103,models_9x9\best.pt,models_9x9\checkpoints\cycle_0186.pt,models_9x9\checkpoints\cycle_0186.pt,models_9x9\best.pt,p1_win,0.0,85
1104,models_9x9\best.pt,models_9x9\checkpoints\cycle_0186.pt,models_9x9\checkpoints\cycle_0186.pt,models_9x9\best.pt,p1_win,0.0,85
1105,models_9x9\best.pt,models_9x9\checkpoints\cycle_0186.pt,models_9x9\checkpoints\cycle_0186.pt,models_9x9\best.pt,p1_win,0.0,85
1106,models_9x9\best.pt,models_9x9\checkpoints\cycle_0186.pt,models_9x9\checkpoints\cycle_0186.pt,models_9x9\best.pt,p1_win,0.0,85
1107,models_9x9\best.pt,models_9x9\checkpoints\cycle_0186.pt,models_9x9\checkpoints\cycle_0186.pt,models_9x9\best.pt,p1_win,0.0,85
1108,models_9x9\best.pt,models_9x9\checkpoints\cycle_0186.pt,models_9x9\checkpoints\cycle_0186.pt,models_9x9\best.pt,p1_win,0.0,85
1109,models_9x9\best.pt,models_9x9\checkpoints\cycle_0186.pt,models_9x9\checkpoints\cycle_0186.pt,models_9x9\best.pt,p1_win,0.0,85
1110,models_9x9\best.pt,models_9x9\checkpoints\cycle_0186.pt,models_9x9\checkpoints\cycle_0186.pt,models_9x9\best.pt,p2_win,1.0,72
1111,models_9x9\best.pt,models_9x9\checkpoints\cycle_0186.pt,models_9x9\best.pt,models_9x9\checkpoints\cycle_0186.pt,p1_win,1.0,87
1112,models_9x9\best.pt,models_9x9\checkpoints\cycle_0186.pt,models_9x9\checkpoints\cycle_0186.pt,models_9x9\best.pt,p1_win,0.0,85
1113,models_9x9\best.pt,models_9x9\checkpoints\cycle_0186.pt,models_9x9\best.pt,models_9x9\checkpoints\cycle_0186.pt,p1_win,1.0,87
1114,models_9x9\best.pt,models_9x9\checkpoints\cycle_0186.pt,models_9x9\checkpoints\cycle_0186.pt,models_9x9\best.pt,p1_win,0.0,87
1115,models_9x9\best.pt,models_9x9\checkpoints\cycle_0186.pt,models_9x9\best.pt,models_9x9\checkpoints\cycle_0186.pt,p1_win,1.0,87
1116,models_9x9\best.pt,models_9x9\checkpoints\cycle_0186.pt,models_9x9\checkpoints\cycle_0186.pt,models_9x9\best.pt,p2_win,1.0,82
1117,models_9x9\best.pt,models_9x9\checkpoints\cycle_0186.pt,models_9x9\checkpoints\cycle_0186.pt,models_9x9\best.pt,p1_win,0.0,75
1118,models_9x9\best.pt,models_9x9\checkpoints\cycle_0186.pt,models_9x9\best.pt,models_9x9\checkpoints\cycle_0186.pt,p1_win,1.0,75
1119,models_9x9\best.pt,models_9x9\checkpoints\cycle_0186.pt,models_9x9\best.pt,models_9x9\checkpoints\cycle_0186.pt,p1_win,1.0,77
1120,models_9x9\best.pt,models_9x9\checkpoints\cycle_0186.pt,models_9x9\best.pt,models_9x9\checkpoints\cycle_0186.pt,p1_win,1.0,87
1121,models_9x9\best.pt,models_9x9\checkpoints\cycle_0186.pt,models_9x9\best.pt,models_9x9\checkpoints\cycle_0186.pt,p1_win,1.0,87
1122,models_9x9\best.pt,models_9x9\checkpoints\cycle_0186.pt,models_9x9\best.pt,models_9x9\checkpoints\cycle_0186.pt,p1_win,1.0,81
1123,models_9x9\best.pt,models_9x9\checkpoints\cycle_0186.pt,models_9x9\best.pt,models_9x9\checkpoints\cycle_0186.pt,p1_win,1.0,87
1124,models_9x9\best.pt,models_9x9\checkpoints\cycle_0186.pt,models_9x9\best.pt,models_9x9\checkpoints\cycle_0186.pt,p1_win,1.0,87
1125,models_9x9\best.pt,models_9x9\checkpoints\cycle_0186.pt,models_9x9\checkpoints\cycle_0186.pt,models_9x9\best.pt,p1_win,0.0,73
1126,models_9x9\best.pt,models_9x9\checkpoints\cycle_0186.pt,models_9x9\best.pt,models_9x9\checkpoints\cycle_0186.pt,p1_win,1.0,87
1127,models_9x9\best.pt,models_9x9\checkpoints\cycle_0186.pt,models_9x9\best.pt,models_9x9\checkpoints\cycle_0186.pt,p1_win,1.0,87
1128,models_9x9\best.pt,models_9x9\checkpoints\cycle_0186.pt,models_9x9\best.pt,models_9x9\checkpoints\cycle_0186.pt,p1_win,1.0,77
1129,models_9x9\best.pt,models_9x9\checkpoints\cycle_0186.pt,models_9x9\checkpoints\cycle_0186.pt,models_9x9\best.pt,p2_win,1.0,86
1130,models_9x9\best.pt,models_9x9\checkpoints\cycle_0186.pt,models_9x9\best.pt,models_9x9\checkpoints\cycle_0186.pt,p1_win,1.0,87
1131,models_9x9\best.pt,models_9x9\checkpoints\cycle_0186.pt,models_9x9\best.pt,models_9x9\checkpoints\cycle_0186.pt,p1_win,1.0,73
1132,models_9x9\best.pt,models_9x9\checkpoints\cycle_0186.pt,models_9x9\checkpoints\cycle_0186.pt,models_9x9\best.pt,p2_win,1.0,78
1133,models_9x9\best.pt,models_9x9\checkpoints\cycle_0186.pt,models_9x9\best.pt,models_9x9\checkpoints\cycle_0186.pt,p1_win,1.0,81
1134,models_9x9\best.pt,models_9x9\checkpoints\cycle_0186.pt,models_9x9\best.pt,models_9x9\checkpoints\cycle_0186.pt,p1_win,1.0,79
1135,models_9x9\best.pt,models_9x9\checkpoints\cycle_0186.pt,models_9x9\best.pt,models_9x9\checkpoints\cycle_0186.pt,p1_win,1.0,81
1136,models_9x9\best.pt,models_9x9\checkpoints\cycle_0186.pt,models_9x9\best.pt,models_9x9\checkpoints\cycle_0186.pt,p1_win,1.0,81
1137,models_9x9\best.pt,models_9x9\checkpoints\cycle_0186.pt,models_9x9\checkpoints\cycle_0186.pt,models_9x9\best.pt,p2_win,1.0,82
1138,models_9x9\best.pt,models_9x9\checkpoints\cycle_0186.pt,models_9x9\best.pt,models_9x9\checkpoints\cycle_0186.pt,p1_win,1.0,83
1139,models_9x9\best.pt,models_9x9\checkpoints\cycle_0186.pt,models_9x9\checkpoints\cycle_0186.pt,models_9x9\best.pt,p2_win,1.0,76
1140,models_9x9\best.pt,models_9x9\checkpoints\cycle_0186.pt,models_9x9\best.pt,models_9x9\checkpoints\cycle_0186.pt,p1_win,1.0,73
1141,models_9x9\best.pt,models_9x9\checkpoints\cycle_0186.pt,models_9x9\checkpoints\cycle_0186.pt,models_9x9\best.pt,p1_win,0.0,81
1142,models_9x9\best.pt,models_9x9\checkpoints\cycle_0186.pt,models_9x9\checkpoints\cycle_0186.pt,models_9x9\best.pt,p2_win,1.0,76
1143,models_9x9\best.pt,models_9x9\checkpoints\cycle_0186.pt,models_9x9\best.pt,models_9x9\checkpoints\cycle_0186.pt,p1_win,1.0,87
1144,models_9x9\best.pt,models_9x9\checkpoints\cycle_0186.pt,models_9x9\best.pt,models_9x9\checkpoints\cycle_0186.pt,p1_win,1.0,73
1145,models_9x9\best.pt,models_9x9\checkpoints\cycle_0186.pt,models_9x9\best.pt,models_9x9\checkpoints\cycle_0186.pt,p1_win,1.0,81
1146,models_9x9\best.pt,models_9x9\checkpoints\cycle_0186.pt,models_9x9\checkpoints\cycle_0186.pt,models_9x9\best.pt,p2_win,1.0,88
1147,models_9x9\best.pt,models_9x9\checkpoints\cycle_0186.pt,models_9x9\best.pt,models_9x9\checkpoints\cycle_0186.pt,p1_win,1.0,77
1148,models_9x9\best.pt,models_9x9\checkpoints\cycle_0186.pt,models_9x9\checkpoints\cycle_0186.pt,models_9x9\best.pt,p2_win,1.0,86
1149,models_9x9\best.pt,models_9x9\checkpoints\cycle_0186.pt,models_9x9\checkpoints\cycle_0186.pt,models_9x9\best.pt,p1_win,0.0,85
1150,models_9x9\best.pt,models_9x9\checkpoints\cycle_0186.pt,models_9x9\checkpoints\cycle_0186.pt,models_9x9\best.pt,p1_win,0.0,85
1151,models_9x9\best.pt,models_9x9\checkpoints\cycle_0186.pt,models_9x9\checkpoints\cycle_0186.pt,models_9x9\best.pt,p1_win,0.0,75
1152,models_9x9\best.pt,models_9x9\checkpoints\cycle_0186.pt,models_9x9\best.pt,models_9x9\checkpoints\cycle_0186.pt,p1_win,1.0,87
1153,models_9x9\best.pt,models_9x9\checkpoints\cycle_0186.pt,models_9x9\checkpoints\cycle_0186.pt,models_9x9\best.pt,p2_win,1.0,74
1154,models_9x9\best.pt,models_9x9\checkpoints\cycle_0186.pt,models_9x9\checkpoints\cycle_0186.pt,models_9x9\best.pt,p1_win,0.0,85
1155,models_9x9\best.pt,models_9x9\checkpoints\cycle_0186.pt,models_9x9\best.pt,models_9x9\checkpoints\cycle_0186.pt,p1_win,1.0,83
1156,models_9x9\best.pt,models_9x9\checkpoints\cycle_0186.pt,models_9x9\checkpoints\cycle_0186.pt,models_9x9\best.pt,p1_win,0.0,79
1157,models_9x9\best.pt,models_9x9\checkpoints\cycle_0186.pt,models_9x9\checkpoints\cycle_0186.pt,models_9x9\best.pt,p1_win,0.0,75
1158,models_9x9\best.pt,models_9x9\checkpoints\cycle_0186.pt,models_9x9\best.pt,models_9x9\checkpoints\cycle_0186.pt,p2_win,0.0,72
1159,models_9x9\best.pt,models_9x9\checkpoints\cycle_0186.pt,models_9x9\checkpoints\cycle_0186.pt,models_9x9\best.pt,p1_win,0.0,83
1160,models_9x9\best.pt,models_9x9\checkpoints\cycle_0186.pt,models_9x9\best.pt,models_9x9\checkpoints\cycle_0186.pt,p1_win,1.0,75
1161,models_9x9\best.pt,models_9x9\checkpoints\cycle_0186.pt,models_9x9\checkpoints\cycle_0186.pt,models_9x9\best.pt,p2_win,1.0,82
1162,models_9x9\best.pt,models_9x9\checkpoints\cycle_0186.pt,models_9x9\checkpoints\cycle_0186.pt,models_9x9\best.pt,p1_win,0.0,73
1163,models_9x9\best.pt,models_9x9\checkpoints\cycle_0186.pt,models_9x9\checkpoints\cycle_0186.pt,models_9x9\best.pt,p2_win,1.0,74
1164,models_9x9\best.pt,models_9x9\checkpoints\cycle_0186.pt,models_9x9\best.pt,models_9x9\checkpoints\cycle_0186.pt,p1_win,1.0,81
1165,models_9x9\best.pt,models_9x9\checkpoints\cycle_0186.pt,models_9x9\checkpoints\cycle_0186.pt,models_9x9\best.pt,p2_win,1.0,80
1166,models_9x9\best.pt,models_9x9\checkpoints\cycle_0186.pt,models_9x9\best.pt,models_9x9\checkpoints\cycle_0186.pt,p1_win,1.0,75
1167,models_9x9\best.pt,models_9x9\checkpoints\cycle_0186.pt,models_9x9\checkpoints\cycle_0186.pt,models_9x9\best.pt,p1_win,0.0,73
1168,models_9x9\best.pt,models_9x9\checkpoints\cycle_0186.pt,models_9x9\checkpoints\cycle_0186.pt,models_9x9\best.pt,p2_win,1.0,78
1169,models_9x9\best.pt,models_9x9\checkpoints\cycle_0186.pt,models_9x9\checkpoints\cycle_0186.pt,models_9x9\best.pt,p1_win,0.0,77
1170,models_9x9\best.pt,models_9x9\checkpoints\cycle_0186.pt,models_9x9\checkpoints\cycle_0186.pt,models_9x9\best.pt,p1_win,0.0,77
1171,models_9x9\best.pt,models_9x9\checkpoints\cycle_0186.pt,models_9x9\checkpoints\cycle_0186.pt,models_9x9\best.pt,p1_win,0.0,77
1172,models_9x9\best.pt,models_9x9\checkpoints\cycle_0186.pt,models_9x9\best.pt,models_9x9\checkpoints\cycle_0186.pt,p1_win,1.0,81
1173,models_9x9\best.pt,models_9x9\checkpoints\cycle_0186.pt,models_9x9\checkpoints\cycle_0186.pt,models_9x9\best.pt,p1_win,0.0,79
1174,models_9x9\best.pt,models_9x9\checkpoints\cycle_0186.pt,models_9x9\best.pt,models_9x9\checkpoints\cycle_0186.pt,p1_win,1.0,77
1175,models_9x9\best.pt,models_9x9\checkpoints\cycle_0186.pt,models_9x9\best.pt,models_9x9\checkpoints\cycle_0186.pt,p1_win,1.0,73
1176,models_9x9\best.pt,models_9x9\checkpoints\cycle_0186.pt,models_9x9\best.pt,models_9x9\checkpoints\cycle_0186.pt,p1_win,1.0,73
1177,models_9x9\best.pt,models_9x9\checkpoints\cycle_0186.pt,models_9x9\best.pt,models_9x9\checkpoints\cycle_0186.pt,p1_win,1.0,73
1178,models_9x9\best.pt,models_9x9\checkpoints\cycle_0186.pt,models_9x9\checkpoints\cycle_0186.pt,models_9x9\best.pt,p2_win,1.0,74
1179,models_9x9\best.pt,models_9x9\checkpoints\cycle_0186.pt,models_9x9\best.pt,models_9x9\checkpoints\cycle_0186.pt,p1_win,1.0,81
1180,models_9x9\best.pt,models_9x9\checkpoints\cycle_0186.pt,models_9x9\best.pt,models_9x9\checkpoints\cycle_0186.pt,p1_win,1.0,81
1181,models_9x9\best.pt,models_9x9\checkpoints\cycle_0186.pt,models_9x9\best.pt,models_9x9\checkpoints\cycle_0186.pt,p1_win,1.0,73
1182,models_9x9\best.pt,models_9x9\checkpoints\cycle_0186.pt,models_9x9\best.pt,models_9x9\checkpoints\cycle_0186.pt,p1_win,1.0,75
1183,models_9x9\best.pt,models_9x9\checkpoints\cycle_0186.pt,models_9x9\best.pt,models_9x9\checkpoints\cycle_0186.pt,p1_win,1.0,73
1184,models_9x9\best.pt,models_9x9\checkpoints\cycle_0186.pt,models_9x9\best.pt,models_9x9\checkpoints\cycle_0186.pt,p1_win,1.0,75
1185,models_9x9\best.pt,models_9x9\checkpoints\cycle_0186.pt,models_9x9\best.pt,models_9x9\checkpoints\cycle_0186.pt,p1_win,1.0,81
1186,models_9x9\best.pt,models_9x9\checkpoints\cycle_0186.pt,models_9x9\best.pt,models_9x9\checkpoints\cycle_0186.pt,p1_win,1.0,81
1187,models_9x9\best.pt,models_9x9\checkpoints\cycle_0186.pt,models_9x9\checkpoints\cycle_0186.pt,models_9x9\best.pt,p1_win,0.0,75
1188,models_9x9\best.pt,models_9x9\checkpoints\cycle_0186.pt,models_9x9\best.pt,models_9x9\checkpoints\cycle_0186.pt,p1_win,1.0,77
1189,models_9x9\best.pt,models_9x9\checkpoints\cycle_0186.pt,models_9x9\best.pt,models_9x9\checkpoints\cycle_0186.pt,p1_win,1.0,75
1190,models_9x9\best.pt,models_9x9\checkpoints\cycle_0186.pt,models_9x9\best.pt,models_9x9\checkpoints\cycle_0186.pt,p1_win,1.0,81
1191,models_9x9\best.pt,models_9x9\checkpoints\cycle_0186.pt,models_9x9\best.pt,models_9x9\checkpoints\cycle_0186.pt,p1_win,1.0,89
1192,models_9x9\best.pt,models_9x9\checkpoints\cycle_0186.pt,models_9x9\best.pt,models_9x9\checkpoints\cycle_0186.pt,p1_win,1.0,81
1193,models_9x9\best.pt,models_9x9\checkpoints\cycle_0186.pt,models_9x9\best.pt,models_9x9\checkpoints\cycle_0186.pt,p1_win,1.0,81
1194,models_9x9\best.pt,models_9x9\checkpoints\cycle_0186.pt,models_9x9\best.pt,models_9x9\checkpoints\cycle_0186.pt,p1_win,1.0,83
1195,models_9x9\best.pt,models_9x9\checkpoints\cycle_0186.pt,models_9x9\best.pt,models_9x9\checkpoints\cycle_0186.pt,p1_win,1.0,83
1196,models_9x9\best.pt,models_9x9\checkpoints\cycle_0186.pt,models_9x9\checkpoints\cycle_0186.pt,models_9x9\best.pt,p2_win,1.0,74
1197,models_9x9\best.pt,models_9x9\checkpoints\cycle_0186.pt,models_9x9\checkpoints\cycle_0186.pt,models_9x9\best.pt,p2_win,1.0,82
1198,models_9x9\best.pt,models_9x9\checkpoints\cycle_0186.pt,models_9x9\best.pt,models_9x9\checkpoints\cycle_0186.pt,p1_win,1.0,77
1199,models_9x9\best.pt,models_9x9\checkpoints\cycle_0186.pt,models_9x9\best.pt,models_9x9\checkpoints\cycle_0186.pt,p1_win,1.0,75
1200,models_9x9\best.pt,models_9x9\checkpoints\cycle_0186.pt,models_9x9\best.pt,models_9x9\checkpoints\cycle_0186.pt,p1_win,1.0,77
1201,models_9x9\best.pt,models_9x9\checkpoints\cycle_0186.pt,models_9x9\checkpoints\cycle_0186.pt,models_9x9\best.pt,p1_win,0.0,87
1202,models_9x9\best.pt,models_9x9\checkpoints\cycle_0186.pt,models_9x9\checkpoints\cycle_0186.pt,models_9x9\best.pt,p1_win,0.0,77
1203,models_9x9\best.pt,models_9x9\checkpoints\cycle_0186.pt,models_9x9\checkpoints\cycle_0186.pt,models_9x9\best.pt,p2_win,1.0,76
1204,models_9x9\best.pt,models_9x9\checkpoints\cycle_0186.pt,models_9x9\checkpoints\cycle_0186.pt,models_9x9\best.pt,p2_win,1.0,74
1205,models_9x9\best.pt,models_9x9\checkpoints\cycle_0186.pt,models_9x9\best.pt,models_9x9\checkpoints\cycle_0186.pt,p1_win,1.0,77
1206,models_9x9\best.pt,models_9x9\checkpoints\cycle_0186.pt,models_9x9\best.pt,models_9x9\checkpoints\cycle_0186.pt,p1_win,1.0,81
1207,models_9x9\best.pt,models_9x9\checkpoints\cycle_0186.pt,models_9x9\best.pt,models_9x9\checkpoints\cycle_0186.pt,p1_win,1.0,87
1208,models_9x9\best.pt,models_9x9\checkpoints\cycle_0186.pt,models_9x9\best.pt,models_9x9\checkpoints\cycle_0186.pt,p1_win,1.0,75
1209,models_9x9\best.pt,models_9x9\checkpoints\cycle_0186.pt,models_9x9\best.pt,models_9x9\checkpoints\cycle_0186.pt,p1_win,1.0,75
1210,models_9x9\best.pt,models_9x9\checkpoints\cycle_0186.pt,models_9x9\best.pt,models_9x9\checkpoints\cycle_0186.pt,p1_win,1.0,77
1211,models_9x9\best.pt,models_9x9\checkpoints\cycle_0186.pt,models_9x9\best.pt,models_9x9\checkpoints\cycle_0186.pt,p1_win,1.0,79
1212,models_9x9\best.pt,models_9x9\checkpoints\cycle_0186.pt,models_9x9\best.pt,models_9x9\checkpoints\cycle_0186.pt,p1_win,1.0,81
1213,models_9x9\best.pt,models_9x9\checkpoints\cycle_0186.pt,models_9x9\best.pt,models_9x9\checkpoints\cycle_0186.pt,p1_win,1.0,77
1214,models_9x9\best.pt,models_9x9\checkpoints\cycle_0186.pt,models_9x9\checkpoints\cycle_0186.pt,models_9x9\best.pt,p2_win,1.0,76
1215,models_9x9\best.pt,models_9x9\checkpoints\cycle_0186.pt,models_9x9\checkpoints\cycle_0186.pt,models_9x9\best.pt,p2_win,1.0,78
1216,models_9x9\best.pt,models_9x9\checkpoints\cycle_0186.pt,models_9x9\checkpoints\cycle_0186.pt,models_9x9\best.pt,p2_win,1.0,78
1217,models_9x9\best.pt,models_9x9\checkpoints\cycle_0186.pt,models_9x9\checkpoints\cycle_0186.pt,models_9x9\best.pt,p1_win,0.0,81
1218,models_9x9\best.pt,models_9x9\checkpoints\cycle_0186.pt,models_9x9\best.pt,models_9x9\checkpoints\cycle_0186.pt,p1_win,1.0,77
1219,models_9x9\best.pt,models_9x9\checkpoints\cycle_0186.pt,models_9x9\checkpoints\cycle_0186.pt,models_9x9\best.pt,p2_win,1.0,76
1220,models_9x9\best.pt,models_9x9\checkpoints\cycle_0186.pt,models_9x9\best.pt,models_9x9\checkpoints\cycle_0186.pt,p1_win,1.0,79
1221,models_9x9\best.pt,models_9x9\checkpoints\cycle_0186.pt,models_9x9\checkpoints\cycle_0186.pt,models_9x9\best.pt,p2_win,1.0,82
1222,models_9x9\best.pt,models_9x9\checkpoints\cycle_0186.pt,models_9x9\best.pt,models_9x9\checkpoints\cycle_0186.pt,p1_win,1.0,77
1223,models_9x9\best.pt,models_9x9\checkpoints\cycle_0186.pt,models_9x9\best.pt,models_9x9\checkpoints\cycle_0186.pt,p1_win,1.0,79
1224,models_9x9\best.pt,models_9x9\checkpoints\cycle_0186.pt,models_9x9\best.pt,models_9x9\checkpoints\cycle_0186.pt,p1_win,1.0,77
1225,models_9x9\best.pt,models_9x9\checkpoints\cycle_0186.pt,models_9x9\checkpoints\cycle_0186.pt,models_9x9\best.pt,p1_win,0.0,73
1226,models_9x9\best.pt,models_9x9\checkpoints\cycle_0186.pt,models_9x9\checkpoints\cycle_0186.pt,models_9x9\best.pt,p2_win,1.0,84
1227,models_9x9\best.pt,models_9x9\checkpoints\cycle_0186.pt,models_9x9\best.pt,models_9x9\checkpoints\cycle_0186.pt,p1_win,1.0,87
1228,models_9x9\best.pt,models_9x9\checkpoints\cycle_0186.pt,models_9x9\best.pt,models_9x9\checkpoints\cycle_0186.pt,p1_win,1.0,75
1229,models_9x9\best.pt,models_9x9\checkpoints\cycle_0186.pt,models_9x9\best.pt,models_9x9\checkpoints\cycle_0186.pt,p1_win,1.0,77
1230,models_9x9\best.pt,models_9x9\checkpoints\cycle_0186.pt,models_9x9\best.pt,models_9x9\checkpoints\cycle_0186.pt,p1_win,1.0,87
1231,models_9x9\best.pt,models_9x9\checkpoints\cycle_0186.pt,models_9x9\checkpoints\cycle_0186.pt,models_9x9\best.pt,p1_win,0.0,75
1232,models_9x9\best.pt,models_9x9\checkpoints\cycle_0186.pt,models_9x9\best.pt,models_9x9\checkpoints\cycle_0186.pt,p1_win,1.0,77
1233,models_9x9\best.pt,models_9x9\checkpoints\cycle_0186.pt,models_9x9\best.pt,models_9x9\checkpoints\cycle_0186.pt,p1_win,1.0,81
1234,models_9x9\best.pt,models_9x9\checkpoints\cycle_0186.pt,models_9x9\best.pt,models_9x9\checkpoints\cycle_0186.pt,p1_win,1.0,75
1235,models_9x9\best.pt,models_9x9\checkpoints\cycle_0186.pt,models_9x9\best.pt,models_9x9\checkpoints\cycle_0186.pt,p1_win,1.0,81
1236,models_9x9\best.pt,models_9x9\checkpoints\cycle_0186.pt,models_9x9\checkpoints\cycle_0186.pt,models_9x9\best.pt,p1_win,0.0,83
1237,models_9x9\best.pt,models_9x9\checkpoints\cycle_0186.pt,models_9x9\checkpoints\cycle_0186.pt,models_9x9\best.pt,p1_win,0.0,79
1238,models_9x9\best.pt,models_9x9\checkpoints\cycle_0186.pt,models_9x9\checkpoints\cycle_0186.pt,models_9x9\best.pt,p1_win,0.0,77
1239,models_9x9\best.pt,models_9x9\checkpoints\cycle_0186.pt,models_9x9\best.pt,models_9x9\checkpoints\cycle_0186.pt,p1_win,1.0,89
1240,models_9x9\best.pt,models_9x9\checkpoints\cycle_0186.pt,models_9x9\checkpoints\cycle_0186.pt,models_9x9\best.pt,p1_win,0.0,79
1241,models_9x9\best.pt,models_9x9\checkpoints\cycle_0186.pt,models_9x9\checkpoints\cycle_0186.pt,models_9x9\best.pt,p2_win,1.0,74
1242,models_9x9\best.pt,models_9x9\checkpoints\cycle_0186.pt,models_9x9\best.pt,models_9x9\checkpoints\cycle_0186.pt,p1_win,1.0,87
1243,models_9x9\best.pt,models_9x9\checkpoints\cycle_0186.pt,models_9x9\checkpoints\cycle_0186.pt,models_9x9\best.pt,p2_win,1.0,74
1244,models_9x9\best.pt,models_9x9\checkpoints\cycle_0186.pt,models_9x9\checkpoints\cycle_0186.pt,models_9x9\best.pt,p2_win,1.0,74
1245,models_9x9\best.pt,models_9x9\checkpoints\cycle_0186.pt,models_9x9\best.pt,models_9x9\checkpoints\cycle_0186.pt,p1_win,1.0,77
1246,models_9x9\best.pt,models_9x9\checkpoints\cycle_0186.pt,models_9x9\best.pt,models_9x9\checkpoints\cycle_0186.pt,p1_win,1.0,81
1247,models_9x9\best.pt,models_9x9\checkpoints\cycle_0186.pt,models_9x9\checkpoints\cycle_0186.pt,models_9x9\best.pt,p1_win,0.0,75
1248,models_9x9\best.pt,models_9x9\checkpoints\cycle_0186.pt,models_9x9\best.pt,models_9x9\checkpoints\cycle_0186.pt,p1_win,1.0,75
1249,models_9x9\best.pt,models_9x9\checkpoints\cycle_0186.pt,models_9x9\checkpoints\cycle_0186.pt,models_9x9\best.pt,p2_win,1.0,76
1250,models_9x9\best.pt,models_9x9\checkpoints\cycle_0186.pt,models_9x9\best.pt,models_9x9\checkpoints\cycle_0186.pt,p1_win,1.0,83
1251,models_9x9\best.pt,models_9x9\checkpoints\cycle_0186.pt,models_9x9\checkpoints\cycle_0186.pt,models_9x9\best.pt,p1_win,0.0,73
1252,models_9x9\best.pt,models_9x9\checkpoints\cycle_0186.pt,models_9x9\best.pt,models_9x9\checkpoints\cycle_0186.pt,p1_win,1.0,81
1253,models_9x9\best.pt,models_9x9\checkpoints\cycle_0186.pt,models_9x9\best.pt,models_9x9\checkpoints\cycle_0186.pt,p1_win,1.0,77
1254,models_9x9\best.pt,models_9x9\checkpoints\cycle_0186.pt,models_9x9\best.pt,models_9x9\checkpoints\cycle_0186.pt,p1_win,1.0,81
1255,models_9x9\best.pt,models_9x9\checkpoints\cycle_0186.pt,models_9x9\best.pt,models_9x9\checkpoints\cycle_0186.pt,p1_win,1.0,81
1256,models_9x9\best.pt,models_9x9\checkpoints\cycle_0186.pt,models_9x9\best.pt,models_9x9\checkpoints\cycle_0186.pt,p1_win,1.0,79
1257,models_9x9\best.pt,models_9x9\checkpoints\cycle_0186.pt,models_9x9\best.pt,models_9x9\checkpoints\cycle_0186.pt,p1_win,1.0,81
1258,models_9x9\best.pt,models_9x9\checkpoints\cycle_0186.pt,models_9x9\best.pt,models_9x9\checkpoints\cycle_0186.pt,p1_win,1.0,77
1259,models_9x9\best.pt,models_9x9\checkpoints\cycle_0186.pt,models_9x9\best.pt,models_9x9\checkpoints\cycle_0186.pt,p1_win,1.0,81
1260,models_9x9\best.pt,models_9x9\checkpoints\cycle_0186.pt,models_9x9\best.pt,models_9x9\checkpoints\cycle_0186.pt,p1_win,1.0,75
1261,models_9x9\best.pt,models_9x9\checkpoints\cycle_0186.pt,models_9x9\best.pt,models_9x9\checkpoints\cycle_0186.pt,p1_win,1.0,81
1262,models_9x9\best.pt,models_9x9\checkpoints\cycle_0186.pt,models_9x9\best.pt,models_9x9\checkpoints\cycle_0186.pt,p1_win,1.0,75
1263,models_9x9\best.pt,models_9x9\checkpoints\cycle_0186.pt,models_9x9\checkpoints\cycle_0186.pt,models_9x9\best.pt,p1_win,0.0,79
1264,models_9x9\best.pt,models_9x9\checkpoints\cycle_0186.pt,models_9x9\best.pt,models_9x9\checkpoints\cycle_0186.pt,p1_win,1.0,77
1265,models_9x9\best.pt,models_9x9\checkpoints\cycle_0186.pt,models_9x9\best.pt,models_9x9\checkpoints\cycle_0186.pt,p1_win,1.0,79
1266,models_9x9\best.pt,models_9x9\checkpoints\cycle_0186.pt,models_9x9\best.pt,models_9x9\checkpoints\cycle_0186.pt,p1_win,1.0,79
1267,models_9x9\best.pt,models_9x9\checkpoints\cycle_0186.pt,models_9x9\best.pt,models_9x9\checkpoints\cycle_0186.pt,p1_win,1.0,75
1268,models_9x9\best.pt,models_9x9\checkpoints\cycle_0186.pt,models_9x9\best.pt,models_9x9\checkpoints\cycle_0186.pt,p1_win,1.0,75
1269,models_9x9\best.pt,models_9x9\checkpoints\cycle_0186.pt,models_9x9\checkpoints\cycle_0186.pt,models_9x9\best.pt,p1_win,0.0,81
1270,models_9x9\best.pt,models_9x9\checkpoints\cycle_0186.pt,models_9x9\best.pt,models_9x9\checkpoints\cycle_0186.pt,p1_win,1.0,75
1271,models_9x9\best.pt,models_9x9\checkpoints\cycle_0186.pt,models_9x9\best.pt,models_9x9\checkpoints\cycle_0186.pt,p1_win,1.0,75
1272,models_9x9\best.pt,models_9x9\checkpoints\cycle_0186.pt,models_9x9\best.pt,models_9x9\checkpoints\cycle_0186.pt,p1_win,1.0,83
1273,models_9x9\best.pt,models_9x9\checkpoints\cycle_0186.pt,models_9x9\best.pt,models_9x9\checkpoints\cycle_0186.pt,p1_win,1.0,77
1274,models_9x9\best.pt,models_9x9\checkpoints\cycle_0186.pt,models_9x9\best.pt,models_9x9\checkpoints\cycle_0186.pt,p1_win,1.0,75
1275,models_9x9\best.pt,models_9x9\checkpoints\cycle_0186.pt,models_9x9\best.pt,models_9x9\checkpoints\cycle_0186.pt,p1_win,1.0,75
1276,models_9x9\best.pt,models_9x9\checkpoints\cycle_0186.pt,models_9x9\best.pt,models_9x9\checkpoints\cycle_0186.pt,p1_win,1.0,75
1277,models_9x9\best.pt,models_9x9\checkpoints\cycle_0186.pt,models_9x9\best.pt,models_9x9\checkpoints\cycle_0186.pt,p1_win,1.0,75
1278,models_9x9\best.pt,models_9x9\checkpoints\cycle_0186.pt,models_9x9\best.pt,models_9x9\checkpoints\cycle_0186.pt,p1_win,1.0,75
1279,models_9x9\best.pt,models_9x9\checkpoints\cycle_0186.pt,models_9x9\best.pt,models_9x9\checkpoints\cycle_0186.pt,p1_win,1.0,75
1280,models_9x9\best.pt,models_9x9\checkpoints\cycle_0186.pt,models_9x9\best.pt,models_9x9\checkpoints\cycle_0186.pt,p1_win,1.0,75
1281,models_9x9\best.pt,models_9x9\checkpoints\cycle_0186.pt,models_9x9\best.pt,models_9x9\checkpoints\cycle_0186.pt,p1_win,1.0,81
1282,models_9x9\best.pt,models_9x9\checkpoints\cycle_0186.pt,models_9x9\best.pt,models_9x9\checkpoints\cycle_0186.pt,p1_win,1.0,75
1283,models_9x9\best.pt,models_9x9\checkpoints\cycle_0186.pt,models_9x9\checkpoints\cycle_0186.pt,models_9x9\best.pt,p2_win,1.0,76
1284,models_9x9\best.pt,models_9x9\checkpoints\cycle_0186.pt,models_9x9\best.pt,models_9x9\checkpoints\cycle_0186.pt,p1_win,1.0,75
1285,models_9x9\best.pt,models_9x9\checkpoints\cycle_0186.pt,models_9x9\best.pt,models_9x9\checkpoints\cycle_0186.pt,p1_win,1.0,81
1286,models_9x9\best.pt,models_9x9\checkpoints\cycle_0186.pt,models_9x9\best.pt,models_9x9\checkpoints\cycle_0186.pt,p1_win,1.0,77
1287,models_9x9\best.pt,models_9x9\checkpoints\cycle_0186.pt,models_9x9\best.pt,models_9x9\checkpoints\cycle_0186.pt,p1_win,1.0,83
1288,models_9x9\best.pt,models_9x9\checkpoints\cycle_0186.pt,models_9x9\checkpoints\cycle_0186.pt,models_9x9\best.pt,p2_win,1.0,76
1289,models_9x9\best.pt,models_9x9\checkpoints\cycle_0186.pt,models_9x9\checkpoints\cycle_0186.pt,models_9x9\best.pt,p2_win,1.0,80
1290,models_9x9\best.pt,models_9x9\checkpoints\cycle_0186.pt,models_9x9\best.pt,models_9x9\checkpoints\cycle_0186.pt,p1_win,1.0,77
1291,models_9x9\best.pt,models_9x9\checkpoints\cycle_0186.pt,models_9x9\best.pt,models_9x9\checkpoints\cycle_0186.pt,p1_win,1.0,75
1292,models_9x9\best.pt,models_9x9\checkpoints\cycle_0186.pt,models_9x9\best.pt,models_9x9\checkpoints\cycle_0186.pt,p1_win,1.0,75
1293,models_9x9\best.pt,models_9x9\checkpoints\cycle_0186.pt,models_9x9\best.pt,models_9x9\checkpoints\cycle_0186.pt,p1_win,1.0,77
1294,models_9x9\best.pt,models_9x9\checkpoints\cycle_0186.pt,models_9x9\best.pt,models_9x9\checkpoints\cycle_0186.pt,p1_win,1.0,75
1295,models_9x9\best.pt,models_9x9\checkpoints\cycle_0186.pt,models_9x9\best.pt,models_9x9\checkpoints\cycle_0186.pt,p1_win,1.0,77
1296,models_9x9\best.pt,models_9x9\checkpoints\cycle_0186.pt,models_9x9\checkpoints\cycle_0186.pt,models_9x9\best.pt,p2_win,1.0,86
1297,models_9x9\best.pt,models_9x9\checkpoints\cycle_0186.pt,models_9x9\best.pt,models_9x9\checkpoints\cycle_0186.pt,p1_win,1.0,79
1298,models_9x9\best.pt,models_9x9\checkpoints\cycle_0186.pt,models_9x9\best.pt,models_9x9\checkpoints\cycle_0186.pt,p1_win,1.0,79
1299,models_9x9\best.pt,models_9x9\checkpoints\cycle_0186.pt,models_9x9\checkpoints\cycle_0186.pt,models_9x9\best.pt,p2_win,1.0,88
1300,models_9x9\best.pt,models_9x9\checkpoints\cycle_0186.pt,models_9x9\checkpoints\cycle_0186.pt,models_9x9\best.pt,p2_win,1.0,80
1301,models_9x9\best.pt,models_9x9\checkpoints\cycle_0186.pt,models_9x9\best.pt,models_9x9\checkpoints\cycle_0186.pt,p1_win,1.0,79
1302,models_9x9\best.pt,models_9x9\checkpoints\cycle_0186.pt,models_9x9\checkpoints\cycle_0186.pt,models_9x9\best.pt,p1_win,0.0,77
1303,models_9x9\best.pt,models_9x9\checkpoints\cycle_0186.pt,models_9x9\best.pt,models_9x9\checkpoints\cycle_0186.pt,p1_win,1.0,75
1304,models_9x9\best.pt,models_9x9\checkpoints\cycle_0186.pt,models_9x9\best.pt,models_9x9\checkpoints\cycle_0186.pt,p1_win,1.0,81
1305,models_9x9\best.pt,models_9x9\checkpoints\cycle_0186.pt,models_9x9\best.pt,models_9x9\checkpoints\cycle_0186.pt,p1_win,1.0,75
1306,models_9x9\best.pt,models_9x9\checkpoints\cycle_0186.pt,models_9x9\checkpoints\cycle_0186.pt,models_9x9\best.pt,p1_win,0.0,87
1307,models_9x9\best.pt,models_9x9\checkpoints\cycle_0186.pt,models_9x9\checkpoints\cycle_0186.pt,models_9x9\best.pt,p1_win,0.0,79
1308,models_9x9\best.pt,models_9x9\checkpoints\cycle_0186.pt,models_9x9\best.pt,models_9x9\checkpoints\cycle_0186.pt,p1_win,1.0,75
1309,models_9x9\best.pt,models_9x9\checkpoints\cycle_0186.pt,models_9x9\best.pt,models_9x9\checkpoints\cycle_0186.pt,p1_win,1.0,77
1310,models_9x9\best.pt,models_9x9\checkpoints\cycle_0186.pt,models_9x9\best.pt,models_9x9\checkpoints\cycle_0186.pt,p1_win,1.0,75
1311,models_9x9\best.pt,models_9x9\checkpoints\cycle_0186.pt,models_9x9\checkpoints\cycle_0186.pt,models_9x9\best.pt,p1_win,0.0,81
1312,models_9x9\best.pt,models_9x9\checkpoints\cycle_0186.pt,models_9x9\best.pt,models_9x9\checkpoints\cycle_0186.pt,p1_win,1.0,75
1313,models_9x9\best.pt,models_9x9\checkpoints\cycle_0186.pt,models_9x9\best.pt,models_9x9\checkpoints\cycle_0186.pt,p1_win,1.0,77
1314,models_9x9\best.pt,models_9x9\checkpoints\cycle_0186.pt,models_9x9\checkpoints\cycle_0186.pt,models_9x9\best.pt,p1_win,0.0,77
1315,models_9x9\best.pt,models_9x9\checkpoints\cycle_0186.pt,models_9x9\best.pt,models_9x9\checkpoints\cycle_0186.pt,p1_win,1.0,83
1316,models_9x9\best.pt,models_9x9\checkpoints\cycle_0186.pt,models_9x9\checkpoints\cycle_0186.pt,models_9x9\best.pt,p1_win,0.0,77
1317,models_9x9\best.pt,models_9x9\checkpoints\cycle_0186.pt,models_9x9\best.pt,models_9x9\checkpoints\cycle_0186.pt,p1_win,1.0,75
1318,models_9x9\best.pt,models_9x9\checkpoints\cycle_0186.pt,models_9x9\best.pt,models_9x9\checkpoints\cycle_0186.pt,p1_win,1.0,77
1319,models_9x9\best.pt,models_9x9\checkpoints\cycle_0186.pt,models_9x9\best.pt,models_9x9\checkpoints\cycle_0186.pt,p1_win,1.0,79
1320,models_9x9\best.pt,models_9x9\checkpoints\cycle_0186.pt,models_9x9\checkpoints\cycle_0186.pt,models_9x9\best.pt,p2_win,1.0,76
1321,models_9x9\best.pt,models_9x9\checkpoints\cycle_0186.pt,models_9x9\best.pt,models_9x9\checkpoints\cycle_0186.pt,p1_win,1.0,85
1322,models_9x9\best.pt,models_9x9\checkpoints\cycle_0186.pt,models_9x9\best.pt,models_9x9\checkpoints\cycle_0186.pt,p1_win,1.0,75
1323,models_9x9\best.pt,models_9x9\checkpoints\cycle_0186.pt,models_9x9\checkpoints\cycle_0186.pt,models_9x9\best.pt,p1_win,0.0,79
1324,models_9x9\best.pt,models_9x9\checkpoints\cycle_0186.pt,models_9x9\checkpoints\cycle_0186.pt,models_9x9\best.pt,p2_win,1.0,80
1325,models_9x9\best.pt,models_9x9\checkpoints\cycle_0186.pt,models_9x9\checkpoints\cycle_0186.pt,models_9x9\best.pt,p2_win,1.0,80
1326,models_9x9\best.pt,models_9x9\checkpoints\cycle_0186.pt,models_9x9\best.pt,models_9x9\checkpoints\cycle_0186.pt,p1_win,1.0,79
1327,models_9x9\best.pt,models_9x9\checkpoints\cycle_0186.pt,models_9x9\checkpoints\cycle_0186.pt,models_9x9\best.pt,p1_win,0.0,81
1328,models_9x9\best.pt,models_9x9\checkpoints\cycle_0186.pt,models_9x9\best.pt,models_9x9\checkpoints\cycle_0186.pt,p1_win,1.0,75
1329,models_9x9\best.pt,models_9x9\checkpoints\cycle_0186.pt,models_9x9\best.pt,models_9x9\checkpoints\cycle_0186.pt,p1_win,1.0,77
1330,models_9x9\best.pt,models_9x9\checkpoints\cycle_0186.pt,models_9x9\best.pt,models_9x9\checkpoints\cycle_0186.pt,p1_win,1.0,75
1331,models_9x9\best.pt,models_9x9\checkpoints\cycle_0186.pt,models_9x9\checkpoints\cycle_0186.pt,models_9x9\best.pt,p1_win,0.0,87
1332,models_9x9\best.pt,models_9x9\checkpoints\cycle_0186.pt,models_9x9\checkpoints\cycle_0186.pt,models_9x9\best.pt,p1_win,0.0,83
1333,models_9x9\best.pt,models_9x9\checkpoints\cycle_0186.pt,models_9x9\best.pt,models_9x9\checkpoints\cycle_0186.pt,p1_win,1.0,79
1334,models_9x9\best.pt,models_9x9\checkpoints\cycle_0186.pt,models_9x9\best.pt,models_9x9\checkpoints\cycle_0186.pt,p1_win,1.0,81
1335,models_9x9\best.pt,models_9x9\checkpoints\cycle_0186.pt,models_9x9\checkpoints\cycle_0186.pt,models_9x9\best.pt,p1_win,0.0,85
1336,models_9x9\best.pt,models_9x9\checkpoints\cycle_0186.pt,models_9x9\best.pt,models_9x9\checkpoints\cycle_0186.pt,p2_win,0.0,84
1337,models_9x9\best.pt,models_9x9\checkpoints\cycle_0186.pt,models_9x9\best.pt,models_9x9\checkpoints\cycle_0186.pt,p1_win,1.0,75
1338,models_9x9\best.pt,models_9x9\checkpoints\cycle_0186.pt,models_9x9\checkpoints\cycle_0186.pt,models_9x9\best.pt,p1_win,0.0,81
1339,models_9x9\best.pt,models_9x9\checkpoints\cycle_0186.pt,models_9x9\best.pt,models_9x9\checkpoints\cycle_0186.pt,p1_win,1.0,79
1340,models_9x9\best.pt,models_9x9\checkpoints\cycle_0186.pt,models_9x9\checkpoints\cycle_0186.pt,models_9x9\best.pt,p2_win,1.0,80
1341,models_9x9\best.pt,models_9x9\checkpoints\cycle_0186.pt,models_9x9\checkpoints\cycle_0186.pt,models_9x9\best.pt,p1_win,0.0,85
1342,models_9x9\best.pt,models_9x9\checkpoints\cycle_0186.pt,models_9x9\checkpoints\cycle_0186.pt,models_9x9\best.pt,p1_win,0.0,81
1343,models_9x9\best.pt,models_9x9\checkpoints\cycle_0186.pt,models_9x9\best.pt,models_9x9\checkpoints\cycle_0186.pt,p1_win,1.0,79
1344,models_9x9\best.pt,models_9x9\checkpoints\cycle_0186.pt,models_9x9\best.pt,models_9x9\checkpoints\cycle_0186.pt,p1_win,1.0,83
1345,models_9x9\best.pt,models_9x9\checkpoints\cycle_0186.pt,models_9x9\best.pt,models_9x9\checkpoints\cycle_0186.pt,p1_win,1.0,75
1346,models_9x9\best.pt,models_9x9\checkpoints\cycle_0186.pt,models_9x9\best.pt,models_9x9\checkpoints\cycle_0186.pt,p1_win,1.0,85
1347,models_9x9\best.pt,models_9x9\checkpoints\cycle_0186.pt,models_9x9\best.pt,models_9x9\checkpoints\cycle_0186.pt,p1_win,1.0,83
1348,models_9x9\best.pt,models_9x9\checkpoints\cycle_0186.pt,models_9x9\best.pt,models_9x9\checkpoints\cycle_0186.pt,p1_win,1.0,79
1349,models_9x9\best.pt,models_9x9\checkpoints\cycle_0186.pt,models_9x9\checkpoints\cycle_0186.pt,models_9x9\best.pt,p1_win,0.0,79
1350,models_9x9\best.pt,models_9x9\checkpoints\cycle_0186.pt,models_9x9\best.pt,models_9x9\checkpoints\cycle_0186.pt,p1_win,1.0,77
1351,models_9x9\best.pt,models_9x9\checkpoints\cycle_0186.pt,models_9x9\best.pt,models_9x9\checkpoints\cycle_0186.pt,p1_win,1.0,79
1352,models_9x9\best.pt,models_9x9\checkpoints\cycle_0186.pt,models_9x9\best.pt,models_9x9\checkpoints\cycle_0186.pt,p1_win,1.0,87
1353,models_9x9\best.pt,models_9x9\checkpoints\cycle_0186.pt,models_9x9\best.pt,models_9x9\checkpoints\cycle_0186.pt,p1_win,1.0,81
1354,models_9x9\best.pt,models_9x9\checkpoints\cycle_0186.pt,models_9x9\checkpoints\cycle_0186.pt,models_9x9\best.pt,p2_win,1.0,98
1355,models_9x9\best.pt,models_9x9\checkpoints\cycle_0186.pt,models_9x9\checkpoints\cycle_0186.pt,models_9x9\best.pt,p2_win,1.0,80
1356,models_9x9\best.pt,models_9x9\checkpoints\cycle_0186.pt,models_9x9\best.pt,models_9x9\checkpoints\cycle_0186.pt,p1_win,1.0,91
1357,models_9x9\best.pt,models_9x9\checkpoints\cycle_0186.pt,models_9x9\best.pt,models_9x9\checkpoints\cycle_0186.pt,p1_win,1.0,87
1358,models_9x9\best.pt,models_9x9\checkpoints\cycle_0186.pt,models_9x9\best.pt,models_9x9\checkpoints\cycle_0186.pt,p1_win,1.0,81
1359,models_9x9\best.pt,models_9x9\checkpoints\cycle_0186.pt,models_9x9\best.pt,models_9x9\checkpoints\cycle_0186.pt,p1_win,1.0,79
1360,models_9x9\best.pt,models_9x9\checkpoints\cycle_0186.pt,models_9x9\best.pt,models_9x9\checkpoints\cycle_0186.pt,p1_win,1.0,79
1361,models_9x9\best.pt,models_9x9\checkpoints\cycle_0186.pt,models_9x9\best.pt,models_9x9\checkpoints\cycle_0186.pt,p1_win,1.0,79
1362,models_9x9\best.pt,models_9x9\checkpoints\cycle_0186.pt,models_9x9\best.pt,models_9x9\checkpoints\cycle_0186.pt,p2_win,0.0,86
1363,models_9x9\best.pt,models_9x9\checkpoints\cycle_0186.pt,models_9x9\checkpoints\cycle_0186.pt,models_9x9\best.pt,p2_win,1.0,78
1364,models_9x9\best.pt,models_9x9\checkpoints\cycle_0186.pt,models_9x9\best.pt,models_9x9\checkpoints\cycle_0186.pt,p1_win,1.0,77
1365,models_9x9\best.pt,models_9x9\checkpoints\cycle_0186.pt,models_9x9\best.pt,models_9x9\checkpoints\cycle_0186.pt,p2_win,0.0,84
1366,models_9x9\best.pt,models_9x9\checkpoints\cycle_0186.pt,models_9x9\best.pt,models_9x9\checkpoints\cycle_0186.pt,p1_win,1.0,77
1367,models_9x9\best.pt,models_9x9\checkpoints\cycle_0186.pt,models_9x9\best.pt,models_9x9\checkpoints\cycle_0186.pt,p1_win,1.0,81
1368,models_9x9\best.pt,models_9x9\checkpoints\cycle_0186.pt,models_9x9\best.pt,models_9x9\checkpoints\cycle_0186.pt,p1_win,1.0,81
1369,models_9x9\best.pt,models_9x9\checkpoints\cycle_0186.pt,models_9x9\best.pt,models_9x9\checkpoints\cycle_0186.pt,p1_win,1.0,77
1370,models_9x9\best.pt,models_9x9\checkpoints\cycle_0186.pt,models_9x9\checkpoints\cycle_0186.pt,models_9x9\best.pt,p2_win,1.0,78
1371,models_9x9\best.pt,models_9x9\checkpoints\cycle_0186.pt,models_9x9\best.pt,models_9x9\checkpoints\cycle_0186.pt,p1_win,1.0,75
1372,models_9x9\best.pt,models_9x9\checkpoints\cycle_0186.pt,models_9x9\best.pt,models_9x9\checkpoints\cycle_0186.pt,p1_win,1.0,77
1373,models_9x9\best.pt,models_9x9\checkpoints\cycle_0186.pt,models_9x9\best.pt,models_9x9\checkpoints\cycle_0186.pt,p1_win,1.0,79
1374,models_9x9\best.pt,models_9x9\checkpoints\cycle_0186.pt,models_9x9\checkpoints\cycle_0186.pt,models_9x9\best.pt,p2_win,1.0,76
1375,models_9x9\best.pt,models_9x9\checkpoints\cycle_0186.pt,models_9x9\checkpoints\cycle_0186.pt,models_9x9\best.pt,p2_win,1.0,76
1376,models_9x9\best.pt,models_9x9\checkpoints\cycle_0186.pt,models_9x9\best.pt,models_9x9\checkpoints\cycle_0186.pt,p1_win,1.0,89
1377,models_9x9\best.pt,models_9x9\checkpoints\cycle_0186.pt,models_9x9\checkpoints\cycle_0186.pt,models_9x9\best.pt,p1_win,0.0,77
1378,models_9x9\best.pt,models_9x9\checkpoints\cycle_0186.pt,models_9x9\best.pt,models_9x9\checkpoints\cycle_0186.pt,p1_win,1.0,77
1379,models_9x9\best.pt,models_9x9\checkpoints\cycle_0186.pt,models_9x9\best.pt,models_9x9\checkpoints\cycle_0186.pt,p1_win,1.0,77
1380,models_9x9\best.pt,models_9x9\checkpoints\cycle_0186.pt,models_9x9\checkpoints\cycle_0186.pt,models_9x9\best.pt,p1_win,0.0,77
1381,models_9x9\best.pt,models_9x9\checkpoints\cycle_0186.pt,models_9x9\checkpoints\cycle_0186.pt,models_9x9\best.pt,p2_win,1.0,90
1382,models_9x9\best.pt,models_9x9\checkpoints\cycle_0186.pt,models_9x9\checkpoints\cycle_0186.pt,models_9x9\best.pt,p1_win,0.0,79
1383,models_9x9\best.pt,models_9x9\checkpoints\cycle_0186.pt,models_9x9\best.pt,models_9x9\checkpoints\cycle_0186.pt,p1_win,1.0,81
1384,models_9x9\best.pt,models_9x9\checkpoints\cycle_0186.pt,models_9x9\best.pt,models_9x9\checkpoints\cycle_0186.pt,p1_win,1.0,77
1385,models_9x9\best.pt,models_9x9\checkpoints\cycle_0186.pt,models_9x9\best.pt,models_9x9\checkpoints\cycle_0186.pt,p1_win,1.0,77
1386,models_9x9\best.pt,models_9x9\checkpoints\cycle_0186.pt,models_9x9\best.pt,models_9x9\checkpoints\cycle_0186.pt,p1_win,1.0,81
1387,models_9x9\best.pt,models_9x9\checkpoints\cycle_0186.pt,models_9x9\best.pt,models_9x9\checkpoints\cycle_0186.pt,p1_win,1.0,77
1388,models_9x9\best.pt,models_9x9\checkpoints\cycle_0186.pt,models_9x9\best.pt,models_9x9\checkpoints\cycle_0186.pt,p1_win,1.0,77
1389,models_9x9\best.pt,models_9x9\checkpoints\cycle_0186.pt,models_9x9\best.pt,models_9x9\checkpoints\cycle_0186.pt,p1_win,1.0,81
1390,models_9x9\best.pt,models_9x9\checkpoints\cycle_0186.pt,models_9x9\best.pt,models_9x9\checkpoints\cycle_0186.pt,p1_win,1.0,77
1391,models_9x9\best.pt,models_9x9\checkpoints\cycle_0186.pt,models_9x9\checkpoints\cycle_0186.pt,models_9x9\best.pt,p1_win,0.0,79
1392,models_9x9\best.pt,models_9x9\checkpoints\cycle_0186.pt,models_9x9\checkpoints\cycle_0186.pt,models_9x9\best.pt,p2_win,1.0,80
1393,models_9x9\best.pt,models_9x9\checkpoints\cycle_0186.pt,models_9x9\best.pt,models_9x9\checkpoints\cycle_0186.pt,p1_win,1.0,79
1394,models_9x9\best.pt,models_9x9\checkpoints\cycle_0186.pt,models_9x9\best.pt,models_9x9\checkpoints\cycle_0186.pt,p1_win,1.0,81
1395,models_9x9\best.pt,models_9x9\checkpoints\cycle_0186.pt,models_9x9\best.pt,models_9x9\checkpoints\cycle_0186.pt,p1_win,1.0,75
1396,models_9x9\best.pt,models_9x9\checkpoints\cycle_0186.pt,models_9x9\checkpoints\cycle_0186.pt,models_9x9\best.pt,p2_win,1.0,82
1397,models_9x9\best.pt,models_9x9\checkpoints\cycle_0186.pt,models_9x9\best.pt,models_9x9\checkpoints\cycle_0186.pt,p1_win,1.0,83
1398,models_9x9\best.pt,models_9x9\checkpoints\cycle_0186.pt,models_9x9\best.pt,models_9x9\checkpoints\cycle_0186.pt,p1_win,1.0,77
1399,models_9x9\best.pt,models_9x9\checkpoints\cycle_0186.pt,models_9x9\best.pt,models_9x9\checkpoints\cycle_0186.pt,p1_win,1.0,77
1400,models_9x9\best.pt,models_9x9\checkpoints\cycle_0186.pt,models_9x9\best.pt,models_9x9\checkpoints\cycle_0186.pt,p1_win,1.0,77
1401,models_9x9\best.pt,models_9x9\checkpoints\cycle_0186.pt,models_9x9\checkpoints\cycle_0186.pt,models_9x9\best.pt,p1_win,0.0,83
1402,models_9x9\best.pt,models_9x9\checkpoints\cycle_0186.pt,models_9x9\best.pt,models_9x9\checkpoints\cycle_0186.pt,p1_win,1.0,81
1403,models_9x9\best.pt,models_9x9\checkpoints\cycle_0186.pt,models_9x9\best.pt,models_9x9\checkpoints\cycle_0186.pt,p1_win,1.0,83
1404,models_9x9\best.pt,models_9x9\checkpoints\cycle_0186.pt,models_9x9\best.pt,models_9x9\checkpoints\cycle_0186.pt,p1_win,1.0,77
1405,models_9x9\best.pt,models_9x9\checkpoints\cycle_0186.pt,models_9x9\checkpoints\cycle_0186.pt,models_9x9\best.pt,p2_win,1.0,84
1406,models_9x9\best.pt,models_9x9\checkpoints\cycle_0186.pt,models_9x9\checkpoints\cycle_0186.pt,models_9x9\best.pt,p2_win,1.0,86
1407,models_9x9\best.pt,models_9x9\checkpoints\cycle_0186.pt,models_9x9\checkpoints\cycle_0186.pt,models_9x9\best.pt,p2_win,1.0,80
1408,models_9x9\best.pt,models_9x9\checkpoints\cycle_0186.pt,models_9x9\best.pt,models_9x9\checkpoints\cycle_0186.pt,p1_win,1.0,77
1409,models_9x9\best.pt,models_9x9\checkpoints\cycle_0186.pt,models_9x9\best.pt,models_9x9\checkpoints\cycle_0186.pt,p1_win,1.0,79
1410,models_9x9\best.pt,models_9x9\checkpoints\cycle_0186.pt,models_9x9\best.pt,models_9x9\checkpoints\cycle_0186.pt,p1_win,1.0,85
1411,models_9x9\best.pt,models_9x9\checkpoints\cycle_0186.pt,models_9x9\best.pt,models_9x9\checkpoints\cycle_0186.pt,p1_win,1.0,77
1412,models_9x9\best.pt,models_9x9\checkpoints\cycle_0186.pt,models_9x9\best.pt,models_9x9\checkpoints\cycle_0186.pt,p1_win,1.0,79
1413,models_9x9\best.pt,models_9x9\checkpoints\cycle_0186.pt,models_9x9\checkpoints\cycle_0186.pt,models_9x9\best.pt,p2_win,1.0,76
1414,models_9x9\best.pt,models_9x9\checkpoints\cycle_0186.pt,models_9x9\best.pt,models_9x9\checkpoints\cycle_0186.pt,p1_win,1.0,87
1415,models_9x9\best.pt,models_9x9\checkpoints\cycle_0186.pt,models_9x9\best.pt,models_9x9\checkpoints\cycle_0186.pt,p1_win,1.0,85
1416,models_9x9\best.pt,models_9x9\checkpoints\cycle_0186.pt,models_9x9\best.pt,models_9x9\checkpoints\cycle_0186.pt,p1_win,1.0,79
1417,models_9x9\best.pt,models_9x9\checkpoints\cycle_0186.pt,models_9x9\best.pt,models_9x9\checkpoints\cycle_0186.pt,p1_win,1.0,81
1418,models_9x9\best.pt,models_9x9\checkpoints\cycle_0186.pt,models_9x9\best.pt,models_9x9\checkpoints\cycle_0186.pt,p1_win,1.0,79
1419,models_9x9\best.pt,models_9x9\checkpoints\cycle_0186.pt,models_9x9\best.pt,models_9x9\checkpoints\cycle_0186.pt,p1_win,1.0,79
1420,models_9x9\best.pt,models_9x9\checkpoints\cycle_0186.pt,models_9x9\best.pt,models_9x9\checkpoints\cycle_0186.pt,p1_win,1.0,77
1421,models_9x9\best.pt,models_9x9\checkpoints\cycle_0186.pt,models_9x9\best.pt,models_9x9\checkpoints\cycle_0186.pt,p1_win,1.0,79
1422,models_9x9\best.pt,models_9x9\checkpoints\cycle_0186.pt,models_9x9\best.pt,models_9x9\checkpoints\cycle_0186.pt,p1_win,1.0,79
1423,models_9x9\best.pt,models_9x9\checkpoints\cycle_0186.pt,models_9x9\best.pt,models_9x9\checkpoints\cycle_0186.pt,p1_win,1.0,83
1424,models_9x9\best.pt,models_9x9\checkpoints\cycle_0186.pt,models_9x9\best.pt,models_9x9\checkpoints\cycle_0186.pt,p1_win,1.0,83
1425,models_9x9\best.pt,models_9x9\checkpoints\cycle_0186.pt,models_9x9\best.pt,models_9x9\checkpoints\cycle_0186.pt,p1_win,1.0,77
1426,models_9x9\best.pt,models_9x9\checkpoints\cycle_0186.pt,models_9x9\checkpoints\cycle_0186.pt,models_9x9\best.pt,p1_win,0.0,83
1427,models_9x9\best.pt,models_9x9\checkpoints\cycle_0186.pt,models_9x9\checkpoints\cycle_0186.pt,models_9x9\best.pt,p2_win,1.0,78
1428,models_9x9\best.pt,models_9x9\checkpoints\cycle_0186.pt,models_9x9\best.pt,models_9x9\checkpoints\cycle_0186.pt,p1_win,1.0,87
1429,models_9x9\best.pt,models_9x9\checkpoints\cycle_0186.pt,models_9x9\checkpoints\cycle_0186.pt,models_9x9\best.pt,p2_win,1.0,86
1430,models_9x9\best.pt,models_9x9\checkpoints\cycle_0186.pt,models_9x9\checkpoints\cycle_0186.pt,models_9x9\best.pt,p2_win,1.0,78
1431,models_9x9\best.pt,models_9x9\checkpoints\cycle_0186.pt,models_9x9\best.pt,models_9x9\checkpoints\cycle_0186.pt,p1_win,1.0,87
1432,models_9x9\best.pt,models_9x9\checkpoints\cycle_0186.pt,models_9x9\checkpoints\cycle_0186.pt,models_9x9\best.pt,p2_win,1.0,84
1433,models_9x9\best.pt,models_9x9\checkpoints\cycle_0186.pt,models_9x9\best.pt,models_9x9\checkpoints\cycle_0186.pt,p1_win,1.0,79
1434,models_9x9\best.pt,models_9x9\checkpoints\cycle_0186.pt,models_9x9\best.pt,models_9x9\checkpoints\cycle_0186.pt,p1_win,1.0,91
1435,models_9x9\best.pt,models_9x9\checkpoints\cycle_0186.pt,models_9x9\best.pt,models_9x9\checkpoints\cycle_0186.pt,p1_win,1.0,79
1436,models_9x9\best.pt,models_9x9\checkpoints\cycle_0186.pt,models_9x9\best.pt,models_9x9\checkpoints\cycle_0186.pt,p1_win,1.0,85
1437,models_9x9\best.pt,models_9x9\checkpoints\cycle_0186.pt,models_9x9\checkpoints\cycle_0186.pt,models_9x9\best.pt,p2_win,1.0,86
1438,models_9x9\best.pt,models_9x9\checkpoints\cycle_0186.pt,models_9x9\best.pt,models_9x9\checkpoints\cycle_0186.pt,p1_win,1.0,77
1439,models_9x9\best.pt,models_9x9\checkpoints\cycle_0186.pt,models_9x9\best.pt,models_9x9\checkpoints\cycle_0186.pt,p1_win,1.0,79
1440,models_9x9\best.pt,models_9x9\checkpoints\cycle_0186.pt,models_9x9\best.pt,models_9x9\checkpoints\cycle_0186.pt,p1_win,1.0,79
1441,models_9x9\best.pt,models_9x9\checkpoints\cycle_0186.pt,models_9x9\best.pt,models_9x9\checkpoints\cycle_0186.pt,p1_win,1.0,79
1442,models_9x9\best.pt,models_9x9\checkpoints\cycle_0186.pt,models_9x9\checkpoints\cycle_0186.pt,models_9x9\best.pt,p1_win,0.0,89
1443,models_9x9\best.pt,models_9x9\checkpoints\cycle_0186.pt,models_9x9\best.pt,models_9x9\checkpoints\cycle_0186.pt,p1_win,1.0,79
1444,models_9x9\best.pt,models_9x9\checkpoints\cycle_0186.pt,models_9x9\checkpoints\cycle_0186.pt,models_9x9\best.pt,p1_win,0.0,85
1445,models_9x9\best.pt,models_9x9\checkpoints\cycle_0186.pt,models_9x9\best.pt,models_9x9\checkpoints\cycle_0186.pt,p1_win,1.0,79
1446,models_9x9\best.pt,models_9x9\checkpoints\cycle_0186.pt,models_9x9\best.pt,models_9x9\checkpoints\cycle_0186.pt,p1_win,1.0,81
1447,models_9x9\best.pt,models_9x9\checkpoints\cycle_0186.pt,models_9x9\checkpoints\cycle_0186.pt,models_9x9\best.pt,p1_win,0.0,77
1448,models_9x9\best.pt,models_9x9\checkpoints\cycle_0186.pt,models_9x9\checkpoints\cycle_0186.pt,models_9x9\best.pt,p2_win,1.0,84
1449,models_9x9\best.pt,models_9x9\checkpoints\cycle_0186.pt,models_9x9\best.pt,models_9x9\checkpoints\cycle_0186.pt,p1_win,1.0,77
1450,models_9x9\best.pt,models_9x9\checkpoints\cycle_0186.pt,models_9x9\best.pt,models_9x9\checkpoints\cycle_0186.pt,p1_win,1.0,81
1451,models_9x9\best.pt,models_9x9\checkpoints\cycle_0186.pt,models_9x9\checkpoints\cycle_0186.pt,models_9x9\best.pt,p2_win,1.0,92
1452,models_9x9\best.pt,models_9x9\checkpoints\cycle_0186.pt,models_9x9\best.pt,models_9x9\checkpoints\cycle_0186.pt,p1_win,1.0,79
1453,models_9x9\best.pt,models_9x9\checkpoints\cycle_0186.pt,models_9x9\checkpoints\cycle_0186.pt,models_9x9\best.pt,p1_win,0.0,85
1454,models_9x9\best.pt,models_9x9\checkpoints\cycle_0186.pt,models_9x9\checkpoints\cycle_0186.pt,models_9x9\best.pt,p2_win,1.0,86
1455,models_9x9\best.pt,models_9x9\checkpoints\cycle_0186.pt,models_9x9\checkpoints\cycle_0186.pt,models_9x9\best.pt,p2_win,1.0,88
1456,models_9x9\best.pt,models_9x9\checkpoints\cycle_0186.pt,models_9x9\best.pt,models_9x9\checkpoints\cycle_0186.pt,p1_win,1.0,81
1457,models_9x9\best.pt,models_9x9\checkpoints\cycle_0186.pt,models_9x9\best.pt,models_9x9\checkpoints\cycle_0186.pt,p1_win,1.0,79
1458,models_9x9\best.pt,models_9x9\checkpoints\cycle_0186.pt,models_9x9\checkpoints\cycle_0186.pt,models_9x9\best.pt,p2_win,1.0,76
1459,models_9x9\best.pt,models_9x9\checkpoints\cycle_0186.pt,models_9x9\best.pt,models_9x9\checkpoints\cycle_0186.pt,p1_win,1.0,79
1460,models_9x9\best.pt,models_9x9\checkpoints\cycle_0186.pt,models_9x9\checkpoints\cycle_0186.pt,models_9x9\best.pt,p2_win,1.0,82
1461,models_9x9\best.pt,models_9x9\checkpoints\cycle_0186.pt,models_9x9\checkpoints\cycle_0186.pt,models_9x9\best.pt,p2_win,1.0,82
1462,models_9x9\best.pt,models_9x9\checkpoints\cycle_0186.pt,models_9x9\best.pt,models_9x9\checkpoints\cycle_0186.pt,p1_win,1.0,79
1463,models_9x9\best.pt,models_9x9\checkpoints\cycle_0186.pt,models_9x9\checkpoints\cycle_0186.pt,models_9x9\best.pt,p1_win,0.0,79
1464,models_9x9\best.pt,models_9x9\checkpoints\cycle_0186.pt,models_9x9\checkpoints\cycle_0186.pt,models_9x9\best.pt,p2_win,1.0,86
1465,models_9x9\best.pt,models_9x9\checkpoints\cycle_0186.pt,models_9x9\best.pt,models_9x9\checkpoints\cycle_0186.pt,p1_win,1.0,81
1466,models_9x9\best.pt,models_9x9\checkpoints\cycle_0186.pt,models_9x9\best.pt,models_9x9\checkpoints\cycle_0186.pt,p1_win,1.0,79
1467,models_9x9\best.pt,models_9x9\checkpoints\cycle_0186.pt,models_9x9\best.pt,models_9x9\checkpoints\cycle_0186.pt,p1_win,1.0,77
1468,models_9x9\best.pt,models_9x9\checkpoints\cycle_0186.pt,models_9x9\best.pt,models_9x9\checkpoints\cycle_0186.pt,p1_win,1.0,79
1469,models_9x9\best.pt,models_9x9\checkpoints\cycle_0186.pt,models_9x9\checkpoints\cycle_0186.pt,models_9x9\best.pt,p2_win,1.0,84
1470,models_9x9\best.pt,models_9x9\checkpoints\cycle_0186.pt,models_9x9\checkpoints\cycle_0186.pt,models_9x9\best.pt,p2_win,1.0,86
1471,models_9x9\best.pt,models_9x9\checkpoints\cycle_0186.pt,models_9x9\best.pt,models_9x9\checkpoints\cycle_0186.pt,p1_win,1.0,83
1472,models_9x9\best.pt,models_9x9\checkpoints\cycle_0186.pt,models_9x9\checkpoints\cycle_0186.pt,models_9x9\best.pt,p2_win,1.0,78
1473,models_9x9\best.pt,models_9x9\checkpoints\cycle_0186.pt,models_9x9\best.pt,models_9x9\checkpoints\cycle_0186.pt,p1_win,1.0,79
1474,models_9x9\best.pt,models_9x9\checkpoints\cycle_0186.pt,models_9x9\checkpoints\cycle_0186.pt,models_9x9\best.pt,p2_win,1.0,88
1475,models_9x9\best.pt,models_9x9\checkpoints\cycle_0186.pt,models_9x9\checkpoints\cycle_0186.pt,models_9x9\best.pt,p2_win,1.0,80
1476,models_9x9\best.pt,models_9x9\checkpoints\cycle_0186.pt,models_9x9\checkpoints\cycle_0186.pt,models_9x9\best.pt,p1_win,0.0,77
1477,models_9x9\best.pt,models_9x9\checkpoints\cycle_0186.pt,models_9x9\best.pt,models_9x9\checkpoints\cycle_0186.pt,p1_win,1.0,79
1478,models_9x9\best.pt,models_9x9\checkpoints\cycle_0186.pt,models_9x9\checkpoints\cycle_0186.pt,models_9x9\best.pt,p1_win,0.0,87
1479,models_9x9\best.pt,models_9x9\checkpoints\cycle_0186.pt,models_9x9\best.pt,models_9x9\checkpoints\cycle_0186.pt,p1_win,1.0,79
1480,models_9x9\best.pt,models_9x9\checkpoints\cycle_0186.pt,models_9x9\best.pt,models_9x9\checkpoints\cycle_0186.pt,p1_win,1.0,83
1481,models_9x9\best.pt,models_9x9\checkpoints\cycle_0186.pt,models_9x9\checkpoints\cycle_0186.pt,models_9x9\best.pt,p2_win,1.0,96
1482,models_9x9\best.pt,models_9x9\checkpoints\cycle_0186.pt,models_9x9\best.pt,models_9x9\checkpoints\cycle_0186.pt,p1_win,1.0,83
1483,models_9x9\best.pt,models_9x9\checkpoints\cycle_0186.pt,models_9x9\checkpoints\cycle_0186.pt,models_9x9\best.pt,p1_win,0.0,85
1484,models_9x9\best.pt,models_9x9\checkpoints\cycle_0186.pt,models_9x9\best.pt,models_9x9\checkpoints\cycle_0186.pt,p1_win,1.0,77
1485,models_9x9\best.pt,models_9x9\checkpoints\cycle_0186.pt,models_9x9\best.pt,models_9x9\checkpoints\cycle_0186.pt,p1_win,1.0,79
1486,models_9x9\best.pt,models_9x9\checkpoints\cycle_0186.pt,models_9x9\best.pt,models_9x9\checkpoints\cycle_0186.pt,p1_win,1.0,77
1487,models_9x9\best.pt,models_9x9\checkpoints\cycle_0186.pt,models_9x9\best.pt,models_9x9\checkpoints\cycle_0186.pt,p1_win,1.0,85
1488,models_9x9\best.pt,models_9x9\checkpoints\cycle_0186.pt,models_9x9\best.pt,models_9x9\checkpoints\cycle_0186.pt,p1_win,1.0,79
1489,models_9x9\best.pt,models_9x9\checkpoints\cycle_0186.pt,models_9x9\best.pt,models_9x9\checkpoints\cycle_0186.pt,p1_win,1.0,79
1490,models_9x9\best.pt,models_9x9\checkpoints\cycle_0186.pt,models_9x9\best.pt,models_9x9\checkpoints\cycle_0186.pt,p1_win,1.0,89
1491,models_9x9\best.pt,models_9x9\checkpoints\cycle_0186.pt,models_9x9\best.pt,models_9x9\checkpoints\cycle_0186.pt,p1_win,1.0,79
1492,models_9x9\best.pt,models_9x9\checkpoints\cycle_0186.pt,models_9x9\best.pt,models_9x9\checkpoints\cycle_0186.pt,p1_win,1.0,79
1493,models_9x9\best.pt,models_9x9\checkpoints\cycle_0186.pt,models_9x9\best.pt,models_9x9\checkpoints\cycle_0186.pt,p1_win,1.0,79
1494,models_9x9\best.pt,models_9x9\checkpoints\cycle_0186.pt,models_9x9\best.pt,models_9x9\checkpoints\cycle_0186.pt,p1_win,1.0,81
1495,models_9x9\best.pt,models_9x9\checkpoints\cycle_0186.pt,models_9x9\best.pt,models_9x9\checkpoints\cycle_0186.pt,p1_win,1.0,79
1496,models_9x9\best.pt,models_9x9\checkpoints\cycle_0186.pt,models_9x9\checkpoints\cycle_0186.pt,models_9x9\best.pt,p1_win,0.0,85
1497,models_9x9\best.pt,models_9x9\checkpoints\cycle_0186.pt,models_9x9\best.pt,models_9x9\checkpoints\cycle_0186.pt,p1_win,1.0,87
1498,models_9x9\best.pt,models_9x9\checkpoints\cycle_0186.pt,models_9x9\best.pt,models_9x9\checkpoints\cycle_0186.pt,p1_win,1.0,79
1499,models_9x9\best.pt,models_9x9\checkpoints\cycle_0186.pt,models_9x9\checkpoints\cycle_0186.pt,models_9x9\best.pt,p2_win,1.0,78
1500,models_9x9\best.pt,models_9x9\checkpoints\cycle_0186.pt,models_9x9\checkpoints\cycle_0186.pt,models_9x9\best.pt,p2_win,1.0,86
1501,models_9x9\best.pt,models_9x9\checkpoints\cycle_0186.pt,models_9x9\checkpoints\cycle_0186.pt,models_9x9\best.pt,p2_win,1.0,82
1502,models_9x9\best.pt,models_9x9\checkpoints\cycle_0186.pt,models_9x9\best.pt,models_9x9\checkpoints\cycle_0186.pt,p1_win,1.0,79
1503,models_9x9\best.pt,models_9x9\checkpoints\cycle_0186.pt,models_9x9\best.pt,models_9x9\checkpoints\cycle_0186.pt,p1_win,1.0,79
1504,models_9x9\best.pt,models_9x9\checkpoints\cycle_0186.pt,models_9x9\checkpoints\cycle_0186.pt,models_9x9\best.pt,p1_win,0.0,83
1505,models_9x9\best.pt,models_9x9\checkpoints\cycle_0186.pt,models_9x9\checkpoints\cycle_0186.pt,models_9x9\best.pt,p2_win,1.0,88
1506,models_9x9\best.pt,models_9x9\checkpoints\cycle_0186.pt,models_9x9\best.pt,models_9x9\checkpoints\cycle_0186.pt,p1_win,1.0,79
1507,models_9x9\best.pt,models_9x9\checkpoints\cycle_0186.pt,models_9x9\best.pt,models_9x9\checkpoints\cycle_0186.pt,p1_win,1.0,79
1508,models_9x9\best.pt,models_9x9\checkpoints\cycle_0186.pt,models_9x9\best.pt,models_9x9\checkpoints\cycle_0186.pt,p1_win,1.0,83
1509,models_9x9\best.pt,models_9x9\checkpoints\cycle_0186.pt,models_9x9\checkpoints\cycle_0186.pt,models_9x9\best.pt,p1_win,0.0,81
1510,models_9x9\best.pt,models_9x9\checkpoints\cycle_0186.pt,models_9x9\checkpoints\cycle_0186.pt,models_9x9\best.pt,p1_win,0.0,79
1511,models_9x9\best.pt,models_9x9\checkpoints\cycle_0186.pt,models_9x9\checkpoints\cycle_0186.pt,models_9x9\best.pt,p2_win,1.0,80
1512,models_9x9\best.pt,models_9x9\checkpoints\cycle_0186.pt,models_9x9\best.pt,models_9x9\checkpoints\cycle_0186.pt,p1_win,1.0,79
1513,models_9x9\best.pt,models_9x9\checkpoints\cycle_0186.pt,models_9x9\checkpoints\cycle_0186.pt,models_9x9\best.pt,p1_win,0.0,83
1514,models_9x9\best.pt,models_9x9\checkpoints\cycle_0186.pt,models_9x9\best.pt,models_9x9\checkpoints\cycle_0186.pt,p1_win,1.0,79
1515,models_9x9\best.pt,models_9x9\checkpoints\cycle_0186.pt,models_9x9\checkpoints\cycle_0186.pt,models_9x9\best.pt,p2_win,1.0,80
1516,models_9x9\best.pt,models_9x9\checkpoints\cycle_0186.pt,models_9x9\checkpoints\cycle_0186.pt,models_9x9\best.pt,p2_win,1.0,82
1517,models_9x9\best.pt,models_9x9\checkpoints\cycle_0186.pt,models_9x9\best.pt,models_9x9\checkpoints\cycle_0186.pt,p1_win,1.0,87
1518,models_9x9\best.pt,models_9x9\checkpoints\cycle_0186.pt,models_9x9\best.pt,models_9x9\checkpoints\cycle_0186.pt,p1_win,1.0,79
1519,models_9x9\best.pt,models_9x9\checkpoints\cycle_0186.pt,models_9x9\checkpoints\cycle_0186.pt,models_9x9\best.pt,p1_win,0.0,85
1520,models_9x9\best.pt,models_9x9\checkpoints\cycle_0186.pt,models_9x9\best.pt,models_9x9\checkpoints\cycle_0186.pt,p1_win,1.0,77
1521,models_9x9\best.pt,models_9x9\checkpoints\cycle_0186.pt,models_9x9\best.pt,models_9x9\checkpoints\cycle_0186.pt,p1_win,1.0,83
1522,models_9x9\best.pt,models_9x9\checkpoints\cycle_0186.pt,models_9x9\best.pt,models_9x9\checkpoints\cycle_0186.pt,p1_win,1.0,87
1523,models_9x9\best.pt,models_9x9\checkpoints\cycle_0186.pt,models_9x9\best.pt,models_9x9\checkpoints\cycle_0186.pt,p1_win,1.0,83
1524,models_9x9\best.pt,models_9x9\checkpoints\cycle_0186.pt,models_9x9\checkpoints\cycle_0186.pt,models_9x9\best.pt,p2_win,1.0,86
1525,models_9x9\best.pt,models_9x9\checkpoints\cycle_0186.pt,models_9x9\best.pt,models_9x9\checkpoints\cycle_0186.pt,p1_win,1.0,81
1526,models_9x9\best.pt,models_9x9\checkpoints\cycle_0186.pt,models_9x9\best.pt,models_9x9\checkpoints\cycle_0186.pt,p1_win,1.0,81
1527,models_9x9\best.pt,models_9x9\checkpoints\cycle_0186.pt,models_9x9\best.pt,models_9x9\checkpoints\cycle_0186.pt,p1_win,1.0,79
1528,models_9x9\best.pt,models_9x9\checkpoints\cycle_0186.pt,models_9x9\best.pt,models_9x9\checkpoints\cycle_0186.pt,p1_win,1.0,79
1529,models_9x9\best.pt,models_9x9\checkpoints\cycle_0186.pt,models_9x9\checkpoints\cycle_0186.pt,models_9x9\best.pt,p1_win,0.0,87
1530,models_9x9\best.pt,models_9x9\checkpoints\cycle_0186.pt,models_9x9\checkpoints\cycle_0186.pt,models_9x9\best.pt,p1_win,0.0,89
1531,models_9x9\best.pt,models_9x9\checkpoints\cycle_0186.pt,models_9x9\best.pt,models_9x9\checkpoints\cycle_0186.pt,p1_win,1.0,83
1532,models_9x9\best.pt,models_9x9\checkpoints\cycle_0186.pt,models_9x9\best.pt,models_9x9\checkpoints\cycle_0186.pt,p1_win,1.0,81
1533,models_9x9\best.pt,models_9x9\checkpoints\cycle_0186.pt,models_9x9\best.pt,models_9x9\checkpoints\cycle_0186.pt,p1_win,1.0,81
1534,models_9x9\best.pt,models_9x9\checkpoints\cycle_0186.pt,models_9x9\best.pt,models_9x9\checkpoints\cycle_0186.pt,p1_win,1.0,85
1535,models_9x9\best.pt,models_9x9\checkpoints\cycle_0186.pt,models_9x9\checkpoints\cycle_0186.pt,models_9x9\best.pt,p1_win,0.0,79
1536,models_9x9\best.pt,models_9x9\checkpoints\cycle_0186.pt,models_9x9\best.pt,models_9x9\checkpoints\cycle_0186.pt,p1_win,1.0,79
1537,models_9x9\best.pt,models_9x9\checkpoints\cycle_0186.pt,models_9x9\best.pt,models_9x9\checkpoints\cycle_0186.pt,p1_win,1.0,81
1538,models_9x9\best.pt,models_9x9\checkpoints\cycle_0186.pt,models_9x9\best.pt,models_9x9\checkpoints\cycle_0186.pt,p1_win,1.0,79
1539,models_9x9\best.pt,models_9x9\checkpoints\cycle_0186.pt,models_9x9\checkpoints\cycle_0186.pt,models_9x9\best.pt,p1_win,0.0,83
1540,models_9x9\best.pt,models_9x9\checkpoints\cycle_0186.pt,models_9x9\best.pt,models_9x9\checkpoints\cycle_0186.pt,p1_win,1.0,87
1541,models_9x9\best.pt,models_9x9\checkpoints\cycle_0186.pt,models_9x9\checkpoints\cycle_0186.pt,models_9x9\best.pt,p2_win,1.0,82
1542,models_9x9\best.pt,models_9x9\checkpoints\cycle_0186.pt,models_9x9\best.pt,models_9x9\checkpoints\cycle_0186.pt,p1_win,1.0,81
1543,models_9x9\best.pt,models_9x9\checkpoints\cycle_0186.pt,models_9x9\best.pt,models_9x9\checkpoints\cycle_0186.pt,p1_win,1.0,83
1544,models_9x9\best.pt,models_9x9\checkpoints\cycle_0186.pt,models_9x9\checkpoints\cycle_0186.pt,models_9x9\best.pt,p1_win,0.0,87
1545,models_9x9\best.pt,models_9x9\checkpoints\cycle_0186.pt,models_9x9\checkpoints\cycle_0186.pt,models_9x9\best.pt,p1_win,0.0,79
1546,models_9x9\best.pt,models_9x9\checkpoints\cycle_0186.pt,models_9x9\best.pt,models_9x9\checkpoints\cycle_0186.pt,p1_win,1.0,79
1547,models_9x9\best.pt,models_9x9\checkpoints\cycle_0186.pt,models_9x9\best.pt,models_9x9\checkpoints\cycle_0186.pt,p1_win,1.0,79
1548,models_9x9\best.pt,models_9x9\checkpoints\cycle_0186.pt,models_9x9\checkpoints\cycle_0186.pt,models_9x9\best.pt,p2_win,1.0,84
1549,models_9x9\best.pt,models_9x9\checkpoints\cycle_0186.pt,models_9x9\checkpoints\cycle_0186.pt,models_9x9\best.pt,p2_win,1.0,78
1550,models_9x9\best.pt,models_9x9\checkpoints\cycle_0186.pt,models_9x9\best.pt,models_9x9\checkpoints\cycle_0186.pt,p1_win,1.0,83
1551,models_9x9\best.pt,models_9x9\checkpoints\cycle_0186.pt,models_9x9\checkpoints\cycle_0186.pt,models_9x9\best.pt,p1_win,0.0,83
1552,models_9x9\best.pt,models_9x9\checkpoints\cycle_0186.pt,models_9x9\checkpoints\cycle_0186.pt,models_9x9\best.pt,p2_win,1.0,88
1553,models_9x9\best.pt,models_9x9\checkpoints\cycle_0186.pt,models_9x9\best.pt,models_9x9\checkpoints\cycle_0186.pt,p1_win,1.0,79
1554,models_9x9\best.pt,models_9x9\checkpoints\cycle_0186.pt,models_9x9\best.pt,models_9x9\checkpoints\cycle_0186.pt,p1_win,1.0,81
1555,models_9x9\best.pt,models_9x9\checkpoints\cycle_0186.pt,models_9x9\checkpoints\cycle_0186.pt,models_9x9\best.pt,p2_win,1.0,88
1556,models_9x9\best.pt,models_9x9\checkpoints\cycle_0186.pt,models_9x9\best.pt,models_9x9\checkpoints\cycle_0186.pt,p1_win,1.0,85
1557,models_9x9\best.pt,models_9x9\checkpoints\cycle_0186.pt,models_9x9\checkpoints\cycle_0186.pt,models_9x9\best.pt,p2_win,1.0,84
1558,models_9x9\best.pt,models_9x9\checkpoints\cycle_0186.pt,models_9x9\checkpoints\cycle_0186.pt,models_9x9\best.pt,p2_win,1.0,88
1559,models_9x9\best.pt,models_9x9\checkpoints\cycle_0186.pt,models_9x9\checkpoints\cycle_0186.pt,models_9x9\best.pt,p1_win,0.0,81
1560,models_9x9\best.pt,models_9x9\checkpoints\cycle_0186.pt,models_9x9\checkpoints\cycle_0186.pt,models_9x9\best.pt,p1_win,0.0,87
1561,models_9x9\best.pt,models_9x9\checkpoints\cycle_0186.pt,models_9x9\checkpoints\cycle_0186.pt,models_9x9\best.pt,p1_win,0.0,85
1562,models_9x9\best.pt,models_9x9\checkpoints\cycle_0186.pt,models_9x9\checkpoints\cycle_0186.pt,models_9x9\best.pt,p1_win,0.0,93
1563,models_9x9\best.pt,models_9x9\checkpoints\cycle_0186.pt,models_9x9\best.pt,models_9x9\checkpoints\cycle_0186.pt,p1_win,1.0,85
1564,models_9x9\best.pt,models_9x9\checkpoints\cycle_0186.pt,models_9x9\checkpoints\cycle_0186.pt,models_9x9\best.pt,p2_win,1.0,84
1565,models_9x9\best.pt,models_9x9\checkpoints\cycle_0186.pt,models_9x9\best.pt,models_9x9\checkpoints\cycle_0186.pt,p1_win,1.0,83
1566,models_9x9\best.pt,models_9x9\checkpoints\cycle_0186.pt,models_9x9\checkpoints\cycle_0186.pt,models_9x9\best.pt,p1_win,0.0,81
1567,models_9x9\best.pt,models_9x9\checkpoints\cycle_0186.pt,models_9x9\checkpoints\cycle_0186.pt,models_9x9\best.pt,p1_win,0.0,83
1568,models_9x9\best.pt,models_9x9\checkpoints\cycle_0186.pt,models_9x9\best.pt,models_9x9\checkpoints\cycle_0186.pt,p1_win,1.0,83
1569,models_9x9\best.pt,models_9x9\checkpoints\cycle_0186.pt,models_9x9\best.pt,models_9x9\checkpoints\cycle_0186.pt,p1_win,1.0,85
1570,models_9x9\best.pt,models_9x9\checkpoints\cycle_0186.pt,models_9x9\checkpoints\cycle_0186.pt,models_9x9\best.pt,p2_win,1.0,88
1571,models_9x9\best.pt,models_9x9\checkpoints\cycle_0186.pt,models_9x9\checkpoints\cycle_0186.pt,models_9x9\best.pt,p2_win,1.0,80
1572,models_9x9\best.pt,models_9x9\checkpoints\cycle_0186.pt,models_9x9\best.pt,models_9x9\checkpoints\cycle_0186.pt,p1_win,1.0,83
1573,models_9x9\best.pt,models_9x9\checkpoints\cycle_0186.pt,models_9x9\best.pt,models_9x9\checkpoints\cycle_0186.pt,p1_win,1.0,87
1574,models_9x9\best.pt,models_9x9\checkpoints\cycle_0186.pt,models_9x9\checkpoints\cycle_0186.pt,models_9x9\best.pt,p2_win,1.0,80
1575,models_9x9\best.pt,models_9x9\checkpoints\cycle_0186.pt,models_9x9\checkpoints\cycle_0186.pt,models_9x9\best.pt,p2_win,1.0,80
1576,models_9x9\best.pt,models_9x9\checkpoints\cycle_0186.pt,models_9x9\best.pt,models_9x9\checkpoints\cycle_0186.pt,p1_win,1.0,87
1577,models_9x9\best.pt,models_9x9\checkpoints\cycle_0186.pt,models_9x9\best.pt,models_9x9\checkpoints\cycle_0186.pt,p1_win,1.0,85
1578,models_9x9\best.pt,models_9x9\checkpoints\cycle_0186.pt,models_9x9\best.pt,models_9x9\checkpoints\cycle_0186.pt,p1_win,1.0,87
1579,models_9x9\best.pt,models_9x9\checkpoints\cycle_0186.pt,models_9x9\checkpoints\cycle_0186.pt,models_9x9\best.pt,p1_win,0.0,79
1580,models_9x9\best.pt,models_9x9\checkpoints\cycle_0186.pt,models_9x9\best.pt,models_9x9\checkpoints\cycle_0186.pt,p1_win,1.0,87
1581,models_9x9\best.pt,models_9x9\checkpoints\cycle_0186.pt,models_9x9\checkpoints\cycle_0186.pt,models_9x9\best.pt,p1_win,0.0,81
1582,models_9x9\best.pt,models_9x9\checkpoints\cycle_0186.pt,models_9x9\best.pt,models_9x9\checkpoints\cycle_0186.pt,p1_win,1.0,81
1583,models_9x9\best.pt,models_9x9\checkpoints\cycle_0186.pt,models_9x9\best.pt,models_9x9\checkpoints\cycle_0186.pt,p1_win,1.0,81
1584,models_9x9\best.pt,models_9x9\checkpoints\cycle_0186.pt,models_9x9\checkpoints\cycle_0186.pt,models_9x9\best.pt,p2_win,1.0,80
1585,models_9x9\best.pt,models_9x9\checkpoints\cycle_0186.pt,models_9x9\best.pt,models_9x9\checkpoints\cycle_0186.pt,p1_win,1.0,85
1586,models_9x9\best.pt,models_9x9\checkpoints\cycle_0186.pt,models_9x9\best.pt,models_9x9\checkpoints\cycle_0186.pt,p1_win,1.0,85
1587,models_9x9\best.pt,models_9x9\checkpoints\cycle_0186.pt,models_9x9\best.pt,models_9x9\checkpoints\cycle_0186.pt,p1_win,1.0,85
1588,models_9x9\best.pt,models_9x9\checkpoints\cycle_0186.pt,models_9x9\best.pt,models_9x9\checkpoints\cycle_0186.pt,p1_win,1.0,85
1589,models_9x9\best.pt,models_9x9\checkpoints\cycle_0186.pt,models_9x9\best.pt,models_9x9\checkpoints\cycle_0186.pt,p1_win,1.0,83
1590,models_9x9\best.pt,models_9x9\checkpoints\cycle_0186.pt,models_9x9\best.pt,models_9x9\checkpoints\cycle_0186.pt,p1_win,1.0,85
1591,models_9x9\best.pt,models_9x9\checkpoints\cycle_0186.pt,models_9x9\checkpoints\cycle_0186.pt,models_9x9\best.pt,p1_win,0.0,83
1592,models_9x9\best.pt,models_9x9\checkpoints\cycle_0186.pt,models_9x9\checkpoints\cycle_0186.pt,models_9x9\best.pt,p1_win,0.0,83
1593,models_9x9\best.pt,models_9x9\checkpoints\cycle_0186.pt,models_9x9\checkpoints\cycle_0186.pt,models_9x9\best.pt,p2_win,1.0,92
1594,models_9x9\best.pt,models_9x9\checkpoints\cycle_0186.pt,models_9x9\best.pt,models_9x9\checkpoints\cycle_0186.pt,p1_win,1.0,81
1595,models_9x9\best.pt,models_9x9\checkpoints\cycle_0186.pt,models_9x9\best.pt,models_9x9\checkpoints\cycle_0186.pt,p1_win,1.0,81
1596,models_9x9\best.pt,models_9x9\checkpoints\cycle_0186.pt,models_9x9\checkpoints\cycle_0186.pt,models_9x9\best.pt,p2_win,1.0,82
1597,models_9x9\best.pt,models_9x9\checkpoints\cycle_0186.pt,models_9x9\best.pt,models_9x9\checkpoints\cycle_0186.pt,p1_win,1.0,83
1598,models_9x9\best.pt,models_9x9\checkpoints\cycle_0186.pt,models_9x9\best.pt,models_9x9\checkpoints\cycle_0186.pt,p1_win,1.0,85
1599,models_9x9\best.pt,models_9x9\checkpoints\cycle_0186.pt,models_9x9\checkpoints\cycle_0186.pt,models_9x9\best.pt,p1_win,0.0,85
1600,models_9x9\best.pt,models_9x9\checkpoints\cycle_0186.pt,models_9x9\best.pt,models_9x9\checkpoints\cycle_0186.pt,p1_win,1.0,83
1601,models_9x9\best.pt,models_9x9\checkpoints\cycle_0186.pt,models_9x9\checkpoints\cycle_0186.pt,models_9x9\best.pt,p1_win,0.0,83
1602,models_9x9\best.pt,models_9x9\checkpoints\cycle_0186.pt,models_9x9\best.pt,models_9x9\checkpoints\cycle_0186.pt,p1_win,1.0,87
1603,models_9x9\best.pt,models_9x9\checkpoints\cycle_0186.pt,models_9x9\checkpoints\cycle_0186.pt,models_9x9\best.pt,p2_win,1.0,80
1604,models_9x9\best.pt,models_9x9\checkpoints\cycle_0186.pt,models_9x9\checkpoints\cycle_0186.pt,models_9x9\best.pt,p2_win,1.0,80
1605,models_9x9\best.pt,models_9x9\checkpoints\cycle_0186.pt,models_9x9\best.pt,models_9x9\checkpoints\cycle_0186.pt,p1_win,1.0,91
1606,models_9x9\best.pt,models_9x9\checkpoints\cycle_0186.pt,models_9x9\best.pt,models_9x9\checkpoints\cycle_0186.pt,p1_win,1.0,83
1607,models_9x9\best.pt,models_9x9\checkpoints\cycle_0186.pt,models_9x9\checkpoints\cycle_0186.pt,models_9x9\best.pt,p2_win,1.0,82
1608,models_9x9\best.pt,models_9x9\checkpoints\cycle_0186.pt,models_9x9\checkpoints\cycle_0186.pt,models_9x9\best.pt,p2_win,1.0,80
1609,models_9x9\best.pt,models_9x9\checkpoints\cycle_0186.pt,models_9x9\best.pt,models_9x9\checkpoints\cycle_0186.pt,p1_win,1.0,83
1610,models_9x9\best.pt,models_9x9\checkpoints\cycle_0186.pt,models_9x9\checkpoints\cycle_0186.pt,models_9x9\best.pt,p1_win,0.0,91
1611,models_9x9\best.pt,models_9x9\checkpoints\cycle_0186.pt,models_9x9\best.pt,models_9x9\checkpoints\cycle_0186.pt,p1_win,1.0,83
1612,models_9x9\best.pt,models_9x9\checkpoints\cycle_0186.pt,models_9x9\checkpoints\cycle_0186.pt,models_9x9\best.pt,p1_win,0.0,85
1613,models_9x9\best.pt,models_9x9\checkpoints\cycle_0186.pt,models_9x9\best.pt,models_9x9\checkpoints\cycle_0186.pt,p1_win,1.0,81
1614,models_9x9\best.pt,models_9x9\checkpoints\cycle_0186.pt,models_9x9\checkpoints\cycle_0186.pt,models_9x9\best.pt,p1_win,0.0,85
1615,models_9x9\best.pt,models_9x9\checkpoints\cycle_0186.pt,models_9x9\checkpoints\cycle_0186.pt,models_9x9\best.pt,p1_win,0.0,79
1616,models_9x9\best.pt,models_9x9\checkpoints\cycle_0186.pt,models_9x9\best.pt,models_9x9\checkpoints\cycle_0186.pt,p1_win,1.0,91
1617,models_9x9\best.pt,models_9x9\checkpoints\cycle_0186.pt,models_9x9\best.pt,models_9x9\checkpoints\cycle_0186.pt,p1_win,1.0,83
1618,models_9x9\best.pt,models_9x9\checkpoints\cycle_0186.pt,models_9x9\best.pt,models_9x9\checkpoints\cycle_0186.pt,p1_win,1.0,81
1619,models_9x9\best.pt,models_9x9\checkpoints\cycle_0186.pt,models_9x9\checkpoints\cycle_0186.pt,models_9x9\best.pt,p1_win,0.0,79
1620,models_9x9\best.pt,models_9x9\checkpoints\cycle_0186.pt,models_9x9\best.pt,models_9x9\checkpoints\cycle_0186.pt,p1_win,1.0,83
1621,models_9x9\best.pt,models_9x9\checkpoints\cycle_0186.pt,models_9x9\checkpoints\cycle_0186.pt,models_9x9\best.pt,p2_win,1.0,94
1622,models_9x9\best.pt,models_9x9\checkpoints\cycle_0186.pt,models_9x9\checkpoints\cycle_0186.pt,models_9x9\best.pt,p1_win,0.0,85
1623,models_9x9\best.pt,models_9x9\checkpoints\cycle_0186.pt,models_9x9\checkpoints\cycle_0186.pt,models_9x9\best.pt,p1_win,0.0,83
1624,models_9x9\best.pt,models_9x9\checkpoints\cycle_0186.pt,models_9x9\checkpoints\cycle_0186.pt,models_9x9\best.pt,p2_win,1.0,94
1625,models_9x9\best.pt,models_9x9\checkpoints\cycle_0186.pt,models_9x9\best.pt,models_9x9\checkpoints\cycle_0186.pt,p1_win,1.0,83
1626,models_9x9\best.pt,models_9x9\checkpoints\cycle_0186.pt,models_9x9\best.pt,models_9x9\checkpoints\cycle_0186.pt,p1_win,1.0,89
1627,models_9x9\best.pt,models_9x9\checkpoints\cycle_0186.pt,models_9x9\checkpoints\cycle_0186.pt,models_9x9\best.pt,p1_win,0.0,83
1628,models_9x9\best.pt,models_9x9\checkpoints\cycle_0186.pt,models_9x9\best.pt,models_9x9\checkpoints\cycle_0186.pt,p1_win,1.0,85
1629,models_9x9\best.pt,models_9x9\checkpoints\cycle_0186.pt,models_9x9\best.pt,models_9x9\checkpoints\cycle_0186.pt,p1_win,1.0,87
1630,models_9x9\best.pt,models_9x9\checkpoints\cycle_0186.pt,models_9x9\checkpoints\cycle_0186.pt,models_9x9\best.pt,p1_win,0.0,81
1631,models_9x9\best.pt,models_9x9\checkpoints\cycle_0186.pt,models_9x9\best.pt,models_9x9\checkpoints\cycle_0186.pt,p1_win,1.0,83
1632,models_9x9\best.pt,models_9x9\checkpoints\cycle_0186.pt,models_9x9\best.pt,models_9x9\checkpoints\cycle_0186.pt,p1_win,1.0,83
1633,models_9x9\best.pt,models_9x9\checkpoints\cycle_0186.pt,models_9x9\checkpoints\cycle_0186.pt,models_9x9\best.pt,p1_win,0.0,83
1634,models_9x9\best.pt,models_9x9\checkpoints\cycle_0186.pt,models_9x9\best.pt,models_9x9\checkpoints\cycle_0186.pt,p1_win,1.0,85
1635,models_9x9\best.pt,models_9x9\checkpoints\cycle_0186.pt,models_9x9\best.pt,models_9x9\checkpoints\cycle_0186.pt,p1_win,1.0,81
1636,models_9x9\best.pt,models_9x9\checkpoints\cycle_0186.pt,models_9x9\best.pt,models_9x9\checkpoints\cycle_0186.pt,p1_win,1.0,81
1637,models_9x9\best.pt,models_9x9\checkpoints\cycle_0186.pt,models_9x9\best.pt,models_9x9\checkpoints\cycle_0186.pt,p1_win,1.0,81
1638,models_9x9\best.pt,models_9x9\checkpoints\cycle_0186.pt,models_9x9\checkpoints\cycle_0186.pt,models_9x9\best.pt,p2_win,1.0,80
1639,models_9x9\best.pt,models_9x9\checkpoints\cycle_0186.pt,models_9x9\best.pt,models_9x9\checkpoints\cycle_0186.pt,p1_win,1.0,85
1640,models_9x9\best.pt,models_9x9\checkpoints\cycle_0186.pt,models_9x9\best.pt,models_9x9\checkpoints\cycle_0186.pt,p1_win,1.0,81
1641,models_9x9\best.pt,models_9x9\checkpoints\cycle_0186.pt,models_9x9\checkpoints\cycle_0186.pt,models_9x9\best.pt,p2_win,1.0,82
1642,models_9x9\best.pt,models_9x9\checkpoints\cycle_0186.pt,models_9x9\best.pt,models_9x9\checkpoints\cycle_0186.pt,p1_win,1.0,87
1643,models_9x9\best.pt,models_9x9\checkpoints\cycle_0186.pt,models_9x9\best.pt,models_9x9\checkpoints\cycle_0186.pt,p1_win,1.0,87
1644,models_9x9\best.pt,models_9x9\checkpoints\cycle_0186.pt,models_9x9\best.pt,models_9x9\checkpoints\cycle_0186.pt,p2_win,0.0,84
1645,models_9x9\best.pt,models_9x9\checkpoints\cycle_0186.pt,models_9x9\best.pt,models_9x9\checkpoints\cycle_0186.pt,p1_win,1.0,83
1646,models_9x9\best.pt,models_9x9\checkpoints\cycle_0186.pt,models_9x9\checkpoints\cycle_0186.pt,models_9x9\best.pt,p1_win,0.0,83
1647,models_9x9\best.pt,models_9x9\checkpoints\cycle_0186.pt,models_9x9\checkpoints\cycle_0186.pt,models_9x9\best.pt,p1_win,0.0,91
1648,models_9x9\best.pt,models_9x9\checkpoints\cycle_0186.pt,models_9x9\best.pt,models_9x9\checkpoints\cycle_0186.pt,p1_win,1.0,83
1649,models_9x9\best.pt,models_9x9\checkpoints\cycle_0186.pt,models_9x9\checkpoints\cycle_0186.pt,models_9x9\best.pt,p2_win,1.0,80
1650,models_9x9\best.pt,models_9x9\checkpoints\cycle_0186.pt,models_9x9\checkpoints\cycle_0186.pt,models_9x9\best.pt,p1_win,0.0,83
1651,models_9x9\best.pt,models_9x9\checkpoints\cycle_0186.pt,models_9x9\best.pt,models_9x9\checkpoints\cycle_0186.pt,p1_win,1.0,87
1652,models_9x9\best.pt,models_9x9\checkpoints\cycle_0186.pt,models_9x9\checkpoints\cycle_0186.pt,models_9x9\best.pt,p2_win,1.0,86
1653,models_9x9\best.pt,models_9x9\checkpoints\cycle_0186.pt,models_9x9\best.pt,models_9x9\checkpoints\cycle_0186.pt,p1_win,1.0,81
1654,models_9x9\best.pt,models_9x9\checkpoints\cycle_0186.pt,models_9x9\best.pt,models_9x9\checkpoints\cycle_0186.pt,p1_win,1.0,89
1655,models_9x9\best.pt,models_9x9\checkpoints\cycle_0186.pt,models_9x9\checkpoints\cycle_0186.pt,models_9x9\best.pt,p1_win,0.0,83
1656,models_9x9\best.pt,models_9x9\checkpoints\cycle_0186.pt,models_9x9\checkpoints\cycle_0186.pt,models_9x9\best.pt,p2_win,1.0,88
1657,models_9x9\best.pt,models_9x9\checkpoints\cycle_0186.pt,models_9x9\checkpoints\cycle_0186.pt,models_9x9\best.pt,p2_win,1.0,88
1658,models_9x9\best.pt,models_9x9\checkpoints\cycle_0186.pt,models_9x9\best.pt,models_9x9\checkpoints\cycle_0186.pt,p1_win,1.0,89
1659,models_9x9\best.pt,models_9x9\checkpoints\cycle_0186.pt,models_9x9\checkpoints\cycle_0186.pt,models_9x9\best.pt,p1_win,0.0,81
1660,models_9x9\best.pt,models_9x9\checkpoints\cycle_0186.pt,models_9x9\best.pt,models_9x9\checkpoints\cycle_0186.pt,p1_win,1.0,83
1661,models_9x9\best.pt,models_9x9\checkpoints\cycle_0186.pt,models_9x9\checkpoints\cycle_0186.pt,models_9x9\best.pt,p1_win,0.0,81
1662,models_9x9\best.pt,models_9x9\checkpoints\cycle_0186.pt,models_9x9\checkpoints\cycle_0186.pt,models_9x9\best.pt,p2_win,1.0,84
1663,models_9x9\best.pt,models_9x9\checkpoints\cycle_0186.pt,models_9x9\best.pt,models_9x9\checkpoints\cycle_0186.pt,p1_win,1.0,83
1664,models_9x9\best.pt,models_9x9\checkpoints\cycle_0186.pt,models_9x9\best.pt,models_9x9\checkpoints\cycle_0186.pt,p1_win,1.0,83
1665,models_9x9\best.pt,models_9x9\checkpoints\cycle_0186.pt,models_9x9\best.pt,models_9x9\checkpoints\cycle_0186.pt,p1_win,1.0,85
1666,models_9x9\best.pt,models_9x9\checkpoints\cycle_0186.pt,models_9x9\checkpoints\cycle_0186.pt,models_9x9\best.pt,p2_win,1.0,94
1667,models_9x9\best.pt,models_9x9\checkpoints\cycle_0186.pt,models_9x9\checkpoints\cycle_0186.pt,models_9x9\best.pt,p2_win,1.0,84
1668,models_9x9\best.pt,models_9x9\checkpoints\cycle_0186.pt,models_9x9\checkpoints\cycle_0186.pt,models_9x9\best.pt,p1_win,0.0,91
1669,models_9x9\best.pt,models_9x9\checkpoints\cycle_0186.pt,models_9x9\checkpoints\cycle_0186.pt,models_9x9\best.pt,p2_win,1.0,88
1670,models_9x9\best.pt,models_9x9\checkpoints\cycle_0186.pt,models_9x9\best.pt,models_9x9\checkpoints\cycle_0186.pt,p1_win,1.0,83
1671,models_9x9\best.pt,models_9x9\checkpoints\cycle_0186.pt,models_9x9\checkpoints\cycle_0186.pt,models_9x9\best.pt,p2_win,1.0,84
1672,models_9x9\best.pt,models_9x9\checkpoints\cycle_0186.pt,models_9x9\checkpoints\cycle_0186.pt,models_9x9\best.pt,p1_win,0.0,83
1673,models_9x9\best.pt,models_9x9\checkpoints\cycle_0186.pt,models_9x9\best.pt,models_9x9\checkpoints\cycle_0186.pt,p1_win,1.0,83
1674,models_9x9\best.pt,models_9x9\checkpoints\cycle_0186.pt,models_9x9\checkpoints\cycle_0186.pt,models_9x9\best.pt,p2_win,1.0,86
1675,models_9x9\best.pt,models_9x9\checkpoints\cycle_0186.pt,models_9x9\checkpoints\cycle_0186.pt,models_9x9\best.pt,p1_win,0.0,83
1676,models_9x9\best.pt,models_9x9\checkpoints\cycle_0186.pt,models_9x9\checkpoints\cycle_0186.pt,models_9x9\best.pt,p2_win,1.0,82
1677,models_9x9\best.pt,models_9x9\checkpoints\cycle_0186.pt,models_9x9\best.pt,models_9x9\checkpoints\cycle_0186.pt,p1_win,1.0,83
1678,models_9x9\best.pt,models_9x9\checkpoints\cycle_0186.pt,models_9x9\best.pt,models_9x9\checkpoints\cycle_0186.pt,p1_win,1.0,83
1679,models_9x9\best.pt,models_9x9\checkpoints\cycle_0186.pt,models_9x9\checkpoints\cycle_0186.pt,models_9x9\best.pt,p1_win,0.0,81
1680,models_9x9\best.pt,models_9x9\checkpoints\cycle_0186.pt,models_9x9\checkpoints\cycle_0186.pt,models_9x9\best.pt,p2_win,1.0,86
1681,models_9x9\best.pt,models_9x9\checkpoints\cycle_0186.pt,models_9x9\checkpoints\cycle_0186.pt,models_9x9\best.pt,p2_win,1.0,84
1682,models_9x9\best.pt,models_9x9\checkpoints\cycle_0186.pt,models_9x9\checkpoints\cycle_0186.pt,models_9x9\best.pt,p2_win,1.0,90
1683,models_9x9\best.pt,models_9x9\checkpoints\cycle_0186.pt,models_9x9\checkpoints\cycle_0186.pt,models_9x9\best.pt,p2_win,1.0,84
1684,models_9x9\best.pt,models_9x9\checkpoints\cycle_0186.pt,models_9x9\checkpoints\cycle_0186.pt,models_9x9\best.pt,p2_win,1.0,92
1685,models_9x9\best.pt,models_9x9\checkpoints\cycle_0186.pt,models_9x9\best.pt,models_9x9\checkpoints\cycle_0186.pt,p1_win,1.0,91
1686,models_9x9\best.pt,models_9x9\checkpoints\cycle_0186.pt,models_9x9\checkpoints\cycle_0186.pt,models_9x9\best.pt,p2_win,1.0,84
1687,models_9x9\best.pt,models_9x9\checkpoints\cycle_0186.pt,models_9x9\checkpoints\cycle_0186.pt,models_9x9\best.pt,p1_win,0.0,87
1688,models_9x9\best.pt,models_9x9\checkpoints\cycle_0186.pt,models_9x9\checkpoints\cycle_0186.pt,models_9x9\best.pt,p1_win,0.0,83
1689,models_9x9\best.pt,models_9x9\checkpoints\cycle_0186.pt,models_9x9\checkpoints\cycle_0186.pt,models_9x9\best.pt,p2_win,1.0,88
1690,models_9x9\best.pt,models_9x9\checkpoints\cycle_0186.pt,models_9x9\checkpoints\cycle_0186.pt,models_9x9\best.pt,p2_win,1.0,86
1691,models_9x9\best.pt,models_9x9\checkpoints\cycle_0186.pt,models_9x9\checkpoints\cycle_0186.pt,models_9x9\best.pt,p2_win,1.0,90
1692,models_9x9\best.pt,models_9x9\checkpoints\cycle_0186.pt,models_9x9\best.pt,models_9x9\checkpoints\cycle_0186.pt,p1_win,1.0,85
1693,models_9x9\best.pt,models_9x9\checkpoints\cycle_0186.pt,models_9x9\checkpoints\cycle_0186.pt,models_9x9\best.pt,p2_win,1.0,88
1694,models_9x9\best.pt,models_9x9\checkpoints\cycle_0186.pt,models_9x9\checkpoints\cycle_0186.pt,models_9x9\best.pt,p2_win,1.0,82
1695,models_9x9\best.pt,models_9x9\checkpoints\cycle_0186.pt,models_9x9\checkpoints\cycle_0186.pt,models_9x9\best.pt,p2_win,1.0,84
1696,models_9x9\best.pt,models_9x9\checkpoints\cycle_0186.pt,models_9x9\best.pt,models_9x9\checkpoints\cycle_0186.pt,p1_win,1.0,85
1697,models_9x9\best.pt,models_9x9\checkpoints\cycle_0186.pt,models_9x9\best.pt,models_9x9\checkpoints\cycle_0186.pt,p1_win,1.0,89
1698,models_9x9\best.pt,models_9x9\checkpoints\cycle_0186.pt,models_9x9\best.pt,models_9x9\checkpoints\cycle_0186.pt,p1_win,1.0,87
1699,models_9x9\best.pt,models_9x9\checkpoints\cycle_0186.pt,models_9x9\best.pt,models_9x9\checkpoints\cycle_0186.pt,p1_win,1.0,81
1700,models_9x9\best.pt,models_9x9\checkpoints\cycle_0186.pt,models_9x9\checkpoints\cycle_0186.pt,models_9x9\best.pt,p2_win,1.0,84
1701,models_9x9\best.pt,models_9x9\checkpoints\cycle_0186.pt,models_9x9\best.pt,models_9x9\checkpoints\cycle_0186.pt,p1_win,1.0,85
1702,models_9x9\best.pt,models_9x9\checkpoints\cycle_0186.pt,models_9x9\checkpoints\cycle_0186.pt,models_9x9\best.pt,draw,0.5,85
1703,models_9x9\best.pt,models_9x9\checkpoints\cycle_0186.pt,models_9x9\checkpoints\cycle_0186.pt,models_9x9\best.pt,p1_win,0.0,93
1704,models_9x9\best.pt,models_9x9\checkpoints\cycle_0186.pt,models_9x9\best.pt,models_9x9\checkpoints\cycle_0186.pt,p1_win,1.0,87
1705,models_9x9\best.pt,models_9x9\checkpoints\cycle_0186.pt,models_9x9\checkpoints\cycle_0186.pt,models_9x9\best.pt,p1_win,0.0,87
1706,models_9x9\best.pt,models_9x9\checkpoints\cycle_0186.pt,models_9x9\checkpoints\cycle_0186.pt,models_9x9\best.pt,p2_win,1.0,86
1707,models_9x9\best.pt,models_9x9\checkpoints\cycle_0186.pt,models_9x9\checkpoints\cycle_0186.pt,models_9x9\best.pt,p2_win,1.0,84
1708,models_9x9\best.pt,models_9x9\checkpoints\cycle_0186.pt,models_9x9\best.pt,models_9x9\checkpoints\cycle_0186.pt,p1_win,1.0,83
1709,models_9x9\best.pt,models_9x9\checkpoints\cycle_0186.pt,models_9x9\checkpoints\cycle_0186.pt,models_9x9\best.pt,p2_win,1.0,86
1710,models_9x9\best.pt,models_9x9\checkpoints\cycle_0186.pt,models_9x9\best.pt,models_9x9\checkpoints\cycle_0186.pt,p1_win,1.0,87
1711,models_9x9\best.pt,models_9x9\checkpoints\cycle_0186.pt,models_9x9\best.pt,models_9x9\checkpoints\cycle_0186.pt,p1_win,1.0,87
1712,models_9x9\best.pt,models_9x9\checkpoints\cycle_0186.pt,models_9x9\checkpoints\cycle_0186.pt,models_9x9\best.pt,p1_win,0.0,85
1713,models_9x9\best.pt,models_9x9\checkpoints\cycle_0186.pt,models_9x9\checkpoints\cycle_0186.pt,models_9x9\best.pt,p1_win,0.0,87
1714,models_9x9\best.pt,models_9x9\checkpoints\cycle_0186.pt,models_9x9\checkpoints\cycle_0186.pt,models_9x9\best.pt,p1_win,0.0,87
1715,models_9x9\best.pt,models_9x9\checkpoints\cycle_0186.pt,models_9x9\checkpoints\cycle_0186.pt,models_9x9\best.pt,p2_win,1.0,88
1716,models_9x9\best.pt,models_9x9\checkpoints\cycle_0186.pt,models_9x9\best.pt,models_9x9\checkpoints\cycle_0186.pt,p1_win,1.0,83
1717,models_9x9\best.pt,models_9x9\checkpoints\cycle_0186.pt,models_9x9\checkpoints\cycle_0186.pt,models_9x9\best.pt,p2_win,1.0,96
1718,models_9x9\best.pt,models_9x9\checkpoints\cycle_0186.pt,models_9x9\checkpoints\cycle_0186.pt,models_9x9\best.pt,p2_win,1.0,90
1719,models_9x9\best.pt,models_9x9\checkpoints\cycle_0186.pt,models_9x9\best.pt,models_9x9\checkpoints\cycle_0186.pt,p1_win,1.0,83
1720,models_9x9\best.pt,models_9x9\checkpoints\cycle_0186.pt,models_9x9\checkpoints\cycle_0186.pt,models_9x9\best.pt,p2_win,1.0,94
1721,models_9x9\best.pt,models_9x9\checkpoints\cycle_0186.pt,models_9x9\checkpoints\cycle_0186.pt,models_9x9\best.pt,p2_win,1.0,84
1722,models_9x9\best.pt,models_9x9\checkpoints\cycle_0186.pt,models_9x9\checkpoints\cycle_0186.pt,models_9x9\best.pt,p2_win,1.0,92
1723,models_9x9\best.pt,models_9x9\checkpoints\cycle_0186.pt,models_9x9\checkpoints\cycle_0186.pt,models_9x9\best.pt,p1_win,0.0,91
1724,models_9x9\best.pt,models_9x9\checkpoints\cycle_0186.pt,models_9x9\best.pt,models_9x9\checkpoints\cycle_0186.pt,p1_win,1.0,87
1725,models_9x9\best.pt,models_9x9\checkpoints\cycle_0186.pt,models_9x9\checkpoints\cycle_0186.pt,models_9x9\best.pt,p1_win,0.0,91
1726,models_9x9\best.pt,models_9x9\checkpoints\cycle_0186.pt,models_9x9\best.pt,models_9x9\checkpoints\cycle_0186.pt,p1_win,1.0,87
1727,models_9x9\best.pt,models_9x9\checkpoints\cycle_0186.pt,models_9x9\best.pt,models_9x9\checkpoints\cycle_0186.pt,p1_win,1.0,89
1728,models_9x9\best.pt,models_9x9\checkpoints\cycle_0186.pt,models_9x9\checkpoints\cycle_0186.pt,models_9x9\best.pt,p2_win,1.0,84
1729,models_9x9\best.pt,models_9x9\checkpoints\cycle_0186.pt,models_9x9\best.pt,models_9x9\checkpoints\cycle_0186.pt,p1_win,1.0,87
1730,models_9x9\best.pt,models_9x9\checkpoints\cycle_0186.pt,models_9x9\best.pt,models_9x9\checkpoints\cycle_0186.pt,p1_win,1.0,87
1731,models_9x9\best.pt,models_9x9\checkpoints\cycle_0186.pt,models_9x9\checkpoints\cycle_0186.pt,models_9x9\best.pt,p2_win,1.0,88
1732,models_9x9\best.pt,models_9x9\checkpoints\cycle_0186.pt,models_9x9\best.pt,models_9x9\checkpoints\cycle_0186.pt,p1_win,1.0,95
1733,models_9x9\best.pt,models_9x9\checkpoints\cycle_0186.pt,models_9x9\best.pt,models_9x9\checkpoints\cycle_0186.pt,p1_win,1.0,87
1734,models_9x9\best.pt,models_9x9\checkpoints\cycle_0186.pt,models_9x9\best.pt,models_9x9\checkpoints\cycle_0186.pt,p1_win,1.0,89
1735,models_9x9\best.pt,models_9x9\checkpoints\cycle_0186.pt,models_9x9\checkpoints\cycle_0186.pt,models_9x9\best.pt,p2_win,1.0,84
1736,models_9x9\best.pt,models_9x9\checkpoints\cycle_0186.pt,models_9x9\checkpoints\cycle_0186.pt,models_9x9\best.pt,p2_win,1.0,84
1737,models_9x9\best.pt,models_9x9\checkpoints\cycle_0186.pt,models_9x9\checkpoints\cycle_0186.pt,models_9x9\best.pt,p2_win,1.0,94
1738,models_9x9\best.pt,models_9x9\checkpoints\cycle_0186.pt,models_9x9\checkpoints\cycle_0186.pt,models_9x9\best.pt,p1_win,0.0,87
1739,models_9x9\best.pt,models_9x9\checkpoints\cycle_0186.pt,models_9x9\best.pt,models_9x9\checkpoints\cycle_0186.pt,p1_win,1.0,83
1740,models_9x9\best.pt,models_9x9\checkpoints\cycle_0186.pt,models_9x9\checkpoints\cycle_0186.pt,models_9x9\best.pt,p2_win,1.0,92
1741,models_9x9\best.pt,models_9x9\checkpoints\cycle_0186.pt,models_9x9\checkpoints\cycle_0186.pt,models_9x9\best.pt,p2_win,1.0,96
1742,models_9x9\best.pt,models_9x9\checkpoints\cycle_0186.pt,models_9x9\best.pt,models_9x9\checkpoints\cycle_0186.pt,p1_win,1.0,85
1743,models_9x9\best.pt,models_9x9\checkpoints\cycle_0186.pt,models_9x9\best.pt,models_9x9\checkpoints\cycle_0186.pt,p1_win,1.0,85
1744,models_9x9\best.pt,models_9x9\checkpoints\cycle_0186.pt,models_9x9\best.pt,models_9x9\checkpoints\cycle_0186.pt,p1_win,1.0,87
1745,models_9x9\best.pt,models_9x9\checkpoints\cycle_0186.pt,models_9x9\checkpoints\cycle_0186.pt,models_9x9\best.pt,p1_win,0.0,97
1746,models_9x9\best.pt,models_9x9\checkpoints\cycle_0186.pt,models_9x9\best.pt,models_9x9\checkpoints\cycle_0186.pt,p1_win,1.0,87
1747,models_9x9\best.pt,models_9x9\checkpoints\cycle_0186.pt,models_9x9\checkpoints\cycle_0186.pt,models_9x9\best.pt,p2_win,1.0,92
1748,models_9x9\best.pt,models_9x9\checkpoints\cycle_0186.pt,models_9x9\best.pt,models_9x9\checkpoints\cycle_0186.pt,p1_win,1.0,87
1749,models_9x9\best.pt,models_9x9\checkpoints\cycle_0186.pt,models_9x9\checkpoints\cycle_0186.pt,models_9x9\best.pt,p1_win,0.0,83
1750,models_9x9\best.pt,models_9x9\checkpoints\cycle_0186.pt,models_9x9\best.pt,models_9x9\checkpoints\cycle_0186.pt,p1_win,1.0,85
1751,models_9x9\best.pt,models_9x9\checkpoints\cycle_0186.pt,models_9x9\best.pt,models_9x9\checkpoints\cycle_0186.pt,p1_win,1.0,85
1752,models_9x9\best.pt,models_9x9\checkpoints\cycle_0186.pt,models_9x9\checkpoints\cycle_0186.pt,models_9x9\best.pt,p1_win,0.0,85
1753,models_9x9\best.pt,models_9x9\checkpoints\cycle_0186.pt,models_9x9\checkpoints\cycle_0186.pt,models_9x9\best.pt,p2_win,1.0,92
1754,models_9x9\best.pt,models_9x9\checkpoints\cycle_0186.pt,models_9x9\checkpoints\cycle_0186.pt,models_9x9\best.pt,p2_win,1.0,86
1755,models_9x9\best.pt,models_9x9\checkpoints\cycle_0186.pt,models_9x9\checkpoints\cycle_0186.pt,models_9x9\best.pt,p2_win,1.0,92
1756,models_9x9\best.pt,models_9x9\checkpoints\cycle_0186.pt,models_9x9\checkpoints\cycle_0186.pt,models_9x9\best.pt,p2_win,1.0,92
1757,models_9x9\best.pt,models_9x9\checkpoints\cycle_0186.pt,models_9x9\checkpoints\cycle_0186.pt,models_9x9\best.pt,p1_win,0.0,91
1758,models_9x9\best.pt,models_9x9\checkpoints\cycle_0186.pt,models_9x9\checkpoints\cycle_0186.pt,models_9x9\best.pt,p2_win,1.0,92
1759,models_9x9\best.pt,models_9x9\checkpoints\cycle_0186.pt,models_9x9\best.pt,models_9x9\checkpoints\cycle_0186.pt,p1_win,1.0,85
1760,models_9x9\best.pt,models_9x9\checkpoints\cycle_0186.pt,models_9x9\best.pt,models_9x9\checkpoints\cycle_0186.pt,p1_win,1.0,95
1761,models_9x9\best.pt,models_9x9\checkpoints\cycle_0186.pt,models_9x9\checkpoints\cycle_0186.pt,models_9x9\best.pt,p2_win,1.0,92
1762,models_9x9\best.pt,models_9x9\checkpoints\cycle_0186.pt,models_9x9\checkpoints\cycle_0186.pt,models_9x9\best.pt,p1_win,0.0,89
1763,models_9x9\best.pt,models_9x9\checkpoints\cycle_0186.pt,models_9x9\checkpoints\cycle_0186.pt,models_9x9\best.pt,p2_win,1.0,92
1764,models_9x9\best.pt,models_9x9\checkpoints\cycle_0186.pt,models_9x9\checkpoints\cycle_0186.pt,models_9x9\best.pt,p2_win,1.0,92
1765,models_9x9\best.pt,models_9x9\checkpoints\cycle_0186.pt,models_9x9\checkpoints\cycle_0186.pt,models_9x9\best.pt,p2_win,1.0,88
1766,models_9x9\best.pt,models_9x9\checkpoints\cycle_0186.pt,models_9x9\checkpoints\cycle_0186.pt,models_9x9\best.pt,p1_win,0.0,103
1767,models_9x9\best.pt,models_9x9\checkpoints\cycle_0186.pt,models_9x9\best.pt,models_9x9\checkpoints\cycle_0186.pt,p1_win,1.0,85
1768,models_9x9\best.pt,models_9x9\checkpoints\cycle_0186.pt,models_9x9\checkpoints\cycle_0186.pt,models_9x9\best.pt,p1_win,0.0,85
1769,models_9x9\best.pt,models_9x9\checkpoints\cycle_0186.pt,models_9x9\checkpoints\cycle_0186.pt,models_9x9\best.pt,p1_win,0.0,95
1770,models_9x9\best.pt,models_9x9\checkpoints\cycle_0186.pt,models_9x9\checkpoints\cycle_0186.pt,models_9x9\best.pt,p2_win,1.0,94
1771,models_9x9\best.pt,models_9x9\checkpoints\cycle_0186.pt,models_9x9\best.pt,models_9x9\checkpoints\cycle_0186.pt,p1_win,1.0,85
1772,models_9x9\best.pt,models_9x9\checkpoints\cycle_0186.pt,models_9x9\best.pt,models_9x9\checkpoints\cycle_0186.pt,p1_win,1.0,85
1773,models_9x9\best.pt,models_9x9\checkpoints\cycle_0186.pt,models_9x9\checkpoints\cycle_0186.pt,models_9x9\best.pt,p2_win,1.0,94
1774,models_9x9\best.pt,models_9x9\checkpoints\cycle_0186.pt,models_9x9\checkpoints\cycle_0186.pt,models_9x9\best.pt,p2_win,1.0,88
1775,models_9x9\best.pt,models_9x9\checkpoints\cycle_0186.pt,models_9x9\checkpoints\cycle_0186.pt,models_9x9\best.pt,p2_win,1.0,92
1776,models_9x9\best.pt,models_9x9\checkpoints\cycle_0186.pt,models_9x9\best.pt,models_9x9\checkpoints\cycle_0186.pt,p1_win,1.0,87
1777,models_9x9\best.pt,models_9x9\checkpoints\cycle_0186.pt,models_9x9\best.pt,models_9x9\checkpoints\cycle_0186.pt,p1_win,1.0,87
1778,models_9x9\best.pt,models_9x9\checkpoints\cycle_0186.pt,models_9x9\checkpoints\cycle_0186.pt,models_9x9\best.pt,p2_win,1.0,88
1779,models_9x9\best.pt,models_9x9\checkpoints\cycle_0186.pt,models_9x9\checkpoints\cycle_0186.pt,models_9x9\best.pt,p1_win,0.0,91
1780,models_9x9\best.pt,models_9x9\checkpoints\cycle_0186.pt,models_9x9\checkpoints\cycle_0186.pt,models_9x9\best.pt,p2_win,1.0,84
1781,models_9x9\best.pt,models_9x9\checkpoints\cycle_0186.pt,models_9x9\checkpoints\cycle_0186.pt,models_9x9\best.pt,p2_win,1.0,86
1782,models_9x9\best.pt,models_9x9\checkpoints\cycle_0186.pt,models_9x9\checkpoints\cycle_0186.pt,models_9x9\best.pt,p2_win,1.0,86
1783,models_9x9\best.pt,models_9x9\checkpoints\cycle_0186.pt,models_9x9\best.pt,models_9x9\checkpoints\cycle_0186.pt,p1_win,1.0,87
1784,models_9x9\best.pt,models_9x9\checkpoints\cycle_0186.pt,models_9x9\checkpoints\cycle_0186.pt,models_9x9\best.pt,p1_win,0.0,91
1785,models_9x9\best.pt,models_9x9\checkpoints\cycle_0186.pt,models_9x9\checkpoints\cycle_0186.pt,models_9x9\best.pt,p1_win,0.0,87
1786,models_9x9\best.pt,models_9x9\checkpoints\cycle_0186.pt,models_9x9\checkpoints\cycle_0186.pt,models_9x9\best.pt,p2_win,1.0,88
1787,models_9x9\best.pt,models_9x9\checkpoints\cycle_0186.pt,models_9x9\best.pt,models_9x9\checkpoints\cycle_0186.pt,p1_win,1.0,87
1788,models_9x9\best.pt,models_9x9\checkpoints\cycle_0186.pt,models_9x9\best.pt,models_9x9\checkpoints\cycle_0186.pt,p2_win,0.0,88
1789,models_9x9\best.pt,models_9x9\checkpoints\cycle_0186.pt,models_9x9\best.pt,models_9x9\checkpoints\cycle_0186.pt,p1_win,1.0,91
1790,models_9x9\best.pt,models_9x9\checkpoints\cycle_0186.pt,models_9x9\checkpoints\cycle_0186.pt,models_9x9\best.pt,p2_win,1.0,88
1791,models_9x9\best.pt,models_9x9\checkpoints\cycle_0186.pt,models_9x9\checkpoints\cycle_0186.pt,models_9x9\best.pt,p2_win,1.0,96
1792,models_9x9\best.pt,models_9x9\checkpoints\cycle_0186.pt,models_9x9\checkpoints\cycle_0186.pt,models_9x9\best.pt,p2_win,1.0,92
1793,models_9x9\best.pt,models_9x9\checkpoints\cycle_0186.pt,models_9x9\checkpoints\cycle_0186.pt,models_9x9\best.pt,p2_win,1.0,86
1794,models_9x9\best.pt,models_9x9\checkpoints\cycle_0186.pt,models_9x9\best.pt,models_9x9\checkpoints\cycle_0186.pt,p1_win,1.0,91
1795,models_9x9\best.pt,models_9x9\checkpoints\cycle_0186.pt,models_9x9\best.pt,models_9x9\checkpoints\cycle_0186.pt,p1_win,1.0,93
1796,models_9x9\best.pt,models_9x9\checkpoints\cycle_0186.pt,models_9x9\checkpoints\cycle_0186.pt,models_9x9\best.pt,p1_win,0.0,89
1797,models_9x9\best.pt,models_9x9\checkpoints\cycle_0186.pt,models_9x9\best.pt,models_9x9\checkpoints\cycle_0186.pt,p1_win,1.0,87
1798,models_9x9\best.pt,models_9x9\checkpoints\cycle_0186.pt,models_9x9\checkpoints\cycle_0186.pt,models_9x9\best.pt,p2_win,1.0,88
1799,models_9x9\best.pt,models_9x9\checkpoints\cycle_0186.pt,models_9x9\best.pt,models_9x9\checkpoints\cycle_0186.pt,p1_win,1.0,89
1800,models_9x9\best.pt,models_9x9\checkpoints\cycle_0186.pt,models_9x9\checkpoints\cycle_0186.pt,models_9x9\best.pt,p1_win,0.0,87
1801,models_9x9\best.pt,models_9x9\checkpoints\cycle_0186.pt,models_9x9\checkpoints\cycle_0186.pt,models_9x9\best.pt,p1_win,0.0,93
1802,models_9x9\best.pt,models_9x9\checkpoints\cycle_0186.pt,models_9x9\checkpoints\cycle_0186.pt,models_9x9\best.pt,p2_win,1.0,92
1803,models_9x9\best.pt,models_9x9\checkpoints\cycle_0186.pt,models_9x9\checkpoints\cycle_0186.pt,models_9x9\best.pt,p1_win,0.0,87
1804,models_9x9\best.pt,models_9x9\checkpoints\cycle_0186.pt,models_9x9\checkpoints\cycle_0186.pt,models_9x9\best.pt,p1_win,0.0,91
1805,models_9x9\best.pt,models_9x9\checkpoints\cycle_0186.pt,models_9x9\best.pt,models_9x9\checkpoints\cycle_0186.pt,p1_win,1.0,87
1806,models_9x9\best.pt,models_9x9\checkpoints\cycle_0186.pt,models_9x9\best.pt,models_9x9\checkpoints\cycle_0186.pt,p1_win,1.0,95
1807,models_9x9\best.pt,models_9x9\checkpoints\cycle_0186.pt,models_9x9\best.pt,models_9x9\checkpoints\cycle_0186.pt,p1_win,1.0,91
1808,models_9x9\best.pt,models_9x9\checkpoints\cycle_0186.pt,models_9x9\checkpoints\cycle_0186.pt,models_9x9\best.pt,p2_win,1.0,90
1809,models_9x9\best.pt,models_9x9\checkpoints\cycle_0186.pt,models_9x9\checkpoints\cycle_0186.pt,models_9x9\best.pt,p2_win,1.0,96
1810,models_9x9\best.pt,models_9x9\checkpoints\cycle_0186.pt,models_9x9\checkpoints\cycle_0186.pt,models_9x9\best.pt,p2_win,1.0,96
1811,models_9x9\best.pt,models_9x9\checkpoints\cycle_0186.pt,models_9x9\checkpoints\cycle_0186.pt,models_9x9\best.pt,p2_win,1.0,86
1812,models_9x9\best.pt,models_9x9\checkpoints\cycle_0186.pt,models_9x9\checkpoints\cycle_0186.pt,models_9x9\best.pt,p2_win,1.0,88
1813,models_9x9\best.pt,models_9x9\checkpoints\cycle_0186.pt,models_9x9\best.pt,models_9x9\checkpoints\cycle_0186.pt,p1_win,1.0,89
1814,models_9x9\best.pt,models_9x9\checkpoints\cycle_0186.pt,models_9x9\best.pt,models_9x9\checkpoints\cycle_0186.pt,p1_win,1.0,93
1815,models_9x9\best.pt,models_9x9\checkpoints\cycle_0186.pt,models_9x9\checkpoints\cycle_0186.pt,models_9x9\best.pt,p1_win,0.0,91
1816,models_9x9\best.pt,models_9x9\checkpoints\cycle_0186.pt,models_9x9\checkpoints\cycle_0186.pt,models_9x9\best.pt,p1_win,0.0,91
1817,models_9x9\best.pt,models_9x9\checkpoints\cycle_0186.pt,models_9x9\best.pt,models_9x9\checkpoints\cycle_0186.pt,p1_win,1.0,89
1818,models_9x9\best.pt,models_9x9\checkpoints\cycle_0186.pt,models_9x9\checkpoints\cycle_0186.pt,models_9x9\best.pt,p2_win,1.0,94
1819,models_9x9\best.pt,models_9x9\checkpoints\cycle_0186.pt,models_9x9\checkpoints\cycle_0186.pt,models_9x9\best.pt,p2_win,1.0,92
1820,models_9x9\best.pt,models_9x9\checkpoints\cycle_0186.pt,models_9x9\best.pt,models_9x9\checkpoints\cycle_0186.pt,p1_win,1.0,87
1821,models_9x9\best.pt,models_9x9\checkpoints\cycle_0186.pt,models_9x9\best.pt,models_9x9\checkpoints\cycle_0186.pt,p1_win,1.0,95
1822,models_9x9\best.pt,models_9x9\checkpoints\cycle_0186.pt,models_9x9\checkpoints\cycle_0186.pt,models_9x9\best.pt,p2_win,1.0,90
1823,models_9x9\best.pt,models_9x9\checkpoints\cycle_0186.pt,models_9x9\best.pt,models_9x9\checkpoints\cycle_0186.pt,p1_win,1.0,91
1824,models_9x9\best.pt,models_9x9\checkpoints\cycle_0186.pt,models_9x9\checkpoints\cycle_0186.pt,models_9x9\best.pt,p2_win,1.0,88
1825,models_9x9\best.pt,models_9x9\checkpoints\cycle_0186.pt,models_9x9\best.pt,models_9x9\checkpoints\cycle_0186.pt,p1_win,1.0,89
1826,models_9x9\best.pt,models_9x9\checkpoints\cycle_0186.pt,models_9x9\best.pt,models_9x9\checkpoints\cycle_0186.pt,p1_win,1.0,91
1827,models_9x9\best.pt,models_9x9\checkpoints\cycle_0186.pt,models_9x9\best.pt,models_9x9\checkpoints\cycle_0186.pt,p1_win,1.0,91
1828,models_9x9\best.pt,models_9x9\checkpoints\cycle_0186.pt,models_9x9\checkpoints\cycle_0186.pt,models_9x9\best.pt,p2_win,1.0,102
1829,models_9x9\best.pt,models_9x9\checkpoints\cycle_0186.pt,models_9x9\checkpoints\cycle_0186.pt,models_9x9\best.pt,p2_win,1.0,94
1830,models_9x9\best.pt,models_9x9\checkpoints\cycle_0186.pt,models_9x9\checkpoints\cycle_0186.pt,models_9x9\best.pt,p2_win,1.0,92
1831,models_9x9\best.pt,models_9x9\checkpoints\cycle_0186.pt,models_9x9\best.pt,models_9x9\checkpoints\cycle_0186.pt,p2_win,0.0,94
1832,models_9x9\best.pt,models_9x9\checkpoints\cycle_0186.pt,models_9x9\checkpoints\cycle_0186.pt,models_9x9\best.pt,p1_win,0.0,99
1833,models_9x9\best.pt,models_9x9\checkpoints\cycle_0186.pt,models_9x9\checkpoints\cycle_0186.pt,models_9x9\best.pt,p1_win,0.0,91
1834,models_9x9\best.pt,models_9x9\checkpoints\cycle_0186.pt,models_9x9\checkpoints\cycle_0186.pt,models_9x9\best.pt,p1_win,0.0,91
1835,models_9x9\best.pt,models_9x9\checkpoints\cycle_0186.pt,models_9x9\checkpoints\cycle_0186.pt,models_9x9\best.pt,p2_win,1.0,90
1836,models_9x9\best.pt,models_9x9\checkpoints\cycle_0186.pt,models_9x9\checkpoints\cycle_0186.pt,models_9x9\best.pt,p2_win,1.0,88
1837,models_9x9\best.pt,models_9x9\checkpoints\cycle_0186.pt,models_9x9\checkpoints\cycle_0186.pt,models_9x9\best.pt,p2_win,1.0,88
1838,models_9x9\best.pt,models_9x9\checkpoints\cycle_0186.pt,models_9x9\checkpoints\cycle_0186.pt,models_9x9\best.pt,p2_win,1.0,92
1839,models_9x9\best.pt,models_9x9\checkpoints\cycle_0186.pt,models_9x9\checkpoints\cycle_0186.pt,models_9x9\best.pt,p1_win,0.0,93
1840,models_9x9\best.pt,models_9x9\checkpoints\cycle_0186.pt,models_9x9\checkpoints\cycle_0186.pt,models_9x9\best.pt,p2_win,1.0,92
1841,models_9x9\best.pt,models_9x9\checkpoints\cycle_0186.pt,models_9x9\checkpoints\cycle_0186.pt,models_9x9\best.pt,p1_win,0.0,99
1842,models_9x9\best.pt,models_9x9\checkpoints\cycle_0186.pt,models_9x9\best.pt,models_9x9\checkpoints\cycle_0186.pt,p1_win,1.0,91
1843,models_9x9\best.pt,models_9x9\checkpoints\cycle_0186.pt,models_9x9\checkpoints\cycle_0186.pt,models_9x9\best.pt,p1_win,0.0,91
1844,models_9x9\best.pt,models_9x9\checkpoints\cycle_0186.pt,models_9x9\checkpoints\cycle_0186.pt,models_9x9\best.pt,p1_win,0.0,87
1845,models_9x9\best.pt,models_9x9\checkpoints\cycle_0186.pt,models_9x9\checkpoints\cycle_0186.pt,models_9x9\best.pt,p2_win,1.0,90
1846,models_9x9\best.pt,models_9x9\checkpoints\cycle_0186.pt,models_9x9\best.pt,models_9x9\checkpoints\cycle_0186.pt,p1_win,1.0,87
1847,models_9x9\best.pt,models_9x9\checkpoints\cycle_0186.pt,models_9x9\checkpoints\cycle_0186.pt,models_9x9\best.pt,p2_win,1.0,88
1848,models_9x9\best.pt,models_9x9\checkpoints\cycle_0186.pt,models_9x9\checkpoints\cycle_0186.pt,models_9x9\best.pt,p2_win,1.0,88
1849,models_9x9\best.pt,models_9x9\checkpoints\cycle_0186.pt,models_9x9\checkpoints\cycle_0186.pt,models_9x9\best.pt,p1_win,0.0,95
1850,models_9x9\best.pt,models_9x9\checkpoints\cycle_0186.pt,models_9x9\checkpoints\cycle_0186.pt,models_9x9\best.pt,p1_win,0.0,91
1851,models_9x9\best.pt,models_9x9\checkpoints\cycle_0186.pt,models_9x9\checkpoints\cycle_0186.pt,models_9x9\best.pt,p2_win,1.0,88
1852,models_9x9\best.pt,models_9x9\checkpoints\cycle_0186.pt,models_9x9\checkpoints\cycle_0186.pt,models_9x9\best.pt,p1_win,0.0,93
1853,models_9x9\best.pt,models_9x9\checkpoints\cycle_0186.pt,models_9x9\checkpoints\cycle_0186.pt,models_9x9\best.pt,p1_win,0.0,103
1854,models_9x9\best.pt,models_9x9\checkpoints\cycle_0186.pt,models_9x9\checkpoints\cycle_0186.pt,models_9x9\best.pt,p2_win,1.0,104
1855,models_9x9\best.pt,models_9x9\checkpoints\cycle_0186.pt,models_9x9\checkpoints\cycle_0186.pt,models_9x9\best.pt,p2_win,1.0,96
1856,models_9x9\best.pt,models_9x9\checkpoints\cycle_0186.pt,models_9x9\checkpoints\cycle_0186.pt,models_9x9\best.pt,p2_win,1.0,90
1857,models_9x9\best.pt,models_9x9\checkpoints\cycle_0186.pt,models_9x9\checkpoints\cycle_0186.pt,models_9x9\best.pt,p1_win,0.0,97
1858,models_9x9\best.pt,models_9x9\checkpoints\cycle_0186.pt,models_9x9\checkpoints\cycle_0186.pt,models_9x9\best.pt,p2_win,1.0,90
1859,models_9x9\best.pt,models_9x9\checkpoints\cycle_0186.pt,models_9x9\checkpoints\cycle_0186.pt,models_9x9\best.pt,p2_win,1.0,88
1860,models_9x9\best.pt,models_9x9\checkpoints\cycle_0186.pt,models_9x9\checkpoints\cycle_0186.pt,models_9x9\best.pt,p1_win,0.0,91
1861,models_9x9\best.pt,models_9x9\checkpoints\cycle_0186.pt,models_9x9\checkpoints\cycle_0186.pt,models_9x9\best.pt,p2_win,1.0,92
1862,models_9x9\best.pt,models_9x9\checkpoints\cycle_0186.pt,models_9x9\best.pt,models_9x9\checkpoints\cycle_0186.pt,p1_win,1.0,91
1863,models_9x9\best.pt,models_9x9\checkpoints\cycle_0186.pt,models_9x9\checkpoints\cycle_0186.pt,models_9x9\best.pt,p2_win,1.0,92
1864,models_9x9\best.pt,models_9x9\checkpoints\cycle_0186.pt,models_9x9\best.pt,models_9x9\checkpoints\cycle_0186.pt,p1_win,1.0,93
1865,models_9x9\best.pt,models_9x9\checkpoints\cycle_0186.pt,models_9x9\best.pt,models_9x9\checkpoints\cycle_0186.pt,p1_win,1.0,91
1866,models_9x9\best.pt,models_9x9\checkpoints\cycle_0186.pt,models_9x9\checkpoints\cycle_0186.pt,models_9x9\best.pt,p2_win,1.0,92
1867,models_9x9\best.pt,models_9x9\checkpoints\cycle_0186.pt,models_9x9\checkpoints\cycle_0186.pt,models_9x9\best.pt,p2_win,1.0,90
1868,models_9x9\best.pt,models_9x9\checkpoints\cycle_0186.pt,models_9x9\best.pt,models_9x9\checkpoints\cycle_0186.pt,p1_win,1.0,93
1869,models_9x9\best.pt,models_9x9\checkpoints\cycle_0186.pt,models_9x9\checkpoints\cycle_0186.pt,models_9x9\best.pt,p1_win,0.0,97
1870,models_9x9\best.pt,models_9x9\checkpoints\cycle_0186.pt,models_9x9\checkpoints\cycle_0186.pt,models_9x9\best.pt,p2_win,1.0,96
1871,models_9x9\best.pt,models_9x9\checkpoints\cycle_0186.pt,models_9x9\checkpoints\cycle_0186.pt,models_9x9\best.pt,p2_win,1.0,88
1872,models_9x9\best.pt,models_9x9\checkpoints\cycle_0186.pt,models_9x9\checkpoints\cycle_0186.pt,models_9x9\best.pt,p2_win,1.0,94
1873,models_9x9\best.pt,models_9x9\checkpoints\cycle_0186.pt,models_9x9\checkpoints\cycle_0186.pt,models_9x9\best.pt,p2_win,1.0,90
1874,models_9x9\best.pt,models_9x9\checkpoints\cycle_0186.pt,models_9x9\best.pt,models_9x9\checkpoints\cycle_0186.pt,p1_win,1.0,95
1875,models_9x9\best.pt,models_9x9\checkpoints\cycle_0186.pt,models_9x9\checkpoints\cycle_0186.pt,models_9x9\best.pt,p1_win,0.0,91
1876,models_9x9\best.pt,models_9x9\checkpoints\cycle_0186.pt,models_9x9\best.pt,models_9x9\checkpoints\cycle_0186.pt,p1_win,1.0,93
1877,models_9x9\best.pt,models_9x9\checkpoints\cycle_0186.pt,models_9x9\checkpoints\cycle_0186.pt,models_9x9\best.pt,p2_win,1.0,94
1878,models_9x9\best.pt,models_9x9\checkpoints\cycle_0186.pt,models_9x9\best.pt,models_9x9\checkpoints\cycle_0186.pt,p1_win,1.0,93
1879,models_9x9\best.pt,models_9x9\checkpoints\cycle_0186.pt,models_9x9\checkpoints\cycle_0186.pt,models_9x9\best.pt,p2_win,1.0,92
1880,models_9x9\best.pt,models_9x9\checkpoints\cycle_0186.pt,models_9x9\checkpoints\cycle_0186.pt,models_9x9\best.pt,p1_win,0.0,101
1881,models_9x9\best.pt,models_9x9\checkpoints\cycle_0186.pt,models_9x9\best.pt,models_9x9\checkpoints\cycle_0186.pt,p1_win,1.0,95
1882,models_9x9\best.pt,models_9x9\checkpoints\cycle_0186.pt,models_9x9\best.pt,models_9x9\checkpoints\cycle_0186.pt,p1_win,1.0,95
1883,models_9x9\best.pt,models_9x9\checkpoints\cycle_0186.pt,models_9x9\checkpoints\cycle_0186.pt,models_9x9\best.pt,p1_win,0.0,103
1884,models_9x9\best.pt,models_9x9\checkpoints\cycle_0186.pt,models_9x9\checkpoints\cycle_0186.pt,models_9x9\best.pt,p1_win,0.0,93
1885,models_9x9\best.pt,models_9x9\checkpoints\cycle_0186.pt,models_9x9\checkpoints\cycle_0186.pt,models_9x9\best.pt,p2_win,1.0,96
1886,models_9x9\best.pt,models_9x9\checkpoints\cycle_0186.pt,models_9x9\checkpoints\cycle_0186.pt,models_9x9\best.pt,p2_win,1.0,100
1887,models_9x9\best.pt,models_9x9\checkpoints\cycle_0186.pt,models_9x9\checkpoints\cycle_0186.pt,models_9x9\best.pt,p1_win,0.0,97
1888,models_9x9\best.pt,models_9x9\checkpoints\cycle_0186.pt,models_9x9\checkpoints\cycle_0186.pt,models_9x9\best.pt,p2_win,1.0,94
1889,models_9x9\best.pt,models_9x9\checkpoints\cycle_0186.pt,models_9x9\checkpoints\cycle_0186.pt,models_9x9\best.pt,p1_win,0.0,95
1890,models_9x9\best.pt,models_9x9\checkpoints\cycle_0186.pt,models_9x9\checkpoints\cycle_0186.pt,models_9x9\best.pt,p1_win,0.0,91
1891,models_9x9\best.pt,models_9x9\checkpoints\cycle_0186.pt,models_9x9\checkpoints\cycle_0186.pt,models_9x9\best.pt,p2_win,1.0,98
1892,models_9x9\best.pt,models_9x9\checkpoints\cycle_0186.pt,models_9x9\checkpoints\cycle_0186.pt,models_9x9\best.pt,p2_win,1.0,92
1893,models_9x9\best.pt,models_9x9\checkpoints\cycle_0186.pt,models_9x9\checkpoints\cycle_0186.pt,models_9x9\best.pt,p2_win,1.0,106
1894,models_9x9\best.pt,models_9x9\checkpoints\cycle_0186.pt,models_9x9\best.pt,models_9x9\checkpoints\cycle_0186.pt,p1_win,1.0,97
1895,models_9x9\best.pt,models_9x9\checkpoints\cycle_0186.pt,models_9x9\checkpoints\cycle_0186.pt,models_9x9\best.pt,p2_win,1.0,98
1896,models_9x9\best.pt,models_9x9\checkpoints\cycle_0186.pt,models_9x9\checkpoints\cycle_0186.pt,models_9x9\best.pt,p2_win,1.0,96
1897,models_9x9\best.pt,models_9x9\checkpoints\cycle_0186.pt,models_9x9\checkpoints\cycle_0186.pt,models_9x9\best.pt,p2_win,1.0,94
1898,models_9x9\best.pt,models_9x9\checkpoints\cycle_0186.pt,models_9x9\checkpoints\cycle_0186.pt,models_9x9\best.pt,p2_win,1.0,92
1899,models_9x9\best.pt,models_9x9\checkpoints\cycle_0186.pt,models_9x9\checkpoints\cycle_0186.pt,models_9x9\best.pt,p1_win,0.0,95
1900,models_9x9\best.pt,models_9x9\checkpoints\cycle_0186.pt,models_9x9\checkpoints\cycle_0186.pt,models_9x9\best.pt,p2_win,1.0,100
1901,models_9x9\best.pt,models_9x9\checkpoints\cycle_0186.pt,models_9x9\checkpoints\cycle_0186.pt,models_9x9\best.pt,p1_win,0.0,99
1902,models_9x9\best.pt,models_9x9\checkpoints\cycle_0186.pt,models_9x9\best.pt,models_9x9\checkpoints\cycle_0186.pt,p1_win,1.0,93
1903,models_9x9\best.pt,models_9x9\checkpoints\cycle_0186.pt,models_9x9\best.pt,models_9x9\checkpoints\cycle_0186.pt,p1_win,1.0,91
1904,models_9x9\best.pt,models_9x9\checkpoints\cycle_0186.pt,models_9x9\checkpoints\cycle_0186.pt,models_9x9\best.pt,p2_win,1.0,94
1905,models_9x9\best.pt,models_9x9\checkpoints\cycle_0186.pt,models_9x9\checkpoints\cycle_0186.pt,models_9x9\best.pt,p2_win,1.0,98
1906,models_9x9\best.pt,models_9x9\checkpoints\cycle_0186.pt,models_9x9\checkpoints\cycle_0186.pt,models_9x9\best.pt,p2_win,1.0,98
1907,models_9x9\best.pt,models_9x9\checkpoints\cycle_0186.pt,models_9x9\best.pt,models_9x9\checkpoints\cycle_0186.pt,p1_win,1.0,95
1908,models_9x9\best.pt,models_9x9\checkpoints\cycle_0186.pt,models_9x9\checkpoints\cycle_0186.pt,models_9x9\best.pt,p1_win,0.0,93
1909,models_9x9\best.pt,models_9x9\checkpoints\cycle_0186.pt,models_9x9\checkpoints\cycle_0186.pt,models_9x9\best.pt,p2_win,1.0,96
1910,models_9x9\best.pt,models_9x9\checkpoints\cycle_0186.pt,models_9x9\best.pt,models_9x9\checkpoints\cycle_0186.pt,p1_win,1.0,99
1911,models_9x9\best.pt,models_9x9\checkpoints\cycle_0186.pt,models_9x9\best.pt,models_9x9\checkpoints\cycle_0186.pt,p1_win,1.0,93
1912,models_9x9\best.pt,models_9x9\checkpoints\cycle_0186.pt,models_9x9\checkpoints\cycle_0186.pt,models_9x9\best.pt,p1_win,0.0,99
1913,models_9x9\best.pt,models_9x9\checkpoints\cycle_0186.pt,models_9x9\checkpoints\cycle_0186.pt,models_9x9\best.pt,p2_win,1.0,102
1914,models_9x9\best.pt,models_9x9\checkpoints\cycle_0186.pt,models_9x9\best.pt,models_9x9\checkpoints\cycle_0186.pt,p1_win,1.0,95
1915,models_9x9\best.pt,models_9x9\checkpoints\cycle_0186.pt,models_9x9\checkpoints\cycle_0186.pt,models_9x9\best.pt,p2_win,1.0,92
1916,models_9x9\best.pt,models_9x9\checkpoints\cycle_0186.pt,models_9x9\best.pt,models_9x9\checkpoints\cycle_0186.pt,p1_win,1.0,95
1917,models_9x9\best.pt,models_9x9\checkpoints\cycle_0186.pt,models_9x9\checkpoints\cycle_0186.pt,models_9x9\best.pt,p1_win,0.0,95
1918,models_9x9\best.pt,models_9x9\checkpoints\cycle_0186.pt,models_9x9\checkpoints\cycle_0186.pt,models_9x9\best.pt,p1_win,0.0,95
1919,models_9x9\best.pt,models_9x9\checkpoints\cycle_0186.pt,models_9x9\checkpoints\cycle_0186.pt,models_9x9\best.pt,p1_win,0.0,99
1920,models_9x9\best.pt,models_9x9\checkpoints\cycle_0186.pt,models_9x9\best.pt,models_9x9\checkpoints\cycle_0186.pt,p1_win,1.0,95
1921,models_9x9\best.pt,models_9x9\checkpoints\cycle_0186.pt,models_9x9\checkpoints\cycle_0186.pt,models_9x9\best.pt,p2_win,1.0,96
1922,models_9x9\best.pt,models_9x9\checkpoints\cycle_0186.pt,models_9x9\checkpoints\cycle_0186.pt,models_9x9\best.pt,p2_win,1.0,92
1923,models_9x9\best.pt,models_9x9\checkpoints\cycle_0186.pt,models_9x9\best.pt,models_9x9\checkpoints\cycle_0186.pt,p1_win,1.0,95
1924,models_9x9\best.pt,models_9x9\checkpoints\cycle_0186.pt,models_9x9\checkpoints\cycle_0186.pt,models_9x9\best.pt,p2_win,1.0,108
1925,models_9x9\best.pt,models_9x9\checkpoints\cycle_0186.pt,models_9x9\best.pt,models_9x9\checkpoints\cycle_0186.pt,p1_win,1.0,97
1926,models_9x9\best.pt,models_9x9\checkpoints\cycle_0186.pt,models_9x9\checkpoints\cycle_0186.pt,models_9x9\best.pt,p2_win,1.0,98
1927,models_9x9\best.pt,models_9x9\checkpoints\cycle_0186.pt,models_9x9\checkpoints\cycle_0186.pt,models_9x9\best.pt,p2_win,1.0,98
1928,models_9x9\best.pt,models_9x9\checkpoints\cycle_0186.pt,models_9x9\best.pt,models_9x9\checkpoints\cycle_0186.pt,p1_win,1.0,99
1929,models_9x9\best.pt,models_9x9\checkpoints\cycle_0186.pt,models_9x9\checkpoints\cycle_0186.pt,models_9x9\best.pt,p1_win,0.0,95
1930,models_9x9\best.pt,models_9x9\checkpoints\cycle_0186.pt,models_9x9\checkpoints\cycle_0186.pt,models_9x9\best.pt,p2_win,1.0,98
1931,models_9x9\best.pt,models_9x9\checkpoints\cycle_0186.pt,models_9x9\checkpoints\cycle_0186.pt,models_9x9\best.pt,p2_win,1.0,98
1932,models_9x9\best.pt,models_9x9\checkpoints\cycle_0186.pt,models_9x9\checkpoints\cycle_0186.pt,models_9x9\best.pt,p2_win,1.0,94
1933,models_9x9\best.pt,models_9x9\checkpoints\cycle_0186.pt,models_9x9\checkpoints\cycle_0186.pt,models_9x9\best.pt,p2_win,1.0,96
1934,models_9x9\best.pt,models_9x9\checkpoints\cycle_0186.pt,models_9x9\checkpoints\cycle_0186.pt,models_9x9\best.pt,p1_win,0.0,97
1935,models_9x9\best.pt,models_9x9\checkpoints\cycle_0186.pt,models_9x9\checkpoints\cycle_0186.pt,models_9x9\best.pt,p1_win,0.0,99
1936,models_9x9\best.pt,models_9x9\checkpoints\cycle_0186.pt,models_9x9\checkpoints\cycle_0186.pt,models_9x9\best.pt,p2_win,1.0,96
1937,models_9x9\best.pt,models_9x9\checkpoints\cycle_0186.pt,models_9x9\checkpoints\cycle_0186.pt,models_9x9\best.pt,p1_win,0.0,99
1938,models_9x9\best.pt,models_9x9\checkpoints\cycle_0186.pt,models_9x9\checkpoints\cycle_0186.pt,models_9x9\best.pt,p1_win,0.0,95
1939,models_9x9\best.pt,models_9x9\checkpoints\cycle_0186.pt,models_9x9\best.pt,models_9x9\checkpoints\cycle_0186.pt,p1_win,1.0,97
1940,models_9x9\best.pt,models_9x9\checkpoints\cycle_0186.pt,models_9x9\checkpoints\cycle_0186.pt,models_9x9\best.pt,p2_win,1.0,104
1941,models_9x9\best.pt,models_9x9\checkpoints\cycle_0186.pt,models_9x9\checkpoints\cycle_0186.pt,models_9x9\best.pt,p2_win,1.0,96
1942,models_9x9\best.pt,models_9x9\checkpoints\cycle_0186.pt,models_9x9\checkpoints\cycle_0186.pt,models_9x9\best.pt,p2_win,1.0,100
1943,models_9x9\best.pt,models_9x9\checkpoints\cycle_0186.pt,models_9x9\checkpoints\cycle_0186.pt,models_9x9\best.pt,p1_win,0.0,97
1944,models_9x9\best.pt,models_9x9\checkpoints\cycle_0186.pt,models_9x9\checkpoints\cycle_0186.pt,models_9x9\best.pt,p2_win,1.0,98
1945,models_9x9\best.pt,models_9x9\checkpoints\cycle_0186.pt,models_9x9\checkpoints\cycle_0186.pt,models_9x9\best.pt,p1_win,0.0,99
1946,models_9x9\best.pt,models_9x9\checkpoints\cycle_0186.pt,models_9x9\best.pt,models_9x9\checkpoints\cycle_0186.pt,p1_win,1.0,97
1947,models_9x9\best.pt,models_9x9\checkpoints\cycle_0186.pt,models_9x9\checkpoints\cycle_0186.pt,models_9x9\best.pt,p2_win,1.0,104
1948,models_9x9\best.pt,models_9x9\checkpoints\cycle_0186.pt,models_9x9\best.pt,models_9x9\checkpoints\cycle_0186.pt,p1_win,1.0,97
1949,models_9x9\best.pt,models_9x9\checkpoints\cycle_0186.pt,models_9x9\checkpoints\cycle_0186.pt,models_9x9\best.pt,p2_win,1.0,96
1950,models_9x9\best.pt,models_9x9\checkpoints\cycle_0186.pt,models_9x9\checkpoints\cycle_0186.pt,models_9x9\best.pt,p2_win,1.0,112
1951,models_9x9\best.pt,models_9x9\checkpoints\cycle_0186.pt,models_9x9\checkpoints\cycle_0186.pt,models_9x9\best.pt,p2_win,1.0,98
1952,models_9x9\best.pt,models_9x9\checkpoints\cycle_0186.pt,models_9x9\checkpoints\cycle_0186.pt,models_9x9\best.pt,p1_win,0.0,97
1953,models_9x9\best.pt,models_9x9\checkpoints\cycle_0186.pt,models_9x9\checkpoints\cycle_0186.pt,models_9x9\best.pt,p2_win,1.0,98
1954,models_9x9\best.pt,models_9x9\checkpoints\cycle_0186.pt,models_9x9\checkpoints\cycle_0186.pt,models_9x9\best.pt,p1_win,0.0,101
1955,models_9x9\best.pt,models_9x9\checkpoints\cycle_0186.pt,models_9x9\checkpoints\cycle_0186.pt,models_9x9\best.pt,p2_win,1.0,102
1956,models_9x9\best.pt,models_9x9\checkpoints\cycle_0186.pt,models_9x9\checkpoints\cycle_0186.pt,models_9x9\best.pt,p1_win,0.0,103
1957,models_9x9\best.pt,models_9x9\checkpoints\cycle_0186.pt,models_9x9\best.pt,models_9x9\checkpoints\cycle_0186.pt,p1_win,1.0,101
1958,models_9x9\best.pt,models_9x9\checkpoints\cycle_0186.pt,models_9x9\checkpoints\cycle_0186.pt,models_9x9\best.pt,p1_win,0.0,113
1959,models_9x9\best.pt,models_9x9\checkpoints\cycle_0186.pt,models_9x9\checkpoints\cycle_0186.pt,models_9x9\best.pt,p2_win,1.0,98
1960,models_9x9\best.pt,models_9x9\checkpoints\cycle_0186.pt,models_9x9\checkpoints\cycle_0186.pt,models_9x9\best.pt,p2_win,1.0,100
1961,models_9x9\best.pt,models_9x9\checkpoints\cycle_0186.pt,models_9x9\checkpoints\cycle_0186.pt,models_9x9\best.pt,p2_win,1.0,110
1962,models_9x9\best.pt,models_9x9\checkpoints\cycle_0186.pt,models_9x9\checkpoints\cycle_0186.pt,models_9x9\best.pt,p2_win,1.0,106
1963,models_9x9\best.pt,models_9x9\checkpoints\cycle_0186.pt,models_9x9\checkpoints\cycle_0186.pt,models_9x9\best.pt,p2_win,1.0,102
1964,models_9x9\best.pt,models_9x9\checkpoints\cycle_0186.pt,models_9x9\checkpoints\cycle_0186.pt,models_9x9\best.pt,p2_win,1.0,102
1965,models_9x9\best.pt,models_9x9\checkpoints\cycle_0186.pt,models_9x9\best.pt,models_9x9\checkpoints\cycle_0186.pt,p1_win,1.0,99
1966,models_9x9\best.pt,models_9x9\checkpoints\cycle_0186.pt,models_9x9\checkpoints\cycle_0186.pt,models_9x9\best.pt,p1_win,0.0,99
1967,models_9x9\best.pt,models_9x9\checkpoints\cycle_0186.pt,models_9x9\checkpoints\cycle_0186.pt,models_9x9\best.pt,p2_win,1.0,98
1968,models_9x9\best.pt,models_9x9\checkpoints\cycle_0186.pt,models_9x9\checkpoints\cycle_0186.pt,models_9x9\best.pt,p2_win,1.0,102
1969,models_9x9\best.pt,models_9x9\checkpoints\cycle_0186.pt,models_9x9\checkpoints\cycle_0186.pt,models_9x9\best.pt,p1_win,0.0,107
1970,models_9x9\best.pt,models_9x9\checkpoints\cycle_0186.pt,models_9x9\checkpoints\cycle_0186.pt,models_9x9\best.pt,p1_win,0.0,105
1971,models_9x9\best.pt,models_9x9\checkpoints\cycle_0186.pt,models_9x9\checkpoints\cycle_0186.pt,models_9x9\best.pt,p2_win,1.0,102
1972,models_9x9\best.pt,models_9x9\checkpoints\cycle_0186.pt,models_9x9\checkpoints\cycle_0186.pt,models_9x9\best.pt,p2_win,1.0,102
1973,models_9x9\best.pt,models_9x9\checkpoints\cycle_0186.pt,models_9x9\checkpoints\cycle_0186.pt,models_9x9\best.pt,p2_win,1.0,106
1974,models_9x9\best.pt,models_9x9\checkpoints\cycle_0186.pt,models_9x9\checkpoints\cycle_0186.pt,models_9x9\best.pt,p1_win,0.0,101
1975,models_9x9\best.pt,models_9x9\checkpoints\cycle_0186.pt,models_9x9\best.pt,models_9x9\checkpoints\cycle_0186.pt,p1_win,1.0,103
1976,models_9x9\best.pt,models_9x9\checkpoints\cycle_0186.pt,models_9x9\checkpoints\cycle_0186.pt,models_9x9\best.pt,p1_win,0.0,113
1977,models_9x9\best.pt,models_9x9\checkpoints\cycle_0186.pt,models_9x9\best.pt,models_9x9\checkpoints\cycle_0186.pt,p1_win,1.0,103
1978,models_9x9\best.pt,models_9x9\checkpoints\cycle_0186.pt,models_9x9\checkpoints\cycle_0186.pt,models_9x9\best.pt,p2_win,1.0,110
1979,models_9x9\best.pt,models_9x9\checkpoints\cycle_0186.pt,models_9x9\checkpoints\cycle_0186.pt,models_9x9\best.pt,p1_win,0.0,105
1980,models_9x9\best.pt,models_9x9\checkpoints\cycle_0186.pt,models_9x9\checkpoints\cycle_0186.pt,models_9x9\best.pt,draw,0.5,120
1981,models_9x9\best.pt,models_9x9\checkpoints\cycle_0186.pt,models_9x9\checkpoints\cycle_0186.pt,models_9x9\best.pt,p1_win,0.0,111
1982,models_9x9\best.pt,models_9x9\checkpoints\cycle_0186.pt,models_9x9\checkpoints\cycle_0186.pt,models_9x9\best.pt,p1_win,0.0,111
1983,models_9x9\best.pt,models_9x9\checkpoints\cycle_0186.pt,models_9x9\best.pt,models_9x9\checkpoints\cycle_0186.pt,p1_win,1.0,101
1984,models_9x9\best.pt,models_9x9\checkpoints\cycle_0186.pt,models_9x9\checkpoints\cycle_0186.pt,models_9x9\best.pt,p1_win,0.0,103
1985,models_9x9\best.pt,models_9x9\checkpoints\cycle_0186.pt,models_9x9\checkpoints\cycle_0186.pt,models_9x9\best.pt,p2_win,1.0,104
1986,models_9x9\best.pt,models_9x9\checkpoints\cycle_0186.pt,models_9x9\checkpoints\cycle_0186.pt,models_9x9\best.pt,p2_win,1.0,100
1987,models_9x9\best.pt,models_9x9\checkpoints\cycle_0186.pt,models_9x9\checkpoints\cycle_0186.pt,models_9x9\best.pt,p1_win,0.0,111
1988,models_9x9\best.pt,models_9x9\checkpoints\cycle_0186.pt,models_9x9\checkpoints\cycle_0186.pt,models_9x9\best.pt,p1_win,0.0,107
1989,models_9x9\best.pt,models_9x9\checkpoints\cycle_0186.pt,models_9x9\best.pt,models_9x9\checkpoints\cycle_0186.pt,p1_win,1.0,107
1990,models_9x9\best.pt,models_9x9\checkpoints\cycle_0186.pt,models_9x9\checkpoints\cycle_0186.pt,models_9x9\best.pt,p2_win,1.0,102
1991,models_9x9\best.pt,models_9x9\checkpoints\cycle_0186.pt,models_9x9\checkpoints\cycle_0186.pt,models_9x9\best.pt,p2_win,1.0,112
1992,models_9x9\best.pt,models_9x9\checkpoints\cycle_0186.pt,models_9x9\checkpoints\cycle_0186.pt,models_9x9\best.pt,p2_win,1.0,104
1993,models_9x9\best.pt,models_9x9\checkpoints\cycle_0186.pt,models_9x9\checkpoints\cycle_0186.pt,models_9x9\best.pt,p1_win,0.0,105
1994,models_9x9\best.pt,models_9x9\checkpoints\cycle_0186.pt,models_9x9\checkpoints\cycle_0186.pt,models_9x9\best.pt,p1_win,0.0,115
1995,models_9x9\best.pt,models_9x9\checkpoints\cycle_0186.pt,models_9x9\checkpoints\cycle_0186.pt,models_9x9\best.pt,p1_win,0.0,119
1996,models_9x9\best.pt,models_9x9\checkpoints\cycle_0186.pt,models_9x9\checkpoints\cycle_0186.pt,models_9x9\best.pt,p2_win,1.0,110
1997,models_9x9\best.pt,models_9x9\checkpoints\cycle_0186.pt,models_9x9\best.pt,models_9x9\checkpoints\cycle_0186.pt,p1_win,1.0,111
1998,models_9x9\best.pt,models_9x9\checkpoints\cycle_0186.pt,models_9x9\checkpoints\cycle_0186.pt,models_9x9\best.pt,p2_win,1.0,114
1999,models_9x9\best.pt,models_9x9\checkpoints\cycle_0186.pt,models_9x9\checkpoints\cycle_0186.pt,models_9x9\best.pt,p1_win,0.0,105
2000,models_9x9\best.pt,models_9x9\checkpoints\cycle_0186.pt,models_9x9\checkpoints\cycle_0186.pt,models_9x9\best.pt,p2_win,1.0,110
2001,models_9x9\best.pt,models_9x9\checkpoints\cycle_0186.pt,models_9x9\checkpoints\cycle_0186.pt,models_9x9\best.pt,p2_win,1.0,120
2002,models_9x9\best.pt,models_9x9\checkpoints\cycle_0186.pt,models_9x9\checkpoints\cycle_0186.pt,models_9x9\best.pt,p1_win,0.0,109
2003,models_9x9\best.pt,models_9x9\checkpoints\cycle_0186.pt,models_9x9\checkpoints\cycle_0186.pt,models_9x9\best.pt,p1_win,0.0,109
2004,models_9x9\best.pt,models_9x9\checkpoints\cycle_0186.pt,models_9x9\checkpoints\cycle_0186.pt,models_9x9\best.pt,p2_win,1.0,110
2005,models_9x9\best.pt,models_9x9\checkpoints\cycle_0186.pt,models_9x9\checkpoints\cycle_0186.pt,models_9x9\best.pt,p1_win,0.0,107
2006,models_9x9\best.pt,models_9x9\checkpoints\cycle_0186.pt,models_9x9\checkpoints\cycle_0186.pt,models_9x9\best.pt,p2_win,1.0,112
2007,models_9x9\best.pt,models_9x9\checkpoints\cycle_0186.pt,models_9x9\checkpoints\cycle_0186.pt,models_9x9\best.pt,p2_win,1.0,112
2008,models_9x9\best.pt,models_9x9\checkpoints\cycle_0186.pt,models_9x9\checkpoints\cycle_0186.pt,models_9x9\best.pt,p1_win,0.0,111
2009,models_9x9\best.pt,models_9x9\checkpoints\cycle_0186.pt,models_9x9\checkpoints\cycle_0186.pt,models_9x9\best.pt,p1_win,0.0,111
2010,models_9x9\best.pt,models_9x9\checkpoints\cycle_0186.pt,models_9x9\checkpoints\cycle_0186.pt,models_9x9\best.pt,p2_win,1.0,132
2011,models_9x9\best.pt,models_9x9\checkpoints\cycle_0186.pt,models_9x9\best.pt,models_9x9\checkpoints\cycle_0186.pt,p1_win,1.0,115
2012,models_9x9\best.pt,models_9x9\checkpoints\cycle_0186.pt,models_9x9\best.pt,models_9x9\checkpoints\cycle_0186.pt,p1_win,1.0,123
2013,models_9x9\best.pt,models_9x9\checkpoints\cycle_0186.pt,models_9x9\checkpoints\cycle_0186.pt,models_9x9\best.pt,p2_win,1.0,120
2014,models_9x9\best.pt,models_9x9\checkpoints\cycle_0186.pt,models_9x9\checkpoints\cycle_0186.pt,models_9x9\best.pt,p2_win,1.0,112
2015,models_9x9\best.pt,models_9x9\checkpoints\cycle_0186.pt,models_9x9\checkpoints\cycle_0186.pt,models_9x9\best.pt,p2_win,1.0,110
2016,models_9x9\best.pt,models_9x9\checkpoints\cycle_0186.pt,models_9x9\best.pt,models_9x9\checkpoints\cycle_0186.pt,p1_win,1.0,115
2017,models_9x9\best.pt,models_9x9\checkpoints\cycle_0186.pt,models_9x9\checkpoints\cycle_0186.pt,models_9x9\best.pt,p2_win,1.0,126
2018,models_9x9\best.pt,models_9x9\checkpoints\cycle_0186.pt,models_9x9\best.pt,models_9x9\checkpoints\cycle_0186.pt,p1_win,1.0,121
2019,models_9x9\best.pt,models_9x9\checkpoints\cycle_0186.pt,models_9x9\checkpoints\cycle_0186.pt,models_9x9\best.pt,p1_win,0.0,115
2020,models_9x9\best.pt,models_9x9\checkpoints\cycle_0186.pt,models_9x9\checkpoints\cycle_0186.pt,models_9x9\best.pt,p2_win,1.0,114
2021,models_9x9\best.pt,models_9x9\checkpoints\cycle_0186.pt,models_9x9\checkpoints\cycle_0186.pt,models_9x9\best.pt,draw,0.5,122
2022,models_9x9\best.pt,models_9x9\checkpoints\cycle_0186.pt,models_9x9\checkpoints\cycle_0186.pt,models_9x9\best.pt,p1_win,0.0,123
2023,models_9x9\best.pt,models_9x9\checkpoints\cycle_0186.pt,models_9x9\checkpoints\cycle_0186.pt,models_9x9\best.pt,p2_win,1.0,124
2024,models_9x9\best.pt,models_9x9\checkpoints\cycle_0186.pt,models_9x9\checkpoints\cycle_0186.pt,models_9x9\best.pt,p1_win,0.0,117
2025,models_9x9\best.pt,models_9x9\checkpoints\cycle_0186.pt,models_9x9\checkpoints\cycle_0186.pt,models_9x9\best.pt,p2_win,1.0,122
2026,models_9x9\best.pt,models_9x9\checkpoints\cycle_0186.pt,models_9x9\checkpoints\cycle_0186.pt,models_9x9\best.pt,p2_win,1.0,124
2027,models_9x9\best.pt,models_9x9\checkpoints\cycle_0186.pt,models_9x9\checkpoints\cycle_0186.pt,models_9x9\best.pt,p2_win,1.0,128
2028,models_9x9\best.pt,models_9x9\checkpoints\cycle_0186.pt,models_9x9\checkpoints\cycle_0186.pt,models_9x9\best.pt,p2_win,1.0,134
2029,models_9x9\best.pt,models_9x9\checkpoints\cycle_0186.pt,models_9x9\checkpoints\cycle_0186.pt,models_9x9\best.pt,p2_win,1.0,130
2030,models_9x9\best.pt,models_9x9\checkpoints\cycle_0186.pt,models_9x9\checkpoints\cycle_0186.pt,models_9x9\best.pt,p2_win,1.0,140
2031,models_9x9\best.pt,models_9x9\checkpoints\cycle_0186.pt,models_9x9\best.pt,models_9x9\checkpoints\cycle_0186.pt,draw,0.5,154
2032,models_9x9\best.pt,models_9x9\checkpoints\cycle_0186.pt,models_9x9\checkpoints\cycle_0186.pt,models_9x9\best.pt,p2_win,1.0,140
2033,models_9x9\best.pt,models_9x9\checkpoints\cycle_0186.pt,models_9x9\checkpoints\cycle_0186.pt,models_9x9\best.pt,p1_win,0.0,139
2034,models_9x9\best.pt,models_9x9\checkpoints\cycle_0186.pt,models_9x9\checkpoints\cycle_0186.pt,models_9x9\best.pt,draw,0.5,160
2035,models_9x9\best.pt,models_9x9\checkpoints\cycle_0186.pt,models_9x9\checkpoints\cycle_0186.pt,models_9x9\best.pt,p1_win,0.0,149
2036,models_9x9\best.pt,models_9x9\checkpoints\cycle_0186.pt,models_9x9\checkpoints\cycle_0186.pt,models_9x9\best.pt,p2_win,1.0,146
2037,models_9x9\best.pt,models_9x9\checkpoints\cycle_0186.pt,models_9x9\best.pt,models_9x9\checkpoints\cycle_0186.pt,draw,0.5,160
2038,models_9x9\best.pt,models_9x9\checkpoints\cycle_0186.pt,models_9x9\checkpoints\cycle_0186.pt,models_9x9\best.pt,draw,0.5,160
2039,models_9x9\best.pt,models_9x9\checkpoints\cycle_0186.pt,models_9x9\checkpoints\cycle_0186.pt,models_9x9\best.pt,p1_win,0.0,151
2040,models_9x9\best.pt,models_9x9\checkpoints\cycle_0186.pt,models_9x9\checkpoints\cycle_0186.pt,models_9x9\best.pt,p1_win,0.0,155
2041,models_9x9\best.pt,models_9x9\checkpoints\cycle_0186.pt,models_9x9\checkpoints\cycle_0186.pt,models_9x9\best.pt,p1_win,0.0,155
2042,models_9x9\best.pt,models_9x9\checkpoints\cycle_0186.pt,models_9x9\checkpoints\cycle_0186.pt,models_9x9\best.pt,draw,0.5,160
2043,models_9x9\best.pt,models_9x9\checkpoints\cycle_0186.pt,models_9x9\checkpoints\cycle_0186.pt,models_9x9\best.pt,draw,0.5,160
2044,models_9x9\best.pt,models_9x9\checkpoints\cycle_0186.pt,models_9x9\checkpoints\cycle_0186.pt,models_9x9\best.pt,p1_win,0.0,157
2045,models_9x9\best.pt,models_9x9\checkpoints\cycle_0186.pt,models_9x9\checkpoints\cycle_0186.pt,models_9x9\best.pt,draw,0.5,160
2046,models_9x9\best.pt,models_9x9\checkpoints\cycle_0186.pt,models_9x9\checkpoints\cycle_0186.pt,models_9x9\best.pt,p2_win,1.0,156
2047,models_9x9\best.pt,models_9x9\checkpoints\cycle_0186.pt,models_9x9\checkpoints\cycle_0186.pt,models_9x9\best.pt,draw,0.5,160
2048,models_9x9\best.pt,models_9x9\checkpoints\cycle_0186.pt,models_9x9\checkpoints\cycle_0186.pt,models_9x9\best.pt,draw,0.5,160
