game,agent_a,agent_b,player1,player2,result,score_for_a,plies
1,models_7x7\checkpoints\cycle_0162.pt,models_7x7\checkpoints\cycle_0152.pt,models_7x7\checkpoints\cycle_0162.pt,models_7x7\checkpoints\cycle_0152.pt,p2_win,0.0,14
2,models_7x7\checkpoints\cycle_0162.pt,models_7x7\checkpoints\cycle_0152.pt,models_7x7\checkpoints\cycle_0152.pt,models_7x7\checkpoints\cycle_0162.pt,p2_win,1.0,18
3,models_7x7\checkpoints\cycle_0162.pt,models_7x7\checkpoints\cycle_0152.pt,models_7x7\checkpoints\cycle_0152.pt,models_7x7\checkpoints\cycle_0162.pt,p2_win,1.0,30
4,models_7x7\checkpoints\cycle_0162.pt,models_7x7\checkpoints\cycle_0152.pt,models_7x7\checkpoints\cycle_0162.pt,models_7x7\checkpoints\cycle_0152.pt,p2_win,0.0,24
5,models_7x7\checkpoints\cycle_0162.pt,models_7x7\checkpoints\cycle_0152.pt,models_7x7\checkpoints\cycle_0162.pt,models_7x7\checkpoints\cycle_0152.pt,p2_win,0.0,26
6,models_7x7\checkpoints\cycle_0162.pt,models_7x7\checkpoints\cycle_0152.pt,models_7x7\checkpoints\cycle_0152.pt,models_7x7\checkpoints\cycle_0162.pt,p2_win,1.0,24
7,models_7x7\checkpoints\cycle_0162.pt,models_7x7\checkpoints\cycle_0152.pt,models_7x7\checkpoints\cycle_0152.pt,models_7x7\checkpoints\cycle_0162.pt,p2_win,1.0,36
8,models_7x7\checkpoints\cycle_0162.pt,models_7x7\checkpoints\cycle_0152.pt,models_7x7\checkpoints\cycle_0152.pt,models_7x7\checkpoints\cycle_0162.pt,p1_win,0.0,31
9,models_7x7\checkpoints\cycle_0162.pt,models_7x7\checkpoints\cycle_0152.pt,models_7x7\checkpoints\cycle_0152.pt,models_7x7\checkpoints\cycle_0162.pt,p2_win,1.0,30
10,models_7x7\checkpoints\cycle_0162.pt,models_7x7\checkpoints\cycle_0152.pt,models_7x7\checkpoints\cycle_0152.pt,models_7x7\checkpoints\cycle_0162.pt,p2_win,1.0,30
11,models_7x7\checkpoints\cycle_0162.pt,models_7x7\checkpoints\cycle_0152.pt,models_7x7\checkpoints\cycle_0152.pt,models_7x7\checkpoints\cycle_0162.pt,p1_win,0.0,35
12,models_7x7\checkpoints\cycle_0162.pt,models_7x7\checkpoints\cycle_0152.pt,models_7x7\checkpoints\cycle_0152.pt,models_7x7\checkpoints\cycle_0162.pt,p2_win,1.0,30
13,models_7x7\checkpoints\cycle_0162.pt,models_7x7\checkpoints\cycle_0152.pt,models_7x7\checkpoints\cycle_0152.pt,models_7x7\checkpoints\cycle_0162.pt,p2_win,1.0,34
14,models_7x7\checkpoints\cycle_0162.pt,models_7x7\checkpoints\cycle_0152.pt,models_7x7\checkpoints\cycle_0162.pt,models_7x7\checkpoints\cycle_0152.pt,p1_win,1.0,29
15,models_7x7\checkpoints\cycle_0162.pt,models_7x7\checkpoints\cycle_0152.pt,models_7x7\checkpoints\cycle_0152.pt,models_7x7\checkpoints\cycle_0162.pt,p2_win,1.0,30
16,models_7x7\checkpoints\cycle_0162.pt,models_7x7\checkpoints\cycle_0152.pt,models_7x7\checkpoints\cycle_0162.pt,models_7x7\checkpoints\cycle_0152.pt,p2_win,0.0,30
17,models_7x7\checkpoints\cycle_0162.pt,models_7x7\checkpoints\cycle_0152.pt,models_7x7\checkpoints\cycle_0152.pt,models_7x7\checkpoints\cycle_0162.pt,p2_win,1.0,30
18,models_7x7\checkpoints\cycle_0162.pt,models_7x7\checkpoints\cycle_0152.pt,models_7x7\checkpoints\cycle_0152.pt,models_7x7\checkpoints\cycle_0162.pt,p2_win,1.0,30
19,models_7x7\checkpoints\cycle_0162.pt,models_7x7\checkpoints\cycle_0152.pt,models_7x7\checkpoints\cycle_0152.pt,models_7x7\checkpoints\cycle_0162.pt,p2_win,1.0,30
20,models_7x7\checkpoints\cycle_0162.pt,models_7x7\checkpoints\cycle_0152.pt,models_7x7\checkpoints\cycle_0152.pt,models_7x7\checkpoints\cycle_0162.pt,p1_win,0.0,41
21,models_7x7\checkpoints\cycle_0162.pt,models_7x7\checkpoints\cycle_0152.pt,models_7x7\checkpoints\cycle_0152.pt,models_7x7\checkpoints\cycle_0162.pt,p1_win,0.0,31
22,models_7x7\checkpoints\cycle_0162.pt,models_7x7\checkpoints\cycle_0152.pt,models_7x7\checkpoints\cycle_0152.pt,models_7x7\checkpoints\cycle_0162.pt,p1_win,0.0,33
23,models_7x7\checkpoints\cycle_0162.pt,models_7x7\checkpoints\cycle_0152.pt,models_7x7\checkpoints\cycle_0162.pt,models_7x7\checkpoints\cycle_0152.pt,p1_win,1.0,29
24,models_7x7\checkpoints\cycle_0162.pt,models_7x7\checkpoints\cycle_0152.pt,models_7x7\checkpoints\cycle_0152.pt,models_7x7\checkpoints\cycle_0162.pt,p2_win,1.0,30
25,models_7x7\checkpoints\cycle_0162.pt,models_7x7\checkpoints\cycle_0152.pt,models_7x7\checkpoints\cycle_0152.pt,models_7x7\checkpoints\cycle_0162.pt,p2_win,1.0,30
26,models_7x7\checkpoints\cycle_0162.pt,models_7x7\checkpoints\cycle_0152.pt,models_7x7\checkpoints\cycle_0152.pt,models_7x7\checkpoints\cycle_0162.pt,p2_win,1.0,32
27,models_7x7\checkpoints\cycle_0162.pt,models_7x7\checkpoints\cycle_0152.pt,models_7x7\checkpoints\cycle_0152.pt,models_7x7\checkpoints\cycle_0162.pt,p2_win,1.0,30
28,models_7x7\checkpoints\cycle_0162.pt,models_7x7\checkpoints\cycle_0152.pt,models_7x7\checkpoints\cycle_0162.pt,models_7x7\checkpoints\cycle_0152.pt,p1_win,1.0,29
29,models_7x7\checkpoints\cycle_0162.pt,models_7x7\checkpoints\cycle_0152.pt,models_7x7\checkpoints\cycle_0152.pt,models_7x7\checkpoints\cycle_0162.pt,p2_win,1.0,30
30,models_7x7\checkpoints\cycle_0162.pt,models_7x7\checkpoints\cycle_0152.pt,models_7x7\checkpoints\cycle_0152.pt,models_7x7\checkpoints\cycle_0162.pt,p1_win,0.0,33
31,models_7x7\checkpoints\cycle_0162.pt,models_7x7\checkpoints\cycle_0152.pt,models_7x7\checkpoints\cycle_0152.pt,models_7x7\checkpoints\cycle_0162.pt,p2_win,1.0,30
32,models_7x7\checkpoints\cycle_0162.pt,models_7x7\checkpoints\cycle_0152.pt,models_7x7\checkpoints\cycle_0152.pt,models_7x7\checkpoints\cycle_0162.pt,p1_win,0.0,31
33,models_7x7\checkpoints\cycle_0162.pt,models_7x7\checkpoints\cycle_0152.pt,models_7x7\checkpoints\cycle_0152.pt,models_7x7\checkpoints\cycle_0162.pt,p1_win,0.0,35
34,models_7x7\checkpoints\cycle_0162.pt,models_7x7\checkpoints\cycle_0152.pt,models_7x7\checkpoints\cycle_0162.pt,models_7x7\checkpoints\cycle_0152.pt,p1_win,1.0,37
35,models_7x7\checkpoints\cycle_0162.pt,models_7x7\checkpoints\cycle_0152.pt,models_7x7\checkpoints\cycle_0162.pt,models_7x7\checkpoints\cycle_0152.pt,p2_win,0.0,34
36,models_7x7\checkpoints\cycle_0162.pt,models_7x7\checkpoints\cycle_0152.pt,models_7x7\checkpoints\cycle_0162.pt,models_7x7\checkpoints\cycle_0152.pt,p1_win,1.0,39
37,models_7x7\checkpoints\cycle_0162.pt,models_7x7\checkpoints\cycle_0152.pt,models_7x7\checkpoints\cycle_0152.pt,models_7x7\checkpoints\cycle_0162.pt,p1_win,0.0,35
38,models_7x7\checkpoints\cycle_0162.pt,models_7x7\checkpoints\cycle_0152.pt,models_7x7\checkpoints\cycle_0162.pt,models_7x7\checkpoints\cycle_0152.pt,p2_win,0.0,32
39,models_7x7\checkpoints\cycle_0162.pt,models_7x7\checkpoints\cycle_0152.pt,models_7x7\checkpoints\cycle_0152.pt,models_7x7\checkpoints\cycle_0162.pt,p2_win,1.0,32
40,models_7x7\checkpoints\cycle_0162.pt,models_7x7\checkpoints\cycle_0152.pt,models_7x7\checkpoints\cycle_0152.pt,models_7x7\checkpoints\cycle_0162.pt,p1_win,0.0,33
41,models_7x7\checkpoints\cycle_0162.pt,models_7x7\checkpoints\cycle_0152.pt,models_7x7\checkpoints\cycle_0152.pt,models_7x7\checkpoints\cycle_0162.pt,p1_win,0.0,37
42,models_7x7\checkpoints\cycle_0162.pt,models_7x7\checkpoints\cycle_0152.pt,models_7x7\checkpoints\cycle_0152.pt,models_7x7\checkpoints\cycle_0162.pt,p1_win,0.0,37
43,models_7x7\checkpoints\cycle_0162.pt,models_7x7\checkpoints\cycle_0152.pt,models_7x7\checkpoints\cycle_0152.pt,models_7x7\checkpoints\cycle_0162.pt,p1_win,0.0,37
44,models_7x7\checkpoints\cycle_0162.pt,models_7x7\checkpoints\cycle_0152.pt,models_7x7\checkpoints\cycle_0152.pt,models_7x7\checkpoints\cycle_0162.pt,p2_win,1.0,30
45,models_7x7\checkpoints\cycle_0162.pt,models_7x7\checkpoints\cycle_0152.pt,models_7x7\checkpoints\cycle_0152.pt,models_7x7\checkpoints\cycle_0162.pt,p2_win,1.0,30
46,models_7x7\checkpoints\cycle_0162.pt,models_7x7\checkpoints\cycle_0152.pt,models_7x7\checkpoints\cycle_0152.pt,models_7x7\checkpoints\cycle_0162.pt,p1_win,0.0,41
47,models_7x7\checkpoints\cycle_0162.pt,models_7x7\checkpoints\cycle_0152.pt,models_7x7\checkpoints\cycle_0152.pt,models_7x7\checkpoints\cycle_0162.pt,p2_win,1.0,30
48,models_7x7\checkpoints\cycle_0162.pt,models_7x7\checkpoints\cycle_0152.pt,models_7x7\checkpoints\cycle_0152.pt,models_7x7\checkpoints\cycle_0162.pt,p1_win,0.0,39
49,models_7x7\checkpoints\cycle_0162.pt,models_7x7\checkpoints\cycle_0152.pt,models_7x7\checkpoints\cycle_0152.pt,models_7x7\checkpoints\cycle_0162.pt,p2_win,1.0,32
50,models_7x7\checkpoints\cycle_0162.pt,models_7x7\checkpoints\cycle_0152.pt,models_7x7\checkpoints\cycle_0152.pt,models_7x7\checkpoints\cycle_0162.pt,p2_win,1.0,32
51,models_7x7\checkpoints\cycle_0162.pt,models_7x7\checkpoints\cycle_0152.pt,models_7x7\checkpoints\cycle_0152.pt,models_7x7\checkpoints\cycle_0162.pt,p2_win,1.0,32
52,models_7x7\checkpoints\cycle_0162.pt,models_7x7\checkpoints\cycle_0152.pt,models_7x7\checkpoints\cycle_0152.pt,models_7x7\checkpoints\cycle_0162.pt,p2_win,1.0,32
53,models_7x7\checkpoints\cycle_0162.pt,models_7x7\checkpoints\cycle_0152.pt,models_7x7\checkpoints\cycle_0152.pt,models_7x7\checkpoints\cycle_0162.pt,p2_win,1.0,32
54,models_7x7\checkpoints\cycle_0162.pt,models_7x7\checkpoints\cycle_0152.pt,models_7x7\checkpoints\cycle_0152.pt,models_7x7\checkpoints\cycle_0162.pt,p2_win,1.0,40
55,models_7x7\checkpoints\cycle_0162.pt,models_7x7\checkpoints\cycle_0152.pt,models_7x7\checkpoints\cycle_0152.pt,models_7x7\checkpoints\cycle_0162.pt,p2_win,1.0,32
56,models_7x7\checkpoints\cycle_0162.pt,models_7x7\checkpoints\cycle_0152.pt,models_7x7\checkpoints\cycle_0152.pt,models_7x7\checkpoints\cycle_0162.pt,p2_win,1.0,32
57,models_7x7\checkpoints\cycle_0162.pt,models_7x7\checkpoints\cycle_0152.pt,models_7x7\checkpoints\cycle_0152.pt,models_7x7\checkpoints\cycle_0162.pt,p2_win,1.0,42
58,models_7x7\checkpoints\cycle_0162.pt,models_7x7\checkpoints\cycle_0152.pt,models_7x7\checkpoints\cycle_0162.pt,models_7x7\checkpoints\cycle_0152.pt,p1_win,1.0,39
59,models_7x7\checkpoints\cycle_0162.pt,models_7x7\checkpoints\cycle_0152.pt,models_7x7\checkpoints\cycle_0152.pt,models_7x7\checkpoints\cycle_0162.pt,p2_win,1.0,46
60,models_7x7\checkpoints\cycle_0162.pt,models_7x7\checkpoints\cycle_0152.pt,models_7x7\checkpoints\cycle_0152.pt,models_7x7\checkpoints\cycle_0162.pt,p2_win,1.0,32
61,models_7x7\checkpoints\cycle_0162.pt,models_7x7\checkpoints\cycle_0152.pt,models_7x7\checkpoints\cycle_0152.pt,models_7x7\checkpoints\cycle_0162.pt,p2_win,1.0,38
62,models_7x7\checkpoints\cycle_0162.pt,models_7x7\checkpoints\cycle_0152.pt,models_7x7\checkpoints\cycle_0152.pt,models_7x7\checkpoints\cycle_0162.pt,p2_win,1.0,32
63,models_7x7\checkpoints\cycle_0162.pt,models_7x7\checkpoints\cycle_0152.pt,models_7x7\checkpoints\cycle_0152.pt,models_7x7\checkpoints\cycle_0162.pt,p2_win,1.0,34
64,models_7x7\checkpoints\cycle_0162.pt,models_7x7\checkpoints\cycle_0152.pt,models_7x7\checkpoints\cycle_0152.pt,models_7x7\checkpoints\cycle_0162.pt,p2_win,1.0,34
65,models_7x7\checkpoints\cycle_0162.pt,models_7x7\checkpoints\cycle_0152.pt,models_7x7\checkpoints\cycle_0152.pt,models_7x7\checkpoints\cycle_0162.pt,p2_win,1.0,32
66,models_7x7\checkpoints\cycle_0162.pt,models_7x7\checkpoints\cycle_0152.pt,models_7x7\checkpoints\cycle_0152.pt,models_7x7\checkpoints\cycle_0162.pt,p2_win,1.0,32
67,models_7x7\checkpoints\cycle_0162.pt,models_7x7\checkpoints\cycle_0152.pt,models_7x7\checkpoints\cycle_0152.pt,models_7x7\checkpoints\cycle_0162.pt,p2_win,1.0,32
68,models_7x7\checkpoints\cycle_0162.pt,models_7x7\checkpoints\cycle_0152.pt,models_7x7\checkpoints\cycle_0162.pt,models_7x7\checkpoints\cycle_0152.pt,p2_win,0.0,32
69,models_7x7\checkpoints\cycle_0162.pt,models_7x7\checkpoints\cycle_0152.pt,models_7x7\checkpoints\cycle_0162.pt,models_7x7\checkpoints\cycle_0152.pt,p2_win,0.0,32
70,models_7x7\checkpoints\cycle_0162.pt,models_7x7\checkpoints\cycle_0152.pt,models_7x7\checkpoints\cycle_0152.pt,models_7x7\checkpoints\cycle_0162.pt,p2_win,1.0,34
71,models_7x7\checkpoints\cycle_0162.pt,models_7x7\checkpoints\cycle_0152.pt,models_7x7\checkpoints\cycle_0152.pt,models_7x7\checkpoints\cycle_0162.pt,p1_win,0.0,45
72,models_7x7\checkpoints\cycle_0162.pt,models_7x7\checkpoints\cycle_0152.pt,models_7x7\checkpoints\cycle_0152.pt,models_7x7\checkpoints\cycle_0162.pt,p2_win,1.0,34
73,models_7x7\checkpoints\cycle_0162.pt,models_7x7\checkpoints\cycle_0152.pt,models_7x7\checkpoints\cycle_0162.pt,models_7x7\checkpoints\cycle_0152.pt,p2_win,0.0,44
74,models_7x7\checkpoints\cycle_0162.pt,models_7x7\checkpoints\cycle_0152.pt,models_7x7\checkpoints\cycle_0152.pt,models_7x7\checkpoints\cycle_0162.pt,p2_win,1.0,36
75,models_7x7\checkpoints\cycle_0162.pt,models_7x7\checkpoints\cycle_0152.pt,models_7x7\checkpoints\cycle_0162.pt,models_7x7\checkpoints\cycle_0152.pt,p1_win,1.0,39
76,models_7x7\checkpoints\cycle_0162.pt,models_7x7\checkpoints\cycle_0152.pt,models_7x7\checkpoints\cycle_0152.pt,models_7x7\checkpoints\cycle_0162.pt,p1_win,0.0,39
77,models_7x7\checkpoints\cycle_0162.pt,models_7x7\checkpoints\cycle_0152.pt,models_7x7\checkpoints\cycle_0152.pt,models_7x7\checkpoints\cycle_0162.pt,p2_win,1.0,44
78,models_7x7\checkpoints\cycle_0162.pt,models_7x7\checkpoints\cycle_0152.pt,models_7x7\checkpoints\cycle_0152.pt,models_7x7\checkpoints\cycle_0162.pt,p2_win,1.0,38
79,models_7x7\checkpoints\cycle_0162.pt,models_7x7\checkpoints\cycle_0152.pt,models_7x7\checkpoints\cycle_0162.pt,models_7x7\checkpoints\cycle_0152.pt,p2_win,0.0,34
80,models_7x7\checkpoints\cycle_0162.pt,models_7x7\checkpoints\cycle_0152.pt,models_7x7\checkpoints\cycle_0152.pt,models_7x7\checkpoints\cycle_0162.pt,p1_win,0.0,39
81,models_7x7\checkpoints\cycle_0162.pt,models_7x7\checkpoints\cycle_0152.pt,models_7x7\checkpoints\cycle_0152.pt,models_7x7\checkpoints\cycle_0162.pt,p2_win,1.0,34
82,models_7x7\checkpoints\cycle_0162.pt,models_7x7\checkpoints\cycle_0152.pt,models_7x7\checkpoints\cycle_0152.pt,models_7x7\checkpoints\cycle_0162.pt,p2_win,1.0,42
83,models_7x7\checkpoints\cycle_0162.pt,models_7x7\checkpoints\cycle_0152.pt,models_7x7\checkpoints\cycle_0152.pt,models_7x7\checkpoints\cycle_0162.pt,p2_win,1.0,42
84,models_7x7\checkpoints\cycle_0162.pt,models_7x7\checkpoints\cycle_0152.pt,models_7x7\checkpoints\cycle_0152.pt,models_7x7\checkpoints\cycle_0162.pt,p2_win,1.0,40
85,models_7x7\checkpoints\cycle_0162.pt,models_7x7\checkpoints\cycle_0152.pt,models_7x7\checkpoints\cycle_0152.pt,models_7x7\checkpoints\cycle_0162.pt,p2_win,1.0,38
86,models_7x7\checkpoints\cycle_0162.pt,models_7x7\checkpoints\cycle_0152.pt,models_7x7\checkpoints\cycle_0152.pt,models_7x7\checkpoints\cycle_0162.pt,p2_win,1.0,38
87,models_7x7\checkpoints\cycle_0162.pt,models_7x7\checkpoints\cycle_0152.pt,models_7x7\checkpoints\cycle_0152.pt,models_7x7\checkpoints\cycle_0162.pt,p1_win,0.0,43
88,models_7x7\checkpoints\cycle_0162.pt,models_7x7\checkpoints\cycle_0152.pt,models_7x7\checkpoints\cycle_0152.pt,models_7x7\checkpoints\cycle_0162.pt,p2_win,1.0,40
89,models_7x7\checkpoints\cycle_0162.pt,models_7x7\checkpoints\cycle_0152.pt,models_7x7\checkpoints\cycle_0152.pt,models_7x7\checkpoints\cycle_0162.pt,p2_win,1.0,42
90,models_7x7\checkpoints\cycle_0162.pt,models_7x7\checkpoints\cycle_0152.pt,models_7x7\checkpoints\cycle_0152.pt,models_7x7\checkpoints\cycle_0162.pt,p2_win,1.0,38
91,models_7x7\checkpoints\cycle_0162.pt,models_7x7\checkpoints\cycle_0152.pt,models_7x7\checkpoints\cycle_0152.pt,models_7x7\checkpoints\cycle_0162.pt,p2_win,1.0,36
92,models_7x7\checkpoints\cycle_0162.pt,models_7x7\checkpoints\cycle_0152.pt,models_7x7\checkpoints\cycle_0152.pt,models_7x7\checkpoints\cycle_0162.pt,p2_win,1.0,34
93,models_7x7\checkpoints\cycle_0162.pt,models_7x7\checkpoints\cycle_0152.pt,models_7x7\checkpoints\cycle_0152.pt,models_7x7\checkpoints\cycle_0162.pt,p2_win,1.0,36
94,models_7x7\checkpoints\cycle_0162.pt,models_7x7\checkpoints\cycle_0152.pt,models_7x7\checkpoints\cycle_0162.pt,models_7x7\checkpoints\cycle_0152.pt,p1_win,1.0,45
95,models_7x7\checkpoints\cycle_0162.pt,models_7x7\checkpoints\cycle_0152.pt,models_7x7\checkpoints\cycle_0152.pt,models_7x7\checkpoints\cycle_0162.pt,p2_win,1.0,34
96,models_7x7\checkpoints\cycle_0162.pt,models_7x7\checkpoints\cycle_0152.pt,models_7x7\checkpoints\cycle_0152.pt,models_7x7\checkpoints\cycle_0162.pt,p2_win,1.0,40
97,models_7x7\checkpoints\cycle_0162.pt,models_7x7\checkpoints\cycle_0152.pt,models_7x7\checkpoints\cycle_0152.pt,models_7x7\checkpoints\cycle_0162.pt,p2_win,1.0,38
98,models_7x7\checkpoints\cycle_0162.pt,models_7x7\checkpoints\cycle_0152.pt,models_7x7\checkpoints\cycle_0152.pt,models_7x7\checkpoints\cycle_0162.pt,p2_win,1.0,36
99,models_7x7\checkpoints\cycle_0162.pt,models_7x7\checkpoints\cycle_0152.pt,models_7x7\checkpoints\cycle_0162.pt,models_7x7\checkpoints\cycle_0152.pt,p2_win,0.0,36
100,models_7x7\checkpoints\cycle_0162.pt,models_7x7\checkpoints\cycle_0152.pt,models_7x7\checkpoints\cycle_0152.pt,models_7x7\checkpoints\cycle_0162.pt,p2_win,1.0,36
101,models_7x7\checkpoints\cycle_0162.pt,models_7x7\checkpoints\cycle_0152.pt,models_7x7\checkpoints\cycle_0162.pt,models_7x7\checkpoints\cycle_0152.pt,p2_win,0.0,40
102,models_7x7\checkpoints\cycle_0162.pt,models_7x7\checkpoints\cycle_0152.pt,models_7x7\checkpoints\cycle_0152.pt,models_7x7\checkpoints\cycle_0162.pt,p2_win,1.0,36
103,models_7x7\checkpoints\cycle_0162.pt,models_7x7\checkpoints\cycle_0152.pt,models_7x7\checkpoints\cycle_0162.pt,models_7x7\checkpoints\cycle_0152.pt,p1_win,1.0,43
104,models_7x7\checkpoints\cycle_0162.pt,models_7x7\checkpoints\cycle_0152.pt,models_7x7\checkpoints\cycle_0152.pt,models_7x7\checkpoints\cycle_0162.pt,p2_win,1.0,36
105,models_7x7\checkpoints\cycle_0162.pt,models_7x7\checkpoints\cycle_0152.pt,models_7x7\checkpoints\cycle_0152.pt,models_7x7\checkpoints\cycle_0162.pt,p2_win,1.0,42
106,models_7x7\checkpoints\cycle_0162.pt,models_7x7\checkpoints\cycle_0152.pt,models_7x7\checkpoints\cycle_0152.pt,models_7x7\checkpoints\cycle_0162.pt,p2_win,1.0,54
107,models_7x7\checkpoints\cycle_0162.pt,models_7x7\checkpoints\cycle_0152.pt,models_7x7\checkpoints\cycle_0162.pt,models_7x7\checkpoints\cycle_0152.pt,p2_win,0.0,34
108,models_7x7\checkpoints\cycle_0162.pt,models_7x7\checkpoints\cycle_0152.pt,models_7x7\checkpoints\cycle_0162.pt,models_7x7\checkpoints\cycle_0152.pt,p1_win,1.0,43
109,models_7x7\checkpoints\cycle_0162.pt,models_7x7\checkpoints\cycle_0152.pt,models_7x7\checkpoints\cycle_0152.pt,models_7x7\checkpoints\cycle_0162.pt,p1_win,0.0,37
110,models_7x7\checkpoints\cycle_0162.pt,models_7x7\checkpoints\cycle_0152.pt,models_7x7\checkpoints\cycle_0162.pt,models_7x7\checkpoints\cycle_0152.pt,p1_win,1.0,45
111,models_7x7\checkpoints\cycle_0162.pt,models_7x7\checkpoints\cycle_0152.pt,models_7x7\checkpoints\cycle_0162.pt,models_7x7\checkpoints\cycle_0152.pt,p1_win,1.0,37
112,models_7x7\checkpoints\cycle_0162.pt,models_7x7\checkpoints\cycle_0152.pt,models_7x7\checkpoints\cycle_0162.pt,models_7x7\checkpoints\cycle_0152.pt,p1_win,1.0,43
113,models_7x7\checkpoints\cycle_0162.pt,models_7x7\checkpoints\cycle_0152.pt,models_7x7\checkpoints\cycle_0152.pt,models_7x7\checkpoints\cycle_0162.pt,p2_win,1.0,38
114,models_7x7\checkpoints\cycle_0162.pt,models_7x7\checkpoints\cycle_0152.pt,models_7x7\checkpoints\cycle_0162.pt,models_7x7\checkpoints\cycle_0152.pt,p1_win,1.0,35
115,models_7x7\checkpoints\cycle_0162.pt,models_7x7\checkpoints\cycle_0152.pt,models_7x7\checkpoints\cycle_0152.pt,models_7x7\checkpoints\cycle_0162.pt,p2_win,1.0,44
116,models_7x7\checkpoints\cycle_0162.pt,models_7x7\checkpoints\cycle_0152.pt,models_7x7\checkpoints\cycle_0162.pt,models_7x7\checkpoints\cycle_0152.pt,p1_win,1.0,39
117,models_7x7\checkpoints\cycle_0162.pt,models_7x7\checkpoints\cycle_0152.pt,models_7x7\checkpoints\cycle_0152.pt,models_7x7\checkpoints\cycle_0162.pt,p1_win,0.0,41
118,models_7x7\checkpoints\cycle_0162.pt,models_7x7\checkpoints\cycle_0152.pt,models_7x7\checkpoints\cycle_0152.pt,models_7x7\checkpoints\cycle_0162.pt,p2_win,1.0,38
119,models_7x7\checkpoints\cycle_0162.pt,models_7x7\checkpoints\cycle_0152.pt,models_7x7\checkpoints\cycle_0152.pt,models_7x7\checkpoints\cycle_0162.pt,p2_win,1.0,38
120,models_7x7\checkpoints\cycle_0162.pt,models_7x7\checkpoints\cycle_0152.pt,models_7x7\checkpoints\cycle_0152.pt,models_7x7\checkpoints\cycle_0162.pt,p2_win,1.0,38
121,models_7x7\checkpoints\cycle_0162.pt,models_7x7\checkpoints\cycle_0152.pt,models_7x7\checkpoints\cycle_0162.pt,models_7x7\checkpoints\cycle_0152.pt,p1_win,1.0,37
122,models_7x7\checkpoints\cycle_0162.pt,models_7x7\checkpoints\cycle_0152.pt,models_7x7\checkpoints\cycle_0162.pt,models_7x7\checkpoints\cycle_0152.pt,p2_win,0.0,44
123,models_7x7\checkpoints\cycle_0162.pt,models_7x7\checkpoints\cycle_0152.pt,models_7x7\checkpoints\cycle_0152.pt,models_7x7\checkpoints\cycle_0162.pt,p2_win,1.0,38
124,models_7x7\checkpoints\cycle_0162.pt,models_7x7\checkpoints\cycle_0152.pt,models_7x7\checkpoints\cycle_0152.pt,models_7x7\checkpoints\cycle_0162.pt,p2_win,1.0,42
125,models_7x7\checkpoints\cycle_0162.pt,models_7x7\checkpoints\cycle_0152.pt,models_7x7\checkpoints\cycle_0152.pt,models_7x7\checkpoints\cycle_0162.pt,p2_win,1.0,36
126,models_7x7\checkpoints\cycle_0162.pt,models_7x7\checkpoints\cycle_0152.pt,models_7x7\checkpoints\cycle_0152.pt,models_7x7\checkpoints\cycle_0162.pt,p2_win,1.0,36
127,models_7x7\checkpoints\cycle_0162.pt,models_7x7\checkpoints\cycle_0152.pt,models_7x7\checkpoints\cycle_0152.pt,models_7x7\checkpoints\cycle_0162.pt,p2_win,1.0,38
128,models_7x7\checkpoints\cycle_0162.pt,models_7x7\checkpoints\cycle_0152.pt,models_7x7\checkpoints\cycle_0162.pt,models_7x7\checkpoints\cycle_0152.pt,p1_win,1.0,43
129,models_7x7\checkpoints\cycle_0162.pt,models_7x7\checkpoints\cycle_0152.pt,models_7x7\checkpoints\cycle_0152.pt,models_7x7\checkpoints\cycle_0162.pt,p1_win,0.0,41
130,models_7x7\checkpoints\cycle_0162.pt,models_7x7\checkpoints\cycle_0152.pt,models_7x7\checkpoints\cycle_0152.pt,models_7x7\checkpoints\cycle_0162.pt,p2_win,1.0,40
131,models_7x7\checkpoints\cycle_0162.pt,models_7x7\checkpoints\cycle_0152.pt,models_7x7\checkpoints\cycle_0152.pt,models_7x7\checkpoints\cycle_0162.pt,p1_win,0.0,41
132,models_7x7\checkpoints\cycle_0162.pt,models_7x7\checkpoints\cycle_0152.pt,models_7x7\checkpoints\cycle_0152.pt,models_7x7\checkpoints\cycle_0162.pt,p1_win,0.0,53
133,models_7x7\checkpoints\cycle_0162.pt,models_7x7\checkpoints\cycle_0152.pt,models_7x7\checkpoints\cycle_0152.pt,models_7x7\checkpoints\cycle_0162.pt,p2_win,1.0,36
134,models_7x7\checkpoints\cycle_0162.pt,models_7x7\checkpoints\cycle_0152.pt,models_7x7\checkpoints\cycle_0152.pt,models_7x7\checkpoints\cycle_0162.pt,p2_win,1.0,36
135,models_7x7\checkpoints\cycle_0162.pt,models_7x7\checkpoints\cycle_0152.pt,models_7x7\checkpoints\cycle_0162.pt,models_7x7\checkpoints\cycle_0152.pt,p2_win,0.0,44
136,models_7x7\checkpoints\cycle_0162.pt,models_7x7\checkpoints\cycle_0152.pt,models_7x7\checkpoints\cycle_0152.pt,models_7x7\checkpoints\cycle_0162.pt,p2_win,1.0,38
137,models_7x7\checkpoints\cycle_0162.pt,models_7x7\checkpoints\cycle_0152.pt,models_7x7\checkpoints\cycle_0152.pt,models_7x7\checkpoints\cycle_0162.pt,p2_win,1.0,36
138,models_7x7\checkpoints\cycle_0162.pt,models_7x7\checkpoints\cycle_0152.pt,models_7x7\checkpoints\cycle_0152.pt,models_7x7\checkpoints\cycle_0162.pt,p1_win,0.0,37
139,models_7x7\checkpoints\cycle_0162.pt,models_7x7\checkpoints\cycle_0152.pt,models_7x7\checkpoints\cycle_0152.pt,models_7x7\checkpoints\cycle_0162.pt,p2_win,1.0,42
140,models_7x7\checkpoints\cycle_0162.pt,models_7x7\checkpoints\cycle_0152.pt,models_7x7\checkpoints\cycle_0162.pt,models_7x7\checkpoints\cycle_0152.pt,p2_win,0.0,40
141,models_7x7\checkpoints\cycle_0162.pt,models_7x7\checkpoints\cycle_0152.pt,models_7x7\checkpoints\cycle_0162.pt,models_7x7\checkpoints\cycle_0152.pt,p2_win,0.0,38
142,models_7x7\checkpoints\cycle_0162.pt,models_7x7\checkpoints\cycle_0152.pt,models_7x7\checkpoints\cycle_0152.pt,models_7x7\checkpoints\cycle_0162.pt,p2_win,1.0,38
143,models_7x7\checkpoints\cycle_0162.pt,models_7x7\checkpoints\cycle_0152.pt,models_7x7\checkpoints\cycle_0152.pt,models_7x7\checkpoints\cycle_0162.pt,p2_win,1.0,42
144,models_7x7\checkpoints\cycle_0162.pt,models_7x7\checkpoints\cycle_0152.pt,models_7x7\checkpoints\cycle_0152.pt,models_7x7\checkpoints\cycle_0162.pt,p2_win,1.0,38
145,models_7x7\checkpoints\cycle_0162.pt,models_7x7\checkpoints\cycle_0152.pt,models_7x7\checkpoints\cycle_0152.pt,models_7x7\checkpoints\cycle_0162.pt,p2_win,1.0,42
146,models_7x7\checkpoints\cycle_0162.pt,models_7x7\checkpoints\cycle_0152.pt,models_7x7\checkpoints\cycle_0152.pt,models_7x7\checkpoints\cycle_0162.pt,p2_win,1.0,42
147,models_7x7\checkpoints\cycle_0162.pt,models_7x7\checkpoints\cycle_0152.pt,models_7x7\checkpoints\cycle_0152.pt,models_7x7\checkpoints\cycle_0162.pt,p2_win,1.0,40
148,models_7x7\checkpoints\cycle_0162.pt,models_7x7\checkpoints\cycle_0152.pt,models_7x7\checkpoints\cycle_0152.pt,models_7x7\checkpoints\cycle_0162.pt,p2_win,1.0,40
149,models_7x7\checkpoints\cycle_0162.pt,models_7x7\checkpoints\cycle_0152.pt,models_7x7\checkpoints\cycle_0152.pt,models_7x7\checkpoints\cycle_0162.pt,p2_win,1.0,40
150,models_7x7\checkpoints\cycle_0162.pt,models_7x7\checkpoints\cycle_0152.pt,models_7x7\checkpoints\cycle_0162.pt,models_7x7\checkpoints\cycle_0152.pt,p1_win,1.0,37
151,models_7x7\checkpoints\cycle_0162.pt,models_7x7\checkpoints\cycle_0152.pt,models_7x7\checkpoints\cycle_0152.pt,models_7x7\checkpoints\cycle_0162.pt,p1_win,0.0,43
152,models_7x7\checkpoints\cycle_0162.pt,models_7x7\checkpoints\cycle_0152.pt,models_7x7\checkpoints\cycle_0152.pt,models_7x7\checkpoints\cycle_0162.pt,p2_win,1.0,44
153,models_7x7\checkpoints\cycle_0162.pt,models_7x7\checkpoints\cycle_0152.pt,models_7x7\checkpoints\cycle_0152.pt,models_7x7\checkpoints\cycle_0162.pt,p2_win,1.0,38
154,models_7x7\checkpoints\cycle_0162.pt,models_7x7\checkpoints\cycle_0152.pt,models_7x7\checkpoints\cycle_0152.pt,models_7x7\checkpoints\cycle_0162.pt,p2_win,1.0,38
155,models_7x7\checkpoints\cycle_0162.pt,models_7x7\checkpoints\cycle_0152.pt,models_7x7\checkpoints\cycle_0152.pt,models_7x7\checkpoints\cycle_0162.pt,p2_win,1.0,40
156,models_7x7\checkpoints\cycle_0162.pt,models_7x7\checkpoints\cycle_0152.pt,models_7x7\checkpoints\cycle_0152.pt,models_7x7\checkpoints\cycle_0162.pt,p2_win,1.0,40
157,models_7x7\checkpoints\cycle_0162.pt,models_7x7\checkpoints\cycle_0152.pt,models_7x7\checkpoints\cycle_0162.pt,models_7x7\checkpoints\cycle_0152.pt,p1_win,1.0,47
158,models_7x7\checkpoints\cycle_0162.pt,models_7x7\checkpoints\cycle_0152.pt,models_7x7\checkpoints\cycle_0152.pt,models_7x7\checkpoints\cycle_0162.pt,p2_win,1.0,38
159,models_7x7\checkpoints\cycle_0162.pt,models_7x7\checkpoints\cycle_0152.pt,models_7x7\checkpoints\cycle_0162.pt,models_7x7\checkpoints\cycle_0152.pt,p2_win,0.0,42
160,models_7x7\checkpoints\cycle_0162.pt,models_7x7\checkpoints\cycle_0152.pt,models_7x7\checkpoints\cycle_0152.pt,models_7x7\checkpoints\cycle_0162.pt,p2_win,1.0,50
161,models_7x7\checkpoints\cycle_0162.pt,models_7x7\checkpoints\cycle_0152.pt,models_7x7\checkpoints\cycle_0152.pt,models_7x7\checkpoints\cycle_0162.pt,p2_win,1.0,42
162,models_7x7\checkpoints\cycle_0162.pt,models_7x7\checkpoints\cycle_0152.pt,models_7x7\checkpoints\cycle_0152.pt,models_7x7\checkpoints\cycle_0162.pt,p1_win,0.0,47
163,models_7x7\checkpoints\cycle_0162.pt,models_7x7\checkpoints\cycle_0152.pt,models_7x7\checkpoints\cycle_0162.pt,models_7x7\checkpoints\cycle_0152.pt,p1_win,1.0,41
164,models_7x7\checkpoints\cycle_0162.pt,models_7x7\checkpoints\cycle_0152.pt,models_7x7\checkpoints\cycle_0152.pt,models_7x7\checkpoints\cycle_0162.pt,p2_win,1.0,40
165,models_7x7\checkpoints\cycle_0162.pt,models_7x7\checkpoints\cycle_0152.pt,models_7x7\checkpoints\cycle_0152.pt,models_7x7\checkpoints\cycle_0162.pt,p2_win,1.0,42
166,models_7x7\checkpoints\cycle_0162.pt,models_7x7\checkpoints\cycle_0152.pt,models_7x7\checkpoints\cycle_0152.pt,models_7x7\checkpoints\cycle_0162.pt,p1_win,0.0,39
167,models_7x7\checkpoints\cycle_0162.pt,models_7x7\checkpoints\cycle_0152.pt,models_7x7\checkpoints\cycle_0162.pt,models_7x7\checkpoints\cycle_0152.pt,p2_win,0.0,46
168,models_7x7\checkpoints\cycle_0162.pt,models_7x7\checkpoints\cycle_0152.pt,models_7x7\checkpoints\cycle_0152.pt,models_7x7\checkpoints\cycle_0162.pt,p2_win,1.0,42
169,models_7x7\checkpoints\cycle_0162.pt,models_7x7\checkpoints\cycle_0152.pt,models_7x7\checkpoints\cycle_0152.pt,models_7x7\checkpoints\cycle_0162.pt,p2_win,1.0,42
170,models_7x7\checkpoints\cycle_0162.pt,models_7x7\checkpoints\cycle_0152.pt,models_7x7\checkpoints\cycle_0152.pt,models_7x7\checkpoints\cycle_0162.pt,p2_win,1.0,42
171,models_7x7\checkpoints\cycle_0162.pt,models_7x7\checkpoints\cycle_0152.pt,models_7x7\checkpoints\cycle_0152.pt,models_7x7\checkpoints\cycle_0162.pt,p2_win,1.0,40
172,models_7x7\checkpoints\cycle_0162.pt,models_7x7\checkpoints\cycle_0152.pt,models_7x7\checkpoints\cycle_0152.pt,models_7x7\checkpoints\cycle_0162.pt,p2_win,1.0,40
173,models_7x7\checkpoints\cycle_0162.pt,models_7x7\checkpoints\cycle_0152.pt,models_7x7\checkpoints\cycle_0152.pt,models_7x7\checkpoints\cycle_0162.pt,p2_win,1.0,40
174,models_7x7\checkpoints\cycle_0162.pt,models_7x7\checkpoints\cycle_0152.pt,models_7x7\checkpoints\cycle_0162.pt,models_7x7\checkpoints\cycle_0152.pt,p1_win,1.0,47
175,models_7x7\checkpoints\cycle_0162.pt,models_7x7\checkpoints\cycle_0152.pt,models_7x7\checkpoints\cycle_0152.pt,models_7x7\checkpoints\cycle_0162.pt,p2_win,1.0,40
176,models_7x7\checkpoints\cycle_0162.pt,models_7x7\checkpoints\cycle_0152.pt,models_7x7\checkpoints\cycle_0162.pt,models_7x7\checkpoints\cycle_0152.pt,p1_win,1.0,43
177,models_7x7\checkpoints\cycle_0162.pt,models_7x7\checkpoints\cycle_0152.pt,models_7x7\checkpoints\cycle_0162.pt,models_7x7\checkpoints\cycle_0152.pt,p1_win,1.0,47
178,models_7x7\checkpoints\cycle_0162.pt,models_7x7\checkpoints\cycle_0152.pt,models_7x7\checkpoints\cycle_0162.pt,models_7x7\checkpoints\cycle_0152.pt,p1_win,1.0,41
179,models_7x7\checkpoints\cycle_0162.pt,models_7x7\checkpoints\cycle_0152.pt,models_7x7\checkpoints\cycle_0152.pt,models_7x7\checkpoints\cycle_0162.pt,p1_win,0.0,55
180,models_7x7\checkpoints\cycle_0162.pt,models_7x7\checkpoints\cycle_0152.pt,models_7x7\checkpoints\cycle_0162.pt,models_7x7\checkpoints\cycle_0152.pt,p1_win,1.0,47
181,models_7x7\checkpoints\cycle_0162.pt,models_7x7\checkpoints\cycle_0152.pt,models_7x7\checkpoints\cycle_0152.pt,models_7x7\checkpoints\cycle_0162.pt,p2_win,1.0,40
182,models_7x7\checkpoints\cycle_0162.pt,models_7x7\checkpoints\cycle_0152.pt,models_7x7\checkpoints\cycle_0162.pt,models_7x7\checkpoints\cycle_0152.pt,p1_win,1.0,47
183,models_7x7\checkpoints\cycle_0162.pt,models_7x7\checkpoints\cycle_0152.pt,models_7x7\checkpoints\cycle_0152.pt,models_7x7\checkpoints\cycle_0162.pt,p1_win,0.0,43
184,models_7x7\checkpoints\cycle_0162.pt,models_7x7\checkpoints\cycle_0152.pt,models_7x7\checkpoints\cycle_0152.pt,models_7x7\checkpoints\cycle_0162.pt,p2_win,1.0,38
185,models_7x7\checkpoints\cycle_0162.pt,models_7x7\checkpoints\cycle_0152.pt,models_7x7\checkpoints\cycle_0162.pt,models_7x7\checkpoints\cycle_0152.pt,p1_win,1.0,43
186,models_7x7\checkpoints\cycle_0162.pt,models_7x7\checkpoints\cycle_0152.pt,models_7x7\checkpoints\cycle_0152.pt,models_7x7\checkpoints\cycle_0162.pt,p2_win,1.0,40
187,models_7x7\checkpoints\cycle_0162.pt,models_7x7\checkpoints\cycle_0152.pt,models_7x7\checkpoints\cycle_0152.pt,models_7x7\checkpoints\cycle_0162.pt,p1_win,0.0,47
188,models_7x7\checkpoints\cycle_0162.pt,models_7x7\checkpoints\cycle_0152.pt,models_7x7\checkpoints\cycle_0162.pt,models_7x7\checkpoints\cycle_0152.pt,p1_win,1.0,45
189,models_7x7\checkpoints\cycle_0162.pt,models_7x7\checkpoints\cycle_0152.pt,models_7x7\checkpoints\cycle_0152.pt,models_7x7\checkpoints\cycle_0162.pt,p2_win,1.0,42
190,models_7x7\checkpoints\cycle_0162.pt,models_7x7\checkpoints\cycle_0152.pt,models_7x7\checkpoints\cycle_0152.pt,models_7x7\checkpoints\cycle_0162.pt,p1_win,0.0,45
191,models_7x7\checkpoints\cycle_0162.pt,models_7x7\checkpoints\cycle_0152.pt,models_7x7\checkpoints\cycle_0162.pt,models_7x7\checkpoints\cycle_0152.pt,p1_win,1.0,43
192,models_7x7\checkpoints\cycle_0162.pt,models_7x7\checkpoints\cycle_0152.pt,models_7x7\checkpoints\cycle_0162.pt,models_7x7\checkpoints\cycle_0152.pt,p1_win,1.0,47
193,models_7x7\checkpoints\cycle_0162.pt,models_7x7\checkpoints\cycle_0152.pt,models_7x7\checkpoints\cycle_0162.pt,models_7x7\checkpoints\cycle_0152.pt,p1_win,1.0,47
194,models_7x7\checkpoints\cycle_0162.pt,models_7x7\checkpoints\cycle_0152.pt,models_7x7\checkpoints\cycle_0162.pt,models_7x7\checkpoints\cycle_0152.pt,p1_win,1.0,39
195,models_7x7\checkpoints\cycle_0162.pt,models_7x7\checkpoints\cycle_0152.pt,models_7x7\checkpoints\cycle_0152.pt,models_7x7\checkpoints\cycle_0162.pt,p1_win,0.0,53
196,models_7x7\checkpoints\cycle_0162.pt,models_7x7\checkpoints\cycle_0152.pt,models_7x7\checkpoints\cycle_0152.pt,models_7x7\checkpoints\cycle_0162.pt,p2_win,1.0,40
197,models_7x7\checkpoints\cycle_0162.pt,models_7x7\checkpoints\cycle_0152.pt,models_7x7\checkpoints\cycle_0152.pt,models_7x7\checkpoints\cycle_0162.pt,p1_win,0.0,45
198,models_7x7\checkpoints\cycle_0162.pt,models_7x7\checkpoints\cycle_0152.pt,models_7x7\checkpoints\cycle_0162.pt,models_7x7\checkpoints\cycle_0152.pt,p1_win,1.0,41
199,models_7x7\checkpoints\cycle_0162.pt,models_7x7\checkpoints\cycle_0152.pt,models_7x7\checkpoints\cycle_0152.pt,models_7x7\checkpoints\cycle_0162.pt,p1_win,0.0,47
200,models_7x7\checkpoints\cycle_0162.pt,models_7x7\checkpoints\cycle_0152.pt,models_7x7\checkpoints\cycle_0162.pt,models_7x7\checkpoints\cycle_0152.pt,p1_win,1.0,43
201,models_7x7\checkpoints\cycle_0162.pt,models_7x7\checkpoints\cycle_0152.pt,models_7x7\checkpoints\cycle_0162.pt,models_7x7\checkpoints\cycle_0152.pt,p1_win,1.0,47
202,models_7x7\checkpoints\cycle_0162.pt,models_7x7\checkpoints\cycle_0152.pt,models_7x7\checkpoints\cycle_0152.pt,models_7x7\checkpoints\cycle_0162.pt,p2_win,1.0,50
203,models_7x7\checkpoints\cycle_0162.pt,models_7x7\checkpoints\cycle_0152.pt,models_7x7\checkpoints\cycle_0152.pt,models_7x7\checkpoints\cycle_0162.pt,p2_win,1.0,46
204,models_7x7\checkpoints\cycle_0162.pt,models_7x7\checkpoints\cycle_0152.pt,models_7x7\checkpoints\cycle_0162.pt,models_7x7\checkpoints\cycle_0152.pt,p2_win,0.0,44
205,models_7x7\checkpoints\cycle_0162.pt,models_7x7\checkpoints\cycle_0152.pt,models_7x7\checkpoints\cycle_0152.pt,models_7x7\checkpoints\cycle_0162.pt,p2_win,1.0,40
206,models_7x7\checkpoints\cycle_0162.pt,models_7x7\checkpoints\cycle_0152.pt,models_7x7\checkpoints\cycle_0152.pt,models_7x7\checkpoints\cycle_0162.pt,p2_win,1.0,44
207,models_7x7\checkpoints\cycle_0162.pt,models_7x7\checkpoints\cycle_0152.pt,models_7x7\checkpoints\cycle_0162.pt,models_7x7\checkpoints\cycle_0152.pt,p1_win,1.0,41
208,models_7x7\checkpoints\cycle_0162.pt,models_7x7\checkpoints\cycle_0152.pt,models_7x7\checkpoints\cycle_0152.pt,models_7x7\checkpoints\cycle_0162.pt,p2_win,1.0,46
209,models_7x7\checkpoints\cycle_0162.pt,models_7x7\checkpoints\cycle_0152.pt,models_7x7\checkpoints\cycle_0162.pt,models_7x7\checkpoints\cycle_0152.pt,p1_win,1.0,43
210,models_7x7\checkpoints\cycle_0162.pt,models_7x7\checkpoints\cycle_0152.pt,models_7x7\checkpoints\cycle_0162.pt,models_7x7\checkpoints\cycle_0152.pt,p1_win,1.0,45
211,models_7x7\checkpoints\cycle_0162.pt,models_7x7\checkpoints\cycle_0152.pt,models_7x7\checkpoints\cycle_0162.pt,models_7x7\checkpoints\cycle_0152.pt,p1_win,1.0,47
212,models_7x7\checkpoints\cycle_0162.pt,models_7x7\checkpoints\cycle_0152.pt,models_7x7\checkpoints\cycle_0162.pt,models_7x7\checkpoints\cycle_0152.pt,p2_win,0.0,40
213,models_7x7\checkpoints\cycle_0162.pt,models_7x7\checkpoints\cycle_0152.pt,models_7x7\checkpoints\cycle_0152.pt,models_7x7\checkpoints\cycle_0162.pt,p2_win,1.0,46
214,models_7x7\checkpoints\cycle_0162.pt,models_7x7\checkpoints\cycle_0152.pt,models_7x7\checkpoints\cycle_0152.pt,models_7x7\checkpoints\cycle_0162.pt,p2_win,1.0,50
215,models_7x7\checkpoints\cycle_0162.pt,models_7x7\checkpoints\cycle_0152.pt,models_7x7\checkpoints\cycle_0162.pt,models_7x7\checkpoints\cycle_0152.pt,p1_win,1.0,51
216,models_7x7\checkpoints\cycle_0162.pt,models_7x7\checkpoints\cycle_0152.pt,models_7x7\checkpoints\cycle_0162.pt,models_7x7\checkpoints\cycle_0152.pt,p2_win,0.0,44
217,models_7x7\checkpoints\cycle_0162.pt,models_7x7\checkpoints\cycle_0152.pt,models_7x7\checkpoints\cycle_0152.pt,models_7x7\checkpoints\cycle_0162.pt,p2_win,1.0,42
218,models_7x7\checkpoints\cycle_0162.pt,models_7x7\checkpoints\cycle_0152.pt,models_7x7\checkpoints\cycle_0152.pt,models_7x7\checkpoints\cycle_0162.pt,p2_win,1.0,42
219,models_7x7\checkpoints\cycle_0162.pt,models_7x7\checkpoints\cycle_0152.pt,models_7x7\checkpoints\cycle_0152.pt,models_7x7\checkpoints\cycle_0162.pt,p2_win,1.0,44
220,models_7x7\checkpoints\cycle_0162.pt,models_7x7\checkpoints\cycle_0152.pt,models_7x7\checkpoints\cycle_0162.pt,models_7x7\checkpoints\cycle_0152.pt,p2_win,0.0,42
221,models_7x7\checkpoints\cycle_0162.pt,models_7x7\checkpoints\cycle_0152.pt,models_7x7\checkpoints\cycle_0152.pt,models_7x7\checkpoints\cycle_0162.pt,p2_win,1.0,44
222,models_7x7\checkpoints\cycle_0162.pt,models_7x7\checkpoints\cycle_0152.pt,models_7x7\checkpoints\cycle_0152.pt,models_7x7\checkpoints\cycle_0162.pt,p2_win,1.0,46
223,models_7x7\checkpoints\cycle_0162.pt,models_7x7\checkpoints\cycle_0152.pt,models_7x7\checkpoints\cycle_0162.pt,models_7x7\checkpoints\cycle_0152.pt,p2_win,0.0,50
224,models_7x7\checkpoints\cycle_0162.pt,models_7x7\checkpoints\cycle_0152.pt,models_7x7\checkpoints\cycle_0152.pt,models_7x7\checkpoints\cycle_0162.pt,p1_win,0.0,41
225,models_7x7\checkpoints\cycle_0162.pt,models_7x7\checkpoints\cycle_0152.pt,models_7x7\checkpoints\cycle_0152.pt,models_7x7\checkpoints\cycle_0162.pt,p2_win,1.0,46
226,models_7x7\checkpoints\cycle_0162.pt,models_7x7\checkpoints\cycle_0152.pt,models_7x7\checkpoints\cycle_0152.pt,models_7x7\checkpoints\cycle_0162.pt,p2_win,1.0,48
227,models_7x7\checkpoints\cycle_0162.pt,models_7x7\checkpoints\cycle_0152.pt,models_7x7\checkpoints\cycle_0152.pt,models_7x7\checkpoints\cycle_0162.pt,p2_win,1.0,44
228,models_7x7\checkpoints\cycle_0162.pt,models_7x7\checkpoints\cycle_0152.pt,models_7x7\checkpoints\cycle_0152.pt,models_7x7\checkpoints\cycle_0162.pt,p2_win,1.0,40
229,models_7x7\checkpoints\cycle_0162.pt,models_7x7\checkpoints\cycle_0152.pt,models_7x7\checkpoints\cycle_0162.pt,models_7x7\checkpoints\cycle_0152.pt,p1_win,1.0,47
230,models_7x7\checkpoints\cycle_0162.pt,models_7x7\checkpoints\cycle_0152.pt,models_7x7\checkpoints\cycle_0162.pt,models_7x7\checkpoints\cycle_0152.pt,p1_win,1.0,43
231,models_7x7\checkpoints\cycle_0162.pt,models_7x7\checkpoints\cycle_0152.pt,models_7x7\checkpoints\cycle_0152.pt,models_7x7\checkpoints\cycle_0162.pt,p2_win,1.0,42
232,models_7x7\checkpoints\cycle_0162.pt,models_7x7\checkpoints\cycle_0152.pt,models_7x7\checkpoints\cycle_0162.pt,models_7x7\checkpoints\cycle_0152.pt,p1_win,1.0,47
233,models_7x7\checkpoints\cycle_0162.pt,models_7x7\checkpoints\cycle_0152.pt,models_7x7\checkpoints\cycle_0152.pt,models_7x7\checkpoints\cycle_0162.pt,p2_win,1.0,42
234,models_7x7\checkpoints\cycle_0162.pt,models_7x7\checkpoints\cycle_0152.pt,models_7x7\checkpoints\cycle_0152.pt,models_7x7\checkpoints\cycle_0162.pt,p2_win,1.0,42
235,models_7x7\checkpoints\cycle_0162.pt,models_7x7\checkpoints\cycle_0152.pt,models_7x7\checkpoints\cycle_0162.pt,models_7x7\checkpoints\cycle_0152.pt,p1_win,1.0,47
236,models_7x7\checkpoints\cycle_0162.pt,models_7x7\checkpoints\cycle_0152.pt,models_7x7\checkpoints\cycle_0152.pt,models_7x7\checkpoints\cycle_0162.pt,p2_win,1.0,44
237,models_7x7\checkpoints\cycle_0162.pt,models_7x7\checkpoints\cycle_0152.pt,models_7x7\checkpoints\cycle_0152.pt,models_7x7\checkpoints\cycle_0162.pt,p1_win,0.0,47
238,models_7x7\checkpoints\cycle_0162.pt,models_7x7\checkpoints\cycle_0152.pt,models_7x7\checkpoints\cycle_0152.pt,models_7x7\checkpoints\cycle_0162.pt,p2_win,1.0,54
239,models_7x7\checkpoints\cycle_0162.pt,models_7x7\checkpoints\cycle_0152.pt,models_7x7\checkpoints\cycle_0162.pt,models_7x7\checkpoints\cycle_0152.pt,p1_win,1.0,43
240,models_7x7\checkpoints\cycle_0162.pt,models_7x7\checkpoints\cycle_0152.pt,models_7x7\checkpoints\cycle_0162.pt,models_7x7\checkpoints\cycle_0152.pt,p1_win,1.0,47
241,models_7x7\checkpoints\cycle_0162.pt,models_7x7\checkpoints\cycle_0152.pt,models_7x7\checkpoints\cycle_0162.pt,models_7x7\checkpoints\cycle_0152.pt,p1_win,1.0,45
242,models_7x7\checkpoints\cycle_0162.pt,models_7x7\checkpoints\cycle_0152.pt,models_7x7\checkpoints\cycle_0162.pt,models_7x7\checkpoints\cycle_0152.pt,p1_win,1.0,47
243,models_7x7\checkpoints\cycle_0162.pt,models_7x7\checkpoints\cycle_0152.pt,models_7x7\checkpoints\cycle_0162.pt,models_7x7\checkpoints\cycle_0152.pt,p1_win,1.0,47
244,models_7x7\checkpoints\cycle_0162.pt,models_7x7\checkpoints\cycle_0152.pt,models_7x7\checkpoints\cycle_0162.pt,models_7x7\checkpoints\cycle_0152.pt,p1_win,1.0,47
245,models_7x7\checkpoints\cycle_0162.pt,models_7x7\checkpoints\cycle_0152.pt,models_7x7\checkpoints\cycle_0152.pt,models_7x7\checkpoints\cycle_0162.pt,p2_win,1.0,44
246,models_7x7\checkpoints\cycle_0162.pt,models_7x7\checkpoints\cycle_0152.pt,models_7x7\checkpoints\cycle_0152.pt,models_7x7\checkpoints\cycle_0162.pt,p2_win,1.0,42
247,models_7x7\checkpoints\cycle_0162.pt,models_7x7\checkpoints\cycle_0152.pt,models_7x7\checkpoints\cycle_0152.pt,models_7x7\checkpoints\cycle_0162.pt,p2_win,1.0,46
248,models_7x7\checkpoints\cycle_0162.pt,models_7x7\checkpoints\cycle_0152.pt,models_7x7\checkpoints\cycle_0152.pt,models_7x7\checkpoints\cycle_0162.pt,p2_win,1.0,42
249,models_7x7\checkpoints\cycle_0162.pt,models_7x7\checkpoints\cycle_0152.pt,models_7x7\checkpoints\cycle_0162.pt,models_7x7\checkpoints\cycle_0152.pt,p1_win,1.0,45
250,models_7x7\checkpoints\cycle_0162.pt,models_7x7\checkpoints\cycle_0152.pt,models_7x7\checkpoints\cycle_0162.pt,models_7x7\checkpoints\cycle_0152.pt,p1_win,1.0,47
251,models_7x7\checkpoints\cycle_0162.pt,models_7x7\checkpoints\cycle_0152.pt,models_7x7\checkpoints\cycle_0162.pt,models_7x7\checkpoints\cycle_0152.pt,p2_win,0.0,46
252,models_7x7\checkpoints\cycle_0162.pt,models_7x7\checkpoints\cycle_0152.pt,models_7x7\checkpoints\cycle_0152.pt,models_7x7\checkpoints\cycle_0162.pt,p2_win,1.0,42
253,models_7x7\checkpoints\cycle_0162.pt,models_7x7\checkpoints\cycle_0152.pt,models_7x7\checkpoints\cycle_0162.pt,models_7x7\checkpoints\cycle_0152.pt,p2_win,0.0,50
254,models_7x7\checkpoints\cycle_0162.pt,models_7x7\checkpoints\cycle_0152.pt,models_7x7\checkpoints\cycle_0162.pt,models_7x7\checkpoints\cycle_0152.pt,p1_win,1.0,51
255,models_7x7\checkpoints\cycle_0162.pt,models_7x7\checkpoints\cycle_0152.pt,models_7x7\checkpoints\cycle_0162.pt,models_7x7\checkpoints\cycle_0152.pt,p1_win,1.0,45
256,models_7x7\checkpoints\cycle_0162.pt,models_7x7\checkpoints\cycle_0152.pt,models_7x7\checkpoints\cycle_0162.pt,models_7x7\checkpoints\cycle_0152.pt,p1_win,1.0,43
257,models_7x7\checkpoints\cycle_0162.pt,models_7x7\checkpoints\cycle_0152.pt,models_7x7\checkpoints\cycle_0152.pt,models_7x7\checkpoints\cycle_0162.pt,p1_win,0.0,51
258,models_7x7\checkpoints\cycle_0162.pt,models_7x7\checkpoints\cycle_0152.pt,models_7x7\checkpoints\cycle_0162.pt,models_7x7\checkpoints\cycle_0152.pt,p1_win,1.0,43
259,models_7x7\checkpoints\cycle_0162.pt,models_7x7\checkpoints\cycle_0152.pt,models_7x7\checkpoints\cycle_0152.pt,models_7x7\checkpoints\cycle_0162.pt,p2_win,1.0,52
260,models_7x7\checkpoints\cycle_0162.pt,models_7x7\checkpoints\cycle_0152.pt,models_7x7\checkpoints\cycle_0152.pt,models_7x7\checkpoints\cycle_0162.pt,p2_win,1.0,42
261,models_7x7\checkpoints\cycle_0162.pt,models_7x7\checkpoints\cycle_0152.pt,models_7x7\checkpoints\cycle_0152.pt,models_7x7\checkpoints\cycle_0162.pt,p2_win,1.0,48
262,models_7x7\checkpoints\cycle_0162.pt,models_7x7\checkpoints\cycle_0152.pt,models_7x7\checkpoints\cycle_0152.pt,models_7x7\checkpoints\cycle_0162.pt,p2_win,1.0,48
263,models_7x7\checkpoints\cycle_0162.pt,models_7x7\checkpoints\cycle_0152.pt,models_7x7\checkpoints\cycle_0152.pt,models_7x7\checkpoints\cycle_0162.pt,p2_win,1.0,42
264,models_7x7\checkpoints\cycle_0162.pt,models_7x7\checkpoints\cycle_0152.pt,models_7x7\checkpoints\cycle_0162.pt,models_7x7\checkpoints\cycle_0152.pt,p2_win,0.0,42
265,models_7x7\checkpoints\cycle_0162.pt,models_7x7\checkpoints\cycle_0152.pt,models_7x7\checkpoints\cycle_0152.pt,models_7x7\checkpoints\cycle_0162.pt,p2_win,1.0,56
266,models_7x7\checkpoints\cycle_0162.pt,models_7x7\checkpoints\cycle_0152.pt,models_7x7\checkpoints\cycle_0162.pt,models_7x7\checkpoints\cycle_0152.pt,p1_win,1.0,47
267,models_7x7\checkpoints\cycle_0162.pt,models_7x7\checkpoints\cycle_0152.pt,models_7x7\checkpoints\cycle_0162.pt,models_7x7\checkpoints\cycle_0152.pt,p1_win,1.0,47
268,models_7x7\checkpoints\cycle_0162.pt,models_7x7\checkpoints\cycle_0152.pt,models_7x7\checkpoints\cycle_0152.pt,models_7x7\checkpoints\cycle_0162.pt,p2_win,1.0,50
269,models_7x7\checkpoints\cycle_0162.pt,models_7x7\checkpoints\cycle_0152.pt,models_7x7\checkpoints\cycle_0162.pt,models_7x7\checkpoints\cycle_0152.pt,p1_win,1.0,45
270,models_7x7\checkpoints\cycle_0162.pt,models_7x7\checkpoints\cycle_0152.pt,models_7x7\checkpoints\cycle_0152.pt,models_7x7\checkpoints\cycle_0162.pt,p2_win,1.0,44
271,models_7x7\checkpoints\cycle_0162.pt,models_7x7\checkpoints\cycle_0152.pt,models_7x7\checkpoints\cycle_0152.pt,models_7x7\checkpoints\cycle_0162.pt,p2_win,1.0,46
272,models_7x7\checkpoints\cycle_0162.pt,models_7x7\checkpoints\cycle_0152.pt,models_7x7\checkpoints\cycle_0152.pt,models_7x7\checkpoints\cycle_0162.pt,p2_win,1.0,46
273,models_7x7\checkpoints\cycle_0162.pt,models_7x7\checkpoints\cycle_0152.pt,models_7x7\checkpoints\cycle_0152.pt,models_7x7\checkpoints\cycle_0162.pt,p2_win,1.0,48
274,models_7x7\checkpoints\cycle_0162.pt,models_7x7\checkpoints\cycle_0152.pt,models_7x7\checkpoints\cycle_0152.pt,models_7x7\checkpoints\cycle_0162.pt,p2_win,1.0,44
275,models_7x7\checkpoints\cycle_0162.pt,models_7x7\checkpoints\cycle_0152.pt,models_7x7\checkpoints\cycle_0152.pt,models_7x7\checkpoints\cycle_0162.pt,p2_win,1.0,48
276,models_7x7\checkpoints\cycle_0162.pt,models_7x7\checkpoints\cycle_0152.pt,models_7x7\checkpoints\cycle_0152.pt,models_7x7\checkpoints\cycle_0162.pt,p2_win,1.0,42
277,models_7x7\checkpoints\cycle_0162.pt,models_7x7\checkpoints\cycle_0152.pt,models_7x7\checkpoints\cycle_0152.pt,models_7x7\checkpoints\cycle_0162.pt,p1_win,0.0,47
278,models_7x7\checkpoints\cycle_0162.pt,models_7x7\checkpoints\cycle_0152.pt,models_7x7\checkpoints\cycle_0162.pt,models_7x7\checkpoints\cycle_0152.pt,p1_win,1.0,47
279,models_7x7\checkpoints\cycle_0162.pt,models_7x7\checkpoints\cycle_0152.pt,models_7x7\checkpoints\cycle_0152.pt,models_7x7\checkpoints\cycle_0162.pt,p2_win,1.0,46
280,models_7x7\checkpoints\cycle_0162.pt,models_7x7\checkpoints\cycle_0152.pt,models_7x7\checkpoints\cycle_0152.pt,models_7x7\checkpoints\cycle_0162.pt,p2_win,1.0,48
281,models_7x7\checkpoints\cycle_0162.pt,models_7x7\checkpoints\cycle_0152.pt,models_7x7\checkpoints\cycle_0162.pt,models_7x7\checkpoints\cycle_0152.pt,p2_win,0.0,44
282,models_7x7\checkpoints\cycle_0162.pt,models_7x7\checkpoints\cycle_0152.pt,models_7x7\checkpoints\cycle_0152.pt,models_7x7\checkpoints\cycle_0162.pt,p1_win,0.0,47
283,models_7x7\checkpoints\cycle_0162.pt,models_7x7\checkpoints\cycle_0152.pt,models_7x7\checkpoints\cycle_0162.pt,models_7x7\checkpoints\cycle_0152.pt,p1_win,1.0,47
284,models_7x7\checkpoints\cycle_0162.pt,models_7x7\checkpoints\cycle_0152.pt,models_7x7\checkpoints\cycle_0152.pt,models_7x7\checkpoints\cycle_0162.pt,p2_win,1.0,46
285,models_7x7\checkpoints\cycle_0162.pt,models_7x7\checkpoints\cycle_0152.pt,models_7x7\checkpoints\cycle_0152.pt,models_7x7\checkpoints\cycle_0162.pt,p2_win,1.0,50
286,models_7x7\checkpoints\cycle_0162.pt,models_7x7\checkpoints\cycle_0152.pt,models_7x7\checkpoints\cycle_0152.pt,models_7x7\checkpoints\cycle_0162.pt,p2_win,1.0,62
287,models_7x7\checkpoints\cycle_0162.pt,models_7x7\checkpoints\cycle_0152.pt,models_7x7\checkpoints\cycle_0152.pt,models_7x7\checkpoints\cycle_0162.pt,p2_win,1.0,42
288,models_7x7\checkpoints\cycle_0162.pt,models_7x7\checkpoints\cycle_0152.pt,models_7x7\checkpoints\cycle_0152.pt,models_7x7\checkpoints\cycle_0162.pt,p2_win,1.0,42
289,models_7x7\checkpoints\cycle_0162.pt,models_7x7\checkpoints\cycle_0152.pt,models_7x7\checkpoints\cycle_0152.pt,models_7x7\checkpoints\cycle_0162.pt,p2_win,1.0,42
290,models_7x7\checkpoints\cycle_0162.pt,models_7x7\checkpoints\cycle_0152.pt,models_7x7\checkpoints\cycle_0152.pt,models_7x7\checkpoints\cycle_0162.pt,p2_win,1.0,46
291,models_7x7\checkpoints\cycle_0162.pt,models_7x7\checkpoints\cycle_0152.pt,models_7x7\checkpoints\cycle_0162.pt,models_7x7\checkpoints\cycle_0152.pt,p1_win,1.0,49
292,models_7x7\checkpoints\cycle_0162.pt,models_7x7\checkpoints\cycle_0152.pt,models_7x7\checkpoints\cycle_0162.pt,models_7x7\checkpoints\cycle_0152.pt,p2_win,0.0,50
293,models_7x7\checkpoints\cycle_0162.pt,models_7x7\checkpoints\cycle_0152.pt,models_7x7\checkpoints\cycle_0162.pt,models_7x7\checkpoints\cycle_0152.pt,p2_win,0.0,48
294,models_7x7\checkpoints\cycle_0162.pt,models_7x7\checkpoints\cycle_0152.pt,models_7x7\checkpoints\cycle_0162.pt,models_7x7\checkpoints\cycle_0152.pt,p2_win,0.0,52
295,models_7x7\checkpoints\cycle_0162.pt,models_7x7\checkpoints\cycle_0152.pt,models_7x7\checkpoints\cycle_0152.pt,models_7x7\checkpoints\cycle_0162.pt,p1_win,0.0,45
296,models_7x7\checkpoints\cycle_0162.pt,models_7x7\checkpoints\cycle_0152.pt,models_7x7\checkpoints\cycle_0162.pt,models_7x7\checkpoints\cycle_0152.pt,p2_win,0.0,48
297,models_7x7\checkpoints\cycle_0162.pt,models_7x7\checkpoints\cycle_0152.pt,models_7x7\checkpoints\cycle_0162.pt,models_7x7\checkpoints\cycle_0152.pt,p2_win,0.0,48
298,models_7x7\checkpoints\cycle_0162.pt,models_7x7\checkpoints\cycle_0152.pt,models_7x7\checkpoints\cycle_0162.pt,models_7x7\checkpoints\cycle_0152.pt,p1_win,1.0,51
299,models_7x7\checkpoints\cycle_0162.pt,models_7x7\checkpoints\cycle_0152.pt,models_7x7\checkpoints\cycle_0162.pt,models_7x7\checkpoints\cycle_0152.pt,p2_win,0.0,46
300,models_7x7\checkpoints\cycle_0162.pt,models_7x7\checkpoints\cycle_0152.pt,models_7x7\checkpoints\cycle_0162.pt,models_7x7\checkpoints\cycle_0152.pt,p1_win,1.0,49
301,models_7x7\checkpoints\cycle_0162.pt,models_7x7\checkpoints\cycle_0152.pt,models_7x7\checkpoints\cycle_0162.pt,models_7x7\checkpoints\cycle_0152.pt,p1_win,1.0,51
302,models_7x7\checkpoints\cycle_0162.pt,models_7x7\checkpoints\cycle_0152.pt,models_7x7\checkpoints\cycle_0152.pt,models_7x7\checkpoints\cycle_0162.pt,p1_win,0.0,49
303,models_7x7\checkpoints\cycle_0162.pt,models_7x7\checkpoints\cycle_0152.pt,models_7x7\checkpoints\cycle_0152.pt,models_7x7\checkpoints\cycle_0162.pt,p2_win,1.0,50
304,models_7x7\checkpoints\cycle_0162.pt,models_7x7\checkpoints\cycle_0152.pt,models_7x7\checkpoints\cycle_0152.pt,models_7x7\checkpoints\cycle_0162.pt,p2_win,1.0,42
305,models_7x7\checkpoints\cycle_0162.pt,models_7x7\checkpoints\cycle_0152.pt,models_7x7\checkpoints\cycle_0152.pt,models_7x7\checkpoints\cycle_0162.pt,p2_win,1.0,46
306,models_7x7\checkpoints\cycle_0162.pt,models_7x7\checkpoints\cycle_0152.pt,models_7x7\checkpoints\cycle_0152.pt,models_7x7\checkpoints\cycle_0162.pt,p2_win,1.0,50
307,models_7x7\checkpoints\cycle_0162.pt,models_7x7\checkpoints\cycle_0152.pt,models_7x7\checkpoints\cycle_0162.pt,models_7x7\checkpoints\cycle_0152.pt,p1_win,1.0,57
308,models_7x7\checkpoints\cycle_0162.pt,models_7x7\checkpoints\cycle_0152.pt,models_7x7\checkpoints\cycle_0152.pt,models_7x7\checkpoints\cycle_0162.pt,p1_win,0.0,49
309,models_7x7\checkpoints\cycle_0162.pt,models_7x7\checkpoints\cycle_0152.pt,models_7x7\checkpoints\cycle_0162.pt,models_7x7\checkpoints\cycle_0152.pt,p1_win,1.0,51
310,models_7x7\checkpoints\cycle_0162.pt,models_7x7\checkpoints\cycle_0152.pt,models_7x7\checkpoints\cycle_0152.pt,models_7x7\checkpoints\cycle_0162.pt,p2_win,1.0,44
311,models_7x7\checkpoints\cycle_0162.pt,models_7x7\checkpoints\cycle_0152.pt,models_7x7\checkpoints\cycle_0152.pt,models_7x7\checkpoints\cycle_0162.pt,p1_win,0.0,53
312,models_7x7\checkpoints\cycle_0162.pt,models_7x7\checkpoints\cycle_0152.pt,models_7x7\checkpoints\cycle_0152.pt,models_7x7\checkpoints\cycle_0162.pt,p2_win,1.0,48
313,models_7x7\checkpoints\cycle_0162.pt,models_7x7\checkpoints\cycle_0152.pt,models_7x7\checkpoints\cycle_0162.pt,models_7x7\checkpoints\cycle_0152.pt,p1_win,1.0,45
314,models_7x7\checkpoints\cycle_0162.pt,models_7x7\checkpoints\cycle_0152.pt,models_7x7\checkpoints\cycle_0162.pt,models_7x7\checkpoints\cycle_0152.pt,p1_win,1.0,47
315,models_7x7\checkpoints\cycle_0162.pt,models_7x7\checkpoints\cycle_0152.pt,models_7x7\checkpoints\cycle_0162.pt,models_7x7\checkpoints\cycle_0152.pt,p2_win,0.0,50
316,models_7x7\checkpoints\cycle_0162.pt,models_7x7\checkpoints\cycle_0152.pt,models_7x7\checkpoints\cycle_0162.pt,models_7x7\checkpoints\cycle_0152.pt,p1_win,1.0,57
317,models_7x7\checkpoints\cycle_0162.pt,models_7x7\checkpoints\cycle_0152.pt,models_7x7\checkpoints\cycle_0162.pt,models_7x7\checkpoints\cycle_0152.pt,p1_win,1.0,45
318,models_7x7\checkpoints\cycle_0162.pt,models_7x7\checkpoints\cycle_0152.pt,models_7x7\checkpoints\cycle_0162.pt,models_7x7\checkpoints\cycle_0152.pt,p1_win,1.0,45
319,models_7x7\checkpoints\cycle_0162.pt,models_7x7\checkpoints\cycle_0152.pt,models_7x7\checkpoints\cycle_0152.pt,models_7x7\checkpoints\cycle_0162.pt,p2_win,1.0,62
320,models_7x7\checkpoints\cycle_0162.pt,models_7x7\checkpoints\cycle_0152.pt,models_7x7\checkpoints\cycle_0162.pt,models_7x7\checkpoints\cycle_0152.pt,p2_win,0.0,44
321,models_7x7\checkpoints\cycle_0162.pt,models_7x7\checkpoints\cycle_0152.pt,models_7x7\checkpoints\cycle_0152.pt,models_7x7\checkpoints\cycle_0162.pt,p2_win,1.0,48
322,models_7x7\checkpoints\cycle_0162.pt,models_7x7\checkpoints\cycle_0152.pt,models_7x7\checkpoints\cycle_0162.pt,models_7x7\checkpoints\cycle_0152.pt,p2_win,0.0,50
323,models_7x7\checkpoints\cycle_0162.pt,models_7x7\checkpoints\cycle_0152.pt,models_7x7\checkpoints\cycle_0152.pt,models_7x7\checkpoints\cycle_0162.pt,p2_win,1.0,50
324,models_7x7\checkpoints\cycle_0162.pt,models_7x7\checkpoints\cycle_0152.pt,models_7x7\checkpoints\cycle_0152.pt,models_7x7\checkpoints\cycle_0162.pt,p2_win,1.0,46
325,models_7x7\checkpoints\cycle_0162.pt,models_7x7\checkpoints\cycle_0152.pt,models_7x7\checkpoints\cycle_0152.pt,models_7x7\checkpoints\cycle_0162.pt,p2_win,1.0,52
326,models_7x7\checkpoints\cycle_0162.pt,models_7x7\checkpoints\cycle_0152.pt,models_7x7\checkpoints\cycle_0162.pt,models_7x7\checkpoints\cycle_0152.pt,p2_win,0.0,48
327,models_7x7\checkpoints\cycle_0162.pt,models_7x7\checkpoints\cycle_0152.pt,models_7x7\checkpoints\cycle_0162.pt,models_7x7\checkpoints\cycle_0152.pt,p2_win,0.0,48
328,models_7x7\checkpoints\cycle_0162.pt,models_7x7\checkpoints\cycle_0152.pt,models_7x7\checkpoints\cycle_0152.pt,models_7x7\checkpoints\cycle_0162.pt,p2_win,1.0,48
329,models_7x7\checkpoints\cycle_0162.pt,models_7x7\checkpoints\cycle_0152.pt,models_7x7\checkpoints\cycle_0162.pt,models_7x7\checkpoints\cycle_0152.pt,p2_win,0.0,46
330,models_7x7\checkpoints\cycle_0162.pt,models_7x7\checkpoints\cycle_0152.pt,models_7x7\checkpoints\cycle_0152.pt,models_7x7\checkpoints\cycle_0162.pt,p2_win,1.0,46
331,models_7x7\checkpoints\cycle_0162.pt,models_7x7\checkpoints\cycle_0152.pt,models_7x7\checkpoints\cycle_0152.pt,models_7x7\checkpoints\cycle_0162.pt,p2_win,1.0,52
332,models_7x7\checkpoints\cycle_0162.pt,models_7x7\checkpoints\cycle_0152.pt,models_7x7\checkpoints\cycle_0162.pt,models_7x7\checkpoints\cycle_0152.pt,p1_win,1.0,43
333,models_7x7\checkpoints\cycle_0162.pt,models_7x7\checkpoints\cycle_0152.pt,models_7x7\checkpoints\cycle_0152.pt,models_7x7\checkpoints\cycle_0162.pt,p2_win,1.0,50
334,models_7x7\checkpoints\cycle_0162.pt,models_7x7\checkpoints\cycle_0152.pt,models_7x7\checkpoints\cycle_0162.pt,models_7x7\checkpoints\cycle_0152.pt,p1_win,1.0,53
335,models_7x7\checkpoints\cycle_0162.pt,models_7x7\checkpoints\cycle_0152.pt,models_7x7\checkpoints\cycle_0162.pt,models_7x7\checkpoints\cycle_0152.pt,p1_win,1.0,45
336,models_7x7\checkpoints\cycle_0162.pt,models_7x7\checkpoints\cycle_0152.pt,models_7x7\checkpoints\cycle_0152.pt,models_7x7\checkpoints\cycle_0162.pt,p1_win,0.0,61
337,models_7x7\checkpoints\cycle_0162.pt,models_7x7\checkpoints\cycle_0152.pt,models_7x7\checkpoints\cycle_0152.pt,models_7x7\checkpoints\cycle_0162.pt,p2_win,1.0,46
338,models_7x7\checkpoints\cycle_0162.pt,models_7x7\checkpoints\cycle_0152.pt,models_7x7\checkpoints\cycle_0152.pt,models_7x7\checkpoints\cycle_0162.pt,p2_win,1.0,54
339,models_7x7\checkpoints\cycle_0162.pt,models_7x7\checkpoints\cycle_0152.pt,models_7x7\checkpoints\cycle_0162.pt,models_7x7\checkpoints\cycle_0152.pt,p1_win,1.0,51
340,models_7x7\checkpoints\cycle_0162.pt,models_7x7\checkpoints\cycle_0152.pt,models_7x7\checkpoints\cycle_0152.pt,models_7x7\checkpoints\cycle_0162.pt,p2_win,1.0,44
341,models_7x7\checkpoints\cycle_0162.pt,models_7x7\checkpoints\cycle_0152.pt,models_7x7\checkpoints\cycle_0162.pt,models_7x7\checkpoints\cycle_0152.pt,p1_win,1.0,49
342,models_7x7\checkpoints\cycle_0162.pt,models_7x7\checkpoints\cycle_0152.pt,models_7x7\checkpoints\cycle_0152.pt,models_7x7\checkpoints\cycle_0162.pt,p2_win,1.0,46
343,models_7x7\checkpoints\cycle_0162.pt,models_7x7\checkpoints\cycle_0152.pt,models_7x7\checkpoints\cycle_0152.pt,models_7x7\checkpoints\cycle_0162.pt,p2_win,1.0,52
344,models_7x7\checkpoints\cycle_0162.pt,models_7x7\checkpoints\cycle_0152.pt,models_7x7\checkpoints\cycle_0152.pt,models_7x7\checkpoints\cycle_0162.pt,p2_win,1.0,46
345,models_7x7\checkpoints\cycle_0162.pt,models_7x7\checkpoints\cycle_0152.pt,models_7x7\checkpoints\cycle_0152.pt,models_7x7\checkpoints\cycle_0162.pt,p1_win,0.0,49
346,models_7x7\checkpoints\cycle_0162.pt,models_7x7\checkpoints\cycle_0152.pt,models_7x7\checkpoints\cycle_0162.pt,models_7x7\checkpoints\cycle_0152.pt,p2_win,0.0,52
347,models_7x7\checkpoints\cycle_0162.pt,models_7x7\checkpoints\cycle_0152.pt,models_7x7\checkpoints\cycle_0162.pt,models_7x7\checkpoints\cycle_0152.pt,p1_win,1.0,45
348,models_7x7\checkpoints\cycle_0162.pt,models_7x7\checkpoints\cycle_0152.pt,models_7x7\checkpoints\cycle_0152.pt,models_7x7\checkpoints\cycle_0162.pt,p2_win,1.0,44
349,models_7x7\checkpoints\cycle_0162.pt,models_7x7\checkpoints\cycle_0152.pt,models_7x7\checkpoints\cycle_0162.pt,models_7x7\checkpoints\cycle_0152.pt,p2_win,0.0,44
350,models_7x7\checkpoints\cycle_0162.pt,models_7x7\checkpoints\cycle_0152.pt,models_7x7\checkpoints\cycle_0152.pt,models_7x7\checkpoints\cycle_0162.pt,p2_win,1.0,52
351,models_7x7\checkpoints\cycle_0162.pt,models_7x7\checkpoints\cycle_0152.pt,models_7x7\checkpoints\cycle_0152.pt,models_7x7\checkpoints\cycle_0162.pt,p2_win,1.0,46
352,models_7x7\checkpoints\cycle_0162.pt,models_7x7\checkpoints\cycle_0152.pt,models_7x7\checkpoints\cycle_0162.pt,models_7x7\checkpoints\cycle_0152.pt,p1_win,1.0,51
353,models_7x7\checkpoints\cycle_0162.pt,models_7x7\checkpoints\cycle_0152.pt,models_7x7\checkpoints\cycle_0162.pt,models_7x7\checkpoints\cycle_0152.pt,p1_win,1.0,49
354,models_7x7\checkpoints\cycle_0162.pt,models_7x7\checkpoints\cycle_0152.pt,models_7x7\checkpoints\cycle_0152.pt,models_7x7\checkpoints\cycle_0162.pt,p2_win,1.0,58
355,models_7x7\checkpoints\cycle_0162.pt,models_7x7\checkpoints\cycle_0152.pt,models_7x7\checkpoints\cycle_0162.pt,models_7x7\checkpoints\cycle_0152.pt,p2_win,0.0,50
356,models_7x7\checkpoints\cycle_0162.pt,models_7x7\checkpoints\cycle_0152.pt,models_7x7\checkpoints\cycle_0162.pt,models_7x7\checkpoints\cycle_0152.pt,p1_win,1.0,49
357,models_7x7\checkpoints\cycle_0162.pt,models_7x7\checkpoints\cycle_0152.pt,models_7x7\checkpoints\cycle_0152.pt,models_7x7\checkpoints\cycle_0162.pt,p1_win,0.0,51
358,models_7x7\checkpoints\cycle_0162.pt,models_7x7\checkpoints\cycle_0152.pt,models_7x7\checkpoints\cycle_0162.pt,models_7x7\checkpoints\cycle_0152.pt,p2_win,0.0,52
359,models_7x7\checkpoints\cycle_0162.pt,models_7x7\checkpoints\cycle_0152.pt,models_7x7\checkpoints\cycle_0152.pt,models_7x7\checkpoints\cycle_0162.pt,p1_win,0.0,51
360,models_7x7\checkpoints\cycle_0162.pt,models_7x7\checkpoints\cycle_0152.pt,models_7x7\checkpoints\cycle_0152.pt,models_7x7\checkpoints\cycle_0162.pt,p2_win,1.0,44
361,models_7x7\checkpoints\cycle_0162.pt,models_7x7\checkpoints\cycle_0152.pt,models_7x7\checkpoints\cycle_0162.pt,models_7x7\checkpoints\cycle_0152.pt,p1_win,1.0,53
362,models_7x7\checkpoints\cycle_0162.pt,models_7x7\checkpoints\cycle_0152.pt,models_7x7\checkpoints\cycle_0152.pt,models_7x7\checkpoints\cycle_0162.pt,p2_win,1.0,50
363,models_7x7\checkpoints\cycle_0162.pt,models_7x7\checkpoints\cycle_0152.pt,models_7x7\checkpoints\cycle_0152.pt,models_7x7\checkpoints\cycle_0162.pt,p2_win,1.0,50
364,models_7x7\checkpoints\cycle_0162.pt,models_7x7\checkpoints\cycle_0152.pt,models_7x7\checkpoints\cycle_0152.pt,models_7x7\checkpoints\cycle_0162.pt,p2_win,1.0,54
365,models_7x7\checkpoints\cycle_0162.pt,models_7x7\checkpoints\cycle_0152.pt,models_7x7\checkpoints\cycle_0152.pt,models_7x7\checkpoints\cycle_0162.pt,p2_win,1.0,46
366,models_7x7\checkpoints\cycle_0162.pt,models_7x7\checkpoints\cycle_0152.pt,models_7x7\checkpoints\cycle_0162.pt,models_7x7\checkpoints\cycle_0152.pt,p2_win,0.0,54
367,models_7x7\checkpoints\cycle_0162.pt,models_7x7\checkpoints\cycle_0152.pt,models_7x7\checkpoints\cycle_0152.pt,models_7x7\checkpoints\cycle_0162.pt,p2_win,1.0,54
368,models_7x7\checkpoints\cycle_0162.pt,models_7x7\checkpoints\cycle_0152.pt,models_7x7\checkpoints\cycle_0162.pt,models_7x7\checkpoints\cycle_0152.pt,p2_win,0.0,48
369,models_7x7\checkpoints\cycle_0162.pt,models_7x7\checkpoints\cycle_0152.pt,models_7x7\checkpoints\cycle_0152.pt,models_7x7\checkpoints\cycle_0162.pt,p2_win,1.0,56
370,models_7x7\checkpoints\cycle_0162.pt,models_7x7\checkpoints\cycle_0152.pt,models_7x7\checkpoints\cycle_0162.pt,models_7x7\checkpoints\cycle_0152.pt,p1_win,1.0,63
371,models_7x7\checkpoints\cycle_0162.pt,models_7x7\checkpoints\cycle_0152.pt,models_7x7\checkpoints\cycle_0162.pt,models_7x7\checkpoints\cycle_0152.pt,p1_win,1.0,47
372,models_7x7\checkpoints\cycle_0162.pt,models_7x7\checkpoints\cycle_0152.pt,models_7x7\checkpoints\cycle_0152.pt,models_7x7\checkpoints\cycle_0162.pt,p1_win,0.0,53
373,models_7x7\checkpoints\cycle_0162.pt,models_7x7\checkpoints\cycle_0152.pt,models_7x7\checkpoints\cycle_0162.pt,models_7x7\checkpoints\cycle_0152.pt,p1_win,1.0,47
374,models_7x7\checkpoints\cycle_0162.pt,models_7x7\checkpoints\cycle_0152.pt,models_7x7\checkpoints\cycle_0162.pt,models_7x7\checkpoints\cycle_0152.pt,p1_win,1.0,49
375,models_7x7\checkpoints\cycle_0162.pt,models_7x7\checkpoints\cycle_0152.pt,models_7x7\checkpoints\cycle_0152.pt,models_7x7\checkpoints\cycle_0162.pt,p1_win,0.0,53
376,models_7x7\checkpoints\cycle_0162.pt,models_7x7\checkpoints\cycle_0152.pt,models_7x7\checkpoints\cycle_0152.pt,models_7x7\checkpoints\cycle_0162.pt,p2_win,1.0,48
377,models_7x7\checkpoints\cycle_0162.pt,models_7x7\checkpoints\cycle_0152.pt,models_7x7\checkpoints\cycle_0162.pt,models_7x7\checkpoints\cycle_0152.pt,p1_win,1.0,47
378,models_7x7\checkpoints\cycle_0162.pt,models_7x7\checkpoints\cycle_0152.pt,models_7x7\checkpoints\cycle_0162.pt,models_7x7\checkpoints\cycle_0152.pt,p2_win,0.0,46
379,models_7x7\checkpoints\cycle_0162.pt,models_7x7\checkpoints\cycle_0152.pt,models_7x7\checkpoints\cycle_0162.pt,models_7x7\checkpoints\cycle_0152.pt,p1_win,1.0,47
380,models_7x7\checkpoints\cycle_0162.pt,models_7x7\checkpoints\cycle_0152.pt,models_7x7\checkpoints\cycle_0152.pt,models_7x7\checkpoints\cycle_0162.pt,p2_win,1.0,56
381,models_7x7\checkpoints\cycle_0162.pt,models_7x7\checkpoints\cycle_0152.pt,models_7x7\checkpoints\cycle_0162.pt,models_7x7\checkpoints\cycle_0152.pt,p1_win,1.0,47
382,models_7x7\checkpoints\cycle_0162.pt,models_7x7\checkpoints\cycle_0152.pt,models_7x7\checkpoints\cycle_0162.pt,models_7x7\checkpoints\cycle_0152.pt,p1_win,1.0,51
383,models_7x7\checkpoints\cycle_0162.pt,models_7x7\checkpoints\cycle_0152.pt,models_7x7\checkpoints\cycle_0162.pt,models_7x7\checkpoints\cycle_0152.pt,p2_win,0.0,48
384,models_7x7\checkpoints\cycle_0162.pt,models_7x7\checkpoints\cycle_0152.pt,models_7x7\checkpoints\cycle_0162.pt,models_7x7\checkpoints\cycle_0152.pt,p2_win,0.0,46
385,models_7x7\checkpoints\cycle_0162.pt,models_7x7\checkpoints\cycle_0152.pt,models_7x7\checkpoints\cycle_0162.pt,models_7x7\checkpoints\cycle_0152.pt,p1_win,1.0,49
386,models_7x7\checkpoints\cycle_0162.pt,models_7x7\checkpoints\cycle_0152.pt,models_7x7\checkpoints\cycle_0152.pt,models_7x7\checkpoints\cycle_0162.pt,p1_win,0.0,51
387,models_7x7\checkpoints\cycle_0162.pt,models_7x7\checkpoints\cycle_0152.pt,models_7x7\checkpoints\cycle_0162.pt,models_7x7\checkpoints\cycle_0152.pt,p1_win,1.0,47
388,models_7x7\checkpoints\cycle_0162.pt,models_7x7\checkpoints\cycle_0152.pt,models_7x7\checkpoints\cycle_0152.pt,models_7x7\checkpoints\cycle_0162.pt,p2_win,1.0,56
389,models_7x7\checkpoints\cycle_0162.pt,models_7x7\checkpoints\cycle_0152.pt,models_7x7\checkpoints\cycle_0152.pt,models_7x7\checkpoints\cycle_0162.pt,p2_win,1.0,48
390,models_7x7\checkpoints\cycle_0162.pt,models_7x7\checkpoints\cycle_0152.pt,models_7x7\checkpoints\cycle_0152.pt,models_7x7\checkpoints\cycle_0162.pt,p2_win,1.0,48
391,models_7x7\checkpoints\cycle_0162.pt,models_7x7\checkpoints\cycle_0152.pt,models_7x7\checkpoints\cycle_0162.pt,models_7x7\checkpoints\cycle_0152.pt,p2_win,0.0,50
392,models_7x7\checkpoints\cycle_0162.pt,models_7x7\checkpoints\cycle_0152.pt,models_7x7\checkpoints\cycle_0162.pt,models_7x7\checkpoints\cycle_0152.pt,p2_win,0.0,50
393,models_7x7\checkpoints\cycle_0162.pt,models_7x7\checkpoints\cycle_0152.pt,models_7x7\checkpoints\cycle_0152.pt,models_7x7\checkpoints\cycle_0162.pt,p2_win,1.0,46
394,models_7x7\checkpoints\cycle_0162.pt,models_7x7\checkpoints\cycle_0152.pt,models_7x7\checkpoints\cycle_0152.pt,models_7x7\checkpoints\cycle_0162.pt,p2_win,1.0,44
395,models_7x7\checkpoints\cycle_0162.pt,models_7x7\checkpoints\cycle_0152.pt,models_7x7\checkpoints\cycle_0162.pt,models_7x7\checkpoints\cycle_0152.pt,p1_win,1.0,53
396,models_7x7\checkpoints\cycle_0162.pt,models_7x7\checkpoints\cycle_0152.pt,models_7x7\checkpoints\cycle_0162.pt,models_7x7\checkpoints\cycle_0152.pt,p1_win,1.0,55
397,models_7x7\checkpoints\cycle_0162.pt,models_7x7\checkpoints\cycle_0152.pt,models_7x7\checkpoints\cycle_0152.pt,models_7x7\checkpoints\cycle_0162.pt,p1_win,0.0,53
398,models_7x7\checkpoints\cycle_0162.pt,models_7x7\checkpoints\cycle_0152.pt,models_7x7\checkpoints\cycle_0152.pt,models_7x7\checkpoints\cycle_0162.pt,p2_win,1.0,46
399,models_7x7\checkpoints\cycle_0162.pt,models_7x7\checkpoints\cycle_0152.pt,models_7x7\checkpoints\cycle_0162.pt,models_7x7\checkpoints\cycle_0152.pt,p1_win,1.0,47
400,models_7x7\checkpoints\cycle_0162.pt,models_7x7\checkpoints\cycle_0152.pt,models_7x7\checkpoints\cycle_0152.pt,models_7x7\checkpoints\cycle_0162.pt,p2_win,1.0,56
401,models_7x7\checkpoints\cycle_0162.pt,models_7x7\checkpoints\cycle_0152.pt,models_7x7\checkpoints\cycle_0152.pt,models_7x7\checkpoints\cycle_0162.pt,p1_win,0.0,51
402,models_7x7\checkpoints\cycle_0162.pt,models_7x7\checkpoints\cycle_0152.pt,models_7x7\checkpoints\cycle_0152.pt,models_7x7\checkpoints\cycle_0162.pt,p1_win,0.0,47
403,models_7x7\checkpoints\cycle_0162.pt,models_7x7\checkpoints\cycle_0152.pt,models_7x7\checkpoints\cycle_0162.pt,models_7x7\checkpoints\cycle_0152.pt,p1_win,1.0,49
404,models_7x7\checkpoints\cycle_0162.pt,models_7x7\checkpoints\cycle_0152.pt,models_7x7\checkpoints\cycle_0152.pt,models_7x7\checkpoints\cycle_0162.pt,p2_win,1.0,46
405,models_7x7\checkpoints\cycle_0162.pt,models_7x7\checkpoints\cycle_0152.pt,models_7x7\checkpoints\cycle_0162.pt,models_7x7\checkpoints\cycle_0152.pt,p2_win,0.0,50
406,models_7x7\checkpoints\cycle_0162.pt,models_7x7\checkpoints\cycle_0152.pt,models_7x7\checkpoints\cycle_0152.pt,models_7x7\checkpoints\cycle_0162.pt,p2_win,1.0,46
407,models_7x7\checkpoints\cycle_0162.pt,models_7x7\checkpoints\cycle_0152.pt,models_7x7\checkpoints\cycle_0152.pt,models_7x7\checkpoints\cycle_0162.pt,p2_win,1.0,52
408,models_7x7\checkpoints\cycle_0162.pt,models_7x7\checkpoints\cycle_0152.pt,models_7x7\checkpoints\cycle_0162.pt,models_7x7\checkpoints\cycle_0152.pt,p2_win,0.0,52
409,models_7x7\checkpoints\cycle_0162.pt,models_7x7\checkpoints\cycle_0152.pt,models_7x7\checkpoints\cycle_0162.pt,models_7x7\checkpoints\cycle_0152.pt,p2_win,0.0,52
410,models_7x7\checkpoints\cycle_0162.pt,models_7x7\checkpoints\cycle_0152.pt,models_7x7\checkpoints\cycle_0152.pt,models_7x7\checkpoints\cycle_0162.pt,p2_win,1.0,48
411,models_7x7\checkpoints\cycle_0162.pt,models_7x7\checkpoints\cycle_0152.pt,models_7x7\checkpoints\cycle_0152.pt,models_7x7\checkpoints\cycle_0162.pt,p2_win,1.0,56
412,models_7x7\checkpoints\cycle_0162.pt,models_7x7\checkpoints\cycle_0152.pt,models_7x7\checkpoints\cycle_0152.pt,models_7x7\checkpoints\cycle_0162.pt,p1_win,0.0,51
413,models_7x7\checkpoints\cycle_0162.pt,models_7x7\checkpoints\cycle_0152.pt,models_7x7\checkpoints\cycle_0162.pt,models_7x7\checkpoints\cycle_0152.pt,p1_win,1.0,51
414,models_7x7\checkpoints\cycle_0162.pt,models_7x7\checkpoints\cycle_0152.pt,models_7x7\checkpoints\cycle_0152.pt,models_7x7\checkpoints\cycle_0162.pt,p2_win,1.0,54
415,models_7x7\checkpoints\cycle_0162.pt,models_7x7\checkpoints\cycle_0152.pt,models_7x7\checkpoints\cycle_0162.pt,models_7x7\checkpoints\cycle_0152.pt,p2_win,0.0,54
416,models_7x7\checkpoints\cycle_0162.pt,models_7x7\checkpoints\cycle_0152.pt,models_7x7\checkpoints\cycle_0162.pt,models_7x7\checkpoints\cycle_0152.pt,p2_win,0.0,58
417,models_7x7\checkpoints\cycle_0162.pt,models_7x7\checkpoints\cycle_0152.pt,models_7x7\checkpoints\cycle_0162.pt,models_7x7\checkpoints\cycle_0152.pt,p1_win,1.0,45
418,models_7x7\checkpoints\cycle_0162.pt,models_7x7\checkpoints\cycle_0152.pt,models_7x7\checkpoints\cycle_0152.pt,models_7x7\checkpoints\cycle_0162.pt,p2_win,1.0,50
419,models_7x7\checkpoints\cycle_0162.pt,models_7x7\checkpoints\cycle_0152.pt,models_7x7\checkpoints\cycle_0152.pt,models_7x7\checkpoints\cycle_0162.pt,p1_win,0.0,49
420,models_7x7\checkpoints\cycle_0162.pt,models_7x7\checkpoints\cycle_0152.pt,models_7x7\checkpoints\cycle_0152.pt,models_7x7\checkpoints\cycle_0162.pt,p1_win,0.0,59
421,models_7x7\checkpoints\cycle_0162.pt,models_7x7\checkpoints\cycle_0152.pt,models_7x7\checkpoints\cycle_0152.pt,models_7x7\checkpoints\cycle_0162.pt,p2_win,1.0,52
422,models_7x7\checkpoints\cycle_0162.pt,models_7x7\checkpoints\cycle_0152.pt,models_7x7\checkpoints\cycle_0152.pt,models_7x7\checkpoints\cycle_0162.pt,p2_win,1.0,48
423,models_7x7\checkpoints\cycle_0162.pt,models_7x7\checkpoints\cycle_0152.pt,models_7x7\checkpoints\cycle_0162.pt,models_7x7\checkpoints\cycle_0152.pt,p2_win,0.0,48
424,models_7x7\checkpoints\cycle_0162.pt,models_7x7\checkpoints\cycle_0152.pt,models_7x7\checkpoints\cycle_0152.pt,models_7x7\checkpoints\cycle_0162.pt,draw,0.5,52
425,models_7x7\checkpoints\cycle_0162.pt,models_7x7\checkpoints\cycle_0152.pt,models_7x7\checkpoints\cycle_0162.pt,models_7x7\checkpoints\cycle_0152.pt,p1_win,1.0,53
426,models_7x7\checkpoints\cycle_0162.pt,models_7x7\checkpoints\cycle_0152.pt,models_7x7\checkpoints\cycle_0162.pt,models_7x7\checkpoints\cycle_0152.pt,p1_win,1.0,49
427,models_7x7\checkpoints\cycle_0162.pt,models_7x7\checkpoints\cycle_0152.pt,models_7x7\checkpoints\cycle_0152.pt,models_7x7\checkpoints\cycle_0162.pt,p2_win,1.0,52
428,models_7x7\checkpoints\cycle_0162.pt,models_7x7\checkpoints\cycle_0152.pt,models_7x7\checkpoints\cycle_0152.pt,models_7x7\checkpoints\cycle_0162.pt,p2_win,1.0,48
429,models_7x7\checkpoints\cycle_0162.pt,models_7x7\checkpoints\cycle_0152.pt,models_7x7\checkpoints\cycle_0162.pt,models_7x7\checkpoints\cycle_0152.pt,p1_win,1.0,49
430,models_7x7\checkpoints\cycle_0162.pt,models_7x7\checkpoints\cycle_0152.pt,models_7x7\checkpoints\cycle_0152.pt,models_7x7\checkpoints\cycle_0162.pt,p1_win,0.0,49
431,models_7x7\checkpoints\cycle_0162.pt,models_7x7\checkpoints\cycle_0152.pt,models_7x7\checkpoints\cycle_0162.pt,models_7x7\checkpoints\cycle_0152.pt,p2_win,0.0,58
432,models_7x7\checkpoints\cycle_0162.pt,models_7x7\checkpoints\cycle_0152.pt,models_7x7\checkpoints\cycle_0152.pt,models_7x7\checkpoints\cycle_0162.pt,p1_win,0.0,55
433,models_7x7\checkpoints\cycle_0162.pt,models_7x7\checkpoints\cycle_0152.pt,models_7x7\checkpoints\cycle_0152.pt,models_7x7\checkpoints\cycle_0162.pt,p2_win,1.0,54
434,models_7x7\checkpoints\cycle_0162.pt,models_7x7\checkpoints\cycle_0152.pt,models_7x7\checkpoints\cycle_0152.pt,models_7x7\checkpoints\cycle_0162.pt,p2_win,1.0,52
435,models_7x7\checkpoints\cycle_0162.pt,models_7x7\checkpoints\cycle_0152.pt,models_7x7\checkpoints\cycle_0162.pt,models_7x7\checkpoints\cycle_0152.pt,p2_win,0.0,58
436,models_7x7\checkpoints\cycle_0162.pt,models_7x7\checkpoints\cycle_0152.pt,models_7x7\checkpoints\cycle_0152.pt,models_7x7\checkpoints\cycle_0162.pt,p2_win,1.0,52
437,models_7x7\checkpoints\cycle_0162.pt,models_7x7\checkpoints\cycle_0152.pt,models_7x7\checkpoints\cycle_0152.pt,models_7x7\checkpoints\cycle_0162.pt,p2_win,1.0,56
438,models_7x7\checkpoints\cycle_0162.pt,models_7x7\checkpoints\cycle_0152.pt,models_7x7\checkpoints\cycle_0162.pt,models_7x7\checkpoints\cycle_0152.pt,p1_win,1.0,51
439,models_7x7\checkpoints\cycle_0162.pt,models_7x7\checkpoints\cycle_0152.pt,models_7x7\checkpoints\cycle_0162.pt,models_7x7\checkpoints\cycle_0152.pt,p1_win,1.0,47
440,models_7x7\checkpoints\cycle_0162.pt,models_7x7\checkpoints\cycle_0152.pt,models_7x7\checkpoints\cycle_0162.pt,models_7x7\checkpoints\cycle_0152.pt,p2_win,0.0,48
441,models_7x7\checkpoints\cycle_0162.pt,models_7x7\checkpoints\cycle_0152.pt,models_7x7\checkpoints\cycle_0162.pt,models_7x7\checkpoints\cycle_0152.pt,p2_win,0.0,48
442,models_7x7\checkpoints\cycle_0162.pt,models_7x7\checkpoints\cycle_0152.pt,models_7x7\checkpoints\cycle_0162.pt,models_7x7\checkpoints\cycle_0152.pt,p1_win,1.0,49
443,models_7x7\checkpoints\cycle_0162.pt,models_7x7\checkpoints\cycle_0152.pt,models_7x7\checkpoints\cycle_0162.pt,models_7x7\checkpoints\cycle_0152.pt,p2_win,0.0,54
444,models_7x7\checkpoints\cycle_0162.pt,models_7x7\checkpoints\cycle_0152.pt,models_7x7\checkpoints\cycle_0162.pt,models_7x7\checkpoints\cycle_0152.pt,p2_win,0.0,58
445,models_7x7\checkpoints\cycle_0162.pt,models_7x7\checkpoints\cycle_0152.pt,models_7x7\checkpoints\cycle_0162.pt,models_7x7\checkpoints\cycle_0152.pt,p2_win,0.0,54
446,models_7x7\checkpoints\cycle_0162.pt,models_7x7\checkpoints\cycle_0152.pt,models_7x7\checkpoints\cycle_0162.pt,models_7x7\checkpoints\cycle_0152.pt,p1_win,1.0,55
447,models_7x7\checkpoints\cycle_0162.pt,models_7x7\checkpoints\cycle_0152.pt,models_7x7\checkpoints\cycle_0162.pt,models_7x7\checkpoints\cycle_0152.pt,p2_win,0.0,54
448,models_7x7\checkpoints\cycle_0162.pt,models_7x7\checkpoints\cycle_0152.pt,models_7x7\checkpoints\cycle_0152.pt,models_7x7\checkpoints\cycle_0162.pt,p2_win,1.0,52
449,models_7x7\checkpoints\cycle_0162.pt,models_7x7\checkpoints\cycle_0152.pt,models_7x7\checkpoints\cycle_0152.pt,models_7x7\checkpoints\cycle_0162.pt,p1_win,0.0,51
450,models_7x7\checkpoints\cycle_0162.pt,models_7x7\checkpoints\cycle_0152.pt,models_7x7\checkpoints\cycle_0152.pt,models_7x7\checkpoints\cycle_0162.pt,p2_win,1.0,62
451,models_7x7\checkpoints\cycle_0162.pt,models_7x7\checkpoints\cycle_0152.pt,models_7x7\checkpoints\cycle_0152.pt,models_7x7\checkpoints\cycle_0162.pt,p2_win,1.0,50
452,models_7x7\checkpoints\cycle_0162.pt,models_7x7\checkpoints\cycle_0152.pt,models_7x7\checkpoints\cycle_0152.pt,models_7x7\checkpoints\cycle_0162.pt,p2_win,1.0,50
453,models_7x7\checkpoints\cycle_0162.pt,models_7x7\checkpoints\cycle_0152.pt,models_7x7\checkpoints\cycle_0152.pt,models_7x7\checkpoints\cycle_0162.pt,p2_win,1.0,52
454,models_7x7\checkpoints\cycle_0162.pt,models_7x7\checkpoints\cycle_0152.pt,models_7x7\checkpoints\cycle_0162.pt,models_7x7\checkpoints\cycle_0152.pt,p1_win,1.0,53
455,models_7x7\checkpoints\cycle_0162.pt,models_7x7\checkpoints\cycle_0152.pt,models_7x7\checkpoints\cycle_0162.pt,models_7x7\checkpoints\cycle_0152.pt,p2_win,0.0,54
456,models_7x7\checkpoints\cycle_0162.pt,models_7x7\checkpoints\cycle_0152.pt,models_7x7\checkpoints\cycle_0152.pt,models_7x7\checkpoints\cycle_0162.pt,p1_win,0.0,47
457,models_7x7\checkpoints\cycle_0162.pt,models_7x7\checkpoints\cycle_0152.pt,models_7x7\checkpoints\cycle_0162.pt,models_7x7\checkpoints\cycle_0152.pt,p1_win,1.0,53
458,models_7x7\checkpoints\cycle_0162.pt,models_7x7\checkpoints\cycle_0152.pt,models_7x7\checkpoints\cycle_0162.pt,models_7x7\checkpoints\cycle_0152.pt,p2_win,0.0,52
459,models_7x7\checkpoints\cycle_0162.pt,models_7x7\checkpoints\cycle_0152.pt,models_7x7\checkpoints\cycle_0152.pt,models_7x7\checkpoints\cycle_0162.pt,p2_win,1.0,52
460,models_7x7\checkpoints\cycle_0162.pt,models_7x7\checkpoints\cycle_0152.pt,models_7x7\checkpoints\cycle_0162.pt,models_7x7\checkpoints\cycle_0152.pt,p2_win,0.0,58
461,models_7x7\checkpoints\cycle_0162.pt,models_7x7\checkpoints\cycle_0152.pt,models_7x7\checkpoints\cycle_0162.pt,models_7x7\checkpoints\cycle_0152.pt,p1_win,1.0,49
462,models_7x7\checkpoints\cycle_0162.pt,models_7x7\checkpoints\cycle_0152.pt,models_7x7\checkpoints\cycle_0162.pt,models_7x7\checkpoints\cycle_0152.pt,p2_win,0.0,52
463,models_7x7\checkpoints\cycle_0162.pt,models_7x7\checkpoints\cycle_0152.pt,models_7x7\checkpoints\cycle_0162.pt,models_7x7\checkpoints\cycle_0152.pt,p2_win,0.0,52
464,models_7x7\checkpoints\cycle_0162.pt,models_7x7\checkpoints\cycle_0152.pt,models_7x7\checkpoints\cycle_0162.pt,models_7x7\checkpoints\cycle_0152.pt,p2_win,0.0,52
465,models_7x7\checkpoints\cycle_0162.pt,models_7x7\checkpoints\cycle_0152.pt,models_7x7\checkpoints\cycle_0152.pt,models_7x7\checkpoints\cycle_0162.pt,p1_win,0.0,53
466,models_7x7\checkpoints\cycle_0162.pt,models_7x7\checkpoints\cycle_0152.pt,models_7x7\checkpoints\cycle_0162.pt,models_7x7\checkpoints\cycle_0152.pt,p2_win,0.0,52
467,models_7x7\checkpoints\cycle_0162.pt,models_7x7\checkpoints\cycle_0152.pt,models_7x7\checkpoints\cycle_0162.pt,models_7x7\checkpoints\cycle_0152.pt,p2_win,0.0,52
468,models_7x7\checkpoints\cycle_0162.pt,models_7x7\checkpoints\cycle_0152.pt,models_7x7\checkpoints\cycle_0162.pt,models_7x7\checkpoints\cycle_0152.pt,p1_win,1.0,51
469,models_7x7\checkpoints\cycle_0162.pt,models_7x7\checkpoints\cycle_0152.pt,models_7x7\checkpoints\cycle_0162.pt,models_7x7\checkpoints\cycle_0152.pt,p1_win,1.0,49
470,models_7x7\checkpoints\cycle_0162.pt,models_7x7\checkpoints\cycle_0152.pt,models_7x7\checkpoints\cycle_0162.pt,models_7x7\checkpoints\cycle_0152.pt,p1_win,1.0,59
471,models_7x7\checkpoints\cycle_0162.pt,models_7x7\checkpoints\cycle_0152.pt,models_7x7\checkpoints\cycle_0162.pt,models_7x7\checkpoints\cycle_0152.pt,p2_win,0.0,52
472,models_7x7\checkpoints\cycle_0162.pt,models_7x7\checkpoints\cycle_0152.pt,models_7x7\checkpoints\cycle_0162.pt,models_7x7\checkpoints\cycle_0152.pt,p2_win,0.0,56
473,models_7x7\checkpoints\cycle_0162.pt,models_7x7\checkpoints\cycle_0152.pt,models_7x7\checkpoints\cycle_0162.pt,models_7x7\checkpoints\cycle_0152.pt,p2_win,0.0,54
474,models_7x7\checkpoints\cycle_0162.pt,models_7x7\checkpoints\cycle_0152.pt,models_7x7\checkpoints\cycle_0162.pt,models_7x7\checkpoints\cycle_0152.pt,p2_win,0.0,52
475,models_7x7\checkpoints\cycle_0162.pt,models_7x7\checkpoints\cycle_0152.pt,models_7x7\checkpoints\cycle_0162.pt,models_7x7\checkpoints\cycle_0152.pt,p1_win,1.0,51
476,models_7x7\checkpoints\cycle_0162.pt,models_7x7\checkpoints\cycle_0152.pt,models_7x7\checkpoints\cycle_0162.pt,models_7x7\checkpoints\cycle_0152.pt,p2_win,0.0,52
477,models_7x7\checkpoints\cycle_0162.pt,models_7x7\checkpoints\cycle_0152.pt,models_7x7\checkpoints\cycle_0162.pt,models_7x7\checkpoints\cycle_0152.pt,p2_win,0.0,52
478,models_7x7\checkpoints\cycle_0162.pt,models_7x7\checkpoints\cycle_0152.pt,models_7x7\checkpoints\cycle_0162.pt,models_7x7\checkpoints\cycle_0152.pt,p1_win,1.0,53
479,models_7x7\checkpoints\cycle_0162.pt,models_7x7\checkpoints\cycle_0152.pt,models_7x7\checkpoints\cycle_0162.pt,models_7x7\checkpoints\cycle_0152.pt,p2_win,0.0,58
480,models_7x7\checkpoints\cycle_0162.pt,models_7x7\checkpoints\cycle_0152.pt,models_7x7\checkpoints\cycle_0162.pt,models_7x7\checkpoints\cycle_0152.pt,p2_win,0.0,52
481,models_7x7\checkpoints\cycle_0162.pt,models_7x7\checkpoints\cycle_0152.pt,models_7x7\checkpoints\cycle_0162.pt,models_7x7\checkpoints\cycle_0152.pt,p2_win,0.0,60
482,models_7x7\checkpoints\cycle_0162.pt,models_7x7\checkpoints\cycle_0152.pt,models_7x7\checkpoints\cycle_0162.pt,models_7x7\checkpoints\cycle_0152.pt,p2_win,0.0,50
483,models_7x7\checkpoints\cycle_0162.pt,models_7x7\checkpoints\cycle_0152.pt,models_7x7\checkpoints\cycle_0162.pt,models_7x7\checkpoints\cycle_0152.pt,p1_win,1.0,61
484,models_7x7\checkpoints\cycle_0162.pt,models_7x7\checkpoints\cycle_0152.pt,models_7x7\checkpoints\cycle_0162.pt,models_7x7\checkpoints\cycle_0152.pt,p2_win,0.0,52
485,models_7x7\checkpoints\cycle_0162.pt,models_7x7\checkpoints\cycle_0152.pt,models_7x7\checkpoints\cycle_0162.pt,models_7x7\checkpoints\cycle_0152.pt,p2_win,0.0,52
486,models_7x7\checkpoints\cycle_0162.pt,models_7x7\checkpoints\cycle_0152.pt,models_7x7\checkpoints\cycle_0152.pt,models_7x7\checkpoints\cycle_0162.pt,p1_win,0.0,53
487,models_7x7\checkpoints\cycle_0162.pt,models_7x7\checkpoints\cycle_0152.pt,models_7x7\checkpoints\cycle_0152.pt,models_7x7\checkpoints\cycle_0162.pt,p2_win,1.0,48
488,models_7x7\checkpoints\cycle_0162.pt,models_7x7\checkpoints\cycle_0152.pt,models_7x7\checkpoints\cycle_0162.pt,models_7x7\checkpoints\cycle_0152.pt,p2_win,0.0,62
489,models_7x7\checkpoints\cycle_0162.pt,models_7x7\checkpoints\cycle_0152.pt,models_7x7\checkpoints\cycle_0162.pt,models_7x7\checkpoints\cycle_0152.pt,p2_win,0.0,54
490,models_7x7\checkpoints\cycle_0162.pt,models_7x7\checkpoints\cycle_0152.pt,models_7x7\checkpoints\cycle_0152.pt,models_7x7\checkpoints\cycle_0162.pt,p1_win,0.0,55
491,models_7x7\checkpoints\cycle_0162.pt,models_7x7\checkpoints\cycle_0152.pt,models_7x7\checkpoints\cycle_0162.pt,models_7x7\checkpoints\cycle_0152.pt,p1_win,1.0,51
492,models_7x7\checkpoints\cycle_0162.pt,models_7x7\checkpoints\cycle_0152.pt,models_7x7\checkpoints\cycle_0162.pt,models_7x7\checkpoints\cycle_0152.pt,p2_win,0.0,58
493,models_7x7\checkpoints\cycle_0162.pt,models_7x7\checkpoints\cycle_0152.pt,models_7x7\checkpoints\cycle_0152.pt,models_7x7\checkpoints\cycle_0162.pt,p2_win,1.0,58
494,models_7x7\checkpoints\cycle_0162.pt,models_7x7\checkpoints\cycle_0152.pt,models_7x7\checkpoints\cycle_0152.pt,models_7x7\checkpoints\cycle_0162.pt,p2_win,1.0,50
495,models_7x7\checkpoints\cycle_0162.pt,models_7x7\checkpoints\cycle_0152.pt,models_7x7\checkpoints\cycle_0162.pt,models_7x7\checkpoints\cycle_0152.pt,p2_win,0.0,52
496,models_7x7\checkpoints\cycle_0162.pt,models_7x7\checkpoints\cycle_0152.pt,models_7x7\checkpoints\cycle_0162.pt,models_7x7\checkpoints\cycle_0152.pt,p2_win,0.0,52
497,models_7x7\checkpoints\cycle_0162.pt,models_7x7\checkpoints\cycle_0152.pt,models_7x7\checkpoints\cycle_0152.pt,models_7x7\checkpoints\cycle_0162.pt,p2_win,1.0,54
498,models_7x7\checkpoints\cycle_0162.pt,models_7x7\checkpoints\cycle_0152.pt,models_7x7\checkpoints\cycle_0162.pt,models_7x7\checkpoints\cycle_0152.pt,p1_win,1.0,59
499,models_7x7\checkpoints\cycle_0162.pt,models_7x7\checkpoints\cycle_0152.pt,models_7x7\checkpoints\cycle_0152.pt,models_7x7\checkpoints\cycle_0162.pt,p1_win,0.0,55
500,models_7x7\checkpoints\cycle_0162.pt,models_7x7\checkpoints\cycle_0152.pt,models_7x7\checkpoints\cycle_0162.pt,models_7x7\checkpoints\cycle_0152.pt,p1_win,1.0,53
501,models_7x7\checkpoints\cycle_0162.pt,models_7x7\checkpoints\cycle_0152.pt,models_7x7\checkpoints\cycle_0162.pt,models_7x7\checkpoints\cycle_0152.pt,p2_win,0.0,52
502,models_7x7\checkpoints\cycle_0162.pt,models_7x7\checkpoints\cycle_0152.pt,models_7x7\checkpoints\cycle_0152.pt,models_7x7\checkpoints\cycle_0162.pt,draw,0.5,50
503,models_7x7\checkpoints\cycle_0162.pt,models_7x7\checkpoints\cycle_0152.pt,models_7x7\checkpoints\cycle_0152.pt,models_7x7\checkpoints\cycle_0162.pt,p2_win,1.0,58
504,models_7x7\checkpoints\cycle_0162.pt,models_7x7\checkpoints\cycle_0152.pt,models_7x7\checkpoints\cycle_0162.pt,models_7x7\checkpoints\cycle_0152.pt,p2_win,0.0,56
505,models_7x7\checkpoints\cycle_0162.pt,models_7x7\checkpoints\cycle_0152.pt,models_7x7\checkpoints\cycle_0152.pt,models_7x7\checkpoints\cycle_0162.pt,p2_win,1.0,48
506,models_7x7\checkpoints\cycle_0162.pt,models_7x7\checkpoints\cycle_0152.pt,models_7x7\checkpoints\cycle_0162.pt,models_7x7\checkpoints\cycle_0152.pt,p1_win,1.0,51
507,models_7x7\checkpoints\cycle_0162.pt,models_7x7\checkpoints\cycle_0152.pt,models_7x7\checkpoints\cycle_0162.pt,models_7x7\checkpoints\cycle_0152.pt,p1_win,1.0,49
508,models_7x7\checkpoints\cycle_0162.pt,models_7x7\checkpoints\cycle_0152.pt,models_7x7\checkpoints\cycle_0162.pt,models_7x7\checkpoints\cycle_0152.pt,p1_win,1.0,55
509,models_7x7\checkpoints\cycle_0162.pt,models_7x7\checkpoints\cycle_0152.pt,models_7x7\checkpoints\cycle_0162.pt,models_7x7\checkpoints\cycle_0152.pt,p2_win,0.0,54
510,models_7x7\checkpoints\cycle_0162.pt,models_7x7\checkpoints\cycle_0152.pt,models_7x7\checkpoints\cycle_0162.pt,models_7x7\checkpoints\cycle_0152.pt,p1_win,1.0,51
511,models_7x7\checkpoints\cycle_0162.pt,models_7x7\checkpoints\cycle_0152.pt,models_7x7\checkpoints\cycle_0152.pt,models_7x7\checkpoints\cycle_0162.pt,p2_win,1.0,48
512,models_7x7\checkpoints\cycle_0162.pt,models_7x7\checkpoints\cycle_0152.pt,models_7x7\checkpoints\cycle_0152.pt,models_7x7\checkpoints\cycle_0162.pt,p2_win,1.0,50
513,models_7x7\checkpoints\cycle_0162.pt,models_7x7\checkpoints\cycle_0152.pt,models_7x7\checkpoints\cycle_0152.pt,models_7x7\checkpoints\cycle_0162.pt,p1_win,0.0,55
514,models_7x7\checkpoints\cycle_0162.pt,models_7x7\checkpoints\cycle_0152.pt,models_7x7\checkpoints\cycle_0162.pt,models_7x7\checkpoints\cycle_0152.pt,p1_win,1.0,53
515,models_7x7\checkpoints\cycle_0162.pt,models_7x7\checkpoints\cycle_0152.pt,models_7x7\checkpoints\cycle_0162.pt,models_7x7\checkpoints\cycle_0152.pt,p1_win,1.0,53
516,models_7x7\checkpoints\cycle_0162.pt,models_7x7\checkpoints\cycle_0152.pt,models_7x7\checkpoints\cycle_0152.pt,models_7x7\checkpoints\cycle_0162.pt,p1_win,0.0,51
517,models_7x7\checkpoints\cycle_0162.pt,models_7x7\checkpoints\cycle_0152.pt,models_7x7\checkpoints\cycle_0162.pt,models_7x7\checkpoints\cycle_0152.pt,p2_win,0.0,58
518,models_7x7\checkpoints\cycle_0162.pt,models_7x7\checkpoints\cycle_0152.pt,models_7x7\checkpoints\cycle_0162.pt,models_7x7\checkpoints\cycle_0152.pt,p2_win,0.0,52
519,models_7x7\checkpoints\cycle_0162.pt,models_7x7\checkpoints\cycle_0152.pt,models_7x7\checkpoints\cycle_0162.pt,models_7x7\checkpoints\cycle_0152.pt,p1_win,1.0,57
520,models_7x7\checkpoints\cycle_0162.pt,models_7x7\checkpoints\cycle_0152.pt,models_7x7\checkpoints\cycle_0162.pt,models_7x7\checkpoints\cycle_0152.pt,p1_win,1.0,55
521,models_7x7\checkpoints\cycle_0162.pt,models_7x7\checkpoints\cycle_0152.pt,models_7x7\checkpoints\cycle_0162.pt,models_7x7\checkpoints\cycle_0152.pt,p1_win,1.0,63
522,models_7x7\checkpoints\cycle_0162.pt,models_7x7\checkpoints\cycle_0152.pt,models_7x7\checkpoints\cycle_0162.pt,models_7x7\checkpoints\cycle_0152.pt,p2_win,0.0,52
523,models_7x7\checkpoints\cycle_0162.pt,models_7x7\checkpoints\cycle_0152.pt,models_7x7\checkpoints\cycle_0152.pt,models_7x7\checkpoints\cycle_0162.pt,p2_win,1.0,66
524,models_7x7\checkpoints\cycle_0162.pt,models_7x7\checkpoints\cycle_0152.pt,models_7x7\checkpoints\cycle_0152.pt,models_7x7\checkpoints\cycle_0162.pt,p2_win,1.0,48
525,models_7x7\checkpoints\cycle_0162.pt,models_7x7\checkpoints\cycle_0152.pt,models_7x7\checkpoints\cycle_0162.pt,models_7x7\checkpoints\cycle_0152.pt,p1_win,1.0,49
526,models_7x7\checkpoints\cycle_0162.pt,models_7x7\checkpoints\cycle_0152.pt,models_7x7\checkpoints\cycle_0162.pt,models_7x7\checkpoints\cycle_0152.pt,p2_win,0.0,50
527,models_7x7\checkpoints\cycle_0162.pt,models_7x7\checkpoints\cycle_0152.pt,models_7x7\checkpoints\cycle_0162.pt,models_7x7\checkpoints\cycle_0152.pt,p2_win,0.0,62
528,models_7x7\checkpoints\cycle_0162.pt,models_7x7\checkpoints\cycle_0152.pt,models_7x7\checkpoints\cycle_0152.pt,models_7x7\checkpoints\cycle_0162.pt,p1_win,0.0,59
529,models_7x7\checkpoints\cycle_0162.pt,models_7x7\checkpoints\cycle_0152.pt,models_7x7\checkpoints\cycle_0152.pt,models_7x7\checkpoints\cycle_0162.pt,p2_win,1.0,52
530,models_7x7\checkpoints\cycle_0162.pt,models_7x7\checkpoints\cycle_0152.pt,models_7x7\checkpoints\cycle_0152.pt,models_7x7\checkpoints\cycle_0162.pt,p2_win,1.0,50
531,models_7x7\checkpoints\cycle_0162.pt,models_7x7\checkpoints\cycle_0152.pt,models_7x7\checkpoints\cycle_0162.pt,models_7x7\checkpoints\cycle_0152.pt,p1_win,1.0,53
532,models_7x7\checkpoints\cycle_0162.pt,models_7x7\checkpoints\cycle_0152.pt,models_7x7\checkpoints\cycle_0152.pt,models_7x7\checkpoints\cycle_0162.pt,p2_win,1.0,50
533,models_7x7\checkpoints\cycle_0162.pt,models_7x7\checkpoints\cycle_0152.pt,models_7x7\checkpoints\cycle_0162.pt,models_7x7\checkpoints\cycle_0152.pt,p1_win,1.0,53
534,models_7x7\checkpoints\cycle_0162.pt,models_7x7\checkpoints\cycle_0152.pt,models_7x7\checkpoints\cycle_0152.pt,models_7x7\checkpoints\cycle_0162.pt,p2_win,1.0,54
535,models_7x7\checkpoints\cycle_0162.pt,models_7x7\checkpoints\cycle_0152.pt,models_7x7\checkpoints\cycle_0162.pt,models_7x7\checkpoints\cycle_0152.pt,p1_win,1.0,51
536,models_7x7\checkpoints\cycle_0162.pt,models_7x7\checkpoints\cycle_0152.pt,models_7x7\checkpoints\cycle_0162.pt,models_7x7\checkpoints\cycle_0152.pt,p2_win,0.0,54
537,models_7x7\checkpoints\cycle_0162.pt,models_7x7\checkpoints\cycle_0152.pt,models_7x7\checkpoints\cycle_0162.pt,models_7x7\checkpoints\cycle_0152.pt,p2_win,0.0,66
538,models_7x7\checkpoints\cycle_0162.pt,models_7x7\checkpoints\cycle_0152.pt,models_7x7\checkpoints\cycle_0162.pt,models_7x7\checkpoints\cycle_0152.pt,p1_win,1.0,59
539,models_7x7\checkpoints\cycle_0162.pt,models_7x7\checkpoints\cycle_0152.pt,models_7x7\checkpoints\cycle_0152.pt,models_7x7\checkpoints\cycle_0162.pt,p2_win,1.0,52
540,models_7x7\checkpoints\cycle_0162.pt,models_7x7\checkpoints\cycle_0152.pt,models_7x7\checkpoints\cycle_0162.pt,models_7x7\checkpoints\cycle_0152.pt,p1_win,1.0,49
541,models_7x7\checkpoints\cycle_0162.pt,models_7x7\checkpoints\cycle_0152.pt,models_7x7\checkpoints\cycle_0162.pt,models_7x7\checkpoints\cycle_0152.pt,p2_win,0.0,50
542,models_7x7\checkpoints\cycle_0162.pt,models_7x7\checkpoints\cycle_0152.pt,models_7x7\checkpoints\cycle_0162.pt,models_7x7\checkpoints\cycle_0152.pt,p2_win,0.0,60
543,models_7x7\checkpoints\cycle_0162.pt,models_7x7\checkpoints\cycle_0152.pt,models_7x7\checkpoints\cycle_0152.pt,models_7x7\checkpoints\cycle_0162.pt,p2_win,1.0,52
544,models_7x7\checkpoints\cycle_0162.pt,models_7x7\checkpoints\cycle_0152.pt,models_7x7\checkpoints\cycle_0152.pt,models_7x7\checkpoints\cycle_0162.pt,p2_win,1.0,68
545,models_7x7\checkpoints\cycle_0162.pt,models_7x7\checkpoints\cycle_0152.pt,models_7x7\checkpoints\cycle_0162.pt,models_7x7\checkpoints\cycle_0152.pt,p2_win,0.0,62
546,models_7x7\checkpoints\cycle_0162.pt,models_7x7\checkpoints\cycle_0152.pt,models_7x7\checkpoints\cycle_0152.pt,models_7x7\checkpoints\cycle_0162.pt,p1_win,0.0,51
547,models_7x7\checkpoints\cycle_0162.pt,models_7x7\checkpoints\cycle_0152.pt,models_7x7\checkpoints\cycle_0152.pt,models_7x7\checkpoints\cycle_0162.pt,p1_win,0.0,53
548,models_7x7\checkpoints\cycle_0162.pt,models_7x7\checkpoints\cycle_0152.pt,models_7x7\checkpoints\cycle_0162.pt,models_7x7\checkpoints\cycle_0152.pt,p1_win,1.0,53
549,models_7x7\checkpoints\cycle_0162.pt,models_7x7\checkpoints\cycle_0152.pt,models_7x7\checkpoints\cycle_0162.pt,models_7x7\checkpoints\cycle_0152.pt,p1_win,1.0,55
550,models_7x7\checkpoints\cycle_0162.pt,models_7x7\checkpoints\cycle_0152.pt,models_7x7\checkpoints\cycle_0162.pt,models_7x7\checkpoints\cycle_0152.pt,p1_win,1.0,49
551,models_7x7\checkpoints\cycle_0162.pt,models_7x7\checkpoints\cycle_0152.pt,models_7x7\checkpoints\cycle_0162.pt,models_7x7\checkpoints\cycle_0152.pt,p2_win,0.0,58
552,models_7x7\checkpoints\cycle_0162.pt,models_7x7\checkpoints\cycle_0152.pt,models_7x7\checkpoints\cycle_0152.pt,models_7x7\checkpoints\cycle_0162.pt,p2_win,1.0,66
553,models_7x7\checkpoints\cycle_0162.pt,models_7x7\checkpoints\cycle_0152.pt,models_7x7\checkpoints\cycle_0152.pt,models_7x7\checkpoints\cycle_0162.pt,p2_win,1.0,50
554,models_7x7\checkpoints\cycle_0162.pt,models_7x7\checkpoints\cycle_0152.pt,models_7x7\checkpoints\cycle_0162.pt,models_7x7\checkpoints\cycle_0152.pt,p1_win,1.0,51
555,models_7x7\checkpoints\cycle_0162.pt,models_7x7\checkpoints\cycle_0152.pt,models_7x7\checkpoints\cycle_0162.pt,models_7x7\checkpoints\cycle_0152.pt,p2_win,0.0,50
556,models_7x7\checkpoints\cycle_0162.pt,models_7x7\checkpoints\cycle_0152.pt,models_7x7\checkpoints\cycle_0162.pt,models_7x7\checkpoints\cycle_0152.pt,p2_win,0.0,54
557,models_7x7\checkpoints\cycle_0162.pt,models_7x7\checkpoints\cycle_0152.pt,models_7x7\checkpoints\cycle_0162.pt,models_7x7\checkpoints\cycle_0152.pt,p1_win,1.0,51
558,models_7x7\checkpoints\cycle_0162.pt,models_7x7\checkpoints\cycle_0152.pt,models_7x7\checkpoints\cycle_0162.pt,models_7x7\checkpoints\cycle_0152.pt,p1_win,1.0,59
559,models_7x7\checkpoints\cycle_0162.pt,models_7x7\checkpoints\cycle_0152.pt,models_7x7\checkpoints\cycle_0162.pt,models_7x7\checkpoints\cycle_0152.pt,p2_win,0.0,54
560,models_7x7\checkpoints\cycle_0162.pt,models_7x7\checkpoints\cycle_0152.pt,models_7x7\checkpoints\cycle_0162.pt,models_7x7\checkpoints\cycle_0152.pt,p1_win,1.0,63
561,models_7x7\checkpoints\cycle_0162.pt,models_7x7\checkpoints\cycle_0152.pt,models_7x7\checkpoints\cycle_0162.pt,models_7x7\checkpoints\cycle_0152.pt,p2_win,0.0,52
562,models_7x7\checkpoints\cycle_0162.pt,models_7x7\checkpoints\cycle_0152.pt,models_7x7\checkpoints\cycle_0152.pt,models_7x7\checkpoints\cycle_0162.pt,p2_win,1.0,56
563,models_7x7\checkpoints\cycle_0162.pt,models_7x7\checkpoints\cycle_0152.pt,models_7x7\checkpoints\cycle_0152.pt,models_7x7\checkpoints\cycle_0162.pt,p2_win,1.0,64
564,models_7x7\checkpoints\cycle_0162.pt,models_7x7\checkpoints\cycle_0152.pt,models_7x7\checkpoints\cycle_0162.pt,models_7x7\checkpoints\cycle_0152.pt,p1_win,1.0,49
565,models_7x7\checkpoints\cycle_0162.pt,models_7x7\checkpoints\cycle_0152.pt,models_7x7\checkpoints\cycle_0162.pt,models_7x7\checkpoints\cycle_0152.pt,p1_win,1.0,53
566,models_7x7\checkpoints\cycle_0162.pt,models_7x7\checkpoints\cycle_0152.pt,models_7x7\checkpoints\cycle_0162.pt,models_7x7\checkpoints\cycle_0152.pt,p1_win,1.0,55
567,models_7x7\checkpoints\cycle_0162.pt,models_7x7\checkpoints\cycle_0152.pt,models_7x7\checkpoints\cycle_0152.pt,models_7x7\checkpoints\cycle_0162.pt,p2_win,1.0,56
568,models_7x7\checkpoints\cycle_0162.pt,models_7x7\checkpoints\cycle_0152.pt,models_7x7\checkpoints\cycle_0162.pt,models_7x7\checkpoints\cycle_0152.pt,p1_win,1.0,53
569,models_7x7\checkpoints\cycle_0162.pt,models_7x7\checkpoints\cycle_0152.pt,models_7x7\checkpoints\cycle_0162.pt,models_7x7\checkpoints\cycle_0152.pt,p1_win,1.0,55
570,models_7x7\checkpoints\cycle_0162.pt,models_7x7\checkpoints\cycle_0152.pt,models_7x7\checkpoints\cycle_0162.pt,models_7x7\checkpoints\cycle_0152.pt,p1_win,1.0,53
571,models_7x7\checkpoints\cycle_0162.pt,models_7x7\checkpoints\cycle_0152.pt,models_7x7\checkpoints\cycle_0152.pt,models_7x7\checkpoints\cycle_0162.pt,p2_win,1.0,52
572,models_7x7\checkpoints\cycle_0162.pt,models_7x7\checkpoints\cycle_0152.pt,models_7x7\checkpoints\cycle_0162.pt,models_7x7\checkpoints\cycle_0152.pt,p1_win,1.0,59
573,models_7x7\checkpoints\cycle_0162.pt,models_7x7\checkpoints\cycle_0152.pt,models_7x7\checkpoints\cycle_0162.pt,models_7x7\checkpoints\cycle_0152.pt,p1_win,1.0,53
574,models_7x7\checkpoints\cycle_0162.pt,models_7x7\checkpoints\cycle_0152.pt,models_7x7\checkpoints\cycle_0152.pt,models_7x7\checkpoints\cycle_0162.pt,p2_win,1.0,54
575,models_7x7\checkpoints\cycle_0162.pt,models_7x7\checkpoints\cycle_0152.pt,models_7x7\checkpoints\cycle_0162.pt,models_7x7\checkpoints\cycle_0152.pt,p2_win,0.0,56
576,models_7x7\checkpoints\cycle_0162.pt,models_7x7\checkpoints\cycle_0152.pt,models_7x7\checkpoints\cycle_0152.pt,models_7x7\checkpoints\cycle_0162.pt,p2_win,1.0,52
577,models_7x7\checkpoints\cycle_0162.pt,models_7x7\checkpoints\cycle_0152.pt,models_7x7\checkpoints\cycle_0162.pt,models_7x7\checkpoints\cycle_0152.pt,p2_win,0.0,54
578,models_7x7\checkpoints\cycle_0162.pt,models_7x7\checkpoints\cycle_0152.pt,models_7x7\checkpoints\cycle_0152.pt,models_7x7\checkpoints\cycle_0162.pt,p2_win,1.0,50
579,models_7x7\checkpoints\cycle_0162.pt,models_7x7\checkpoints\cycle_0152.pt,models_7x7\checkpoints\cycle_0162.pt,models_7x7\checkpoints\cycle_0152.pt,p1_win,1.0,55
580,models_7x7\checkpoints\cycle_0162.pt,models_7x7\checkpoints\cycle_0152.pt,models_7x7\checkpoints\cycle_0152.pt,models_7x7\checkpoints\cycle_0162.pt,p2_win,1.0,52
581,models_7x7\checkpoints\cycle_0162.pt,models_7x7\checkpoints\cycle_0152.pt,models_7x7\checkpoints\cycle_0152.pt,models_7x7\checkpoints\cycle_0162.pt,p2_win,1.0,54
582,models_7x7\checkpoints\cycle_0162.pt,models_7x7\checkpoints\cycle_0152.pt,models_7x7\checkpoints\cycle_0162.pt,models_7x7\checkpoints\cycle_0152.pt,p1_win,1.0,55
583,models_7x7\checkpoints\cycle_0162.pt,models_7x7\checkpoints\cycle_0152.pt,models_7x7\checkpoints\cycle_0162.pt,models_7x7\checkpoints\cycle_0152.pt,p1_win,1.0,57
584,models_7x7\checkpoints\cycle_0162.pt,models_7x7\checkpoints\cycle_0152.pt,models_7x7\checkpoints\cycle_0162.pt,models_7x7\checkpoints\cycle_0152.pt,p1_win,1.0,51
585,models_7x7\checkpoints\cycle_0162.pt,models_7x7\checkpoints\cycle_0152.pt,models_7x7\checkpoints\cycle_0152.pt,models_7x7\checkpoints\cycle_0162.pt,p2_win,1.0,52
586,models_7x7\checkpoints\cycle_0162.pt,models_7x7\checkpoints\cycle_0152.pt,models_7x7\checkpoints\cycle_0162.pt,models_7x7\checkpoints\cycle_0152.pt,p1_win,1.0,63
587,models_7x7\checkpoints\cycle_0162.pt,models_7x7\checkpoints\cycle_0152.pt,models_7x7\checkpoints\cycle_0162.pt,models_7x7\checkpoints\cycle_0152.pt,p2_win,0.0,54
588,models_7x7\checkpoints\cycle_0162.pt,models_7x7\checkpoints\cycle_0152.pt,models_7x7\checkpoints\cycle_0152.pt,models_7x7\checkpoints\cycle_0162.pt,p2_win,1.0,52
589,models_7x7\checkpoints\cycle_0162.pt,models_7x7\checkpoints\cycle_0152.pt,models_7x7\checkpoints\cycle_0162.pt,models_7x7\checkpoints\cycle_0152.pt,p2_win,0.0,54
590,models_7x7\checkpoints\cycle_0162.pt,models_7x7\checkpoints\cycle_0152.pt,models_7x7\checkpoints\cycle_0152.pt,models_7x7\checkpoints\cycle_0162.pt,p2_win,1.0,52
591,models_7x7\checkpoints\cycle_0162.pt,models_7x7\checkpoints\cycle_0152.pt,models_7x7\checkpoints\cycle_0152.pt,models_7x7\checkpoints\cycle_0162.pt,p2_win,1.0,54
592,models_7x7\checkpoints\cycle_0162.pt,models_7x7\checkpoints\cycle_0152.pt,models_7x7\checkpoints\cycle_0162.pt,models_7x7\checkpoints\cycle_0152.pt,p1_win,1.0,61
593,models_7x7\checkpoints\cycle_0162.pt,models_7x7\checkpoints\cycle_0152.pt,models_7x7\checkpoints\cycle_0162.pt,models_7x7\checkpoints\cycle_0152.pt,p2_win,0.0,62
594,models_7x7\checkpoints\cycle_0162.pt,models_7x7\checkpoints\cycle_0152.pt,models_7x7\checkpoints\cycle_0152.pt,models_7x7\checkpoints\cycle_0162.pt,p2_win,1.0,54
595,models_7x7\checkpoints\cycle_0162.pt,models_7x7\checkpoints\cycle_0152.pt,models_7x7\checkpoints\cycle_0152.pt,models_7x7\checkpoints\cycle_0162.pt,p2_win,1.0,56
596,models_7x7\checkpoints\cycle_0162.pt,models_7x7\checkpoints\cycle_0152.pt,models_7x7\checkpoints\cycle_0152.pt,models_7x7\checkpoints\cycle_0162.pt,p2_win,1.0,52
597,models_7x7\checkpoints\cycle_0162.pt,models_7x7\checkpoints\cycle_0152.pt,models_7x7\checkpoints\cycle_0152.pt,models_7x7\checkpoints\cycle_0162.pt,p2_win,1.0,50
598,models_7x7\checkpoints\cycle_0162.pt,models_7x7\checkpoints\cycle_0152.pt,models_7x7\checkpoints\cycle_0152.pt,models_7x7\checkpoints\cycle_0162.pt,p2_win,1.0,60
599,models_7x7\checkpoints\cycle_0162.pt,models_7x7\checkpoints\cycle_0152.pt,models_7x7\checkpoints\cycle_0162.pt,models_7x7\checkpoints\cycle_0152.pt,p2_win,0.0,58
600,models_7x7\checkpoints\cycle_0162.pt,models_7x7\checkpoints\cycle_0152.pt,models_7x7\checkpoints\cycle_0162.pt,models_7x7\checkpoints\cycle_0152.pt,p1_win,1.0,55
601,models_7x7\checkpoints\cycle_0162.pt,models_7x7\checkpoints\cycle_0152.pt,models_7x7\checkpoints\cycle_0162.pt,models_7x7\checkpoints\cycle_0152.pt,p2_win,0.0,54
602,models_7x7\checkpoints\cycle_0162.pt,models_7x7\checkpoints\cycle_0152.pt,models_7x7\checkpoints\cycle_0162.pt,models_7x7\checkpoints\cycle_0152.pt,p1_win,1.0,53
603,models_7x7\checkpoints\cycle_0162.pt,models_7x7\checkpoints\cycle_0152.pt,models_7x7\checkpoints\cycle_0162.pt,models_7x7\checkpoints\cycle_0152.pt,p1_win,1.0,59
604,models_7x7\checkpoints\cycle_0162.pt,models_7x7\checkpoints\cycle_0152.pt,models_7x7\checkpoints\cycle_0152.pt,models_7x7\checkpoints\cycle_0162.pt,p2_win,1.0,58
605,models_7x7\checkpoints\cycle_0162.pt,models_7x7\checkpoints\cycle_0152.pt,models_7x7\checkpoints\cycle_0162.pt,models_7x7\checkpoints\cycle_0152.pt,p1_win,1.0,51
606,models_7x7\checkpoints\cycle_0162.pt,models_7x7\checkpoints\cycle_0152.pt,models_7x7\checkpoints\cycle_0162.pt,models_7x7\checkpoints\cycle_0152.pt,p2_win,0.0,58
607,models_7x7\checkpoints\cycle_0162.pt,models_7x7\checkpoints\cycle_0152.pt,models_7x7\checkpoints\cycle_0152.pt,models_7x7\checkpoints\cycle_0162.pt,p2_win,1.0,58
608,models_7x7\checkpoints\cycle_0162.pt,models_7x7\checkpoints\cycle_0152.pt,models_7x7\checkpoints\cycle_0152.pt,models_7x7\checkpoints\cycle_0162.pt,p2_win,1.0,54
609,models_7x7\checkpoints\cycle_0162.pt,models_7x7\checkpoints\cycle_0152.pt,models_7x7\checkpoints\cycle_0162.pt,models_7x7\checkpoints\cycle_0152.pt,p2_win,0.0,60
610,models_7x7\checkpoints\cycle_0162.pt,models_7x7\checkpoints\cycle_0152.pt,models_7x7\checkpoints\cycle_0162.pt,models_7x7\checkpoints\cycle_0152.pt,p1_win,1.0,57
611,models_7x7\checkpoints\cycle_0162.pt,models_7x7\checkpoints\cycle_0152.pt,models_7x7\checkpoints\cycle_0152.pt,models_7x7\checkpoints\cycle_0162.pt,p1_win,0.0,51
612,models_7x7\checkpoints\cycle_0162.pt,models_7x7\checkpoints\cycle_0152.pt,models_7x7\checkpoints\cycle_0152.pt,models_7x7\checkpoints\cycle_0162.pt,p2_win,1.0,56
613,models_7x7\checkpoints\cycle_0162.pt,models_7x7\checkpoints\cycle_0152.pt,models_7x7\checkpoints\cycle_0162.pt,models_7x7\checkpoints\cycle_0152.pt,p2_win,0.0,56
614,models_7x7\checkpoints\cycle_0162.pt,models_7x7\checkpoints\cycle_0152.pt,models_7x7\checkpoints\cycle_0152.pt,models_7x7\checkpoints\cycle_0162.pt,p2_win,1.0,60
615,models_7x7\checkpoints\cycle_0162.pt,models_7x7\checkpoints\cycle_0152.pt,models_7x7\checkpoints\cycle_0152.pt,models_7x7\checkpoints\cycle_0162.pt,p1_win,0.0,59
616,models_7x7\checkpoints\cycle_0162.pt,models_7x7\checkpoints\cycle_0152.pt,models_7x7\checkpoints\cycle_0152.pt,models_7x7\checkpoints\cycle_0162.pt,p1_win,0.0,53
617,models_7x7\checkpoints\cycle_0162.pt,models_7x7\checkpoints\cycle_0152.pt,models_7x7\checkpoints\cycle_0152.pt,models_7x7\checkpoints\cycle_0162.pt,p1_win,0.0,55
618,models_7x7\checkpoints\cycle_0162.pt,models_7x7\checkpoints\cycle_0152.pt,models_7x7\checkpoints\cycle_0162.pt,models_7x7\checkpoints\cycle_0152.pt,p2_win,0.0,54
619,models_7x7\checkpoints\cycle_0162.pt,models_7x7\checkpoints\cycle_0152.pt,models_7x7\checkpoints\cycle_0162.pt,models_7x7\checkpoints\cycle_0152.pt,p1_win,1.0,53
620,models_7x7\checkpoints\cycle_0162.pt,models_7x7\checkpoints\cycle_0152.pt,models_7x7\checkpoints\cycle_0162.pt,models_7x7\checkpoints\cycle_0152.pt,draw,0.5,55
621,models_7x7\checkpoints\cycle_0162.pt,models_7x7\checkpoints\cycle_0152.pt,models_7x7\checkpoints\cycle_0162.pt,models_7x7\checkpoints\cycle_0152.pt,p2_win,0.0,56
622,models_7x7\checkpoints\cycle_0162.pt,models_7x7\checkpoints\cycle_0152.pt,models_7x7\checkpoints\cycle_0162.pt,models_7x7\checkpoints\cycle_0152.pt,p1_win,1.0,57
623,models_7x7\checkpoints\cycle_0162.pt,models_7x7\checkpoints\cycle_0152.pt,models_7x7\checkpoints\cycle_0152.pt,models_7x7\checkpoints\cycle_0162.pt,p2_win,1.0,54
624,models_7x7\checkpoints\cycle_0162.pt,models_7x7\checkpoints\cycle_0152.pt,models_7x7\checkpoints\cycle_0162.pt,models_7x7\checkpoints\cycle_0152.pt,p1_win,1.0,61
625,models_7x7\checkpoints\cycle_0162.pt,models_7x7\checkpoints\cycle_0152.pt,models_7x7\checkpoints\cycle_0162.pt,models_7x7\checkpoints\cycle_0152.pt,p2_win,0.0,52
626,models_7x7\checkpoints\cycle_0162.pt,models_7x7\checkpoints\cycle_0152.pt,models_7x7\checkpoints\cycle_0162.pt,models_7x7\checkpoints\cycle_0152.pt,p1_win,1.0,53
627,models_7x7\checkpoints\cycle_0162.pt,models_7x7\checkpoints\cycle_0152.pt,models_7x7\checkpoints\cycle_0162.pt,models_7x7\checkpoints\cycle_0152.pt,p1_win,1.0,57
628,models_7x7\checkpoints\cycle_0162.pt,models_7x7\checkpoints\cycle_0152.pt,models_7x7\checkpoints\cycle_0152.pt,models_7x7\checkpoints\cycle_0162.pt,p1_win,0.0,63
629,models_7x7\checkpoints\cycle_0162.pt,models_7x7\checkpoints\cycle_0152.pt,models_7x7\checkpoints\cycle_0152.pt,models_7x7\checkpoints\cycle_0162.pt,p1_win,0.0,53
630,models_7x7\checkpoints\cycle_0162.pt,models_7x7\checkpoints\cycle_0152.pt,models_7x7\checkpoints\cycle_0162.pt,models_7x7\checkpoints\cycle_0152.pt,p2_win,0.0,54
631,models_7x7\checkpoints\cycle_0162.pt,models_7x7\checkpoints\cycle_0152.pt,models_7x7\checkpoints\cycle_0162.pt,models_7x7\checkpoints\cycle_0152.pt,p2_win,0.0,54
632,models_7x7\checkpoints\cycle_0162.pt,models_7x7\checkpoints\cycle_0152.pt,models_7x7\checkpoints\cycle_0162.pt,models_7x7\checkpoints\cycle_0152.pt,p1_win,1.0,57
633,models_7x7\checkpoints\cycle_0162.pt,models_7x7\checkpoints\cycle_0152.pt,models_7x7\checkpoints\cycle_0152.pt,models_7x7\checkpoints\cycle_0162.pt,p2_win,1.0,54
634,models_7x7\checkpoints\cycle_0162.pt,models_7x7\checkpoints\cycle_0152.pt,models_7x7\checkpoints\cycle_0152.pt,models_7x7\checkpoints\cycle_0162.pt,p2_win,1.0,54
635,models_7x7\checkpoints\cycle_0162.pt,models_7x7\checkpoints\cycle_0152.pt,models_7x7\checkpoints\cycle_0162.pt,models_7x7\checkpoints\cycle_0152.pt,p1_win,1.0,59
636,models_7x7\checkpoints\cycle_0162.pt,models_7x7\checkpoints\cycle_0152.pt,models_7x7\checkpoints\cycle_0152.pt,models_7x7\checkpoints\cycle_0162.pt,p2_win,1.0,52
637,models_7x7\checkpoints\cycle_0162.pt,models_7x7\checkpoints\cycle_0152.pt,models_7x7\checkpoints\cycle_0152.pt,models_7x7\checkpoints\cycle_0162.pt,p2_win,1.0,54
638,models_7x7\checkpoints\cycle_0162.pt,models_7x7\checkpoints\cycle_0152.pt,models_7x7\checkpoints\cycle_0152.pt,models_7x7\checkpoints\cycle_0162.pt,p2_win,1.0,54
639,models_7x7\checkpoints\cycle_0162.pt,models_7x7\checkpoints\cycle_0152.pt,models_7x7\checkpoints\cycle_0162.pt,models_7x7\checkpoints\cycle_0152.pt,p1_win,1.0,63
640,models_7x7\checkpoints\cycle_0162.pt,models_7x7\checkpoints\cycle_0152.pt,models_7x7\checkpoints\cycle_0152.pt,models_7x7\checkpoints\cycle_0162.pt,p2_win,1.0,56
641,models_7x7\checkpoints\cycle_0162.pt,models_7x7\checkpoints\cycle_0152.pt,models_7x7\checkpoints\cycle_0162.pt,models_7x7\checkpoints\cycle_0152.pt,p1_win,1.0,53
642,models_7x7\checkpoints\cycle_0162.pt,models_7x7\checkpoints\cycle_0152.pt,models_7x7\checkpoints\cycle_0162.pt,models_7x7\checkpoints\cycle_0152.pt,p1_win,1.0,57
643,models_7x7\checkpoints\cycle_0162.pt,models_7x7\checkpoints\cycle_0152.pt,models_7x7\checkpoints\cycle_0152.pt,models_7x7\checkpoints\cycle_0162.pt,p2_win,1.0,60
644,models_7x7\checkpoints\cycle_0162.pt,models_7x7\checkpoints\cycle_0152.pt,models_7x7\checkpoints\cycle_0152.pt,models_7x7\checkpoints\cycle_0162.pt,p1_win,0.0,55
645,models_7x7\checkpoints\cycle_0162.pt,models_7x7\checkpoints\cycle_0152.pt,models_7x7\checkpoints\cycle_0152.pt,models_7x7\checkpoints\cycle_0162.pt,p2_win,1.0,58
646,models_7x7\checkpoints\cycle_0162.pt,models_7x7\checkpoints\cycle_0152.pt,models_7x7\checkpoints\cycle_0162.pt,models_7x7\checkpoints\cycle_0152.pt,p2_win,0.0,58
647,models_7x7\checkpoints\cycle_0162.pt,models_7x7\checkpoints\cycle_0152.pt,models_7x7\checkpoints\cycle_0162.pt,models_7x7\checkpoints\cycle_0152.pt,p1_win,1.0,59
648,models_7x7\checkpoints\cycle_0162.pt,models_7x7\checkpoints\cycle_0152.pt,models_7x7\checkpoints\cycle_0162.pt,models_7x7\checkpoints\cycle_0152.pt,p2_win,0.0,66
649,models_7x7\checkpoints\cycle_0162.pt,models_7x7\checkpoints\cycle_0152.pt,models_7x7\checkpoints\cycle_0152.pt,models_7x7\checkpoints\cycle_0162.pt,p2_win,1.0,64
650,models_7x7\checkpoints\cycle_0162.pt,models_7x7\checkpoints\cycle_0152.pt,models_7x7\checkpoints\cycle_0162.pt,models_7x7\checkpoints\cycle_0152.pt,p1_win,1.0,53
651,models_7x7\checkpoints\cycle_0162.pt,models_7x7\checkpoints\cycle_0152.pt,models_7x7\checkpoints\cycle_0162.pt,models_7x7\checkpoints\cycle_0152.pt,p2_win,0.0,54
652,models_7x7\checkpoints\cycle_0162.pt,models_7x7\checkpoints\cycle_0152.pt,models_7x7\checkpoints\cycle_0152.pt,models_7x7\checkpoints\cycle_0162.pt,p2_win,1.0,58
653,models_7x7\checkpoints\cycle_0162.pt,models_7x7\checkpoints\cycle_0152.pt,models_7x7\checkpoints\cycle_0162.pt,models_7x7\checkpoints\cycle_0152.pt,p1_win,1.0,55
654,models_7x7\checkpoints\cycle_0162.pt,models_7x7\checkpoints\cycle_0152.pt,models_7x7\checkpoints\cycle_0152.pt,models_7x7\checkpoints\cycle_0162.pt,p2_win,1.0,52
655,models_7x7\checkpoints\cycle_0162.pt,models_7x7\checkpoints\cycle_0152.pt,models_7x7\checkpoints\cycle_0162.pt,models_7x7\checkpoints\cycle_0152.pt,p1_win,1.0,55
656,models_7x7\checkpoints\cycle_0162.pt,models_7x7\checkpoints\cycle_0152.pt,models_7x7\checkpoints\cycle_0162.pt,models_7x7\checkpoints\cycle_0152.pt,p2_win,0.0,56
657,models_7x7\checkpoints\cycle_0162.pt,models_7x7\checkpoints\cycle_0152.pt,models_7x7\checkpoints\cycle_0162.pt,models_7x7\checkpoints\cycle_0152.pt,p2_win,0.0,60
658,models_7x7\checkpoints\cycle_0162.pt,models_7x7\checkpoints\cycle_0152.pt,models_7x7\checkpoints\cycle_0162.pt,models_7x7\checkpoints\cycle_0152.pt,p1_win,1.0,53
659,models_7x7\checkpoints\cycle_0162.pt,models_7x7\checkpoints\cycle_0152.pt,models_7x7\checkpoints\cycle_0162.pt,models_7x7\checkpoints\cycle_0152.pt,p1_win,1.0,55
660,models_7x7\checkpoints\cycle_0162.pt,models_7x7\checkpoints\cycle_0152.pt,models_7x7\checkpoints\cycle_0162.pt,models_7x7\checkpoints\cycle_0152.pt,p1_win,1.0,57
661,models_7x7\checkpoints\cycle_0162.pt,models_7x7\checkpoints\cycle_0152.pt,models_7x7\checkpoints\cycle_0152.pt,models_7x7\checkpoints\cycle_0162.pt,p2_win,1.0,64
662,models_7x7\checkpoints\cycle_0162.pt,models_7x7\checkpoints\cycle_0152.pt,models_7x7\checkpoints\cycle_0162.pt,models_7x7\checkpoints\cycle_0152.pt,p1_win,1.0,55
663,models_7x7\checkpoints\cycle_0162.pt,models_7x7\checkpoints\cycle_0152.pt,models_7x7\checkpoints\cycle_0152.pt,models_7x7\checkpoints\cycle_0162.pt,p2_win,1.0,60
664,models_7x7\checkpoints\cycle_0162.pt,models_7x7\checkpoints\cycle_0152.pt,models_7x7\checkpoints\cycle_0152.pt,models_7x7\checkpoints\cycle_0162.pt,p1_win,0.0,63
665,models_7x7\checkpoints\cycle_0162.pt,models_7x7\checkpoints\cycle_0152.pt,models_7x7\checkpoints\cycle_0162.pt,models_7x7\checkpoints\cycle_0152.pt,p1_win,1.0,59
666,models_7x7\checkpoints\cycle_0162.pt,models_7x7\checkpoints\cycle_0152.pt,models_7x7\checkpoints\cycle_0162.pt,models_7x7\checkpoints\cycle_0152.pt,p1_win,1.0,61
667,models_7x7\checkpoints\cycle_0162.pt,models_7x7\checkpoints\cycle_0152.pt,models_7x7\checkpoints\cycle_0152.pt,models_7x7\checkpoints\cycle_0162.pt,p2_win,1.0,58
668,models_7x7\checkpoints\cycle_0162.pt,models_7x7\checkpoints\cycle_0152.pt,models_7x7\checkpoints\cycle_0152.pt,models_7x7\checkpoints\cycle_0162.pt,p2_win,1.0,54
669,models_7x7\checkpoints\cycle_0162.pt,models_7x7\checkpoints\cycle_0152.pt,models_7x7\checkpoints\cycle_0162.pt,models_7x7\checkpoints\cycle_0152.pt,p1_win,1.0,53
670,models_7x7\checkpoints\cycle_0162.pt,models_7x7\checkpoints\cycle_0152.pt,models_7x7\checkpoints\cycle_0162.pt,models_7x7\checkpoints\cycle_0152.pt,p2_win,0.0,56
671,models_7x7\checkpoints\cycle_0162.pt,models_7x7\checkpoints\cycle_0152.pt,models_7x7\checkpoints\cycle_0152.pt,models_7x7\checkpoints\cycle_0162.pt,p2_win,1.0,56
672,models_7x7\checkpoints\cycle_0162.pt,models_7x7\checkpoints\cycle_0152.pt,models_7x7\checkpoints\cycle_0162.pt,models_7x7\checkpoints\cycle_0152.pt,p2_win,0.0,70
673,models_7x7\checkpoints\cycle_0162.pt,models_7x7\checkpoints\cycle_0152.pt,models_7x7\checkpoints\cycle_0152.pt,models_7x7\checkpoints\cycle_0162.pt,p2_win,1.0,54
674,models_7x7\checkpoints\cycle_0162.pt,models_7x7\checkpoints\cycle_0152.pt,models_7x7\checkpoints\cycle_0162.pt,models_7x7\checkpoints\cycle_0152.pt,p1_win,1.0,59
675,models_7x7\checkpoints\cycle_0162.pt,models_7x7\checkpoints\cycle_0152.pt,models_7x7\checkpoints\cycle_0162.pt,models_7x7\checkpoints\cycle_0152.pt,p1_win,1.0,57
676,models_7x7\checkpoints\cycle_0162.pt,models_7x7\checkpoints\cycle_0152.pt,models_7x7\checkpoints\cycle_0162.pt,models_7x7\checkpoints\cycle_0152.pt,p2_win,0.0,64
677,models_7x7\checkpoints\cycle_0162.pt,models_7x7\checkpoints\cycle_0152.pt,models_7x7\checkpoints\cycle_0152.pt,models_7x7\checkpoints\cycle_0162.pt,p1_win,0.0,63
678,models_7x7\checkpoints\cycle_0162.pt,models_7x7\checkpoints\cycle_0152.pt,models_7x7\checkpoints\cycle_0152.pt,models_7x7\checkpoints\cycle_0162.pt,p1_win,0.0,55
679,models_7x7\checkpoints\cycle_0162.pt,models_7x7\checkpoints\cycle_0152.pt,models_7x7\checkpoints\cycle_0152.pt,models_7x7\checkpoints\cycle_0162.pt,p2_win,1.0,58
680,models_7x7\checkpoints\cycle_0162.pt,models_7x7\checkpoints\cycle_0152.pt,models_7x7\checkpoints\cycle_0162.pt,models_7x7\checkpoints\cycle_0152.pt,p1_win,1.0,61
681,models_7x7\checkpoints\cycle_0162.pt,models_7x7\checkpoints\cycle_0152.pt,models_7x7\checkpoints\cycle_0152.pt,models_7x7\checkpoints\cycle_0162.pt,p2_win,1.0,58
682,models_7x7\checkpoints\cycle_0162.pt,models_7x7\checkpoints\cycle_0152.pt,models_7x7\checkpoints\cycle_0162.pt,models_7x7\checkpoints\cycle_0152.pt,p2_win,0.0,66
683,models_7x7\checkpoints\cycle_0162.pt,models_7x7\checkpoints\cycle_0152.pt,models_7x7\checkpoints\cycle_0162.pt,models_7x7\checkpoints\cycle_0152.pt,p1_win,1.0,57
684,models_7x7\checkpoints\cycle_0162.pt,models_7x7\checkpoints\cycle_0152.pt,models_7x7\checkpoints\cycle_0152.pt,models_7x7\checkpoints\cycle_0162.pt,p2_win,1.0,56
685,models_7x7\checkpoints\cycle_0162.pt,models_7x7\checkpoints\cycle_0152.pt,models_7x7\checkpoints\cycle_0162.pt,models_7x7\checkpoints\cycle_0152.pt,p2_win,0.0,68
686,models_7x7\checkpoints\cycle_0162.pt,models_7x7\checkpoints\cycle_0152.pt,models_7x7\checkpoints\cycle_0152.pt,models_7x7\checkpoints\cycle_0162.pt,p2_win,1.0,56
687,models_7x7\checkpoints\cycle_0162.pt,models_7x7\checkpoints\cycle_0152.pt,models_7x7\checkpoints\cycle_0162.pt,models_7x7\checkpoints\cycle_0152.pt,p2_win,0.0,56
688,models_7x7\checkpoints\cycle_0162.pt,models_7x7\checkpoints\cycle_0152.pt,models_7x7\checkpoints\cycle_0152.pt,models_7x7\checkpoints\cycle_0162.pt,p2_win,1.0,66
689,models_7x7\checkpoints\cycle_0162.pt,models_7x7\checkpoints\cycle_0152.pt,models_7x7\checkpoints\cycle_0152.pt,models_7x7\checkpoints\cycle_0162.pt,p2_win,1.0,56
690,models_7x7\checkpoints\cycle_0162.pt,models_7x7\checkpoints\cycle_0152.pt,models_7x7\checkpoints\cycle_0162.pt,models_7x7\checkpoints\cycle_0152.pt,p1_win,1.0,61
691,models_7x7\checkpoints\cycle_0162.pt,models_7x7\checkpoints\cycle_0152.pt,models_7x7\checkpoints\cycle_0162.pt,models_7x7\checkpoints\cycle_0152.pt,p2_win,0.0,66
692,models_7x7\checkpoints\cycle_0162.pt,models_7x7\checkpoints\cycle_0152.pt,models_7x7\checkpoints\cycle_0162.pt,models_7x7\checkpoints\cycle_0152.pt,p1_win,1.0,59
693,models_7x7\checkpoints\cycle_0162.pt,models_7x7\checkpoints\cycle_0152.pt,models_7x7\checkpoints\cycle_0152.pt,models_7x7\checkpoints\cycle_0162.pt,p1_win,0.0,59
694,models_7x7\checkpoints\cycle_0162.pt,models_7x7\checkpoints\cycle_0152.pt,models_7x7\checkpoints\cycle_0152.pt,models_7x7\checkpoints\cycle_0162.pt,p2_win,1.0,62
695,models_7x7\checkpoints\cycle_0162.pt,models_7x7\checkpoints\cycle_0152.pt,models_7x7\checkpoints\cycle_0162.pt,models_7x7\checkpoints\cycle_0152.pt,p2_win,0.0,60
696,models_7x7\checkpoints\cycle_0162.pt,models_7x7\checkpoints\cycle_0152.pt,models_7x7\checkpoints\cycle_0152.pt,models_7x7\checkpoints\cycle_0162.pt,p2_win,1.0,62
697,models_7x7\checkpoints\cycle_0162.pt,models_7x7\checkpoints\cycle_0152.pt,models_7x7\checkpoints\cycle_0152.pt,models_7x7\checkpoints\cycle_0162.pt,p1_win,0.0,61
698,models_7x7\checkpoints\cycle_0162.pt,models_7x7\checkpoints\cycle_0152.pt,models_7x7\checkpoints\cycle_0162.pt,models_7x7\checkpoints\cycle_0152.pt,p1_win,1.0,63
699,models_7x7\checkpoints\cycle_0162.pt,models_7x7\checkpoints\cycle_0152.pt,models_7x7\checkpoints\cycle_0152.pt,models_7x7\checkpoints\cycle_0162.pt,p2_win,1.0,62
700,models_7x7\checkpoints\cycle_0162.pt,models_7x7\checkpoints\cycle_0152.pt,models_7x7\checkpoints\cycle_0162.pt,models_7x7\checkpoints\cycle_0152.pt,p2_win,0.0,60
701,models_7x7\checkpoints\cycle_0162.pt,models_7x7\checkpoints\cycle_0152.pt,models_7x7\checkpoints\cycle_0152.pt,models_7x7\checkpoints\cycle_0162.pt,p1_win,0.0,67
702,models_7x7\checkpoints\cycle_0162.pt,models_7x7\checkpoints\cycle_0152.pt,models_7x7\checkpoints\cycle_0162.pt,models_7x7\checkpoints\cycle_0152.pt,p2_win,0.0,70
703,models_7x7\checkpoints\cycle_0162.pt,models_7x7\checkpoints\cycle_0152.pt,models_7x7\checkpoints\cycle_0152.pt,models_7x7\checkpoints\cycle_0162.pt,p2_win,1.0,58
704,models_7x7\checkpoints\cycle_0162.pt,models_7x7\checkpoints\cycle_0152.pt,models_7x7\checkpoints\cycle_0152.pt,models_7x7\checkpoints\cycle_0162.pt,p1_win,0.0,59
705,models_7x7\checkpoints\cycle_0162.pt,models_7x7\checkpoints\cycle_0152.pt,models_7x7\checkpoints\cycle_0162.pt,models_7x7\checkpoints\cycle_0152.pt,p1_win,1.0,61
706,models_7x7\checkpoints\cycle_0162.pt,models_7x7\checkpoints\cycle_0152.pt,models_7x7\checkpoints\cycle_0162.pt,models_7x7\checkpoints\cycle_0152.pt,p2_win,0.0,56
707,models_7x7\checkpoints\cycle_0162.pt,models_7x7\checkpoints\cycle_0152.pt,models_7x7\checkpoints\cycle_0162.pt,models_7x7\checkpoints\cycle_0152.pt,p1_win,1.0,57
708,models_7x7\checkpoints\cycle_0162.pt,models_7x7\checkpoints\cycle_0152.pt,models_7x7\checkpoints\cycle_0152.pt,models_7x7\checkpoints\cycle_0162.pt,p2_win,1.0,56
709,models_7x7\checkpoints\cycle_0162.pt,models_7x7\checkpoints\cycle_0152.pt,models_7x7\checkpoints\cycle_0162.pt,models_7x7\checkpoints\cycle_0152.pt,p1_win,1.0,65
710,models_7x7\checkpoints\cycle_0162.pt,models_7x7\checkpoints\cycle_0152.pt,models_7x7\checkpoints\cycle_0162.pt,models_7x7\checkpoints\cycle_0152.pt,p1_win,1.0,59
711,models_7x7\checkpoints\cycle_0162.pt,models_7x7\checkpoints\cycle_0152.pt,models_7x7\checkpoints\cycle_0162.pt,models_7x7\checkpoints\cycle_0152.pt,p1_win,1.0,59
712,models_7x7\checkpoints\cycle_0162.pt,models_7x7\checkpoints\cycle_0152.pt,models_7x7\checkpoints\cycle_0152.pt,models_7x7\checkpoints\cycle_0162.pt,p1_win,0.0,65
713,models_7x7\checkpoints\cycle_0162.pt,models_7x7\checkpoints\cycle_0152.pt,models_7x7\checkpoints\cycle_0162.pt,models_7x7\checkpoints\cycle_0152.pt,p1_win,1.0,61
714,models_7x7\checkpoints\cycle_0162.pt,models_7x7\checkpoints\cycle_0152.pt,models_7x7\checkpoints\cycle_0152.pt,models_7x7\checkpoints\cycle_0162.pt,p2_win,1.0,62
715,models_7x7\checkpoints\cycle_0162.pt,models_7x7\checkpoints\cycle_0152.pt,models_7x7\checkpoints\cycle_0162.pt,models_7x7\checkpoints\cycle_0152.pt,p1_win,1.0,63
716,models_7x7\checkpoints\cycle_0162.pt,models_7x7\checkpoints\cycle_0152.pt,models_7x7\checkpoints\cycle_0162.pt,models_7x7\checkpoints\cycle_0152.pt,p1_win,1.0,57
717,models_7x7\checkpoints\cycle_0162.pt,models_7x7\checkpoints\cycle_0152.pt,models_7x7\checkpoints\cycle_0152.pt,models_7x7\checkpoints\cycle_0162.pt,p1_win,0.0,71
718,models_7x7\checkpoints\cycle_0162.pt,models_7x7\checkpoints\cycle_0152.pt,models_7x7\checkpoints\cycle_0162.pt,models_7x7\checkpoints\cycle_0152.pt,p2_win,0.0,64
719,models_7x7\checkpoints\cycle_0162.pt,models_7x7\checkpoints\cycle_0152.pt,models_7x7\checkpoints\cycle_0152.pt,models_7x7\checkpoints\cycle_0162.pt,p1_win,0.0,63
720,models_7x7\checkpoints\cycle_0162.pt,models_7x7\checkpoints\cycle_0152.pt,models_7x7\checkpoints\cycle_0162.pt,models_7x7\checkpoints\cycle_0152.pt,p1_win,1.0,71
721,models_7x7\checkpoints\cycle_0162.pt,models_7x7\checkpoints\cycle_0152.pt,models_7x7\checkpoints\cycle_0152.pt,models_7x7\checkpoints\cycle_0162.pt,p2_win,1.0,56
722,models_7x7\checkpoints\cycle_0162.pt,models_7x7\checkpoints\cycle_0152.pt,models_7x7\checkpoints\cycle_0152.pt,models_7x7\checkpoints\cycle_0162.pt,p2_win,1.0,64
723,models_7x7\checkpoints\cycle_0162.pt,models_7x7\checkpoints\cycle_0152.pt,models_7x7\checkpoints\cycle_0162.pt,models_7x7\checkpoints\cycle_0152.pt,p1_win,1.0,57
724,models_7x7\checkpoints\cycle_0162.pt,models_7x7\checkpoints\cycle_0152.pt,models_7x7\checkpoints\cycle_0162.pt,models_7x7\checkpoints\cycle_0152.pt,p1_win,1.0,59
725,models_7x7\checkpoints\cycle_0162.pt,models_7x7\checkpoints\cycle_0152.pt,models_7x7\checkpoints\cycle_0152.pt,models_7x7\checkpoints\cycle_0162.pt,p1_win,0.0,61
726,models_7x7\checkpoints\cycle_0162.pt,models_7x7\checkpoints\cycle_0152.pt,models_7x7\checkpoints\cycle_0162.pt,models_7x7\checkpoints\cycle_0152.pt,p2_win,0.0,62
727,models_7x7\checkpoints\cycle_0162.pt,models_7x7\checkpoints\cycle_0152.pt,models_7x7\checkpoints\cycle_0152.pt,models_7x7\checkpoints\cycle_0162.pt,p2_win,1.0,58
728,models_7x7\checkpoints\cycle_0162.pt,models_7x7\checkpoints\cycle_0152.pt,models_7x7\checkpoints\cycle_0162.pt,models_7x7\checkpoints\cycle_0152.pt,p1_win,1.0,59
729,models_7x7\checkpoints\cycle_0162.pt,models_7x7\checkpoints\cycle_0152.pt,models_7x7\checkpoints\cycle_0152.pt,models_7x7\checkpoints\cycle_0162.pt,p2_win,1.0,60
730,models_7x7\checkpoints\cycle_0162.pt,models_7x7\checkpoints\cycle_0152.pt,models_7x7\checkpoints\cycle_0162.pt,models_7x7\checkpoints\cycle_0152.pt,p2_win,0.0,62
731,models_7x7\checkpoints\cycle_0162.pt,models_7x7\checkpoints\cycle_0152.pt,models_7x7\checkpoints\cycle_0152.pt,models_7x7\checkpoints\cycle_0162.pt,p1_win,0.0,59
732,models_7x7\checkpoints\cycle_0162.pt,models_7x7\checkpoints\cycle_0152.pt,models_7x7\checkpoints\cycle_0162.pt,models_7x7\checkpoints\cycle_0152.pt,p1_win,1.0,65
733,models_7x7\checkpoints\cycle_0162.pt,models_7x7\checkpoints\cycle_0152.pt,models_7x7\checkpoints\cycle_0152.pt,models_7x7\checkpoints\cycle_0162.pt,p2_win,1.0,64
734,models_7x7\checkpoints\cycle_0162.pt,models_7x7\checkpoints\cycle_0152.pt,models_7x7\checkpoints\cycle_0162.pt,models_7x7\checkpoints\cycle_0152.pt,p1_win,1.0,59
735,models_7x7\checkpoints\cycle_0162.pt,models_7x7\checkpoints\cycle_0152.pt,models_7x7\checkpoints\cycle_0152.pt,models_7x7\checkpoints\cycle_0162.pt,p2_win,1.0,58
736,models_7x7\checkpoints\cycle_0162.pt,models_7x7\checkpoints\cycle_0152.pt,models_7x7\checkpoints\cycle_0162.pt,models_7x7\checkpoints\cycle_0152.pt,p1_win,1.0,65
737,models_7x7\checkpoints\cycle_0162.pt,models_7x7\checkpoints\cycle_0152.pt,models_7x7\checkpoints\cycle_0152.pt,models_7x7\checkpoints\cycle_0162.pt,p2_win,1.0,64
738,models_7x7\checkpoints\cycle_0162.pt,models_7x7\checkpoints\cycle_0152.pt,models_7x7\checkpoints\cycle_0152.pt,models_7x7\checkpoints\cycle_0162.pt,p2_win,1.0,56
739,models_7x7\checkpoints\cycle_0162.pt,models_7x7\checkpoints\cycle_0152.pt,models_7x7\checkpoints\cycle_0162.pt,models_7x7\checkpoints\cycle_0152.pt,p1_win,1.0,63
740,models_7x7\checkpoints\cycle_0162.pt,models_7x7\checkpoints\cycle_0152.pt,models_7x7\checkpoints\cycle_0162.pt,models_7x7\checkpoints\cycle_0152.pt,p1_win,1.0,59
741,models_7x7\checkpoints\cycle_0162.pt,models_7x7\checkpoints\cycle_0152.pt,models_7x7\checkpoints\cycle_0162.pt,models_7x7\checkpoints\cycle_0152.pt,p2_win,0.0,70
742,models_7x7\checkpoints\cycle_0162.pt,models_7x7\checkpoints\cycle_0152.pt,models_7x7\checkpoints\cycle_0162.pt,models_7x7\checkpoints\cycle_0152.pt,p1_win,1.0,57
743,models_7x7\checkpoints\cycle_0162.pt,models_7x7\checkpoints\cycle_0152.pt,models_7x7\checkpoints\cycle_0152.pt,models_7x7\checkpoints\cycle_0162.pt,p2_win,1.0,64
744,models_7x7\checkpoints\cycle_0162.pt,models_7x7\checkpoints\cycle_0152.pt,models_7x7\checkpoints\cycle_0152.pt,models_7x7\checkpoints\cycle_0162.pt,p2_win,1.0,68
745,models_7x7\checkpoints\cycle_0162.pt,models_7x7\checkpoints\cycle_0152.pt,models_7x7\checkpoints\cycle_0152.pt,models_7x7\checkpoints\cycle_0162.pt,p1_win,0.0,65
746,models_7x7\checkpoints\cycle_0162.pt,models_7x7\checkpoints\cycle_0152.pt,models_7x7\checkpoints\cycle_0152.pt,models_7x7\checkpoints\cycle_0162.pt,p2_win,1.0,66
747,models_7x7\checkpoints\cycle_0162.pt,models_7x7\checkpoints\cycle_0152.pt,models_7x7\checkpoints\cycle_0152.pt,models_7x7\checkpoints\cycle_0162.pt,p2_win,1.0,62
748,models_7x7\checkpoints\cycle_0162.pt,models_7x7\checkpoints\cycle_0152.pt,models_7x7\checkpoints\cycle_0152.pt,models_7x7\checkpoints\cycle_0162.pt,p2_win,1.0,60
749,models_7x7\checkpoints\cycle_0162.pt,models_7x7\checkpoints\cycle_0152.pt,models_7x7\checkpoints\cycle_0152.pt,models_7x7\checkpoints\cycle_0162.pt,p2_win,1.0,66
750,models_7x7\checkpoints\cycle_0162.pt,models_7x7\checkpoints\cycle_0152.pt,models_7x7\checkpoints\cycle_0162.pt,models_7x7\checkpoints\cycle_0152.pt,p1_win,1.0,63
751,models_7x7\checkpoints\cycle_0162.pt,models_7x7\checkpoints\cycle_0152.pt,models_7x7\checkpoints\cycle_0152.pt,models_7x7\checkpoints\cycle_0162.pt,p2_win,1.0,60
752,models_7x7\checkpoints\cycle_0162.pt,models_7x7\checkpoints\cycle_0152.pt,models_7x7\checkpoints\cycle_0152.pt,models_7x7\checkpoints\cycle_0162.pt,p2_win,1.0,62
753,models_7x7\checkpoints\cycle_0162.pt,models_7x7\checkpoints\cycle_0152.pt,models_7x7\checkpoints\cycle_0162.pt,models_7x7\checkpoints\cycle_0152.pt,p2_win,0.0,58
754,models_7x7\checkpoints\cycle_0162.pt,models_7x7\checkpoints\cycle_0152.pt,models_7x7\checkpoints\cycle_0162.pt,models_7x7\checkpoints\cycle_0152.pt,p1_win,1.0,67
755,models_7x7\checkpoints\cycle_0162.pt,models_7x7\checkpoints\cycle_0152.pt,models_7x7\checkpoints\cycle_0162.pt,models_7x7\checkpoints\cycle_0152.pt,p1_win,1.0,67
756,models_7x7\checkpoints\cycle_0162.pt,models_7x7\checkpoints\cycle_0152.pt,models_7x7\checkpoints\cycle_0152.pt,models_7x7\checkpoints\cycle_0162.pt,p1_win,0.0,71
757,models_7x7\checkpoints\cycle_0162.pt,models_7x7\checkpoints\cycle_0152.pt,models_7x7\checkpoints\cycle_0162.pt,models_7x7\checkpoints\cycle_0152.pt,p1_win,1.0,63
758,models_7x7\checkpoints\cycle_0162.pt,models_7x7\checkpoints\cycle_0152.pt,models_7x7\checkpoints\cycle_0152.pt,models_7x7\checkpoints\cycle_0162.pt,p1_win,0.0,63
759,models_7x7\checkpoints\cycle_0162.pt,models_7x7\checkpoints\cycle_0152.pt,models_7x7\checkpoints\cycle_0152.pt,models_7x7\checkpoints\cycle_0162.pt,p2_win,1.0,64
760,models_7x7\checkpoints\cycle_0162.pt,models_7x7\checkpoints\cycle_0152.pt,models_7x7\checkpoints\cycle_0152.pt,models_7x7\checkpoints\cycle_0162.pt,draw,0.5,72
761,models_7x7\checkpoints\cycle_0162.pt,models_7x7\checkpoints\cycle_0152.pt,models_7x7\checkpoints\cycle_0162.pt,models_7x7\checkpoints\cycle_0152.pt,p2_win,0.0,64
762,models_7x7\checkpoints\cycle_0162.pt,models_7x7\checkpoints\cycle_0152.pt,models_7x7\checkpoints\cycle_0152.pt,models_7x7\checkpoints\cycle_0162.pt,p1_win,0.0,69
763,models_7x7\checkpoints\cycle_0162.pt,models_7x7\checkpoints\cycle_0152.pt,models_7x7\checkpoints\cycle_0152.pt,models_7x7\checkpoints\cycle_0162.pt,p2_win,1.0,64
764,models_7x7\checkpoints\cycle_0162.pt,models_7x7\checkpoints\cycle_0152.pt,models_7x7\checkpoints\cycle_0162.pt,models_7x7\checkpoints\cycle_0152.pt,p1_win,1.0,71
765,models_7x7\checkpoints\cycle_0162.pt,models_7x7\checkpoints\cycle_0152.pt,models_7x7\checkpoints\cycle_0152.pt,models_7x7\checkpoints\cycle_0162.pt,p2_win,1.0,60
766,models_7x7\checkpoints\cycle_0162.pt,models_7x7\checkpoints\cycle_0152.pt,models_7x7\checkpoints\cycle_0152.pt,models_7x7\checkpoints\cycle_0162.pt,p2_win,1.0,64
767,models_7x7\checkpoints\cycle_0162.pt,models_7x7\checkpoints\cycle_0152.pt,models_7x7\checkpoints\cycle_0162.pt,models_7x7\checkpoints\cycle_0152.pt,p2_win,0.0,76
768,models_7x7\checkpoints\cycle_0162.pt,models_7x7\checkpoints\cycle_0152.pt,models_7x7\checkpoints\cycle_0162.pt,models_7x7\checkpoints\cycle_0152.pt,p1_win,1.0,59
769,models_7x7\checkpoints\cycle_0162.pt,models_7x7\checkpoints\cycle_0152.pt,models_7x7\checkpoints\cycle_0152.pt,models_7x7\checkpoints\cycle_0162.pt,p2_win,1.0,60
770,models_7x7\checkpoints\cycle_0162.pt,models_7x7\checkpoints\cycle_0152.pt,models_7x7\checkpoints\cycle_0152.pt,models_7x7\checkpoints\cycle_0162.pt,p2_win,1.0,64
771,models_7x7\checkpoints\cycle_0162.pt,models_7x7\checkpoints\cycle_0152.pt,models_7x7\checkpoints\cycle_0162.pt,models_7x7\checkpoints\cycle_0152.pt,p2_win,0.0,62
772,models_7x7\checkpoints\cycle_0162.pt,models_7x7\checkpoints\cycle_0152.pt,models_7x7\checkpoints\cycle_0162.pt,models_7x7\checkpoints\cycle_0152.pt,p1_win,1.0,61
773,models_7x7\checkpoints\cycle_0162.pt,models_7x7\checkpoints\cycle_0152.pt,models_7x7\checkpoints\cycle_0152.pt,models_7x7\checkpoints\cycle_0162.pt,p1_win,0.0,67
774,models_7x7\checkpoints\cycle_0162.pt,models_7x7\checkpoints\cycle_0152.pt,models_7x7\checkpoints\cycle_0152.pt,models_7x7\checkpoints\cycle_0162.pt,p2_win,1.0,78
775,models_7x7\checkpoints\cycle_0162.pt,models_7x7\checkpoints\cycle_0152.pt,models_7x7\checkpoints\cycle_0162.pt,models_7x7\checkpoints\cycle_0152.pt,p1_win,1.0,63
776,models_7x7\checkpoints\cycle_0162.pt,models_7x7\checkpoints\cycle_0152.pt,models_7x7\checkpoints\cycle_0162.pt,models_7x7\checkpoints\cycle_0152.pt,p2_win,0.0,66
777,models_7x7\checkpoints\cycle_0162.pt,models_7x7\checkpoints\cycle_0152.pt,models_7x7\checkpoints\cycle_0152.pt,models_7x7\checkpoints\cycle_0162.pt,p2_win,1.0,70
778,models_7x7\checkpoints\cycle_0162.pt,models_7x7\checkpoints\cycle_0152.pt,models_7x7\checkpoints\cycle_0152.pt,models_7x7\checkpoints\cycle_0162.pt,p2_win,1.0,62
779,models_7x7\checkpoints\cycle_0162.pt,models_7x7\checkpoints\cycle_0152.pt,models_7x7\checkpoints\cycle_0162.pt,models_7x7\checkpoints\cycle_0152.pt,p1_win,1.0,63
780,models_7x7\checkpoints\cycle_0162.pt,models_7x7\checkpoints\cycle_0152.pt,models_7x7\checkpoints\cycle_0162.pt,models_7x7\checkpoints\cycle_0152.pt,p1_win,1.0,67
781,models_7x7\checkpoints\cycle_0162.pt,models_7x7\checkpoints\cycle_0152.pt,models_7x7\checkpoints\cycle_0152.pt,models_7x7\checkpoints\cycle_0162.pt,p1_win,0.0,67
782,models_7x7\checkpoints\cycle_0162.pt,models_7x7\checkpoints\cycle_0152.pt,models_7x7\checkpoints\cycle_0152.pt,models_7x7\checkpoints\cycle_0162.pt,p1_win,0.0,63
783,models_7x7\checkpoints\cycle_0162.pt,models_7x7\checkpoints\cycle_0152.pt,models_7x7\checkpoints\cycle_0152.pt,models_7x7\checkpoints\cycle_0162.pt,p2_win,1.0,68
784,models_7x7\checkpoints\cycle_0162.pt,models_7x7\checkpoints\cycle_0152.pt,models_7x7\checkpoints\cycle_0162.pt,models_7x7\checkpoints\cycle_0152.pt,p2_win,0.0,74
785,models_7x7\checkpoints\cycle_0162.pt,models_7x7\checkpoints\cycle_0152.pt,models_7x7\checkpoints\cycle_0162.pt,models_7x7\checkpoints\cycle_0152.pt,p1_win,1.0,63
786,models_7x7\checkpoints\cycle_0162.pt,models_7x7\checkpoints\cycle_0152.pt,models_7x7\checkpoints\cycle_0152.pt,models_7x7\checkpoints\cycle_0162.pt,p2_win,1.0,68
787,models_7x7\checkpoints\cycle_0162.pt,models_7x7\checkpoints\cycle_0152.pt,models_7x7\checkpoints\cycle_0162.pt,models_7x7\checkpoints\cycle_0152.pt,p2_win,0.0,70
788,models_7x7\checkpoints\cycle_0162.pt,models_7x7\checkpoints\cycle_0152.pt,models_7x7\checkpoints\cycle_0162.pt,models_7x7\checkpoints\cycle_0152.pt,p2_win,0.0,68
789,models_7x7\checkpoints\cycle_0162.pt,models_7x7\checkpoints\cycle_0152.pt,models_7x7\checkpoints\cycle_0152.pt,models_7x7\checkpoints\cycle_0162.pt,p2_win,1.0,64
790,models_7x7\checkpoints\cycle_0162.pt,models_7x7\checkpoints\cycle_0152.pt,models_7x7\checkpoints\cycle_0152.pt,models_7x7\checkpoints\cycle_0162.pt,p2_win,1.0,64
791,models_7x7\checkpoints\cycle_0162.pt,models_7x7\checkpoints\cycle_0152.pt,models_7x7\checkpoints\cycle_0162.pt,models_7x7\checkpoints\cycle_0152.pt,p1_win,1.0,63
792,models_7x7\checkpoints\cycle_0162.pt,models_7x7\checkpoints\cycle_0152.pt,models_7x7\checkpoints\cycle_0162.pt,models_7x7\checkpoints\cycle_0152.pt,p1_win,1.0,71
793,models_7x7\checkpoints\cycle_0162.pt,models_7x7\checkpoints\cycle_0152.pt,models_7x7\checkpoints\cycle_0162.pt,models_7x7\checkpoints\cycle_0152.pt,p1_win,1.0,67
794,models_7x7\checkpoints\cycle_0162.pt,models_7x7\checkpoints\cycle_0152.pt,models_7x7\checkpoints\cycle_0152.pt,models_7x7\checkpoints\cycle_0162.pt,p1_win,0.0,63
795,models_7x7\checkpoints\cycle_0162.pt,models_7x7\checkpoints\cycle_0152.pt,models_7x7\checkpoints\cycle_0152.pt,models_7x7\checkpoints\cycle_0162.pt,p2_win,1.0,70
796,models_7x7\checkpoints\cycle_0162.pt,models_7x7\checkpoints\cycle_0152.pt,models_7x7\checkpoints\cycle_0162.pt,models_7x7\checkpoints\cycle_0152.pt,p1_win,1.0,61
797,models_7x7\checkpoints\cycle_0162.pt,models_7x7\checkpoints\cycle_0152.pt,models_7x7\checkpoints\cycle_0152.pt,models_7x7\checkpoints\cycle_0162.pt,p2_win,1.0,68
798,models_7x7\checkpoints\cycle_0162.pt,models_7x7\checkpoints\cycle_0152.pt,models_7x7\checkpoints\cycle_0152.pt,models_7x7\checkpoints\cycle_0162.pt,p2_win,1.0,64
799,models_7x7\checkpoints\cycle_0162.pt,models_7x7\checkpoints\cycle_0152.pt,models_7x7\checkpoints\cycle_0162.pt,models_7x7\checkpoints\cycle_0152.pt,p1_win,1.0,71
800,models_7x7\checkpoints\cycle_0162.pt,models_7x7\checkpoints\cycle_0152.pt,models_7x7\checkpoints\cycle_0162.pt,models_7x7\checkpoints\cycle_0152.pt,p2_win,0.0,66
801,models_7x7\checkpoints\cycle_0162.pt,models_7x7\checkpoints\cycle_0152.pt,models_7x7\checkpoints\cycle_0162.pt,models_7x7\checkpoints\cycle_0152.pt,p1_win,1.0,67
802,models_7x7\checkpoints\cycle_0162.pt,models_7x7\checkpoints\cycle_0152.pt,models_7x7\checkpoints\cycle_0152.pt,models_7x7\checkpoints\cycle_0162.pt,p2_win,1.0,62
803,models_7x7\checkpoints\cycle_0162.pt,models_7x7\checkpoints\cycle_0152.pt,models_7x7\checkpoints\cycle_0152.pt,models_7x7\checkpoints\cycle_0162.pt,p2_win,1.0,68
804,models_7x7\checkpoints\cycle_0162.pt,models_7x7\checkpoints\cycle_0152.pt,models_7x7\checkpoints\cycle_0162.pt,models_7x7\checkpoints\cycle_0152.pt,p2_win,0.0,70
805,models_7x7\checkpoints\cycle_0162.pt,models_7x7\checkpoints\cycle_0152.pt,models_7x7\checkpoints\cycle_0162.pt,models_7x7\checkpoints\cycle_0152.pt,p1_win,1.0,67
806,models_7x7\checkpoints\cycle_0162.pt,models_7x7\checkpoints\cycle_0152.pt,models_7x7\checkpoints\cycle_0152.pt,models_7x7\checkpoints\cycle_0162.pt,p2_win,1.0,66
807,models_7x7\checkpoints\cycle_0162.pt,models_7x7\checkpoints\cycle_0152.pt,models_7x7\checkpoints\cycle_0152.pt,models_7x7\checkpoints\cycle_0162.pt,p2_win,1.0,70
808,models_7x7\checkpoints\cycle_0162.pt,models_7x7\checkpoints\cycle_0152.pt,models_7x7\checkpoints\cycle_0162.pt,models_7x7\checkpoints\cycle_0152.pt,p2_win,0.0,64
809,models_7x7\checkpoints\cycle_0162.pt,models_7x7\checkpoints\cycle_0152.pt,models_7x7\checkpoints\cycle_0162.pt,models_7x7\checkpoints\cycle_0152.pt,p2_win,0.0,80
810,models_7x7\checkpoints\cycle_0162.pt,models_7x7\checkpoints\cycle_0152.pt,models_7x7\checkpoints\cycle_0162.pt,models_7x7\checkpoints\cycle_0152.pt,p2_win,0.0,70
811,models_7x7\checkpoints\cycle_0162.pt,models_7x7\checkpoints\cycle_0152.pt,models_7x7\checkpoints\cycle_0162.pt,models_7x7\checkpoints\cycle_0152.pt,p2_win,0.0,66
812,models_7x7\checkpoints\cycle_0162.pt,models_7x7\checkpoints\cycle_0152.pt,models_7x7\checkpoints\cycle_0152.pt,models_7x7\checkpoints\cycle_0162.pt,p2_win,1.0,64
813,models_7x7\checkpoints\cycle_0162.pt,models_7x7\checkpoints\cycle_0152.pt,models_7x7\checkpoints\cycle_0162.pt,models_7x7\checkpoints\cycle_0152.pt,p1_win,1.0,63
814,models_7x7\checkpoints\cycle_0162.pt,models_7x7\checkpoints\cycle_0152.pt,models_7x7\checkpoints\cycle_0152.pt,models_7x7\checkpoints\cycle_0162.pt,p2_win,1.0,66
815,models_7x7\checkpoints\cycle_0162.pt,models_7x7\checkpoints\cycle_0152.pt,models_7x7\checkpoints\cycle_0162.pt,models_7x7\checkpoints\cycle_0152.pt,p1_win,1.0,63
816,models_7x7\checkpoints\cycle_0162.pt,models_7x7\checkpoints\cycle_0152.pt,models_7x7\checkpoints\cycle_0162.pt,models_7x7\checkpoints\cycle_0152.pt,p2_win,0.0,64
817,models_7x7\checkpoints\cycle_0162.pt,models_7x7\checkpoints\cycle_0152.pt,models_7x7\checkpoints\cycle_0162.pt,models_7x7\checkpoints\cycle_0152.pt,p1_win,1.0,75
818,models_7x7\checkpoints\cycle_0162.pt,models_7x7\checkpoints\cycle_0152.pt,models_7x7\checkpoints\cycle_0152.pt,models_7x7\checkpoints\cycle_0162.pt,p2_win,1.0,66
819,models_7x7\checkpoints\cycle_0162.pt,models_7x7\checkpoints\cycle_0152.pt,models_7x7\checkpoints\cycle_0152.pt,models_7x7\checkpoints\cycle_0162.pt,p1_win,0.0,83
820,models_7x7\checkpoints\cycle_0162.pt,models_7x7\checkpoints\cycle_0152.pt,models_7x7\checkpoints\cycle_0152.pt,models_7x7\checkpoints\cycle_0162.pt,p2_win,1.0,82
821,models_7x7\checkpoints\cycle_0162.pt,models_7x7\checkpoints\cycle_0152.pt,models_7x7\checkpoints\cycle_0152.pt,models_7x7\checkpoints\cycle_0162.pt,p2_win,1.0,70
822,models_7x7\checkpoints\cycle_0162.pt,models_7x7\checkpoints\cycle_0152.pt,models_7x7\checkpoints\cycle_0152.pt,models_7x7\checkpoints\cycle_0162.pt,p1_win,0.0,75
823,models_7x7\checkpoints\cycle_0162.pt,models_7x7\checkpoints\cycle_0152.pt,models_7x7\checkpoints\cycle_0152.pt,models_7x7\checkpoints\cycle_0162.pt,p2_win,1.0,72
824,models_7x7\checkpoints\cycle_0162.pt,models_7x7\checkpoints\cycle_0152.pt,models_7x7\checkpoints\cycle_0162.pt,models_7x7\checkpoints\cycle_0152.pt,p1_win,1.0,67
825,models_7x7\checkpoints\cycle_0162.pt,models_7x7\checkpoints\cycle_0152.pt,models_7x7\checkpoints\cycle_0162.pt,models_7x7\checkpoints\cycle_0152.pt,p2_win,0.0,84
826,models_7x7\checkpoints\cycle_0162.pt,models_7x7\checkpoints\cycle_0152.pt,models_7x7\checkpoints\cycle_0162.pt,models_7x7\checkpoints\cycle_0152.pt,p1_win,1.0,69
827,models_7x7\checkpoints\cycle_0162.pt,models_7x7\checkpoints\cycle_0152.pt,models_7x7\checkpoints\cycle_0152.pt,models_7x7\checkpoints\cycle_0162.pt,p2_win,1.0,72
828,models_7x7\checkpoints\cycle_0162.pt,models_7x7\checkpoints\cycle_0152.pt,models_7x7\checkpoints\cycle_0152.pt,models_7x7\checkpoints\cycle_0162.pt,p2_win,1.0,66
829,models_7x7\checkpoints\cycle_0162.pt,models_7x7\checkpoints\cycle_0152.pt,models_7x7\checkpoints\cycle_0162.pt,models_7x7\checkpoints\cycle_0152.pt,p1_win,1.0,69
830,models_7x7\checkpoints\cycle_0162.pt,models_7x7\checkpoints\cycle_0152.pt,models_7x7\checkpoints\cycle_0162.pt,models_7x7\checkpoints\cycle_0152.pt,p2_win,0.0,80
831,models_7x7\checkpoints\cycle_0162.pt,models_7x7\checkpoints\cycle_0152.pt,models_7x7\checkpoints\cycle_0152.pt,models_7x7\checkpoints\cycle_0162.pt,p2_win,1.0,70
832,models_7x7\checkpoints\cycle_0162.pt,models_7x7\checkpoints\cycle_0152.pt,models_7x7\checkpoints\cycle_0162.pt,models_7x7\checkpoints\cycle_0152.pt,p2_win,0.0,74
833,models_7x7\checkpoints\cycle_0162.pt,models_7x7\checkpoints\cycle_0152.pt,models_7x7\checkpoints\cycle_0162.pt,models_7x7\checkpoints\cycle_0152.pt,p1_win,1.0,79
834,models_7x7\checkpoints\cycle_0162.pt,models_7x7\checkpoints\cycle_0152.pt,models_7x7\checkpoints\cycle_0152.pt,models_7x7\checkpoints\cycle_0162.pt,p1_win,0.0,67
835,models_7x7\checkpoints\cycle_0162.pt,models_7x7\checkpoints\cycle_0152.pt,models_7x7\checkpoints\cycle_0152.pt,models_7x7\checkpoints\cycle_0162.pt,p1_win,0.0,73
836,models_7x7\checkpoints\cycle_0162.pt,models_7x7\checkpoints\cycle_0152.pt,models_7x7\checkpoints\cycle_0152.pt,models_7x7\checkpoints\cycle_0162.pt,p2_win,1.0,82
837,models_7x7\checkpoints\cycle_0162.pt,models_7x7\checkpoints\cycle_0152.pt,models_7x7\checkpoints\cycle_0152.pt,models_7x7\checkpoints\cycle_0162.pt,p2_win,1.0,70
838,models_7x7\checkpoints\cycle_0162.pt,models_7x7\checkpoints\cycle_0152.pt,models_7x7\checkpoints\cycle_0152.pt,models_7x7\checkpoints\cycle_0162.pt,p2_win,1.0,66
839,models_7x7\checkpoints\cycle_0162.pt,models_7x7\checkpoints\cycle_0152.pt,models_7x7\checkpoints\cycle_0152.pt,models_7x7\checkpoints\cycle_0162.pt,p2_win,1.0,72
840,models_7x7\checkpoints\cycle_0162.pt,models_7x7\checkpoints\cycle_0152.pt,models_7x7\checkpoints\cycle_0162.pt,models_7x7\checkpoints\cycle_0152.pt,p1_win,1.0,67
841,models_7x7\checkpoints\cycle_0162.pt,models_7x7\checkpoints\cycle_0152.pt,models_7x7\checkpoints\cycle_0152.pt,models_7x7\checkpoints\cycle_0162.pt,p2_win,1.0,68
842,models_7x7\checkpoints\cycle_0162.pt,models_7x7\checkpoints\cycle_0152.pt,models_7x7\checkpoints\cycle_0152.pt,models_7x7\checkpoints\cycle_0162.pt,p1_win,0.0,71
843,models_7x7\checkpoints\cycle_0162.pt,models_7x7\checkpoints\cycle_0152.pt,models_7x7\checkpoints\cycle_0152.pt,models_7x7\checkpoints\cycle_0162.pt,p2_win,1.0,70
844,models_7x7\checkpoints\cycle_0162.pt,models_7x7\checkpoints\cycle_0152.pt,models_7x7\checkpoints\cycle_0162.pt,models_7x7\checkpoints\cycle_0152.pt,p1_win,1.0,73
845,models_7x7\checkpoints\cycle_0162.pt,models_7x7\checkpoints\cycle_0152.pt,models_7x7\checkpoints\cycle_0152.pt,models_7x7\checkpoints\cycle_0162.pt,p1_win,0.0,69
846,models_7x7\checkpoints\cycle_0162.pt,models_7x7\checkpoints\cycle_0152.pt,models_7x7\checkpoints\cycle_0152.pt,models_7x7\checkpoints\cycle_0162.pt,p1_win,0.0,71
847,models_7x7\checkpoints\cycle_0162.pt,models_7x7\checkpoints\cycle_0152.pt,models_7x7\checkpoints\cycle_0152.pt,models_7x7\checkpoints\cycle_0162.pt,p2_win,1.0,72
848,models_7x7\checkpoints\cycle_0162.pt,models_7x7\checkpoints\cycle_0152.pt,models_7x7\checkpoints\cycle_0152.pt,models_7x7\checkpoints\cycle_0162.pt,p1_win,0.0,73
849,models_7x7\checkpoints\cycle_0162.pt,models_7x7\checkpoints\cycle_0152.pt,models_7x7\checkpoints\cycle_0162.pt,models_7x7\checkpoints\cycle_0152.pt,p1_win,1.0,71
850,models_7x7\checkpoints\cycle_0162.pt,models_7x7\checkpoints\cycle_0152.pt,models_7x7\checkpoints\cycle_0152.pt,models_7x7\checkpoints\cycle_0162.pt,p1_win,0.0,83
851,models_7x7\checkpoints\cycle_0162.pt,models_7x7\checkpoints\cycle_0152.pt,models_7x7\checkpoints\cycle_0152.pt,models_7x7\checkpoints\cycle_0162.pt,p2_win,1.0,78
852,models_7x7\checkpoints\cycle_0162.pt,models_7x7\checkpoints\cycle_0152.pt,models_7x7\checkpoints\cycle_0152.pt,models_7x7\checkpoints\cycle_0162.pt,p1_win,0.0,73
853,models_7x7\checkpoints\cycle_0162.pt,models_7x7\checkpoints\cycle_0152.pt,models_7x7\checkpoints\cycle_0162.pt,models_7x7\checkpoints\cycle_0152.pt,p2_win,0.0,74
854,models_7x7\checkpoints\cycle_0162.pt,models_7x7\checkpoints\cycle_0152.pt,models_7x7\checkpoints\cycle_0152.pt,models_7x7\checkpoints\cycle_0162.pt,p2_win,1.0,74
855,models_7x7\checkpoints\cycle_0162.pt,models_7x7\checkpoints\cycle_0152.pt,models_7x7\checkpoints\cycle_0162.pt,models_7x7\checkpoints\cycle_0152.pt,p1_win,1.0,71
856,models_7x7\checkpoints\cycle_0162.pt,models_7x7\checkpoints\cycle_0152.pt,models_7x7\checkpoints\cycle_0162.pt,models_7x7\checkpoints\cycle_0152.pt,p1_win,1.0,75
857,models_7x7\checkpoints\cycle_0162.pt,models_7x7\checkpoints\cycle_0152.pt,models_7x7\checkpoints\cycle_0152.pt,models_7x7\checkpoints\cycle_0162.pt,p2_win,1.0,78
858,models_7x7\checkpoints\cycle_0162.pt,models_7x7\checkpoints\cycle_0152.pt,models_7x7\checkpoints\cycle_0162.pt,models_7x7\checkpoints\cycle_0152.pt,p1_win,1.0,79
859,models_7x7\checkpoints\cycle_0162.pt,models_7x7\checkpoints\cycle_0152.pt,models_7x7\checkpoints\cycle_0162.pt,models_7x7\checkpoints\cycle_0152.pt,p1_win,1.0,75
860,models_7x7\checkpoints\cycle_0162.pt,models_7x7\checkpoints\cycle_0152.pt,models_7x7\checkpoints\cycle_0162.pt,models_7x7\checkpoints\cycle_0152.pt,p2_win,0.0,70
861,models_7x7\checkpoints\cycle_0162.pt,models_7x7\checkpoints\cycle_0152.pt,models_7x7\checkpoints\cycle_0152.pt,models_7x7\checkpoints\cycle_0162.pt,p2_win,1.0,72
862,models_7x7\checkpoints\cycle_0162.pt,models_7x7\checkpoints\cycle_0152.pt,models_7x7\checkpoints\cycle_0152.pt,models_7x7\checkpoints\cycle_0162.pt,p2_win,1.0,74
863,models_7x7\checkpoints\cycle_0162.pt,models_7x7\checkpoints\cycle_0152.pt,models_7x7\checkpoints\cycle_0162.pt,models_7x7\checkpoints\cycle_0152.pt,p2_win,0.0,68
864,models_7x7\checkpoints\cycle_0162.pt,models_7x7\checkpoints\cycle_0152.pt,models_7x7\checkpoints\cycle_0162.pt,models_7x7\checkpoints\cycle_0152.pt,p1_win,1.0,75
865,models_7x7\checkpoints\cycle_0162.pt,models_7x7\checkpoints\cycle_0152.pt,models_7x7\checkpoints\cycle_0162.pt,models_7x7\checkpoints\cycle_0152.pt,p1_win,1.0,71
866,models_7x7\checkpoints\cycle_0162.pt,models_7x7\checkpoints\cycle_0152.pt,models_7x7\checkpoints\cycle_0152.pt,models_7x7\checkpoints\cycle_0162.pt,p2_win,1.0,90
867,models_7x7\checkpoints\cycle_0162.pt,models_7x7\checkpoints\cycle_0152.pt,models_7x7\checkpoints\cycle_0162.pt,models_7x7\checkpoints\cycle_0152.pt,p2_win,0.0,72
868,models_7x7\checkpoints\cycle_0162.pt,models_7x7\checkpoints\cycle_0152.pt,models_7x7\checkpoints\cycle_0152.pt,models_7x7\checkpoints\cycle_0162.pt,p2_win,1.0,78
869,models_7x7\checkpoints\cycle_0162.pt,models_7x7\checkpoints\cycle_0152.pt,models_7x7\checkpoints\cycle_0162.pt,models_7x7\checkpoints\cycle_0152.pt,p1_win,1.0,69
870,models_7x7\checkpoints\cycle_0162.pt,models_7x7\checkpoints\cycle_0152.pt,models_7x7\checkpoints\cycle_0162.pt,models_7x7\checkpoints\cycle_0152.pt,p1_win,1.0,71
871,models_7x7\checkpoints\cycle_0162.pt,models_7x7\checkpoints\cycle_0152.pt,models_7x7\checkpoints\cycle_0152.pt,models_7x7\checkpoints\cycle_0162.pt,p2_win,1.0,78
872,models_7x7\checkpoints\cycle_0162.pt,models_7x7\checkpoints\cycle_0152.pt,models_7x7\checkpoints\cycle_0162.pt,models_7x7\checkpoints\cycle_0152.pt,p1_win,1.0,75
873,models_7x7\checkpoints\cycle_0162.pt,models_7x7\checkpoints\cycle_0152.pt,models_7x7\checkpoints\cycle_0162.pt,models_7x7\checkpoints\cycle_0152.pt,p1_win,1.0,75
874,models_7x7\checkpoints\cycle_0162.pt,models_7x7\checkpoints\cycle_0152.pt,models_7x7\checkpoints\cycle_0162.pt,models_7x7\checkpoints\cycle_0152.pt,p1_win,1.0,75
875,models_7x7\checkpoints\cycle_0162.pt,models_7x7\checkpoints\cycle_0152.pt,models_7x7\checkpoints\cycle_0162.pt,models_7x7\checkpoints\cycle_0152.pt,p2_win,0.0,72
876,models_7x7\checkpoints\cycle_0162.pt,models_7x7\checkpoints\cycle_0152.pt,models_7x7\checkpoints\cycle_0162.pt,models_7x7\checkpoints\cycle_0152.pt,p1_win,1.0,71
877,models_7x7\checkpoints\cycle_0162.pt,models_7x7\checkpoints\cycle_0152.pt,models_7x7\checkpoints\cycle_0162.pt,models_7x7\checkpoints\cycle_0152.pt,p2_win,0.0,82
878,models_7x7\checkpoints\cycle_0162.pt,models_7x7\checkpoints\cycle_0152.pt,models_7x7\checkpoints\cycle_0152.pt,models_7x7\checkpoints\cycle_0162.pt,p2_win,1.0,74
879,models_7x7\checkpoints\cycle_0162.pt,models_7x7\checkpoints\cycle_0152.pt,models_7x7\checkpoints\cycle_0162.pt,models_7x7\checkpoints\cycle_0152.pt,p2_win,0.0,84
880,models_7x7\checkpoints\cycle_0162.pt,models_7x7\checkpoints\cycle_0152.pt,models_7x7\checkpoints\cycle_0152.pt,models_7x7\checkpoints\cycle_0162.pt,p1_win,0.0,75
881,models_7x7\checkpoints\cycle_0162.pt,models_7x7\checkpoints\cycle_0152.pt,models_7x7\checkpoints\cycle_0162.pt,models_7x7\checkpoints\cycle_0152.pt,p1_win,1.0,75
882,models_7x7\checkpoints\cycle_0162.pt,models_7x7\checkpoints\cycle_0152.pt,models_7x7\checkpoints\cycle_0162.pt,models_7x7\checkpoints\cycle_0152.pt,p1_win,1.0,75
883,models_7x7\checkpoints\cycle_0162.pt,models_7x7\checkpoints\cycle_0152.pt,models_7x7\checkpoints\cycle_0162.pt,models_7x7\checkpoints\cycle_0152.pt,p1_win,1.0,75
884,models_7x7\checkpoints\cycle_0162.pt,models_7x7\checkpoints\cycle_0152.pt,models_7x7\checkpoints\cycle_0162.pt,models_7x7\checkpoints\cycle_0152.pt,p1_win,1.0,79
885,models_7x7\checkpoints\cycle_0162.pt,models_7x7\checkpoints\cycle_0152.pt,models_7x7\checkpoints\cycle_0162.pt,models_7x7\checkpoints\cycle_0152.pt,p1_win,1.0,75
886,models_7x7\checkpoints\cycle_0162.pt,models_7x7\checkpoints\cycle_0152.pt,models_7x7\checkpoints\cycle_0152.pt,models_7x7\checkpoints\cycle_0162.pt,p2_win,1.0,76
887,models_7x7\checkpoints\cycle_0162.pt,models_7x7\checkpoints\cycle_0152.pt,models_7x7\checkpoints\cycle_0162.pt,models_7x7\checkpoints\cycle_0152.pt,p2_win,0.0,82
888,models_7x7\checkpoints\cycle_0162.pt,models_7x7\checkpoints\cycle_0152.pt,models_7x7\checkpoints\cycle_0162.pt,models_7x7\checkpoints\cycle_0152.pt,p1_win,1.0,71
889,models_7x7\checkpoints\cycle_0162.pt,models_7x7\checkpoints\cycle_0152.pt,models_7x7\checkpoints\cycle_0162.pt,models_7x7\checkpoints\cycle_0152.pt,p1_win,1.0,83
890,models_7x7\checkpoints\cycle_0162.pt,models_7x7\checkpoints\cycle_0152.pt,models_7x7\checkpoints\cycle_0162.pt,models_7x7\checkpoints\cycle_0152.pt,p1_win,1.0,81
891,models_7x7\checkpoints\cycle_0162.pt,models_7x7\checkpoints\cycle_0152.pt,models_7x7\checkpoints\cycle_0162.pt,models_7x7\checkpoints\cycle_0152.pt,p1_win,1.0,75
892,models_7x7\checkpoints\cycle_0162.pt,models_7x7\checkpoints\cycle_0152.pt,models_7x7\checkpoints\cycle_0162.pt,models_7x7\checkpoints\cycle_0152.pt,p2_win,0.0,76
893,models_7x7\checkpoints\cycle_0162.pt,models_7x7\checkpoints\cycle_0152.pt,models_7x7\checkpoints\cycle_0152.pt,models_7x7\checkpoints\cycle_0162.pt,p1_win,0.0,81
894,models_7x7\checkpoints\cycle_0162.pt,models_7x7\checkpoints\cycle_0152.pt,models_7x7\checkpoints\cycle_0162.pt,models_7x7\checkpoints\cycle_0152.pt,p2_win,0.0,74
895,models_7x7\checkpoints\cycle_0162.pt,models_7x7\checkpoints\cycle_0152.pt,models_7x7\checkpoints\cycle_0152.pt,models_7x7\checkpoints\cycle_0162.pt,p2_win,1.0,84
896,models_7x7\checkpoints\cycle_0162.pt,models_7x7\checkpoints\cycle_0152.pt,models_7x7\checkpoints\cycle_0162.pt,models_7x7\checkpoints\cycle_0152.pt,p1_win,1.0,79
897,models_7x7\checkpoints\cycle_0162.pt,models_7x7\checkpoints\cycle_0152.pt,models_7x7\checkpoints\cycle_0162.pt,models_7x7\checkpoints\cycle_0152.pt,p1_win,1.0,79
898,models_7x7\checkpoints\cycle_0162.pt,models_7x7\checkpoints\cycle_0152.pt,models_7x7\checkpoints\cycle_0152.pt,models_7x7\checkpoints\cycle_0162.pt,p2_win,1.0,82
899,models_7x7\checkpoints\cycle_0162.pt,models_7x7\checkpoints\cycle_0152.pt,models_7x7\checkpoints\cycle_0162.pt,models_7x7\checkpoints\cycle_0152.pt,p1_win,1.0,79
900,models_7x7\checkpoints\cycle_0162.pt,models_7x7\checkpoints\cycle_0152.pt,models_7x7\checkpoints\cycle_0152.pt,models_7x7\checkpoints\cycle_0162.pt,p1_win,0.0,83
901,models_7x7\checkpoints\cycle_0162.pt,models_7x7\checkpoints\cycle_0152.pt,models_7x7\checkpoints\cycle_0162.pt,models_7x7\checkpoints\cycle_0152.pt,p1_win,1.0,85
902,models_7x7\checkpoints\cycle_0162.pt,models_7x7\checkpoints\cycle_0152.pt,models_7x7\checkpoints\cycle_0152.pt,models_7x7\checkpoints\cycle_0162.pt,p2_win,1.0,76
903,models_7x7\checkpoints\cycle_0162.pt,models_7x7\checkpoints\cycle_0152.pt,models_7x7\checkpoints\cycle_0162.pt,models_7x7\checkpoints\cycle_0152.pt,p1_win,1.0,77
904,models_7x7\checkpoints\cycle_0162.pt,models_7x7\checkpoints\cycle_0152.pt,models_7x7\checkpoints\cycle_0162.pt,models_7x7\checkpoints\cycle_0152.pt,p2_win,0.0,80
905,models_7x7\checkpoints\cycle_0162.pt,models_7x7\checkpoints\cycle_0152.pt,models_7x7\checkpoints\cycle_0162.pt,models_7x7\checkpoints\cycle_0152.pt,p1_win,1.0,73
906,models_7x7\checkpoints\cycle_0162.pt,models_7x7\checkpoints\cycle_0152.pt,models_7x7\checkpoints\cycle_0162.pt,models_7x7\checkpoints\cycle_0152.pt,p2_win,0.0,78
907,models_7x7\checkpoints\cycle_0162.pt,models_7x7\checkpoints\cycle_0152.pt,models_7x7\checkpoints\cycle_0152.pt,models_7x7\checkpoints\cycle_0162.pt,p2_win,1.0,84
908,models_7x7\checkpoints\cycle_0162.pt,models_7x7\checkpoints\cycle_0152.pt,models_7x7\checkpoints\cycle_0152.pt,models_7x7\checkpoints\cycle_0162.pt,p1_win,0.0,83
909,models_7x7\checkpoints\cycle_0162.pt,models_7x7\checkpoints\cycle_0152.pt,models_7x7\checkpoints\cycle_0162.pt,models_7x7\checkpoints\cycle_0152.pt,p2_win,0.0,82
910,models_7x7\checkpoints\cycle_0162.pt,models_7x7\checkpoints\cycle_0152.pt,models_7x7\checkpoints\cycle_0152.pt,models_7x7\checkpoints\cycle_0162.pt,p1_win,0.0,81
911,models_7x7\checkpoints\cycle_0162.pt,models_7x7\checkpoints\cycle_0152.pt,models_7x7\checkpoints\cycle_0162.pt,models_7x7\checkpoints\cycle_0152.pt,draw,0.5,84
912,models_7x7\checkpoints\cycle_0162.pt,models_7x7\checkpoints\cycle_0152.pt,models_7x7\checkpoints\cycle_0162.pt,models_7x7\checkpoints\cycle_0152.pt,p1_win,1.0,85
913,models_7x7\checkpoints\cycle_0162.pt,models_7x7\checkpoints\cycle_0152.pt,models_7x7\checkpoints\cycle_0162.pt,models_7x7\checkpoints\cycle_0152.pt,p1_win,1.0,77
914,models_7x7\checkpoints\cycle_0162.pt,models_7x7\checkpoints\cycle_0152.pt,models_7x7\checkpoints\cycle_0162.pt,models_7x7\checkpoints\cycle_0152.pt,p1_win,1.0,79
915,models_7x7\checkpoints\cycle_0162.pt,models_7x7\checkpoints\cycle_0152.pt,models_7x7\checkpoints\cycle_0162.pt,models_7x7\checkpoints\cycle_0152.pt,p2_win,0.0,76
916,models_7x7\checkpoints\cycle_0162.pt,models_7x7\checkpoints\cycle_0152.pt,models_7x7\checkpoints\cycle_0162.pt,models_7x7\checkpoints\cycle_0152.pt,p1_win,1.0,81
917,models_7x7\checkpoints\cycle_0162.pt,models_7x7\checkpoints\cycle_0152.pt,models_7x7\checkpoints\cycle_0152.pt,models_7x7\checkpoints\cycle_0162.pt,p2_win,1.0,82
918,models_7x7\checkpoints\cycle_0162.pt,models_7x7\checkpoints\cycle_0152.pt,models_7x7\checkpoints\cycle_0162.pt,models_7x7\checkpoints\cycle_0152.pt,p1_win,1.0,83
919,models_7x7\checkpoints\cycle_0162.pt,models_7x7\checkpoints\cycle_0152.pt,models_7x7\checkpoints\cycle_0152.pt,models_7x7\checkpoints\cycle_0162.pt,p1_win,0.0,83
920,models_7x7\checkpoints\cycle_0162.pt,models_7x7\checkpoints\cycle_0152.pt,models_7x7\checkpoints\cycle_0162.pt,models_7x7\checkpoints\cycle_0152.pt,p1_win,1.0,81
921,models_7x7\checkpoints\cycle_0162.pt,models_7x7\checkpoints\cycle_0152.pt,models_7x7\checkpoints\cycle_0152.pt,models_7x7\checkpoints\cycle_0162.pt,p1_win,0.0,83
922,models_7x7\checkpoints\cycle_0162.pt,models_7x7\checkpoints\cycle_0152.pt,models_7x7\checkpoints\cycle_0162.pt,models_7x7\checkpoints\cycle_0152.pt,p1_win,1.0,79
923,models_7x7\checkpoints\cycle_0162.pt,models_7x7\checkpoints\cycle_0152.pt,models_7x7\checkpoints\cycle_0162.pt,models_7x7\checkpoints\cycle_0152.pt,p2_win,0.0,92
924,models_7x7\checkpoints\cycle_0162.pt,models_7x7\checkpoints\cycle_0152.pt,models_7x7\checkpoints\cycle_0162.pt,models_7x7\checkpoints\cycle_0152.pt,p1_win,1.0,87
925,models_7x7\checkpoints\cycle_0162.pt,models_7x7\checkpoints\cycle_0152.pt,models_7x7\checkpoints\cycle_0162.pt,models_7x7\checkpoints\cycle_0152.pt,p1_win,1.0,83
926,models_7x7\checkpoints\cycle_0162.pt,models_7x7\checkpoints\cycle_0152.pt,models_7x7\checkpoints\cycle_0162.pt,models_7x7\checkpoints\cycle_0152.pt,p2_win,0.0,84
927,models_7x7\checkpoints\cycle_0162.pt,models_7x7\checkpoints\cycle_0152.pt,models_7x7\checkpoints\cycle_0152.pt,models_7x7\checkpoints\cycle_0162.pt,p2_win,1.0,84
928,models_7x7\checkpoints\cycle_0162.pt,models_7x7\checkpoints\cycle_0152.pt,models_7x7\checkpoints\cycle_0152.pt,models_7x7\checkpoints\cycle_0162.pt,p2_win,1.0,86
929,models_7x7\checkpoints\cycle_0162.pt,models_7x7\checkpoints\cycle_0152.pt,models_7x7\checkpoints\cycle_0162.pt,models_7x7\checkpoints\cycle_0152.pt,p2_win,0.0,84
930,models_7x7\checkpoints\cycle_0162.pt,models_7x7\checkpoints\cycle_0152.pt,models_7x7\checkpoints\cycle_0162.pt,models_7x7\checkpoints\cycle_0152.pt,p1_win,1.0,81
931,models_7x7\checkpoints\cycle_0162.pt,models_7x7\checkpoints\cycle_0152.pt,models_7x7\checkpoints\cycle_0162.pt,models_7x7\checkpoints\cycle_0152.pt,p1_win,1.0,87
932,models_7x7\checkpoints\cycle_0162.pt,models_7x7\checkpoints\cycle_0152.pt,models_7x7\checkpoints\cycle_0162.pt,models_7x7\checkpoints\cycle_0152.pt,p2_win,0.0,84
933,models_7x7\checkpoints\cycle_0162.pt,models_7x7\checkpoints\cycle_0152.pt,models_7x7\checkpoints\cycle_0162.pt,models_7x7\checkpoints\cycle_0152.pt,p2_win,0.0,84
934,models_7x7\checkpoints\cycle_0162.pt,models_7x7\checkpoints\cycle_0152.pt,models_7x7\checkpoints\cycle_0162.pt,models_7x7\checkpoints\cycle_0152.pt,p1_win,1.0,83
935,models_7x7\checkpoints\cycle_0162.pt,models_7x7\checkpoints\cycle_0152.pt,models_7x7\checkpoints\cycle_0152.pt,models_7x7\checkpoints\cycle_0162.pt,p2_win,1.0,90
936,models_7x7\checkpoints\cycle_0162.pt,models_7x7\checkpoints\cycle_0152.pt,models_7x7\checkpoints\cycle_0162.pt,models_7x7\checkpoints\cycle_0152.pt,p1_win,1.0,93
937,models_7x7\checkpoints\cycle_0162.pt,models_7x7\checkpoints\cycle_0152.pt,models_7x7\checkpoints\cycle_0162.pt,models_7x7\checkpoints\cycle_0152.pt,p1_win,1.0,87
938,models_7x7\checkpoints\cycle_0162.pt,models_7x7\checkpoints\cycle_0152.pt,models_7x7\checkpoints\cycle_0152.pt,models_7x7\checkpoints\cycle_0162.pt,p2_win,1.0,86
939,models_7x7\checkpoints\cycle_0162.pt,models_7x7\checkpoints\cycle_0152.pt,models_7x7\checkpoints\cycle_0152.pt,models_7x7\checkpoints\cycle_0162.pt,p2_win,1.0,86
940,models_7x7\checkpoints\cycle_0162.pt,models_7x7\checkpoints\cycle_0152.pt,models_7x7\checkpoints\cycle_0162.pt,models_7x7\checkpoints\cycle_0152.pt,p1_win,1.0,85
941,models_7x7\checkpoints\cycle_0162.pt,models_7x7\checkpoints\cycle_0152.pt,models_7x7\checkpoints\cycle_0152.pt,models_7x7\checkpoints\cycle_0162.pt,p1_win,0.0,87
942,models_7x7\checkpoints\cycle_0162.pt,models_7x7\checkpoints\cycle_0152.pt,models_7x7\checkpoints\cycle_0162.pt,models_7x7\checkpoints\cycle_0152.pt,p1_win,1.0,93
943,models_7x7\checkpoints\cycle_0162.pt,models_7x7\checkpoints\cycle_0152.pt,models_7x7\checkpoints\cycle_0162.pt,models_7x7\checkpoints\cycle_0152.pt,p2_win,0.0,88
944,models_7x7\checkpoints\cycle_0162.pt,models_7x7\checkpoints\cycle_0152.pt,models_7x7\checkpoints\cycle_0162.pt,models_7x7\checkpoints\cycle_0152.pt,p2_win,0.0,90
945,models_7x7\checkpoints\cycle_0162.pt,models_7x7\checkpoints\cycle_0152.pt,models_7x7\checkpoints\cycle_0162.pt,models_7x7\checkpoints\cycle_0152.pt,p1_win,1.0,97
946,models_7x7\checkpoints\cycle_0162.pt,models_7x7\checkpoints\cycle_0152.pt,models_7x7\checkpoints\cycle_0152.pt,models_7x7\checkpoints\cycle_0162.pt,p2_win,1.0,86
947,models_7x7\checkpoints\cycle_0162.pt,models_7x7\checkpoints\cycle_0152.pt,models_7x7\checkpoints\cycle_0162.pt,models_7x7\checkpoints\cycle_0152.pt,p1_win,1.0,97
948,models_7x7\checkpoints\cycle_0162.pt,models_7x7\checkpoints\cycle_0152.pt,models_7x7\checkpoints\cycle_0152.pt,models_7x7\checkpoints\cycle_0162.pt,p2_win,1.0,86
949,models_7x7\checkpoints\cycle_0162.pt,models_7x7\checkpoints\cycle_0152.pt,models_7x7\checkpoints\cycle_0162.pt,models_7x7\checkpoints\cycle_0152.pt,p2_win,0.0,88
950,models_7x7\checkpoints\cycle_0162.pt,models_7x7\checkpoints\cycle_0152.pt,models_7x7\checkpoints\cycle_0162.pt,models_7x7\checkpoints\cycle_0152.pt,p1_win,1.0,93
951,models_7x7\checkpoints\cycle_0162.pt,models_7x7\checkpoints\cycle_0152.pt,models_7x7\checkpoints\cycle_0162.pt,models_7x7\checkpoints\cycle_0152.pt,p1_win,1.0,87
952,models_7x7\checkpoints\cycle_0162.pt,models_7x7\checkpoints\cycle_0152.pt,models_7x7\checkpoints\cycle_0162.pt,models_7x7\checkpoints\cycle_0152.pt,p1_win,1.0,91
953,models_7x7\checkpoints\cycle_0162.pt,models_7x7\checkpoints\cycle_0152.pt,models_7x7\checkpoints\cycle_0162.pt,models_7x7\checkpoints\cycle_0152.pt,p1_win,1.0,89
954,models_7x7\checkpoints\cycle_0162.pt,models_7x7\checkpoints\cycle_0152.pt,models_7x7\checkpoints\cycle_0152.pt,models_7x7\checkpoints\cycle_0162.pt,p2_win,1.0,90
955,models_7x7\checkpoints\cycle_0162.pt,models_7x7\checkpoints\cycle_0152.pt,models_7x7\checkpoints\cycle_0152.pt,models_7x7\checkpoints\cycle_0162.pt,p2_win,1.0,96
956,models_7x7\checkpoints\cycle_0162.pt,models_7x7\checkpoints\cycle_0152.pt,models_7x7\checkpoints\cycle_0162.pt,models_7x7\checkpoints\cycle_0152.pt,p1_win,1.0,89
957,models_7x7\checkpoints\cycle_0162.pt,models_7x7\checkpoints\cycle_0152.pt,models_7x7\checkpoints\cycle_0152.pt,models_7x7\checkpoints\cycle_0162.pt,p2_win,1.0,108
958,models_7x7\checkpoints\cycle_0162.pt,models_7x7\checkpoints\cycle_0152.pt,models_7x7\checkpoints\cycle_0162.pt,models_7x7\checkpoints\cycle_0152.pt,p1_win,1.0,93
959,models_7x7\checkpoints\cycle_0162.pt,models_7x7\checkpoints\cycle_0152.pt,models_7x7\checkpoints\cycle_0162.pt,models_7x7\checkpoints\cycle_0152.pt,p2_win,0.0,102
960,models_7x7\checkpoints\cycle_0162.pt,models_7x7\checkpoints\cycle_0152.pt,models_7x7\checkpoints\cycle_0162.pt,models_7x7\checkpoints\cycle_0152.pt,p2_win,0.0,94
961,models_7x7\checkpoints\cycle_0162.pt,models_7x7\checkpoints\cycle_0152.pt,models_7x7\checkpoints\cycle_0162.pt,models_7x7\checkpoints\cycle_0152.pt,p1_win,1.0,95
962,models_7x7\checkpoints\cycle_0162.pt,models_7x7\checkpoints\cycle_0152.pt,models_7x7\checkpoints\cycle_0162.pt,models_7x7\checkpoints\cycle_0152.pt,p1_win,1.0,91
963,models_7x7\checkpoints\cycle_0162.pt,models_7x7\checkpoints\cycle_0152.pt,models_7x7\checkpoints\cycle_0162.pt,models_7x7\checkpoints\cycle_0152.pt,p1_win,1.0,97
964,models_7x7\checkpoints\cycle_0162.pt,models_7x7\checkpoints\cycle_0152.pt,models_7x7\checkpoints\cycle_0162.pt,models_7x7\checkpoints\cycle_0152.pt,p1_win,1.0,95
965,models_7x7\checkpoints\cycle_0162.pt,models_7x7\checkpoints\cycle_0152.pt,models_7x7\checkpoints\cycle_0152.pt,models_7x7\checkpoints\cycle_0162.pt,p2_win,1.0,96
966,models_7x7\checkpoints\cycle_0162.pt,models_7x7\checkpoints\cycle_0152.pt,models_7x7\checkpoints\cycle_0152.pt,models_7x7\checkpoints\cycle_0162.pt,p2_win,1.0,100
967,models_7x7\checkpoints\cycle_0162.pt,models_7x7\checkpoints\cycle_0152.pt,models_7x7\checkpoints\cycle_0152.pt,models_7x7\checkpoints\cycle_0162.pt,p2_win,1.0,106
968,models_7x7\checkpoints\cycle_0162.pt,models_7x7\checkpoints\cycle_0152.pt,models_7x7\checkpoints\cycle_0162.pt,models_7x7\checkpoints\cycle_0152.pt,p1_win,1.0,103
969,models_7x7\checkpoints\cycle_0162.pt,models_7x7\checkpoints\cycle_0152.pt,models_7x7\checkpoints\cycle_0152.pt,models_7x7\checkpoints\cycle_0162.pt,p2_win,1.0,104
970,models_7x7\checkpoints\cycle_0162.pt,models_7x7\checkpoints\cycle_0152.pt,models_7x7\checkpoints\cycle_0162.pt,models_7x7\checkpoints\cycle_0152.pt,p1_win,1.0,95
971,models_7x7\checkpoints\cycle_0162.pt,models_7x7\checkpoints\cycle_0152.pt,models_7x7\checkpoints\cycle_0162.pt,models_7x7\checkpoints\cycle_0152.pt,p1_win,1.0,95
972,models_7x7\checkpoints\cycle_0162.pt,models_7x7\checkpoints\cycle_0152.pt,models_7x7\checkpoints\cycle_0162.pt,models_7x7\checkpoints\cycle_0152.pt,p1_win,1.0,101
973,models_7x7\checkpoints\cycle_0162.pt,models_7x7\checkpoints\cycle_0152.pt,models_7x7\checkpoints\cycle_0152.pt,models_7x7\checkpoints\cycle_0162.pt,p2_win,1.0,104
974,models_7x7\checkpoints\cycle_0162.pt,models_7x7\checkpoints\cycle_0152.pt,models_7x7\checkpoints\cycle_0162.pt,models_7x7\checkpoints\cycle_0152.pt,p1_win,1.0,97
975,models_7x7\checkpoints\cycle_0162.pt,models_7x7\checkpoints\cycle_0152.pt,models_7x7\checkpoints\cycle_0152.pt,models_7x7\checkpoints\cycle_0162.pt,p1_win,0.0,115
976,models_7x7\checkpoints\cycle_0162.pt,models_7x7\checkpoints\cycle_0152.pt,models_7x7\checkpoints\cycle_0162.pt,models_7x7\checkpoints\cycle_0152.pt,p1_win,1.0,97
977,models_7x7\checkpoints\cycle_0162.pt,models_7x7\checkpoints\cycle_0152.pt,models_7x7\checkpoints\cycle_0152.pt,models_7x7\checkpoints\cycle_0162.pt,p1_win,0.0,105
978,models_7x7\checkpoints\cycle_0162.pt,models_7x7\checkpoints\cycle_0152.pt,models_7x7\checkpoints\cycle_0162.pt,models_7x7\checkpoints\cycle_0152.pt,p1_win,1.0,99
979,models_7x7\checkpoints\cycle_0162.pt,models_7x7\checkpoints\cycle_0152.pt,models_7x7\checkpoints\cycle_0162.pt,models_7x7\checkpoints\cycle_0152.pt,p1_win,1.0,107
980,models_7x7\checkpoints\cycle_0162.pt,models_7x7\checkpoints\cycle_0152.pt,models_7x7\checkpoints\cycle_0152.pt,models_7x7\checkpoints\cycle_0162.pt,p2_win,1.0,102
981,models_7x7\checkpoints\cycle_0162.pt,models_7x7\checkpoints\cycle_0152.pt,models_7x7\checkpoints\cycle_0152.pt,models_7x7\checkpoints\cycle_0162.pt,p1_win,0.0,99
982,models_7x7\checkpoints\cycle_0162.pt,models_7x7\checkpoints\cycle_0152.pt,models_7x7\checkpoints\cycle_0162.pt,models_7x7\checkpoints\cycle_0152.pt,p1_win,1.0,105
983,models_7x7\checkpoints\cycle_0162.pt,models_7x7\checkpoints\cycle_0152.pt,models_7x7\checkpoints\cycle_0162.pt,models_7x7\checkpoints\cycle_0152.pt,p2_win,0.0,108
984,models_7x7\checkpoints\cycle_0162.pt,models_7x7\checkpoints\cycle_0152.pt,models_7x7\checkpoints\cycle_0152.pt,models_7x7\checkpoints\cycle_0162.pt,p2_win,1.0,106
985,models_7x7\checkpoints\cycle_0162.pt,models_7x7\checkpoints\cycle_0152.pt,models_7x7\checkpoints\cycle_0162.pt,models_7x7\checkpoints\cycle_0152.pt,p1_win,1.0,105
986,models_7x7\checkpoints\cycle_0162.pt,models_7x7\checkpoints\cycle_0152.pt,models_7x7\checkpoints\cycle_0162.pt,models_7x7\checkpoints\cycle_0152.pt,p1_win,1.0,105
987,models_7x7\checkpoints\cycle_0162.pt,models_7x7\checkpoints\cycle_0152.pt,models_7x7\checkpoints\cycle_0162.pt,models_7x7\checkpoints\cycle_0152.pt,p1_win,1.0,105
988,models_7x7\checkpoints\cycle_0162.pt,models_7x7\checkpoints\cycle_0152.pt,models_7x7\checkpoints\cycle_0152.pt,models_7x7\checkpoints\cycle_0162.pt,p2_win,1.0,112
989,models_7x7\checkpoints\cycle_0162.pt,models_7x7\checkpoints\cycle_0152.pt,models_7x7\checkpoints\cycle_0162.pt,models_7x7\checkpoints\cycle_0152.pt,p1_win,1.0,109
990,models_7x7\checkpoints\cycle_0162.pt,models_7x7\checkpoints\cycle_0152.pt,models_7x7\checkpoints\cycle_0162.pt,models_7x7\checkpoints\cycle_0152.pt,p1_win,1.0,109
991,models_7x7\checkpoints\cycle_0162.pt,models_7x7\checkpoints\cycle_0152.pt,models_7x7\checkpoints\cycle_0162.pt,models_7x7\checkpoints\cycle_0152.pt,p1_win,1.0,113
992,models_7x7\checkpoints\cycle_0162.pt,models_7x7\checkpoints\cycle_0152.pt,models_7x7\checkpoints\cycle_0162.pt,models_7x7\checkpoints\cycle_0152.pt,p1_win,1.0,115
993,models_7x7\checkpoints\cycle_0162.pt,models_7x7\checkpoints\cycle_0152.pt,models_7x7\checkpoints\cycle_0162.pt,models_7x7\checkpoints\cycle_0152.pt,p1_win,1.0,117
994,models_7x7\checkpoints\cycle_0162.pt,models_7x7\checkpoints\cycle_0152.pt,models_7x7\checkpoints\cycle_0152.pt,models_7x7\checkpoints\cycle_0162.pt,p2_win,1.0,118
995,models_7x7\checkpoints\cycle_0162.pt,models_7x7\checkpoints\cycle_0152.pt,models_7x7\checkpoints\cycle_0162.pt,models_7x7\checkpoints\cycle_0152.pt,p1_win,1.0,117
996,models_7x7\checkpoints\cycle_0162.pt,models_7x7\checkpoints\cycle_0152.pt,models_7x7\checkpoints\cycle_0152.pt,models_7x7\checkpoints\cycle_0162.pt,p2_win,1.0,118
997,models_7x7\checkpoints\cycle_0162.pt,models_7x7\checkpoints\cycle_0152.pt,models_7x7\checkpoints\cycle_0152.pt,models_7x7\checkpoints\cycle_0162.pt,p1_win,0.0,115
998,models_7x7\checkpoints\cycle_0162.pt,models_7x7\checkpoints\cycle_0152.pt,models_7x7\checkpoints\cycle_0152.pt,models_7x7\checkpoints\cycle_0162.pt,p2_win,1.0,118
999,models_7x7\checkpoints\cycle_0162.pt,models_7x7\checkpoints\cycle_0152.pt,models_7x7\checkpoints\cycle_0162.pt,models_7x7\checkpoints\cycle_0152.pt,p2_win,0.0,118
1000,models_7x7\checkpoints\cycle_0162.pt,models_7x7\checkpoints\cycle_0152.pt,models_7x7\checkpoints\cycle_0162.pt,models_7x7\checkpoints\cycle_0152.pt,p2_win,0.0,120
1001,models_7x7\checkpoints\cycle_0162.pt,models_7x7\checkpoints\cycle_0152.pt,models_7x7\checkpoints\cycle_0162.pt,models_7x7\checkpoints\cycle_0152.pt,p1_win,1.0,123
1002,models_7x7\checkpoints\cycle_0162.pt,models_7x7\checkpoints\cycle_0152.pt,models_7x7\checkpoints\cycle_0152.pt,models_7x7\checkpoints\cycle_0162.pt,p2_win,1.0,136
1003,models_7x7\checkpoints\cycle_0162.pt,models_7x7\checkpoints\cycle_0152.pt,models_7x7\checkpoints\cycle_0152.pt,models_7x7\checkpoints\cycle_0162.pt,p1_win,0.0,133
1004,models_7x7\checkpoints\cycle_0162.pt,models_7x7\checkpoints\cycle_0152.pt,models_7x7\checkpoints\cycle_0162.pt,models_7x7\checkpoints\cycle_0152.pt,p1_win,1.0,125
1005,models_7x7\checkpoints\cycle_0162.pt,models_7x7\checkpoints\cycle_0152.pt,models_7x7\checkpoints\cycle_0162.pt,models_7x7\checkpoints\cycle_0152.pt,p1_win,1.0,131
1006,models_7x7\checkpoints\cycle_0162.pt,models_7x7\checkpoints\cycle_0152.pt,models_7x7\checkpoints\cycle_0162.pt,models_7x7\checkpoints\cycle_0152.pt,p1_win,1.0,133
1007,models_7x7\checkpoints\cycle_0162.pt,models_7x7\checkpoints\cycle_0152.pt,models_7x7\checkpoints\cycle_0162.pt,models_7x7\checkpoints\cycle_0152.pt,p1_win,1.0,133
1008,models_7x7\checkpoints\cycle_0162.pt,models_7x7\checkpoints\cycle_0152.pt,models_7x7\checkpoints\cycle_0152.pt,models_7x7\checkpoints\cycle_0162.pt,p1_win,0.0,145
1009,models_7x7\checkpoints\cycle_0162.pt,models_7x7\checkpoints\cycle_0152.pt,models_7x7\checkpoints\cycle_0162.pt,models_7x7\checkpoints\cycle_0152.pt,p1_win,1.0,133
1010,models_7x7\checkpoints\cycle_0162.pt,models_7x7\checkpoints\cycle_0152.pt,models_7x7\checkpoints\cycle_0162.pt,models_7x7\checkpoints\cycle_0152.pt,p1_win,1.0,141
1011,models_7x7\checkpoints\cycle_0162.pt,models_7x7\checkpoints\cycle_0152.pt,models_7x7\checkpoints\cycle_0162.pt,models_7x7\checkpoints\cycle_0152.pt,p1_win,1.0,139
1012,models_7x7\checkpoints\cycle_0162.pt,models_7x7\checkpoints\cycle_0152.pt,models_7x7\checkpoints\cycle_0152.pt,models_7x7\checkpoints\cycle_0162.pt,p2_win,1.0,148
1013,models_7x7\checkpoints\cycle_0162.pt,models_7x7\checkpoints\cycle_0152.pt,models_7x7\checkpoints\cycle_0162.pt,models_7x7\checkpoints\cycle_0152.pt,p2_win,0.0,152
1014,models_7x7\checkpoints\cycle_0162.pt,models_7x7\checkpoints\cycle_0152.pt,models_7x7\checkpoints\cycle_0162.pt,models_7x7\checkpoints\cycle_0152.pt,p1_win,1.0,149
1015,models_7x7\checkpoints\cycle_0162.pt,models_7x7\checkpoints\cycle_0152.pt,models_7x7\checkpoints\cycle_0162.pt,models_7x7\checkpoints\cycle_0152.pt,p1_win,1.0,155
1016,models_7x7\checkpoints\cycle_0162.pt,models_7x7\checkpoints\cycle_0152.pt,models_7x7\checkpoints\cycle_0152.pt,models_7x7\checkpoints\cycle_0162.pt,p1_win,0.0,163
1017,models_7x7\checkpoints\cycle_0162.pt,models_7x7\checkpoints\cycle_0152.pt,models_7x7\checkpoints\cycle_0152.pt,models_7x7\checkpoints\cycle_0162.pt,p2_win,1.0,174
1018,models_7x7\checkpoints\cycle_0162.pt,models_7x7\checkpoints\cycle_0152.pt,models_7x7\checkpoints\cycle_0162.pt,models_7x7\checkpoints\cycle_0152.pt,p1_win,1.0,183
1019,models_7x7\checkpoints\cycle_0162.pt,models_7x7\checkpoints\cycle_0152.pt,models_7x7\checkpoints\cycle_0162.pt,models_7x7\checkpoints\cycle_0152.pt,p1_win,1.0,187
1020,models_7x7\checkpoints\cycle_0162.pt,models_7x7\checkpoints\cycle_0152.pt,models_7x7\checkpoints\cycle_0162.pt,models_7x7\checkpoints\cycle_0152.pt,p1_win,1.0,191
1021,models_7x7\checkpoints\cycle_0162.pt,models_7x7\checkpoints\cycle_0152.pt,models_7x7\checkpoints\cycle_0152.pt,models_7x7\checkpoints\cycle_0162.pt,draw,0.5,200
1022,models_7x7\checkpoints\cycle_0162.pt,models_7x7\checkpoints\cycle_0152.pt,models_7x7\checkpoints\cycle_0162.pt,models_7x7\checkpoints\cycle_0152.pt,p1_win,1.0,195
1023,models_7x7\checkpoints\cycle_0162.pt,models_7x7\checkpoints\cycle_0152.pt,models_7x7\checkpoints\cycle_0162.pt,models_7x7\checkpoints\cycle_0152.pt,p1_win,1.0,199
1024,models_7x7\checkpoints\cycle_0162.pt,models_7x7\checkpoints\cycle_0152.pt,models_7x7\checkpoints\cycle_0162.pt,models_7x7\checkpoints\cycle_0152.pt,p1_win,1.0,195
