game,agent_a,agent_b,player1,player2,result,score_for_a,plies
1,runs\models_9x9_heads\best.pt,runs\models_9x9_scratch\checkpoints\cycle_0002.pt,runs\models_9x9_heads\best.pt,runs\models_9x9_scratch\checkpoints\cycle_0002.pt,p1_win,1.0,17
2,runs\models_9x9_heads\best.pt,runs\models_9x9_scratch\checkpoints\cycle_0002.pt,runs\models_9x9_heads\best.pt,runs\models_9x9_scratch\checkpoints\cycle_0002.pt,p1_win,1.0,17
3,runs\models_9x9_heads\best.pt,runs\models_9x9_scratch\checkpoints\cycle_0002.pt,runs\models_9x9_heads\best.pt,runs\models_9x9_scratch\checkpoints\cycle_0002.pt,p1_win,1.0,17
4,runs\models_9x9_heads\best.pt,runs\models_9x9_scratch\checkpoints\cycle_0002.pt,runs\models_9x9_heads\best.pt,runs\models_9x9_scratch\checkpoints\cycle_0002.pt,p1_win,1.0,17
5,runs\models_9x9_heads\best.pt,runs\models_9x9_scratch\checkpoints\cycle_0002.pt,runs\models_9x9_scratch\checkpoints\cycle_0002.pt,runs\models_9x9_heads\best.pt,p2_win,1.0,18
6,runs\models_9x9_heads\best.pt,runs\models_9x9_scratch\checkpoints\cycle_0002.pt,runs\models_9x9_scratch\checkpoints\cycle_0002.pt,runs\models_9x9_heads\best.pt,p2_win,1.0,18
7,runs\models_9x9_heads\best.pt,runs\models_9x9_scratch\checkpoints\cycle_0002.pt,runs\models_9x9_scratch\checkpoints\cycle_0002.pt,runs\models_9x9_heads\best.pt,p2_win,1.0,18
8,runs\models_9x9_heads\best.pt,runs\models_9x9_scratch\checkpoints\cycle_0002.pt,runs\models_9x9_scratch\checkpoints\cycle_0002.pt,runs\models_9x9_heads\best.pt,p2_win,1.0,18
9,runs\models_9x9_heads\best.pt,runs\models_9x9_scratch\checkpoints\cycle_0002.pt,runs\models_9x9_scratch\checkpoints\cycle_0002.pt,runs\models_9x9_heads\best.pt,p2_win,1.0,18
10,runs\models_9x9_heads\best.pt,runs\models_9x9_scratch\checkpoints\cycle_0002.pt,runs\models_9x9_heads\best.pt,runs\models_9x9_scratch\checkpoints\cycle_0002.pt,p1_win,1.0,19
11,runs\models_9x9_heads\best.pt,runs\models_9x9_scratch\checkpoints\cycle_0002.pt,runs\models_9x9_heads\best.pt,runs\models_9x9_scratch\checkpoints\cycle_0002.pt,p1_win,1.0,19
12,runs\models_9x9_heads\best.pt,runs\models_9x9_scratch\checkpoints\cycle_0002.pt,runs\models_9x9_heads\best.pt,runs\models_9x9_scratch\checkpoints\cycle_0002.pt,p1_win,1.0,19
13,runs\models_9x9_heads\best.pt,runs\models_9x9_scratch\checkpoints\cycle_0002.pt,runs\models_9x9_heads\best.pt,runs\models_9x9_scratch\checkpoints\cycle_0002.pt,p1_win,1.0,19
14,runs\models_9x9_heads\best.pt,runs\models_9x9_scratch\checkpoints\cycle_0002.pt,runs\models_9x9_heads\best.pt,runs\models_9x9_scratch\checkpoints\cycle_0002.pt,p1_win,1.0,19
15,runs\models_9x9_heads\best.pt,runs\models_9x9_scratch\checkpoints\cycle_0002.pt,runs\models_9x9_heads\best.pt,runs\models_9x9_scratch\checkpoints\cycle_0002.pt,p1_win,1.0,19
16,runs\models_9x9_heads\best.pt,runs\models_9x9_scratch\checkpoints\cycle_0002.pt,runs\models_9x9_heads\best.pt,runs\models_9x9_scratch\checkpoints\cycle_0002.pt,p1_win,1.0,19
17,runs\models_9x9_heads\best.pt,runs\models_9x9_scratch\checkpoints\cycle_0002.pt,runs\models_9x9_heads\best.pt,runs\models_9x9_scratch\checkpoints\cycle_0002.pt,p1_win,1.0,19
18,runs\models_9x9_heads\best.pt,runs\models_9x9_scratch\checkpoints\cycle_0002.pt,runs\models_9x9_heads\best.pt,runs\models_9x9_scratch\checkpoints\cycle_0002.pt,p1_win,1.0,19
19,runs\models_9x9_heads\best.pt,runs\models_9x9_scratch\checkpoints\cycle_0002.pt,runs\models_9x9_heads\best.pt,runs\models_9x9_scratch\checkpoints\cycle_0002.pt,p1_win,1.0,19
20,runs\models_9x9_heads\best.pt,runs\models_9x9_scratch\checkpoints\cycle_0002.pt,runs\models_9x9_heads\best.pt,runs\models_9x9_scratch\checkpoints\cycle_0002.pt,p1_win,1.0,19
21,runs\models_9x9_heads\best.pt,runs\models_9x9_scratch\checkpoints\cycle_0002.pt,runs\models_9x9_heads\best.pt,runs\models_9x9_scratch\checkpoints\cycle_0002.pt,p1_win,1.0,19
22,runs\models_9x9_heads\best.pt,runs\models_9x9_scratch\checkpoints\cycle_0002.pt,runs\models_9x9_heads\best.pt,runs\models_9x9_scratch\checkpoints\cycle_0002.pt,p1_win,1.0,19
23,runs\models_9x9_heads\best.pt,runs\models_9x9_scratch\checkpoints\cycle_0002.pt,runs\models_9x9_scratch\checkpoints\cycle_0002.pt,runs\models_9x9_heads\best.pt,p2_win,1.0,20
24,runs\models_9x9_heads\best.pt,runs\models_9x9_scratch\checkpoints\cycle_0002.pt,runs\models_9x9_scratch\checkpoints\cycle_0002.pt,runs\models_9x9_heads\best.pt,p2_win,1.0,20
25,runs\models_9x9_heads\best.pt,runs\models_9x9_scratch\checkpoints\cycle_0002.pt,runs\models_9x9_scratch\checkpoints\cycle_0002.pt,runs\models_9x9_heads\best.pt,p2_win,1.0,20
26,runs\models_9x9_heads\best.pt,runs\models_9x9_scratch\checkpoints\cycle_0002.pt,runs\models_9x9_scratch\checkpoints\cycle_0002.pt,runs\models_9x9_heads\best.pt,p2_win,1.0,20
27,runs\models_9x9_heads\best.pt,runs\models_9x9_scratch\checkpoints\cycle_0002.pt,runs\models_9x9_scratch\checkpoints\cycle_0002.pt,runs\models_9x9_heads\best.pt,p2_win,1.0,20
28,runs\models_9x9_heads\best.pt,runs\models_9x9_scratch\checkpoints\cycle_0002.pt,runs\models_9x9_scratch\checkpoints\cycle_0002.pt,runs\models_9x9_heads\best.pt,p2_win,1.0,20
29,runs\models_9x9_heads\best.pt,runs\models_9x9_scratch\checkpoints\cycle_0002.pt,runs\models_9x9_scratch\checkpoints\cycle_0002.pt,runs\models_9x9_heads\best.pt,p2_win,1.0,20
30,runs\models_9x9_heads\best.pt,runs\models_9x9_scratch\checkpoints\cycle_0002.pt,runs\models_9x9_scratch\checkpoints\cycle_0002.pt,runs\models_9x9_heads\best.pt,p2_win,1.0,20
31,runs\models_9x9_heads\best.pt,runs\models_9x9_scratch\checkpoints\cycle_0002.pt,runs\models_9x9_scratch\checkpoints\cycle_0002.pt,runs\models_9x9_heads\best.pt,p2_win,1.0,20
32,runs\models_9x9_heads\best.pt,runs\models_9x9_scratch\checkpoints\cycle_0002.pt,runs\models_9x9_scratch\checkpoints\cycle_0002.pt,runs\models_9x9_heads\best.pt,p2_win,1.0,20
33,runs\models_9x9_heads\best.pt,runs\models_9x9_scratch\checkpoints\cycle_0002.pt,runs\models_9x9_heads\best.pt,runs\models_9x9_scratch\checkpoints\cycle_0002.pt,p1_win,1.0,21
34,runs\models_9x9_heads\best.pt,runs\models_9x9_scratch\checkpoints\cycle_0002.pt,runs\models_9x9_heads\best.pt,runs\models_9x9_scratch\checkpoints\cycle_0002.pt,p1_win,1.0,21
35,runs\models_9x9_heads\best.pt,runs\models_9x9_scratch\checkpoints\cycle_0002.pt,runs\models_9x9_heads\best.pt,runs\models_9x9_scratch\checkpoints\cycle_0002.pt,p1_win,1.0,21
36,runs\models_9x9_heads\best.pt,runs\models_9x9_scratch\checkpoints\cycle_0002.pt,runs\models_9x9_heads\best.pt,runs\models_9x9_scratch\checkpoints\cycle_0002.pt,p1_win,1.0,21
37,runs\models_9x9_heads\best.pt,runs\models_9x9_scratch\checkpoints\cycle_0002.pt,runs\models_9x9_heads\best.pt,runs\models_9x9_scratch\checkpoints\cycle_0002.pt,p1_win,1.0,21
38,runs\models_9x9_heads\best.pt,runs\models_9x9_scratch\checkpoints\cycle_0002.pt,runs\models_9x9_heads\best.pt,runs\models_9x9_scratch\checkpoints\cycle_0002.pt,p1_win,1.0,21
39,runs\models_9x9_heads\best.pt,runs\models_9x9_scratch\checkpoints\cycle_0002.pt,runs\models_9x9_heads\best.pt,runs\models_9x9_scratch\checkpoints\cycle_0002.pt,p1_win,1.0,21
40,runs\models_9x9_heads\best.pt,runs\models_9x9_scratch\checkpoints\cycle_0002.pt,runs\models_9x9_heads\best.pt,runs\models_9x9_scratch\checkpoints\cycle_0002.pt,p1_win,1.0,21
41,runs\models_9x9_heads\best.pt,runs\models_9x9_scratch\checkpoints\cycle_0002.pt,runs\models_9x9_heads\best.pt,runs\models_9x9_scratch\checkpoints\cycle_0002.pt,p1_win,1.0,21
42,runs\models_9x9_heads\best.pt,runs\models_9x9_scratch\checkpoints\cycle_0002.pt,runs\models_9x9_heads\best.pt,runs\models_9x9_scratch\checkpoints\cycle_0002.pt,p1_win,1.0,21
43,runs\models_9x9_heads\best.pt,runs\models_9x9_scratch\checkpoints\cycle_0002.pt,runs\models_9x9_heads\best.pt,runs\models_9x9_scratch\checkpoints\cycle_0002.pt,p1_win,1.0,21
44,runs\models_9x9_heads\best.pt,runs\models_9x9_scratch\checkpoints\cycle_0002.pt,runs\models_9x9_heads\best.pt,runs\models_9x9_scratch\checkpoints\cycle_0002.pt,p1_win,1.0,21
45,runs\models_9x9_heads\best.pt,runs\models_9x9_scratch\checkpoints\cycle_0002.pt,runs\models_9x9_heads\best.pt,runs\models_9x9_scratch\checkpoints\cycle_0002.pt,p1_win,1.0,21
46,runs\models_9x9_heads\best.pt,runs\models_9x9_scratch\checkpoints\cycle_0002.pt,runs\models_9x9_heads\best.pt,runs\models_9x9_scratch\checkpoints\cycle_0002.pt,p1_win,1.0,21
47,runs\models_9x9_heads\best.pt,runs\models_9x9_scratch\checkpoints\cycle_0002.pt,runs\models_9x9_heads\best.pt,runs\models_9x9_scratch\checkpoints\cycle_0002.pt,p1_win,1.0,21
48,runs\models_9x9_heads\best.pt,runs\models_9x9_scratch\checkpoints\cycle_0002.pt,runs\models_9x9_heads\best.pt,runs\models_9x9_scratch\checkpoints\cycle_0002.pt,p1_win,1.0,21
49,runs\models_9x9_heads\best.pt,runs\models_9x9_scratch\checkpoints\cycle_0002.pt,runs\models_9x9_heads\best.pt,runs\models_9x9_scratch\checkpoints\cycle_0002.pt,p1_win,1.0,21
50,runs\models_9x9_heads\best.pt,runs\models_9x9_scratch\checkpoints\cycle_0002.pt,runs\models_9x9_heads\best.pt,runs\models_9x9_scratch\checkpoints\cycle_0002.pt,p1_win,1.0,21
51,runs\models_9x9_heads\best.pt,runs\models_9x9_scratch\checkpoints\cycle_0002.pt,runs\models_9x9_heads\best.pt,runs\models_9x9_scratch\checkpoints\cycle_0002.pt,p1_win,1.0,21
52,runs\models_9x9_heads\best.pt,runs\models_9x9_scratch\checkpoints\cycle_0002.pt,runs\models_9x9_heads\best.pt,runs\models_9x9_scratch\checkpoints\cycle_0002.pt,p1_win,1.0,21
53,runs\models_9x9_heads\best.pt,runs\models_9x9_scratch\checkpoints\cycle_0002.pt,runs\models_9x9_heads\best.pt,runs\models_9x9_scratch\checkpoints\cycle_0002.pt,p1_win,1.0,21
54,runs\models_9x9_heads\best.pt,runs\models_9x9_scratch\checkpoints\cycle_0002.pt,runs\models_9x9_heads\best.pt,runs\models_9x9_scratch\checkpoints\cycle_0002.pt,p1_win,1.0,21
55,runs\models_9x9_heads\best.pt,runs\models_9x9_scratch\checkpoints\cycle_0002.pt,runs\models_9x9_heads\best.pt,runs\models_9x9_scratch\checkpoints\cycle_0002.pt,p1_win,1.0,21
56,runs\models_9x9_heads\best.pt,runs\models_9x9_scratch\checkpoints\cycle_0002.pt,runs\models_9x9_heads\best.pt,runs\models_9x9_scratch\checkpoints\cycle_0002.pt,p1_win,1.0,21
57,runs\models_9x9_heads\best.pt,runs\models_9x9_scratch\checkpoints\cycle_0002.pt,runs\models_9x9_heads\best.pt,runs\models_9x9_scratch\checkpoints\cycle_0002.pt,p1_win,1.0,21
58,runs\models_9x9_heads\best.pt,runs\models_9x9_scratch\checkpoints\cycle_0002.pt,runs\models_9x9_heads\best.pt,runs\models_9x9_scratch\checkpoints\cycle_0002.pt,p1_win,1.0,21
59,runs\models_9x9_heads\best.pt,runs\models_9x9_scratch\checkpoints\cycle_0002.pt,runs\models_9x9_heads\best.pt,runs\models_9x9_scratch\checkpoints\cycle_0002.pt,p1_win,1.0,21
60,runs\models_9x9_heads\best.pt,runs\models_9x9_scratch\checkpoints\cycle_0002.pt,runs\models_9x9_heads\best.pt,runs\models_9x9_scratch\checkpoints\cycle_0002.pt,p1_win,1.0,21
61,runs\models_9x9_heads\best.pt,runs\models_9x9_scratch\checkpoints\cycle_0002.pt,runs\models_9x9_heads\best.pt,runs\models_9x9_scratch\checkpoints\cycle_0002.pt,p1_win,1.0,21
62,runs\models_9x9_heads\best.pt,runs\models_9x9_scratch\checkpoints\cycle_0002.pt,runs\models_9x9_heads\best.pt,runs\models_9x9_scratch\checkpoints\cycle_0002.pt,p1_win,1.0,21
63,runs\models_9x9_heads\best.pt,runs\models_9x9_scratch\checkpoints\cycle_0002.pt,runs\models_9x9_heads\best.pt,runs\models_9x9_scratch\checkpoints\cycle_0002.pt,p1_win,1.0,21
64,runs\models_9x9_heads\best.pt,runs\models_9x9_scratch\checkpoints\cycle_0002.pt,runs\models_9x9_heads\best.pt,runs\models_9x9_scratch\checkpoints\cycle_0002.pt,p1_win,1.0,21
65,runs\models_9x9_heads\best.pt,runs\models_9x9_scratch\checkpoints\cycle_0002.pt,runs\models_9x9_heads\best.pt,runs\models_9x9_scratch\checkpoints\cycle_0002.pt,p1_win,1.0,21
66,runs\models_9x9_heads\best.pt,runs\models_9x9_scratch\checkpoints\cycle_0002.pt,runs\models_9x9_heads\best.pt,runs\models_9x9_scratch\checkpoints\cycle_0002.pt,p1_win,1.0,21
67,runs\models_9x9_heads\best.pt,runs\models_9x9_scratch\checkpoints\cycle_0002.pt,runs\models_9x9_heads\best.pt,runs\models_9x9_scratch\checkpoints\cycle_0002.pt,p1_win,1.0,21
68,runs\models_9x9_heads\best.pt,runs\models_9x9_scratch\checkpoints\cycle_0002.pt,runs\models_9x9_heads\best.pt,runs\models_9x9_scratch\checkpoints\cycle_0002.pt,p1_win,1.0,21
69,runs\models_9x9_heads\best.pt,runs\models_9x9_scratch\checkpoints\cycle_0002.pt,runs\models_9x9_heads\best.pt,runs\models_9x9_scratch\checkpoints\cycle_0002.pt,p1_win,1.0,21
70,runs\models_9x9_heads\best.pt,runs\models_9x9_scratch\checkpoints\cycle_0002.pt,runs\models_9x9_heads\best.pt,runs\models_9x9_scratch\checkpoints\cycle_0002.pt,p1_win,1.0,21
71,runs\models_9x9_heads\best.pt,runs\models_9x9_scratch\checkpoints\cycle_0002.pt,runs\models_9x9_heads\best.pt,runs\models_9x9_scratch\checkpoints\cycle_0002.pt,p1_win,1.0,21
72,runs\models_9x9_heads\best.pt,runs\models_9x9_scratch\checkpoints\cycle_0002.pt,runs\models_9x9_heads\best.pt,runs\models_9x9_scratch\checkpoints\cycle_0002.pt,p1_win,1.0,21
73,runs\models_9x9_heads\best.pt,runs\models_9x9_scratch\checkpoints\cycle_0002.pt,runs\models_9x9_scratch\checkpoints\cycle_0002.pt,runs\models_9x9_heads\best.pt,p2_win,1.0,22
74,runs\models_9x9_heads\best.pt,runs\models_9x9_scratch\checkpoints\cycle_0002.pt,runs\models_9x9_scratch\checkpoints\cycle_0002.pt,runs\models_9x9_heads\best.pt,p2_win,1.0,22
75,runs\models_9x9_heads\best.pt,runs\models_9x9_scratch\checkpoints\cycle_0002.pt,runs\models_9x9_scratch\checkpoints\cycle_0002.pt,runs\models_9x9_heads\best.pt,p2_win,1.0,22
76,runs\models_9x9_heads\best.pt,runs\models_9x9_scratch\checkpoints\cycle_0002.pt,runs\models_9x9_scratch\checkpoints\cycle_0002.pt,runs\models_9x9_heads\best.pt,p2_win,1.0,22
77,runs\models_9x9_heads\best.pt,runs\models_9x9_scratch\checkpoints\cycle_0002.pt,runs\models_9x9_scratch\checkpoints\cycle_0002.pt,runs\models_9x9_heads\best.pt,p2_win,1.0,22
78,runs\models_9x9_heads\best.pt,runs\models_9x9_scratch\checkpoints\cycle_0002.pt,runs\models_9x9_scratch\checkpoints\cycle_0002.pt,runs\models_9x9_heads\best.pt,p2_win,1.0,22
79,runs\models_9x9_heads\best.pt,runs\models_9x9_scratch\checkpoints\cycle_0002.pt,runs\models_9x9_scratch\checkpoints\cycle_0002.pt,runs\models_9x9_heads\best.pt,p2_win,1.0,22
80,runs\models_9x9_heads\best.pt,runs\models_9x9_scratch\checkpoints\cycle_0002.pt,runs\models_9x9_scratch\checkpoints\cycle_0002.pt,runs\models_9x9_heads\best.pt,p2_win,1.0,22
81,runs\models_9x9_heads\best.pt,runs\models_9x9_scratch\checkpoints\cycle_0002.pt,runs\models_9x9_scratch\checkpoints\cycle_0002.pt,runs\models_9x9_heads\best.pt,p2_win,1.0,22
82,runs\models_9x9_heads\best.pt,runs\models_9x9_scratch\checkpoints\cycle_0002.pt,runs\models_9x9_scratch\checkpoints\cycle_0002.pt,runs\models_9x9_heads\best.pt,p2_win,1.0,22
83,runs\models_9x9_heads\best.pt,runs\models_9x9_scratch\checkpoints\cycle_0002.pt,runs\models_9x9_scratch\checkpoints\cycle_0002.pt,runs\models_9x9_heads\best.pt,p2_win,1.0,22
84,runs\models_9x9_heads\best.pt,runs\models_9x9_scratch\checkpoints\cycle_0002.pt,runs\models_9x9_scratch\checkpoints\cycle_0002.pt,runs\models_9x9_heads\best.pt,p2_win,1.0,22
85,runs\models_9x9_heads\best.pt,runs\models_9x9_scratch\checkpoints\cycle_0002.pt,runs\models_9x9_scratch\checkpoints\cycle_0002.pt,runs\models_9x9_heads\best.pt,p2_win,1.0,22
86,runs\models_9x9_heads\best.pt,runs\models_9x9_scratch\checkpoints\cycle_0002.pt,runs\models_9x9_scratch\checkpoints\cycle_0002.pt,runs\models_9x9_heads\best.pt,p2_win,1.0,22
87,runs\models_9x9_heads\best.pt,runs\models_9x9_scratch\checkpoints\cycle_0002.pt,runs\models_9x9_scratch\checkpoints\cycle_0002.pt,runs\models_9x9_heads\best.pt,p2_win,1.0,22
88,runs\models_9x9_heads\best.pt,runs\models_9x9_scratch\checkpoints\cycle_0002.pt,runs\models_9x9_scratch\checkpoints\cycle_0002.pt,runs\models_9x9_heads\best.pt,p2_win,1.0,22
89,runs\models_9x9_heads\best.pt,runs\models_9x9_scratch\checkpoints\cycle_0002.pt,runs\models_9x9_scratch\checkpoints\cycle_0002.pt,runs\models_9x9_heads\best.pt,p2_win,1.0,22
90,runs\models_9x9_heads\best.pt,runs\models_9x9_scratch\checkpoints\cycle_0002.pt,runs\models_9x9_scratch\checkpoints\cycle_0002.pt,runs\models_9x9_heads\best.pt,p2_win,1.0,22
91,runs\models_9x9_heads\best.pt,runs\models_9x9_scratch\checkpoints\cycle_0002.pt,runs\models_9x9_heads\best.pt,runs\models_9x9_scratch\checkpoints\cycle_0002.pt,p1_win,1.0,23
92,runs\models_9x9_heads\best.pt,runs\models_9x9_scratch\checkpoints\cycle_0002.pt,runs\models_9x9_heads\best.pt,runs\models_9x9_scratch\checkpoints\cycle_0002.pt,p1_win,1.0,23
93,runs\models_9x9_heads\best.pt,runs\models_9x9_scratch\checkpoints\cycle_0002.pt,runs\models_9x9_heads\best.pt,runs\models_9x9_scratch\checkpoints\cycle_0002.pt,p1_win,1.0,23
94,runs\models_9x9_heads\best.pt,runs\models_9x9_scratch\checkpoints\cycle_0002.pt,runs\models_9x9_heads\best.pt,runs\models_9x9_scratch\checkpoints\cycle_0002.pt,p1_win,1.0,23
95,runs\models_9x9_heads\best.pt,runs\models_9x9_scratch\checkpoints\cycle_0002.pt,runs\models_9x9_heads\best.pt,runs\models_9x9_scratch\checkpoints\cycle_0002.pt,p1_win,1.0,23
96,runs\models_9x9_heads\best.pt,runs\models_9x9_scratch\checkpoints\cycle_0002.pt,runs\models_9x9_heads\best.pt,runs\models_9x9_scratch\checkpoints\cycle_0002.pt,p1_win,1.0,23
97,runs\models_9x9_heads\best.pt,runs\models_9x9_scratch\checkpoints\cycle_0002.pt,runs\models_9x9_heads\best.pt,runs\models_9x9_scratch\checkpoints\cycle_0002.pt,p1_win,1.0,23
98,runs\models_9x9_heads\best.pt,runs\models_9x9_scratch\checkpoints\cycle_0002.pt,runs\models_9x9_heads\best.pt,runs\models_9x9_scratch\checkpoints\cycle_0002.pt,p1_win,1.0,23
99,runs\models_9x9_heads\best.pt,runs\models_9x9_scratch\checkpoints\cycle_0002.pt,runs\models_9x9_heads\best.pt,runs\models_9x9_scratch\checkpoints\cycle_0002.pt,p1_win,1.0,23
100,runs\models_9x9_heads\best.pt,runs\models_9x9_scratch\checkpoints\cycle_0002.pt,runs\models_9x9_heads\best.pt,runs\models_9x9_scratch\checkpoints\cycle_0002.pt,p1_win,1.0,23
101,runs\models_9x9_heads\best.pt,runs\models_9x9_scratch\checkpoints\cycle_0002.pt,runs\models_9x9_heads\best.pt,runs\models_9x9_scratch\checkpoints\cycle_0002.pt,p1_win,1.0,23
102,runs\models_9x9_heads\best.pt,runs\models_9x9_scratch\checkpoints\cycle_0002.pt,runs\models_9x9_heads\best.pt,runs\models_9x9_scratch\checkpoints\cycle_0002.pt,p1_win,1.0,23
103,runs\models_9x9_heads\best.pt,runs\models_9x9_scratch\checkpoints\cycle_0002.pt,runs\models_9x9_heads\best.pt,runs\models_9x9_scratch\checkpoints\cycle_0002.pt,p1_win,1.0,23
104,runs\models_9x9_heads\best.pt,runs\models_9x9_scratch\checkpoints\cycle_0002.pt,runs\models_9x9_heads\best.pt,runs\models_9x9_scratch\checkpoints\cycle_0002.pt,p1_win,1.0,23
105,runs\models_9x9_heads\best.pt,runs\models_9x9_scratch\checkpoints\cycle_0002.pt,runs\models_9x9_heads\best.pt,runs\models_9x9_scratch\checkpoints\cycle_0002.pt,p1_win,1.0,23
106,runs\models_9x9_heads\best.pt,runs\models_9x9_scratch\checkpoints\cycle_0002.pt,runs\models_9x9_heads\best.pt,runs\models_9x9_scratch\checkpoints\cycle_0002.pt,p1_win,1.0,23
107,runs\models_9x9_heads\best.pt,runs\models_9x9_scratch\checkpoints\cycle_0002.pt,runs\models_9x9_heads\best.pt,runs\models_9x9_scratch\checkpoints\cycle_0002.pt,p1_win,1.0,23
108,runs\models_9x9_heads\best.pt,runs\models_9x9_scratch\checkpoints\cycle_0002.pt,runs\models_9x9_heads\best.pt,runs\models_9x9_scratch\checkpoints\cycle_0002.pt,p1_win,1.0,23
109,runs\models_9x9_heads\best.pt,runs\models_9x9_scratch\checkpoints\cycle_0002.pt,runs\models_9x9_heads\best.pt,runs\models_9x9_scratch\checkpoints\cycle_0002.pt,p1_win,1.0,23
110,runs\models_9x9_heads\best.pt,runs\models_9x9_scratch\checkpoints\cycle_0002.pt,runs\models_9x9_heads\best.pt,runs\models_9x9_scratch\checkpoints\cycle_0002.pt,p1_win,1.0,23
111,runs\models_9x9_heads\best.pt,runs\models_9x9_scratch\checkpoints\cycle_0002.pt,runs\models_9x9_scratch\checkpoints\cycle_0002.pt,runs\models_9x9_heads\best.pt,p2_win,1.0,24
112,runs\models_9x9_heads\best.pt,runs\models_9x9_scratch\checkpoints\cycle_0002.pt,runs\models_9x9_heads\best.pt,runs\models_9x9_scratch\checkpoints\cycle_0002.pt,p1_win,1.0,23
113,runs\models_9x9_heads\best.pt,runs\models_9x9_scratch\checkpoints\cycle_0002.pt,runs\models_9x9_heads\best.pt,runs\models_9x9_scratch\checkpoints\cycle_0002.pt,p1_win,1.0,23
114,runs\models_9x9_heads\best.pt,runs\models_9x9_scratch\checkpoints\cycle_0002.pt,runs\models_9x9_heads\best.pt,runs\models_9x9_scratch\checkpoints\cycle_0002.pt,p1_win,1.0,23
115,runs\models_9x9_heads\best.pt,runs\models_9x9_scratch\checkpoints\cycle_0002.pt,runs\models_9x9_heads\best.pt,runs\models_9x9_scratch\checkpoints\cycle_0002.pt,p1_win,1.0,23
116,runs\models_9x9_heads\best.pt,runs\models_9x9_scratch\checkpoints\cycle_0002.pt,runs\models_9x9_heads\best.pt,runs\models_9x9_scratch\checkpoints\cycle_0002.pt,p1_win,1.0,23
117,runs\models_9x9_heads\best.pt,runs\models_9x9_scratch\checkpoints\cycle_0002.pt,runs\models_9x9_scratch\checkpoints\cycle_0002.pt,runs\models_9x9_heads\best.pt,p2_win,1.0,24
118,runs\models_9x9_heads\best.pt,runs\models_9x9_scratch\checkpoints\cycle_0002.pt,runs\models_9x9_scratch\checkpoints\cycle_0002.pt,runs\models_9x9_heads\best.pt,p2_win,1.0,24
119,runs\models_9x9_heads\best.pt,runs\models_9x9_scratch\checkpoints\cycle_0002.pt,runs\models_9x9_scratch\checkpoints\cycle_0002.pt,runs\models_9x9_heads\best.pt,p2_win,1.0,24
120,runs\models_9x9_heads\best.pt,runs\models_9x9_scratch\checkpoints\cycle_0002.pt,runs\models_9x9_scratch\checkpoints\cycle_0002.pt,runs\models_9x9_heads\best.pt,p2_win,1.0,24
121,runs\models_9x9_heads\best.pt,runs\models_9x9_scratch\checkpoints\cycle_0002.pt,runs\models_9x9_scratch\checkpoints\cycle_0002.pt,runs\models_9x9_heads\best.pt,p2_win,1.0,24
122,runs\models_9x9_heads\best.pt,runs\models_9x9_scratch\checkpoints\cycle_0002.pt,runs\models_9x9_scratch\checkpoints\cycle_0002.pt,runs\models_9x9_heads\best.pt,p2_win,1.0,24
123,runs\models_9x9_heads\best.pt,runs\models_9x9_scratch\checkpoints\cycle_0002.pt,runs\models_9x9_scratch\checkpoints\cycle_0002.pt,runs\models_9x9_heads\best.pt,p2_win,1.0,24
124,runs\models_9x9_heads\best.pt,runs\models_9x9_scratch\checkpoints\cycle_0002.pt,runs\models_9x9_scratch\checkpoints\cycle_0002.pt,runs\models_9x9_heads\best.pt,p2_win,1.0,24
125,runs\models_9x9_heads\best.pt,runs\models_9x9_scratch\checkpoints\cycle_0002.pt,runs\models_9x9_scratch\checkpoints\cycle_0002.pt,runs\models_9x9_heads\best.pt,p2_win,1.0,24
126,runs\models_9x9_heads\best.pt,runs\models_9x9_scratch\checkpoints\cycle_0002.pt,runs\models_9x9_scratch\checkpoints\cycle_0002.pt,runs\models_9x9_heads\best.pt,p2_win,1.0,24
127,runs\models_9x9_heads\best.pt,runs\models_9x9_scratch\checkpoints\cycle_0002.pt,runs\models_9x9_scratch\checkpoints\cycle_0002.pt,runs\models_9x9_heads\best.pt,p2_win,1.0,24
128,runs\models_9x9_heads\best.pt,runs\models_9x9_scratch\checkpoints\cycle_0002.pt,runs\models_9x9_scratch\checkpoints\cycle_0002.pt,runs\models_9x9_heads\best.pt,p2_win,1.0,24
129,runs\models_9x9_heads\best.pt,runs\models_9x9_scratch\checkpoints\cycle_0002.pt,runs\models_9x9_scratch\checkpoints\cycle_0002.pt,runs\models_9x9_heads\best.pt,p2_win,1.0,24
130,runs\models_9x9_heads\best.pt,runs\models_9x9_scratch\checkpoints\cycle_0002.pt,runs\models_9x9_scratch\checkpoints\cycle_0002.pt,runs\models_9x9_heads\best.pt,p2_win,1.0,24
131,runs\models_9x9_heads\best.pt,runs\models_9x9_scratch\checkpoints\cycle_0002.pt,runs\models_9x9_scratch\checkpoints\cycle_0002.pt,runs\models_9x9_heads\best.pt,p2_win,1.0,24
132,runs\models_9x9_heads\best.pt,runs\models_9x9_scratch\checkpoints\cycle_0002.pt,runs\models_9x9_scratch\checkpoints\cycle_0002.pt,runs\models_9x9_heads\best.pt,p2_win,1.0,24
133,runs\models_9x9_heads\best.pt,runs\models_9x9_scratch\checkpoints\cycle_0002.pt,runs\models_9x9_scratch\checkpoints\cycle_0002.pt,runs\models_9x9_heads\best.pt,p2_win,1.0,24
134,runs\models_9x9_heads\best.pt,runs\models_9x9_scratch\checkpoints\cycle_0002.pt,runs\models_9x9_scratch\checkpoints\cycle_0002.pt,runs\models_9x9_heads\best.pt,p2_win,1.0,24
135,runs\models_9x9_heads\best.pt,runs\models_9x9_scratch\checkpoints\cycle_0002.pt,runs\models_9x9_scratch\checkpoints\cycle_0002.pt,runs\models_9x9_heads\best.pt,p2_win,1.0,24
136,runs\models_9x9_heads\best.pt,runs\models_9x9_scratch\checkpoints\cycle_0002.pt,runs\models_9x9_scratch\checkpoints\cycle_0002.pt,runs\models_9x9_heads\best.pt,p2_win,1.0,24
137,runs\models_9x9_heads\best.pt,runs\models_9x9_scratch\checkpoints\cycle_0002.pt,runs\models_9x9_scratch\checkpoints\cycle_0002.pt,runs\models_9x9_heads\best.pt,p2_win,1.0,24
138,runs\models_9x9_heads\best.pt,runs\models_9x9_scratch\checkpoints\cycle_0002.pt,runs\models_9x9_heads\best.pt,runs\models_9x9_scratch\checkpoints\cycle_0002.pt,p1_win,1.0,25
139,runs\models_9x9_heads\best.pt,runs\models_9x9_scratch\checkpoints\cycle_0002.pt,runs\models_9x9_heads\best.pt,runs\models_9x9_scratch\checkpoints\cycle_0002.pt,p1_win,1.0,25
140,runs\models_9x9_heads\best.pt,runs\models_9x9_scratch\checkpoints\cycle_0002.pt,runs\models_9x9_heads\best.pt,runs\models_9x9_scratch\checkpoints\cycle_0002.pt,p1_win,1.0,25
141,runs\models_9x9_heads\best.pt,runs\models_9x9_scratch\checkpoints\cycle_0002.pt,runs\models_9x9_heads\best.pt,runs\models_9x9_scratch\checkpoints\cycle_0002.pt,p1_win,1.0,25
142,runs\models_9x9_heads\best.pt,runs\models_9x9_scratch\checkpoints\cycle_0002.pt,runs\models_9x9_heads\best.pt,runs\models_9x9_scratch\checkpoints\cycle_0002.pt,p1_win,1.0,25
143,runs\models_9x9_heads\best.pt,runs\models_9x9_scratch\checkpoints\cycle_0002.pt,runs\models_9x9_heads\best.pt,runs\models_9x9_scratch\checkpoints\cycle_0002.pt,p1_win,1.0,25
144,runs\models_9x9_heads\best.pt,runs\models_9x9_scratch\checkpoints\cycle_0002.pt,runs\models_9x9_scratch\checkpoints\cycle_0002.pt,runs\models_9x9_heads\best.pt,p2_win,1.0,26
145,runs\models_9x9_heads\best.pt,runs\models_9x9_scratch\checkpoints\cycle_0002.pt,runs\models_9x9_heads\best.pt,runs\models_9x9_scratch\checkpoints\cycle_0002.pt,p1_win,1.0,25
146,runs\models_9x9_heads\best.pt,runs\models_9x9_scratch\checkpoints\cycle_0002.pt,runs\models_9x9_heads\best.pt,runs\models_9x9_scratch\checkpoints\cycle_0002.pt,p1_win,1.0,25
147,runs\models_9x9_heads\best.pt,runs\models_9x9_scratch\checkpoints\cycle_0002.pt,runs\models_9x9_heads\best.pt,runs\models_9x9_scratch\checkpoints\cycle_0002.pt,p1_win,1.0,25
148,runs\models_9x9_heads\best.pt,runs\models_9x9_scratch\checkpoints\cycle_0002.pt,runs\models_9x9_heads\best.pt,runs\models_9x9_scratch\checkpoints\cycle_0002.pt,p1_win,1.0,25
149,runs\models_9x9_heads\best.pt,runs\models_9x9_scratch\checkpoints\cycle_0002.pt,runs\models_9x9_heads\best.pt,runs\models_9x9_scratch\checkpoints\cycle_0002.pt,p1_win,1.0,25
150,runs\models_9x9_heads\best.pt,runs\models_9x9_scratch\checkpoints\cycle_0002.pt,runs\models_9x9_heads\best.pt,runs\models_9x9_scratch\checkpoints\cycle_0002.pt,p1_win,1.0,25
151,runs\models_9x9_heads\best.pt,runs\models_9x9_scratch\checkpoints\cycle_0002.pt,runs\models_9x9_heads\best.pt,runs\models_9x9_scratch\checkpoints\cycle_0002.pt,p1_win,1.0,25
152,runs\models_9x9_heads\best.pt,runs\models_9x9_scratch\checkpoints\cycle_0002.pt,runs\models_9x9_heads\best.pt,runs\models_9x9_scratch\checkpoints\cycle_0002.pt,p1_win,1.0,25
153,runs\models_9x9_heads\best.pt,runs\models_9x9_scratch\checkpoints\cycle_0002.pt,runs\models_9x9_heads\best.pt,runs\models_9x9_scratch\checkpoints\cycle_0002.pt,p1_win,1.0,25
154,runs\models_9x9_heads\best.pt,runs\models_9x9_scratch\checkpoints\cycle_0002.pt,runs\models_9x9_heads\best.pt,runs\models_9x9_scratch\checkpoints\cycle_0002.pt,p1_win,1.0,25
155,runs\models_9x9_heads\best.pt,runs\models_9x9_scratch\checkpoints\cycle_0002.pt,runs\models_9x9_heads\best.pt,runs\models_9x9_scratch\checkpoints\cycle_0002.pt,p1_win,1.0,25
156,runs\models_9x9_heads\best.pt,runs\models_9x9_scratch\checkpoints\cycle_0002.pt,runs\models_9x9_heads\best.pt,runs\models_9x9_scratch\checkpoints\cycle_0002.pt,p1_win,1.0,25
157,runs\models_9x9_heads\best.pt,runs\models_9x9_scratch\checkpoints\cycle_0002.pt,runs\models_9x9_heads\best.pt,runs\models_9x9_scratch\checkpoints\cycle_0002.pt,p1_win,1.0,25
158,runs\models_9x9_heads\best.pt,runs\models_9x9_scratch\checkpoints\cycle_0002.pt,runs\models_9x9_heads\best.pt,runs\models_9x9_scratch\checkpoints\cycle_0002.pt,p1_win,1.0,25
159,runs\models_9x9_heads\best.pt,runs\models_9x9_scratch\checkpoints\cycle_0002.pt,runs\models_9x9_heads\best.pt,runs\models_9x9_scratch\checkpoints\cycle_0002.pt,p1_win,1.0,25
160,runs\models_9x9_heads\best.pt,runs\models_9x9_scratch\checkpoints\cycle_0002.pt,runs\models_9x9_heads\best.pt,runs\models_9x9_scratch\checkpoints\cycle_0002.pt,p1_win,1.0,25
161,runs\models_9x9_heads\best.pt,runs\models_9x9_scratch\checkpoints\cycle_0002.pt,runs\models_9x9_heads\best.pt,runs\models_9x9_scratch\checkpoints\cycle_0002.pt,p1_win,1.0,25
162,runs\models_9x9_heads\best.pt,runs\models_9x9_scratch\checkpoints\cycle_0002.pt,runs\models_9x9_scratch\checkpoints\cycle_0002.pt,runs\models_9x9_heads\best.pt,p2_win,1.0,26
163,runs\models_9x9_heads\best.pt,runs\models_9x9_scratch\checkpoints\cycle_0002.pt,runs\models_9x9_scratch\checkpoints\cycle_0002.pt,runs\models_9x9_heads\best.pt,p2_win,1.0,26
164,runs\models_9x9_heads\best.pt,runs\models_9x9_scratch\checkpoints\cycle_0002.pt,runs\models_9x9_heads\best.pt,runs\models_9x9_scratch\checkpoints\cycle_0002.pt,p1_win,1.0,25
165,runs\models_9x9_heads\best.pt,runs\models_9x9_scratch\checkpoints\cycle_0002.pt,runs\models_9x9_heads\best.pt,runs\models_9x9_scratch\checkpoints\cycle_0002.pt,p1_win,1.0,25
166,runs\models_9x9_heads\best.pt,runs\models_9x9_scratch\checkpoints\cycle_0002.pt,runs\models_9x9_heads\best.pt,runs\models_9x9_scratch\checkpoints\cycle_0002.pt,p1_win,1.0,25
167,runs\models_9x9_heads\best.pt,runs\models_9x9_scratch\checkpoints\cycle_0002.pt,runs\models_9x9_heads\best.pt,runs\models_9x9_scratch\checkpoints\cycle_0002.pt,p1_win,1.0,25
168,runs\models_9x9_heads\best.pt,runs\models_9x9_scratch\checkpoints\cycle_0002.pt,runs\models_9x9_scratch\checkpoints\cycle_0002.pt,runs\models_9x9_heads\best.pt,p2_win,1.0,26
169,runs\models_9x9_heads\best.pt,runs\models_9x9_scratch\checkpoints\cycle_0002.pt,runs\models_9x9_scratch\checkpoints\cycle_0002.pt,runs\models_9x9_heads\best.pt,p2_win,1.0,26
170,runs\models_9x9_heads\best.pt,runs\models_9x9_scratch\checkpoints\cycle_0002.pt,runs\models_9x9_scratch\checkpoints\cycle_0002.pt,runs\models_9x9_heads\best.pt,p2_win,1.0,26
171,runs\models_9x9_heads\best.pt,runs\models_9x9_scratch\checkpoints\cycle_0002.pt,runs\models_9x9_scratch\checkpoints\cycle_0002.pt,runs\models_9x9_heads\best.pt,p2_win,1.0,26
172,runs\models_9x9_heads\best.pt,runs\models_9x9_scratch\checkpoints\cycle_0002.pt,runs\models_9x9_scratch\checkpoints\cycle_0002.pt,runs\models_9x9_heads\best.pt,p2_win,1.0,26
173,runs\models_9x9_heads\best.pt,runs\models_9x9_scratch\checkpoints\cycle_0002.pt,runs\models_9x9_scratch\checkpoints\cycle_0002.pt,runs\models_9x9_heads\best.pt,p2_win,1.0,26
174,runs\models_9x9_heads\best.pt,runs\models_9x9_scratch\checkpoints\cycle_0002.pt,runs\models_9x9_scratch\checkpoints\cycle_0002.pt,runs\models_9x9_heads\best.pt,p2_win,1.0,26
175,runs\models_9x9_heads\best.pt,runs\models_9x9_scratch\checkpoints\cycle_0002.pt,runs\models_9x9_scratch\checkpoints\cycle_0002.pt,runs\models_9x9_heads\best.pt,p2_win,1.0,26
176,runs\models_9x9_heads\best.pt,runs\models_9x9_scratch\checkpoints\cycle_0002.pt,runs\models_9x9_scratch\checkpoints\cycle_0002.pt,runs\models_9x9_heads\best.pt,p2_win,1.0,26
177,runs\models_9x9_heads\best.pt,runs\models_9x9_scratch\checkpoints\cycle_0002.pt,runs\models_9x9_scratch\checkpoints\cycle_0002.pt,runs\models_9x9_heads\best.pt,p2_win,1.0,26
178,runs\models_9x9_heads\best.pt,runs\models_9x9_scratch\checkpoints\cycle_0002.pt,runs\models_9x9_scratch\checkpoints\cycle_0002.pt,runs\models_9x9_heads\best.pt,p2_win,1.0,26
179,runs\models_9x9_heads\best.pt,runs\models_9x9_scratch\checkpoints\cycle_0002.pt,runs\models_9x9_scratch\checkpoints\cycle_0002.pt,runs\models_9x9_heads\best.pt,p2_win,1.0,26
180,runs\models_9x9_heads\best.pt,runs\models_9x9_scratch\checkpoints\cycle_0002.pt,runs\models_9x9_scratch\checkpoints\cycle_0002.pt,runs\models_9x9_heads\best.pt,p2_win,1.0,26
181,runs\models_9x9_heads\best.pt,runs\models_9x9_scratch\checkpoints\cycle_0002.pt,runs\models_9x9_scratch\checkpoints\cycle_0002.pt,runs\models_9x9_heads\best.pt,p2_win,1.0,26
182,runs\models_9x9_heads\best.pt,runs\models_9x9_scratch\checkpoints\cycle_0002.pt,runs\models_9x9_scratch\checkpoints\cycle_0002.pt,runs\models_9x9_heads\best.pt,p2_win,1.0,26
183,runs\models_9x9_heads\best.pt,runs\models_9x9_scratch\checkpoints\cycle_0002.pt,runs\models_9x9_heads\best.pt,runs\models_9x9_scratch\checkpoints\cycle_0002.pt,p1_win,1.0,27
184,runs\models_9x9_heads\best.pt,runs\models_9x9_scratch\checkpoints\cycle_0002.pt,runs\models_9x9_heads\best.pt,runs\models_9x9_scratch\checkpoints\cycle_0002.pt,p1_win,1.0,27
185,runs\models_9x9_heads\best.pt,runs\models_9x9_scratch\checkpoints\cycle_0002.pt,runs\models_9x9_heads\best.pt,runs\models_9x9_scratch\checkpoints\cycle_0002.pt,p1_win,1.0,27
186,runs\models_9x9_heads\best.pt,runs\models_9x9_scratch\checkpoints\cycle_0002.pt,runs\models_9x9_heads\best.pt,runs\models_9x9_scratch\checkpoints\cycle_0002.pt,p1_win,1.0,27
187,runs\models_9x9_heads\best.pt,runs\models_9x9_scratch\checkpoints\cycle_0002.pt,runs\models_9x9_heads\best.pt,runs\models_9x9_scratch\checkpoints\cycle_0002.pt,p1_win,1.0,27
188,runs\models_9x9_heads\best.pt,runs\models_9x9_scratch\checkpoints\cycle_0002.pt,runs\models_9x9_heads\best.pt,runs\models_9x9_scratch\checkpoints\cycle_0002.pt,p1_win,1.0,27
189,runs\models_9x9_heads\best.pt,runs\models_9x9_scratch\checkpoints\cycle_0002.pt,runs\models_9x9_heads\best.pt,runs\models_9x9_scratch\checkpoints\cycle_0002.pt,p1_win,1.0,27
190,runs\models_9x9_heads\best.pt,runs\models_9x9_scratch\checkpoints\cycle_0002.pt,runs\models_9x9_heads\best.pt,runs\models_9x9_scratch\checkpoints\cycle_0002.pt,p1_win,1.0,27
191,runs\models_9x9_heads\best.pt,runs\models_9x9_scratch\checkpoints\cycle_0002.pt,runs\models_9x9_heads\best.pt,runs\models_9x9_scratch\checkpoints\cycle_0002.pt,p1_win,1.0,27
192,runs\models_9x9_heads\best.pt,runs\models_9x9_scratch\checkpoints\cycle_0002.pt,runs\models_9x9_heads\best.pt,runs\models_9x9_scratch\checkpoints\cycle_0002.pt,p1_win,1.0,27
193,runs\models_9x9_heads\best.pt,runs\models_9x9_scratch\checkpoints\cycle_0002.pt,runs\models_9x9_heads\best.pt,runs\models_9x9_scratch\checkpoints\cycle_0002.pt,p1_win,1.0,27
194,runs\models_9x9_heads\best.pt,runs\models_9x9_scratch\checkpoints\cycle_0002.pt,runs\models_9x9_heads\best.pt,runs\models_9x9_scratch\checkpoints\cycle_0002.pt,p1_win,1.0,27
195,runs\models_9x9_heads\best.pt,runs\models_9x9_scratch\checkpoints\cycle_0002.pt,runs\models_9x9_heads\best.pt,runs\models_9x9_scratch\checkpoints\cycle_0002.pt,p1_win,1.0,27
196,runs\models_9x9_heads\best.pt,runs\models_9x9_scratch\checkpoints\cycle_0002.pt,runs\models_9x9_heads\best.pt,runs\models_9x9_scratch\checkpoints\cycle_0002.pt,p1_win,1.0,27
197,runs\models_9x9_heads\best.pt,runs\models_9x9_scratch\checkpoints\cycle_0002.pt,runs\models_9x9_scratch\checkpoints\cycle_0002.pt,runs\models_9x9_heads\best.pt,p2_win,1.0,28
198,runs\models_9x9_heads\best.pt,runs\models_9x9_scratch\checkpoints\cycle_0002.pt,runs\models_9x9_scratch\checkpoints\cycle_0002.pt,runs\models_9x9_heads\best.pt,p2_win,1.0,28
199,runs\models_9x9_heads\best.pt,runs\models_9x9_scratch\checkpoints\cycle_0002.pt,runs\models_9x9_scratch\checkpoints\cycle_0002.pt,runs\models_9x9_heads\best.pt,p2_win,1.0,28
200,runs\models_9x9_heads\best.pt,runs\models_9x9_scratch\checkpoints\cycle_0002.pt,runs\models_9x9_heads\best.pt,runs\models_9x9_scratch\checkpoints\cycle_0002.pt,p1_win,1.0,27
201,runs\models_9x9_heads\best.pt,runs\models_9x9_scratch\checkpoints\cycle_0002.pt,runs\models_9x9_heads\best.pt,runs\models_9x9_scratch\checkpoints\cycle_0002.pt,p1_win,1.0,27
202,runs\models_9x9_heads\best.pt,runs\models_9x9_scratch\checkpoints\cycle_0002.pt,runs\models_9x9_scratch\checkpoints\cycle_0002.pt,runs\models_9x9_heads\best.pt,p2_win,1.0,28
203,runs\models_9x9_heads\best.pt,runs\models_9x9_scratch\checkpoints\cycle_0002.pt,runs\models_9x9_scratch\checkpoints\cycle_0002.pt,runs\models_9x9_heads\best.pt,p2_win,1.0,28
204,runs\models_9x9_heads\best.pt,runs\models_9x9_scratch\checkpoints\cycle_0002.pt,runs\models_9x9_heads\best.pt,runs\models_9x9_scratch\checkpoints\cycle_0002.pt,p1_win,1.0,27
205,runs\models_9x9_heads\best.pt,runs\models_9x9_scratch\checkpoints\cycle_0002.pt,runs\models_9x9_scratch\checkpoints\cycle_0002.pt,runs\models_9x9_heads\best.pt,p2_win,1.0,28
206,runs\models_9x9_heads\best.pt,runs\models_9x9_scratch\checkpoints\cycle_0002.pt,runs\models_9x9_scratch\checkpoints\cycle_0002.pt,runs\models_9x9_heads\best.pt,p2_win,1.0,28
207,runs\models_9x9_heads\best.pt,runs\models_9x9_scratch\checkpoints\cycle_0002.pt,runs\models_9x9_scratch\checkpoints\cycle_0002.pt,runs\models_9x9_heads\best.pt,p2_win,1.0,28
208,runs\models_9x9_heads\best.pt,runs\models_9x9_scratch\checkpoints\cycle_0002.pt,runs\models_9x9_scratch\checkpoints\cycle_0002.pt,runs\models_9x9_heads\best.pt,p2_win,1.0,28
209,runs\models_9x9_heads\best.pt,runs\models_9x9_scratch\checkpoints\cycle_0002.pt,runs\models_9x9_scratch\checkpoints\cycle_0002.pt,runs\models_9x9_heads\best.pt,p2_win,1.0,28
210,runs\models_9x9_heads\best.pt,runs\models_9x9_scratch\checkpoints\cycle_0002.pt,runs\models_9x9_scratch\checkpoints\cycle_0002.pt,runs\models_9x9_heads\best.pt,p2_win,1.0,28
211,runs\models_9x9_heads\best.pt,runs\models_9x9_scratch\checkpoints\cycle_0002.pt,runs\models_9x9_scratch\checkpoints\cycle_0002.pt,runs\models_9x9_heads\best.pt,p2_win,1.0,28
212,runs\models_9x9_heads\best.pt,runs\models_9x9_scratch\checkpoints\cycle_0002.pt,runs\models_9x9_scratch\checkpoints\cycle_0002.pt,runs\models_9x9_heads\best.pt,p2_win,1.0,28
213,runs\models_9x9_heads\best.pt,runs\models_9x9_scratch\checkpoints\cycle_0002.pt,runs\models_9x9_scratch\checkpoints\cycle_0002.pt,runs\models_9x9_heads\best.pt,p2_win,1.0,28
214,runs\models_9x9_heads\best.pt,runs\models_9x9_scratch\checkpoints\cycle_0002.pt,runs\models_9x9_heads\best.pt,runs\models_9x9_scratch\checkpoints\cycle_0002.pt,p1_win,1.0,29
215,runs\models_9x9_heads\best.pt,runs\models_9x9_scratch\checkpoints\cycle_0002.pt,runs\models_9x9_heads\best.pt,runs\models_9x9_scratch\checkpoints\cycle_0002.pt,p1_win,1.0,29
216,runs\models_9x9_heads\best.pt,runs\models_9x9_scratch\checkpoints\cycle_0002.pt,runs\models_9x9_heads\best.pt,runs\models_9x9_scratch\checkpoints\cycle_0002.pt,p1_win,1.0,29
217,runs\models_9x9_heads\best.pt,runs\models_9x9_scratch\checkpoints\cycle_0002.pt,runs\models_9x9_heads\best.pt,runs\models_9x9_scratch\checkpoints\cycle_0002.pt,p1_win,1.0,29
218,runs\models_9x9_heads\best.pt,runs\models_9x9_scratch\checkpoints\cycle_0002.pt,runs\models_9x9_heads\best.pt,runs\models_9x9_scratch\checkpoints\cycle_0002.pt,p1_win,1.0,29
219,runs\models_9x9_heads\best.pt,runs\models_9x9_scratch\checkpoints\cycle_0002.pt,runs\models_9x9_heads\best.pt,runs\models_9x9_scratch\checkpoints\cycle_0002.pt,p1_win,1.0,29
220,runs\models_9x9_heads\best.pt,runs\models_9x9_scratch\checkpoints\cycle_0002.pt,runs\models_9x9_heads\best.pt,runs\models_9x9_scratch\checkpoints\cycle_0002.pt,p1_win,1.0,29
221,runs\models_9x9_heads\best.pt,runs\models_9x9_scratch\checkpoints\cycle_0002.pt,runs\models_9x9_scratch\checkpoints\cycle_0002.pt,runs\models_9x9_heads\best.pt,p2_win,1.0,30
222,runs\models_9x9_heads\best.pt,runs\models_9x9_scratch\checkpoints\cycle_0002.pt,runs\models_9x9_heads\best.pt,runs\models_9x9_scratch\checkpoints\cycle_0002.pt,p1_win,1.0,29
223,runs\models_9x9_heads\best.pt,runs\models_9x9_scratch\checkpoints\cycle_0002.pt,runs\models_9x9_heads\best.pt,runs\models_9x9_scratch\checkpoints\cycle_0002.pt,p1_win,1.0,29
224,runs\models_9x9_heads\best.pt,runs\models_9x9_scratch\checkpoints\cycle_0002.pt,runs\models_9x9_heads\best.pt,runs\models_9x9_scratch\checkpoints\cycle_0002.pt,p1_win,1.0,29
225,runs\models_9x9_heads\best.pt,runs\models_9x9_scratch\checkpoints\cycle_0002.pt,runs\models_9x9_heads\best.pt,runs\models_9x9_scratch\checkpoints\cycle_0002.pt,p1_win,1.0,29
226,runs\models_9x9_heads\best.pt,runs\models_9x9_scratch\checkpoints\cycle_0002.pt,runs\models_9x9_heads\best.pt,runs\models_9x9_scratch\checkpoints\cycle_0002.pt,p1_win,1.0,29
227,runs\models_9x9_heads\best.pt,runs\models_9x9_scratch\checkpoints\cycle_0002.pt,runs\models_9x9_heads\best.pt,runs\models_9x9_scratch\checkpoints\cycle_0002.pt,p1_win,1.0,29
228,runs\models_9x9_heads\best.pt,runs\models_9x9_scratch\checkpoints\cycle_0002.pt,runs\models_9x9_scratch\checkpoints\cycle_0002.pt,runs\models_9x9_heads\best.pt,p2_win,1.0,30
229,runs\models_9x9_heads\best.pt,runs\models_9x9_scratch\checkpoints\cycle_0002.pt,runs\models_9x9_heads\best.pt,runs\models_9x9_scratch\checkpoints\cycle_0002.pt,p1_win,1.0,29
230,runs\models_9x9_heads\best.pt,runs\models_9x9_scratch\checkpoints\cycle_0002.pt,runs\models_9x9_scratch\checkpoints\cycle_0002.pt,runs\models_9x9_heads\best.pt,p2_win,1.0,30
231,runs\models_9x9_heads\best.pt,runs\models_9x9_scratch\checkpoints\cycle_0002.pt,runs\models_9x9_heads\best.pt,runs\models_9x9_scratch\checkpoints\cycle_0002.pt,p1_win,1.0,29
232,runs\models_9x9_heads\best.pt,runs\models_9x9_scratch\checkpoints\cycle_0002.pt,runs\models_9x9_heads\best.pt,runs\models_9x9_scratch\checkpoints\cycle_0002.pt,p1_win,1.0,29
233,runs\models_9x9_heads\best.pt,runs\models_9x9_scratch\checkpoints\cycle_0002.pt,runs\models_9x9_heads\best.pt,runs\models_9x9_scratch\checkpoints\cycle_0002.pt,p1_win,1.0,29
234,runs\models_9x9_heads\best.pt,runs\models_9x9_scratch\checkpoints\cycle_0002.pt,runs\models_9x9_heads\best.pt,runs\models_9x9_scratch\checkpoints\cycle_0002.pt,p1_win,1.0,29
235,runs\models_9x9_heads\best.pt,runs\models_9x9_scratch\checkpoints\cycle_0002.pt,runs\models_9x9_heads\best.pt,runs\models_9x9_scratch\checkpoints\cycle_0002.pt,p1_win,1.0,29
236,runs\models_9x9_heads\best.pt,runs\models_9x9_scratch\checkpoints\cycle_0002.pt,runs\models_9x9_scratch\checkpoints\cycle_0002.pt,runs\models_9x9_heads\best.pt,p2_win,1.0,30
237,runs\models_9x9_heads\best.pt,runs\models_9x9_scratch\checkpoints\cycle_0002.pt,runs\models_9x9_scratch\checkpoints\cycle_0002.pt,runs\models_9x9_heads\best.pt,p2_win,1.0,30
238,runs\models_9x9_heads\best.pt,runs\models_9x9_scratch\checkpoints\cycle_0002.pt,runs\models_9x9_heads\best.pt,runs\models_9x9_scratch\checkpoints\cycle_0002.pt,p1_win,1.0,31
239,runs\models_9x9_heads\best.pt,runs\models_9x9_scratch\checkpoints\cycle_0002.pt,runs\models_9x9_scratch\checkpoints\cycle_0002.pt,runs\models_9x9_heads\best.pt,p2_win,1.0,30
240,runs\models_9x9_heads\best.pt,runs\models_9x9_scratch\checkpoints\cycle_0002.pt,runs\models_9x9_heads\best.pt,runs\models_9x9_scratch\checkpoints\cycle_0002.pt,p1_win,1.0,29
241,runs\models_9x9_heads\best.pt,runs\models_9x9_scratch\checkpoints\cycle_0002.pt,runs\models_9x9_scratch\checkpoints\cycle_0002.pt,runs\models_9x9_heads\best.pt,p2_win,1.0,30
242,runs\models_9x9_heads\best.pt,runs\models_9x9_scratch\checkpoints\cycle_0002.pt,runs\models_9x9_scratch\checkpoints\cycle_0002.pt,runs\models_9x9_heads\best.pt,p2_win,1.0,30
243,runs\models_9x9_heads\best.pt,runs\models_9x9_scratch\checkpoints\cycle_0002.pt,runs\models_9x9_scratch\checkpoints\cycle_0002.pt,runs\models_9x9_heads\best.pt,p2_win,1.0,30
244,runs\models_9x9_heads\best.pt,runs\models_9x9_scratch\checkpoints\cycle_0002.pt,runs\models_9x9_scratch\checkpoints\cycle_0002.pt,runs\models_9x9_heads\best.pt,p2_win,1.0,30
245,runs\models_9x9_heads\best.pt,runs\models_9x9_scratch\checkpoints\cycle_0002.pt,runs\models_9x9_scratch\checkpoints\cycle_0002.pt,runs\models_9x9_heads\best.pt,p2_win,1.0,30
246,runs\models_9x9_heads\best.pt,runs\models_9x9_scratch\checkpoints\cycle_0002.pt,runs\models_9x9_scratch\checkpoints\cycle_0002.pt,runs\models_9x9_heads\best.pt,p2_win,1.0,30
247,runs\models_9x9_heads\best.pt,runs\models_9x9_scratch\checkpoints\cycle_0002.pt,runs\models_9x9_scratch\checkpoints\cycle_0002.pt,runs\models_9x9_heads\best.pt,p2_win,1.0,30
248,runs\models_9x9_heads\best.pt,runs\models_9x9_scratch\checkpoints\cycle_0002.pt,runs\models_9x9_scratch\checkpoints\cycle_0002.pt,runs\models_9x9_heads\best.pt,p2_win,1.0,32
249,runs\models_9x9_heads\best.pt,runs\models_9x9_scratch\checkpoints\cycle_0002.pt,runs\models_9x9_scratch\checkpoints\cycle_0002.pt,runs\models_9x9_heads\best.pt,p2_win,1.0,30
250,runs\models_9x9_heads\best.pt,runs\models_9x9_scratch\checkpoints\cycle_0002.pt,runs\models_9x9_scratch\checkpoints\cycle_0002.pt,runs\models_9x9_heads\best.pt,p2_win,1.0,30
251,runs\models_9x9_heads\best.pt,runs\models_9x9_scratch\checkpoints\cycle_0002.pt,runs\models_9x9_scratch\checkpoints\cycle_0002.pt,runs\models_9x9_heads\best.pt,p2_win,1.0,30
252,runs\models_9x9_heads\best.pt,runs\models_9x9_scratch\checkpoints\cycle_0002.pt,runs\models_9x9_scratch\checkpoints\cycle_0002.pt,runs\models_9x9_heads\best.pt,p2_win,1.0,30
253,runs\models_9x9_heads\best.pt,runs\models_9x9_scratch\checkpoints\cycle_0002.pt,runs\models_9x9_scratch\checkpoints\cycle_0002.pt,runs\models_9x9_heads\best.pt,p2_win,1.0,30
254,runs\models_9x9_heads\best.pt,runs\models_9x9_scratch\checkpoints\cycle_0002.pt,runs\models_9x9_scratch\checkpoints\cycle_0002.pt,runs\models_9x9_heads\best.pt,p2_win,1.0,30
255,runs\models_9x9_heads\best.pt,runs\models_9x9_scratch\checkpoints\cycle_0002.pt,runs\models_9x9_scratch\checkpoints\cycle_0002.pt,runs\models_9x9_heads\best.pt,p2_win,1.0,30
256,runs\models_9x9_heads\best.pt,runs\models_9x9_scratch\checkpoints\cycle_0002.pt,runs\models_9x9_scratch\checkpoints\cycle_0002.pt,runs\models_9x9_heads\best.pt,p2_win,1.0,30
257,runs\models_9x9_heads\best.pt,runs\models_9x9_scratch\checkpoints\cycle_0002.pt,runs\models_9x9_scratch\checkpoints\cycle_0002.pt,runs\models_9x9_heads\best.pt,p2_win,1.0,30
258,runs\models_9x9_heads\best.pt,runs\models_9x9_scratch\checkpoints\cycle_0002.pt,runs\models_9x9_heads\best.pt,runs\models_9x9_scratch\checkpoints\cycle_0002.pt,p1_win,1.0,31
259,runs\models_9x9_heads\best.pt,runs\models_9x9_scratch\checkpoints\cycle_0002.pt,runs\models_9x9_heads\best.pt,runs\models_9x9_scratch\checkpoints\cycle_0002.pt,p1_win,1.0,31
260,runs\models_9x9_heads\best.pt,runs\models_9x9_scratch\checkpoints\cycle_0002.pt,runs\models_9x9_heads\best.pt,runs\models_9x9_scratch\checkpoints\cycle_0002.pt,p1_win,1.0,31
261,runs\models_9x9_heads\best.pt,runs\models_9x9_scratch\checkpoints\cycle_0002.pt,runs\models_9x9_scratch\checkpoints\cycle_0002.pt,runs\models_9x9_heads\best.pt,p2_win,1.0,32
262,runs\models_9x9_heads\best.pt,runs\models_9x9_scratch\checkpoints\cycle_0002.pt,runs\models_9x9_heads\best.pt,runs\models_9x9_scratch\checkpoints\cycle_0002.pt,p1_win,1.0,31
263,runs\models_9x9_heads\best.pt,runs\models_9x9_scratch\checkpoints\cycle_0002.pt,runs\models_9x9_heads\best.pt,runs\models_9x9_scratch\checkpoints\cycle_0002.pt,p1_win,1.0,31
264,runs\models_9x9_heads\best.pt,runs\models_9x9_scratch\checkpoints\cycle_0002.pt,runs\models_9x9_heads\best.pt,runs\models_9x9_scratch\checkpoints\cycle_0002.pt,p1_win,1.0,31
265,runs\models_9x9_heads\best.pt,runs\models_9x9_scratch\checkpoints\cycle_0002.pt,runs\models_9x9_heads\best.pt,runs\models_9x9_scratch\checkpoints\cycle_0002.pt,p1_win,1.0,31
266,runs\models_9x9_heads\best.pt,runs\models_9x9_scratch\checkpoints\cycle_0002.pt,runs\models_9x9_heads\best.pt,runs\models_9x9_scratch\checkpoints\cycle_0002.pt,p1_win,1.0,31
267,runs\models_9x9_heads\best.pt,runs\models_9x9_scratch\checkpoints\cycle_0002.pt,runs\models_9x9_heads\best.pt,runs\models_9x9_scratch\checkpoints\cycle_0002.pt,p1_win,1.0,31
268,runs\models_9x9_heads\best.pt,runs\models_9x9_scratch\checkpoints\cycle_0002.pt,runs\models_9x9_scratch\checkpoints\cycle_0002.pt,runs\models_9x9_heads\best.pt,p2_win,1.0,32
269,runs\models_9x9_heads\best.pt,runs\models_9x9_scratch\checkpoints\cycle_0002.pt,runs\models_9x9_heads\best.pt,runs\models_9x9_scratch\checkpoints\cycle_0002.pt,p1_win,1.0,31
270,runs\models_9x9_heads\best.pt,runs\models_9x9_scratch\checkpoints\cycle_0002.pt,runs\models_9x9_scratch\checkpoints\cycle_0002.pt,runs\models_9x9_heads\best.pt,p2_win,1.0,32
271,runs\models_9x9_heads\best.pt,runs\models_9x9_scratch\checkpoints\cycle_0002.pt,runs\models_9x9_scratch\checkpoints\cycle_0002.pt,runs\models_9x9_heads\best.pt,p2_win,1.0,32
272,runs\models_9x9_heads\best.pt,runs\models_9x9_scratch\checkpoints\cycle_0002.pt,runs\models_9x9_heads\best.pt,runs\models_9x9_scratch\checkpoints\cycle_0002.pt,p1_win,1.0,31
273,runs\models_9x9_heads\best.pt,runs\models_9x9_scratch\checkpoints\cycle_0002.pt,runs\models_9x9_heads\best.pt,runs\models_9x9_scratch\checkpoints\cycle_0002.pt,p1_win,1.0,31
274,runs\models_9x9_heads\best.pt,runs\models_9x9_scratch\checkpoints\cycle_0002.pt,runs\models_9x9_heads\best.pt,runs\models_9x9_scratch\checkpoints\cycle_0002.pt,p1_win,1.0,33
275,runs\models_9x9_heads\best.pt,runs\models_9x9_scratch\checkpoints\cycle_0002.pt,runs\models_9x9_scratch\checkpoints\cycle_0002.pt,runs\models_9x9_heads\best.pt,p2_win,1.0,32
276,runs\models_9x9_heads\best.pt,runs\models_9x9_scratch\checkpoints\cycle_0002.pt,runs\models_9x9_scratch\checkpoints\cycle_0002.pt,runs\models_9x9_heads\best.pt,p2_win,1.0,32
277,runs\models_9x9_heads\best.pt,runs\models_9x9_scratch\checkpoints\cycle_0002.pt,runs\models_9x9_heads\best.pt,runs\models_9x9_scratch\checkpoints\cycle_0002.pt,p1_win,1.0,33
278,runs\models_9x9_heads\best.pt,runs\models_9x9_scratch\checkpoints\cycle_0002.pt,runs\models_9x9_scratch\checkpoints\cycle_0002.pt,runs\models_9x9_heads\best.pt,p2_win,1.0,32
279,runs\models_9x9_heads\best.pt,runs\models_9x9_scratch\checkpoints\cycle_0002.pt,runs\models_9x9_scratch\checkpoints\cycle_0002.pt,runs\models_9x9_heads\best.pt,p2_win,1.0,32
280,runs\models_9x9_heads\best.pt,runs\models_9x9_scratch\checkpoints\cycle_0002.pt,runs\models_9x9_scratch\checkpoints\cycle_0002.pt,runs\models_9x9_heads\best.pt,p2_win,1.0,34
281,runs\models_9x9_heads\best.pt,runs\models_9x9_scratch\checkpoints\cycle_0002.pt,runs\models_9x9_scratch\checkpoints\cycle_0002.pt,runs\models_9x9_heads\best.pt,p2_win,1.0,32
282,runs\models_9x9_heads\best.pt,runs\models_9x9_scratch\checkpoints\cycle_0002.pt,runs\models_9x9_heads\best.pt,runs\models_9x9_scratch\checkpoints\cycle_0002.pt,p1_win,1.0,33
283,runs\models_9x9_heads\best.pt,runs\models_9x9_scratch\checkpoints\cycle_0002.pt,runs\models_9x9_heads\best.pt,runs\models_9x9_scratch\checkpoints\cycle_0002.pt,p1_win,1.0,33
284,runs\models_9x9_heads\best.pt,runs\models_9x9_scratch\checkpoints\cycle_0002.pt,runs\models_9x9_scratch\checkpoints\cycle_0002.pt,runs\models_9x9_heads\best.pt,p2_win,1.0,34
285,runs\models_9x9_heads\best.pt,runs\models_9x9_scratch\checkpoints\cycle_0002.pt,runs\models_9x9_heads\best.pt,runs\models_9x9_scratch\checkpoints\cycle_0002.pt,p1_win,1.0,33
286,runs\models_9x9_heads\best.pt,runs\models_9x9_scratch\checkpoints\cycle_0002.pt,runs\models_9x9_scratch\checkpoints\cycle_0002.pt,runs\models_9x9_heads\best.pt,p2_win,1.0,34
287,runs\models_9x9_heads\best.pt,runs\models_9x9_scratch\checkpoints\cycle_0002.pt,runs\models_9x9_scratch\checkpoints\cycle_0002.pt,runs\models_9x9_heads\best.pt,p2_win,1.0,32
288,runs\models_9x9_heads\best.pt,runs\models_9x9_scratch\checkpoints\cycle_0002.pt,runs\models_9x9_heads\best.pt,runs\models_9x9_scratch\checkpoints\cycle_0002.pt,p1_win,1.0,33
289,runs\models_9x9_heads\best.pt,runs\models_9x9_scratch\checkpoints\cycle_0002.pt,runs\models_9x9_heads\best.pt,runs\models_9x9_scratch\checkpoints\cycle_0002.pt,p1_win,1.0,33
290,runs\models_9x9_heads\best.pt,runs\models_9x9_scratch\checkpoints\cycle_0002.pt,runs\models_9x9_heads\best.pt,runs\models_9x9_scratch\checkpoints\cycle_0002.pt,p1_win,1.0,33
291,runs\models_9x9_heads\best.pt,runs\models_9x9_scratch\checkpoints\cycle_0002.pt,runs\models_9x9_scratch\checkpoints\cycle_0002.pt,runs\models_9x9_heads\best.pt,p2_win,1.0,34
292,runs\models_9x9_heads\best.pt,runs\models_9x9_scratch\checkpoints\cycle_0002.pt,runs\models_9x9_heads\best.pt,runs\models_9x9_scratch\checkpoints\cycle_0002.pt,p1_win,1.0,33
293,runs\models_9x9_heads\best.pt,runs\models_9x9_scratch\checkpoints\cycle_0002.pt,runs\models_9x9_heads\best.pt,runs\models_9x9_scratch\checkpoints\cycle_0002.pt,p1_win,1.0,33
294,runs\models_9x9_heads\best.pt,runs\models_9x9_scratch\checkpoints\cycle_0002.pt,runs\models_9x9_scratch\checkpoints\cycle_0002.pt,runs\models_9x9_heads\best.pt,p2_win,1.0,34
295,runs\models_9x9_heads\best.pt,runs\models_9x9_scratch\checkpoints\cycle_0002.pt,runs\models_9x9_heads\best.pt,runs\models_9x9_scratch\checkpoints\cycle_0002.pt,p1_win,1.0,33
296,runs\models_9x9_heads\best.pt,runs\models_9x9_scratch\checkpoints\cycle_0002.pt,runs\models_9x9_scratch\checkpoints\cycle_0002.pt,runs\models_9x9_heads\best.pt,p2_win,1.0,34
297,runs\models_9x9_heads\best.pt,runs\models_9x9_scratch\checkpoints\cycle_0002.pt,runs\models_9x9_heads\best.pt,runs\models_9x9_scratch\checkpoints\cycle_0002.pt,p1_win,1.0,33
298,runs\models_9x9_heads\best.pt,runs\models_9x9_scratch\checkpoints\cycle_0002.pt,runs\models_9x9_scratch\checkpoints\cycle_0002.pt,runs\models_9x9_heads\best.pt,p2_win,1.0,34
299,runs\models_9x9_heads\best.pt,runs\models_9x9_scratch\checkpoints\cycle_0002.pt,runs\models_9x9_heads\best.pt,runs\models_9x9_scratch\checkpoints\cycle_0002.pt,p1_win,1.0,33
300,runs\models_9x9_heads\best.pt,runs\models_9x9_scratch\checkpoints\cycle_0002.pt,runs\models_9x9_heads\best.pt,runs\models_9x9_scratch\checkpoints\cycle_0002.pt,p1_win,1.0,33
301,runs\models_9x9_heads\best.pt,runs\models_9x9_scratch\checkpoints\cycle_0002.pt,runs\models_9x9_heads\best.pt,runs\models_9x9_scratch\checkpoints\cycle_0002.pt,p1_win,1.0,33
302,runs\models_9x9_heads\best.pt,runs\models_9x9_scratch\checkpoints\cycle_0002.pt,runs\models_9x9_scratch\checkpoints\cycle_0002.pt,runs\models_9x9_heads\best.pt,p2_win,1.0,36
303,runs\models_9x9_heads\best.pt,runs\models_9x9_scratch\checkpoints\cycle_0002.pt,runs\models_9x9_scratch\checkpoints\cycle_0002.pt,runs\models_9x9_heads\best.pt,p2_win,1.0,34
304,runs\models_9x9_heads\best.pt,runs\models_9x9_scratch\checkpoints\cycle_0002.pt,runs\models_9x9_heads\best.pt,runs\models_9x9_scratch\checkpoints\cycle_0002.pt,p1_win,1.0,35
305,runs\models_9x9_heads\best.pt,runs\models_9x9_scratch\checkpoints\cycle_0002.pt,runs\models_9x9_scratch\checkpoints\cycle_0002.pt,runs\models_9x9_heads\best.pt,p2_win,1.0,34
306,runs\models_9x9_heads\best.pt,runs\models_9x9_scratch\checkpoints\cycle_0002.pt,runs\models_9x9_scratch\checkpoints\cycle_0002.pt,runs\models_9x9_heads\best.pt,p2_win,1.0,34
307,runs\models_9x9_heads\best.pt,runs\models_9x9_scratch\checkpoints\cycle_0002.pt,runs\models_9x9_scratch\checkpoints\cycle_0002.pt,runs\models_9x9_heads\best.pt,p2_win,1.0,34
308,runs\models_9x9_heads\best.pt,runs\models_9x9_scratch\checkpoints\cycle_0002.pt,runs\models_9x9_scratch\checkpoints\cycle_0002.pt,runs\models_9x9_heads\best.pt,p2_win,1.0,34
309,runs\models_9x9_heads\best.pt,runs\models_9x9_scratch\checkpoints\cycle_0002.pt,runs\models_9x9_heads\best.pt,runs\models_9x9_scratch\checkpoints\cycle_0002.pt,p1_win,1.0,35
310,runs\models_9x9_heads\best.pt,runs\models_9x9_scratch\checkpoints\cycle_0002.pt,runs\models_9x9_scratch\checkpoints\cycle_0002.pt,runs\models_9x9_heads\best.pt,p2_win,1.0,34
311,runs\models_9x9_heads\best.pt,runs\models_9x9_scratch\checkpoints\cycle_0002.pt,runs\models_9x9_scratch\checkpoints\cycle_0002.pt,runs\models_9x9_heads\best.pt,p2_win,1.0,34
312,runs\models_9x9_heads\best.pt,runs\models_9x9_scratch\checkpoints\cycle_0002.pt,runs\models_9x9_scratch\checkpoints\cycle_0002.pt,runs\models_9x9_heads\best.pt,p2_win,1.0,34
313,runs\models_9x9_heads\best.pt,runs\models_9x9_scratch\checkpoints\cycle_0002.pt,runs\models_9x9_scratch\checkpoints\cycle_0002.pt,runs\models_9x9_heads\best.pt,p2_win,1.0,36
314,runs\models_9x9_heads\best.pt,runs\models_9x9_scratch\checkpoints\cycle_0002.pt,runs\models_9x9_heads\best.pt,runs\models_9x9_scratch\checkpoints\cycle_0002.pt,p1_win,1.0,35
315,runs\models_9x9_heads\best.pt,runs\models_9x9_scratch\checkpoints\cycle_0002.pt,runs\models_9x9_scratch\checkpoints\cycle_0002.pt,runs\models_9x9_heads\best.pt,p2_win,1.0,36
316,runs\models_9x9_heads\best.pt,runs\models_9x9_scratch\checkpoints\cycle_0002.pt,runs\models_9x9_scratch\checkpoints\cycle_0002.pt,runs\models_9x9_heads\best.pt,p2_win,1.0,34
317,runs\models_9x9_heads\best.pt,runs\models_9x9_scratch\checkpoints\cycle_0002.pt,runs\models_9x9_scratch\checkpoints\cycle_0002.pt,runs\models_9x9_heads\best.pt,p2_win,1.0,36
318,runs\models_9x9_heads\best.pt,runs\models_9x9_scratch\checkpoints\cycle_0002.pt,runs\models_9x9_scratch\checkpoints\cycle_0002.pt,runs\models_9x9_heads\best.pt,p2_win,1.0,36
319,runs\models_9x9_heads\best.pt,runs\models_9x9_scratch\checkpoints\cycle_0002.pt,runs\models_9x9_scratch\checkpoints\cycle_0002.pt,runs\models_9x9_heads\best.pt,p2_win,1.0,36
320,runs\models_9x9_heads\best.pt,runs\models_9x9_scratch\checkpoints\cycle_0002.pt,runs\models_9x9_heads\best.pt,runs\models_9x9_scratch\checkpoints\cycle_0002.pt,p1_win,1.0,37
321,runs\models_9x9_heads\best.pt,runs\models_9x9_scratch\checkpoints\cycle_0002.pt,runs\models_9x9_scratch\checkpoints\cycle_0002.pt,runs\models_9x9_heads\best.pt,p2_win,1.0,36
322,runs\models_9x9_heads\best.pt,runs\models_9x9_scratch\checkpoints\cycle_0002.pt,runs\models_9x9_scratch\checkpoints\cycle_0002.pt,runs\models_9x9_heads\best.pt,p2_win,1.0,36
323,runs\models_9x9_heads\best.pt,runs\models_9x9_scratch\checkpoints\cycle_0002.pt,runs\models_9x9_scratch\checkpoints\cycle_0002.pt,runs\models_9x9_heads\best.pt,p2_win,1.0,36
324,runs\models_9x9_heads\best.pt,runs\models_9x9_scratch\checkpoints\cycle_0002.pt,runs\models_9x9_heads\best.pt,runs\models_9x9_scratch\checkpoints\cycle_0002.pt,p1_win,1.0,37
325,runs\models_9x9_heads\best.pt,runs\models_9x9_scratch\checkpoints\cycle_0002.pt,runs\models_9x9_scratch\checkpoints\cycle_0002.pt,runs\models_9x9_heads\best.pt,p2_win,1.0,38
326,runs\models_9x9_heads\best.pt,runs\models_9x9_scratch\checkpoints\cycle_0002.pt,runs\models_9x9_scratch\checkpoints\cycle_0002.pt,runs\models_9x9_heads\best.pt,p2_win,1.0,38
327,runs\models_9x9_heads\best.pt,runs\models_9x9_scratch\checkpoints\cycle_0002.pt,runs\models_9x9_heads\best.pt,runs\models_9x9_scratch\checkpoints\cycle_0002.pt,p1_win,1.0,37
328,runs\models_9x9_heads\best.pt,runs\models_9x9_scratch\checkpoints\cycle_0002.pt,runs\models_9x9_heads\best.pt,runs\models_9x9_scratch\checkpoints\cycle_0002.pt,p1_win,1.0,37
329,runs\models_9x9_heads\best.pt,runs\models_9x9_scratch\checkpoints\cycle_0002.pt,runs\models_9x9_heads\best.pt,runs\models_9x9_scratch\checkpoints\cycle_0002.pt,p1_win,1.0,37
330,runs\models_9x9_heads\best.pt,runs\models_9x9_scratch\checkpoints\cycle_0002.pt,runs\models_9x9_heads\best.pt,runs\models_9x9_scratch\checkpoints\cycle_0002.pt,p1_win,1.0,37
331,runs\models_9x9_heads\best.pt,runs\models_9x9_scratch\checkpoints\cycle_0002.pt,runs\models_9x9_scratch\checkpoints\cycle_0002.pt,runs\models_9x9_heads\best.pt,p2_win,1.0,38
332,runs\models_9x9_heads\best.pt,runs\models_9x9_scratch\checkpoints\cycle_0002.pt,runs\models_9x9_scratch\checkpoints\cycle_0002.pt,runs\models_9x9_heads\best.pt,p2_win,1.0,38
333,runs\models_9x9_heads\best.pt,runs\models_9x9_scratch\checkpoints\cycle_0002.pt,runs\models_9x9_scratch\checkpoints\cycle_0002.pt,runs\models_9x9_heads\best.pt,p2_win,1.0,38
334,runs\models_9x9_heads\best.pt,runs\models_9x9_scratch\checkpoints\cycle_0002.pt,runs\models_9x9_heads\best.pt,runs\models_9x9_scratch\checkpoints\cycle_0002.pt,p1_win,1.0,39
335,runs\models_9x9_heads\best.pt,runs\models_9x9_scratch\checkpoints\cycle_0002.pt,runs\models_9x9_scratch\checkpoints\cycle_0002.pt,runs\models_9x9_heads\best.pt,p2_win,1.0,38
336,runs\models_9x9_heads\best.pt,runs\models_9x9_scratch\checkpoints\cycle_0002.pt,runs\models_9x9_scratch\checkpoints\cycle_0002.pt,runs\models_9x9_heads\best.pt,p2_win,1.0,38
337,runs\models_9x9_heads\best.pt,runs\models_9x9_scratch\checkpoints\cycle_0002.pt,runs\models_9x9_scratch\checkpoints\cycle_0002.pt,runs\models_9x9_heads\best.pt,p2_win,1.0,40
338,runs\models_9x9_heads\best.pt,runs\models_9x9_scratch\checkpoints\cycle_0002.pt,runs\models_9x9_scratch\checkpoints\cycle_0002.pt,runs\models_9x9_heads\best.pt,p2_win,1.0,38
339,runs\models_9x9_heads\best.pt,runs\models_9x9_scratch\checkpoints\cycle_0002.pt,runs\models_9x9_heads\best.pt,runs\models_9x9_scratch\checkpoints\cycle_0002.pt,p1_win,1.0,39
340,runs\models_9x9_heads\best.pt,runs\models_9x9_scratch\checkpoints\cycle_0002.pt,runs\models_9x9_heads\best.pt,runs\models_9x9_scratch\checkpoints\cycle_0002.pt,p1_win,1.0,41
341,runs\models_9x9_heads\best.pt,runs\models_9x9_scratch\checkpoints\cycle_0002.pt,runs\models_9x9_scratch\checkpoints\cycle_0002.pt,runs\models_9x9_heads\best.pt,p2_win,1.0,40
342,runs\models_9x9_heads\best.pt,runs\models_9x9_scratch\checkpoints\cycle_0002.pt,runs\models_9x9_scratch\checkpoints\cycle_0002.pt,runs\models_9x9_heads\best.pt,p2_win,1.0,40
343,runs\models_9x9_heads\best.pt,runs\models_9x9_scratch\checkpoints\cycle_0002.pt,runs\models_9x9_heads\best.pt,runs\models_9x9_scratch\checkpoints\cycle_0002.pt,p1_win,1.0,39
344,runs\models_9x9_heads\best.pt,runs\models_9x9_scratch\checkpoints\cycle_0002.pt,runs\models_9x9_scratch\checkpoints\cycle_0002.pt,runs\models_9x9_heads\best.pt,p2_win,1.0,40
345,runs\models_9x9_heads\best.pt,runs\models_9x9_scratch\checkpoints\cycle_0002.pt,runs\models_9x9_scratch\checkpoints\cycle_0002.pt,runs\models_9x9_heads\best.pt,p2_win,1.0,40
346,runs\models_9x9_heads\best.pt,runs\models_9x9_scratch\checkpoints\cycle_0002.pt,runs\models_9x9_heads\best.pt,runs\models_9x9_scratch\checkpoints\cycle_0002.pt,p1_win,1.0,39
347,runs\models_9x9_heads\best.pt,runs\models_9x9_scratch\checkpoints\cycle_0002.pt,runs\models_9x9_heads\best.pt,runs\models_9x9_scratch\checkpoints\cycle_0002.pt,p1_win,1.0,39
348,runs\models_9x9_heads\best.pt,runs\models_9x9_scratch\checkpoints\cycle_0002.pt,runs\models_9x9_heads\best.pt,runs\models_9x9_scratch\checkpoints\cycle_0002.pt,p1_win,1.0,39
349,runs\models_9x9_heads\best.pt,runs\models_9x9_scratch\checkpoints\cycle_0002.pt,runs\models_9x9_scratch\checkpoints\cycle_0002.pt,runs\models_9x9_heads\best.pt,p2_win,1.0,40
350,runs\models_9x9_heads\best.pt,runs\models_9x9_scratch\checkpoints\cycle_0002.pt,runs\models_9x9_scratch\checkpoints\cycle_0002.pt,runs\models_9x9_heads\best.pt,p2_win,1.0,40
351,runs\models_9x9_heads\best.pt,runs\models_9x9_scratch\checkpoints\cycle_0002.pt,runs\models_9x9_scratch\checkpoints\cycle_0002.pt,runs\models_9x9_heads\best.pt,p2_win,1.0,40
352,runs\models_9x9_heads\best.pt,runs\models_9x9_scratch\checkpoints\cycle_0002.pt,runs\models_9x9_scratch\checkpoints\cycle_0002.pt,runs\models_9x9_heads\best.pt,p2_win,1.0,40
353,runs\models_9x9_heads\best.pt,runs\models_9x9_scratch\checkpoints\cycle_0002.pt,runs\models_9x9_heads\best.pt,runs\models_9x9_scratch\checkpoints\cycle_0002.pt,p1_win,1.0,41
354,runs\models_9x9_heads\best.pt,runs\models_9x9_scratch\checkpoints\cycle_0002.pt,runs\models_9x9_scratch\checkpoints\cycle_0002.pt,runs\models_9x9_heads\best.pt,p2_win,1.0,42
355,runs\models_9x9_heads\best.pt,runs\models_9x9_scratch\checkpoints\cycle_0002.pt,runs\models_9x9_scratch\checkpoints\cycle_0002.pt,runs\models_9x9_heads\best.pt,p2_win,1.0,40
356,runs\models_9x9_heads\best.pt,runs\models_9x9_scratch\checkpoints\cycle_0002.pt,runs\models_9x9_heads\best.pt,runs\models_9x9_scratch\checkpoints\cycle_0002.pt,p1_win,1.0,43
357,runs\models_9x9_heads\best.pt,runs\models_9x9_scratch\checkpoints\cycle_0002.pt,runs\models_9x9_scratch\checkpoints\cycle_0002.pt,runs\models_9x9_heads\best.pt,p2_win,1.0,42
358,runs\models_9x9_heads\best.pt,runs\models_9x9_scratch\checkpoints\cycle_0002.pt,runs\models_9x9_scratch\checkpoints\cycle_0002.pt,runs\models_9x9_heads\best.pt,p2_win,1.0,42
359,runs\models_9x9_heads\best.pt,runs\models_9x9_scratch\checkpoints\cycle_0002.pt,runs\models_9x9_scratch\checkpoints\cycle_0002.pt,runs\models_9x9_heads\best.pt,p2_win,1.0,42
360,runs\models_9x9_heads\best.pt,runs\models_9x9_scratch\checkpoints\cycle_0002.pt,runs\models_9x9_scratch\checkpoints\cycle_0002.pt,runs\models_9x9_heads\best.pt,p2_win,1.0,42
361,runs\models_9x9_heads\best.pt,runs\models_9x9_scratch\checkpoints\cycle_0002.pt,runs\models_9x9_scratch\checkpoints\cycle_0002.pt,runs\models_9x9_heads\best.pt,p2_win,1.0,42
362,runs\models_9x9_heads\best.pt,runs\models_9x9_scratch\checkpoints\cycle_0002.pt,runs\models_9x9_scratch\checkpoints\cycle_0002.pt,runs\models_9x9_heads\best.pt,p2_win,1.0,42
363,runs\models_9x9_heads\best.pt,runs\models_9x9_scratch\checkpoints\cycle_0002.pt,runs\models_9x9_scratch\checkpoints\cycle_0002.pt,runs\models_9x9_heads\best.pt,p2_win,1.0,42
364,runs\models_9x9_heads\best.pt,runs\models_9x9_scratch\checkpoints\cycle_0002.pt,runs\models_9x9_scratch\checkpoints\cycle_0002.pt,runs\models_9x9_heads\best.pt,p2_win,1.0,42
365,runs\models_9x9_heads\best.pt,runs\models_9x9_scratch\checkpoints\cycle_0002.pt,runs\models_9x9_scratch\checkpoints\cycle_0002.pt,runs\models_9x9_heads\best.pt,p2_win,1.0,42
366,runs\models_9x9_heads\best.pt,runs\models_9x9_scratch\checkpoints\cycle_0002.pt,runs\models_9x9_heads\best.pt,runs\models_9x9_scratch\checkpoints\cycle_0002.pt,p1_win,1.0,43
367,runs\models_9x9_heads\best.pt,runs\models_9x9_scratch\checkpoints\cycle_0002.pt,runs\models_9x9_heads\best.pt,runs\models_9x9_scratch\checkpoints\cycle_0002.pt,p1_win,1.0,43
368,runs\models_9x9_heads\best.pt,runs\models_9x9_scratch\checkpoints\cycle_0002.pt,runs\models_9x9_scratch\checkpoints\cycle_0002.pt,runs\models_9x9_heads\best.pt,p2_win,1.0,42
369,runs\models_9x9_heads\best.pt,runs\models_9x9_scratch\checkpoints\cycle_0002.pt,runs\models_9x9_scratch\checkpoints\cycle_0002.pt,runs\models_9x9_heads\best.pt,p2_win,1.0,42
370,runs\models_9x9_heads\best.pt,runs\models_9x9_scratch\checkpoints\cycle_0002.pt,runs\models_9x9_scratch\checkpoints\cycle_0002.pt,runs\models_9x9_heads\best.pt,p2_win,1.0,42
371,runs\models_9x9_heads\best.pt,runs\models_9x9_scratch\checkpoints\cycle_0002.pt,runs\models_9x9_heads\best.pt,runs\models_9x9_scratch\checkpoints\cycle_0002.pt,p1_win,1.0,43
372,runs\models_9x9_heads\best.pt,runs\models_9x9_scratch\checkpoints\cycle_0002.pt,runs\models_9x9_scratch\checkpoints\cycle_0002.pt,runs\models_9x9_heads\best.pt,p2_win,1.0,42
373,runs\models_9x9_heads\best.pt,runs\models_9x9_scratch\checkpoints\cycle_0002.pt,runs\models_9x9_heads\best.pt,runs\models_9x9_scratch\checkpoints\cycle_0002.pt,p1_win,1.0,45
374,runs\models_9x9_heads\best.pt,runs\models_9x9_scratch\checkpoints\cycle_0002.pt,runs\models_9x9_scratch\checkpoints\cycle_0002.pt,runs\models_9x9_heads\best.pt,p2_win,1.0,44
375,runs\models_9x9_heads\best.pt,runs\models_9x9_scratch\checkpoints\cycle_0002.pt,runs\models_9x9_heads\best.pt,runs\models_9x9_scratch\checkpoints\cycle_0002.pt,p1_win,1.0,43
376,runs\models_9x9_heads\best.pt,runs\models_9x9_scratch\checkpoints\cycle_0002.pt,runs\models_9x9_scratch\checkpoints\cycle_0002.pt,runs\models_9x9_heads\best.pt,p2_win,1.0,44
377,runs\models_9x9_heads\best.pt,runs\models_9x9_scratch\checkpoints\cycle_0002.pt,runs\models_9x9_heads\best.pt,runs\models_9x9_scratch\checkpoints\cycle_0002.pt,p1_win,1.0,43
378,runs\models_9x9_heads\best.pt,runs\models_9x9_scratch\checkpoints\cycle_0002.pt,runs\models_9x9_heads\best.pt,runs\models_9x9_scratch\checkpoints\cycle_0002.pt,p1_win,1.0,43
379,runs\models_9x9_heads\best.pt,runs\models_9x9_scratch\checkpoints\cycle_0002.pt,runs\models_9x9_heads\best.pt,runs\models_9x9_scratch\checkpoints\cycle_0002.pt,p1_win,1.0,43
380,runs\models_9x9_heads\best.pt,runs\models_9x9_scratch\checkpoints\cycle_0002.pt,runs\models_9x9_heads\best.pt,runs\models_9x9_scratch\checkpoints\cycle_0002.pt,p1_win,1.0,43
381,runs\models_9x9_heads\best.pt,runs\models_9x9_scratch\checkpoints\cycle_0002.pt,runs\models_9x9_scratch\checkpoints\cycle_0002.pt,runs\models_9x9_heads\best.pt,p2_win,1.0,44
382,runs\models_9x9_heads\best.pt,runs\models_9x9_scratch\checkpoints\cycle_0002.pt,runs\models_9x9_scratch\checkpoints\cycle_0002.pt,runs\models_9x9_heads\best.pt,p2_win,1.0,44
383,runs\models_9x9_heads\best.pt,runs\models_9x9_scratch\checkpoints\cycle_0002.pt,runs\models_9x9_scratch\checkpoints\cycle_0002.pt,runs\models_9x9_heads\best.pt,p2_win,1.0,44
384,runs\models_9x9_heads\best.pt,runs\models_9x9_scratch\checkpoints\cycle_0002.pt,runs\models_9x9_scratch\checkpoints\cycle_0002.pt,runs\models_9x9_heads\best.pt,p2_win,1.0,44
385,runs\models_9x9_heads\best.pt,runs\models_9x9_scratch\checkpoints\cycle_0002.pt,runs\models_9x9_scratch\checkpoints\cycle_0002.pt,runs\models_9x9_heads\best.pt,p2_win,1.0,44
386,runs\models_9x9_heads\best.pt,runs\models_9x9_scratch\checkpoints\cycle_0002.pt,runs\models_9x9_scratch\checkpoints\cycle_0002.pt,runs\models_9x9_heads\best.pt,p2_win,1.0,44
387,runs\models_9x9_heads\best.pt,runs\models_9x9_scratch\checkpoints\cycle_0002.pt,runs\models_9x9_heads\best.pt,runs\models_9x9_scratch\checkpoints\cycle_0002.pt,p1_win,1.0,45
388,runs\models_9x9_heads\best.pt,runs\models_9x9_scratch\checkpoints\cycle_0002.pt,runs\models_9x9_scratch\checkpoints\cycle_0002.pt,runs\models_9x9_heads\best.pt,p2_win,1.0,44
389,runs\models_9x9_heads\best.pt,runs\models_9x9_scratch\checkpoints\cycle_0002.pt,runs\models_9x9_heads\best.pt,runs\models_9x9_scratch\checkpoints\cycle_0002.pt,p1_win,1.0,45
390,runs\models_9x9_heads\best.pt,runs\models_9x9_scratch\checkpoints\cycle_0002.pt,runs\models_9x9_heads\best.pt,runs\models_9x9_scratch\checkpoints\cycle_0002.pt,p1_win,1.0,45
391,runs\models_9x9_heads\best.pt,runs\models_9x9_scratch\checkpoints\cycle_0002.pt,runs\models_9x9_scratch\checkpoints\cycle_0002.pt,runs\models_9x9_heads\best.pt,p2_win,1.0,46
392,runs\models_9x9_heads\best.pt,runs\models_9x9_scratch\checkpoints\cycle_0002.pt,runs\models_9x9_scratch\checkpoints\cycle_0002.pt,runs\models_9x9_heads\best.pt,p2_win,1.0,46
393,runs\models_9x9_heads\best.pt,runs\models_9x9_scratch\checkpoints\cycle_0002.pt,runs\models_9x9_scratch\checkpoints\cycle_0002.pt,runs\models_9x9_heads\best.pt,p2_win,1.0,46
394,runs\models_9x9_heads\best.pt,runs\models_9x9_scratch\checkpoints\cycle_0002.pt,runs\models_9x9_scratch\checkpoints\cycle_0002.pt,runs\models_9x9_heads\best.pt,p2_win,1.0,46
395,runs\models_9x9_heads\best.pt,runs\models_9x9_scratch\checkpoints\cycle_0002.pt,runs\models_9x9_heads\best.pt,runs\models_9x9_scratch\checkpoints\cycle_0002.pt,p1_win,1.0,45
396,runs\models_9x9_heads\best.pt,runs\models_9x9_scratch\checkpoints\cycle_0002.pt,runs\models_9x9_scratch\checkpoints\cycle_0002.pt,runs\models_9x9_heads\best.pt,p2_win,1.0,46
397,runs\models_9x9_heads\best.pt,runs\models_9x9_scratch\checkpoints\cycle_0002.pt,runs\models_9x9_heads\best.pt,runs\models_9x9_scratch\checkpoints\cycle_0002.pt,p1_win,1.0,47
398,runs\models_9x9_heads\best.pt,runs\models_9x9_scratch\checkpoints\cycle_0002.pt,runs\models_9x9_scratch\checkpoints\cycle_0002.pt,runs\models_9x9_heads\best.pt,p2_win,1.0,48
399,runs\models_9x9_heads\best.pt,runs\models_9x9_scratch\checkpoints\cycle_0002.pt,runs\models_9x9_heads\best.pt,runs\models_9x9_scratch\checkpoints\cycle_0002.pt,p1_win,1.0,47
400,runs\models_9x9_heads\best.pt,runs\models_9x9_scratch\checkpoints\cycle_0002.pt,runs\models_9x9_scratch\checkpoints\cycle_0002.pt,runs\models_9x9_heads\best.pt,p2_win,1.0,46
401,runs\models_9x9_heads\best.pt,runs\models_9x9_scratch\checkpoints\cycle_0002.pt,runs\models_9x9_heads\best.pt,runs\models_9x9_scratch\checkpoints\cycle_0002.pt,p1_win,1.0,51
402,runs\models_9x9_heads\best.pt,runs\models_9x9_scratch\checkpoints\cycle_0002.pt,runs\models_9x9_heads\best.pt,runs\models_9x9_scratch\checkpoints\cycle_0002.pt,p1_win,1.0,47
403,runs\models_9x9_heads\best.pt,runs\models_9x9_scratch\checkpoints\cycle_0002.pt,runs\models_9x9_heads\best.pt,runs\models_9x9_scratch\checkpoints\cycle_0002.pt,p1_win,1.0,47
404,runs\models_9x9_heads\best.pt,runs\models_9x9_scratch\checkpoints\cycle_0002.pt,runs\models_9x9_scratch\checkpoints\cycle_0002.pt,runs\models_9x9_heads\best.pt,p2_win,1.0,50
405,runs\models_9x9_heads\best.pt,runs\models_9x9_scratch\checkpoints\cycle_0002.pt,runs\models_9x9_heads\best.pt,runs\models_9x9_scratch\checkpoints\cycle_0002.pt,p1_win,1.0,47
406,runs\models_9x9_heads\best.pt,runs\models_9x9_scratch\checkpoints\cycle_0002.pt,runs\models_9x9_scratch\checkpoints\cycle_0002.pt,runs\models_9x9_heads\best.pt,p2_win,1.0,48
407,runs\models_9x9_heads\best.pt,runs\models_9x9_scratch\checkpoints\cycle_0002.pt,runs\models_9x9_heads\best.pt,runs\models_9x9_scratch\checkpoints\cycle_0002.pt,p1_win,1.0,47
408,runs\models_9x9_heads\best.pt,runs\models_9x9_scratch\checkpoints\cycle_0002.pt,runs\models_9x9_scratch\checkpoints\cycle_0002.pt,runs\models_9x9_heads\best.pt,p2_win,1.0,48
409,runs\models_9x9_heads\best.pt,runs\models_9x9_scratch\checkpoints\cycle_0002.pt,runs\models_9x9_scratch\checkpoints\cycle_0002.pt,runs\models_9x9_heads\best.pt,p2_win,1.0,48
410,runs\models_9x9_heads\best.pt,runs\models_9x9_scratch\checkpoints\cycle_0002.pt,runs\models_9x9_scratch\checkpoints\cycle_0002.pt,runs\models_9x9_heads\best.pt,p2_win,1.0,48
411,runs\models_9x9_heads\best.pt,runs\models_9x9_scratch\checkpoints\cycle_0002.pt,runs\models_9x9_heads\best.pt,runs\models_9x9_scratch\checkpoints\cycle_0002.pt,p1_win,1.0,49
412,runs\models_9x9_heads\best.pt,runs\models_9x9_scratch\checkpoints\cycle_0002.pt,runs\models_9x9_scratch\checkpoints\cycle_0002.pt,runs\models_9x9_heads\best.pt,p2_win,1.0,48
413,runs\models_9x9_heads\best.pt,runs\models_9x9_scratch\checkpoints\cycle_0002.pt,runs\models_9x9_scratch\checkpoints\cycle_0002.pt,runs\models_9x9_heads\best.pt,p2_win,1.0,48
414,runs\models_9x9_heads\best.pt,runs\models_9x9_scratch\checkpoints\cycle_0002.pt,runs\models_9x9_heads\best.pt,runs\models_9x9_scratch\checkpoints\cycle_0002.pt,p1_win,1.0,49
415,runs\models_9x9_heads\best.pt,runs\models_9x9_scratch\checkpoints\cycle_0002.pt,runs\models_9x9_scratch\checkpoints\cycle_0002.pt,runs\models_9x9_heads\best.pt,p2_win,1.0,50
416,runs\models_9x9_heads\best.pt,runs\models_9x9_scratch\checkpoints\cycle_0002.pt,runs\models_9x9_heads\best.pt,runs\models_9x9_scratch\checkpoints\cycle_0002.pt,p1_win,1.0,49
417,runs\models_9x9_heads\best.pt,runs\models_9x9_scratch\checkpoints\cycle_0002.pt,runs\models_9x9_heads\best.pt,runs\models_9x9_scratch\checkpoints\cycle_0002.pt,p1_win,1.0,51
418,runs\models_9x9_heads\best.pt,runs\models_9x9_scratch\checkpoints\cycle_0002.pt,runs\models_9x9_scratch\checkpoints\cycle_0002.pt,runs\models_9x9_heads\best.pt,p2_win,1.0,50
419,runs\models_9x9_heads\best.pt,runs\models_9x9_scratch\checkpoints\cycle_0002.pt,runs\models_9x9_scratch\checkpoints\cycle_0002.pt,runs\models_9x9_heads\best.pt,p2_win,1.0,50
420,runs\models_9x9_heads\best.pt,runs\models_9x9_scratch\checkpoints\cycle_0002.pt,runs\models_9x9_scratch\checkpoints\cycle_0002.pt,runs\models_9x9_heads\best.pt,p2_win,1.0,50
421,runs\models_9x9_heads\best.pt,runs\models_9x9_scratch\checkpoints\cycle_0002.pt,runs\models_9x9_heads\best.pt,runs\models_9x9_scratch\checkpoints\cycle_0002.pt,p1_win,1.0,51
422,runs\models_9x9_heads\best.pt,runs\models_9x9_scratch\checkpoints\cycle_0002.pt,runs\models_9x9_scratch\checkpoints\cycle_0002.pt,runs\models_9x9_heads\best.pt,p2_win,1.0,52
423,runs\models_9x9_heads\best.pt,runs\models_9x9_scratch\checkpoints\cycle_0002.pt,runs\models_9x9_heads\best.pt,runs\models_9x9_scratch\checkpoints\cycle_0002.pt,p1_win,1.0,51
424,runs\models_9x9_heads\best.pt,runs\models_9x9_scratch\checkpoints\cycle_0002.pt,runs\models_9x9_scratch\checkpoints\cycle_0002.pt,runs\models_9x9_heads\best.pt,p2_win,1.0,52
425,runs\models_9x9_heads\best.pt,runs\models_9x9_scratch\checkpoints\cycle_0002.pt,runs\models_9x9_scratch\checkpoints\cycle_0002.pt,runs\models_9x9_heads\best.pt,p2_win,1.0,52
426,runs\models_9x9_heads\best.pt,runs\models_9x9_scratch\checkpoints\cycle_0002.pt,runs\models_9x9_heads\best.pt,runs\models_9x9_scratch\checkpoints\cycle_0002.pt,p1_win,1.0,55
427,runs\models_9x9_heads\best.pt,runs\models_9x9_scratch\checkpoints\cycle_0002.pt,runs\models_9x9_scratch\checkpoints\cycle_0002.pt,runs\models_9x9_heads\best.pt,p2_win,1.0,54
428,runs\models_9x9_heads\best.pt,runs\models_9x9_scratch\checkpoints\cycle_0002.pt,runs\models_9x9_scratch\checkpoints\cycle_0002.pt,runs\models_9x9_heads\best.pt,p2_win,1.0,54
429,runs\models_9x9_heads\best.pt,runs\models_9x9_scratch\checkpoints\cycle_0002.pt,runs\models_9x9_scratch\checkpoints\cycle_0002.pt,runs\models_9x9_heads\best.pt,p2_win,1.0,54
430,runs\models_9x9_heads\best.pt,runs\models_9x9_scratch\checkpoints\cycle_0002.pt,runs\models_9x9_scratch\checkpoints\cycle_0002.pt,runs\models_9x9_heads\best.pt,p2_win,1.0,54
431,runs\models_9x9_heads\best.pt,runs\models_9x9_scratch\checkpoints\cycle_0002.pt,runs\models_9x9_scratch\checkpoints\cycle_0002.pt,runs\models_9x9_heads\best.pt,p2_win,1.0,54
432,runs\models_9x9_heads\best.pt,runs\models_9x9_scratch\checkpoints\cycle_0002.pt,runs\models_9x9_heads\best.pt,runs\models_9x9_scratch\checkpoints\cycle_0002.pt,p1_win,1.0,53
433,runs\models_9x9_heads\best.pt,runs\models_9x9_scratch\checkpoints\cycle_0002.pt,runs\models_9x9_scratch\checkpoints\cycle_0002.pt,runs\models_9x9_heads\best.pt,p2_win,1.0,56
434,runs\models_9x9_heads\best.pt,runs\models_9x9_scratch\checkpoints\cycle_0002.pt,runs\models_9x9_scratch\checkpoints\cycle_0002.pt,runs\models_9x9_heads\best.pt,p2_win,1.0,56
435,runs\models_9x9_heads\best.pt,runs\models_9x9_scratch\checkpoints\cycle_0002.pt,runs\models_9x9_scratch\checkpoints\cycle_0002.pt,runs\models_9x9_heads\best.pt,p2_win,1.0,54
436,runs\models_9x9_heads\best.pt,runs\models_9x9_scratch\checkpoints\cycle_0002.pt,runs\models_9x9_scratch\checkpoints\cycle_0002.pt,runs\models_9x9_heads\best.pt,p2_win,1.0,54
437,runs\models_9x9_heads\best.pt,runs\models_9x9_scratch\checkpoints\cycle_0002.pt,runs\models_9x9_scratch\checkpoints\cycle_0002.pt,runs\models_9x9_heads\best.pt,p2_win,1.0,56
438,runs\models_9x9_heads\best.pt,runs\models_9x9_scratch\checkpoints\cycle_0002.pt,runs\models_9x9_scratch\checkpoints\cycle_0002.pt,runs\models_9x9_heads\best.pt,p2_win,1.0,58
439,runs\models_9x9_heads\best.pt,runs\models_9x9_scratch\checkpoints\cycle_0002.pt,runs\models_9x9_heads\best.pt,runs\models_9x9_scratch\checkpoints\cycle_0002.pt,p1_win,1.0,55
440,runs\models_9x9_heads\best.pt,runs\models_9x9_scratch\checkpoints\cycle_0002.pt,runs\models_9x9_heads\best.pt,runs\models_9x9_scratch\checkpoints\cycle_0002.pt,p1_win,1.0,55
441,runs\models_9x9_heads\best.pt,runs\models_9x9_scratch\checkpoints\cycle_0002.pt,runs\models_9x9_heads\best.pt,runs\models_9x9_scratch\checkpoints\cycle_0002.pt,p1_win,1.0,55
442,runs\models_9x9_heads\best.pt,runs\models_9x9_scratch\checkpoints\cycle_0002.pt,runs\models_9x9_heads\best.pt,runs\models_9x9_scratch\checkpoints\cycle_0002.pt,p1_win,1.0,55
443,runs\models_9x9_heads\best.pt,runs\models_9x9_scratch\checkpoints\cycle_0002.pt,runs\models_9x9_heads\best.pt,runs\models_9x9_scratch\checkpoints\cycle_0002.pt,p1_win,1.0,59
444,runs\models_9x9_heads\best.pt,runs\models_9x9_scratch\checkpoints\cycle_0002.pt,runs\models_9x9_heads\best.pt,runs\models_9x9_scratch\checkpoints\cycle_0002.pt,p1_win,1.0,59
445,runs\models_9x9_heads\best.pt,runs\models_9x9_scratch\checkpoints\cycle_0002.pt,runs\models_9x9_scratch\checkpoints\cycle_0002.pt,runs\models_9x9_heads\best.pt,p2_win,1.0,56
446,runs\models_9x9_heads\best.pt,runs\models_9x9_scratch\checkpoints\cycle_0002.pt,runs\models_9x9_scratch\checkpoints\cycle_0002.pt,runs\models_9x9_heads\best.pt,p2_win,1.0,58
447,runs\models_9x9_heads\best.pt,runs\models_9x9_scratch\checkpoints\cycle_0002.pt,runs\models_9x9_scratch\checkpoints\cycle_0002.pt,runs\models_9x9_heads\best.pt,p2_win,1.0,56
448,runs\models_9x9_heads\best.pt,runs\models_9x9_scratch\checkpoints\cycle_0002.pt,runs\models_9x9_heads\best.pt,runs\models_9x9_scratch\checkpoints\cycle_0002.pt,p1_win,1.0,59
449,runs\models_9x9_heads\best.pt,runs\models_9x9_scratch\checkpoints\cycle_0002.pt,runs\models_9x9_scratch\checkpoints\cycle_0002.pt,runs\models_9x9_heads\best.pt,p2_win,1.0,56
450,runs\models_9x9_heads\best.pt,runs\models_9x9_scratch\checkpoints\cycle_0002.pt,runs\models_9x9_scratch\checkpoints\cycle_0002.pt,runs\models_9x9_heads\best.pt,p2_win,1.0,56
451,runs\models_9x9_heads\best.pt,runs\models_9x9_scratch\checkpoints\cycle_0002.pt,runs\models_9x9_heads\best.pt,runs\models_9x9_scratch\checkpoints\cycle_0002.pt,p1_win,1.0,57
452,runs\models_9x9_heads\best.pt,runs\models_9x9_scratch\checkpoints\cycle_0002.pt,runs\models_9x9_scratch\checkpoints\cycle_0002.pt,runs\models_9x9_heads\best.pt,p2_win,1.0,58
453,runs\models_9x9_heads\best.pt,runs\models_9x9_scratch\checkpoints\cycle_0002.pt,runs\models_9x9_heads\best.pt,runs\models_9x9_scratch\checkpoints\cycle_0002.pt,p1_win,1.0,57
454,runs\models_9x9_heads\best.pt,runs\models_9x9_scratch\checkpoints\cycle_0002.pt,runs\models_9x9_heads\best.pt,runs\models_9x9_scratch\checkpoints\cycle_0002.pt,p1_win,1.0,57
455,runs\models_9x9_heads\best.pt,runs\models_9x9_scratch\checkpoints\cycle_0002.pt,runs\models_9x9_scratch\checkpoints\cycle_0002.pt,runs\models_9x9_heads\best.pt,p2_win,1.0,58
456,runs\models_9x9_heads\best.pt,runs\models_9x9_scratch\checkpoints\cycle_0002.pt,runs\models_9x9_scratch\checkpoints\cycle_0002.pt,runs\models_9x9_heads\best.pt,p2_win,1.0,60
457,runs\models_9x9_heads\best.pt,runs\models_9x9_scratch\checkpoints\cycle_0002.pt,runs\models_9x9_scratch\checkpoints\cycle_0002.pt,runs\models_9x9_heads\best.pt,p2_win,1.0,60
458,runs\models_9x9_heads\best.pt,runs\models_9x9_scratch\checkpoints\cycle_0002.pt,runs\models_9x9_heads\best.pt,runs\models_9x9_scratch\checkpoints\cycle_0002.pt,p1_win,1.0,61
459,runs\models_9x9_heads\best.pt,runs\models_9x9_scratch\checkpoints\cycle_0002.pt,runs\models_9x9_scratch\checkpoints\cycle_0002.pt,runs\models_9x9_heads\best.pt,p2_win,1.0,58
460,runs\models_9x9_heads\best.pt,runs\models_9x9_scratch\checkpoints\cycle_0002.pt,runs\models_9x9_heads\best.pt,runs\models_9x9_scratch\checkpoints\cycle_0002.pt,p1_win,1.0,59
461,runs\models_9x9_heads\best.pt,runs\models_9x9_scratch\checkpoints\cycle_0002.pt,runs\models_9x9_heads\best.pt,runs\models_9x9_scratch\checkpoints\cycle_0002.pt,p1_win,1.0,61
462,runs\models_9x9_heads\best.pt,runs\models_9x9_scratch\checkpoints\cycle_0002.pt,runs\models_9x9_heads\best.pt,runs\models_9x9_scratch\checkpoints\cycle_0002.pt,p1_win,1.0,59
463,runs\models_9x9_heads\best.pt,runs\models_9x9_scratch\checkpoints\cycle_0002.pt,runs\models_9x9_heads\best.pt,runs\models_9x9_scratch\checkpoints\cycle_0002.pt,p1_win,1.0,59
464,runs\models_9x9_heads\best.pt,runs\models_9x9_scratch\checkpoints\cycle_0002.pt,runs\models_9x9_heads\best.pt,runs\models_9x9_scratch\checkpoints\cycle_0002.pt,p1_win,1.0,59
465,runs\models_9x9_heads\best.pt,runs\models_9x9_scratch\checkpoints\cycle_0002.pt,runs\models_9x9_scratch\checkpoints\cycle_0002.pt,runs\models_9x9_heads\best.pt,p2_win,1.0,60
466,runs\models_9x9_heads\best.pt,runs\models_9x9_scratch\checkpoints\cycle_0002.pt,runs\models_9x9_scratch\checkpoints\cycle_0002.pt,runs\models_9x9_heads\best.pt,p2_win,1.0,62
467,runs\models_9x9_heads\best.pt,runs\models_9x9_scratch\checkpoints\cycle_0002.pt,runs\models_9x9_heads\best.pt,runs\models_9x9_scratch\checkpoints\cycle_0002.pt,p1_win,1.0,65
468,runs\models_9x9_heads\best.pt,runs\models_9x9_scratch\checkpoints\cycle_0002.pt,runs\models_9x9_scratch\checkpoints\cycle_0002.pt,runs\models_9x9_heads\best.pt,p2_win,1.0,62
469,runs\models_9x9_heads\best.pt,runs\models_9x9_scratch\checkpoints\cycle_0002.pt,runs\models_9x9_scratch\checkpoints\cycle_0002.pt,runs\models_9x9_heads\best.pt,p2_win,1.0,64
470,runs\models_9x9_heads\best.pt,runs\models_9x9_scratch\checkpoints\cycle_0002.pt,runs\models_9x9_heads\best.pt,runs\models_9x9_scratch\checkpoints\cycle_0002.pt,p1_win,1.0,65
471,runs\models_9x9_heads\best.pt,runs\models_9x9_scratch\checkpoints\cycle_0002.pt,runs\models_9x9_heads\best.pt,runs\models_9x9_scratch\checkpoints\cycle_0002.pt,p1_win,1.0,63
472,runs\models_9x9_heads\best.pt,runs\models_9x9_scratch\checkpoints\cycle_0002.pt,runs\models_9x9_scratch\checkpoints\cycle_0002.pt,runs\models_9x9_heads\best.pt,p2_win,1.0,64
473,runs\models_9x9_heads\best.pt,runs\models_9x9_scratch\checkpoints\cycle_0002.pt,runs\models_9x9_scratch\checkpoints\cycle_0002.pt,runs\models_9x9_heads\best.pt,p2_win,1.0,64
474,runs\models_9x9_heads\best.pt,runs\models_9x9_scratch\checkpoints\cycle_0002.pt,runs\models_9x9_scratch\checkpoints\cycle_0002.pt,runs\models_9x9_heads\best.pt,p2_win,1.0,64
475,runs\models_9x9_heads\best.pt,runs\models_9x9_scratch\checkpoints\cycle_0002.pt,runs\models_9x9_heads\best.pt,runs\models_9x9_scratch\checkpoints\cycle_0002.pt,p1_win,1.0,67
476,runs\models_9x9_heads\best.pt,runs\models_9x9_scratch\checkpoints\cycle_0002.pt,runs\models_9x9_heads\best.pt,runs\models_9x9_scratch\checkpoints\cycle_0002.pt,p1_win,1.0,65
477,runs\models_9x9_heads\best.pt,runs\models_9x9_scratch\checkpoints\cycle_0002.pt,runs\models_9x9_scratch\checkpoints\cycle_0002.pt,runs\models_9x9_heads\best.pt,p2_win,1.0,68
478,runs\models_9x9_heads\best.pt,runs\models_9x9_scratch\checkpoints\cycle_0002.pt,runs\models_9x9_heads\best.pt,runs\models_9x9_scratch\checkpoints\cycle_0002.pt,p1_win,1.0,73
479,runs\models_9x9_heads\best.pt,runs\models_9x9_scratch\checkpoints\cycle_0002.pt,runs\models_9x9_scratch\checkpoints\cycle_0002.pt,runs\models_9x9_heads\best.pt,p2_win,1.0,68
480,runs\models_9x9_heads\best.pt,runs\models_9x9_scratch\checkpoints\cycle_0002.pt,runs\models_9x9_heads\best.pt,runs\models_9x9_scratch\checkpoints\cycle_0002.pt,p1_win,1.0,71
481,runs\models_9x9_heads\best.pt,runs\models_9x9_scratch\checkpoints\cycle_0002.pt,runs\models_9x9_heads\best.pt,runs\models_9x9_scratch\checkpoints\cycle_0002.pt,p1_win,1.0,69
482,runs\models_9x9_heads\best.pt,runs\models_9x9_scratch\checkpoints\cycle_0002.pt,runs\models_9x9_scratch\checkpoints\cycle_0002.pt,runs\models_9x9_heads\best.pt,p2_win,1.0,70
483,runs\models_9x9_heads\best.pt,runs\models_9x9_scratch\checkpoints\cycle_0002.pt,runs\models_9x9_scratch\checkpoints\cycle_0002.pt,runs\models_9x9_heads\best.pt,p2_win,1.0,74
484,runs\models_9x9_heads\best.pt,runs\models_9x9_scratch\checkpoints\cycle_0002.pt,runs\models_9x9_scratch\checkpoints\cycle_0002.pt,runs\models_9x9_heads\best.pt,p2_win,1.0,76
485,runs\models_9x9_heads\best.pt,runs\models_9x9_scratch\checkpoints\cycle_0002.pt,runs\models_9x9_scratch\checkpoints\cycle_0002.pt,runs\models_9x9_heads\best.pt,p2_win,1.0,74
486,runs\models_9x9_heads\best.pt,runs\models_9x9_scratch\checkpoints\cycle_0002.pt,runs\models_9x9_scratch\checkpoints\cycle_0002.pt,runs\models_9x9_heads\best.pt,p2_win,1.0,74
487,runs\models_9x9_heads\best.pt,runs\models_9x9_scratch\checkpoints\cycle_0002.pt,runs\models_9x9_scratch\checkpoints\cycle_0002.pt,runs\models_9x9_heads\best.pt,p2_win,1.0,76
488,runs\models_9x9_heads\best.pt,runs\models_9x9_scratch\checkpoints\cycle_0002.pt,runs\models_9x9_heads\best.pt,runs\models_9x9_scratch\checkpoints\cycle_0002.pt,p1_win,1.0,77
489,runs\models_9x9_heads\best.pt,runs\models_9x9_scratch\checkpoints\cycle_0002.pt,runs\models_9x9_scratch\checkpoints\cycle_0002.pt,runs\models_9x9_heads\best.pt,p2_win,1.0,78
490,runs\models_9x9_heads\best.pt,runs\models_9x9_scratch\checkpoints\cycle_0002.pt,runs\models_9x9_heads\best.pt,runs\models_9x9_scratch\checkpoints\cycle_0002.pt,p1_win,1.0,85
491,runs\models_9x9_heads\best.pt,runs\models_9x9_scratch\checkpoints\cycle_0002.pt,runs\models_9x9_scratch\checkpoints\cycle_0002.pt,runs\models_9x9_heads\best.pt,p2_win,1.0,86
492,runs\models_9x9_heads\best.pt,runs\models_9x9_scratch\checkpoints\cycle_0002.pt,runs\models_9x9_scratch\checkpoints\cycle_0002.pt,runs\models_9x9_heads\best.pt,p2_win,1.0,84
493,runs\models_9x9_heads\best.pt,runs\models_9x9_scratch\checkpoints\cycle_0002.pt,runs\models_9x9_scratch\checkpoints\cycle_0002.pt,runs\models_9x9_heads\best.pt,p2_win,1.0,86
494,runs\models_9x9_heads\best.pt,runs\models_9x9_scratch\checkpoints\cycle_0002.pt,runs\models_9x9_heads\best.pt,runs\models_9x9_scratch\checkpoints\cycle_0002.pt,p1_win,1.0,87
495,runs\models_9x9_heads\best.pt,runs\models_9x9_scratch\checkpoints\cycle_0002.pt,runs\models_9x9_heads\best.pt,runs\models_9x9_scratch\checkpoints\cycle_0002.pt,p1_win,1.0,85
496,runs\models_9x9_heads\best.pt,runs\models_9x9_scratch\checkpoints\cycle_0002.pt,runs\models_9x9_scratch\checkpoints\cycle_0002.pt,runs\models_9x9_heads\best.pt,p2_win,1.0,88
497,runs\models_9x9_heads\best.pt,runs\models_9x9_scratch\checkpoints\cycle_0002.pt,runs\models_9x9_heads\best.pt,runs\models_9x9_scratch\checkpoints\cycle_0002.pt,p1_win,1.0,91
498,runs\models_9x9_heads\best.pt,runs\models_9x9_scratch\checkpoints\cycle_0002.pt,runs\models_9x9_heads\best.pt,runs\models_9x9_scratch\checkpoints\cycle_0002.pt,p1_win,1.0,89
499,runs\models_9x9_heads\best.pt,runs\models_9x9_scratch\checkpoints\cycle_0002.pt,runs\models_9x9_scratch\checkpoints\cycle_0002.pt,runs\models_9x9_heads\best.pt,p2_win,1.0,94
500,runs\models_9x9_heads\best.pt,runs\models_9x9_scratch\checkpoints\cycle_0002.pt,runs\models_9x9_scratch\checkpoints\cycle_0002.pt,runs\models_9x9_heads\best.pt,p2_win,1.0,94
501,runs\models_9x9_heads\best.pt,runs\models_9x9_scratch\checkpoints\cycle_0031.pt,runs\models_9x9_scratch\checkpoints\cycle_0031.pt,runs\models_9x9_heads\best.pt,p2_win,1.0,36
502,runs\models_9x9_heads\best.pt,runs\models_9x9_scratch\checkpoints\cycle_0031.pt,runs\models_9x9_heads\best.pt,runs\models_9x9_scratch\checkpoints\cycle_0031.pt,p1_win,1.0,37
503,runs\models_9x9_heads\best.pt,runs\models_9x9_scratch\checkpoints\cycle_0031.pt,runs\models_9x9_heads\best.pt,runs\models_9x9_scratch\checkpoints\cycle_0031.pt,p1_win,1.0,39
504,runs\models_9x9_heads\best.pt,runs\models_9x9_scratch\checkpoints\cycle_0031.pt,runs\models_9x9_heads\best.pt,runs\models_9x9_scratch\checkpoints\cycle_0031.pt,p1_win,1.0,37
505,runs\models_9x9_heads\best.pt,runs\models_9x9_scratch\checkpoints\cycle_0031.pt,runs\models_9x9_scratch\checkpoints\cycle_0031.pt,runs\models_9x9_heads\best.pt,p2_win,1.0,40
506,runs\models_9x9_heads\best.pt,runs\models_9x9_scratch\checkpoints\cycle_0031.pt,runs\models_9x9_scratch\checkpoints\cycle_0031.pt,runs\models_9x9_heads\best.pt,p2_win,1.0,38
507,runs\models_9x9_heads\best.pt,runs\models_9x9_scratch\checkpoints\cycle_0031.pt,runs\models_9x9_scratch\checkpoints\cycle_0031.pt,runs\models_9x9_heads\best.pt,p2_win,1.0,38
508,runs\models_9x9_heads\best.pt,runs\models_9x9_scratch\checkpoints\cycle_0031.pt,runs\models_9x9_scratch\checkpoints\cycle_0031.pt,runs\models_9x9_heads\best.pt,p2_win,1.0,38
509,runs\models_9x9_heads\best.pt,runs\models_9x9_scratch\checkpoints\cycle_0031.pt,runs\models_9x9_heads\best.pt,runs\models_9x9_scratch\checkpoints\cycle_0031.pt,p1_win,1.0,39
510,runs\models_9x9_heads\best.pt,runs\models_9x9_scratch\checkpoints\cycle_0031.pt,runs\models_9x9_heads\best.pt,runs\models_9x9_scratch\checkpoints\cycle_0031.pt,p1_win,1.0,39
511,runs\models_9x9_heads\best.pt,runs\models_9x9_scratch\checkpoints\cycle_0031.pt,runs\models_9x9_heads\best.pt,runs\models_9x9_scratch\checkpoints\cycle_0031.pt,p1_win,1.0,39
512,runs\models_9x9_heads\best.pt,runs\models_9x9_scratch\checkpoints\cycle_0031.pt,runs\models_9x9_scratch\checkpoints\cycle_0031.pt,runs\models_9x9_heads\best.pt,p2_win,1.0,38
513,runs\models_9x9_heads\best.pt,runs\models_9x9_scratch\checkpoints\cycle_0031.pt,runs\models_9x9_heads\best.pt,runs\models_9x9_scratch\checkpoints\cycle_0031.pt,p1_win,1.0,41
514,runs\models_9x9_heads\best.pt,runs\models_9x9_scratch\checkpoints\cycle_0031.pt,runs\models_9x9_heads\best.pt,runs\models_9x9_scratch\checkpoints\cycle_0031.pt,p1_win,1.0,39
515,runs\models_9x9_heads\best.pt,runs\models_9x9_scratch\checkpoints\cycle_0031.pt,runs\models_9x9_heads\best.pt,runs\models_9x9_scratch\checkpoints\cycle_0031.pt,p1_win,1.0,39
516,runs\models_9x9_heads\best.pt,runs\models_9x9_scratch\checkpoints\cycle_0031.pt,runs\models_9x9_heads\best.pt,runs\models_9x9_scratch\checkpoints\cycle_0031.pt,p1_win,1.0,41
517,runs\models_9x9_heads\best.pt,runs\models_9x9_scratch\checkpoints\cycle_0031.pt,runs\models_9x9_heads\best.pt,runs\models_9x9_scratch\checkpoints\cycle_0031.pt,p1_win,1.0,41
518,runs\models_9x9_heads\best.pt,runs\models_9x9_scratch\checkpoints\cycle_0031.pt,runs\models_9x9_scratch\checkpoints\cycle_0031.pt,runs\models_9x9_heads\best.pt,p2_win,1.0,40
519,runs\models_9x9_heads\best.pt,runs\models_9x9_scratch\checkpoints\cycle_0031.pt,runs\models_9x9_heads\best.pt,runs\models_9x9_scratch\checkpoints\cycle_0031.pt,p1_win,1.0,39
520,runs\models_9x9_heads\best.pt,runs\models_9x9_scratch\checkpoints\cycle_0031.pt,runs\models_9x9_heads\best.pt,runs\models_9x9_scratch\checkpoints\cycle_0031.pt,p1_win,1.0,41
521,runs\models_9x9_heads\best.pt,runs\models_9x9_scratch\checkpoints\cycle_0031.pt,runs\models_9x9_heads\best.pt,runs\models_9x9_scratch\checkpoints\cycle_0031.pt,p1_win,1.0,41
522,runs\models_9x9_heads\best.pt,runs\models_9x9_scratch\checkpoints\cycle_0031.pt,runs\models_9x9_heads\best.pt,runs\models_9x9_scratch\checkpoints\cycle_0031.pt,p1_win,1.0,41
523,runs\models_9x9_heads\best.pt,runs\models_9x9_scratch\checkpoints\cycle_0031.pt,runs\models_9x9_heads\best.pt,runs\models_9x9_scratch\checkpoints\cycle_0031.pt,p1_win,1.0,41
524,runs\models_9x9_heads\best.pt,runs\models_9x9_scratch\checkpoints\cycle_0031.pt,runs\models_9x9_heads\best.pt,runs\models_9x9_scratch\checkpoints\cycle_0031.pt,p1_win,1.0,41
525,runs\models_9x9_heads\best.pt,runs\models_9x9_scratch\checkpoints\cycle_0031.pt,runs\models_9x9_heads\best.pt,runs\models_9x9_scratch\checkpoints\cycle_0031.pt,p1_win,1.0,41
526,runs\models_9x9_heads\best.pt,runs\models_9x9_scratch\checkpoints\cycle_0031.pt,runs\models_9x9_scratch\checkpoints\cycle_0031.pt,runs\models_9x9_heads\best.pt,p2_win,1.0,40
527,runs\models_9x9_heads\best.pt,runs\models_9x9_scratch\checkpoints\cycle_0031.pt,runs\models_9x9_scratch\checkpoints\cycle_0031.pt,runs\models_9x9_heads\best.pt,p2_win,1.0,40
528,runs\models_9x9_heads\best.pt,runs\models_9x9_scratch\checkpoints\cycle_0031.pt,runs\models_9x9_scratch\checkpoints\cycle_0031.pt,runs\models_9x9_heads\best.pt,p2_win,1.0,40
529,runs\models_9x9_heads\best.pt,runs\models_9x9_scratch\checkpoints\cycle_0031.pt,runs\models_9x9_heads\best.pt,runs\models_9x9_scratch\checkpoints\cycle_0031.pt,p1_win,1.0,43
530,runs\models_9x9_heads\best.pt,runs\models_9x9_scratch\checkpoints\cycle_0031.pt,runs\models_9x9_scratch\checkpoints\cycle_0031.pt,runs\models_9x9_heads\best.pt,p2_win,1.0,42
531,runs\models_9x9_heads\best.pt,runs\models_9x9_scratch\checkpoints\cycle_0031.pt,runs\models_9x9_scratch\checkpoints\cycle_0031.pt,runs\models_9x9_heads\best.pt,p2_win,1.0,40
532,runs\models_9x9_heads\best.pt,runs\models_9x9_scratch\checkpoints\cycle_0031.pt,runs\models_9x9_scratch\checkpoints\cycle_0031.pt,runs\models_9x9_heads\best.pt,p2_win,1.0,42
533,runs\models_9x9_heads\best.pt,runs\models_9x9_scratch\checkpoints\cycle_0031.pt,runs\models_9x9_heads\best.pt,runs\models_9x9_scratch\checkpoints\cycle_0031.pt,p1_win,1.0,41
534,runs\models_9x9_heads\best.pt,runs\models_9x9_scratch\checkpoints\cycle_0031.pt,runs\models_9x9_scratch\checkpoints\cycle_0031.pt,runs\models_9x9_heads\best.pt,p2_win,1.0,42
535,runs\models_9x9_heads\best.pt,runs\models_9x9_scratch\checkpoints\cycle_0031.pt,runs\models_9x9_scratch\checkpoints\cycle_0031.pt,runs\models_9x9_heads\best.pt,p2_win,1.0,42
536,runs\models_9x9_heads\best.pt,runs\models_9x9_scratch\checkpoints\cycle_0031.pt,runs\models_9x9_scratch\checkpoints\cycle_0031.pt,runs\models_9x9_heads\best.pt,p2_win,1.0,42
537,runs\models_9x9_heads\best.pt,runs\models_9x9_scratch\checkpoints\cycle_0031.pt,runs\models_9x9_scratch\checkpoints\cycle_0031.pt,runs\models_9x9_heads\best.pt,p2_win,1.0,44
538,runs\models_9x9_heads\best.pt,runs\models_9x9_scratch\checkpoints\cycle_0031.pt,runs\models_9x9_heads\best.pt,runs\models_9x9_scratch\checkpoints\cycle_0031.pt,p1_win,1.0,43
539,runs\models_9x9_heads\best.pt,runs\models_9x9_scratch\checkpoints\cycle_0031.pt,runs\models_9x9_scratch\checkpoints\cycle_0031.pt,runs\models_9x9_heads\best.pt,p2_win,1.0,42
540,runs\models_9x9_heads\best.pt,runs\models_9x9_scratch\checkpoints\cycle_0031.pt,runs\models_9x9_scratch\checkpoints\cycle_0031.pt,runs\models_9x9_heads\best.pt,p2_win,1.0,42
541,runs\models_9x9_heads\best.pt,runs\models_9x9_scratch\checkpoints\cycle_0031.pt,runs\models_9x9_heads\best.pt,runs\models_9x9_scratch\checkpoints\cycle_0031.pt,p1_win,1.0,43
542,runs\models_9x9_heads\best.pt,runs\models_9x9_scratch\checkpoints\cycle_0031.pt,runs\models_9x9_heads\best.pt,runs\models_9x9_scratch\checkpoints\cycle_0031.pt,p1_win,1.0,45
543,runs\models_9x9_heads\best.pt,runs\models_9x9_scratch\checkpoints\cycle_0031.pt,runs\models_9x9_scratch\checkpoints\cycle_0031.pt,runs\models_9x9_heads\best.pt,p2_win,1.0,42
544,runs\models_9x9_heads\best.pt,runs\models_9x9_scratch\checkpoints\cycle_0031.pt,runs\models_9x9_heads\best.pt,runs\models_9x9_scratch\checkpoints\cycle_0031.pt,p1_win,1.0,45
545,runs\models_9x9_heads\best.pt,runs\models_9x9_scratch\checkpoints\cycle_0031.pt,runs\models_9x9_heads\best.pt,runs\models_9x9_scratch\checkpoints\cycle_0031.pt,p1_win,1.0,43
546,runs\models_9x9_heads\best.pt,runs\models_9x9_scratch\checkpoints\cycle_0031.pt,runs\models_9x9_heads\best.pt,runs\models_9x9_scratch\checkpoints\cycle_0031.pt,p1_win,1.0,43
547,runs\models_9x9_heads\best.pt,runs\models_9x9_scratch\checkpoints\cycle_0031.pt,runs\models_9x9_heads\best.pt,runs\models_9x9_scratch\checkpoints\cycle_0031.pt,p1_win,1.0,43
548,runs\models_9x9_heads\best.pt,runs\models_9x9_scratch\checkpoints\cycle_0031.pt,runs\models_9x9_heads\best.pt,runs\models_9x9_scratch\checkpoints\cycle_0031.pt,p1_win,1.0,43
549,runs\models_9x9_heads\best.pt,runs\models_9x9_scratch\checkpoints\cycle_0031.pt,runs\models_9x9_heads\best.pt,runs\models_9x9_scratch\checkpoints\cycle_0031.pt,p1_win,1.0,43
550,runs\models_9x9_heads\best.pt,runs\models_9x9_scratch\checkpoints\cycle_0031.pt,runs\models_9x9_scratch\checkpoints\cycle_0031.pt,runs\models_9x9_heads\best.pt,p2_win,1.0,44
551,runs\models_9x9_heads\best.pt,runs\models_9x9_scratch\checkpoints\cycle_0031.pt,runs\models_9x9_scratch\checkpoints\cycle_0031.pt,runs\models_9x9_heads\best.pt,p2_win,1.0,44
552,runs\models_9x9_heads\best.pt,runs\models_9x9_scratch\checkpoints\cycle_0031.pt,runs\models_9x9_heads\best.pt,runs\models_9x9_scratch\checkpoints\cycle_0031.pt,p1_win,1.0,43
553,runs\models_9x9_heads\best.pt,runs\models_9x9_scratch\checkpoints\cycle_0031.pt,runs\models_9x9_heads\best.pt,runs\models_9x9_scratch\checkpoints\cycle_0031.pt,p1_win,1.0,43
554,runs\models_9x9_heads\best.pt,runs\models_9x9_scratch\checkpoints\cycle_0031.pt,runs\models_9x9_heads\best.pt,runs\models_9x9_scratch\checkpoints\cycle_0031.pt,p1_win,1.0,43
555,runs\models_9x9_heads\best.pt,runs\models_9x9_scratch\checkpoints\cycle_0031.pt,runs\models_9x9_heads\best.pt,runs\models_9x9_scratch\checkpoints\cycle_0031.pt,p1_win,1.0,47
556,runs\models_9x9_heads\best.pt,runs\models_9x9_scratch\checkpoints\cycle_0031.pt,runs\models_9x9_heads\best.pt,runs\models_9x9_scratch\checkpoints\cycle_0031.pt,p1_win,1.0,45
557,runs\models_9x9_heads\best.pt,runs\models_9x9_scratch\checkpoints\cycle_0031.pt,runs\models_9x9_heads\best.pt,runs\models_9x9_scratch\checkpoints\cycle_0031.pt,p1_win,1.0,43
558,runs\models_9x9_heads\best.pt,runs\models_9x9_scratch\checkpoints\cycle_0031.pt,runs\models_9x9_heads\best.pt,runs\models_9x9_scratch\checkpoints\cycle_0031.pt,p1_win,1.0,43
559,runs\models_9x9_heads\best.pt,runs\models_9x9_scratch\checkpoints\cycle_0031.pt,runs\models_9x9_heads\best.pt,runs\models_9x9_scratch\checkpoints\cycle_0031.pt,p1_win,1.0,45
560,runs\models_9x9_heads\best.pt,runs\models_9x9_scratch\checkpoints\cycle_0031.pt,runs\models_9x9_scratch\checkpoints\cycle_0031.pt,runs\models_9x9_heads\best.pt,p2_win,1.0,44
561,runs\models_9x9_heads\best.pt,runs\models_9x9_scratch\checkpoints\cycle_0031.pt,runs\models_9x9_heads\best.pt,runs\models_9x9_scratch\checkpoints\cycle_0031.pt,p1_win,1.0,45
562,runs\models_9x9_heads\best.pt,runs\models_9x9_scratch\checkpoints\cycle_0031.pt,runs\models_9x9_scratch\checkpoints\cycle_0031.pt,runs\models_9x9_heads\best.pt,p2_win,1.0,44
563,runs\models_9x9_heads\best.pt,runs\models_9x9_scratch\checkpoints\cycle_0031.pt,runs\models_9x9_scratch\checkpoints\cycle_0031.pt,runs\models_9x9_heads\best.pt,p2_win,1.0,44
564,runs\models_9x9_heads\best.pt,runs\models_9x9_scratch\checkpoints\cycle_0031.pt,runs\models_9x9_heads\best.pt,runs\models_9x9_scratch\checkpoints\cycle_0031.pt,p1_win,1.0,47
565,runs\models_9x9_heads\best.pt,runs\models_9x9_scratch\checkpoints\cycle_0031.pt,runs\models_9x9_heads\best.pt,runs\models_9x9_scratch\checkpoints\cycle_0031.pt,p1_win,1.0,45
566,runs\models_9x9_heads\best.pt,runs\models_9x9_scratch\checkpoints\cycle_0031.pt,runs\models_9x9_heads\best.pt,runs\models_9x9_scratch\checkpoints\cycle_0031.pt,p1_win,1.0,47
567,runs\models_9x9_heads\best.pt,runs\models_9x9_scratch\checkpoints\cycle_0031.pt,runs\models_9x9_heads\best.pt,runs\models_9x9_scratch\checkpoints\cycle_0031.pt,p1_win,1.0,47
568,runs\models_9x9_heads\best.pt,runs\models_9x9_scratch\checkpoints\cycle_0031.pt,runs\models_9x9_scratch\checkpoints\cycle_0031.pt,runs\models_9x9_heads\best.pt,p2_win,1.0,46
569,runs\models_9x9_heads\best.pt,runs\models_9x9_scratch\checkpoints\cycle_0031.pt,runs\models_9x9_heads\best.pt,runs\models_9x9_scratch\checkpoints\cycle_0031.pt,p1_win,1.0,45
570,runs\models_9x9_heads\best.pt,runs\models_9x9_scratch\checkpoints\cycle_0031.pt,runs\models_9x9_heads\best.pt,runs\models_9x9_scratch\checkpoints\cycle_0031.pt,p1_win,1.0,45
571,runs\models_9x9_heads\best.pt,runs\models_9x9_scratch\checkpoints\cycle_0031.pt,runs\models_9x9_heads\best.pt,runs\models_9x9_scratch\checkpoints\cycle_0031.pt,p1_win,1.0,47
572,runs\models_9x9_heads\best.pt,runs\models_9x9_scratch\checkpoints\cycle_0031.pt,runs\models_9x9_heads\best.pt,runs\models_9x9_scratch\checkpoints\cycle_0031.pt,p1_win,1.0,47
573,runs\models_9x9_heads\best.pt,runs\models_9x9_scratch\checkpoints\cycle_0031.pt,runs\models_9x9_heads\best.pt,runs\models_9x9_scratch\checkpoints\cycle_0031.pt,p1_win,1.0,45
574,runs\models_9x9_heads\best.pt,runs\models_9x9_scratch\checkpoints\cycle_0031.pt,runs\models_9x9_heads\best.pt,runs\models_9x9_scratch\checkpoints\cycle_0031.pt,p1_win,1.0,45
575,runs\models_9x9_heads\best.pt,runs\models_9x9_scratch\checkpoints\cycle_0031.pt,runs\models_9x9_scratch\checkpoints\cycle_0031.pt,runs\models_9x9_heads\best.pt,p2_win,1.0,46
576,runs\models_9x9_heads\best.pt,runs\models_9x9_scratch\checkpoints\cycle_0031.pt,runs\models_9x9_scratch\checkpoints\cycle_0031.pt,runs\models_9x9_heads\best.pt,p2_win,1.0,44
577,runs\models_9x9_heads\best.pt,runs\models_9x9_scratch\checkpoints\cycle_0031.pt,runs\models_9x9_heads\best.pt,runs\models_9x9_scratch\checkpoints\cycle_0031.pt,p1_win,1.0,45
578,runs\models_9x9_heads\best.pt,runs\models_9x9_scratch\checkpoints\cycle_0031.pt,runs\models_9x9_heads\best.pt,runs\models_9x9_scratch\checkpoints\cycle_0031.pt,p1_win,1.0,47
579,runs\models_9x9_heads\best.pt,runs\models_9x9_scratch\checkpoints\cycle_0031.pt,runs\models_9x9_heads\best.pt,runs\models_9x9_scratch\checkpoints\cycle_0031.pt,p1_win,1.0,45
580,runs\models_9x9_heads\best.pt,runs\models_9x9_scratch\checkpoints\cycle_0031.pt,runs\models_9x9_scratch\checkpoints\cycle_0031.pt,runs\models_9x9_heads\best.pt,p2_win,1.0,46
581,runs\models_9x9_heads\best.pt,runs\models_9x9_scratch\checkpoints\cycle_0031.pt,runs\models_9x9_scratch\checkpoints\cycle_0031.pt,runs\models_9x9_heads\best.pt,p2_win,1.0,46
582,runs\models_9x9_heads\best.pt,runs\models_9x9_scratch\checkpoints\cycle_0031.pt,runs\models_9x9_heads\best.pt,runs\models_9x9_scratch\checkpoints\cycle_0031.pt,p1_win,1.0,47
583,runs\models_9x9_heads\best.pt,runs\models_9x9_scratch\checkpoints\cycle_0031.pt,runs\models_9x9_heads\best.pt,runs\models_9x9_scratch\checkpoints\cycle_0031.pt,p1_win,1.0,45
584,runs\models_9x9_heads\best.pt,runs\models_9x9_scratch\checkpoints\cycle_0031.pt,runs\models_9x9_heads\best.pt,runs\models_9x9_scratch\checkpoints\cycle_0031.pt,p1_win,1.0,45
585,runs\models_9x9_heads\best.pt,runs\models_9x9_scratch\checkpoints\cycle_0031.pt,runs\models_9x9_heads\best.pt,runs\models_9x9_scratch\checkpoints\cycle_0031.pt,p1_win,1.0,45
586,runs\models_9x9_heads\best.pt,runs\models_9x9_scratch\checkpoints\cycle_0031.pt,runs\models_9x9_heads\best.pt,runs\models_9x9_scratch\checkpoints\cycle_0031.pt,p1_win,1.0,47
587,runs\models_9x9_heads\best.pt,runs\models_9x9_scratch\checkpoints\cycle_0031.pt,runs\models_9x9_scratch\checkpoints\cycle_0031.pt,runs\models_9x9_heads\best.pt,p2_win,1.0,46
588,runs\models_9x9_heads\best.pt,runs\models_9x9_scratch\checkpoints\cycle_0031.pt,runs\models_9x9_heads\best.pt,runs\models_9x9_scratch\checkpoints\cycle_0031.pt,p1_win,1.0,47
589,runs\models_9x9_heads\best.pt,runs\models_9x9_scratch\checkpoints\cycle_0031.pt,runs\models_9x9_scratch\checkpoints\cycle_0031.pt,runs\models_9x9_heads\best.pt,p2_win,1.0,48
590,runs\models_9x9_heads\best.pt,runs\models_9x9_scratch\checkpoints\cycle_0031.pt,runs\models_9x9_heads\best.pt,runs\models_9x9_scratch\checkpoints\cycle_0031.pt,p1_win,1.0,47
591,runs\models_9x9_heads\best.pt,runs\models_9x9_scratch\checkpoints\cycle_0031.pt,runs\models_9x9_heads\best.pt,runs\models_9x9_scratch\checkpoints\cycle_0031.pt,p1_win,1.0,47
592,runs\models_9x9_heads\best.pt,runs\models_9x9_scratch\checkpoints\cycle_0031.pt,runs\models_9x9_heads\best.pt,runs\models_9x9_scratch\checkpoints\cycle_0031.pt,p1_win,1.0,45
593,runs\models_9x9_heads\best.pt,runs\models_9x9_scratch\checkpoints\cycle_0031.pt,runs\models_9x9_heads\best.pt,runs\models_9x9_scratch\checkpoints\cycle_0031.pt,p1_win,1.0,47
594,runs\models_9x9_heads\best.pt,runs\models_9x9_scratch\checkpoints\cycle_0031.pt,runs\models_9x9_heads\best.pt,runs\models_9x9_scratch\checkpoints\cycle_0031.pt,p1_win,1.0,47
595,runs\models_9x9_heads\best.pt,runs\models_9x9_scratch\checkpoints\cycle_0031.pt,runs\models_9x9_scratch\checkpoints\cycle_0031.pt,runs\models_9x9_heads\best.pt,p2_win,1.0,46
596,runs\models_9x9_heads\best.pt,runs\models_9x9_scratch\checkpoints\cycle_0031.pt,runs\models_9x9_scratch\checkpoints\cycle_0031.pt,runs\models_9x9_heads\best.pt,p2_win,1.0,46
597,runs\models_9x9_heads\best.pt,runs\models_9x9_scratch\checkpoints\cycle_0031.pt,runs\models_9x9_heads\best.pt,runs\models_9x9_scratch\checkpoints\cycle_0031.pt,p1_win,1.0,47
598,runs\models_9x9_heads\best.pt,runs\models_9x9_scratch\checkpoints\cycle_0031.pt,runs\models_9x9_scratch\checkpoints\cycle_0031.pt,runs\models_9x9_heads\best.pt,p2_win,1.0,46
599,runs\models_9x9_heads\best.pt,runs\models_9x9_scratch\checkpoints\cycle_0031.pt,runs\models_9x9_scratch\checkpoints\cycle_0031.pt,runs\models_9x9_heads\best.pt,p2_win,1.0,48
600,runs\models_9x9_heads\best.pt,runs\models_9x9_scratch\checkpoints\cycle_0031.pt,runs\models_9x9_heads\best.pt,runs\models_9x9_scratch\checkpoints\cycle_0031.pt,p1_win,1.0,47
601,runs\models_9x9_heads\best.pt,runs\models_9x9_scratch\checkpoints\cycle_0031.pt,runs\models_9x9_heads\best.pt,runs\models_9x9_scratch\checkpoints\cycle_0031.pt,p1_win,1.0,47
602,runs\models_9x9_heads\best.pt,runs\models_9x9_scratch\checkpoints\cycle_0031.pt,runs\models_9x9_heads\best.pt,runs\models_9x9_scratch\checkpoints\cycle_0031.pt,p1_win,1.0,47
603,runs\models_9x9_heads\best.pt,runs\models_9x9_scratch\checkpoints\cycle_0031.pt,runs\models_9x9_heads\best.pt,runs\models_9x9_scratch\checkpoints\cycle_0031.pt,p1_win,1.0,47
604,runs\models_9x9_heads\best.pt,runs\models_9x9_scratch\checkpoints\cycle_0031.pt,runs\models_9x9_heads\best.pt,runs\models_9x9_scratch\checkpoints\cycle_0031.pt,p1_win,1.0,53
605,runs\models_9x9_heads\best.pt,runs\models_9x9_scratch\checkpoints\cycle_0031.pt,runs\models_9x9_heads\best.pt,runs\models_9x9_scratch\checkpoints\cycle_0031.pt,p1_win,1.0,47
606,runs\models_9x9_heads\best.pt,runs\models_9x9_scratch\checkpoints\cycle_0031.pt,runs\models_9x9_scratch\checkpoints\cycle_0031.pt,runs\models_9x9_heads\best.pt,p2_win,1.0,48
607,runs\models_9x9_heads\best.pt,runs\models_9x9_scratch\checkpoints\cycle_0031.pt,runs\models_9x9_scratch\checkpoints\cycle_0031.pt,runs\models_9x9_heads\best.pt,p2_win,1.0,50
608,runs\models_9x9_heads\best.pt,runs\models_9x9_scratch\checkpoints\cycle_0031.pt,runs\models_9x9_heads\best.pt,runs\models_9x9_scratch\checkpoints\cycle_0031.pt,p1_win,1.0,47
609,runs\models_9x9_heads\best.pt,runs\models_9x9_scratch\checkpoints\cycle_0031.pt,runs\models_9x9_scratch\checkpoints\cycle_0031.pt,runs\models_9x9_heads\best.pt,p2_win,1.0,48
610,runs\models_9x9_heads\best.pt,runs\models_9x9_scratch\checkpoints\cycle_0031.pt,runs\models_9x9_scratch\checkpoints\cycle_0031.pt,runs\models_9x9_heads\best.pt,p2_win,1.0,48
611,runs\models_9x9_heads\best.pt,runs\models_9x9_scratch\checkpoints\cycle_0031.pt,runs\models_9x9_heads\best.pt,runs\models_9x9_scratch\checkpoints\cycle_0031.pt,p1_win,1.0,49
612,runs\models_9x9_heads\best.pt,runs\models_9x9_scratch\checkpoints\cycle_0031.pt,runs\models_9x9_heads\best.pt,runs\models_9x9_scratch\checkpoints\cycle_0031.pt,p1_win,1.0,47
613,runs\models_9x9_heads\best.pt,runs\models_9x9_scratch\checkpoints\cycle_0031.pt,runs\models_9x9_scratch\checkpoints\cycle_0031.pt,runs\models_9x9_heads\best.pt,p2_win,1.0,48
614,runs\models_9x9_heads\best.pt,runs\models_9x9_scratch\checkpoints\cycle_0031.pt,runs\models_9x9_heads\best.pt,runs\models_9x9_scratch\checkpoints\cycle_0031.pt,p1_win,1.0,47
615,runs\models_9x9_heads\best.pt,runs\models_9x9_scratch\checkpoints\cycle_0031.pt,runs\models_9x9_heads\best.pt,runs\models_9x9_scratch\checkpoints\cycle_0031.pt,p1_win,1.0,51
616,runs\models_9x9_heads\best.pt,runs\models_9x9_scratch\checkpoints\cycle_0031.pt,runs\models_9x9_heads\best.pt,runs\models_9x9_scratch\checkpoints\cycle_0031.pt,p1_win,1.0,49
617,runs\models_9x9_heads\best.pt,runs\models_9x9_scratch\checkpoints\cycle_0031.pt,runs\models_9x9_scratch\checkpoints\cycle_0031.pt,runs\models_9x9_heads\best.pt,p2_win,1.0,48
618,runs\models_9x9_heads\best.pt,runs\models_9x9_scratch\checkpoints\cycle_0031.pt,runs\models_9x9_scratch\checkpoints\cycle_0031.pt,runs\models_9x9_heads\best.pt,p2_win,1.0,48
619,runs\models_9x9_heads\best.pt,runs\models_9x9_scratch\checkpoints\cycle_0031.pt,runs\models_9x9_heads\best.pt,runs\models_9x9_scratch\checkpoints\cycle_0031.pt,p1_win,1.0,47
620,runs\models_9x9_heads\best.pt,runs\models_9x9_scratch\checkpoints\cycle_0031.pt,runs\models_9x9_heads\best.pt,runs\models_9x9_scratch\checkpoints\cycle_0031.pt,p1_win,1.0,47
621,runs\models_9x9_heads\best.pt,runs\models_9x9_scratch\checkpoints\cycle_0031.pt,runs\models_9x9_heads\best.pt,runs\models_9x9_scratch\checkpoints\cycle_0031.pt,p1_win,1.0,51
622,runs\models_9x9_heads\best.pt,runs\models_9x9_scratch\checkpoints\cycle_0031.pt,runs\models_9x9_heads\best.pt,runs\models_9x9_scratch\checkpoints\cycle_0031.pt,p1_win,1.0,51
623,runs\models_9x9_heads\best.pt,runs\models_9x9_scratch\checkpoints\cycle_0031.pt,runs\models_9x9_heads\best.pt,runs\models_9x9_scratch\checkpoints\cycle_0031.pt,p1_win,1.0,47
624,runs\models_9x9_heads\best.pt,runs\models_9x9_scratch\checkpoints\cycle_0031.pt,runs\models_9x9_heads\best.pt,runs\models_9x9_scratch\checkpoints\cycle_0031.pt,p1_win,1.0,49
625,runs\models_9x9_heads\best.pt,runs\models_9x9_scratch\checkpoints\cycle_0031.pt,runs\models_9x9_heads\best.pt,runs\models_9x9_scratch\checkpoints\cycle_0031.pt,p1_win,1.0,47
626,runs\models_9x9_heads\best.pt,runs\models_9x9_scratch\checkpoints\cycle_0031.pt,runs\models_9x9_heads\best.pt,runs\models_9x9_scratch\checkpoints\cycle_0031.pt,p1_win,1.0,51
627,runs\models_9x9_heads\best.pt,runs\models_9x9_scratch\checkpoints\cycle_0031.pt,runs\models_9x9_scratch\checkpoints\cycle_0031.pt,runs\models_9x9_heads\best.pt,p2_win,1.0,48
628,runs\models_9x9_heads\best.pt,runs\models_9x9_scratch\checkpoints\cycle_0031.pt,runs\models_9x9_heads\best.pt,runs\models_9x9_scratch\checkpoints\cycle_0031.pt,p1_win,1.0,49
629,runs\models_9x9_heads\best.pt,runs\models_9x9_scratch\checkpoints\cycle_0031.pt,runs\models_9x9_heads\best.pt,runs\models_9x9_scratch\checkpoints\cycle_0031.pt,p1_win,1.0,51
630,runs\models_9x9_heads\best.pt,runs\models_9x9_scratch\checkpoints\cycle_0031.pt,runs\models_9x9_heads\best.pt,runs\models_9x9_scratch\checkpoints\cycle_0031.pt,p1_win,1.0,47
631,runs\models_9x9_heads\best.pt,runs\models_9x9_scratch\checkpoints\cycle_0031.pt,runs\models_9x9_scratch\checkpoints\cycle_0031.pt,runs\models_9x9_heads\best.pt,p2_win,1.0,48
632,runs\models_9x9_heads\best.pt,runs\models_9x9_scratch\checkpoints\cycle_0031.pt,runs\models_9x9_scratch\checkpoints\cycle_0031.pt,runs\models_9x9_heads\best.pt,p2_win,1.0,48
633,runs\models_9x9_heads\best.pt,runs\models_9x9_scratch\checkpoints\cycle_0031.pt,runs\models_9x9_heads\best.pt,runs\models_9x9_scratch\checkpoints\cycle_0031.pt,p1_win,1.0,51
634,runs\models_9x9_heads\best.pt,runs\models_9x9_scratch\checkpoints\cycle_0031.pt,runs\models_9x9_scratch\checkpoints\cycle_0031.pt,runs\models_9x9_heads\best.pt,p2_win,1.0,48
635,runs\models_9x9_heads\best.pt,runs\models_9x9_scratch\checkpoints\cycle_0031.pt,runs\models_9x9_heads\best.pt,runs\models_9x9_scratch\checkpoints\cycle_0031.pt,p1_win,1.0,51
636,runs\models_9x9_heads\best.pt,runs\models_9x9_scratch\checkpoints\cycle_0031.pt,runs\models_9x9_heads\best.pt,runs\models_9x9_scratch\checkpoints\cycle_0031.pt,p1_win,1.0,49
637,runs\models_9x9_heads\best.pt,runs\models_9x9_scratch\checkpoints\cycle_0031.pt,runs\models_9x9_heads\best.pt,runs\models_9x9_scratch\checkpoints\cycle_0031.pt,p1_win,1.0,51
638,runs\models_9x9_heads\best.pt,runs\models_9x9_scratch\checkpoints\cycle_0031.pt,runs\models_9x9_heads\best.pt,runs\models_9x9_scratch\checkpoints\cycle_0031.pt,p1_win,1.0,51
639,runs\models_9x9_heads\best.pt,runs\models_9x9_scratch\checkpoints\cycle_0031.pt,runs\models_9x9_scratch\checkpoints\cycle_0031.pt,runs\models_9x9_heads\best.pt,p2_win,1.0,50
640,runs\models_9x9_heads\best.pt,runs\models_9x9_scratch\checkpoints\cycle_0031.pt,runs\models_9x9_scratch\checkpoints\cycle_0031.pt,runs\models_9x9_heads\best.pt,p2_win,1.0,50
641,runs\models_9x9_heads\best.pt,runs\models_9x9_scratch\checkpoints\cycle_0031.pt,runs\models_9x9_heads\best.pt,runs\models_9x9_scratch\checkpoints\cycle_0031.pt,p1_win,1.0,51
642,runs\models_9x9_heads\best.pt,runs\models_9x9_scratch\checkpoints\cycle_0031.pt,runs\models_9x9_scratch\checkpoints\cycle_0031.pt,runs\models_9x9_heads\best.pt,p2_win,1.0,50
643,runs\models_9x9_heads\best.pt,runs\models_9x9_scratch\checkpoints\cycle_0031.pt,runs\models_9x9_heads\best.pt,runs\models_9x9_scratch\checkpoints\cycle_0031.pt,p1_win,1.0,49
644,runs\models_9x9_heads\best.pt,runs\models_9x9_scratch\checkpoints\cycle_0031.pt,runs\models_9x9_heads\best.pt,runs\models_9x9_scratch\checkpoints\cycle_0031.pt,p1_win,1.0,49
645,runs\models_9x9_heads\best.pt,runs\models_9x9_scratch\checkpoints\cycle_0031.pt,runs\models_9x9_heads\best.pt,runs\models_9x9_scratch\checkpoints\cycle_0031.pt,p1_win,1.0,53
646,runs\models_9x9_heads\best.pt,runs\models_9x9_scratch\checkpoints\cycle_0031.pt,runs\models_9x9_heads\best.pt,runs\models_9x9_scratch\checkpoints\cycle_0031.pt,p1_win,1.0,49
647,runs\models_9x9_heads\best.pt,runs\models_9x9_scratch\checkpoints\cycle_0031.pt,runs\models_9x9_scratch\checkpoints\cycle_0031.pt,runs\models_9x9_heads\best.pt,p2_win,1.0,50
648,runs\models_9x9_heads\best.pt,runs\models_9x9_scratch\checkpoints\cycle_0031.pt,runs\models_9x9_scratch\checkpoints\cycle_0031.pt,runs\models_9x9_heads\best.pt,p2_win,1.0,50
649,runs\models_9x9_heads\best.pt,runs\models_9x9_scratch\checkpoints\cycle_0031.pt,runs\models_9x9_heads\best.pt,runs\models_9x9_scratch\checkpoints\cycle_0031.pt,p1_win,1.0,51
650,runs\models_9x9_heads\best.pt,runs\models_9x9_scratch\checkpoints\cycle_0031.pt,runs\models_9x9_scratch\checkpoints\cycle_0031.pt,runs\models_9x9_heads\best.pt,p2_win,1.0,50
651,runs\models_9x9_heads\best.pt,runs\models_9x9_scratch\checkpoints\cycle_0031.pt,runs\models_9x9_scratch\checkpoints\cycle_0031.pt,runs\models_9x9_heads\best.pt,p2_win,1.0,50
652,runs\models_9x9_heads\best.pt,runs\models_9x9_scratch\checkpoints\cycle_0031.pt,runs\models_9x9_scratch\checkpoints\cycle_0031.pt,runs\models_9x9_heads\best.pt,p2_win,1.0,52
653,runs\models_9x9_heads\best.pt,runs\models_9x9_scratch\checkpoints\cycle_0031.pt,runs\models_9x9_scratch\checkpoints\cycle_0031.pt,runs\models_9x9_heads\best.pt,p2_win,1.0,52
654,runs\models_9x9_heads\best.pt,runs\models_9x9_scratch\checkpoints\cycle_0031.pt,runs\models_9x9_scratch\checkpoints\cycle_0031.pt,runs\models_9x9_heads\best.pt,p2_win,1.0,52
655,runs\models_9x9_heads\best.pt,runs\models_9x9_scratch\checkpoints\cycle_0031.pt,runs\models_9x9_scratch\checkpoints\cycle_0031.pt,runs\models_9x9_heads\best.pt,p2_win,1.0,50
656,runs\models_9x9_heads\best.pt,runs\models_9x9_scratch\checkpoints\cycle_0031.pt,runs\models_9x9_scratch\checkpoints\cycle_0031.pt,runs\models_9x9_heads\best.pt,p2_win,1.0,50
657,runs\models_9x9_heads\best.pt,runs\models_9x9_scratch\checkpoints\cycle_0031.pt,runs\models_9x9_scratch\checkpoints\cycle_0031.pt,runs\models_9x9_heads\best.pt,p2_win,1.0,50
658,runs\models_9x9_heads\best.pt,runs\models_9x9_scratch\checkpoints\cycle_0031.pt,runs\models_9x9_heads\best.pt,runs\models_9x9_scratch\checkpoints\cycle_0031.pt,p1_win,1.0,51
659,runs\models_9x9_heads\best.pt,runs\models_9x9_scratch\checkpoints\cycle_0031.pt,runs\models_9x9_scratch\checkpoints\cycle_0031.pt,runs\models_9x9_heads\best.pt,p2_win,1.0,50
660,runs\models_9x9_heads\best.pt,runs\models_9x9_scratch\checkpoints\cycle_0031.pt,runs\models_9x9_heads\best.pt,runs\models_9x9_scratch\checkpoints\cycle_0031.pt,p2_win,0.0,60
661,runs\models_9x9_heads\best.pt,runs\models_9x9_scratch\checkpoints\cycle_0031.pt,runs\models_9x9_scratch\checkpoints\cycle_0031.pt,runs\models_9x9_heads\best.pt,p2_win,1.0,50
662,runs\models_9x9_heads\best.pt,runs\models_9x9_scratch\checkpoints\cycle_0031.pt,runs\models_9x9_scratch\checkpoints\cycle_0031.pt,runs\models_9x9_heads\best.pt,p2_win,1.0,52
663,runs\models_9x9_heads\best.pt,runs\models_9x9_scratch\checkpoints\cycle_0031.pt,runs\models_9x9_heads\best.pt,runs\models_9x9_scratch\checkpoints\cycle_0031.pt,p1_win,1.0,51
664,runs\models_9x9_heads\best.pt,runs\models_9x9_scratch\checkpoints\cycle_0031.pt,runs\models_9x9_heads\best.pt,runs\models_9x9_scratch\checkpoints\cycle_0031.pt,p1_win,1.0,51
665,runs\models_9x9_heads\best.pt,runs\models_9x9_scratch\checkpoints\cycle_0031.pt,runs\models_9x9_heads\best.pt,runs\models_9x9_scratch\checkpoints\cycle_0031.pt,p1_win,1.0,55
666,runs\models_9x9_heads\best.pt,runs\models_9x9_scratch\checkpoints\cycle_0031.pt,runs\models_9x9_heads\best.pt,runs\models_9x9_scratch\checkpoints\cycle_0031.pt,p1_win,1.0,51
667,runs\models_9x9_heads\best.pt,runs\models_9x9_scratch\checkpoints\cycle_0031.pt,runs\models_9x9_heads\best.pt,runs\models_9x9_scratch\checkpoints\cycle_0031.pt,p1_win,1.0,55
668,runs\models_9x9_heads\best.pt,runs\models_9x9_scratch\checkpoints\cycle_0031.pt,runs\models_9x9_heads\best.pt,runs\models_9x9_scratch\checkpoints\cycle_0031.pt,p1_win,1.0,51
669,runs\models_9x9_heads\best.pt,runs\models_9x9_scratch\checkpoints\cycle_0031.pt,runs\models_9x9_heads\best.pt,runs\models_9x9_scratch\checkpoints\cycle_0031.pt,p1_win,1.0,53
670,runs\models_9x9_heads\best.pt,runs\models_9x9_scratch\checkpoints\cycle_0031.pt,runs\models_9x9_heads\best.pt,runs\models_9x9_scratch\checkpoints\cycle_0031.pt,p1_win,1.0,55
671,runs\models_9x9_heads\best.pt,runs\models_9x9_scratch\checkpoints\cycle_0031.pt,runs\models_9x9_heads\best.pt,runs\models_9x9_scratch\checkpoints\cycle_0031.pt,p1_win,1.0,53
672,runs\models_9x9_heads\best.pt,runs\models_9x9_scratch\checkpoints\cycle_0031.pt,runs\models_9x9_heads\best.pt,runs\models_9x9_scratch\checkpoints\cycle_0031.pt,p1_win,1.0,53
673,runs\models_9x9_heads\best.pt,runs\models_9x9_scratch\checkpoints\cycle_0031.pt,runs\models_9x9_heads\best.pt,runs\models_9x9_scratch\checkpoints\cycle_0031.pt,p1_win,1.0,53
674,runs\models_9x9_heads\best.pt,runs\models_9x9_scratch\checkpoints\cycle_0031.pt,runs\models_9x9_scratch\checkpoints\cycle_0031.pt,runs\models_9x9_heads\best.pt,p2_win,1.0,52
675,runs\models_9x9_heads\best.pt,runs\models_9x9_scratch\checkpoints\cycle_0031.pt,runs\models_9x9_heads\best.pt,runs\models_9x9_scratch\checkpoints\cycle_0031.pt,p1_win,1.0,55
676,runs\models_9x9_heads\best.pt,runs\models_9x9_scratch\checkpoints\cycle_0031.pt,runs\models_9x9_scratch\checkpoints\cycle_0031.pt,runs\models_9x9_heads\best.pt,p2_win,1.0,52
677,runs\models_9x9_heads\best.pt,runs\models_9x9_scratch\checkpoints\cycle_0031.pt,runs\models_9x9_heads\best.pt,runs\models_9x9_scratch\checkpoints\cycle_0031.pt,p1_win,1.0,51
678,runs\models_9x9_heads\best.pt,runs\models_9x9_scratch\checkpoints\cycle_0031.pt,runs\models_9x9_scratch\checkpoints\cycle_0031.pt,runs\models_9x9_heads\best.pt,p2_win,1.0,52
679,runs\models_9x9_heads\best.pt,runs\models_9x9_scratch\checkpoints\cycle_0031.pt,runs\models_9x9_heads\best.pt,runs\models_9x9_scratch\checkpoints\cycle_0031.pt,p1_win,1.0,55
680,runs\models_9x9_heads\best.pt,runs\models_9x9_scratch\checkpoints\cycle_0031.pt,runs\models_9x9_scratch\checkpoints\cycle_0031.pt,runs\models_9x9_heads\best.pt,p2_win,1.0,52
681,runs\models_9x9_heads\best.pt,runs\models_9x9_scratch\checkpoints\cycle_0031.pt,runs\models_9x9_scratch\checkpoints\cycle_0031.pt,runs\models_9x9_heads\best.pt,p2_win,1.0,52
682,runs\models_9x9_heads\best.pt,runs\models_9x9_scratch\checkpoints\cycle_0031.pt,runs\models_9x9_heads\best.pt,runs\models_9x9_scratch\checkpoints\cycle_0031.pt,p1_win,1.0,51
683,runs\models_9x9_heads\best.pt,runs\models_9x9_scratch\checkpoints\cycle_0031.pt,runs\models_9x9_scratch\checkpoints\cycle_0031.pt,runs\models_9x9_heads\best.pt,p2_win,1.0,52
684,runs\models_9x9_heads\best.pt,runs\models_9x9_scratch\checkpoints\cycle_0031.pt,runs\models_9x9_scratch\checkpoints\cycle_0031.pt,runs\models_9x9_heads\best.pt,p2_win,1.0,54
685,runs\models_9x9_heads\best.pt,runs\models_9x9_scratch\checkpoints\cycle_0031.pt,runs\models_9x9_heads\best.pt,runs\models_9x9_scratch\checkpoints\cycle_0031.pt,p1_win,1.0,55
686,runs\models_9x9_heads\best.pt,runs\models_9x9_scratch\checkpoints\cycle_0031.pt,runs\models_9x9_heads\best.pt,runs\models_9x9_scratch\checkpoints\cycle_0031.pt,p1_win,1.0,53
687,runs\models_9x9_heads\best.pt,runs\models_9x9_scratch\checkpoints\cycle_0031.pt,runs\models_9x9_scratch\checkpoints\cycle_0031.pt,runs\models_9x9_heads\best.pt,p2_win,1.0,52
688,runs\models_9x9_heads\best.pt,runs\models_9x9_scratch\checkpoints\cycle_0031.pt,runs\models_9x9_scratch\checkpoints\cycle_0031.pt,runs\models_9x9_heads\best.pt,p2_win,1.0,52
689,runs\models_9x9_heads\best.pt,runs\models_9x9_scratch\checkpoints\cycle_0031.pt,runs\models_9x9_heads\best.pt,runs\models_9x9_scratch\checkpoints\cycle_0031.pt,p1_win,1.0,51
690,runs\models_9x9_heads\best.pt,runs\models_9x9_scratch\checkpoints\cycle_0031.pt,runs\models_9x9_scratch\checkpoints\cycle_0031.pt,runs\models_9x9_heads\best.pt,p2_win,1.0,52
691,runs\models_9x9_heads\best.pt,runs\models_9x9_scratch\checkpoints\cycle_0031.pt,runs\models_9x9_heads\best.pt,runs\models_9x9_scratch\checkpoints\cycle_0031.pt,p1_win,1.0,51
692,runs\models_9x9_heads\best.pt,runs\models_9x9_scratch\checkpoints\cycle_0031.pt,runs\models_9x9_scratch\checkpoints\cycle_0031.pt,runs\models_9x9_heads\best.pt,p2_win,1.0,52
693,runs\models_9x9_heads\best.pt,runs\models_9x9_scratch\checkpoints\cycle_0031.pt,runs\models_9x9_scratch\checkpoints\cycle_0031.pt,runs\models_9x9_heads\best.pt,p2_win,1.0,54
694,runs\models_9x9_heads\best.pt,runs\models_9x9_scratch\checkpoints\cycle_0031.pt,runs\models_9x9_heads\best.pt,runs\models_9x9_scratch\checkpoints\cycle_0031.pt,p1_win,1.0,55
695,runs\models_9x9_heads\best.pt,runs\models_9x9_scratch\checkpoints\cycle_0031.pt,runs\models_9x9_scratch\checkpoints\cycle_0031.pt,runs\models_9x9_heads\best.pt,p2_win,1.0,52
696,runs\models_9x9_heads\best.pt,runs\models_9x9_scratch\checkpoints\cycle_0031.pt,runs\models_9x9_scratch\checkpoints\cycle_0031.pt,runs\models_9x9_heads\best.pt,p2_win,1.0,52
697,runs\models_9x9_heads\best.pt,runs\models_9x9_scratch\checkpoints\cycle_0031.pt,runs\models_9x9_heads\best.pt,runs\models_9x9_scratch\checkpoints\cycle_0031.pt,p1_win,1.0,53
698,runs\models_9x9_heads\best.pt,runs\models_9x9_scratch\checkpoints\cycle_0031.pt,runs\models_9x9_scratch\checkpoints\cycle_0031.pt,runs\models_9x9_heads\best.pt,p2_win,1.0,52
699,runs\models_9x9_heads\best.pt,runs\models_9x9_scratch\checkpoints\cycle_0031.pt,runs\models_9x9_scratch\checkpoints\cycle_0031.pt,runs\models_9x9_heads\best.pt,p2_win,1.0,52
700,runs\models_9x9_heads\best.pt,runs\models_9x9_scratch\checkpoints\cycle_0031.pt,runs\models_9x9_heads\best.pt,runs\models_9x9_scratch\checkpoints\cycle_0031.pt,p1_win,1.0,53
701,runs\models_9x9_heads\best.pt,runs\models_9x9_scratch\checkpoints\cycle_0031.pt,runs\models_9x9_heads\best.pt,runs\models_9x9_scratch\checkpoints\cycle_0031.pt,p1_win,1.0,55
702,runs\models_9x9_heads\best.pt,runs\models_9x9_scratch\checkpoints\cycle_0031.pt,runs\models_9x9_heads\best.pt,runs\models_9x9_scratch\checkpoints\cycle_0031.pt,p1_win,1.0,53
703,runs\models_9x9_heads\best.pt,runs\models_9x9_scratch\checkpoints\cycle_0031.pt,runs\models_9x9_heads\best.pt,runs\models_9x9_scratch\checkpoints\cycle_0031.pt,p1_win,1.0,53
704,runs\models_9x9_heads\best.pt,runs\models_9x9_scratch\checkpoints\cycle_0031.pt,runs\models_9x9_heads\best.pt,runs\models_9x9_scratch\checkpoints\cycle_0031.pt,p1_win,1.0,55
705,runs\models_9x9_heads\best.pt,runs\models_9x9_scratch\checkpoints\cycle_0031.pt,runs\models_9x9_heads\best.pt,runs\models_9x9_scratch\checkpoints\cycle_0031.pt,p1_win,1.0,53
706,runs\models_9x9_heads\best.pt,runs\models_9x9_scratch\checkpoints\cycle_0031.pt,runs\models_9x9_heads\best.pt,runs\models_9x9_scratch\checkpoints\cycle_0031.pt,p1_win,1.0,55
707,runs\models_9x9_heads\best.pt,runs\models_9x9_scratch\checkpoints\cycle_0031.pt,runs\models_9x9_scratch\checkpoints\cycle_0031.pt,runs\models_9x9_heads\best.pt,p2_win,1.0,52
708,runs\models_9x9_heads\best.pt,runs\models_9x9_scratch\checkpoints\cycle_0031.pt,runs\models_9x9_scratch\checkpoints\cycle_0031.pt,runs\models_9x9_heads\best.pt,p2_win,1.0,54
709,runs\models_9x9_heads\best.pt,runs\models_9x9_scratch\checkpoints\cycle_0031.pt,runs\models_9x9_scratch\checkpoints\cycle_0031.pt,runs\models_9x9_heads\best.pt,p2_win,1.0,56
710,runs\models_9x9_heads\best.pt,runs\models_9x9_scratch\checkpoints\cycle_0031.pt,runs\models_9x9_scratch\checkpoints\cycle_0031.pt,runs\models_9x9_heads\best.pt,p2_win,1.0,54
711,runs\models_9x9_heads\best.pt,runs\models_9x9_scratch\checkpoints\cycle_0031.pt,runs\models_9x9_heads\best.pt,runs\models_9x9_scratch\checkpoints\cycle_0031.pt,p1_win,1.0,53
712,runs\models_9x9_heads\best.pt,runs\models_9x9_scratch\checkpoints\cycle_0031.pt,runs\models_9x9_scratch\checkpoints\cycle_0031.pt,runs\models_9x9_heads\best.pt,p2_win,1.0,54
713,runs\models_9x9_heads\best.pt,runs\models_9x9_scratch\checkpoints\cycle_0031.pt,runs\models_9x9_heads\best.pt,runs\models_9x9_scratch\checkpoints\cycle_0031.pt,p1_win,1.0,53
714,runs\models_9x9_heads\best.pt,runs\models_9x9_scratch\checkpoints\cycle_0031.pt,runs\models_9x9_heads\best.pt,runs\models_9x9_scratch\checkpoints\cycle_0031.pt,p1_win,1.0,55
715,runs\models_9x9_heads\best.pt,runs\models_9x9_scratch\checkpoints\cycle_0031.pt,runs\models_9x9_scratch\checkpoints\cycle_0031.pt,runs\models_9x9_heads\best.pt,p2_win,1.0,58
716,runs\models_9x9_heads\best.pt,runs\models_9x9_scratch\checkpoints\cycle_0031.pt,runs\models_9x9_heads\best.pt,runs\models_9x9_scratch\checkpoints\cycle_0031.pt,p1_win,1.0,53
717,runs\models_9x9_heads\best.pt,runs\models_9x9_scratch\checkpoints\cycle_0031.pt,runs\models_9x9_scratch\checkpoints\cycle_0031.pt,runs\models_9x9_heads\best.pt,p2_win,1.0,54
718,runs\models_9x9_heads\best.pt,runs\models_9x9_scratch\checkpoints\cycle_0031.pt,runs\models_9x9_scratch\checkpoints\cycle_0031.pt,runs\models_9x9_heads\best.pt,p2_win,1.0,54
719,runs\models_9x9_heads\best.pt,runs\models_9x9_scratch\checkpoints\cycle_0031.pt,runs\models_9x9_heads\best.pt,runs\models_9x9_scratch\checkpoints\cycle_0031.pt,p1_win,1.0,55
720,runs\models_9x9_heads\best.pt,runs\models_9x9_scratch\checkpoints\cycle_0031.pt,runs\models_9x9_scratch\checkpoints\cycle_0031.pt,runs\models_9x9_heads\best.pt,p2_win,1.0,56
721,runs\models_9x9_heads\best.pt,runs\models_9x9_scratch\checkpoints\cycle_0031.pt,runs\models_9x9_scratch\checkpoints\cycle_0031.pt,runs\models_9x9_heads\best.pt,p2_win,1.0,56
722,runs\models_9x9_heads\best.pt,runs\models_9x9_scratch\checkpoints\cycle_0031.pt,runs\models_9x9_heads\best.pt,runs\models_9x9_scratch\checkpoints\cycle_0031.pt,p1_win,1.0,55
723,runs\models_9x9_heads\best.pt,runs\models_9x9_scratch\checkpoints\cycle_0031.pt,runs\models_9x9_scratch\checkpoints\cycle_0031.pt,runs\models_9x9_heads\best.pt,p2_win,1.0,56
724,runs\models_9x9_heads\best.pt,runs\models_9x9_scratch\checkpoints\cycle_0031.pt,runs\models_9x9_scratch\checkpoints\cycle_0031.pt,runs\models_9x9_heads\best.pt,p2_win,1.0,56
725,runs\models_9x9_heads\best.pt,runs\models_9x9_scratch\checkpoints\cycle_0031.pt,runs\models_9x9_heads\best.pt,runs\models_9x9_scratch\checkpoints\cycle_0031.pt,p1_win,1.0,61
726,runs\models_9x9_heads\best.pt,runs\models_9x9_scratch\checkpoints\cycle_0031.pt,runs\models_9x9_scratch\checkpoints\cycle_0031.pt,runs\models_9x9_heads\best.pt,p2_win,1.0,54
727,runs\models_9x9_heads\best.pt,runs\models_9x9_scratch\checkpoints\cycle_0031.pt,runs\models_9x9_scratch\checkpoints\cycle_0031.pt,runs\models_9x9_heads\best.pt,p2_win,1.0,54
728,runs\models_9x9_heads\best.pt,runs\models_9x9_scratch\checkpoints\cycle_0031.pt,runs\models_9x9_heads\best.pt,runs\models_9x9_scratch\checkpoints\cycle_0031.pt,p1_win,1.0,55
729,runs\models_9x9_heads\best.pt,runs\models_9x9_scratch\checkpoints\cycle_0031.pt,runs\models_9x9_scratch\checkpoints\cycle_0031.pt,runs\models_9x9_heads\best.pt,p2_win,1.0,54
730,runs\models_9x9_heads\best.pt,runs\models_9x9_scratch\checkpoints\cycle_0031.pt,runs\models_9x9_heads\best.pt,runs\models_9x9_scratch\checkpoints\cycle_0031.pt,p1_win,1.0,57
731,runs\models_9x9_heads\best.pt,runs\models_9x9_scratch\checkpoints\cycle_0031.pt,runs\models_9x9_scratch\checkpoints\cycle_0031.pt,runs\models_9x9_heads\best.pt,p2_win,1.0,54
732,runs\models_9x9_heads\best.pt,runs\models_9x9_scratch\checkpoints\cycle_0031.pt,runs\models_9x9_scratch\checkpoints\cycle_0031.pt,runs\models_9x9_heads\best.pt,p2_win,1.0,56
733,runs\models_9x9_heads\best.pt,runs\models_9x9_scratch\checkpoints\cycle_0031.pt,runs\models_9x9_heads\best.pt,runs\models_9x9_scratch\checkpoints\cycle_0031.pt,p1_win,1.0,55
734,runs\models_9x9_heads\best.pt,runs\models_9x9_scratch\checkpoints\cycle_0031.pt,runs\models_9x9_scratch\checkpoints\cycle_0031.pt,runs\models_9x9_heads\best.pt,p2_win,1.0,58
735,runs\models_9x9_heads\best.pt,runs\models_9x9_scratch\checkpoints\cycle_0031.pt,runs\models_9x9_scratch\checkpoints\cycle_0031.pt,runs\models_9x9_heads\best.pt,p2_win,1.0,60
736,runs\models_9x9_heads\best.pt,runs\models_9x9_scratch\checkpoints\cycle_0031.pt,runs\models_9x9_heads\best.pt,runs\models_9x9_scratch\checkpoints\cycle_0031.pt,p1_win,1.0,55
737,runs\models_9x9_heads\best.pt,runs\models_9x9_scratch\checkpoints\cycle_0031.pt,runs\models_9x9_heads\best.pt,runs\models_9x9_scratch\checkpoints\cycle_0031.pt,p1_win,1.0,57
738,runs\models_9x9_heads\best.pt,runs\models_9x9_scratch\checkpoints\cycle_0031.pt,runs\models_9x9_heads\best.pt,runs\models_9x9_scratch\checkpoints\cycle_0031.pt,p1_win,1.0,61
739,runs\models_9x9_heads\best.pt,runs\models_9x9_scratch\checkpoints\cycle_0031.pt,runs\models_9x9_scratch\checkpoints\cycle_0031.pt,runs\models_9x9_heads\best.pt,p2_win,1.0,56
740,runs\models_9x9_heads\best.pt,runs\models_9x9_scratch\checkpoints\cycle_0031.pt,runs\models_9x9_scratch\checkpoints\cycle_0031.pt,runs\models_9x9_heads\best.pt,p2_win,1.0,56
741,runs\models_9x9_heads\best.pt,runs\models_9x9_scratch\checkpoints\cycle_0031.pt,runs\models_9x9_scratch\checkpoints\cycle_0031.pt,runs\models_9x9_heads\best.pt,p2_win,1.0,56
742,runs\models_9x9_heads\best.pt,runs\models_9x9_scratch\checkpoints\cycle_0031.pt,runs\models_9x9_heads\best.pt,runs\models_9x9_scratch\checkpoints\cycle_0031.pt,p1_win,1.0,59
743,runs\models_9x9_heads\best.pt,runs\models_9x9_scratch\checkpoints\cycle_0031.pt,runs\models_9x9_scratch\checkpoints\cycle_0031.pt,runs\models_9x9_heads\best.pt,p2_win,1.0,56
744,runs\models_9x9_heads\best.pt,runs\models_9x9_scratch\checkpoints\cycle_0031.pt,runs\models_9x9_scratch\checkpoints\cycle_0031.pt,runs\models_9x9_heads\best.pt,p2_win,1.0,56
745,runs\models_9x9_heads\best.pt,runs\models_9x9_scratch\checkpoints\cycle_0031.pt,runs\models_9x9_scratch\checkpoints\cycle_0031.pt,runs\models_9x9_heads\best.pt,p2_win,1.0,60
746,runs\models_9x9_heads\best.pt,runs\models_9x9_scratch\checkpoints\cycle_0031.pt,runs\models_9x9_scratch\checkpoints\cycle_0031.pt,runs\models_9x9_heads\best.pt,p2_win,1.0,58
747,runs\models_9x9_heads\best.pt,runs\models_9x9_scratch\checkpoints\cycle_0031.pt,runs\models_9x9_scratch\checkpoints\cycle_0031.pt,runs\models_9x9_heads\best.pt,p2_win,1.0,56
748,runs\models_9x9_heads\best.pt,runs\models_9x9_scratch\checkpoints\cycle_0031.pt,runs\models_9x9_heads\best.pt,runs\models_9x9_scratch\checkpoints\cycle_0031.pt,p1_win,1.0,59
749,runs\models_9x9_heads\best.pt,runs\models_9x9_scratch\checkpoints\cycle_0031.pt,runs\models_9x9_heads\best.pt,runs\models_9x9_scratch\checkpoints\cycle_0031.pt,p1_win,1.0,57
750,runs\models_9x9_heads\best.pt,runs\models_9x9_scratch\checkpoints\cycle_0031.pt,runs\models_9x9_heads\best.pt,runs\models_9x9_scratch\checkpoints\cycle_0031.pt,p1_win,1.0,59
751,runs\models_9x9_heads\best.pt,runs\models_9x9_scratch\checkpoints\cycle_0031.pt,runs\models_9x9_heads\best.pt,runs\models_9x9_scratch\checkpoints\cycle_0031.pt,p1_win,1.0,63
752,runs\models_9x9_heads\best.pt,runs\models_9x9_scratch\checkpoints\cycle_0031.pt,runs\models_9x9_scratch\checkpoints\cycle_0031.pt,runs\models_9x9_heads\best.pt,p2_win,1.0,56
753,runs\models_9x9_heads\best.pt,runs\models_9x9_scratch\checkpoints\cycle_0031.pt,runs\models_9x9_scratch\checkpoints\cycle_0031.pt,runs\models_9x9_heads\best.pt,p2_win,1.0,56
754,runs\models_9x9_heads\best.pt,runs\models_9x9_scratch\checkpoints\cycle_0031.pt,runs\models_9x9_heads\best.pt,runs\models_9x9_scratch\checkpoints\cycle_0031.pt,p1_win,1.0,59
755,runs\models_9x9_heads\best.pt,runs\models_9x9_scratch\checkpoints\cycle_0031.pt,runs\models_9x9_scratch\checkpoints\cycle_0031.pt,runs\models_9x9_heads\best.pt,p2_win,1.0,60
756,runs\models_9x9_heads\best.pt,runs\models_9x9_scratch\checkpoints\cycle_0031.pt,runs\models_9x9_scratch\checkpoints\cycle_0031.pt,runs\models_9x9_heads\best.pt,p2_win,1.0,60
757,runs\models_9x9_heads\best.pt,runs\models_9x9_scratch\checkpoints\cycle_0031.pt,runs\models_9x9_heads\best.pt,runs\models_9x9_scratch\checkpoints\cycle_0031.pt,p1_win,1.0,59
758,runs\models_9x9_heads\best.pt,runs\models_9x9_scratch\checkpoints\cycle_0031.pt,runs\models_9x9_scratch\checkpoints\cycle_0031.pt,runs\models_9x9_heads\best.pt,p2_win,1.0,60
759,runs\models_9x9_heads\best.pt,runs\models_9x9_scratch\checkpoints\cycle_0031.pt,runs\models_9x9_scratch\checkpoints\cycle_0031.pt,runs\models_9x9_heads\best.pt,p2_win,1.0,60
760,runs\models_9x9_heads\best.pt,runs\models_9x9_scratch\checkpoints\cycle_0031.pt,runs\models_9x9_heads\best.pt,runs\models_9x9_scratch\checkpoints\cycle_0031.pt,p1_win,1.0,65
761,runs\models_9x9_heads\best.pt,runs\models_9x9_scratch\checkpoints\cycle_0031.pt,runs\models_9x9_scratch\checkpoints\cycle_0031.pt,runs\models_9x9_heads\best.pt,p2_win,1.0,58
762,runs\models_9x9_heads\best.pt,runs\models_9x9_scratch\checkpoints\cycle_0031.pt,runs\models_9x9_heads\best.pt,runs\models_9x9_scratch\checkpoints\cycle_0031.pt,p1_win,1.0,57
763,runs\models_9x9_heads\best.pt,runs\models_9x9_scratch\checkpoints\cycle_0031.pt,runs\models_9x9_heads\best.pt,runs\models_9x9_scratch\checkpoints\cycle_0031.pt,p1_win,1.0,61
764,runs\models_9x9_heads\best.pt,runs\models_9x9_scratch\checkpoints\cycle_0031.pt,runs\models_9x9_heads\best.pt,runs\models_9x9_scratch\checkpoints\cycle_0031.pt,p1_win,1.0,63
765,runs\models_9x9_heads\best.pt,runs\models_9x9_scratch\checkpoints\cycle_0031.pt,runs\models_9x9_scratch\checkpoints\cycle_0031.pt,runs\models_9x9_heads\best.pt,p2_win,1.0,60
766,runs\models_9x9_heads\best.pt,runs\models_9x9_scratch\checkpoints\cycle_0031.pt,runs\models_9x9_scratch\checkpoints\cycle_0031.pt,runs\models_9x9_heads\best.pt,p2_win,1.0,60
767,runs\models_9x9_heads\best.pt,runs\models_9x9_scratch\checkpoints\cycle_0031.pt,runs\models_9x9_heads\best.pt,runs\models_9x9_scratch\checkpoints\cycle_0031.pt,p1_win,1.0,61
768,runs\models_9x9_heads\best.pt,runs\models_9x9_scratch\checkpoints\cycle_0031.pt,runs\models_9x9_heads\best.pt,runs\models_9x9_scratch\checkpoints\cycle_0031.pt,p1_win,1.0,57
769,runs\models_9x9_heads\best.pt,runs\models_9x9_scratch\checkpoints\cycle_0031.pt,runs\models_9x9_scratch\checkpoints\cycle_0031.pt,runs\models_9x9_heads\best.pt,p2_win,1.0,60
770,runs\models_9x9_heads\best.pt,runs\models_9x9_scratch\checkpoints\cycle_0031.pt,runs\models_9x9_heads\best.pt,runs\models_9x9_scratch\checkpoints\cycle_0031.pt,p1_win,1.0,61
771,runs\models_9x9_heads\best.pt,runs\models_9x9_scratch\checkpoints\cycle_0031.pt,runs\models_9x9_scratch\checkpoints\cycle_0031.pt,runs\models_9x9_heads\best.pt,p2_win,1.0,62
772,runs\models_9x9_heads\best.pt,runs\models_9x9_scratch\checkpoints\cycle_0031.pt,runs\models_9x9_heads\best.pt,runs\models_9x9_scratch\checkpoints\cycle_0031.pt,p1_win,1.0,57
773,runs\models_9x9_heads\best.pt,runs\models_9x9_scratch\checkpoints\cycle_0031.pt,runs\models_9x9_heads\best.pt,runs\models_9x9_scratch\checkpoints\cycle_0031.pt,p1_win,1.0,65
774,runs\models_9x9_heads\best.pt,runs\models_9x9_scratch\checkpoints\cycle_0031.pt,runs\models_9x9_scratch\checkpoints\cycle_0031.pt,runs\models_9x9_heads\best.pt,p2_win,1.0,58
775,runs\models_9x9_heads\best.pt,runs\models_9x9_scratch\checkpoints\cycle_0031.pt,runs\models_9x9_scratch\checkpoints\cycle_0031.pt,runs\models_9x9_heads\best.pt,p2_win,1.0,58
776,runs\models_9x9_heads\best.pt,runs\models_9x9_scratch\checkpoints\cycle_0031.pt,runs\models_9x9_heads\best.pt,runs\models_9x9_scratch\checkpoints\cycle_0031.pt,p1_win,1.0,57
777,runs\models_9x9_heads\best.pt,runs\models_9x9_scratch\checkpoints\cycle_0031.pt,runs\models_9x9_heads\best.pt,runs\models_9x9_scratch\checkpoints\cycle_0031.pt,p1_win,1.0,59
778,runs\models_9x9_heads\best.pt,runs\models_9x9_scratch\checkpoints\cycle_0031.pt,runs\models_9x9_heads\best.pt,runs\models_9x9_scratch\checkpoints\cycle_0031.pt,p1_win,1.0,63
779,runs\models_9x9_heads\best.pt,runs\models_9x9_scratch\checkpoints\cycle_0031.pt,runs\models_9x9_heads\best.pt,runs\models_9x9_scratch\checkpoints\cycle_0031.pt,p1_win,1.0,61
780,runs\models_9x9_heads\best.pt,runs\models_9x9_scratch\checkpoints\cycle_0031.pt,runs\models_9x9_heads\best.pt,runs\models_9x9_scratch\checkpoints\cycle_0031.pt,p1_win,1.0,63
781,runs\models_9x9_heads\best.pt,runs\models_9x9_scratch\checkpoints\cycle_0031.pt,runs\models_9x9_scratch\checkpoints\cycle_0031.pt,runs\models_9x9_heads\best.pt,p2_win,1.0,58
782,runs\models_9x9_heads\best.pt,runs\models_9x9_scratch\checkpoints\cycle_0031.pt,runs\models_9x9_scratch\checkpoints\cycle_0031.pt,runs\models_9x9_heads\best.pt,p2_win,1.0,64
783,runs\models_9x9_heads\best.pt,runs\models_9x9_scratch\checkpoints\cycle_0031.pt,runs\models_9x9_heads\best.pt,runs\models_9x9_scratch\checkpoints\cycle_0031.pt,p1_win,1.0,59
784,runs\models_9x9_heads\best.pt,runs\models_9x9_scratch\checkpoints\cycle_0031.pt,runs\models_9x9_scratch\checkpoints\cycle_0031.pt,runs\models_9x9_heads\best.pt,p2_win,1.0,62
785,runs\models_9x9_heads\best.pt,runs\models_9x9_scratch\checkpoints\cycle_0031.pt,runs\models_9x9_scratch\checkpoints\cycle_0031.pt,runs\models_9x9_heads\best.pt,p2_win,1.0,60
786,runs\models_9x9_heads\best.pt,runs\models_9x9_scratch\checkpoints\cycle_0031.pt,runs\models_9x9_scratch\checkpoints\cycle_0031.pt,runs\models_9x9_heads\best.pt,p2_win,1.0,60
787,runs\models_9x9_heads\best.pt,runs\models_9x9_scratch\checkpoints\cycle_0031.pt,runs\models_9x9_heads\best.pt,runs\models_9x9_scratch\checkpoints\cycle_0031.pt,p1_win,1.0,61
788,runs\models_9x9_heads\best.pt,runs\models_9x9_scratch\checkpoints\cycle_0031.pt,runs\models_9x9_heads\best.pt,runs\models_9x9_scratch\checkpoints\cycle_0031.pt,p1_win,1.0,63
789,runs\models_9x9_heads\best.pt,runs\models_9x9_scratch\checkpoints\cycle_0031.pt,runs\models_9x9_heads\best.pt,runs\models_9x9_scratch\checkpoints\cycle_0031.pt,p1_win,1.0,67
790,runs\models_9x9_heads\best.pt,runs\models_9x9_scratch\checkpoints\cycle_0031.pt,runs\models_9x9_scratch\checkpoints\cycle_0031.pt,runs\models_9x9_heads\best.pt,p2_win,1.0,60
791,runs\models_9x9_heads\best.pt,runs\models_9x9_scratch\checkpoints\cycle_0031.pt,runs\models_9x9_heads\best.pt,runs\models_9x9_scratch\checkpoints\cycle_0031.pt,p1_win,1.0,59
792,runs\models_9x9_heads\best.pt,runs\models_9x9_scratch\checkpoints\cycle_0031.pt,runs\models_9x9_heads\best.pt,runs\models_9x9_scratch\checkpoints\cycle_0031.pt,p1_win,1.0,61
793,runs\models_9x9_heads\best.pt,runs\models_9x9_scratch\checkpoints\cycle_0031.pt,runs\models_9x9_scratch\checkpoints\cycle_0031.pt,runs\models_9x9_heads\best.pt,p2_win,1.0,60
794,runs\models_9x9_heads\best.pt,runs\models_9x9_scratch\checkpoints\cycle_0031.pt,runs\models_9x9_scratch\checkpoints\cycle_0031.pt,runs\models_9x9_heads\best.pt,p2_win,1.0,60
795,runs\models_9x9_heads\best.pt,runs\models_9x9_scratch\checkpoints\cycle_0031.pt,runs\models_9x9_scratch\checkpoints\cycle_0031.pt,runs\models_9x9_heads\best.pt,p2_win,1.0,60
796,runs\models_9x9_heads\best.pt,runs\models_9x9_scratch\checkpoints\cycle_0031.pt,runs\models_9x9_heads\best.pt,runs\models_9x9_scratch\checkpoints\cycle_0031.pt,p1_win,1.0,63
797,runs\models_9x9_heads\best.pt,runs\models_9x9_scratch\checkpoints\cycle_0031.pt,runs\models_9x9_scratch\checkpoints\cycle_0031.pt,runs\models_9x9_heads\best.pt,p2_win,1.0,60
798,runs\models_9x9_heads\best.pt,runs\models_9x9_scratch\checkpoints\cycle_0031.pt,runs\models_9x9_scratch\checkpoints\cycle_0031.pt,runs\models_9x9_heads\best.pt,p2_win,1.0,60
799,runs\models_9x9_heads\best.pt,runs\models_9x9_scratch\checkpoints\cycle_0031.pt,runs\models_9x9_heads\best.pt,runs\models_9x9_scratch\checkpoints\cycle_0031.pt,p1_win,1.0,65
800,runs\models_9x9_heads\best.pt,runs\models_9x9_scratch\checkpoints\cycle_0031.pt,runs\models_9x9_heads\best.pt,runs\models_9x9_scratch\checkpoints\cycle_0031.pt,p1_win,1.0,61
801,runs\models_9x9_heads\best.pt,runs\models_9x9_scratch\checkpoints\cycle_0031.pt,runs\models_9x9_scratch\checkpoints\cycle_0031.pt,runs\models_9x9_heads\best.pt,p2_win,1.0,62
802,runs\models_9x9_heads\best.pt,runs\models_9x9_scratch\checkpoints\cycle_0031.pt,runs\models_9x9_scratch\checkpoints\cycle_0031.pt,runs\models_9x9_heads\best.pt,p2_win,1.0,64
803,runs\models_9x9_heads\best.pt,runs\models_9x9_scratch\checkpoints\cycle_0031.pt,runs\models_9x9_heads\best.pt,runs\models_9x9_scratch\checkpoints\cycle_0031.pt,p1_win,1.0,63
804,runs\models_9x9_heads\best.pt,runs\models_9x9_scratch\checkpoints\cycle_0031.pt,runs\models_9x9_scratch\checkpoints\cycle_0031.pt,runs\models_9x9_heads\best.pt,p2_win,1.0,60
805,runs\models_9x9_heads\best.pt,runs\models_9x9_scratch\checkpoints\cycle_0031.pt,runs\models_9x9_scratch\checkpoints\cycle_0031.pt,runs\models_9x9_heads\best.pt,p2_win,1.0,62
806,runs\models_9x9_heads\best.pt,runs\models_9x9_scratch\checkpoints\cycle_0031.pt,runs\models_9x9_scratch\checkpoints\cycle_0031.pt,runs\models_9x9_heads\best.pt,p2_win,1.0,64
807,runs\models_9x9_heads\best.pt,runs\models_9x9_scratch\checkpoints\cycle_0031.pt,runs\models_9x9_scratch\checkpoints\cycle_0031.pt,runs\models_9x9_heads\best.pt,p2_win,1.0,64
808,runs\models_9x9_heads\best.pt,runs\models_9x9_scratch\checkpoints\cycle_0031.pt,runs\models_9x9_scratch\checkpoints\cycle_0031.pt,runs\models_9x9_heads\best.pt,p2_win,1.0,64
809,runs\models_9x9_heads\best.pt,runs\models_9x9_scratch\checkpoints\cycle_0031.pt,runs\models_9x9_scratch\checkpoints\cycle_0031.pt,runs\models_9x9_heads\best.pt,p2_win,1.0,62
810,runs\models_9x9_heads\best.pt,runs\models_9x9_scratch\checkpoints\cycle_0031.pt,runs\models_9x9_heads\best.pt,runs\models_9x9_scratch\checkpoints\cycle_0031.pt,p1_win,1.0,65
811,runs\models_9x9_heads\best.pt,runs\models_9x9_scratch\checkpoints\cycle_0031.pt,runs\models_9x9_heads\best.pt,runs\models_9x9_scratch\checkpoints\cycle_0031.pt,p1_win,1.0,71
812,runs\models_9x9_heads\best.pt,runs\models_9x9_scratch\checkpoints\cycle_0031.pt,runs\models_9x9_scratch\checkpoints\cycle_0031.pt,runs\models_9x9_heads\best.pt,p2_win,1.0,62
813,runs\models_9x9_heads\best.pt,runs\models_9x9_scratch\checkpoints\cycle_0031.pt,runs\models_9x9_scratch\checkpoints\cycle_0031.pt,runs\models_9x9_heads\best.pt,p2_win,1.0,64
814,runs\models_9x9_heads\best.pt,runs\models_9x9_scratch\checkpoints\cycle_0031.pt,runs\models_9x9_heads\best.pt,runs\models_9x9_scratch\checkpoints\cycle_0031.pt,p1_win,1.0,63
815,runs\models_9x9_heads\best.pt,runs\models_9x9_scratch\checkpoints\cycle_0031.pt,runs\models_9x9_heads\best.pt,runs\models_9x9_scratch\checkpoints\cycle_0031.pt,p1_win,1.0,61
816,runs\models_9x9_heads\best.pt,runs\models_9x9_scratch\checkpoints\cycle_0031.pt,runs\models_9x9_heads\best.pt,runs\models_9x9_scratch\checkpoints\cycle_0031.pt,p1_win,1.0,71
817,runs\models_9x9_heads\best.pt,runs\models_9x9_scratch\checkpoints\cycle_0031.pt,runs\models_9x9_scratch\checkpoints\cycle_0031.pt,runs\models_9x9_heads\best.pt,p2_win,1.0,66
818,runs\models_9x9_heads\best.pt,runs\models_9x9_scratch\checkpoints\cycle_0031.pt,runs\models_9x9_scratch\checkpoints\cycle_0031.pt,runs\models_9x9_heads\best.pt,p2_win,1.0,62
819,runs\models_9x9_heads\best.pt,runs\models_9x9_scratch\checkpoints\cycle_0031.pt,runs\models_9x9_scratch\checkpoints\cycle_0031.pt,runs\models_9x9_heads\best.pt,p2_win,1.0,66
820,runs\models_9x9_heads\best.pt,runs\models_9x9_scratch\checkpoints\cycle_0031.pt,runs\models_9x9_scratch\checkpoints\cycle_0031.pt,runs\models_9x9_heads\best.pt,p2_win,1.0,64
821,runs\models_9x9_heads\best.pt,runs\models_9x9_scratch\checkpoints\cycle_0031.pt,runs\models_9x9_scratch\checkpoints\cycle_0031.pt,runs\models_9x9_heads\best.pt,p2_win,1.0,62
822,runs\models_9x9_heads\best.pt,runs\models_9x9_scratch\checkpoints\cycle_0031.pt,runs\models_9x9_heads\best.pt,runs\models_9x9_scratch\checkpoints\cycle_0031.pt,p1_win,1.0,65
823,runs\models_9x9_heads\best.pt,runs\models_9x9_scratch\checkpoints\cycle_0031.pt,runs\models_9x9_heads\best.pt,runs\models_9x9_scratch\checkpoints\cycle_0031.pt,p1_win,1.0,69
824,runs\models_9x9_heads\best.pt,runs\models_9x9_scratch\checkpoints\cycle_0031.pt,runs\models_9x9_heads\best.pt,runs\models_9x9_scratch\checkpoints\cycle_0031.pt,p1_win,1.0,67
825,runs\models_9x9_heads\best.pt,runs\models_9x9_scratch\checkpoints\cycle_0031.pt,runs\models_9x9_scratch\checkpoints\cycle_0031.pt,runs\models_9x9_heads\best.pt,p2_win,1.0,64
826,runs\models_9x9_heads\best.pt,runs\models_9x9_scratch\checkpoints\cycle_0031.pt,runs\models_9x9_heads\best.pt,runs\models_9x9_scratch\checkpoints\cycle_0031.pt,p1_win,1.0,65
827,runs\models_9x9_heads\best.pt,runs\models_9x9_scratch\checkpoints\cycle_0031.pt,runs\models_9x9_scratch\checkpoints\cycle_0031.pt,runs\models_9x9_heads\best.pt,p2_win,1.0,62
828,runs\models_9x9_heads\best.pt,runs\models_9x9_scratch\checkpoints\cycle_0031.pt,runs\models_9x9_scratch\checkpoints\cycle_0031.pt,runs\models_9x9_heads\best.pt,p2_win,1.0,64
829,runs\models_9x9_heads\best.pt,runs\models_9x9_scratch\checkpoints\cycle_0031.pt,runs\models_9x9_heads\best.pt,runs\models_9x9_scratch\checkpoints\cycle_0031.pt,p1_win,1.0,65
830,runs\models_9x9_heads\best.pt,runs\models_9x9_scratch\checkpoints\cycle_0031.pt,runs\models_9x9_scratch\checkpoints\cycle_0031.pt,runs\models_9x9_heads\best.pt,p2_win,1.0,64
831,runs\models_9x9_heads\best.pt,runs\models_9x9_scratch\checkpoints\cycle_0031.pt,runs\models_9x9_scratch\checkpoints\cycle_0031.pt,runs\models_9x9_heads\best.pt,p2_win,1.0,64
832,runs\models_9x9_heads\best.pt,runs\models_9x9_scratch\checkpoints\cycle_0031.pt,runs\models_9x9_heads\best.pt,runs\models_9x9_scratch\checkpoints\cycle_0031.pt,p1_win,1.0,67
833,runs\models_9x9_heads\best.pt,runs\models_9x9_scratch\checkpoints\cycle_0031.pt,runs\models_9x9_heads\best.pt,runs\models_9x9_scratch\checkpoints\cycle_0031.pt,p1_win,1.0,65
834,runs\models_9x9_heads\best.pt,runs\models_9x9_scratch\checkpoints\cycle_0031.pt,runs\models_9x9_heads\best.pt,runs\models_9x9_scratch\checkpoints\cycle_0031.pt,p1_win,1.0,67
835,runs\models_9x9_heads\best.pt,runs\models_9x9_scratch\checkpoints\cycle_0031.pt,runs\models_9x9_heads\best.pt,runs\models_9x9_scratch\checkpoints\cycle_0031.pt,p1_win,1.0,63
836,runs\models_9x9_heads\best.pt,runs\models_9x9_scratch\checkpoints\cycle_0031.pt,runs\models_9x9_scratch\checkpoints\cycle_0031.pt,runs\models_9x9_heads\best.pt,p2_win,1.0,72
837,runs\models_9x9_heads\best.pt,runs\models_9x9_scratch\checkpoints\cycle_0031.pt,runs\models_9x9_heads\best.pt,runs\models_9x9_scratch\checkpoints\cycle_0031.pt,p1_win,1.0,69
838,runs\models_9x9_heads\best.pt,runs\models_9x9_scratch\checkpoints\cycle_0031.pt,runs\models_9x9_scratch\checkpoints\cycle_0031.pt,runs\models_9x9_heads\best.pt,p2_win,1.0,64
839,runs\models_9x9_heads\best.pt,runs\models_9x9_scratch\checkpoints\cycle_0031.pt,runs\models_9x9_scratch\checkpoints\cycle_0031.pt,runs\models_9x9_heads\best.pt,p2_win,1.0,64
840,runs\models_9x9_heads\best.pt,runs\models_9x9_scratch\checkpoints\cycle_0031.pt,runs\models_9x9_heads\best.pt,runs\models_9x9_scratch\checkpoints\cycle_0031.pt,p1_win,1.0,69
841,runs\models_9x9_heads\best.pt,runs\models_9x9_scratch\checkpoints\cycle_0031.pt,runs\models_9x9_heads\best.pt,runs\models_9x9_scratch\checkpoints\cycle_0031.pt,p1_win,1.0,69
842,runs\models_9x9_heads\best.pt,runs\models_9x9_scratch\checkpoints\cycle_0031.pt,runs\models_9x9_scratch\checkpoints\cycle_0031.pt,runs\models_9x9_heads\best.pt,p2_win,1.0,66
843,runs\models_9x9_heads\best.pt,runs\models_9x9_scratch\checkpoints\cycle_0031.pt,runs\models_9x9_scratch\checkpoints\cycle_0031.pt,runs\models_9x9_heads\best.pt,p2_win,1.0,66
844,runs\models_9x9_heads\best.pt,runs\models_9x9_scratch\checkpoints\cycle_0031.pt,runs\models_9x9_scratch\checkpoints\cycle_0031.pt,runs\models_9x9_heads\best.pt,p2_win,1.0,64
845,runs\models_9x9_heads\best.pt,runs\models_9x9_scratch\checkpoints\cycle_0031.pt,runs\models_9x9_heads\best.pt,runs\models_9x9_scratch\checkpoints\cycle_0031.pt,p1_win,1.0,67
846,runs\models_9x9_heads\best.pt,runs\models_9x9_scratch\checkpoints\cycle_0031.pt,runs\models_9x9_heads\best.pt,runs\models_9x9_scratch\checkpoints\cycle_0031.pt,p1_win,1.0,67
847,runs\models_9x9_heads\best.pt,runs\models_9x9_scratch\checkpoints\cycle_0031.pt,runs\models_9x9_heads\best.pt,runs\models_9x9_scratch\checkpoints\cycle_0031.pt,p1_win,1.0,67
848,runs\models_9x9_heads\best.pt,runs\models_9x9_scratch\checkpoints\cycle_0031.pt,runs\models_9x9_heads\best.pt,runs\models_9x9_scratch\checkpoints\cycle_0031.pt,p1_win,1.0,65
849,runs\models_9x9_heads\best.pt,runs\models_9x9_scratch\checkpoints\cycle_0031.pt,runs\models_9x9_scratch\checkpoints\cycle_0031.pt,runs\models_9x9_heads\best.pt,p2_win,1.0,68
850,runs\models_9x9_heads\best.pt,runs\models_9x9_scratch\checkpoints\cycle_0031.pt,runs\models_9x9_scratch\checkpoints\cycle_0031.pt,runs\models_9x9_heads\best.pt,p2_win,1.0,68
851,runs\models_9x9_heads\best.pt,runs\models_9x9_scratch\checkpoints\cycle_0031.pt,runs\models_9x9_scratch\checkpoints\cycle_0031.pt,runs\models_9x9_heads\best.pt,p2_win,1.0,72
852,runs\models_9x9_heads\best.pt,runs\models_9x9_scratch\checkpoints\cycle_0031.pt,runs\models_9x9_heads\best.pt,runs\models_9x9_scratch\checkpoints\cycle_0031.pt,p1_win,1.0,71
853,runs\models_9x9_heads\best.pt,runs\models_9x9_scratch\checkpoints\cycle_0031.pt,runs\models_9x9_heads\best.pt,runs\models_9x9_scratch\checkpoints\cycle_0031.pt,p1_win,1.0,67
854,runs\models_9x9_heads\best.pt,runs\models_9x9_scratch\checkpoints\cycle_0031.pt,runs\models_9x9_heads\best.pt,runs\models_9x9_scratch\checkpoints\cycle_0031.pt,p1_win,1.0,67
855,runs\models_9x9_heads\best.pt,runs\models_9x9_scratch\checkpoints\cycle_0031.pt,runs\models_9x9_heads\best.pt,runs\models_9x9_scratch\checkpoints\cycle_0031.pt,p1_win,1.0,67
856,runs\models_9x9_heads\best.pt,runs\models_9x9_scratch\checkpoints\cycle_0031.pt,runs\models_9x9_heads\best.pt,runs\models_9x9_scratch\checkpoints\cycle_0031.pt,p1_win,1.0,71
857,runs\models_9x9_heads\best.pt,runs\models_9x9_scratch\checkpoints\cycle_0031.pt,runs\models_9x9_heads\best.pt,runs\models_9x9_scratch\checkpoints\cycle_0031.pt,p1_win,1.0,71
858,runs\models_9x9_heads\best.pt,runs\models_9x9_scratch\checkpoints\cycle_0031.pt,runs\models_9x9_scratch\checkpoints\cycle_0031.pt,runs\models_9x9_heads\best.pt,p2_win,1.0,68
859,runs\models_9x9_heads\best.pt,runs\models_9x9_scratch\checkpoints\cycle_0031.pt,runs\models_9x9_heads\best.pt,runs\models_9x9_scratch\checkpoints\cycle_0031.pt,p1_win,1.0,69
860,runs\models_9x9_heads\best.pt,runs\models_9x9_scratch\checkpoints\cycle_0031.pt,runs\models_9x9_scratch\checkpoints\cycle_0031.pt,runs\models_9x9_heads\best.pt,p2_win,1.0,68
861,runs\models_9x9_heads\best.pt,runs\models_9x9_scratch\checkpoints\cycle_0031.pt,runs\models_9x9_scratch\checkpoints\cycle_0031.pt,runs\models_9x9_heads\best.pt,p2_win,1.0,66
862,runs\models_9x9_heads\best.pt,runs\models_9x9_scratch\checkpoints\cycle_0031.pt,runs\models_9x9_scratch\checkpoints\cycle_0031.pt,runs\models_9x9_heads\best.pt,p2_win,1.0,68
863,runs\models_9x9_heads\best.pt,runs\models_9x9_scratch\checkpoints\cycle_0031.pt,runs\models_9x9_heads\best.pt,runs\models_9x9_scratch\checkpoints\cycle_0031.pt,p1_win,1.0,73
864,runs\models_9x9_heads\best.pt,runs\models_9x9_scratch\checkpoints\cycle_0031.pt,runs\models_9x9_heads\best.pt,runs\models_9x9_scratch\checkpoints\cycle_0031.pt,p1_win,1.0,71
865,runs\models_9x9_heads\best.pt,runs\models_9x9_scratch\checkpoints\cycle_0031.pt,runs\models_9x9_scratch\checkpoints\cycle_0031.pt,runs\models_9x9_heads\best.pt,p2_win,1.0,68
866,runs\models_9x9_heads\best.pt,runs\models_9x9_scratch\checkpoints\cycle_0031.pt,runs\models_9x9_heads\best.pt,runs\models_9x9_scratch\checkpoints\cycle_0031.pt,p1_win,1.0,69
867,runs\models_9x9_heads\best.pt,runs\models_9x9_scratch\checkpoints\cycle_0031.pt,runs\models_9x9_scratch\checkpoints\cycle_0031.pt,runs\models_9x9_heads\best.pt,p2_win,1.0,70
868,runs\models_9x9_heads\best.pt,runs\models_9x9_scratch\checkpoints\cycle_0031.pt,runs\models_9x9_scratch\checkpoints\cycle_0031.pt,runs\models_9x9_heads\best.pt,p2_win,1.0,68
869,runs\models_9x9_heads\best.pt,runs\models_9x9_scratch\checkpoints\cycle_0031.pt,runs\models_9x9_scratch\checkpoints\cycle_0031.pt,runs\models_9x9_heads\best.pt,p2_win,1.0,68
870,runs\models_9x9_heads\best.pt,runs\models_9x9_scratch\checkpoints\cycle_0031.pt,runs\models_9x9_scratch\checkpoints\cycle_0031.pt,runs\models_9x9_heads\best.pt,p2_win,1.0,68
871,runs\models_9x9_heads\best.pt,runs\models_9x9_scratch\checkpoints\cycle_0031.pt,runs\models_9x9_scratch\checkpoints\cycle_0031.pt,runs\models_9x9_heads\best.pt,p2_win,1.0,72
872,runs\models_9x9_heads\best.pt,runs\models_9x9_scratch\checkpoints\cycle_0031.pt,runs\models_9x9_scratch\checkpoints\cycle_0031.pt,runs\models_9x9_heads\best.pt,p2_win,1.0,68
873,runs\models_9x9_heads\best.pt,runs\models_9x9_scratch\checkpoints\cycle_0031.pt,runs\models_9x9_scratch\checkpoints\cycle_0031.pt,runs\models_9x9_heads\best.pt,p2_win,1.0,78
874,runs\models_9x9_heads\best.pt,runs\models_9x9_scratch\checkpoints\cycle_0031.pt,runs\models_9x9_heads\best.pt,runs\models_9x9_scratch\checkpoints\cycle_0031.pt,p1_win,1.0,71
875,runs\models_9x9_heads\best.pt,runs\models_9x9_scratch\checkpoints\cycle_0031.pt,runs\models_9x9_scratch\checkpoints\cycle_0031.pt,runs\models_9x9_heads\best.pt,p2_win,1.0,68
876,runs\models_9x9_heads\best.pt,runs\models_9x9_scratch\checkpoints\cycle_0031.pt,runs\models_9x9_scratch\checkpoints\cycle_0031.pt,runs\models_9x9_heads\best.pt,p2_win,1.0,72
877,runs\models_9x9_heads\best.pt,runs\models_9x9_scratch\checkpoints\cycle_0031.pt,runs\models_9x9_heads\best.pt,runs\models_9x9_scratch\checkpoints\cycle_0031.pt,p1_win,1.0,71
878,runs\models_9x9_heads\best.pt,runs\models_9x9_scratch\checkpoints\cycle_0031.pt,runs\models_9x9_scratch\checkpoints\cycle_0031.pt,runs\models_9x9_heads\best.pt,p2_win,1.0,70
879,runs\models_9x9_heads\best.pt,runs\models_9x9_scratch\checkpoints\cycle_0031.pt,runs\models_9x9_scratch\checkpoints\cycle_0031.pt,runs\models_9x9_heads\best.pt,p2_win,1.0,72
880,runs\models_9x9_heads\best.pt,runs\models_9x9_scratch\checkpoints\cycle_0031.pt,runs\models_9x9_heads\best.pt,runs\models_9x9_scratch\checkpoints\cycle_0031.pt,p1_win,1.0,71
881,runs\models_9x9_heads\best.pt,runs\models_9x9_scratch\checkpoints\cycle_0031.pt,runs\models_9x9_heads\best.pt,runs\models_9x9_scratch\checkpoints\cycle_0031.pt,p1_win,1.0,73
882,runs\models_9x9_heads\best.pt,runs\models_9x9_scratch\checkpoints\cycle_0031.pt,runs\models_9x9_heads\best.pt,runs\models_9x9_scratch\checkpoints\cycle_0031.pt,p1_win,1.0,71
883,runs\models_9x9_heads\best.pt,runs\models_9x9_scratch\checkpoints\cycle_0031.pt,runs\models_9x9_heads\best.pt,runs\models_9x9_scratch\checkpoints\cycle_0031.pt,p1_win,1.0,75
884,runs\models_9x9_heads\best.pt,runs\models_9x9_scratch\checkpoints\cycle_0031.pt,runs\models_9x9_scratch\checkpoints\cycle_0031.pt,runs\models_9x9_heads\best.pt,p2_win,1.0,72
885,runs\models_9x9_heads\best.pt,runs\models_9x9_scratch\checkpoints\cycle_0031.pt,runs\models_9x9_scratch\checkpoints\cycle_0031.pt,runs\models_9x9_heads\best.pt,p2_win,1.0,74
886,runs\models_9x9_heads\best.pt,runs\models_9x9_scratch\checkpoints\cycle_0031.pt,runs\models_9x9_heads\best.pt,runs\models_9x9_scratch\checkpoints\cycle_0031.pt,p1_win,1.0,75
887,runs\models_9x9_heads\best.pt,runs\models_9x9_scratch\checkpoints\cycle_0031.pt,runs\models_9x9_scratch\checkpoints\cycle_0031.pt,runs\models_9x9_heads\best.pt,p2_win,1.0,74
888,runs\models_9x9_heads\best.pt,runs\models_9x9_scratch\checkpoints\cycle_0031.pt,runs\models_9x9_scratch\checkpoints\cycle_0031.pt,runs\models_9x9_heads\best.pt,p2_win,1.0,80
889,runs\models_9x9_heads\best.pt,runs\models_9x9_scratch\checkpoints\cycle_0031.pt,runs\models_9x9_heads\best.pt,runs\models_9x9_scratch\checkpoints\cycle_0031.pt,p1_win,1.0,71
890,runs\models_9x9_heads\best.pt,runs\models_9x9_scratch\checkpoints\cycle_0031.pt,runs\models_9x9_heads\best.pt,runs\models_9x9_scratch\checkpoints\cycle_0031.pt,p1_win,1.0,71
891,runs\models_9x9_heads\best.pt,runs\models_9x9_scratch\checkpoints\cycle_0031.pt,runs\models_9x9_scratch\checkpoints\cycle_0031.pt,runs\models_9x9_heads\best.pt,p2_win,1.0,72
892,runs\models_9x9_heads\best.pt,runs\models_9x9_scratch\checkpoints\cycle_0031.pt,runs\models_9x9_heads\best.pt,runs\models_9x9_scratch\checkpoints\cycle_0031.pt,p1_win,1.0,71
893,runs\models_9x9_heads\best.pt,runs\models_9x9_scratch\checkpoints\cycle_0031.pt,runs\models_9x9_scratch\checkpoints\cycle_0031.pt,runs\models_9x9_heads\best.pt,p2_win,1.0,70
894,runs\models_9x9_heads\best.pt,runs\models_9x9_scratch\checkpoints\cycle_0031.pt,runs\models_9x9_scratch\checkpoints\cycle_0031.pt,runs\models_9x9_heads\best.pt,p2_win,1.0,72
895,runs\models_9x9_heads\best.pt,runs\models_9x9_scratch\checkpoints\cycle_0031.pt,runs\models_9x9_heads\best.pt,runs\models_9x9_scratch\checkpoints\cycle_0031.pt,p1_win,1.0,75
896,runs\models_9x9_heads\best.pt,runs\models_9x9_scratch\checkpoints\cycle_0031.pt,runs\models_9x9_scratch\checkpoints\cycle_0031.pt,runs\models_9x9_heads\best.pt,p2_win,1.0,76
897,runs\models_9x9_heads\best.pt,runs\models_9x9_scratch\checkpoints\cycle_0031.pt,runs\models_9x9_heads\best.pt,runs\models_9x9_scratch\checkpoints\cycle_0031.pt,p1_win,1.0,79
898,runs\models_9x9_heads\best.pt,runs\models_9x9_scratch\checkpoints\cycle_0031.pt,runs\models_9x9_scratch\checkpoints\cycle_0031.pt,runs\models_9x9_heads\best.pt,p2_win,1.0,72
899,runs\models_9x9_heads\best.pt,runs\models_9x9_scratch\checkpoints\cycle_0031.pt,runs\models_9x9_heads\best.pt,runs\models_9x9_scratch\checkpoints\cycle_0031.pt,p1_win,1.0,75
900,runs\models_9x9_heads\best.pt,runs\models_9x9_scratch\checkpoints\cycle_0031.pt,runs\models_9x9_scratch\checkpoints\cycle_0031.pt,runs\models_9x9_heads\best.pt,p2_win,1.0,76
901,runs\models_9x9_heads\best.pt,runs\models_9x9_scratch\checkpoints\cycle_0031.pt,runs\models_9x9_scratch\checkpoints\cycle_0031.pt,runs\models_9x9_heads\best.pt,p2_win,1.0,78
902,runs\models_9x9_heads\best.pt,runs\models_9x9_scratch\checkpoints\cycle_0031.pt,runs\models_9x9_scratch\checkpoints\cycle_0031.pt,runs\models_9x9_heads\best.pt,p2_win,1.0,72
903,runs\models_9x9_heads\best.pt,runs\models_9x9_scratch\checkpoints\cycle_0031.pt,runs\models_9x9_heads\best.pt,runs\models_9x9_scratch\checkpoints\cycle_0031.pt,p1_win,1.0,73
904,runs\models_9x9_heads\best.pt,runs\models_9x9_scratch\checkpoints\cycle_0031.pt,runs\models_9x9_scratch\checkpoints\cycle_0031.pt,runs\models_9x9_heads\best.pt,p2_win,1.0,76
905,runs\models_9x9_heads\best.pt,runs\models_9x9_scratch\checkpoints\cycle_0031.pt,runs\models_9x9_scratch\checkpoints\cycle_0031.pt,runs\models_9x9_heads\best.pt,p2_win,1.0,72
906,runs\models_9x9_heads\best.pt,runs\models_9x9_scratch\checkpoints\cycle_0031.pt,runs\models_9x9_scratch\checkpoints\cycle_0031.pt,runs\models_9x9_heads\best.pt,p2_win,1.0,72
907,runs\models_9x9_heads\best.pt,runs\models_9x9_scratch\checkpoints\cycle_0031.pt,runs\models_9x9_scratch\checkpoints\cycle_0031.pt,runs\models_9x9_heads\best.pt,p2_win,1.0,72
908,runs\models_9x9_heads\best.pt,runs\models_9x9_scratch\checkpoints\cycle_0031.pt,runs\models_9x9_heads\best.pt,runs\models_9x9_scratch\checkpoints\cycle_0031.pt,p1_win,1.0,81
909,runs\models_9x9_heads\best.pt,runs\models_9x9_scratch\checkpoints\cycle_0031.pt,runs\models_9x9_scratch\checkpoints\cycle_0031.pt,runs\models_9x9_heads\best.pt,p2_win,1.0,76
910,runs\models_9x9_heads\best.pt,runs\models_9x9_scratch\checkpoints\cycle_0031.pt,runs\models_9x9_scratch\checkpoints\cycle_0031.pt,runs\models_9x9_heads\best.pt,p2_win,1.0,78
911,runs\models_9x9_heads\best.pt,runs\models_9x9_scratch\checkpoints\cycle_0031.pt,runs\models_9x9_scratch\checkpoints\cycle_0031.pt,runs\models_9x9_heads\best.pt,p2_win,1.0,80
912,runs\models_9x9_heads\best.pt,runs\models_9x9_scratch\checkpoints\cycle_0031.pt,runs\models_9x9_heads\best.pt,runs\models_9x9_scratch\checkpoints\cycle_0031.pt,p1_win,1.0,75
913,runs\models_9x9_heads\best.pt,runs\models_9x9_scratch\checkpoints\cycle_0031.pt,runs\models_9x9_scratch\checkpoints\cycle_0031.pt,runs\models_9x9_heads\best.pt,p2_win,1.0,76
914,runs\models_9x9_heads\best.pt,runs\models_9x9_scratch\checkpoints\cycle_0031.pt,runs\models_9x9_scratch\checkpoints\cycle_0031.pt,runs\models_9x9_heads\best.pt,p2_win,1.0,78
915,runs\models_9x9_heads\best.pt,runs\models_9x9_scratch\checkpoints\cycle_0031.pt,runs\models_9x9_scratch\checkpoints\cycle_0031.pt,runs\models_9x9_heads\best.pt,p2_win,1.0,74
916,runs\models_9x9_heads\best.pt,runs\models_9x9_scratch\checkpoints\cycle_0031.pt,runs\models_9x9_scratch\checkpoints\cycle_0031.pt,runs\models_9x9_heads\best.pt,p2_win,1.0,76
917,runs\models_9x9_heads\best.pt,runs\models_9x9_scratch\checkpoints\cycle_0031.pt,runs\models_9x9_heads\best.pt,runs\models_9x9_scratch\checkpoints\cycle_0031.pt,p1_win,1.0,79
918,runs\models_9x9_heads\best.pt,runs\models_9x9_scratch\checkpoints\cycle_0031.pt,runs\models_9x9_heads\best.pt,runs\models_9x9_scratch\checkpoints\cycle_0031.pt,p1_win,1.0,79
919,runs\models_9x9_heads\best.pt,runs\models_9x9_scratch\checkpoints\cycle_0031.pt,runs\models_9x9_scratch\checkpoints\cycle_0031.pt,runs\models_9x9_heads\best.pt,p2_win,1.0,74
920,runs\models_9x9_heads\best.pt,runs\models_9x9_scratch\checkpoints\cycle_0031.pt,runs\models_9x9_scratch\checkpoints\cycle_0031.pt,runs\models_9x9_heads\best.pt,p2_win,1.0,76
921,runs\models_9x9_heads\best.pt,runs\models_9x9_scratch\checkpoints\cycle_0031.pt,runs\models_9x9_scratch\checkpoints\cycle_0031.pt,runs\models_9x9_heads\best.pt,p2_win,1.0,76
922,runs\models_9x9_heads\best.pt,runs\models_9x9_scratch\checkpoints\cycle_0031.pt,runs\models_9x9_scratch\checkpoints\cycle_0031.pt,runs\models_9x9_heads\best.pt,p2_win,1.0,80
923,runs\models_9x9_heads\best.pt,runs\models_9x9_scratch\checkpoints\cycle_0031.pt,runs\models_9x9_scratch\checkpoints\cycle_0031.pt,runs\models_9x9_heads\best.pt,p2_win,1.0,80
924,runs\models_9x9_heads\best.pt,runs\models_9x9_scratch\checkpoints\cycle_0031.pt,runs\models_9x9_scratch\checkpoints\cycle_0031.pt,runs\models_9x9_heads\best.pt,p2_win,1.0,78
925,runs\models_9x9_heads\best.pt,runs\models_9x9_scratch\checkpoints\cycle_0031.pt,runs\models_9x9_scratch\checkpoints\cycle_0031.pt,runs\models_9x9_heads\best.pt,p2_win,1.0,84
926,runs\models_9x9_heads\best.pt,runs\models_9x9_scratch\checkpoints\cycle_0031.pt,runs\models_9x9_heads\best.pt,runs\models_9x9_scratch\checkpoints\cycle_0031.pt,p1_win,1.0,81
927,runs\models_9x9_heads\best.pt,runs\models_9x9_scratch\checkpoints\cycle_0031.pt,runs\models_9x9_scratch\checkpoints\cycle_0031.pt,runs\models_9x9_heads\best.pt,p2_win,1.0,76
928,runs\models_9x9_heads\best.pt,runs\models_9x9_scratch\checkpoints\cycle_0031.pt,runs\models_9x9_scratch\checkpoints\cycle_0031.pt,runs\models_9x9_heads\best.pt,p2_win,1.0,76
929,runs\models_9x9_heads\best.pt,runs\models_9x9_scratch\checkpoints\cycle_0031.pt,runs\models_9x9_scratch\checkpoints\cycle_0031.pt,runs\models_9x9_heads\best.pt,p2_win,1.0,82
930,runs\models_9x9_heads\best.pt,runs\models_9x9_scratch\checkpoints\cycle_0031.pt,runs\models_9x9_scratch\checkpoints\cycle_0031.pt,runs\models_9x9_heads\best.pt,p2_win,1.0,78
931,runs\models_9x9_heads\best.pt,runs\models_9x9_scratch\checkpoints\cycle_0031.pt,runs\models_9x9_scratch\checkpoints\cycle_0031.pt,runs\models_9x9_heads\best.pt,p2_win,1.0,84
932,runs\models_9x9_heads\best.pt,runs\models_9x9_scratch\checkpoints\cycle_0031.pt,runs\models_9x9_scratch\checkpoints\cycle_0031.pt,runs\models_9x9_heads\best.pt,p2_win,1.0,76
933,runs\models_9x9_heads\best.pt,runs\models_9x9_scratch\checkpoints\cycle_0031.pt,runs\models_9x9_scratch\checkpoints\cycle_0031.pt,runs\models_9x9_heads\best.pt,p2_win,1.0,84
934,runs\models_9x9_heads\best.pt,runs\models_9x9_scratch\checkpoints\cycle_0031.pt,runs\models_9x9_heads\best.pt,runs\models_9x9_scratch\checkpoints\cycle_0031.pt,p1_win,1.0,81
935,runs\models_9x9_heads\best.pt,runs\models_9x9_scratch\checkpoints\cycle_0031.pt,runs\models_9x9_scratch\checkpoints\cycle_0031.pt,runs\models_9x9_heads\best.pt,p2_win,1.0,78
936,runs\models_9x9_heads\best.pt,runs\models_9x9_scratch\checkpoints\cycle_0031.pt,runs\models_9x9_heads\best.pt,runs\models_9x9_scratch\checkpoints\cycle_0031.pt,p1_win,1.0,77
937,runs\models_9x9_heads\best.pt,runs\models_9x9_scratch\checkpoints\cycle_0031.pt,runs\models_9x9_scratch\checkpoints\cycle_0031.pt,runs\models_9x9_heads\best.pt,p2_win,1.0,78
938,runs\models_9x9_heads\best.pt,runs\models_9x9_scratch\checkpoints\cycle_0031.pt,runs\models_9x9_scratch\checkpoints\cycle_0031.pt,runs\models_9x9_heads\best.pt,p2_win,1.0,78
939,runs\models_9x9_heads\best.pt,runs\models_9x9_scratch\checkpoints\cycle_0031.pt,runs\models_9x9_heads\best.pt,runs\models_9x9_scratch\checkpoints\cycle_0031.pt,p1_win,1.0,83
940,runs\models_9x9_heads\best.pt,runs\models_9x9_scratch\checkpoints\cycle_0031.pt,runs\models_9x9_scratch\checkpoints\cycle_0031.pt,runs\models_9x9_heads\best.pt,p2_win,1.0,78
941,runs\models_9x9_heads\best.pt,runs\models_9x9_scratch\checkpoints\cycle_0031.pt,runs\models_9x9_heads\best.pt,runs\models_9x9_scratch\checkpoints\cycle_0031.pt,p1_win,1.0,85
942,runs\models_9x9_heads\best.pt,runs\models_9x9_scratch\checkpoints\cycle_0031.pt,runs\models_9x9_heads\best.pt,runs\models_9x9_scratch\checkpoints\cycle_0031.pt,p1_win,1.0,83
943,runs\models_9x9_heads\best.pt,runs\models_9x9_scratch\checkpoints\cycle_0031.pt,runs\models_9x9_scratch\checkpoints\cycle_0031.pt,runs\models_9x9_heads\best.pt,p2_win,1.0,84
944,runs\models_9x9_heads\best.pt,runs\models_9x9_scratch\checkpoints\cycle_0031.pt,runs\models_9x9_heads\best.pt,runs\models_9x9_scratch\checkpoints\cycle_0031.pt,p1_win,1.0,79
945,runs\models_9x9_heads\best.pt,runs\models_9x9_scratch\checkpoints\cycle_0031.pt,runs\models_9x9_scratch\checkpoints\cycle_0031.pt,runs\models_9x9_heads\best.pt,p2_win,1.0,80
946,runs\models_9x9_heads\best.pt,runs\models_9x9_scratch\checkpoints\cycle_0031.pt,runs\models_9x9_heads\best.pt,runs\models_9x9_scratch\checkpoints\cycle_0031.pt,p1_win,1.0,85
947,runs\models_9x9_heads\best.pt,runs\models_9x9_scratch\checkpoints\cycle_0031.pt,runs\models_9x9_scratch\checkpoints\cycle_0031.pt,runs\models_9x9_heads\best.pt,p2_win,1.0,84
948,runs\models_9x9_heads\best.pt,runs\models_9x9_scratch\checkpoints\cycle_0031.pt,runs\models_9x9_heads\best.pt,runs\models_9x9_scratch\checkpoints\cycle_0031.pt,p1_win,1.0,91
949,runs\models_9x9_heads\best.pt,runs\models_9x9_scratch\checkpoints\cycle_0031.pt,runs\models_9x9_scratch\checkpoints\cycle_0031.pt,runs\models_9x9_heads\best.pt,p2_win,1.0,80
950,runs\models_9x9_heads\best.pt,runs\models_9x9_scratch\checkpoints\cycle_0031.pt,runs\models_9x9_scratch\checkpoints\cycle_0031.pt,runs\models_9x9_heads\best.pt,p2_win,1.0,86
951,runs\models_9x9_heads\best.pt,runs\models_9x9_scratch\checkpoints\cycle_0031.pt,runs\models_9x9_scratch\checkpoints\cycle_0031.pt,runs\models_9x9_heads\best.pt,p2_win,1.0,84
952,runs\models_9x9_heads\best.pt,runs\models_9x9_scratch\checkpoints\cycle_0031.pt,runs\models_9x9_heads\best.pt,runs\models_9x9_scratch\checkpoints\cycle_0031.pt,p1_win,1.0,83
953,runs\models_9x9_heads\best.pt,runs\models_9x9_scratch\checkpoints\cycle_0031.pt,runs\models_9x9_scratch\checkpoints\cycle_0031.pt,runs\models_9x9_heads\best.pt,p2_win,1.0,82
954,runs\models_9x9_heads\best.pt,runs\models_9x9_scratch\checkpoints\cycle_0031.pt,runs\models_9x9_scratch\checkpoints\cycle_0031.pt,runs\models_9x9_heads\best.pt,p2_win,1.0,88
955,runs\models_9x9_heads\best.pt,runs\models_9x9_scratch\checkpoints\cycle_0031.pt,runs\models_9x9_scratch\checkpoints\cycle_0031.pt,runs\models_9x9_heads\best.pt,p2_win,1.0,84
956,runs\models_9x9_heads\best.pt,runs\models_9x9_scratch\checkpoints\cycle_0031.pt,runs\models_9x9_heads\best.pt,runs\models_9x9_scratch\checkpoints\cycle_0031.pt,p1_win,1.0,85
957,runs\models_9x9_heads\best.pt,runs\models_9x9_scratch\checkpoints\cycle_0031.pt,runs\models_9x9_scratch\checkpoints\cycle_0031.pt,runs\models_9x9_heads\best.pt,p2_win,1.0,86
958,runs\models_9x9_heads\best.pt,runs\models_9x9_scratch\checkpoints\cycle_0031.pt,runs\models_9x9_scratch\checkpoints\cycle_0031.pt,runs\models_9x9_heads\best.pt,p2_win,1.0,88
959,runs\models_9x9_heads\best.pt,runs\models_9x9_scratch\checkpoints\cycle_0031.pt,runs\models_9x9_heads\best.pt,runs\models_9x9_scratch\checkpoints\cycle_0031.pt,p1_win,1.0,89
960,runs\models_9x9_heads\best.pt,runs\models_9x9_scratch\checkpoints\cycle_0031.pt,runs\models_9x9_heads\best.pt,runs\models_9x9_scratch\checkpoints\cycle_0031.pt,p1_win,1.0,87
961,runs\models_9x9_heads\best.pt,runs\models_9x9_scratch\checkpoints\cycle_0031.pt,runs\models_9x9_heads\best.pt,runs\models_9x9_scratch\checkpoints\cycle_0031.pt,p1_win,1.0,89
962,runs\models_9x9_heads\best.pt,runs\models_9x9_scratch\checkpoints\cycle_0031.pt,runs\models_9x9_scratch\checkpoints\cycle_0031.pt,runs\models_9x9_heads\best.pt,p2_win,1.0,92
963,runs\models_9x9_heads\best.pt,runs\models_9x9_scratch\checkpoints\cycle_0031.pt,runs\models_9x9_scratch\checkpoints\cycle_0031.pt,runs\models_9x9_heads\best.pt,p2_win,1.0,90
964,runs\models_9x9_heads\best.pt,runs\models_9x9_scratch\checkpoints\cycle_0031.pt,runs\models_9x9_scratch\checkpoints\cycle_0031.pt,runs\models_9x9_heads\best.pt,p2_win,1.0,88
965,runs\models_9x9_heads\best.pt,runs\models_9x9_scratch\checkpoints\cycle_0031.pt,runs\models_9x9_heads\best.pt,runs\models_9x9_scratch\checkpoints\cycle_0031.pt,draw,0.5,99
966,runs\models_9x9_heads\best.pt,runs\models_9x9_scratch\checkpoints\cycle_0031.pt,runs\models_9x9_scratch\checkpoints\cycle_0031.pt,runs\models_9x9_heads\best.pt,p2_win,1.0,86
967,runs\models_9x9_heads\best.pt,runs\models_9x9_scratch\checkpoints\cycle_0031.pt,runs\models_9x9_scratch\checkpoints\cycle_0031.pt,runs\models_9x9_heads\best.pt,p2_win,1.0,94
968,runs\models_9x9_heads\best.pt,runs\models_9x9_scratch\checkpoints\cycle_0031.pt,runs\models_9x9_scratch\checkpoints\cycle_0031.pt,runs\models_9x9_heads\best.pt,p2_win,1.0,90
969,runs\models_9x9_heads\best.pt,runs\models_9x9_scratch\checkpoints\cycle_0031.pt,runs\models_9x9_scratch\checkpoints\cycle_0031.pt,runs\models_9x9_heads\best.pt,p2_win,1.0,90
970,runs\models_9x9_heads\best.pt,runs\models_9x9_scratch\checkpoints\cycle_0031.pt,runs\models_9x9_scratch\checkpoints\cycle_0031.pt,runs\models_9x9_heads\best.pt,draw,0.5,100
971,runs\models_9x9_heads\best.pt,runs\models_9x9_scratch\checkpoints\cycle_0031.pt,runs\models_9x9_heads\best.pt,runs\models_9x9_scratch\checkpoints\cycle_0031.pt,p1_win,1.0,93
972,runs\models_9x9_heads\best.pt,runs\models_9x9_scratch\checkpoints\cycle_0031.pt,runs\models_9x9_heads\best.pt,runs\models_9x9_scratch\checkpoints\cycle_0031.pt,p1_win,1.0,91
973,runs\models_9x9_heads\best.pt,runs\models_9x9_scratch\checkpoints\cycle_0031.pt,runs\models_9x9_scratch\checkpoints\cycle_0031.pt,runs\models_9x9_heads\best.pt,draw,0.5,98
974,runs\models_9x9_heads\best.pt,runs\models_9x9_scratch\checkpoints\cycle_0031.pt,runs\models_9x9_scratch\checkpoints\cycle_0031.pt,runs\models_9x9_heads\best.pt,p2_win,1.0,98
975,runs\models_9x9_heads\best.pt,runs\models_9x9_scratch\checkpoints\cycle_0031.pt,runs\models_9x9_heads\best.pt,runs\models_9x9_scratch\checkpoints\cycle_0031.pt,p1_win,1.0,97
976,runs\models_9x9_heads\best.pt,runs\models_9x9_scratch\checkpoints\cycle_0031.pt,runs\models_9x9_scratch\checkpoints\cycle_0031.pt,runs\models_9x9_heads\best.pt,p2_win,1.0,92
977,runs\models_9x9_heads\best.pt,runs\models_9x9_scratch\checkpoints\cycle_0031.pt,runs\models_9x9_heads\best.pt,runs\models_9x9_scratch\checkpoints\cycle_0031.pt,draw,0.5,100
978,runs\models_9x9_heads\best.pt,runs\models_9x9_scratch\checkpoints\cycle_0031.pt,runs\models_9x9_heads\best.pt,runs\models_9x9_scratch\checkpoints\cycle_0031.pt,p1_win,1.0,97
979,runs\models_9x9_heads\best.pt,runs\models_9x9_scratch\checkpoints\cycle_0031.pt,runs\models_9x9_scratch\checkpoints\cycle_0031.pt,runs\models_9x9_heads\best.pt,draw,0.5,100
980,runs\models_9x9_heads\best.pt,runs\models_9x9_scratch\checkpoints\cycle_0031.pt,runs\models_9x9_scratch\checkpoints\cycle_0031.pt,runs\models_9x9_heads\best.pt,p2_win,1.0,94
981,runs\models_9x9_heads\best.pt,runs\models_9x9_scratch\checkpoints\cycle_0031.pt,runs\models_9x9_heads\best.pt,runs\models_9x9_scratch\checkpoints\cycle_0031.pt,draw,0.5,100
982,runs\models_9x9_heads\best.pt,runs\models_9x9_scratch\checkpoints\cycle_0031.pt,runs\models_9x9_heads\best.pt,runs\models_9x9_scratch\checkpoints\cycle_0031.pt,draw,0.5,98
983,runs\models_9x9_heads\best.pt,runs\models_9x9_scratch\checkpoints\cycle_0031.pt,runs\models_9x9_heads\best.pt,runs\models_9x9_scratch\checkpoints\cycle_0031.pt,p1_win,1.0,95
984,runs\models_9x9_heads\best.pt,runs\models_9x9_scratch\checkpoints\cycle_0031.pt,runs\models_9x9_scratch\checkpoints\cycle_0031.pt,runs\models_9x9_heads\best.pt,p2_win,1.0,100
985,runs\models_9x9_heads\best.pt,runs\models_9x9_scratch\checkpoints\cycle_0031.pt,runs\models_9x9_heads\best.pt,runs\models_9x9_scratch\checkpoints\cycle_0031.pt,draw,0.5,100
986,runs\models_9x9_heads\best.pt,runs\models_9x9_scratch\checkpoints\cycle_0031.pt,runs\models_9x9_heads\best.pt,runs\models_9x9_scratch\checkpoints\cycle_0031.pt,draw,0.5,100
987,runs\models_9x9_heads\best.pt,runs\models_9x9_scratch\checkpoints\cycle_0031.pt,runs\models_9x9_scratch\checkpoints\cycle_0031.pt,runs\models_9x9_heads\best.pt,p2_win,1.0,100
988,runs\models_9x9_heads\best.pt,runs\models_9x9_scratch\checkpoints\cycle_0031.pt,runs\models_9x9_heads\best.pt,runs\models_9x9_scratch\checkpoints\cycle_0031.pt,draw,0.5,100
989,runs\models_9x9_heads\best.pt,runs\models_9x9_scratch\checkpoints\cycle_0031.pt,runs\models_9x9_scratch\checkpoints\cycle_0031.pt,runs\models_9x9_heads\best.pt,p2_win,1.0,96
990,runs\models_9x9_heads\best.pt,runs\models_9x9_scratch\checkpoints\cycle_0031.pt,runs\models_9x9_scratch\checkpoints\cycle_0031.pt,runs\models_9x9_heads\best.pt,draw,0.5,100
991,runs\models_9x9_heads\best.pt,runs\models_9x9_scratch\checkpoints\cycle_0031.pt,runs\models_9x9_heads\best.pt,runs\models_9x9_scratch\checkpoints\cycle_0031.pt,draw,0.5,100
992,runs\models_9x9_heads\best.pt,runs\models_9x9_scratch\checkpoints\cycle_0031.pt,runs\models_9x9_scratch\checkpoints\cycle_0031.pt,runs\models_9x9_heads\best.pt,p2_win,1.0,100
993,runs\models_9x9_heads\best.pt,runs\models_9x9_scratch\checkpoints\cycle_0031.pt,runs\models_9x9_heads\best.pt,runs\models_9x9_scratch\checkpoints\cycle_0031.pt,draw,0.5,100
994,runs\models_9x9_heads\best.pt,runs\models_9x9_scratch\checkpoints\cycle_0031.pt,runs\models_9x9_heads\best.pt,runs\models_9x9_scratch\checkpoints\cycle_0031.pt,draw,0.5,100
995,runs\models_9x9_heads\best.pt,runs\models_9x9_scratch\checkpoints\cycle_0031.pt,runs\models_9x9_scratch\checkpoints\cycle_0031.pt,runs\models_9x9_heads\best.pt,draw,0.5,100
996,runs\models_9x9_heads\best.pt,runs\models_9x9_scratch\checkpoints\cycle_0031.pt,runs\models_9x9_scratch\checkpoints\cycle_0031.pt,runs\models_9x9_heads\best.pt,draw,0.5,100
997,runs\models_9x9_heads\best.pt,runs\models_9x9_scratch\checkpoints\cycle_0031.pt,runs\models_9x9_scratch\checkpoints\cycle_0031.pt,runs\models_9x9_heads\best.pt,draw,0.5,100
998,runs\models_9x9_heads\best.pt,runs\models_9x9_scratch\checkpoints\cycle_0031.pt,runs\models_9x9_scratch\checkpoints\cycle_0031.pt,runs\models_9x9_heads\best.pt,draw,0.5,100
999,runs\models_9x9_heads\best.pt,runs\models_9x9_scratch\checkpoints\cycle_0031.pt,runs\models_9x9_heads\best.pt,runs\models_9x9_scratch\checkpoints\cycle_0031.pt,draw,0.5,100
1000,runs\models_9x9_heads\best.pt,runs\models_9x9_scratch\checkpoints\cycle_0031.pt,runs\models_9x9_scratch\checkpoints\cycle_0031.pt,runs\models_9x9_heads\best.pt,draw,0.5,100
1001,runs\models_9x9_heads\best.pt,runs\models_9x9_scratch\checkpoints\cycle_0061.pt,runs\models_9x9_heads\best.pt,runs\models_9x9_scratch\checkpoints\cycle_0061.pt,p1_win,1.0,35
1002,runs\models_9x9_heads\best.pt,runs\models_9x9_scratch\checkpoints\cycle_0061.pt,runs\models_9x9_scratch\checkpoints\cycle_0061.pt,runs\models_9x9_heads\best.pt,p1_win,0.0,35
1003,runs\models_9x9_heads\best.pt,runs\models_9x9_scratch\checkpoints\cycle_0061.pt,runs\models_9x9_heads\best.pt,runs\models_9x9_scratch\checkpoints\cycle_0061.pt,p1_win,1.0,37
1004,runs\models_9x9_heads\best.pt,runs\models_9x9_scratch\checkpoints\cycle_0061.pt,runs\models_9x9_scratch\checkpoints\cycle_0061.pt,runs\models_9x9_heads\best.pt,p2_win,1.0,40
1005,runs\models_9x9_heads\best.pt,runs\models_9x9_scratch\checkpoints\cycle_0061.pt,runs\models_9x9_scratch\checkpoints\cycle_0061.pt,runs\models_9x9_heads\best.pt,p1_win,0.0,39
1006,runs\models_9x9_heads\best.pt,runs\models_9x9_scratch\checkpoints\cycle_0061.pt,runs\models_9x9_heads\best.pt,runs\models_9x9_scratch\checkpoints\cycle_0061.pt,p1_win,1.0,41
1007,runs\models_9x9_heads\best.pt,runs\models_9x9_scratch\checkpoints\cycle_0061.pt,runs\models_9x9_heads\best.pt,runs\models_9x9_scratch\checkpoints\cycle_0061.pt,p1_win,1.0,43
1008,runs\models_9x9_heads\best.pt,runs\models_9x9_scratch\checkpoints\cycle_0061.pt,runs\models_9x9_heads\best.pt,runs\models_9x9_scratch\checkpoints\cycle_0061.pt,p1_win,1.0,43
1009,runs\models_9x9_heads\best.pt,runs\models_9x9_scratch\checkpoints\cycle_0061.pt,runs\models_9x9_heads\best.pt,runs\models_9x9_scratch\checkpoints\cycle_0061.pt,p1_win,1.0,41
1010,runs\models_9x9_heads\best.pt,runs\models_9x9_scratch\checkpoints\cycle_0061.pt,runs\models_9x9_scratch\checkpoints\cycle_0061.pt,runs\models_9x9_heads\best.pt,p2_win,1.0,46
1011,runs\models_9x9_heads\best.pt,runs\models_9x9_scratch\checkpoints\cycle_0061.pt,runs\models_9x9_scratch\checkpoints\cycle_0061.pt,runs\models_9x9_heads\best.pt,p2_win,1.0,46
1012,runs\models_9x9_heads\best.pt,runs\models_9x9_scratch\checkpoints\cycle_0061.pt,runs\models_9x9_heads\best.pt,runs\models_9x9_scratch\checkpoints\cycle_0061.pt,p1_win,1.0,43
1013,runs\models_9x9_heads\best.pt,runs\models_9x9_scratch\checkpoints\cycle_0061.pt,runs\models_9x9_scratch\checkpoints\cycle_0061.pt,runs\models_9x9_heads\best.pt,p2_win,1.0,42
1014,runs\models_9x9_heads\best.pt,runs\models_9x9_scratch\checkpoints\cycle_0061.pt,runs\models_9x9_heads\best.pt,runs\models_9x9_scratch\checkpoints\cycle_0061.pt,p1_win,1.0,43
1015,runs\models_9x9_heads\best.pt,runs\models_9x9_scratch\checkpoints\cycle_0061.pt,runs\models_9x9_heads\best.pt,runs\models_9x9_scratch\checkpoints\cycle_0061.pt,p1_win,1.0,43
1016,runs\models_9x9_heads\best.pt,runs\models_9x9_scratch\checkpoints\cycle_0061.pt,runs\models_9x9_heads\best.pt,runs\models_9x9_scratch\checkpoints\cycle_0061.pt,p1_win,1.0,49
1017,runs\models_9x9_heads\best.pt,runs\models_9x9_scratch\checkpoints\cycle_0061.pt,runs\models_9x9_heads\best.pt,runs\models_9x9_scratch\checkpoints\cycle_0061.pt,p1_win,1.0,43
1018,runs\models_9x9_heads\best.pt,runs\models_9x9_scratch\checkpoints\cycle_0061.pt,runs\models_9x9_heads\best.pt,runs\models_9x9_scratch\checkpoints\cycle_0061.pt,p1_win,1.0,43
1019,runs\models_9x9_heads\best.pt,runs\models_9x9_scratch\checkpoints\cycle_0061.pt,runs\models_9x9_heads\best.pt,runs\models_9x9_scratch\checkpoints\cycle_0061.pt,p1_win,1.0,43
1020,runs\models_9x9_heads\best.pt,runs\models_9x9_scratch\checkpoints\cycle_0061.pt,runs\models_9x9_scratch\checkpoints\cycle_0061.pt,runs\models_9x9_heads\best.pt,p2_win,1.0,46
1021,runs\models_9x9_heads\best.pt,runs\models_9x9_scratch\checkpoints\cycle_0061.pt,runs\models_9x9_heads\best.pt,runs\models_9x9_scratch\checkpoints\cycle_0061.pt,p1_win,1.0,43
1022,runs\models_9x9_heads\best.pt,runs\models_9x9_scratch\checkpoints\cycle_0061.pt,runs\models_9x9_scratch\checkpoints\cycle_0061.pt,runs\models_9x9_heads\best.pt,p1_win,0.0,45
1023,runs\models_9x9_heads\best.pt,runs\models_9x9_scratch\checkpoints\cycle_0061.pt,runs\models_9x9_heads\best.pt,runs\models_9x9_scratch\checkpoints\cycle_0061.pt,p1_win,1.0,43
1024,runs\models_9x9_heads\best.pt,runs\models_9x9_scratch\checkpoints\cycle_0061.pt,runs\models_9x9_heads\best.pt,runs\models_9x9_scratch\checkpoints\cycle_0061.pt,p1_win,1.0,45
1025,runs\models_9x9_heads\best.pt,runs\models_9x9_scratch\checkpoints\cycle_0061.pt,runs\models_9x9_heads\best.pt,runs\models_9x9_scratch\checkpoints\cycle_0061.pt,p1_win,1.0,45
1026,runs\models_9x9_heads\best.pt,runs\models_9x9_scratch\checkpoints\cycle_0061.pt,runs\models_9x9_heads\best.pt,runs\models_9x9_scratch\checkpoints\cycle_0061.pt,p1_win,1.0,45
1027,runs\models_9x9_heads\best.pt,runs\models_9x9_scratch\checkpoints\cycle_0061.pt,runs\models_9x9_heads\best.pt,runs\models_9x9_scratch\checkpoints\cycle_0061.pt,p1_win,1.0,47
1028,runs\models_9x9_heads\best.pt,runs\models_9x9_scratch\checkpoints\cycle_0061.pt,runs\models_9x9_heads\best.pt,runs\models_9x9_scratch\checkpoints\cycle_0061.pt,p1_win,1.0,47
1029,runs\models_9x9_heads\best.pt,runs\models_9x9_scratch\checkpoints\cycle_0061.pt,runs\models_9x9_heads\best.pt,runs\models_9x9_scratch\checkpoints\cycle_0061.pt,p1_win,1.0,47
1030,runs\models_9x9_heads\best.pt,runs\models_9x9_scratch\checkpoints\cycle_0061.pt,runs\models_9x9_heads\best.pt,runs\models_9x9_scratch\checkpoints\cycle_0061.pt,p1_win,1.0,47
1031,runs\models_9x9_heads\best.pt,runs\models_9x9_scratch\checkpoints\cycle_0061.pt,runs\models_9x9_heads\best.pt,runs\models_9x9_scratch\checkpoints\cycle_0061.pt,p1_win,1.0,45
1032,runs\models_9x9_heads\best.pt,runs\models_9x9_scratch\checkpoints\cycle_0061.pt,runs\models_9x9_heads\best.pt,runs\models_9x9_scratch\checkpoints\cycle_0061.pt,p1_win,1.0,47
1033,runs\models_9x9_heads\best.pt,runs\models_9x9_scratch\checkpoints\cycle_0061.pt,runs\models_9x9_heads\best.pt,runs\models_9x9_scratch\checkpoints\cycle_0061.pt,p1_win,1.0,49
1034,runs\models_9x9_heads\best.pt,runs\models_9x9_scratch\checkpoints\cycle_0061.pt,runs\models_9x9_heads\best.pt,runs\models_9x9_scratch\checkpoints\cycle_0061.pt,p1_win,1.0,51
1035,runs\models_9x9_heads\best.pt,runs\models_9x9_scratch\checkpoints\cycle_0061.pt,runs\models_9x9_heads\best.pt,runs\models_9x9_scratch\checkpoints\cycle_0061.pt,p1_win,1.0,47
1036,runs\models_9x9_heads\best.pt,runs\models_9x9_scratch\checkpoints\cycle_0061.pt,runs\models_9x9_heads\best.pt,runs\models_9x9_scratch\checkpoints\cycle_0061.pt,p1_win,1.0,47
1037,runs\models_9x9_heads\best.pt,runs\models_9x9_scratch\checkpoints\cycle_0061.pt,runs\models_9x9_heads\best.pt,runs\models_9x9_scratch\checkpoints\cycle_0061.pt,p1_win,1.0,47
1038,runs\models_9x9_heads\best.pt,runs\models_9x9_scratch\checkpoints\cycle_0061.pt,runs\models_9x9_scratch\checkpoints\cycle_0061.pt,runs\models_9x9_heads\best.pt,p2_win,1.0,48
1039,runs\models_9x9_heads\best.pt,runs\models_9x9_scratch\checkpoints\cycle_0061.pt,runs\models_9x9_scratch\checkpoints\cycle_0061.pt,runs\models_9x9_heads\best.pt,p2_win,1.0,50
1040,runs\models_9x9_heads\best.pt,runs\models_9x9_scratch\checkpoints\cycle_0061.pt,runs\models_9x9_scratch\checkpoints\cycle_0061.pt,runs\models_9x9_heads\best.pt,p2_win,1.0,52
1041,runs\models_9x9_heads\best.pt,runs\models_9x9_scratch\checkpoints\cycle_0061.pt,runs\models_9x9_scratch\checkpoints\cycle_0061.pt,runs\models_9x9_heads\best.pt,p2_win,1.0,52
1042,runs\models_9x9_heads\best.pt,runs\models_9x9_scratch\checkpoints\cycle_0061.pt,runs\models_9x9_heads\best.pt,runs\models_9x9_scratch\checkpoints\cycle_0061.pt,p1_win,1.0,47
1043,runs\models_9x9_heads\best.pt,runs\models_9x9_scratch\checkpoints\cycle_0061.pt,runs\models_9x9_heads\best.pt,runs\models_9x9_scratch\checkpoints\cycle_0061.pt,p1_win,1.0,47
1044,runs\models_9x9_heads\best.pt,runs\models_9x9_scratch\checkpoints\cycle_0061.pt,runs\models_9x9_heads\best.pt,runs\models_9x9_scratch\checkpoints\cycle_0061.pt,p1_win,1.0,49
1045,runs\models_9x9_heads\best.pt,runs\models_9x9_scratch\checkpoints\cycle_0061.pt,runs\models_9x9_heads\best.pt,runs\models_9x9_scratch\checkpoints\cycle_0061.pt,p1_win,1.0,47
1046,runs\models_9x9_heads\best.pt,runs\models_9x9_scratch\checkpoints\cycle_0061.pt,runs\models_9x9_heads\best.pt,runs\models_9x9_scratch\checkpoints\cycle_0061.pt,p1_win,1.0,47
1047,runs\models_9x9_heads\best.pt,runs\models_9x9_scratch\checkpoints\cycle_0061.pt,runs\models_9x9_scratch\checkpoints\cycle_0061.pt,runs\models_9x9_heads\best.pt,p2_win,1.0,48
1048,runs\models_9x9_heads\best.pt,runs\models_9x9_scratch\checkpoints\cycle_0061.pt,runs\models_9x9_heads\best.pt,runs\models_9x9_scratch\checkpoints\cycle_0061.pt,p1_win,1.0,47
1049,runs\models_9x9_heads\best.pt,runs\models_9x9_scratch\checkpoints\cycle_0061.pt,runs\models_9x9_heads\best.pt,runs\models_9x9_scratch\checkpoints\cycle_0061.pt,p1_win,1.0,47
1050,runs\models_9x9_heads\best.pt,runs\models_9x9_scratch\checkpoints\cycle_0061.pt,runs\models_9x9_heads\best.pt,runs\models_9x9_scratch\checkpoints\cycle_0061.pt,p1_win,1.0,51
1051,runs\models_9x9_heads\best.pt,runs\models_9x9_scratch\checkpoints\cycle_0061.pt,runs\models_9x9_heads\best.pt,runs\models_9x9_scratch\checkpoints\cycle_0061.pt,p1_win,1.0,49
1052,runs\models_9x9_heads\best.pt,runs\models_9x9_scratch\checkpoints\cycle_0061.pt,runs\models_9x9_scratch\checkpoints\cycle_0061.pt,runs\models_9x9_heads\best.pt,p2_win,1.0,50
1053,runs\models_9x9_heads\best.pt,runs\models_9x9_scratch\checkpoints\cycle_0061.pt,runs\models_9x9_heads\best.pt,runs\models_9x9_scratch\checkpoints\cycle_0061.pt,p1_win,1.0,47
1054,runs\models_9x9_heads\best.pt,runs\models_9x9_scratch\checkpoints\cycle_0061.pt,runs\models_9x9_heads\best.pt,runs\models_9x9_scratch\checkpoints\cycle_0061.pt,p1_win,1.0,49
1055,runs\models_9x9_heads\best.pt,runs\models_9x9_scratch\checkpoints\cycle_0061.pt,runs\models_9x9_scratch\checkpoints\cycle_0061.pt,runs\models_9x9_heads\best.pt,p2_win,1.0,52
1056,runs\models_9x9_heads\best.pt,runs\models_9x9_scratch\checkpoints\cycle_0061.pt,runs\models_9x9_scratch\checkpoints\cycle_0061.pt,runs\models_9x9_heads\best.pt,p2_win,1.0,54
1057,runs\models_9x9_heads\best.pt,runs\models_9x9_scratch\checkpoints\cycle_0061.pt,runs\models_9x9_heads\best.pt,runs\models_9x9_scratch\checkpoints\cycle_0061.pt,p1_win,1.0,49
1058,runs\models_9x9_heads\best.pt,runs\models_9x9_scratch\checkpoints\cycle_0061.pt,runs\models_9x9_scratch\checkpoints\cycle_0061.pt,runs\models_9x9_heads\best.pt,p2_win,1.0,52
1059,runs\models_9x9_heads\best.pt,runs\models_9x9_scratch\checkpoints\cycle_0061.pt,runs\models_9x9_scratch\checkpoints\cycle_0061.pt,runs\models_9x9_heads\best.pt,p2_win,1.0,50
1060,runs\models_9x9_heads\best.pt,runs\models_9x9_scratch\checkpoints\cycle_0061.pt,runs\models_9x9_scratch\checkpoints\cycle_0061.pt,runs\models_9x9_heads\best.pt,p2_win,1.0,52
1061,runs\models_9x9_heads\best.pt,runs\models_9x9_scratch\checkpoints\cycle_0061.pt,runs\models_9x9_heads\best.pt,runs\models_9x9_scratch\checkpoints\cycle_0061.pt,p1_win,1.0,51
1062,runs\models_9x9_heads\best.pt,runs\models_9x9_scratch\checkpoints\cycle_0061.pt,runs\models_9x9_heads\best.pt,runs\models_9x9_scratch\checkpoints\cycle_0061.pt,p1_win,1.0,49
1063,runs\models_9x9_heads\best.pt,runs\models_9x9_scratch\checkpoints\cycle_0061.pt,runs\models_9x9_scratch\checkpoints\cycle_0061.pt,runs\models_9x9_heads\best.pt,p2_win,1.0,56
1064,runs\models_9x9_heads\best.pt,runs\models_9x9_scratch\checkpoints\cycle_0061.pt,runs\models_9x9_scratch\checkpoints\cycle_0061.pt,runs\models_9x9_heads\best.pt,p2_win,1.0,54
1065,runs\models_9x9_heads\best.pt,runs\models_9x9_scratch\checkpoints\cycle_0061.pt,runs\models_9x9_heads\best.pt,runs\models_9x9_scratch\checkpoints\cycle_0061.pt,p1_win,1.0,49
1066,runs\models_9x9_heads\best.pt,runs\models_9x9_scratch\checkpoints\cycle_0061.pt,runs\models_9x9_heads\best.pt,runs\models_9x9_scratch\checkpoints\cycle_0061.pt,p1_win,1.0,49
1067,runs\models_9x9_heads\best.pt,runs\models_9x9_scratch\checkpoints\cycle_0061.pt,runs\models_9x9_heads\best.pt,runs\models_9x9_scratch\checkpoints\cycle_0061.pt,p1_win,1.0,49
1068,runs\models_9x9_heads\best.pt,runs\models_9x9_scratch\checkpoints\cycle_0061.pt,runs\models_9x9_heads\best.pt,runs\models_9x9_scratch\checkpoints\cycle_0061.pt,p1_win,1.0,49
1069,runs\models_9x9_heads\best.pt,runs\models_9x9_scratch\checkpoints\cycle_0061.pt,runs\models_9x9_scratch\checkpoints\cycle_0061.pt,runs\models_9x9_heads\best.pt,p2_win,1.0,54
1070,runs\models_9x9_heads\best.pt,runs\models_9x9_scratch\checkpoints\cycle_0061.pt,runs\models_9x9_scratch\checkpoints\cycle_0061.pt,runs\models_9x9_heads\best.pt,p2_win,1.0,50
1071,runs\models_9x9_heads\best.pt,runs\models_9x9_scratch\checkpoints\cycle_0061.pt,runs\models_9x9_scratch\checkpoints\cycle_0061.pt,runs\models_9x9_heads\best.pt,p2_win,1.0,54
1072,runs\models_9x9_heads\best.pt,runs\models_9x9_scratch\checkpoints\cycle_0061.pt,runs\models_9x9_scratch\checkpoints\cycle_0061.pt,runs\models_9x9_heads\best.pt,p2_win,1.0,52
1073,runs\models_9x9_heads\best.pt,runs\models_9x9_scratch\checkpoints\cycle_0061.pt,runs\models_9x9_scratch\checkpoints\cycle_0061.pt,runs\models_9x9_heads\best.pt,p2_win,1.0,52
1074,runs\models_9x9_heads\best.pt,runs\models_9x9_scratch\checkpoints\cycle_0061.pt,runs\models_9x9_heads\best.pt,runs\models_9x9_scratch\checkpoints\cycle_0061.pt,p1_win,1.0,49
1075,runs\models_9x9_heads\best.pt,runs\models_9x9_scratch\checkpoints\cycle_0061.pt,runs\models_9x9_heads\best.pt,runs\models_9x9_scratch\checkpoints\cycle_0061.pt,p1_win,1.0,51
1076,runs\models_9x9_heads\best.pt,runs\models_9x9_scratch\checkpoints\cycle_0061.pt,runs\models_9x9_scratch\checkpoints\cycle_0061.pt,runs\models_9x9_heads\best.pt,p2_win,1.0,58
1077,runs\models_9x9_heads\best.pt,runs\models_9x9_scratch\checkpoints\cycle_0061.pt,runs\models_9x9_heads\best.pt,runs\models_9x9_scratch\checkpoints\cycle_0061.pt,p2_win,0.0,56
1078,runs\models_9x9_heads\best.pt,runs\models_9x9_scratch\checkpoints\cycle_0061.pt,runs\models_9x9_heads\best.pt,runs\models_9x9_scratch\checkpoints\cycle_0061.pt,p1_win,1.0,51
1079,runs\models_9x9_heads\best.pt,runs\models_9x9_scratch\checkpoints\cycle_0061.pt,runs\models_9x9_heads\best.pt,runs\models_9x9_scratch\checkpoints\cycle_0061.pt,p1_win,1.0,49
1080,runs\models_9x9_heads\best.pt,runs\models_9x9_scratch\checkpoints\cycle_0061.pt,runs\models_9x9_scratch\checkpoints\cycle_0061.pt,runs\models_9x9_heads\best.pt,p1_win,0.0,59
1081,runs\models_9x9_heads\best.pt,runs\models_9x9_scratch\checkpoints\cycle_0061.pt,runs\models_9x9_heads\best.pt,runs\models_9x9_scratch\checkpoints\cycle_0061.pt,p1_win,1.0,51
1082,runs\models_9x9_heads\best.pt,runs\models_9x9_scratch\checkpoints\cycle_0061.pt,runs\models_9x9_scratch\checkpoints\cycle_0061.pt,runs\models_9x9_heads\best.pt,p2_win,1.0,54
1083,runs\models_9x9_heads\best.pt,runs\models_9x9_scratch\checkpoints\cycle_0061.pt,runs\models_9x9_scratch\checkpoints\cycle_0061.pt,runs\models_9x9_heads\best.pt,p2_win,1.0,54
1084,runs\models_9x9_heads\best.pt,runs\models_9x9_scratch\checkpoints\cycle_0061.pt,runs\models_9x9_heads\best.pt,runs\models_9x9_scratch\checkpoints\cycle_0061.pt,p1_win,1.0,51
1085,runs\models_9x9_heads\best.pt,runs\models_9x9_scratch\checkpoints\cycle_0061.pt,runs\models_9x9_scratch\checkpoints\cycle_0061.pt,runs\models_9x9_heads\best.pt,p2_win,1.0,54
1086,runs\models_9x9_heads\best.pt,runs\models_9x9_scratch\checkpoints\cycle_0061.pt,runs\models_9x9_heads\best.pt,runs\models_9x9_scratch\checkpoints\cycle_0061.pt,p1_win,1.0,51
1087,runs\models_9x9_heads\best.pt,runs\models_9x9_scratch\checkpoints\cycle_0061.pt,runs\models_9x9_heads\best.pt,runs\models_9x9_scratch\checkpoints\cycle_0061.pt,p1_win,1.0,51
1088,runs\models_9x9_heads\best.pt,runs\models_9x9_scratch\checkpoints\cycle_0061.pt,runs\models_9x9_heads\best.pt,runs\models_9x9_scratch\checkpoints\cycle_0061.pt,p1_win,1.0,51
1089,runs\models_9x9_heads\best.pt,runs\models_9x9_scratch\checkpoints\cycle_0061.pt,runs\models_9x9_scratch\checkpoints\cycle_0061.pt,runs\models_9x9_heads\best.pt,p2_win,1.0,52
1090,runs\models_9x9_heads\best.pt,runs\models_9x9_scratch\checkpoints\cycle_0061.pt,runs\models_9x9_scratch\checkpoints\cycle_0061.pt,runs\models_9x9_heads\best.pt,p2_win,1.0,52
1091,runs\models_9x9_heads\best.pt,runs\models_9x9_scratch\checkpoints\cycle_0061.pt,runs\models_9x9_heads\best.pt,runs\models_9x9_scratch\checkpoints\cycle_0061.pt,p1_win,1.0,51
1092,runs\models_9x9_heads\best.pt,runs\models_9x9_scratch\checkpoints\cycle_0061.pt,runs\models_9x9_scratch\checkpoints\cycle_0061.pt,runs\models_9x9_heads\best.pt,p2_win,1.0,56
1093,runs\models_9x9_heads\best.pt,runs\models_9x9_scratch\checkpoints\cycle_0061.pt,runs\models_9x9_heads\best.pt,runs\models_9x9_scratch\checkpoints\cycle_0061.pt,p1_win,1.0,51
1094,runs\models_9x9_heads\best.pt,runs\models_9x9_scratch\checkpoints\cycle_0061.pt,runs\models_9x9_scratch\checkpoints\cycle_0061.pt,runs\models_9x9_heads\best.pt,p2_win,1.0,58
1095,runs\models_9x9_heads\best.pt,runs\models_9x9_scratch\checkpoints\cycle_0061.pt,runs\models_9x9_heads\best.pt,runs\models_9x9_scratch\checkpoints\cycle_0061.pt,p1_win,1.0,59
1096,runs\models_9x9_heads\best.pt,runs\models_9x9_scratch\checkpoints\cycle_0061.pt,runs\models_9x9_scratch\checkpoints\cycle_0061.pt,runs\models_9x9_heads\best.pt,p2_win,1.0,52
1097,runs\models_9x9_heads\best.pt,runs\models_9x9_scratch\checkpoints\cycle_0061.pt,runs\models_9x9_scratch\checkpoints\cycle_0061.pt,runs\models_9x9_heads\best.pt,p2_win,1.0,56
1098,runs\models_9x9_heads\best.pt,runs\models_9x9_scratch\checkpoints\cycle_0061.pt,runs\models_9x9_scratch\checkpoints\cycle_0061.pt,runs\models_9x9_heads\best.pt,p2_win,1.0,54
1099,runs\models_9x9_heads\best.pt,runs\models_9x9_scratch\checkpoints\cycle_0061.pt,runs\models_9x9_heads\best.pt,runs\models_9x9_scratch\checkpoints\cycle_0061.pt,p1_win,1.0,51
1100,runs\models_9x9_heads\best.pt,runs\models_9x9_scratch\checkpoints\cycle_0061.pt,runs\models_9x9_scratch\checkpoints\cycle_0061.pt,runs\models_9x9_heads\best.pt,p2_win,1.0,56
1101,runs\models_9x9_heads\best.pt,runs\models_9x9_scratch\checkpoints\cycle_0061.pt,runs\models_9x9_scratch\checkpoints\cycle_0061.pt,runs\models_9x9_heads\best.pt,p2_win,1.0,52
1102,runs\models_9x9_heads\best.pt,runs\models_9x9_scratch\checkpoints\cycle_0061.pt,runs\models_9x9_heads\best.pt,runs\models_9x9_scratch\checkpoints\cycle_0061.pt,p1_win,1.0,51
1103,runs\models_9x9_heads\best.pt,runs\models_9x9_scratch\checkpoints\cycle_0061.pt,runs\models_9x9_heads\best.pt,runs\models_9x9_scratch\checkpoints\cycle_0061.pt,p1_win,1.0,55
1104,runs\models_9x9_heads\best.pt,runs\models_9x9_scratch\checkpoints\cycle_0061.pt,runs\models_9x9_scratch\checkpoints\cycle_0061.pt,runs\models_9x9_heads\best.pt,p2_win,1.0,54
1105,runs\models_9x9_heads\best.pt,runs\models_9x9_scratch\checkpoints\cycle_0061.pt,runs\models_9x9_scratch\checkpoints\cycle_0061.pt,runs\models_9x9_heads\best.pt,p2_win,1.0,54
1106,runs\models_9x9_heads\best.pt,runs\models_9x9_scratch\checkpoints\cycle_0061.pt,runs\models_9x9_heads\best.pt,runs\models_9x9_scratch\checkpoints\cycle_0061.pt,p1_win,1.0,55
1107,runs\models_9x9_heads\best.pt,runs\models_9x9_scratch\checkpoints\cycle_0061.pt,runs\models_9x9_scratch\checkpoints\cycle_0061.pt,runs\models_9x9_heads\best.pt,p2_win,1.0,60
1108,runs\models_9x9_heads\best.pt,runs\models_9x9_scratch\checkpoints\cycle_0061.pt,runs\models_9x9_scratch\checkpoints\cycle_0061.pt,runs\models_9x9_heads\best.pt,p2_win,1.0,58
1109,runs\models_9x9_heads\best.pt,runs\models_9x9_scratch\checkpoints\cycle_0061.pt,runs\models_9x9_heads\best.pt,runs\models_9x9_scratch\checkpoints\cycle_0061.pt,p1_win,1.0,53
1110,runs\models_9x9_heads\best.pt,runs\models_9x9_scratch\checkpoints\cycle_0061.pt,runs\models_9x9_scratch\checkpoints\cycle_0061.pt,runs\models_9x9_heads\best.pt,p2_win,1.0,56
1111,runs\models_9x9_heads\best.pt,runs\models_9x9_scratch\checkpoints\cycle_0061.pt,runs\models_9x9_heads\best.pt,runs\models_9x9_scratch\checkpoints\cycle_0061.pt,p1_win,1.0,55
1112,runs\models_9x9_heads\best.pt,runs\models_9x9_scratch\checkpoints\cycle_0061.pt,runs\models_9x9_heads\best.pt,runs\models_9x9_scratch\checkpoints\cycle_0061.pt,p1_win,1.0,53
1113,runs\models_9x9_heads\best.pt,runs\models_9x9_scratch\checkpoints\cycle_0061.pt,runs\models_9x9_heads\best.pt,runs\models_9x9_scratch\checkpoints\cycle_0061.pt,p1_win,1.0,55
1114,runs\models_9x9_heads\best.pt,runs\models_9x9_scratch\checkpoints\cycle_0061.pt,runs\models_9x9_scratch\checkpoints\cycle_0061.pt,runs\models_9x9_heads\best.pt,p2_win,1.0,58
1115,runs\models_9x9_heads\best.pt,runs\models_9x9_scratch\checkpoints\cycle_0061.pt,runs\models_9x9_heads\best.pt,runs\models_9x9_scratch\checkpoints\cycle_0061.pt,p1_win,1.0,55
1116,runs\models_9x9_heads\best.pt,runs\models_9x9_scratch\checkpoints\cycle_0061.pt,runs\models_9x9_scratch\checkpoints\cycle_0061.pt,runs\models_9x9_heads\best.pt,p2_win,1.0,60
1117,runs\models_9x9_heads\best.pt,runs\models_9x9_scratch\checkpoints\cycle_0061.pt,runs\models_9x9_heads\best.pt,runs\models_9x9_scratch\checkpoints\cycle_0061.pt,p1_win,1.0,53
1118,runs\models_9x9_heads\best.pt,runs\models_9x9_scratch\checkpoints\cycle_0061.pt,runs\models_9x9_heads\best.pt,runs\models_9x9_scratch\checkpoints\cycle_0061.pt,p1_win,1.0,57
1119,runs\models_9x9_heads\best.pt,runs\models_9x9_scratch\checkpoints\cycle_0061.pt,runs\models_9x9_heads\best.pt,runs\models_9x9_scratch\checkpoints\cycle_0061.pt,p1_win,1.0,53
1120,runs\models_9x9_heads\best.pt,runs\models_9x9_scratch\checkpoints\cycle_0061.pt,runs\models_9x9_heads\best.pt,runs\models_9x9_scratch\checkpoints\cycle_0061.pt,p1_win,1.0,55
1121,runs\models_9x9_heads\best.pt,runs\models_9x9_scratch\checkpoints\cycle_0061.pt,runs\models_9x9_heads\best.pt,runs\models_9x9_scratch\checkpoints\cycle_0061.pt,p1_win,1.0,57
1122,runs\models_9x9_heads\best.pt,runs\models_9x9_scratch\checkpoints\cycle_0061.pt,runs\models_9x9_heads\best.pt,runs\models_9x9_scratch\checkpoints\cycle_0061.pt,p1_win,1.0,57
1123,runs\models_9x9_heads\best.pt,runs\models_9x9_scratch\checkpoints\cycle_0061.pt,runs\models_9x9_heads\best.pt,runs\models_9x9_scratch\checkpoints\cycle_0061.pt,p1_win,1.0,53
1124,runs\models_9x9_heads\best.pt,runs\models_9x9_scratch\checkpoints\cycle_0061.pt,runs\models_9x9_heads\best.pt,runs\models_9x9_scratch\checkpoints\cycle_0061.pt,p1_win,1.0,57
1125,runs\models_9x9_heads\best.pt,runs\models_9x9_scratch\checkpoints\cycle_0061.pt,runs\models_9x9_heads\best.pt,runs\models_9x9_scratch\checkpoints\cycle_0061.pt,p1_win,1.0,57
1126,runs\models_9x9_heads\best.pt,runs\models_9x9_scratch\checkpoints\cycle_0061.pt,runs\models_9x9_scratch\checkpoints\cycle_0061.pt,runs\models_9x9_heads\best.pt,p2_win,1.0,58
1127,runs\models_9x9_heads\best.pt,runs\models_9x9_scratch\checkpoints\cycle_0061.pt,runs\models_9x9_scratch\checkpoints\cycle_0061.pt,runs\models_9x9_heads\best.pt,p2_win,1.0,56
1128,runs\models_9x9_heads\best.pt,runs\models_9x9_scratch\checkpoints\cycle_0061.pt,runs\models_9x9_heads\best.pt,runs\models_9x9_scratch\checkpoints\cycle_0061.pt,p1_win,1.0,53
1129,runs\models_9x9_heads\best.pt,runs\models_9x9_scratch\checkpoints\cycle_0061.pt,runs\models_9x9_scratch\checkpoints\cycle_0061.pt,runs\models_9x9_heads\best.pt,p2_win,1.0,56
1130,runs\models_9x9_heads\best.pt,runs\models_9x9_scratch\checkpoints\cycle_0061.pt,runs\models_9x9_scratch\checkpoints\cycle_0061.pt,runs\models_9x9_heads\best.pt,p2_win,1.0,60
1131,runs\models_9x9_heads\best.pt,runs\models_9x9_scratch\checkpoints\cycle_0061.pt,runs\models_9x9_scratch\checkpoints\cycle_0061.pt,runs\models_9x9_heads\best.pt,p2_win,1.0,54
1132,runs\models_9x9_heads\best.pt,runs\models_9x9_scratch\checkpoints\cycle_0061.pt,runs\models_9x9_scratch\checkpoints\cycle_0061.pt,runs\models_9x9_heads\best.pt,p2_win,1.0,58
1133,runs\models_9x9_heads\best.pt,runs\models_9x9_scratch\checkpoints\cycle_0061.pt,runs\models_9x9_heads\best.pt,runs\models_9x9_scratch\checkpoints\cycle_0061.pt,p1_win,1.0,61
1134,runs\models_9x9_heads\best.pt,runs\models_9x9_scratch\checkpoints\cycle_0061.pt,runs\models_9x9_scratch\checkpoints\cycle_0061.pt,runs\models_9x9_heads\best.pt,p2_win,1.0,62
1135,runs\models_9x9_heads\best.pt,runs\models_9x9_scratch\checkpoints\cycle_0061.pt,runs\models_9x9_scratch\checkpoints\cycle_0061.pt,runs\models_9x9_heads\best.pt,p2_win,1.0,54
1136,runs\models_9x9_heads\best.pt,runs\models_9x9_scratch\checkpoints\cycle_0061.pt,runs\models_9x9_scratch\checkpoints\cycle_0061.pt,runs\models_9x9_heads\best.pt,p1_win,0.0,61
1137,runs\models_9x9_heads\best.pt,runs\models_9x9_scratch\checkpoints\cycle_0061.pt,runs\models_9x9_heads\best.pt,runs\models_9x9_scratch\checkpoints\cycle_0061.pt,p1_win,1.0,57
1138,runs\models_9x9_heads\best.pt,runs\models_9x9_scratch\checkpoints\cycle_0061.pt,runs\models_9x9_heads\best.pt,runs\models_9x9_scratch\checkpoints\cycle_0061.pt,p1_win,1.0,57
1139,runs\models_9x9_heads\best.pt,runs\models_9x9_scratch\checkpoints\cycle_0061.pt,runs\models_9x9_scratch\checkpoints\cycle_0061.pt,runs\models_9x9_heads\best.pt,p2_win,1.0,60
1140,runs\models_9x9_heads\best.pt,runs\models_9x9_scratch\checkpoints\cycle_0061.pt,runs\models_9x9_heads\best.pt,runs\models_9x9_scratch\checkpoints\cycle_0061.pt,p1_win,1.0,57
1141,runs\models_9x9_heads\best.pt,runs\models_9x9_scratch\checkpoints\cycle_0061.pt,runs\models_9x9_heads\best.pt,runs\models_9x9_scratch\checkpoints\cycle_0061.pt,p1_win,1.0,57
1142,runs\models_9x9_heads\best.pt,runs\models_9x9_scratch\checkpoints\cycle_0061.pt,runs\models_9x9_scratch\checkpoints\cycle_0061.pt,runs\models_9x9_heads\best.pt,p2_win,1.0,58
1143,runs\models_9x9_heads\best.pt,runs\models_9x9_scratch\checkpoints\cycle_0061.pt,runs\models_9x9_scratch\checkpoints\cycle_0061.pt,runs\models_9x9_heads\best.pt,p2_win,1.0,56
1144,runs\models_9x9_heads\best.pt,runs\models_9x9_scratch\checkpoints\cycle_0061.pt,runs\models_9x9_scratch\checkpoints\cycle_0061.pt,runs\models_9x9_heads\best.pt,p1_win,0.0,57
1145,runs\models_9x9_heads\best.pt,runs\models_9x9_scratch\checkpoints\cycle_0061.pt,runs\models_9x9_heads\best.pt,runs\models_9x9_scratch\checkpoints\cycle_0061.pt,p1_win,1.0,55
1146,runs\models_9x9_heads\best.pt,runs\models_9x9_scratch\checkpoints\cycle_0061.pt,runs\models_9x9_scratch\checkpoints\cycle_0061.pt,runs\models_9x9_heads\best.pt,p2_win,1.0,58
1147,runs\models_9x9_heads\best.pt,runs\models_9x9_scratch\checkpoints\cycle_0061.pt,runs\models_9x9_scratch\checkpoints\cycle_0061.pt,runs\models_9x9_heads\best.pt,p2_win,1.0,60
1148,runs\models_9x9_heads\best.pt,runs\models_9x9_scratch\checkpoints\cycle_0061.pt,runs\models_9x9_scratch\checkpoints\cycle_0061.pt,runs\models_9x9_heads\best.pt,p2_win,1.0,60
1149,runs\models_9x9_heads\best.pt,runs\models_9x9_scratch\checkpoints\cycle_0061.pt,runs\models_9x9_heads\best.pt,runs\models_9x9_scratch\checkpoints\cycle_0061.pt,p1_win,1.0,57
1150,runs\models_9x9_heads\best.pt,runs\models_9x9_scratch\checkpoints\cycle_0061.pt,runs\models_9x9_heads\best.pt,runs\models_9x9_scratch\checkpoints\cycle_0061.pt,p1_win,1.0,61
1151,runs\models_9x9_heads\best.pt,runs\models_9x9_scratch\checkpoints\cycle_0061.pt,runs\models_9x9_scratch\checkpoints\cycle_0061.pt,runs\models_9x9_heads\best.pt,p2_win,1.0,60
1152,runs\models_9x9_heads\best.pt,runs\models_9x9_scratch\checkpoints\cycle_0061.pt,runs\models_9x9_heads\best.pt,runs\models_9x9_scratch\checkpoints\cycle_0061.pt,p1_win,1.0,57
1153,runs\models_9x9_heads\best.pt,runs\models_9x9_scratch\checkpoints\cycle_0061.pt,runs\models_9x9_heads\best.pt,runs\models_9x9_scratch\checkpoints\cycle_0061.pt,p1_win,1.0,57
1154,runs\models_9x9_heads\best.pt,runs\models_9x9_scratch\checkpoints\cycle_0061.pt,runs\models_9x9_scratch\checkpoints\cycle_0061.pt,runs\models_9x9_heads\best.pt,p2_win,1.0,60
1155,runs\models_9x9_heads\best.pt,runs\models_9x9_scratch\checkpoints\cycle_0061.pt,runs\models_9x9_heads\best.pt,runs\models_9x9_scratch\checkpoints\cycle_0061.pt,p1_win,1.0,59
1156,runs\models_9x9_heads\best.pt,runs\models_9x9_scratch\checkpoints\cycle_0061.pt,runs\models_9x9_scratch\checkpoints\cycle_0061.pt,runs\models_9x9_heads\best.pt,p2_win,1.0,62
1157,runs\models_9x9_heads\best.pt,runs\models_9x9_scratch\checkpoints\cycle_0061.pt,runs\models_9x9_scratch\checkpoints\cycle_0061.pt,runs\models_9x9_heads\best.pt,p2_win,1.0,58
1158,runs\models_9x9_heads\best.pt,runs\models_9x9_scratch\checkpoints\cycle_0061.pt,runs\models_9x9_scratch\checkpoints\cycle_0061.pt,runs\models_9x9_heads\best.pt,p2_win,1.0,58
1159,runs\models_9x9_heads\best.pt,runs\models_9x9_scratch\checkpoints\cycle_0061.pt,runs\models_9x9_scratch\checkpoints\cycle_0061.pt,runs\models_9x9_heads\best.pt,p2_win,1.0,62
1160,runs\models_9x9_heads\best.pt,runs\models_9x9_scratch\checkpoints\cycle_0061.pt,runs\models_9x9_scratch\checkpoints\cycle_0061.pt,runs\models_9x9_heads\best.pt,p2_win,1.0,62
1161,runs\models_9x9_heads\best.pt,runs\models_9x9_scratch\checkpoints\cycle_0061.pt,runs\models_9x9_scratch\checkpoints\cycle_0061.pt,runs\models_9x9_heads\best.pt,p2_win,1.0,56
1162,runs\models_9x9_heads\best.pt,runs\models_9x9_scratch\checkpoints\cycle_0061.pt,runs\models_9x9_heads\best.pt,runs\models_9x9_scratch\checkpoints\cycle_0061.pt,p1_win,1.0,61
1163,runs\models_9x9_heads\best.pt,runs\models_9x9_scratch\checkpoints\cycle_0061.pt,runs\models_9x9_scratch\checkpoints\cycle_0061.pt,runs\models_9x9_heads\best.pt,p2_win,1.0,56
1164,runs\models_9x9_heads\best.pt,runs\models_9x9_scratch\checkpoints\cycle_0061.pt,runs\models_9x9_heads\best.pt,runs\models_9x9_scratch\checkpoints\cycle_0061.pt,p1_win,1.0,57
1165,runs\models_9x9_heads\best.pt,runs\models_9x9_scratch\checkpoints\cycle_0061.pt,runs\models_9x9_heads\best.pt,runs\models_9x9_scratch\checkpoints\cycle_0061.pt,p1_win,1.0,61
1166,runs\models_9x9_heads\best.pt,runs\models_9x9_scratch\checkpoints\cycle_0061.pt,runs\models_9x9_heads\best.pt,runs\models_9x9_scratch\checkpoints\cycle_0061.pt,p1_win,1.0,57
1167,runs\models_9x9_heads\best.pt,runs\models_9x9_scratch\checkpoints\cycle_0061.pt,runs\models_9x9_heads\best.pt,runs\models_9x9_scratch\checkpoints\cycle_0061.pt,p1_win,1.0,57
1168,runs\models_9x9_heads\best.pt,runs\models_9x9_scratch\checkpoints\cycle_0061.pt,runs\models_9x9_heads\best.pt,runs\models_9x9_scratch\checkpoints\cycle_0061.pt,p1_win,1.0,59
1169,runs\models_9x9_heads\best.pt,runs\models_9x9_scratch\checkpoints\cycle_0061.pt,runs\models_9x9_scratch\checkpoints\cycle_0061.pt,runs\models_9x9_heads\best.pt,p2_win,1.0,56
1170,runs\models_9x9_heads\best.pt,runs\models_9x9_scratch\checkpoints\cycle_0061.pt,runs\models_9x9_heads\best.pt,runs\models_9x9_scratch\checkpoints\cycle_0061.pt,p1_win,1.0,59
1171,runs\models_9x9_heads\best.pt,runs\models_9x9_scratch\checkpoints\cycle_0061.pt,runs\models_9x9_scratch\checkpoints\cycle_0061.pt,runs\models_9x9_heads\best.pt,p2_win,1.0,62
1172,runs\models_9x9_heads\best.pt,runs\models_9x9_scratch\checkpoints\cycle_0061.pt,runs\models_9x9_scratch\checkpoints\cycle_0061.pt,runs\models_9x9_heads\best.pt,p2_win,1.0,56
1173,runs\models_9x9_heads\best.pt,runs\models_9x9_scratch\checkpoints\cycle_0061.pt,runs\models_9x9_scratch\checkpoints\cycle_0061.pt,runs\models_9x9_heads\best.pt,p2_win,1.0,60
1174,runs\models_9x9_heads\best.pt,runs\models_9x9_scratch\checkpoints\cycle_0061.pt,runs\models_9x9_heads\best.pt,runs\models_9x9_scratch\checkpoints\cycle_0061.pt,p1_win,1.0,59
1175,runs\models_9x9_heads\best.pt,runs\models_9x9_scratch\checkpoints\cycle_0061.pt,runs\models_9x9_scratch\checkpoints\cycle_0061.pt,runs\models_9x9_heads\best.pt,p1_win,0.0,59
1176,runs\models_9x9_heads\best.pt,runs\models_9x9_scratch\checkpoints\cycle_0061.pt,runs\models_9x9_heads\best.pt,runs\models_9x9_scratch\checkpoints\cycle_0061.pt,p1_win,1.0,57
1177,runs\models_9x9_heads\best.pt,runs\models_9x9_scratch\checkpoints\cycle_0061.pt,runs\models_9x9_scratch\checkpoints\cycle_0061.pt,runs\models_9x9_heads\best.pt,p2_win,1.0,60
1178,runs\models_9x9_heads\best.pt,runs\models_9x9_scratch\checkpoints\cycle_0061.pt,runs\models_9x9_scratch\checkpoints\cycle_0061.pt,runs\models_9x9_heads\best.pt,p2_win,1.0,60
1179,runs\models_9x9_heads\best.pt,runs\models_9x9_scratch\checkpoints\cycle_0061.pt,runs\models_9x9_scratch\checkpoints\cycle_0061.pt,runs\models_9x9_heads\best.pt,p2_win,1.0,62
1180,runs\models_9x9_heads\best.pt,runs\models_9x9_scratch\checkpoints\cycle_0061.pt,runs\models_9x9_scratch\checkpoints\cycle_0061.pt,runs\models_9x9_heads\best.pt,p2_win,1.0,64
1181,runs\models_9x9_heads\best.pt,runs\models_9x9_scratch\checkpoints\cycle_0061.pt,runs\models_9x9_heads\best.pt,runs\models_9x9_scratch\checkpoints\cycle_0061.pt,p1_win,1.0,63
1182,runs\models_9x9_heads\best.pt,runs\models_9x9_scratch\checkpoints\cycle_0061.pt,runs\models_9x9_heads\best.pt,runs\models_9x9_scratch\checkpoints\cycle_0061.pt,p1_win,1.0,63
1183,runs\models_9x9_heads\best.pt,runs\models_9x9_scratch\checkpoints\cycle_0061.pt,runs\models_9x9_heads\best.pt,runs\models_9x9_scratch\checkpoints\cycle_0061.pt,p2_win,0.0,60
1184,runs\models_9x9_heads\best.pt,runs\models_9x9_scratch\checkpoints\cycle_0061.pt,runs\models_9x9_heads\best.pt,runs\models_9x9_scratch\checkpoints\cycle_0061.pt,p1_win,1.0,59
1185,runs\models_9x9_heads\best.pt,runs\models_9x9_scratch\checkpoints\cycle_0061.pt,runs\models_9x9_heads\best.pt,runs\models_9x9_scratch\checkpoints\cycle_0061.pt,p1_win,1.0,65
1186,runs\models_9x9_heads\best.pt,runs\models_9x9_scratch\checkpoints\cycle_0061.pt,runs\models_9x9_heads\best.pt,runs\models_9x9_scratch\checkpoints\cycle_0061.pt,p1_win,1.0,63
1187,runs\models_9x9_heads\best.pt,runs\models_9x9_scratch\checkpoints\cycle_0061.pt,runs\models_9x9_heads\best.pt,runs\models_9x9_scratch\checkpoints\cycle_0061.pt,p1_win,1.0,61
1188,runs\models_9x9_heads\best.pt,runs\models_9x9_scratch\checkpoints\cycle_0061.pt,runs\models_9x9_heads\best.pt,runs\models_9x9_scratch\checkpoints\cycle_0061.pt,p2_win,0.0,64
1189,runs\models_9x9_heads\best.pt,runs\models_9x9_scratch\checkpoints\cycle_0061.pt,runs\models_9x9_heads\best.pt,runs\models_9x9_scratch\checkpoints\cycle_0061.pt,p2_win,0.0,66
1190,runs\models_9x9_heads\best.pt,runs\models_9x9_scratch\checkpoints\cycle_0061.pt,runs\models_9x9_heads\best.pt,runs\models_9x9_scratch\checkpoints\cycle_0061.pt,p1_win,1.0,59
1191,runs\models_9x9_heads\best.pt,runs\models_9x9_scratch\checkpoints\cycle_0061.pt,runs\models_9x9_heads\best.pt,runs\models_9x9_scratch\checkpoints\cycle_0061.pt,p1_win,1.0,61
1192,runs\models_9x9_heads\best.pt,runs\models_9x9_scratch\checkpoints\cycle_0061.pt,runs\models_9x9_heads\best.pt,runs\models_9x9_scratch\checkpoints\cycle_0061.pt,p1_win,1.0,63
1193,runs\models_9x9_heads\best.pt,runs\models_9x9_scratch\checkpoints\cycle_0061.pt,runs\models_9x9_scratch\checkpoints\cycle_0061.pt,runs\models_9x9_heads\best.pt,p2_win,1.0,62
1194,runs\models_9x9_heads\best.pt,runs\models_9x9_scratch\checkpoints\cycle_0061.pt,runs\models_9x9_heads\best.pt,runs\models_9x9_scratch\checkpoints\cycle_0061.pt,p1_win,1.0,63
1195,runs\models_9x9_heads\best.pt,runs\models_9x9_scratch\checkpoints\cycle_0061.pt,runs\models_9x9_scratch\checkpoints\cycle_0061.pt,runs\models_9x9_heads\best.pt,p2_win,1.0,62
1196,runs\models_9x9_heads\best.pt,runs\models_9x9_scratch\checkpoints\cycle_0061.pt,runs\models_9x9_heads\best.pt,runs\models_9x9_scratch\checkpoints\cycle_0061.pt,p1_win,1.0,63
1197,runs\models_9x9_heads\best.pt,runs\models_9x9_scratch\checkpoints\cycle_0061.pt,runs\models_9x9_scratch\checkpoints\cycle_0061.pt,runs\models_9x9_heads\best.pt,p2_win,1.0,64
1198,runs\models_9x9_heads\best.pt,runs\models_9x9_scratch\checkpoints\cycle_0061.pt,runs\models_9x9_heads\best.pt,runs\models_9x9_scratch\checkpoints\cycle_0061.pt,p1_win,1.0,63
1199,runs\models_9x9_heads\best.pt,runs\models_9x9_scratch\checkpoints\cycle_0061.pt,runs\models_9x9_scratch\checkpoints\cycle_0061.pt,runs\models_9x9_heads\best.pt,p2_win,1.0,62
1200,runs\models_9x9_heads\best.pt,runs\models_9x9_scratch\checkpoints\cycle_0061.pt,runs\models_9x9_heads\best.pt,runs\models_9x9_scratch\checkpoints\cycle_0061.pt,p1_win,1.0,59
1201,runs\models_9x9_heads\best.pt,runs\models_9x9_scratch\checkpoints\cycle_0061.pt,runs\models_9x9_heads\best.pt,runs\models_9x9_scratch\checkpoints\cycle_0061.pt,p1_win,1.0,59
1202,runs\models_9x9_heads\best.pt,runs\models_9x9_scratch\checkpoints\cycle_0061.pt,runs\models_9x9_scratch\checkpoints\cycle_0061.pt,runs\models_9x9_heads\best.pt,p2_win,1.0,62
1203,runs\models_9x9_heads\best.pt,runs\models_9x9_scratch\checkpoints\cycle_0061.pt,runs\models_9x9_scratch\checkpoints\cycle_0061.pt,runs\models_9x9_heads\best.pt,p2_win,1.0,62
1204,runs\models_9x9_heads\best.pt,runs\models_9x9_scratch\checkpoints\cycle_0061.pt,runs\models_9x9_scratch\checkpoints\cycle_0061.pt,runs\models_9x9_heads\best.pt,p2_win,1.0,60
1205,runs\models_9x9_heads\best.pt,runs\models_9x9_scratch\checkpoints\cycle_0061.pt,runs\models_9x9_scratch\checkpoints\cycle_0061.pt,runs\models_9x9_heads\best.pt,p2_win,1.0,60
1206,runs\models_9x9_heads\best.pt,runs\models_9x9_scratch\checkpoints\cycle_0061.pt,runs\models_9x9_scratch\checkpoints\cycle_0061.pt,runs\models_9x9_heads\best.pt,p2_win,1.0,62
1207,runs\models_9x9_heads\best.pt,runs\models_9x9_scratch\checkpoints\cycle_0061.pt,runs\models_9x9_heads\best.pt,runs\models_9x9_scratch\checkpoints\cycle_0061.pt,p1_win,1.0,61
1208,runs\models_9x9_heads\best.pt,runs\models_9x9_scratch\checkpoints\cycle_0061.pt,runs\models_9x9_scratch\checkpoints\cycle_0061.pt,runs\models_9x9_heads\best.pt,p2_win,1.0,60
1209,runs\models_9x9_heads\best.pt,runs\models_9x9_scratch\checkpoints\cycle_0061.pt,runs\models_9x9_scratch\checkpoints\cycle_0061.pt,runs\models_9x9_heads\best.pt,p2_win,1.0,60
1210,runs\models_9x9_heads\best.pt,runs\models_9x9_scratch\checkpoints\cycle_0061.pt,runs\models_9x9_scratch\checkpoints\cycle_0061.pt,runs\models_9x9_heads\best.pt,p2_win,1.0,66
1211,runs\models_9x9_heads\best.pt,runs\models_9x9_scratch\checkpoints\cycle_0061.pt,runs\models_9x9_scratch\checkpoints\cycle_0061.pt,runs\models_9x9_heads\best.pt,p2_win,1.0,64
1212,runs\models_9x9_heads\best.pt,runs\models_9x9_scratch\checkpoints\cycle_0061.pt,runs\models_9x9_scratch\checkpoints\cycle_0061.pt,runs\models_9x9_heads\best.pt,p2_win,1.0,62
1213,runs\models_9x9_heads\best.pt,runs\models_9x9_scratch\checkpoints\cycle_0061.pt,runs\models_9x9_scratch\checkpoints\cycle_0061.pt,runs\models_9x9_heads\best.pt,p2_win,1.0,60
1214,runs\models_9x9_heads\best.pt,runs\models_9x9_scratch\checkpoints\cycle_0061.pt,runs\models_9x9_scratch\checkpoints\cycle_0061.pt,runs\models_9x9_heads\best.pt,p2_win,1.0,66
1215,runs\models_9x9_heads\best.pt,runs\models_9x9_scratch\checkpoints\cycle_0061.pt,runs\models_9x9_heads\best.pt,runs\models_9x9_scratch\checkpoints\cycle_0061.pt,p2_win,0.0,70
1216,runs\models_9x9_heads\best.pt,runs\models_9x9_scratch\checkpoints\cycle_0061.pt,runs\models_9x9_heads\best.pt,runs\models_9x9_scratch\checkpoints\cycle_0061.pt,p1_win,1.0,63
1217,runs\models_9x9_heads\best.pt,runs\models_9x9_scratch\checkpoints\cycle_0061.pt,runs\models_9x9_scratch\checkpoints\cycle_0061.pt,runs\models_9x9_heads\best.pt,p2_win,1.0,62
1218,runs\models_9x9_heads\best.pt,runs\models_9x9_scratch\checkpoints\cycle_0061.pt,runs\models_9x9_heads\best.pt,runs\models_9x9_scratch\checkpoints\cycle_0061.pt,p1_win,1.0,63
1219,runs\models_9x9_heads\best.pt,runs\models_9x9_scratch\checkpoints\cycle_0061.pt,runs\models_9x9_scratch\checkpoints\cycle_0061.pt,runs\models_9x9_heads\best.pt,p2_win,1.0,66
1220,runs\models_9x9_heads\best.pt,runs\models_9x9_scratch\checkpoints\cycle_0061.pt,runs\models_9x9_scratch\checkpoints\cycle_0061.pt,runs\models_9x9_heads\best.pt,p2_win,1.0,68
1221,runs\models_9x9_heads\best.pt,runs\models_9x9_scratch\checkpoints\cycle_0061.pt,runs\models_9x9_scratch\checkpoints\cycle_0061.pt,runs\models_9x9_heads\best.pt,p2_win,1.0,62
1222,runs\models_9x9_heads\best.pt,runs\models_9x9_scratch\checkpoints\cycle_0061.pt,runs\models_9x9_heads\best.pt,runs\models_9x9_scratch\checkpoints\cycle_0061.pt,p2_win,0.0,62
1223,runs\models_9x9_heads\best.pt,runs\models_9x9_scratch\checkpoints\cycle_0061.pt,runs\models_9x9_scratch\checkpoints\cycle_0061.pt,runs\models_9x9_heads\best.pt,p2_win,1.0,64
1224,runs\models_9x9_heads\best.pt,runs\models_9x9_scratch\checkpoints\cycle_0061.pt,runs\models_9x9_heads\best.pt,runs\models_9x9_scratch\checkpoints\cycle_0061.pt,p1_win,1.0,65
1225,runs\models_9x9_heads\best.pt,runs\models_9x9_scratch\checkpoints\cycle_0061.pt,runs\models_9x9_scratch\checkpoints\cycle_0061.pt,runs\models_9x9_heads\best.pt,p2_win,1.0,64
1226,runs\models_9x9_heads\best.pt,runs\models_9x9_scratch\checkpoints\cycle_0061.pt,runs\models_9x9_scratch\checkpoints\cycle_0061.pt,runs\models_9x9_heads\best.pt,p2_win,1.0,68
1227,runs\models_9x9_heads\best.pt,runs\models_9x9_scratch\checkpoints\cycle_0061.pt,runs\models_9x9_scratch\checkpoints\cycle_0061.pt,runs\models_9x9_heads\best.pt,p2_win,1.0,62
1228,runs\models_9x9_heads\best.pt,runs\models_9x9_scratch\checkpoints\cycle_0061.pt,runs\models_9x9_heads\best.pt,runs\models_9x9_scratch\checkpoints\cycle_0061.pt,p1_win,1.0,67
1229,runs\models_9x9_heads\best.pt,runs\models_9x9_scratch\checkpoints\cycle_0061.pt,runs\models_9x9_heads\best.pt,runs\models_9x9_scratch\checkpoints\cycle_0061.pt,p1_win,1.0,63
1230,runs\models_9x9_heads\best.pt,runs\models_9x9_scratch\checkpoints\cycle_0061.pt,runs\models_9x9_scratch\checkpoints\cycle_0061.pt,runs\models_9x9_heads\best.pt,p2_win,1.0,62
1231,runs\models_9x9_heads\best.pt,runs\models_9x9_scratch\checkpoints\cycle_0061.pt,runs\models_9x9_heads\best.pt,runs\models_9x9_scratch\checkpoints\cycle_0061.pt,p1_win,1.0,63
1232,runs\models_9x9_heads\best.pt,runs\models_9x9_scratch\checkpoints\cycle_0061.pt,runs\models_9x9_heads\best.pt,runs\models_9x9_scratch\checkpoints\cycle_0061.pt,p1_win,1.0,63
1233,runs\models_9x9_heads\best.pt,runs\models_9x9_scratch\checkpoints\cycle_0061.pt,runs\models_9x9_scratch\checkpoints\cycle_0061.pt,runs\models_9x9_heads\best.pt,p2_win,1.0,68
1234,runs\models_9x9_heads\best.pt,runs\models_9x9_scratch\checkpoints\cycle_0061.pt,runs\models_9x9_scratch\checkpoints\cycle_0061.pt,runs\models_9x9_heads\best.pt,p2_win,1.0,62
1235,runs\models_9x9_heads\best.pt,runs\models_9x9_scratch\checkpoints\cycle_0061.pt,runs\models_9x9_scratch\checkpoints\cycle_0061.pt,runs\models_9x9_heads\best.pt,p2_win,1.0,66
1236,runs\models_9x9_heads\best.pt,runs\models_9x9_scratch\checkpoints\cycle_0061.pt,runs\models_9x9_scratch\checkpoints\cycle_0061.pt,runs\models_9x9_heads\best.pt,p2_win,1.0,72
1237,runs\models_9x9_heads\best.pt,runs\models_9x9_scratch\checkpoints\cycle_0061.pt,runs\models_9x9_heads\best.pt,runs\models_9x9_scratch\checkpoints\cycle_0061.pt,p1_win,1.0,65
1238,runs\models_9x9_heads\best.pt,runs\models_9x9_scratch\checkpoints\cycle_0061.pt,runs\models_9x9_heads\best.pt,runs\models_9x9_scratch\checkpoints\cycle_0061.pt,p1_win,1.0,69
1239,runs\models_9x9_heads\best.pt,runs\models_9x9_scratch\checkpoints\cycle_0061.pt,runs\models_9x9_heads\best.pt,runs\models_9x9_scratch\checkpoints\cycle_0061.pt,p1_win,1.0,73
1240,runs\models_9x9_heads\best.pt,runs\models_9x9_scratch\checkpoints\cycle_0061.pt,runs\models_9x9_scratch\checkpoints\cycle_0061.pt,runs\models_9x9_heads\best.pt,p2_win,1.0,64
1241,runs\models_9x9_heads\best.pt,runs\models_9x9_scratch\checkpoints\cycle_0061.pt,runs\models_9x9_heads\best.pt,runs\models_9x9_scratch\checkpoints\cycle_0061.pt,p1_win,1.0,67
1242,runs\models_9x9_heads\best.pt,runs\models_9x9_scratch\checkpoints\cycle_0061.pt,runs\models_9x9_heads\best.pt,runs\models_9x9_scratch\checkpoints\cycle_0061.pt,p1_win,1.0,65
1243,runs\models_9x9_heads\best.pt,runs\models_9x9_scratch\checkpoints\cycle_0061.pt,runs\models_9x9_heads\best.pt,runs\models_9x9_scratch\checkpoints\cycle_0061.pt,p1_win,1.0,71
1244,runs\models_9x9_heads\best.pt,runs\models_9x9_scratch\checkpoints\cycle_0061.pt,runs\models_9x9_heads\best.pt,runs\models_9x9_scratch\checkpoints\cycle_0061.pt,p1_win,1.0,67
1245,runs\models_9x9_heads\best.pt,runs\models_9x9_scratch\checkpoints\cycle_0061.pt,runs\models_9x9_heads\best.pt,runs\models_9x9_scratch\checkpoints\cycle_0061.pt,p1_win,1.0,67
1246,runs\models_9x9_heads\best.pt,runs\models_9x9_scratch\checkpoints\cycle_0061.pt,runs\models_9x9_heads\best.pt,runs\models_9x9_scratch\checkpoints\cycle_0061.pt,p1_win,1.0,67
1247,runs\models_9x9_heads\best.pt,runs\models_9x9_scratch\checkpoints\cycle_0061.pt,runs\models_9x9_heads\best.pt,runs\models_9x9_scratch\checkpoints\cycle_0061.pt,p1_win,1.0,63
1248,runs\models_9x9_heads\best.pt,runs\models_9x9_scratch\checkpoints\cycle_0061.pt,runs\models_9x9_scratch\checkpoints\cycle_0061.pt,runs\models_9x9_heads\best.pt,p2_win,1.0,66
1249,runs\models_9x9_heads\best.pt,runs\models_9x9_scratch\checkpoints\cycle_0061.pt,runs\models_9x9_heads\best.pt,runs\models_9x9_scratch\checkpoints\cycle_0061.pt,p1_win,1.0,63
1250,runs\models_9x9_heads\best.pt,runs\models_9x9_scratch\checkpoints\cycle_0061.pt,runs\models_9x9_heads\best.pt,runs\models_9x9_scratch\checkpoints\cycle_0061.pt,p1_win,1.0,63
1251,runs\models_9x9_heads\best.pt,runs\models_9x9_scratch\checkpoints\cycle_0061.pt,runs\models_9x9_scratch\checkpoints\cycle_0061.pt,runs\models_9x9_heads\best.pt,p2_win,1.0,66
1252,runs\models_9x9_heads\best.pt,runs\models_9x9_scratch\checkpoints\cycle_0061.pt,runs\models_9x9_heads\best.pt,runs\models_9x9_scratch\checkpoints\cycle_0061.pt,p1_win,1.0,63
1253,runs\models_9x9_heads\best.pt,runs\models_9x9_scratch\checkpoints\cycle_0061.pt,runs\models_9x9_heads\best.pt,runs\models_9x9_scratch\checkpoints\cycle_0061.pt,p1_win,1.0,63
1254,runs\models_9x9_heads\best.pt,runs\models_9x9_scratch\checkpoints\cycle_0061.pt,runs\models_9x9_scratch\checkpoints\cycle_0061.pt,runs\models_9x9_heads\best.pt,p2_win,1.0,66
1255,runs\models_9x9_heads\best.pt,runs\models_9x9_scratch\checkpoints\cycle_0061.pt,runs\models_9x9_heads\best.pt,runs\models_9x9_scratch\checkpoints\cycle_0061.pt,p1_win,1.0,67
1256,runs\models_9x9_heads\best.pt,runs\models_9x9_scratch\checkpoints\cycle_0061.pt,runs\models_9x9_heads\best.pt,runs\models_9x9_scratch\checkpoints\cycle_0061.pt,p1_win,1.0,67
1257,runs\models_9x9_heads\best.pt,runs\models_9x9_scratch\checkpoints\cycle_0061.pt,runs\models_9x9_scratch\checkpoints\cycle_0061.pt,runs\models_9x9_heads\best.pt,p2_win,1.0,66
1258,runs\models_9x9_heads\best.pt,runs\models_9x9_scratch\checkpoints\cycle_0061.pt,runs\models_9x9_scratch\checkpoints\cycle_0061.pt,runs\models_9x9_heads\best.pt,p2_win,1.0,64
1259,runs\models_9x9_heads\best.pt,runs\models_9x9_scratch\checkpoints\cycle_0061.pt,runs\models_9x9_scratch\checkpoints\cycle_0061.pt,runs\models_9x9_heads\best.pt,p2_win,1.0,62
1260,runs\models_9x9_heads\best.pt,runs\models_9x9_scratch\checkpoints\cycle_0061.pt,runs\models_9x9_scratch\checkpoints\cycle_0061.pt,runs\models_9x9_heads\best.pt,p2_win,1.0,68
1261,runs\models_9x9_heads\best.pt,runs\models_9x9_scratch\checkpoints\cycle_0061.pt,runs\models_9x9_scratch\checkpoints\cycle_0061.pt,runs\models_9x9_heads\best.pt,p2_win,1.0,64
1262,runs\models_9x9_heads\best.pt,runs\models_9x9_scratch\checkpoints\cycle_0061.pt,runs\models_9x9_heads\best.pt,runs\models_9x9_scratch\checkpoints\cycle_0061.pt,p1_win,1.0,69
1263,runs\models_9x9_heads\best.pt,runs\models_9x9_scratch\checkpoints\cycle_0061.pt,runs\models_9x9_scratch\checkpoints\cycle_0061.pt,runs\models_9x9_heads\best.pt,p2_win,1.0,66
1264,runs\models_9x9_heads\best.pt,runs\models_9x9_scratch\checkpoints\cycle_0061.pt,runs\models_9x9_scratch\checkpoints\cycle_0061.pt,runs\models_9x9_heads\best.pt,p2_win,1.0,66
1265,runs\models_9x9_heads\best.pt,runs\models_9x9_scratch\checkpoints\cycle_0061.pt,runs\models_9x9_scratch\checkpoints\cycle_0061.pt,runs\models_9x9_heads\best.pt,p2_win,1.0,66
1266,runs\models_9x9_heads\best.pt,runs\models_9x9_scratch\checkpoints\cycle_0061.pt,runs\models_9x9_heads\best.pt,runs\models_9x9_scratch\checkpoints\cycle_0061.pt,p1_win,1.0,67
1267,runs\models_9x9_heads\best.pt,runs\models_9x9_scratch\checkpoints\cycle_0061.pt,runs\models_9x9_scratch\checkpoints\cycle_0061.pt,runs\models_9x9_heads\best.pt,p2_win,1.0,64
1268,runs\models_9x9_heads\best.pt,runs\models_9x9_scratch\checkpoints\cycle_0061.pt,runs\models_9x9_heads\best.pt,runs\models_9x9_scratch\checkpoints\cycle_0061.pt,p1_win,1.0,67
1269,runs\models_9x9_heads\best.pt,runs\models_9x9_scratch\checkpoints\cycle_0061.pt,runs\models_9x9_heads\best.pt,runs\models_9x9_scratch\checkpoints\cycle_0061.pt,p1_win,1.0,67
1270,runs\models_9x9_heads\best.pt,runs\models_9x9_scratch\checkpoints\cycle_0061.pt,runs\models_9x9_scratch\checkpoints\cycle_0061.pt,runs\models_9x9_heads\best.pt,p2_win,1.0,66
1271,runs\models_9x9_heads\best.pt,runs\models_9x9_scratch\checkpoints\cycle_0061.pt,runs\models_9x9_heads\best.pt,runs\models_9x9_scratch\checkpoints\cycle_0061.pt,p1_win,1.0,65
1272,runs\models_9x9_heads\best.pt,runs\models_9x9_scratch\checkpoints\cycle_0061.pt,runs\models_9x9_heads\best.pt,runs\models_9x9_scratch\checkpoints\cycle_0061.pt,p1_win,1.0,67
1273,runs\models_9x9_heads\best.pt,runs\models_9x9_scratch\checkpoints\cycle_0061.pt,runs\models_9x9_scratch\checkpoints\cycle_0061.pt,runs\models_9x9_heads\best.pt,p2_win,1.0,68
1274,runs\models_9x9_heads\best.pt,runs\models_9x9_scratch\checkpoints\cycle_0061.pt,runs\models_9x9_scratch\checkpoints\cycle_0061.pt,runs\models_9x9_heads\best.pt,p2_win,1.0,72
1275,runs\models_9x9_heads\best.pt,runs\models_9x9_scratch\checkpoints\cycle_0061.pt,runs\models_9x9_scratch\checkpoints\cycle_0061.pt,runs\models_9x9_heads\best.pt,p2_win,1.0,72
1276,runs\models_9x9_heads\best.pt,runs\models_9x9_scratch\checkpoints\cycle_0061.pt,runs\models_9x9_heads\best.pt,runs\models_9x9_scratch\checkpoints\cycle_0061.pt,p1_win,1.0,67
1277,runs\models_9x9_heads\best.pt,runs\models_9x9_scratch\checkpoints\cycle_0061.pt,runs\models_9x9_scratch\checkpoints\cycle_0061.pt,runs\models_9x9_heads\best.pt,p2_win,1.0,72
1278,runs\models_9x9_heads\best.pt,runs\models_9x9_scratch\checkpoints\cycle_0061.pt,runs\models_9x9_scratch\checkpoints\cycle_0061.pt,runs\models_9x9_heads\best.pt,p2_win,1.0,70
1279,runs\models_9x9_heads\best.pt,runs\models_9x9_scratch\checkpoints\cycle_0061.pt,runs\models_9x9_scratch\checkpoints\cycle_0061.pt,runs\models_9x9_heads\best.pt,p2_win,1.0,68
1280,runs\models_9x9_heads\best.pt,runs\models_9x9_scratch\checkpoints\cycle_0061.pt,runs\models_9x9_scratch\checkpoints\cycle_0061.pt,runs\models_9x9_heads\best.pt,p2_win,1.0,68
1281,runs\models_9x9_heads\best.pt,runs\models_9x9_scratch\checkpoints\cycle_0061.pt,runs\models_9x9_heads\best.pt,runs\models_9x9_scratch\checkpoints\cycle_0061.pt,p1_win,1.0,69
1282,runs\models_9x9_heads\best.pt,runs\models_9x9_scratch\checkpoints\cycle_0061.pt,runs\models_9x9_heads\best.pt,runs\models_9x9_scratch\checkpoints\cycle_0061.pt,p2_win,0.0,68
1283,runs\models_9x9_heads\best.pt,runs\models_9x9_scratch\checkpoints\cycle_0061.pt,runs\models_9x9_heads\best.pt,runs\models_9x9_scratch\checkpoints\cycle_0061.pt,p1_win,1.0,71
1284,runs\models_9x9_heads\best.pt,runs\models_9x9_scratch\checkpoints\cycle_0061.pt,runs\models_9x9_scratch\checkpoints\cycle_0061.pt,runs\models_9x9_heads\best.pt,p2_win,1.0,68
1285,runs\models_9x9_heads\best.pt,runs\models_9x9_scratch\checkpoints\cycle_0061.pt,runs\models_9x9_heads\best.pt,runs\models_9x9_scratch\checkpoints\cycle_0061.pt,p1_win,1.0,65
1286,runs\models_9x9_heads\best.pt,runs\models_9x9_scratch\checkpoints\cycle_0061.pt,runs\models_9x9_scratch\checkpoints\cycle_0061.pt,runs\models_9x9_heads\best.pt,p2_win,1.0,72
1287,runs\models_9x9_heads\best.pt,runs\models_9x9_scratch\checkpoints\cycle_0061.pt,runs\models_9x9_heads\best.pt,runs\models_9x9_scratch\checkpoints\cycle_0061.pt,p1_win,1.0,67
1288,runs\models_9x9_heads\best.pt,runs\models_9x9_scratch\checkpoints\cycle_0061.pt,runs\models_9x9_heads\best.pt,runs\models_9x9_scratch\checkpoints\cycle_0061.pt,p1_win,1.0,69
1289,runs\models_9x9_heads\best.pt,runs\models_9x9_scratch\checkpoints\cycle_0061.pt,runs\models_9x9_scratch\checkpoints\cycle_0061.pt,runs\models_9x9_heads\best.pt,p2_win,1.0,68
1290,runs\models_9x9_heads\best.pt,runs\models_9x9_scratch\checkpoints\cycle_0061.pt,runs\models_9x9_heads\best.pt,runs\models_9x9_scratch\checkpoints\cycle_0061.pt,p1_win,1.0,65
1291,runs\models_9x9_heads\best.pt,runs\models_9x9_scratch\checkpoints\cycle_0061.pt,runs\models_9x9_heads\best.pt,runs\models_9x9_scratch\checkpoints\cycle_0061.pt,p1_win,1.0,67
1292,runs\models_9x9_heads\best.pt,runs\models_9x9_scratch\checkpoints\cycle_0061.pt,runs\models_9x9_scratch\checkpoints\cycle_0061.pt,runs\models_9x9_heads\best.pt,p2_win,1.0,72
1293,runs\models_9x9_heads\best.pt,runs\models_9x9_scratch\checkpoints\cycle_0061.pt,runs\models_9x9_scratch\checkpoints\cycle_0061.pt,runs\models_9x9_heads\best.pt,p2_win,1.0,70
1294,runs\models_9x9_heads\best.pt,runs\models_9x9_scratch\checkpoints\cycle_0061.pt,runs\models_9x9_heads\best.pt,runs\models_9x9_scratch\checkpoints\cycle_0061.pt,p1_win,1.0,69
1295,runs\models_9x9_heads\best.pt,runs\models_9x9_scratch\checkpoints\cycle_0061.pt,runs\models_9x9_heads\best.pt,runs\models_9x9_scratch\checkpoints\cycle_0061.pt,p1_win,1.0,75
1296,runs\models_9x9_heads\best.pt,runs\models_9x9_scratch\checkpoints\cycle_0061.pt,runs\models_9x9_heads\best.pt,runs\models_9x9_scratch\checkpoints\cycle_0061.pt,p1_win,1.0,71
1297,runs\models_9x9_heads\best.pt,runs\models_9x9_scratch\checkpoints\cycle_0061.pt,runs\models_9x9_scratch\checkpoints\cycle_0061.pt,runs\models_9x9_heads\best.pt,p2_win,1.0,70
1298,runs\models_9x9_heads\best.pt,runs\models_9x9_scratch\checkpoints\cycle_0061.pt,runs\models_9x9_scratch\checkpoints\cycle_0061.pt,runs\models_9x9_heads\best.pt,p2_win,1.0,70
1299,runs\models_9x9_heads\best.pt,runs\models_9x9_scratch\checkpoints\cycle_0061.pt,runs\models_9x9_heads\best.pt,runs\models_9x9_scratch\checkpoints\cycle_0061.pt,p1_win,1.0,71
1300,runs\models_9x9_heads\best.pt,runs\models_9x9_scratch\checkpoints\cycle_0061.pt,runs\models_9x9_scratch\checkpoints\cycle_0061.pt,runs\models_9x9_heads\best.pt,p2_win,1.0,66
1301,runs\models_9x9_heads\best.pt,runs\models_9x9_scratch\checkpoints\cycle_0061.pt,runs\models_9x9_scratch\checkpoints\cycle_0061.pt,runs\models_9x9_heads\best.pt,p2_win,1.0,68
1302,runs\models_9x9_heads\best.pt,runs\models_9x9_scratch\checkpoints\cycle_0061.pt,runs\models_9x9_scratch\checkpoints\cycle_0061.pt,runs\models_9x9_heads\best.pt,p2_win,1.0,68
1303,runs\models_9x9_heads\best.pt,runs\models_9x9_scratch\checkpoints\cycle_0061.pt,runs\models_9x9_heads\best.pt,runs\models_9x9_scratch\checkpoints\cycle_0061.pt,p1_win,1.0,71
1304,runs\models_9x9_heads\best.pt,runs\models_9x9_scratch\checkpoints\cycle_0061.pt,runs\models_9x9_heads\best.pt,runs\models_9x9_scratch\checkpoints\cycle_0061.pt,p1_win,1.0,71
1305,runs\models_9x9_heads\best.pt,runs\models_9x9_scratch\checkpoints\cycle_0061.pt,runs\models_9x9_heads\best.pt,runs\models_9x9_scratch\checkpoints\cycle_0061.pt,p1_win,1.0,69
1306,runs\models_9x9_heads\best.pt,runs\models_9x9_scratch\checkpoints\cycle_0061.pt,runs\models_9x9_heads\best.pt,runs\models_9x9_scratch\checkpoints\cycle_0061.pt,p1_win,1.0,73
1307,runs\models_9x9_heads\best.pt,runs\models_9x9_scratch\checkpoints\cycle_0061.pt,runs\models_9x9_heads\best.pt,runs\models_9x9_scratch\checkpoints\cycle_0061.pt,p1_win,1.0,75
1308,runs\models_9x9_heads\best.pt,runs\models_9x9_scratch\checkpoints\cycle_0061.pt,runs\models_9x9_scratch\checkpoints\cycle_0061.pt,runs\models_9x9_heads\best.pt,p2_win,1.0,74
1309,runs\models_9x9_heads\best.pt,runs\models_9x9_scratch\checkpoints\cycle_0061.pt,runs\models_9x9_scratch\checkpoints\cycle_0061.pt,runs\models_9x9_heads\best.pt,p2_win,1.0,70
1310,runs\models_9x9_heads\best.pt,runs\models_9x9_scratch\checkpoints\cycle_0061.pt,runs\models_9x9_scratch\checkpoints\cycle_0061.pt,runs\models_9x9_heads\best.pt,p2_win,1.0,68
1311,runs\models_9x9_heads\best.pt,runs\models_9x9_scratch\checkpoints\cycle_0061.pt,runs\models_9x9_scratch\checkpoints\cycle_0061.pt,runs\models_9x9_heads\best.pt,p2_win,1.0,76
1312,runs\models_9x9_heads\best.pt,runs\models_9x9_scratch\checkpoints\cycle_0061.pt,runs\models_9x9_scratch\checkpoints\cycle_0061.pt,runs\models_9x9_heads\best.pt,p2_win,1.0,70
1313,runs\models_9x9_heads\best.pt,runs\models_9x9_scratch\checkpoints\cycle_0061.pt,runs\models_9x9_scratch\checkpoints\cycle_0061.pt,runs\models_9x9_heads\best.pt,p2_win,1.0,74
1314,runs\models_9x9_heads\best.pt,runs\models_9x9_scratch\checkpoints\cycle_0061.pt,runs\models_9x9_scratch\checkpoints\cycle_0061.pt,runs\models_9x9_heads\best.pt,p2_win,1.0,72
1315,runs\models_9x9_heads\best.pt,runs\models_9x9_scratch\checkpoints\cycle_0061.pt,runs\models_9x9_heads\best.pt,runs\models_9x9_scratch\checkpoints\cycle_0061.pt,p1_win,1.0,71
1316,runs\models_9x9_heads\best.pt,runs\models_9x9_scratch\checkpoints\cycle_0061.pt,runs\models_9x9_scratch\checkpoints\cycle_0061.pt,runs\models_9x9_heads\best.pt,p2_win,1.0,70
1317,runs\models_9x9_heads\best.pt,runs\models_9x9_scratch\checkpoints\cycle_0061.pt,runs\models_9x9_heads\best.pt,runs\models_9x9_scratch\checkpoints\cycle_0061.pt,p1_win,1.0,71
1318,runs\models_9x9_heads\best.pt,runs\models_9x9_scratch\checkpoints\cycle_0061.pt,runs\models_9x9_scratch\checkpoints\cycle_0061.pt,runs\models_9x9_heads\best.pt,p2_win,1.0,70
1319,runs\models_9x9_heads\best.pt,runs\models_9x9_scratch\checkpoints\cycle_0061.pt,runs\models_9x9_scratch\checkpoints\cycle_0061.pt,runs\models_9x9_heads\best.pt,p2_win,1.0,72
1320,runs\models_9x9_heads\best.pt,runs\models_9x9_scratch\checkpoints\cycle_0061.pt,runs\models_9x9_heads\best.pt,runs\models_9x9_scratch\checkpoints\cycle_0061.pt,p1_win,1.0,71
1321,runs\models_9x9_heads\best.pt,runs\models_9x9_scratch\checkpoints\cycle_0061.pt,runs\models_9x9_heads\best.pt,runs\models_9x9_scratch\checkpoints\cycle_0061.pt,p1_win,1.0,71
1322,runs\models_9x9_heads\best.pt,runs\models_9x9_scratch\checkpoints\cycle_0061.pt,runs\models_9x9_heads\best.pt,runs\models_9x9_scratch\checkpoints\cycle_0061.pt,p1_win,1.0,71
1323,runs\models_9x9_heads\best.pt,runs\models_9x9_scratch\checkpoints\cycle_0061.pt,runs\models_9x9_heads\best.pt,runs\models_9x9_scratch\checkpoints\cycle_0061.pt,p1_win,1.0,73
1324,runs\models_9x9_heads\best.pt,runs\models_9x9_scratch\checkpoints\cycle_0061.pt,runs\models_9x9_scratch\checkpoints\cycle_0061.pt,runs\models_9x9_heads\best.pt,p2_win,1.0,72
1325,runs\models_9x9_heads\best.pt,runs\models_9x9_scratch\checkpoints\cycle_0061.pt,runs\models_9x9_heads\best.pt,runs\models_9x9_scratch\checkpoints\cycle_0061.pt,p1_win,1.0,69
1326,runs\models_9x9_heads\best.pt,runs\models_9x9_scratch\checkpoints\cycle_0061.pt,runs\models_9x9_heads\best.pt,runs\models_9x9_scratch\checkpoints\cycle_0061.pt,p1_win,1.0,71
1327,runs\models_9x9_heads\best.pt,runs\models_9x9_scratch\checkpoints\cycle_0061.pt,runs\models_9x9_heads\best.pt,runs\models_9x9_scratch\checkpoints\cycle_0061.pt,p1_win,1.0,79
1328,runs\models_9x9_heads\best.pt,runs\models_9x9_scratch\checkpoints\cycle_0061.pt,runs\models_9x9_scratch\checkpoints\cycle_0061.pt,runs\models_9x9_heads\best.pt,p2_win,1.0,74
1329,runs\models_9x9_heads\best.pt,runs\models_9x9_scratch\checkpoints\cycle_0061.pt,runs\models_9x9_scratch\checkpoints\cycle_0061.pt,runs\models_9x9_heads\best.pt,p2_win,1.0,70
1330,runs\models_9x9_heads\best.pt,runs\models_9x9_scratch\checkpoints\cycle_0061.pt,runs\models_9x9_scratch\checkpoints\cycle_0061.pt,runs\models_9x9_heads\best.pt,p2_win,1.0,74
1331,runs\models_9x9_heads\best.pt,runs\models_9x9_scratch\checkpoints\cycle_0061.pt,runs\models_9x9_heads\best.pt,runs\models_9x9_scratch\checkpoints\cycle_0061.pt,p1_win,1.0,71
1332,runs\models_9x9_heads\best.pt,runs\models_9x9_scratch\checkpoints\cycle_0061.pt,runs\models_9x9_heads\best.pt,runs\models_9x9_scratch\checkpoints\cycle_0061.pt,p1_win,1.0,75
1333,runs\models_9x9_heads\best.pt,runs\models_9x9_scratch\checkpoints\cycle_0061.pt,runs\models_9x9_heads\best.pt,runs\models_9x9_scratch\checkpoints\cycle_0061.pt,p1_win,1.0,73
1334,runs\models_9x9_heads\best.pt,runs\models_9x9_scratch\checkpoints\cycle_0061.pt,runs\models_9x9_heads\best.pt,runs\models_9x9_scratch\checkpoints\cycle_0061.pt,p1_win,1.0,69
1335,runs\models_9x9_heads\best.pt,runs\models_9x9_scratch\checkpoints\cycle_0061.pt,runs\models_9x9_scratch\checkpoints\cycle_0061.pt,runs\models_9x9_heads\best.pt,p2_win,1.0,78
1336,runs\models_9x9_heads\best.pt,runs\models_9x9_scratch\checkpoints\cycle_0061.pt,runs\models_9x9_heads\best.pt,runs\models_9x9_scratch\checkpoints\cycle_0061.pt,p1_win,1.0,73
1337,runs\models_9x9_heads\best.pt,runs\models_9x9_scratch\checkpoints\cycle_0061.pt,runs\models_9x9_heads\best.pt,runs\models_9x9_scratch\checkpoints\cycle_0061.pt,p1_win,1.0,73
1338,runs\models_9x9_heads\best.pt,runs\models_9x9_scratch\checkpoints\cycle_0061.pt,runs\models_9x9_scratch\checkpoints\cycle_0061.pt,runs\models_9x9_heads\best.pt,p2_win,1.0,76
1339,runs\models_9x9_heads\best.pt,runs\models_9x9_scratch\checkpoints\cycle_0061.pt,runs\models_9x9_scratch\checkpoints\cycle_0061.pt,runs\models_9x9_heads\best.pt,p2_win,1.0,70
1340,runs\models_9x9_heads\best.pt,runs\models_9x9_scratch\checkpoints\cycle_0061.pt,runs\models_9x9_scratch\checkpoints\cycle_0061.pt,runs\models_9x9_heads\best.pt,p2_win,1.0,76
1341,runs\models_9x9_heads\best.pt,runs\models_9x9_scratch\checkpoints\cycle_0061.pt,runs\models_9x9_heads\best.pt,runs\models_9x9_scratch\checkpoints\cycle_0061.pt,p1_win,1.0,75
1342,runs\models_9x9_heads\best.pt,runs\models_9x9_scratch\checkpoints\cycle_0061.pt,runs\models_9x9_heads\best.pt,runs\models_9x9_scratch\checkpoints\cycle_0061.pt,p1_win,1.0,71
1343,runs\models_9x9_heads\best.pt,runs\models_9x9_scratch\checkpoints\cycle_0061.pt,runs\models_9x9_heads\best.pt,runs\models_9x9_scratch\checkpoints\cycle_0061.pt,p1_win,1.0,73
1344,runs\models_9x9_heads\best.pt,runs\models_9x9_scratch\checkpoints\cycle_0061.pt,runs\models_9x9_scratch\checkpoints\cycle_0061.pt,runs\models_9x9_heads\best.pt,p2_win,1.0,72
1345,runs\models_9x9_heads\best.pt,runs\models_9x9_scratch\checkpoints\cycle_0061.pt,runs\models_9x9_scratch\checkpoints\cycle_0061.pt,runs\models_9x9_heads\best.pt,p2_win,1.0,78
1346,runs\models_9x9_heads\best.pt,runs\models_9x9_scratch\checkpoints\cycle_0061.pt,runs\models_9x9_heads\best.pt,runs\models_9x9_scratch\checkpoints\cycle_0061.pt,p1_win,1.0,75
1347,runs\models_9x9_heads\best.pt,runs\models_9x9_scratch\checkpoints\cycle_0061.pt,runs\models_9x9_heads\best.pt,runs\models_9x9_scratch\checkpoints\cycle_0061.pt,p1_win,1.0,73
1348,runs\models_9x9_heads\best.pt,runs\models_9x9_scratch\checkpoints\cycle_0061.pt,runs\models_9x9_heads\best.pt,runs\models_9x9_scratch\checkpoints\cycle_0061.pt,p1_win,1.0,73
1349,runs\models_9x9_heads\best.pt,runs\models_9x9_scratch\checkpoints\cycle_0061.pt,runs\models_9x9_heads\best.pt,runs\models_9x9_scratch\checkpoints\cycle_0061.pt,p1_win,1.0,73
1350,runs\models_9x9_heads\best.pt,runs\models_9x9_scratch\checkpoints\cycle_0061.pt,runs\models_9x9_heads\best.pt,runs\models_9x9_scratch\checkpoints\cycle_0061.pt,p1_win,1.0,71
1351,runs\models_9x9_heads\best.pt,runs\models_9x9_scratch\checkpoints\cycle_0061.pt,runs\models_9x9_scratch\checkpoints\cycle_0061.pt,runs\models_9x9_heads\best.pt,p2_win,1.0,74
1352,runs\models_9x9_heads\best.pt,runs\models_9x9_scratch\checkpoints\cycle_0061.pt,runs\models_9x9_heads\best.pt,runs\models_9x9_scratch\checkpoints\cycle_0061.pt,p1_win,1.0,73
1353,runs\models_9x9_heads\best.pt,runs\models_9x9_scratch\checkpoints\cycle_0061.pt,runs\models_9x9_heads\best.pt,runs\models_9x9_scratch\checkpoints\cycle_0061.pt,p1_win,1.0,77
1354,runs\models_9x9_heads\best.pt,runs\models_9x9_scratch\checkpoints\cycle_0061.pt,runs\models_9x9_heads\best.pt,runs\models_9x9_scratch\checkpoints\cycle_0061.pt,p1_win,1.0,75
1355,runs\models_9x9_heads\best.pt,runs\models_9x9_scratch\checkpoints\cycle_0061.pt,runs\models_9x9_scratch\checkpoints\cycle_0061.pt,runs\models_9x9_heads\best.pt,p2_win,1.0,74
1356,runs\models_9x9_heads\best.pt,runs\models_9x9_scratch\checkpoints\cycle_0061.pt,runs\models_9x9_scratch\checkpoints\cycle_0061.pt,runs\models_9x9_heads\best.pt,p2_win,1.0,76
1357,runs\models_9x9_heads\best.pt,runs\models_9x9_scratch\checkpoints\cycle_0061.pt,runs\models_9x9_scratch\checkpoints\cycle_0061.pt,runs\models_9x9_heads\best.pt,p2_win,1.0,80
1358,runs\models_9x9_heads\best.pt,runs\models_9x9_scratch\checkpoints\cycle_0061.pt,runs\models_9x9_scratch\checkpoints\cycle_0061.pt,runs\models_9x9_heads\best.pt,p2_win,1.0,76
1359,runs\models_9x9_heads\best.pt,runs\models_9x9_scratch\checkpoints\cycle_0061.pt,runs\models_9x9_scratch\checkpoints\cycle_0061.pt,runs\models_9x9_heads\best.pt,p2_win,1.0,78
1360,runs\models_9x9_heads\best.pt,runs\models_9x9_scratch\checkpoints\cycle_0061.pt,runs\models_9x9_heads\best.pt,runs\models_9x9_scratch\checkpoints\cycle_0061.pt,p1_win,1.0,73
1361,runs\models_9x9_heads\best.pt,runs\models_9x9_scratch\checkpoints\cycle_0061.pt,runs\models_9x9_heads\best.pt,runs\models_9x9_scratch\checkpoints\cycle_0061.pt,p1_win,1.0,79
1362,runs\models_9x9_heads\best.pt,runs\models_9x9_scratch\checkpoints\cycle_0061.pt,runs\models_9x9_heads\best.pt,runs\models_9x9_scratch\checkpoints\cycle_0061.pt,p1_win,1.0,75
1363,runs\models_9x9_heads\best.pt,runs\models_9x9_scratch\checkpoints\cycle_0061.pt,runs\models_9x9_scratch\checkpoints\cycle_0061.pt,runs\models_9x9_heads\best.pt,p2_win,1.0,76
1364,runs\models_9x9_heads\best.pt,runs\models_9x9_scratch\checkpoints\cycle_0061.pt,runs\models_9x9_scratch\checkpoints\cycle_0061.pt,runs\models_9x9_heads\best.pt,p2_win,1.0,80
1365,runs\models_9x9_heads\best.pt,runs\models_9x9_scratch\checkpoints\cycle_0061.pt,runs\models_9x9_heads\best.pt,runs\models_9x9_scratch\checkpoints\cycle_0061.pt,p1_win,1.0,75
1366,runs\models_9x9_heads\best.pt,runs\models_9x9_scratch\checkpoints\cycle_0061.pt,runs\models_9x9_scratch\checkpoints\cycle_0061.pt,runs\models_9x9_heads\best.pt,p2_win,1.0,80
1367,runs\models_9x9_heads\best.pt,runs\models_9x9_scratch\checkpoints\cycle_0061.pt,runs\models_9x9_heads\best.pt,runs\models_9x9_scratch\checkpoints\cycle_0061.pt,p1_win,1.0,75
1368,runs\models_9x9_heads\best.pt,runs\models_9x9_scratch\checkpoints\cycle_0061.pt,runs\models_9x9_scratch\checkpoints\cycle_0061.pt,runs\models_9x9_heads\best.pt,p2_win,1.0,80
1369,runs\models_9x9_heads\best.pt,runs\models_9x9_scratch\checkpoints\cycle_0061.pt,runs\models_9x9_heads\best.pt,runs\models_9x9_scratch\checkpoints\cycle_0061.pt,p1_win,1.0,79
1370,runs\models_9x9_heads\best.pt,runs\models_9x9_scratch\checkpoints\cycle_0061.pt,runs\models_9x9_scratch\checkpoints\cycle_0061.pt,runs\models_9x9_heads\best.pt,p2_win,1.0,74
1371,runs\models_9x9_heads\best.pt,runs\models_9x9_scratch\checkpoints\cycle_0061.pt,runs\models_9x9_heads\best.pt,runs\models_9x9_scratch\checkpoints\cycle_0061.pt,p1_win,1.0,77
1372,runs\models_9x9_heads\best.pt,runs\models_9x9_scratch\checkpoints\cycle_0061.pt,runs\models_9x9_scratch\checkpoints\cycle_0061.pt,runs\models_9x9_heads\best.pt,p2_win,1.0,76
1373,runs\models_9x9_heads\best.pt,runs\models_9x9_scratch\checkpoints\cycle_0061.pt,runs\models_9x9_scratch\checkpoints\cycle_0061.pt,runs\models_9x9_heads\best.pt,p2_win,1.0,76
1374,runs\models_9x9_heads\best.pt,runs\models_9x9_scratch\checkpoints\cycle_0061.pt,runs\models_9x9_heads\best.pt,runs\models_9x9_scratch\checkpoints\cycle_0061.pt,p1_win,1.0,81
1375,runs\models_9x9_heads\best.pt,runs\models_9x9_scratch\checkpoints\cycle_0061.pt,runs\models_9x9_scratch\checkpoints\cycle_0061.pt,runs\models_9x9_heads\best.pt,p2_win,1.0,78
1376,runs\models_9x9_heads\best.pt,runs\models_9x9_scratch\checkpoints\cycle_0061.pt,runs\models_9x9_scratch\checkpoints\cycle_0061.pt,runs\models_9x9_heads\best.pt,p2_win,1.0,78
1377,runs\models_9x9_heads\best.pt,runs\models_9x9_scratch\checkpoints\cycle_0061.pt,runs\models_9x9_scratch\checkpoints\cycle_0061.pt,runs\models_9x9_heads\best.pt,p2_win,1.0,84
1378,runs\models_9x9_heads\best.pt,runs\models_9x9_scratch\checkpoints\cycle_0061.pt,runs\models_9x9_scratch\checkpoints\cycle_0061.pt,runs\models_9x9_heads\best.pt,p2_win,1.0,78
1379,runs\models_9x9_heads\best.pt,runs\models_9x9_scratch\checkpoints\cycle_0061.pt,runs\models_9x9_scratch\checkpoints\cycle_0061.pt,runs\models_9x9_heads\best.pt,p2_win,1.0,88
1380,runs\models_9x9_heads\best.pt,runs\models_9x9_scratch\checkpoints\cycle_0061.pt,runs\models_9x9_scratch\checkpoints\cycle_0061.pt,runs\models_9x9_heads\best.pt,p2_win,1.0,84
1381,runs\models_9x9_heads\best.pt,runs\models_9x9_scratch\checkpoints\cycle_0061.pt,runs\models_9x9_heads\best.pt,runs\models_9x9_scratch\checkpoints\cycle_0061.pt,p2_win,0.0,78
1382,runs\models_9x9_heads\best.pt,runs\models_9x9_scratch\checkpoints\cycle_0061.pt,runs\models_9x9_scratch\checkpoints\cycle_0061.pt,runs\models_9x9_heads\best.pt,p2_win,1.0,80
1383,runs\models_9x9_heads\best.pt,runs\models_9x9_scratch\checkpoints\cycle_0061.pt,runs\models_9x9_heads\best.pt,runs\models_9x9_scratch\checkpoints\cycle_0061.pt,p1_win,1.0,77
1384,runs\models_9x9_heads\best.pt,runs\models_9x9_scratch\checkpoints\cycle_0061.pt,runs\models_9x9_scratch\checkpoints\cycle_0061.pt,runs\models_9x9_heads\best.pt,p2_win,1.0,84
1385,runs\models_9x9_heads\best.pt,runs\models_9x9_scratch\checkpoints\cycle_0061.pt,runs\models_9x9_scratch\checkpoints\cycle_0061.pt,runs\models_9x9_heads\best.pt,p2_win,1.0,82
1386,runs\models_9x9_heads\best.pt,runs\models_9x9_scratch\checkpoints\cycle_0061.pt,runs\models_9x9_scratch\checkpoints\cycle_0061.pt,runs\models_9x9_heads\best.pt,p2_win,1.0,80
1387,runs\models_9x9_heads\best.pt,runs\models_9x9_scratch\checkpoints\cycle_0061.pt,runs\models_9x9_scratch\checkpoints\cycle_0061.pt,runs\models_9x9_heads\best.pt,p2_win,1.0,78
1388,runs\models_9x9_heads\best.pt,runs\models_9x9_scratch\checkpoints\cycle_0061.pt,runs\models_9x9_scratch\checkpoints\cycle_0061.pt,runs\models_9x9_heads\best.pt,p2_win,1.0,82
1389,runs\models_9x9_heads\best.pt,runs\models_9x9_scratch\checkpoints\cycle_0061.pt,runs\models_9x9_scratch\checkpoints\cycle_0061.pt,runs\models_9x9_heads\best.pt,p2_win,1.0,80
1390,runs\models_9x9_heads\best.pt,runs\models_9x9_scratch\checkpoints\cycle_0061.pt,runs\models_9x9_scratch\checkpoints\cycle_0061.pt,runs\models_9x9_heads\best.pt,p2_win,1.0,82
1391,runs\models_9x9_heads\best.pt,runs\models_9x9_scratch\checkpoints\cycle_0061.pt,runs\models_9x9_scratch\checkpoints\cycle_0061.pt,runs\models_9x9_heads\best.pt,p2_win,1.0,82
1392,runs\models_9x9_heads\best.pt,runs\models_9x9_scratch\checkpoints\cycle_0061.pt,runs\models_9x9_scratch\checkpoints\cycle_0061.pt,runs\models_9x9_heads\best.pt,p2_win,1.0,80
1393,runs\models_9x9_heads\best.pt,runs\models_9x9_scratch\checkpoints\cycle_0061.pt,runs\models_9x9_scratch\checkpoints\cycle_0061.pt,runs\models_9x9_heads\best.pt,p2_win,1.0,84
1394,runs\models_9x9_heads\best.pt,runs\models_9x9_scratch\checkpoints\cycle_0061.pt,runs\models_9x9_scratch\checkpoints\cycle_0061.pt,runs\models_9x9_heads\best.pt,p2_win,1.0,86
1395,runs\models_9x9_heads\best.pt,runs\models_9x9_scratch\checkpoints\cycle_0061.pt,runs\models_9x9_heads\best.pt,runs\models_9x9_scratch\checkpoints\cycle_0061.pt,p1_win,1.0,81
1396,runs\models_9x9_heads\best.pt,runs\models_9x9_scratch\checkpoints\cycle_0061.pt,runs\models_9x9_heads\best.pt,runs\models_9x9_scratch\checkpoints\cycle_0061.pt,p1_win,1.0,83
1397,runs\models_9x9_heads\best.pt,runs\models_9x9_scratch\checkpoints\cycle_0061.pt,runs\models_9x9_heads\best.pt,runs\models_9x9_scratch\checkpoints\cycle_0061.pt,p1_win,1.0,83
1398,runs\models_9x9_heads\best.pt,runs\models_9x9_scratch\checkpoints\cycle_0061.pt,runs\models_9x9_heads\best.pt,runs\models_9x9_scratch\checkpoints\cycle_0061.pt,p1_win,1.0,83
1399,runs\models_9x9_heads\best.pt,runs\models_9x9_scratch\checkpoints\cycle_0061.pt,runs\models_9x9_heads\best.pt,runs\models_9x9_scratch\checkpoints\cycle_0061.pt,p1_win,1.0,83
1400,runs\models_9x9_heads\best.pt,runs\models_9x9_scratch\checkpoints\cycle_0061.pt,runs\models_9x9_scratch\checkpoints\cycle_0061.pt,runs\models_9x9_heads\best.pt,p2_win,1.0,88
1401,runs\models_9x9_heads\best.pt,runs\models_9x9_scratch\checkpoints\cycle_0061.pt,runs\models_9x9_scratch\checkpoints\cycle_0061.pt,runs\models_9x9_heads\best.pt,p1_win,0.0,83
1402,runs\models_9x9_heads\best.pt,runs\models_9x9_scratch\checkpoints\cycle_0061.pt,runs\models_9x9_heads\best.pt,runs\models_9x9_scratch\checkpoints\cycle_0061.pt,p1_win,1.0,81
1403,runs\models_9x9_heads\best.pt,runs\models_9x9_scratch\checkpoints\cycle_0061.pt,runs\models_9x9_heads\best.pt,runs\models_9x9_scratch\checkpoints\cycle_0061.pt,p1_win,1.0,83
1404,runs\models_9x9_heads\best.pt,runs\models_9x9_scratch\checkpoints\cycle_0061.pt,runs\models_9x9_heads\best.pt,runs\models_9x9_scratch\checkpoints\cycle_0061.pt,p1_win,1.0,81
1405,runs\models_9x9_heads\best.pt,runs\models_9x9_scratch\checkpoints\cycle_0061.pt,runs\models_9x9_heads\best.pt,runs\models_9x9_scratch\checkpoints\cycle_0061.pt,p1_win,1.0,81
1406,runs\models_9x9_heads\best.pt,runs\models_9x9_scratch\checkpoints\cycle_0061.pt,runs\models_9x9_scratch\checkpoints\cycle_0061.pt,runs\models_9x9_heads\best.pt,p2_win,1.0,84
1407,runs\models_9x9_heads\best.pt,runs\models_9x9_scratch\checkpoints\cycle_0061.pt,runs\models_9x9_heads\best.pt,runs\models_9x9_scratch\checkpoints\cycle_0061.pt,p1_win,1.0,81
1408,runs\models_9x9_heads\best.pt,runs\models_9x9_scratch\checkpoints\cycle_0061.pt,runs\models_9x9_heads\best.pt,runs\models_9x9_scratch\checkpoints\cycle_0061.pt,p1_win,1.0,81
1409,runs\models_9x9_heads\best.pt,runs\models_9x9_scratch\checkpoints\cycle_0061.pt,runs\models_9x9_heads\best.pt,runs\models_9x9_scratch\checkpoints\cycle_0061.pt,p1_win,1.0,81
1410,runs\models_9x9_heads\best.pt,runs\models_9x9_scratch\checkpoints\cycle_0061.pt,runs\models_9x9_scratch\checkpoints\cycle_0061.pt,runs\models_9x9_heads\best.pt,p2_win,1.0,80
1411,runs\models_9x9_heads\best.pt,runs\models_9x9_scratch\checkpoints\cycle_0061.pt,runs\models_9x9_scratch\checkpoints\cycle_0061.pt,runs\models_9x9_heads\best.pt,p2_win,1.0,84
1412,runs\models_9x9_heads\best.pt,runs\models_9x9_scratch\checkpoints\cycle_0061.pt,runs\models_9x9_heads\best.pt,runs\models_9x9_scratch\checkpoints\cycle_0061.pt,p1_win,1.0,83
1413,runs\models_9x9_heads\best.pt,runs\models_9x9_scratch\checkpoints\cycle_0061.pt,runs\models_9x9_heads\best.pt,runs\models_9x9_scratch\checkpoints\cycle_0061.pt,p1_win,1.0,87
1414,runs\models_9x9_heads\best.pt,runs\models_9x9_scratch\checkpoints\cycle_0061.pt,runs\models_9x9_heads\best.pt,runs\models_9x9_scratch\checkpoints\cycle_0061.pt,p1_win,1.0,83
1415,runs\models_9x9_heads\best.pt,runs\models_9x9_scratch\checkpoints\cycle_0061.pt,runs\models_9x9_heads\best.pt,runs\models_9x9_scratch\checkpoints\cycle_0061.pt,p1_win,1.0,83
1416,runs\models_9x9_heads\best.pt,runs\models_9x9_scratch\checkpoints\cycle_0061.pt,runs\models_9x9_scratch\checkpoints\cycle_0061.pt,runs\models_9x9_heads\best.pt,p2_win,1.0,84
1417,runs\models_9x9_heads\best.pt,runs\models_9x9_scratch\checkpoints\cycle_0061.pt,runs\models_9x9_scratch\checkpoints\cycle_0061.pt,runs\models_9x9_heads\best.pt,p2_win,1.0,90
1418,runs\models_9x9_heads\best.pt,runs\models_9x9_scratch\checkpoints\cycle_0061.pt,runs\models_9x9_scratch\checkpoints\cycle_0061.pt,runs\models_9x9_heads\best.pt,p2_win,1.0,92
1419,runs\models_9x9_heads\best.pt,runs\models_9x9_scratch\checkpoints\cycle_0061.pt,runs\models_9x9_scratch\checkpoints\cycle_0061.pt,runs\models_9x9_heads\best.pt,p2_win,1.0,88
1420,runs\models_9x9_heads\best.pt,runs\models_9x9_scratch\checkpoints\cycle_0061.pt,runs\models_9x9_scratch\checkpoints\cycle_0061.pt,runs\models_9x9_heads\best.pt,p2_win,1.0,86
1421,runs\models_9x9_heads\best.pt,runs\models_9x9_scratch\checkpoints\cycle_0061.pt,runs\models_9x9_scratch\checkpoints\cycle_0061.pt,runs\models_9x9_heads\best.pt,p2_win,1.0,92
1422,runs\models_9x9_heads\best.pt,runs\models_9x9_scratch\checkpoints\cycle_0061.pt,runs\models_9x9_scratch\checkpoints\cycle_0061.pt,runs\models_9x9_heads\best.pt,p2_win,1.0,84
1423,runs\models_9x9_heads\best.pt,runs\models_9x9_scratch\checkpoints\cycle_0061.pt,runs\models_9x9_heads\best.pt,runs\models_9x9_scratch\checkpoints\cycle_0061.pt,p2_win,0.0,84
1424,runs\models_9x9_heads\best.pt,runs\models_9x9_scratch\checkpoints\cycle_0061.pt,runs\models_9x9_scratch\checkpoints\cycle_0061.pt,runs\models_9x9_heads\best.pt,p2_win,1.0,90
1425,runs\models_9x9_heads\best.pt,runs\models_9x9_scratch\checkpoints\cycle_0061.pt,runs\models_9x9_heads\best.pt,runs\models_9x9_scratch\checkpoints\cycle_0061.pt,p1_win,1.0,87
1426,runs\models_9x9_heads\best.pt,runs\models_9x9_scratch\checkpoints\cycle_0061.pt,runs\models_9x9_heads\best.pt,runs\models_9x9_scratch\checkpoints\cycle_0061.pt,p1_win,1.0,87
1427,runs\models_9x9_heads\best.pt,runs\models_9x9_scratch\checkpoints\cycle_0061.pt,runs\models_9x9_heads\best.pt,runs\models_9x9_scratch\checkpoints\cycle_0061.pt,p1_win,1.0,91
1428,runs\models_9x9_heads\best.pt,runs\models_9x9_scratch\checkpoints\cycle_0061.pt,runs\models_9x9_scratch\checkpoints\cycle_0061.pt,runs\models_9x9_heads\best.pt,p2_win,1.0,84
1429,runs\models_9x9_heads\best.pt,runs\models_9x9_scratch\checkpoints\cycle_0061.pt,runs\models_9x9_scratch\checkpoints\cycle_0061.pt,runs\models_9x9_heads\best.pt,p2_win,1.0,88
1430,runs\models_9x9_heads\best.pt,runs\models_9x9_scratch\checkpoints\cycle_0061.pt,runs\models_9x9_scratch\checkpoints\cycle_0061.pt,runs\models_9x9_heads\best.pt,p2_win,1.0,88
1431,runs\models_9x9_heads\best.pt,runs\models_9x9_scratch\checkpoints\cycle_0061.pt,runs\models_9x9_scratch\checkpoints\cycle_0061.pt,runs\models_9x9_heads\best.pt,p2_win,1.0,92
1432,runs\models_9x9_heads\best.pt,runs\models_9x9_scratch\checkpoints\cycle_0061.pt,runs\models_9x9_scratch\checkpoints\cycle_0061.pt,runs\models_9x9_heads\best.pt,p2_win,1.0,94
1433,runs\models_9x9_heads\best.pt,runs\models_9x9_scratch\checkpoints\cycle_0061.pt,runs\models_9x9_heads\best.pt,runs\models_9x9_scratch\checkpoints\cycle_0061.pt,p1_win,1.0,87
1434,runs\models_9x9_heads\best.pt,runs\models_9x9_scratch\checkpoints\cycle_0061.pt,runs\models_9x9_heads\best.pt,runs\models_9x9_scratch\checkpoints\cycle_0061.pt,p1_win,1.0,85
1435,runs\models_9x9_heads\best.pt,runs\models_9x9_scratch\checkpoints\cycle_0061.pt,runs\models_9x9_scratch\checkpoints\cycle_0061.pt,runs\models_9x9_heads\best.pt,p2_win,1.0,86
1436,runs\models_9x9_heads\best.pt,runs\models_9x9_scratch\checkpoints\cycle_0061.pt,runs\models_9x9_heads\best.pt,runs\models_9x9_scratch\checkpoints\cycle_0061.pt,p1_win,1.0,89
1437,runs\models_9x9_heads\best.pt,runs\models_9x9_scratch\checkpoints\cycle_0061.pt,runs\models_9x9_scratch\checkpoints\cycle_0061.pt,runs\models_9x9_heads\best.pt,p2_win,1.0,92
1438,runs\models_9x9_heads\best.pt,runs\models_9x9_scratch\checkpoints\cycle_0061.pt,runs\models_9x9_heads\best.pt,runs\models_9x9_scratch\checkpoints\cycle_0061.pt,p1_win,1.0,89
1439,runs\models_9x9_heads\best.pt,runs\models_9x9_scratch\checkpoints\cycle_0061.pt,runs\models_9x9_scratch\checkpoints\cycle_0061.pt,runs\models_9x9_heads\best.pt,p2_win,1.0,86
1440,runs\models_9x9_heads\best.pt,runs\models_9x9_scratch\checkpoints\cycle_0061.pt,runs\models_9x9_heads\best.pt,runs\models_9x9_scratch\checkpoints\cycle_0061.pt,p1_win,1.0,87
1441,runs\models_9x9_heads\best.pt,runs\models_9x9_scratch\checkpoints\cycle_0061.pt,runs\models_9x9_scratch\checkpoints\cycle_0061.pt,runs\models_9x9_heads\best.pt,p2_win,1.0,92
1442,runs\models_9x9_heads\best.pt,runs\models_9x9_scratch\checkpoints\cycle_0061.pt,runs\models_9x9_scratch\checkpoints\cycle_0061.pt,runs\models_9x9_heads\best.pt,p2_win,1.0,90
1443,runs\models_9x9_heads\best.pt,runs\models_9x9_scratch\checkpoints\cycle_0061.pt,runs\models_9x9_heads\best.pt,runs\models_9x9_scratch\checkpoints\cycle_0061.pt,p1_win,1.0,87
1444,runs\models_9x9_heads\best.pt,runs\models_9x9_scratch\checkpoints\cycle_0061.pt,runs\models_9x9_heads\best.pt,runs\models_9x9_scratch\checkpoints\cycle_0061.pt,p1_win,1.0,87
1445,runs\models_9x9_heads\best.pt,runs\models_9x9_scratch\checkpoints\cycle_0061.pt,runs\models_9x9_scratch\checkpoints\cycle_0061.pt,runs\models_9x9_heads\best.pt,p2_win,1.0,86
1446,runs\models_9x9_heads\best.pt,runs\models_9x9_scratch\checkpoints\cycle_0061.pt,runs\models_9x9_scratch\checkpoints\cycle_0061.pt,runs\models_9x9_heads\best.pt,p2_win,1.0,96
1447,runs\models_9x9_heads\best.pt,runs\models_9x9_scratch\checkpoints\cycle_0061.pt,runs\models_9x9_scratch\checkpoints\cycle_0061.pt,runs\models_9x9_heads\best.pt,p2_win,1.0,96
1448,runs\models_9x9_heads\best.pt,runs\models_9x9_scratch\checkpoints\cycle_0061.pt,runs\models_9x9_heads\best.pt,runs\models_9x9_scratch\checkpoints\cycle_0061.pt,p1_win,1.0,87
1449,runs\models_9x9_heads\best.pt,runs\models_9x9_scratch\checkpoints\cycle_0061.pt,runs\models_9x9_heads\best.pt,runs\models_9x9_scratch\checkpoints\cycle_0061.pt,p1_win,1.0,91
1450,runs\models_9x9_heads\best.pt,runs\models_9x9_scratch\checkpoints\cycle_0061.pt,runs\models_9x9_scratch\checkpoints\cycle_0061.pt,runs\models_9x9_heads\best.pt,draw,0.5,95
1451,runs\models_9x9_heads\best.pt,runs\models_9x9_scratch\checkpoints\cycle_0061.pt,runs\models_9x9_heads\best.pt,runs\models_9x9_scratch\checkpoints\cycle_0061.pt,p1_win,1.0,89
1452,runs\models_9x9_heads\best.pt,runs\models_9x9_scratch\checkpoints\cycle_0061.pt,runs\models_9x9_scratch\checkpoints\cycle_0061.pt,runs\models_9x9_heads\best.pt,draw,0.5,100
1453,runs\models_9x9_heads\best.pt,runs\models_9x9_scratch\checkpoints\cycle_0061.pt,runs\models_9x9_heads\best.pt,runs\models_9x9_scratch\checkpoints\cycle_0061.pt,p1_win,1.0,89
1454,runs\models_9x9_heads\best.pt,runs\models_9x9_scratch\checkpoints\cycle_0061.pt,runs\models_9x9_scratch\checkpoints\cycle_0061.pt,runs\models_9x9_heads\best.pt,p2_win,1.0,94
1455,runs\models_9x9_heads\best.pt,runs\models_9x9_scratch\checkpoints\cycle_0061.pt,runs\models_9x9_scratch\checkpoints\cycle_0061.pt,runs\models_9x9_heads\best.pt,p2_win,1.0,92
1456,runs\models_9x9_heads\best.pt,runs\models_9x9_scratch\checkpoints\cycle_0061.pt,runs\models_9x9_scratch\checkpoints\cycle_0061.pt,runs\models_9x9_heads\best.pt,draw,0.5,100
1457,runs\models_9x9_heads\best.pt,runs\models_9x9_scratch\checkpoints\cycle_0061.pt,runs\models_9x9_heads\best.pt,runs\models_9x9_scratch\checkpoints\cycle_0061.pt,p1_win,1.0,89
1458,runs\models_9x9_heads\best.pt,runs\models_9x9_scratch\checkpoints\cycle_0061.pt,runs\models_9x9_scratch\checkpoints\cycle_0061.pt,runs\models_9x9_heads\best.pt,draw,0.5,100
1459,runs\models_9x9_heads\best.pt,runs\models_9x9_scratch\checkpoints\cycle_0061.pt,runs\models_9x9_heads\best.pt,runs\models_9x9_scratch\checkpoints\cycle_0061.pt,p1_win,1.0,91
1460,runs\models_9x9_heads\best.pt,runs\models_9x9_scratch\checkpoints\cycle_0061.pt,runs\models_9x9_heads\best.pt,runs\models_9x9_scratch\checkpoints\cycle_0061.pt,p1_win,1.0,93
1461,runs\models_9x9_heads\best.pt,runs\models_9x9_scratch\checkpoints\cycle_0061.pt,runs\models_9x9_scratch\checkpoints\cycle_0061.pt,runs\models_9x9_heads\best.pt,p2_win,1.0,92
1462,runs\models_9x9_heads\best.pt,runs\models_9x9_scratch\checkpoints\cycle_0061.pt,runs\models_9x9_heads\best.pt,runs\models_9x9_scratch\checkpoints\cycle_0061.pt,p1_win,1.0,93
1463,runs\models_9x9_heads\best.pt,runs\models_9x9_scratch\checkpoints\cycle_0061.pt,runs\models_9x9_heads\best.pt,runs\models_9x9_scratch\checkpoints\cycle_0061.pt,p1_win,1.0,91
1464,runs\models_9x9_heads\best.pt,runs\models_9x9_scratch\checkpoints\cycle_0061.pt,runs\models_9x9_scratch\checkpoints\cycle_0061.pt,runs\models_9x9_heads\best.pt,p2_win,1.0,94
1465,runs\models_9x9_heads\best.pt,runs\models_9x9_scratch\checkpoints\cycle_0061.pt,runs\models_9x9_heads\best.pt,runs\models_9x9_scratch\checkpoints\cycle_0061.pt,p1_win,1.0,99
1466,runs\models_9x9_heads\best.pt,runs\models_9x9_scratch\checkpoints\cycle_0061.pt,runs\models_9x9_scratch\checkpoints\cycle_0061.pt,runs\models_9x9_heads\best.pt,p2_win,1.0,96
1467,runs\models_9x9_heads\best.pt,runs\models_9x9_scratch\checkpoints\cycle_0061.pt,runs\models_9x9_scratch\checkpoints\cycle_0061.pt,runs\models_9x9_heads\best.pt,p2_win,1.0,92
1468,runs\models_9x9_heads\best.pt,runs\models_9x9_scratch\checkpoints\cycle_0061.pt,runs\models_9x9_scratch\checkpoints\cycle_0061.pt,runs\models_9x9_heads\best.pt,p2_win,1.0,94
1469,runs\models_9x9_heads\best.pt,runs\models_9x9_scratch\checkpoints\cycle_0061.pt,runs\models_9x9_scratch\checkpoints\cycle_0061.pt,runs\models_9x9_heads\best.pt,p2_win,1.0,94
1470,runs\models_9x9_heads\best.pt,runs\models_9x9_scratch\checkpoints\cycle_0061.pt,runs\models_9x9_scratch\checkpoints\cycle_0061.pt,runs\models_9x9_heads\best.pt,p2_win,1.0,94
1471,runs\models_9x9_heads\best.pt,runs\models_9x9_scratch\checkpoints\cycle_0061.pt,runs\models_9x9_scratch\checkpoints\cycle_0061.pt,runs\models_9x9_heads\best.pt,p2_win,1.0,98
1472,runs\models_9x9_heads\best.pt,runs\models_9x9_scratch\checkpoints\cycle_0061.pt,runs\models_9x9_scratch\checkpoints\cycle_0061.pt,runs\models_9x9_heads\best.pt,draw,0.5,93
1473,runs\models_9x9_heads\best.pt,runs\models_9x9_scratch\checkpoints\cycle_0061.pt,runs\models_9x9_scratch\checkpoints\cycle_0061.pt,runs\models_9x9_heads\best.pt,p2_win,1.0,92
1474,runs\models_9x9_heads\best.pt,runs\models_9x9_scratch\checkpoints\cycle_0061.pt,runs\models_9x9_heads\best.pt,runs\models_9x9_scratch\checkpoints\cycle_0061.pt,p1_win,1.0,93
1475,runs\models_9x9_heads\best.pt,runs\models_9x9_scratch\checkpoints\cycle_0061.pt,runs\models_9x9_heads\best.pt,runs\models_9x9_scratch\checkpoints\cycle_0061.pt,draw,0.5,100
1476,runs\models_9x9_heads\best.pt,runs\models_9x9_scratch\checkpoints\cycle_0061.pt,runs\models_9x9_scratch\checkpoints\cycle_0061.pt,runs\models_9x9_heads\best.pt,p2_win,1.0,96
1477,runs\models_9x9_heads\best.pt,runs\models_9x9_scratch\checkpoints\cycle_0061.pt,runs\models_9x9_heads\best.pt,runs\models_9x9_scratch\checkpoints\cycle_0061.pt,draw,0.5,99
1478,runs\models_9x9_heads\best.pt,runs\models_9x9_scratch\checkpoints\cycle_0061.pt,runs\models_9x9_heads\best.pt,runs\models_9x9_scratch\checkpoints\cycle_0061.pt,p1_win,1.0,95
1479,runs\models_9x9_heads\best.pt,runs\models_9x9_scratch\checkpoints\cycle_0061.pt,runs\models_9x9_scratch\checkpoints\cycle_0061.pt,runs\models_9x9_heads\best.pt,p2_win,1.0,96
1480,runs\models_9x9_heads\best.pt,runs\models_9x9_scratch\checkpoints\cycle_0061.pt,runs\models_9x9_scratch\checkpoints\cycle_0061.pt,runs\models_9x9_heads\best.pt,p2_win,1.0,100
1481,runs\models_9x9_heads\best.pt,runs\models_9x9_scratch\checkpoints\cycle_0061.pt,runs\models_9x9_heads\best.pt,runs\models_9x9_scratch\checkpoints\cycle_0061.pt,draw,0.5,100
1482,runs\models_9x9_heads\best.pt,runs\models_9x9_scratch\checkpoints\cycle_0061.pt,runs\models_9x9_scratch\checkpoints\cycle_0061.pt,runs\models_9x9_heads\best.pt,draw,0.5,100
1483,runs\models_9x9_heads\best.pt,runs\models_9x9_scratch\checkpoints\cycle_0061.pt,runs\models_9x9_scratch\checkpoints\cycle_0061.pt,runs\models_9x9_heads\best.pt,draw,0.5,100
1484,runs\models_9x9_heads\best.pt,runs\models_9x9_scratch\checkpoints\cycle_0061.pt,runs\models_9x9_heads\best.pt,runs\models_9x9_scratch\checkpoints\cycle_0061.pt,p1_win,1.0,99
1485,runs\models_9x9_heads\best.pt,runs\models_9x9_scratch\checkpoints\cycle_0061.pt,runs\models_9x9_scratch\checkpoints\cycle_0061.pt,runs\models_9x9_heads\best.pt,draw,0.5,100
1486,runs\models_9x9_heads\best.pt,runs\models_9x9_scratch\checkpoints\cycle_0061.pt,runs\models_9x9_scratch\checkpoints\cycle_0061.pt,runs\models_9x9_heads\best.pt,p2_win,1.0,100
1487,runs\models_9x9_heads\best.pt,runs\models_9x9_scratch\checkpoints\cycle_0061.pt,runs\models_9x9_scratch\checkpoints\cycle_0061.pt,runs\models_9x9_heads\best.pt,draw,0.5,100
1488,runs\models_9x9_heads\best.pt,runs\models_9x9_scratch\checkpoints\cycle_0061.pt,runs\models_9x9_heads\best.pt,runs\models_9x9_scratch\checkpoints\cycle_0061.pt,draw,0.5,100
1489,runs\models_9x9_heads\best.pt,runs\models_9x9_scratch\checkpoints\cycle_0061.pt,runs\models_9x9_scratch\checkpoints\cycle_0061.pt,runs\models_9x9_heads\best.pt,draw,0.5,100
1490,runs\models_9x9_heads\best.pt,runs\models_9x9_scratch\checkpoints\cycle_0061.pt,runs\models_9x9_scratch\checkpoints\cycle_0061.pt,runs\models_9x9_heads\best.pt,draw,0.5,100
1491,runs\models_9x9_heads\best.pt,runs\models_9x9_scratch\checkpoints\cycle_0061.pt,runs\models_9x9_scratch\checkpoints\cycle_0061.pt,runs\models_9x9_heads\best.pt,draw,0.5,100
1492,runs\models_9x9_heads\best.pt,runs\models_9x9_scratch\checkpoints\cycle_0061.pt,runs\models_9x9_scratch\checkpoints\cycle_0061.pt,runs\models_9x9_heads\best.pt,draw,0.5,100
1493,runs\models_9x9_heads\best.pt,runs\models_9x9_scratch\checkpoints\cycle_0061.pt,runs\models_9x9_scratch\checkpoints\cycle_0061.pt,runs\models_9x9_heads\best.pt,draw,0.5,100
1494,runs\models_9x9_heads\best.pt,runs\models_9x9_scratch\checkpoints\cycle_0061.pt,runs\models_9x9_heads\best.pt,runs\models_9x9_scratch\checkpoints\cycle_0061.pt,draw,0.5,100
1495,runs\models_9x9_heads\best.pt,runs\models_9x9_scratch\checkpoints\cycle_0061.pt,runs\models_9x9_scratch\checkpoints\cycle_0061.pt,runs\models_9x9_heads\best.pt,draw,0.5,100
1496,runs\models_9x9_heads\best.pt,runs\models_9x9_scratch\checkpoints\cycle_0061.pt,runs\models_9x9_heads\best.pt,runs\models_9x9_scratch\checkpoints\cycle_0061.pt,draw,0.5,100
1497,runs\models_9x9_heads\best.pt,runs\models_9x9_scratch\checkpoints\cycle_0061.pt,runs\models_9x9_scratch\checkpoints\cycle_0061.pt,runs\models_9x9_heads\best.pt,draw,0.5,100
1498,runs\models_9x9_heads\best.pt,runs\models_9x9_scratch\checkpoints\cycle_0061.pt,runs\models_9x9_scratch\checkpoints\cycle_0061.pt,runs\models_9x9_heads\best.pt,draw,0.5,100
1499,runs\models_9x9_heads\best.pt,runs\models_9x9_scratch\checkpoints\cycle_0061.pt,runs\models_9x9_heads\best.pt,runs\models_9x9_scratch\checkpoints\cycle_0061.pt,draw,0.5,100
1500,runs\models_9x9_heads\best.pt,runs\models_9x9_scratch\checkpoints\cycle_0061.pt,runs\models_9x9_heads\best.pt,runs\models_9x9_scratch\checkpoints\cycle_0061.pt,draw,0.5,100
1501,runs\models_9x9_heads\best.pt,runs\models_9x9_scratch\best.pt,runs\models_9x9_heads\best.pt,runs\models_9x9_scratch\best.pt,p1_win,1.0,35
1502,runs\models_9x9_heads\best.pt,runs\models_9x9_scratch\best.pt,runs\models_9x9_heads\best.pt,runs\models_9x9_scratch\best.pt,p1_win,1.0,41
1503,runs\models_9x9_heads\best.pt,runs\models_9x9_scratch\best.pt,runs\models_9x9_heads\best.pt,runs\models_9x9_scratch\best.pt,p1_win,1.0,43
1504,runs\models_9x9_heads\best.pt,runs\models_9x9_scratch\best.pt,runs\models_9x9_heads\best.pt,runs\models_9x9_scratch\best.pt,p1_win,1.0,55
1505,runs\models_9x9_heads\best.pt,runs\models_9x9_scratch\best.pt,runs\models_9x9_heads\best.pt,runs\models_9x9_scratch\best.pt,p1_win,1.0,55
1506,runs\models_9x9_heads\best.pt,runs\models_9x9_scratch\best.pt,runs\models_9x9_scratch\best.pt,runs\models_9x9_heads\best.pt,p1_win,0.0,45
1507,runs\models_9x9_heads\best.pt,runs\models_9x9_scratch\best.pt,runs\models_9x9_heads\best.pt,runs\models_9x9_scratch\best.pt,p1_win,1.0,45
1508,runs\models_9x9_heads\best.pt,runs\models_9x9_scratch\best.pt,runs\models_9x9_heads\best.pt,runs\models_9x9_scratch\best.pt,p1_win,1.0,45
1509,runs\models_9x9_heads\best.pt,runs\models_9x9_scratch\best.pt,runs\models_9x9_heads\best.pt,runs\models_9x9_scratch\best.pt,p1_win,1.0,45
1510,runs\models_9x9_heads\best.pt,runs\models_9x9_scratch\best.pt,runs\models_9x9_heads\best.pt,runs\models_9x9_scratch\best.pt,p2_win,0.0,46
1511,runs\models_9x9_heads\best.pt,runs\models_9x9_scratch\best.pt,runs\models_9x9_heads\best.pt,runs\models_9x9_scratch\best.pt,p1_win,1.0,47
1512,runs\models_9x9_heads\best.pt,runs\models_9x9_scratch\best.pt,runs\models_9x9_scratch\best.pt,runs\models_9x9_heads\best.pt,p1_win,0.0,45
1513,runs\models_9x9_heads\best.pt,runs\models_9x9_scratch\best.pt,runs\models_9x9_heads\best.pt,runs\models_9x9_scratch\best.pt,p1_win,1.0,51
1514,runs\models_9x9_heads\best.pt,runs\models_9x9_scratch\best.pt,runs\models_9x9_scratch\best.pt,runs\models_9x9_heads\best.pt,p2_win,1.0,46
1515,runs\models_9x9_heads\best.pt,runs\models_9x9_scratch\best.pt,runs\models_9x9_heads\best.pt,runs\models_9x9_scratch\best.pt,p1_win,1.0,51
1516,runs\models_9x9_heads\best.pt,runs\models_9x9_scratch\best.pt,runs\models_9x9_heads\best.pt,runs\models_9x9_scratch\best.pt,p1_win,1.0,47
1517,runs\models_9x9_heads\best.pt,runs\models_9x9_scratch\best.pt,runs\models_9x9_scratch\best.pt,runs\models_9x9_heads\best.pt,p2_win,1.0,46
1518,runs\models_9x9_heads\best.pt,runs\models_9x9_scratch\best.pt,runs\models_9x9_heads\best.pt,runs\models_9x9_scratch\best.pt,p1_win,1.0,47
1519,runs\models_9x9_heads\best.pt,runs\models_9x9_scratch\best.pt,runs\models_9x9_heads\best.pt,runs\models_9x9_scratch\best.pt,p1_win,1.0,49
1520,runs\models_9x9_heads\best.pt,runs\models_9x9_scratch\best.pt,runs\models_9x9_heads\best.pt,runs\models_9x9_scratch\best.pt,p1_win,1.0,47
1521,runs\models_9x9_heads\best.pt,runs\models_9x9_scratch\best.pt,runs\models_9x9_scratch\best.pt,runs\models_9x9_heads\best.pt,p2_win,1.0,46
1522,runs\models_9x9_heads\best.pt,runs\models_9x9_scratch\best.pt,runs\models_9x9_scratch\best.pt,runs\models_9x9_heads\best.pt,p2_win,1.0,48
1523,runs\models_9x9_heads\best.pt,runs\models_9x9_scratch\best.pt,runs\models_9x9_heads\best.pt,runs\models_9x9_scratch\best.pt,p1_win,1.0,49
1524,runs\models_9x9_heads\best.pt,runs\models_9x9_scratch\best.pt,runs\models_9x9_heads\best.pt,runs\models_9x9_scratch\best.pt,p1_win,1.0,49
1525,runs\models_9x9_heads\best.pt,runs\models_9x9_scratch\best.pt,runs\models_9x9_scratch\best.pt,runs\models_9x9_heads\best.pt,p1_win,0.0,59
1526,runs\models_9x9_heads\best.pt,runs\models_9x9_scratch\best.pt,runs\models_9x9_heads\best.pt,runs\models_9x9_scratch\best.pt,p1_win,1.0,59
1527,runs\models_9x9_heads\best.pt,runs\models_9x9_scratch\best.pt,runs\models_9x9_scratch\best.pt,runs\models_9x9_heads\best.pt,p2_win,1.0,48
1528,runs\models_9x9_heads\best.pt,runs\models_9x9_scratch\best.pt,runs\models_9x9_scratch\best.pt,runs\models_9x9_heads\best.pt,p2_win,1.0,52
1529,runs\models_9x9_heads\best.pt,runs\models_9x9_scratch\best.pt,runs\models_9x9_scratch\best.pt,runs\models_9x9_heads\best.pt,p2_win,1.0,48
1530,runs\models_9x9_heads\best.pt,runs\models_9x9_scratch\best.pt,runs\models_9x9_scratch\best.pt,runs\models_9x9_heads\best.pt,p2_win,1.0,50
1531,runs\models_9x9_heads\best.pt,runs\models_9x9_scratch\best.pt,runs\models_9x9_scratch\best.pt,runs\models_9x9_heads\best.pt,p2_win,1.0,50
1532,runs\models_9x9_heads\best.pt,runs\models_9x9_scratch\best.pt,runs\models_9x9_heads\best.pt,runs\models_9x9_scratch\best.pt,p1_win,1.0,51
1533,runs\models_9x9_heads\best.pt,runs\models_9x9_scratch\best.pt,runs\models_9x9_heads\best.pt,runs\models_9x9_scratch\best.pt,p1_win,1.0,49
1534,runs\models_9x9_heads\best.pt,runs\models_9x9_scratch\best.pt,runs\models_9x9_heads\best.pt,runs\models_9x9_scratch\best.pt,p1_win,1.0,49
1535,runs\models_9x9_heads\best.pt,runs\models_9x9_scratch\best.pt,runs\models_9x9_heads\best.pt,runs\models_9x9_scratch\best.pt,p1_win,1.0,49
1536,runs\models_9x9_heads\best.pt,runs\models_9x9_scratch\best.pt,runs\models_9x9_scratch\best.pt,runs\models_9x9_heads\best.pt,p2_win,1.0,50
1537,runs\models_9x9_heads\best.pt,runs\models_9x9_scratch\best.pt,runs\models_9x9_heads\best.pt,runs\models_9x9_scratch\best.pt,p1_win,1.0,51
1538,runs\models_9x9_heads\best.pt,runs\models_9x9_scratch\best.pt,runs\models_9x9_scratch\best.pt,runs\models_9x9_heads\best.pt,p2_win,1.0,50
1539,runs\models_9x9_heads\best.pt,runs\models_9x9_scratch\best.pt,runs\models_9x9_scratch\best.pt,runs\models_9x9_heads\best.pt,p1_win,0.0,63
1540,runs\models_9x9_heads\best.pt,runs\models_9x9_scratch\best.pt,runs\models_9x9_heads\best.pt,runs\models_9x9_scratch\best.pt,p1_win,1.0,49
1541,runs\models_9x9_heads\best.pt,runs\models_9x9_scratch\best.pt,runs\models_9x9_heads\best.pt,runs\models_9x9_scratch\best.pt,p1_win,1.0,53
1542,runs\models_9x9_heads\best.pt,runs\models_9x9_scratch\best.pt,runs\models_9x9_scratch\best.pt,runs\models_9x9_heads\best.pt,p1_win,0.0,51
1543,runs\models_9x9_heads\best.pt,runs\models_9x9_scratch\best.pt,runs\models_9x9_scratch\best.pt,runs\models_9x9_heads\best.pt,p2_win,1.0,52
1544,runs\models_9x9_heads\best.pt,runs\models_9x9_scratch\best.pt,runs\models_9x9_scratch\best.pt,runs\models_9x9_heads\best.pt,p2_win,1.0,50
1545,runs\models_9x9_heads\best.pt,runs\models_9x9_scratch\best.pt,runs\models_9x9_scratch\best.pt,runs\models_9x9_heads\best.pt,p2_win,1.0,50
1546,runs\models_9x9_heads\best.pt,runs\models_9x9_scratch\best.pt,runs\models_9x9_heads\best.pt,runs\models_9x9_scratch\best.pt,p1_win,1.0,51
1547,runs\models_9x9_heads\best.pt,runs\models_9x9_scratch\best.pt,runs\models_9x9_scratch\best.pt,runs\models_9x9_heads\best.pt,p2_win,1.0,50
1548,runs\models_9x9_heads\best.pt,runs\models_9x9_scratch\best.pt,runs\models_9x9_scratch\best.pt,runs\models_9x9_heads\best.pt,p2_win,1.0,52
1549,runs\models_9x9_heads\best.pt,runs\models_9x9_scratch\best.pt,runs\models_9x9_heads\best.pt,runs\models_9x9_scratch\best.pt,p1_win,1.0,51
1550,runs\models_9x9_heads\best.pt,runs\models_9x9_scratch\best.pt,runs\models_9x9_heads\best.pt,runs\models_9x9_scratch\best.pt,p1_win,1.0,53
1551,runs\models_9x9_heads\best.pt,runs\models_9x9_scratch\best.pt,runs\models_9x9_heads\best.pt,runs\models_9x9_scratch\best.pt,p1_win,1.0,55
1552,runs\models_9x9_heads\best.pt,runs\models_9x9_scratch\best.pt,runs\models_9x9_heads\best.pt,runs\models_9x9_scratch\best.pt,p1_win,1.0,53
1553,runs\models_9x9_heads\best.pt,runs\models_9x9_scratch\best.pt,runs\models_9x9_scratch\best.pt,runs\models_9x9_heads\best.pt,p1_win,0.0,53
1554,runs\models_9x9_heads\best.pt,runs\models_9x9_scratch\best.pt,runs\models_9x9_heads\best.pt,runs\models_9x9_scratch\best.pt,p1_win,1.0,53
1555,runs\models_9x9_heads\best.pt,runs\models_9x9_scratch\best.pt,runs\models_9x9_scratch\best.pt,runs\models_9x9_heads\best.pt,p1_win,0.0,51
1556,runs\models_9x9_heads\best.pt,runs\models_9x9_scratch\best.pt,runs\models_9x9_heads\best.pt,runs\models_9x9_scratch\best.pt,p1_win,1.0,55
1557,runs\models_9x9_heads\best.pt,runs\models_9x9_scratch\best.pt,runs\models_9x9_heads\best.pt,runs\models_9x9_scratch\best.pt,p1_win,1.0,55
1558,runs\models_9x9_heads\best.pt,runs\models_9x9_scratch\best.pt,runs\models_9x9_scratch\best.pt,runs\models_9x9_heads\best.pt,p2_win,1.0,56
1559,runs\models_9x9_heads\best.pt,runs\models_9x9_scratch\best.pt,runs\models_9x9_heads\best.pt,runs\models_9x9_scratch\best.pt,p1_win,1.0,53
1560,runs\models_9x9_heads\best.pt,runs\models_9x9_scratch\best.pt,runs\models_9x9_heads\best.pt,runs\models_9x9_scratch\best.pt,p1_win,1.0,55
1561,runs\models_9x9_heads\best.pt,runs\models_9x9_scratch\best.pt,runs\models_9x9_scratch\best.pt,runs\models_9x9_heads\best.pt,p2_win,1.0,58
1562,runs\models_9x9_heads\best.pt,runs\models_9x9_scratch\best.pt,runs\models_9x9_heads\best.pt,runs\models_9x9_scratch\best.pt,p1_win,1.0,55
1563,runs\models_9x9_heads\best.pt,runs\models_9x9_scratch\best.pt,runs\models_9x9_heads\best.pt,runs\models_9x9_scratch\best.pt,p1_win,1.0,53
1564,runs\models_9x9_heads\best.pt,runs\models_9x9_scratch\best.pt,runs\models_9x9_heads\best.pt,runs\models_9x9_scratch\best.pt,p1_win,1.0,53
1565,runs\models_9x9_heads\best.pt,runs\models_9x9_scratch\best.pt,runs\models_9x9_scratch\best.pt,runs\models_9x9_heads\best.pt,p1_win,0.0,53
1566,runs\models_9x9_heads\best.pt,runs\models_9x9_scratch\best.pt,runs\models_9x9_heads\best.pt,runs\models_9x9_scratch\best.pt,p1_win,1.0,53
1567,runs\models_9x9_heads\best.pt,runs\models_9x9_scratch\best.pt,runs\models_9x9_heads\best.pt,runs\models_9x9_scratch\best.pt,p1_win,1.0,53
1568,runs\models_9x9_heads\best.pt,runs\models_9x9_scratch\best.pt,runs\models_9x9_scratch\best.pt,runs\models_9x9_heads\best.pt,p2_win,1.0,56
1569,runs\models_9x9_heads\best.pt,runs\models_9x9_scratch\best.pt,runs\models_9x9_scratch\best.pt,runs\models_9x9_heads\best.pt,p1_win,0.0,55
1570,runs\models_9x9_heads\best.pt,runs\models_9x9_scratch\best.pt,runs\models_9x9_scratch\best.pt,runs\models_9x9_heads\best.pt,p1_win,0.0,53
1571,runs\models_9x9_heads\best.pt,runs\models_9x9_scratch\best.pt,runs\models_9x9_scratch\best.pt,runs\models_9x9_heads\best.pt,p2_win,1.0,60
1572,runs\models_9x9_heads\best.pt,runs\models_9x9_scratch\best.pt,runs\models_9x9_scratch\best.pt,runs\models_9x9_heads\best.pt,p2_win,1.0,52
1573,runs\models_9x9_heads\best.pt,runs\models_9x9_scratch\best.pt,runs\models_9x9_heads\best.pt,runs\models_9x9_scratch\best.pt,p1_win,1.0,53
1574,runs\models_9x9_heads\best.pt,runs\models_9x9_scratch\best.pt,runs\models_9x9_heads\best.pt,runs\models_9x9_scratch\best.pt,p1_win,1.0,55
1575,runs\models_9x9_heads\best.pt,runs\models_9x9_scratch\best.pt,runs\models_9x9_heads\best.pt,runs\models_9x9_scratch\best.pt,p1_win,1.0,55
1576,runs\models_9x9_heads\best.pt,runs\models_9x9_scratch\best.pt,runs\models_9x9_heads\best.pt,runs\models_9x9_scratch\best.pt,p1_win,1.0,55
1577,runs\models_9x9_heads\best.pt,runs\models_9x9_scratch\best.pt,runs\models_9x9_heads\best.pt,runs\models_9x9_scratch\best.pt,p1_win,1.0,53
1578,runs\models_9x9_heads\best.pt,runs\models_9x9_scratch\best.pt,runs\models_9x9_scratch\best.pt,runs\models_9x9_heads\best.pt,p2_win,1.0,54
1579,runs\models_9x9_heads\best.pt,runs\models_9x9_scratch\best.pt,runs\models_9x9_scratch\best.pt,runs\models_9x9_heads\best.pt,p2_win,1.0,58
1580,runs\models_9x9_heads\best.pt,runs\models_9x9_scratch\best.pt,runs\models_9x9_scratch\best.pt,runs\models_9x9_heads\best.pt,p2_win,1.0,60
1581,runs\models_9x9_heads\best.pt,runs\models_9x9_scratch\best.pt,runs\models_9x9_scratch\best.pt,runs\models_9x9_heads\best.pt,p2_win,1.0,58
1582,runs\models_9x9_heads\best.pt,runs\models_9x9_scratch\best.pt,runs\models_9x9_heads\best.pt,runs\models_9x9_scratch\best.pt,p1_win,1.0,55
1583,runs\models_9x9_heads\best.pt,runs\models_9x9_scratch\best.pt,runs\models_9x9_scratch\best.pt,runs\models_9x9_heads\best.pt,p2_win,1.0,54
1584,runs\models_9x9_heads\best.pt,runs\models_9x9_scratch\best.pt,runs\models_9x9_scratch\best.pt,runs\models_9x9_heads\best.pt,p2_win,1.0,62
1585,runs\models_9x9_heads\best.pt,runs\models_9x9_scratch\best.pt,runs\models_9x9_heads\best.pt,runs\models_9x9_scratch\best.pt,p1_win,1.0,57
1586,runs\models_9x9_heads\best.pt,runs\models_9x9_scratch\best.pt,runs\models_9x9_heads\best.pt,runs\models_9x9_scratch\best.pt,p1_win,1.0,59
1587,runs\models_9x9_heads\best.pt,runs\models_9x9_scratch\best.pt,runs\models_9x9_heads\best.pt,runs\models_9x9_scratch\best.pt,p1_win,1.0,55
1588,runs\models_9x9_heads\best.pt,runs\models_9x9_scratch\best.pt,runs\models_9x9_scratch\best.pt,runs\models_9x9_heads\best.pt,p2_win,1.0,60
1589,runs\models_9x9_heads\best.pt,runs\models_9x9_scratch\best.pt,runs\models_9x9_heads\best.pt,runs\models_9x9_scratch\best.pt,p1_win,1.0,57
1590,runs\models_9x9_heads\best.pt,runs\models_9x9_scratch\best.pt,runs\models_9x9_heads\best.pt,runs\models_9x9_scratch\best.pt,p1_win,1.0,55
1591,runs\models_9x9_heads\best.pt,runs\models_9x9_scratch\best.pt,runs\models_9x9_heads\best.pt,runs\models_9x9_scratch\best.pt,p1_win,1.0,57
1592,runs\models_9x9_heads\best.pt,runs\models_9x9_scratch\best.pt,runs\models_9x9_scratch\best.pt,runs\models_9x9_heads\best.pt,p2_win,1.0,56
1593,runs\models_9x9_heads\best.pt,runs\models_9x9_scratch\best.pt,runs\models_9x9_heads\best.pt,runs\models_9x9_scratch\best.pt,p1_win,1.0,61
1594,runs\models_9x9_heads\best.pt,runs\models_9x9_scratch\best.pt,runs\models_9x9_scratch\best.pt,runs\models_9x9_heads\best.pt,p2_win,1.0,54
1595,runs\models_9x9_heads\best.pt,runs\models_9x9_scratch\best.pt,runs\models_9x9_scratch\best.pt,runs\models_9x9_heads\best.pt,p2_win,1.0,54
1596,runs\models_9x9_heads\best.pt,runs\models_9x9_scratch\best.pt,runs\models_9x9_heads\best.pt,runs\models_9x9_scratch\best.pt,p1_win,1.0,57
1597,runs\models_9x9_heads\best.pt,runs\models_9x9_scratch\best.pt,runs\models_9x9_heads\best.pt,runs\models_9x9_scratch\best.pt,p1_win,1.0,55
1598,runs\models_9x9_heads\best.pt,runs\models_9x9_scratch\best.pt,runs\models_9x9_scratch\best.pt,runs\models_9x9_heads\best.pt,p2_win,1.0,56
1599,runs\models_9x9_heads\best.pt,runs\models_9x9_scratch\best.pt,runs\models_9x9_scratch\best.pt,runs\models_9x9_heads\best.pt,p2_win,1.0,58
1600,runs\models_9x9_heads\best.pt,runs\models_9x9_scratch\best.pt,runs\models_9x9_scratch\best.pt,runs\models_9x9_heads\best.pt,p1_win,0.0,55
1601,runs\models_9x9_heads\best.pt,runs\models_9x9_scratch\best.pt,runs\models_9x9_scratch\best.pt,runs\models_9x9_heads\best.pt,p2_win,1.0,60
1602,runs\models_9x9_heads\best.pt,runs\models_9x9_scratch\best.pt,runs\models_9x9_heads\best.pt,runs\models_9x9_scratch\best.pt,p1_win,1.0,61
1603,runs\models_9x9_heads\best.pt,runs\models_9x9_scratch\best.pt,runs\models_9x9_scratch\best.pt,runs\models_9x9_heads\best.pt,p2_win,1.0,58
1604,runs\models_9x9_heads\best.pt,runs\models_9x9_scratch\best.pt,runs\models_9x9_scratch\best.pt,runs\models_9x9_heads\best.pt,p1_win,0.0,55
1605,runs\models_9x9_heads\best.pt,runs\models_9x9_scratch\best.pt,runs\models_9x9_heads\best.pt,runs\models_9x9_scratch\best.pt,p1_win,1.0,55
1606,runs\models_9x9_heads\best.pt,runs\models_9x9_scratch\best.pt,runs\models_9x9_heads\best.pt,runs\models_9x9_scratch\best.pt,p1_win,1.0,59
1607,runs\models_9x9_heads\best.pt,runs\models_9x9_scratch\best.pt,runs\models_9x9_scratch\best.pt,runs\models_9x9_heads\best.pt,p2_win,1.0,58
1608,runs\models_9x9_heads\best.pt,runs\models_9x9_scratch\best.pt,runs\models_9x9_scratch\best.pt,runs\models_9x9_heads\best.pt,p2_win,1.0,56
1609,runs\models_9x9_heads\best.pt,runs\models_9x9_scratch\best.pt,runs\models_9x9_scratch\best.pt,runs\models_9x9_heads\best.pt,p1_win,0.0,59
1610,runs\models_9x9_heads\best.pt,runs\models_9x9_scratch\best.pt,runs\models_9x9_heads\best.pt,runs\models_9x9_scratch\best.pt,p2_win,0.0,60
1611,runs\models_9x9_heads\best.pt,runs\models_9x9_scratch\best.pt,runs\models_9x9_heads\best.pt,runs\models_9x9_scratch\best.pt,p1_win,1.0,61
1612,runs\models_9x9_heads\best.pt,runs\models_9x9_scratch\best.pt,runs\models_9x9_scratch\best.pt,runs\models_9x9_heads\best.pt,p2_win,1.0,56
1613,runs\models_9x9_heads\best.pt,runs\models_9x9_scratch\best.pt,runs\models_9x9_heads\best.pt,runs\models_9x9_scratch\best.pt,p1_win,1.0,61
1614,runs\models_9x9_heads\best.pt,runs\models_9x9_scratch\best.pt,runs\models_9x9_heads\best.pt,runs\models_9x9_scratch\best.pt,p1_win,1.0,63
1615,runs\models_9x9_heads\best.pt,runs\models_9x9_scratch\best.pt,runs\models_9x9_scratch\best.pt,runs\models_9x9_heads\best.pt,p1_win,0.0,65
1616,runs\models_9x9_heads\best.pt,runs\models_9x9_scratch\best.pt,runs\models_9x9_scratch\best.pt,runs\models_9x9_heads\best.pt,p2_win,1.0,58
1617,runs\models_9x9_heads\best.pt,runs\models_9x9_scratch\best.pt,runs\models_9x9_heads\best.pt,runs\models_9x9_scratch\best.pt,p1_win,1.0,61
1618,runs\models_9x9_heads\best.pt,runs\models_9x9_scratch\best.pt,runs\models_9x9_heads\best.pt,runs\models_9x9_scratch\best.pt,p1_win,1.0,57
1619,runs\models_9x9_heads\best.pt,runs\models_9x9_scratch\best.pt,runs\models_9x9_heads\best.pt,runs\models_9x9_scratch\best.pt,p1_win,1.0,59
1620,runs\models_9x9_heads\best.pt,runs\models_9x9_scratch\best.pt,runs\models_9x9_heads\best.pt,runs\models_9x9_scratch\best.pt,p1_win,1.0,61
1621,runs\models_9x9_heads\best.pt,runs\models_9x9_scratch\best.pt,runs\models_9x9_scratch\best.pt,runs\models_9x9_heads\best.pt,p2_win,1.0,60
1622,runs\models_9x9_heads\best.pt,runs\models_9x9_scratch\best.pt,runs\models_9x9_heads\best.pt,runs\models_9x9_scratch\best.pt,p1_win,1.0,59
1623,runs\models_9x9_heads\best.pt,runs\models_9x9_scratch\best.pt,runs\models_9x9_heads\best.pt,runs\models_9x9_scratch\best.pt,p2_win,0.0,62
1624,runs\models_9x9_heads\best.pt,runs\models_9x9_scratch\best.pt,runs\models_9x9_heads\best.pt,runs\models_9x9_scratch\best.pt,p1_win,1.0,59
1625,runs\models_9x9_heads\best.pt,runs\models_9x9_scratch\best.pt,runs\models_9x9_scratch\best.pt,runs\models_9x9_heads\best.pt,p1_win,0.0,59
1626,runs\models_9x9_heads\best.pt,runs\models_9x9_scratch\best.pt,runs\models_9x9_scratch\best.pt,runs\models_9x9_heads\best.pt,p2_win,1.0,60
1627,runs\models_9x9_heads\best.pt,runs\models_9x9_scratch\best.pt,runs\models_9x9_heads\best.pt,runs\models_9x9_scratch\best.pt,p1_win,1.0,59
1628,runs\models_9x9_heads\best.pt,runs\models_9x9_scratch\best.pt,runs\models_9x9_heads\best.pt,runs\models_9x9_scratch\best.pt,p1_win,1.0,57
1629,runs\models_9x9_heads\best.pt,runs\models_9x9_scratch\best.pt,runs\models_9x9_heads\best.pt,runs\models_9x9_scratch\best.pt,p1_win,1.0,59
1630,runs\models_9x9_heads\best.pt,runs\models_9x9_scratch\best.pt,runs\models_9x9_heads\best.pt,runs\models_9x9_scratch\best.pt,p1_win,1.0,57
1631,runs\models_9x9_heads\best.pt,runs\models_9x9_scratch\best.pt,runs\models_9x9_scratch\best.pt,runs\models_9x9_heads\best.pt,p2_win,1.0,56
1632,runs\models_9x9_heads\best.pt,runs\models_9x9_scratch\best.pt,runs\models_9x9_heads\best.pt,runs\models_9x9_scratch\best.pt,p1_win,1.0,59
1633,runs\models_9x9_heads\best.pt,runs\models_9x9_scratch\best.pt,runs\models_9x9_scratch\best.pt,runs\models_9x9_heads\best.pt,p2_win,1.0,58
1634,runs\models_9x9_heads\best.pt,runs\models_9x9_scratch\best.pt,runs\models_9x9_heads\best.pt,runs\models_9x9_scratch\best.pt,p1_win,1.0,59
1635,runs\models_9x9_heads\best.pt,runs\models_9x9_scratch\best.pt,runs\models_9x9_scratch\best.pt,runs\models_9x9_heads\best.pt,p1_win,0.0,61
1636,runs\models_9x9_heads\best.pt,runs\models_9x9_scratch\best.pt,runs\models_9x9_scratch\best.pt,runs\models_9x9_heads\best.pt,p2_win,1.0,64
1637,runs\models_9x9_heads\best.pt,runs\models_9x9_scratch\best.pt,runs\models_9x9_heads\best.pt,runs\models_9x9_scratch\best.pt,p1_win,1.0,61
1638,runs\models_9x9_heads\best.pt,runs\models_9x9_scratch\best.pt,runs\models_9x9_heads\best.pt,runs\models_9x9_scratch\best.pt,p1_win,1.0,63
1639,runs\models_9x9_heads\best.pt,runs\models_9x9_scratch\best.pt,runs\models_9x9_heads\best.pt,runs\models_9x9_scratch\best.pt,p1_win,1.0,61
1640,runs\models_9x9_heads\best.pt,runs\models_9x9_scratch\best.pt,runs\models_9x9_heads\best.pt,runs\models_9x9_scratch\best.pt,p1_win,1.0,63
1641,runs\models_9x9_heads\best.pt,runs\models_9x9_scratch\best.pt,runs\models_9x9_heads\best.pt,runs\models_9x9_scratch\best.pt,p1_win,1.0,61
1642,runs\models_9x9_heads\best.pt,runs\models_9x9_scratch\best.pt,runs\models_9x9_scratch\best.pt,runs\models_9x9_heads\best.pt,p2_win,1.0,60
1643,runs\models_9x9_heads\best.pt,runs\models_9x9_scratch\best.pt,runs\models_9x9_heads\best.pt,runs\models_9x9_scratch\best.pt,p1_win,1.0,57
1644,runs\models_9x9_heads\best.pt,runs\models_9x9_scratch\best.pt,runs\models_9x9_scratch\best.pt,runs\models_9x9_heads\best.pt,p2_win,1.0,58
1645,runs\models_9x9_heads\best.pt,runs\models_9x9_scratch\best.pt,runs\models_9x9_heads\best.pt,runs\models_9x9_scratch\best.pt,p1_win,1.0,59
1646,runs\models_9x9_heads\best.pt,runs\models_9x9_scratch\best.pt,runs\models_9x9_scratch\best.pt,runs\models_9x9_heads\best.pt,p2_win,1.0,58
1647,runs\models_9x9_heads\best.pt,runs\models_9x9_scratch\best.pt,runs\models_9x9_scratch\best.pt,runs\models_9x9_heads\best.pt,p2_win,1.0,66
1648,runs\models_9x9_heads\best.pt,runs\models_9x9_scratch\best.pt,runs\models_9x9_heads\best.pt,runs\models_9x9_scratch\best.pt,p1_win,1.0,63
1649,runs\models_9x9_heads\best.pt,runs\models_9x9_scratch\best.pt,runs\models_9x9_scratch\best.pt,runs\models_9x9_heads\best.pt,p2_win,1.0,64
1650,runs\models_9x9_heads\best.pt,runs\models_9x9_scratch\best.pt,runs\models_9x9_scratch\best.pt,runs\models_9x9_heads\best.pt,p2_win,1.0,62
1651,runs\models_9x9_heads\best.pt,runs\models_9x9_scratch\best.pt,runs\models_9x9_heads\best.pt,runs\models_9x9_scratch\best.pt,p1_win,1.0,61
1652,runs\models_9x9_heads\best.pt,runs\models_9x9_scratch\best.pt,runs\models_9x9_heads\best.pt,runs\models_9x9_scratch\best.pt,p1_win,1.0,61
1653,runs\models_9x9_heads\best.pt,runs\models_9x9_scratch\best.pt,runs\models_9x9_scratch\best.pt,runs\models_9x9_heads\best.pt,p2_win,1.0,62
1654,runs\models_9x9_heads\best.pt,runs\models_9x9_scratch\best.pt,runs\models_9x9_scratch\best.pt,runs\models_9x9_heads\best.pt,p2_win,1.0,62
1655,runs\models_9x9_heads\best.pt,runs\models_9x9_scratch\best.pt,runs\models_9x9_scratch\best.pt,runs\models_9x9_heads\best.pt,p2_win,1.0,62
1656,runs\models_9x9_heads\best.pt,runs\models_9x9_scratch\best.pt,runs\models_9x9_scratch\best.pt,runs\models_9x9_heads\best.pt,p2_win,1.0,64
1657,runs\models_9x9_heads\best.pt,runs\models_9x9_scratch\best.pt,runs\models_9x9_heads\best.pt,runs\models_9x9_scratch\best.pt,p1_win,1.0,63
1658,runs\models_9x9_heads\best.pt,runs\models_9x9_scratch\best.pt,runs\models_9x9_scratch\best.pt,runs\models_9x9_heads\best.pt,p2_win,1.0,60
1659,runs\models_9x9_heads\best.pt,runs\models_9x9_scratch\best.pt,runs\models_9x9_heads\best.pt,runs\models_9x9_scratch\best.pt,p1_win,1.0,69
1660,runs\models_9x9_heads\best.pt,runs\models_9x9_scratch\best.pt,runs\models_9x9_heads\best.pt,runs\models_9x9_scratch\best.pt,p1_win,1.0,59
1661,runs\models_9x9_heads\best.pt,runs\models_9x9_scratch\best.pt,runs\models_9x9_heads\best.pt,runs\models_9x9_scratch\best.pt,p1_win,1.0,59
1662,runs\models_9x9_heads\best.pt,runs\models_9x9_scratch\best.pt,runs\models_9x9_scratch\best.pt,runs\models_9x9_heads\best.pt,p1_win,0.0,67
1663,runs\models_9x9_heads\best.pt,runs\models_9x9_scratch\best.pt,runs\models_9x9_heads\best.pt,runs\models_9x9_scratch\best.pt,p2_win,0.0,66
1664,runs\models_9x9_heads\best.pt,runs\models_9x9_scratch\best.pt,runs\models_9x9_scratch\best.pt,runs\models_9x9_heads\best.pt,p1_win,0.0,59
1665,runs\models_9x9_heads\best.pt,runs\models_9x9_scratch\best.pt,runs\models_9x9_scratch\best.pt,runs\models_9x9_heads\best.pt,p2_win,1.0,62
1666,runs\models_9x9_heads\best.pt,runs\models_9x9_scratch\best.pt,runs\models_9x9_heads\best.pt,runs\models_9x9_scratch\best.pt,p2_win,0.0,60
1667,runs\models_9x9_heads\best.pt,runs\models_9x9_scratch\best.pt,runs\models_9x9_heads\best.pt,runs\models_9x9_scratch\best.pt,p2_win,0.0,58
1668,runs\models_9x9_heads\best.pt,runs\models_9x9_scratch\best.pt,runs\models_9x9_scratch\best.pt,runs\models_9x9_heads\best.pt,p2_win,1.0,64
1669,runs\models_9x9_heads\best.pt,runs\models_9x9_scratch\best.pt,runs\models_9x9_scratch\best.pt,runs\models_9x9_heads\best.pt,p2_win,1.0,60
1670,runs\models_9x9_heads\best.pt,runs\models_9x9_scratch\best.pt,runs\models_9x9_heads\best.pt,runs\models_9x9_scratch\best.pt,p1_win,1.0,61
1671,runs\models_9x9_heads\best.pt,runs\models_9x9_scratch\best.pt,runs\models_9x9_scratch\best.pt,runs\models_9x9_heads\best.pt,p2_win,1.0,60
1672,runs\models_9x9_heads\best.pt,runs\models_9x9_scratch\best.pt,runs\models_9x9_heads\best.pt,runs\models_9x9_scratch\best.pt,p1_win,1.0,61
1673,runs\models_9x9_heads\best.pt,runs\models_9x9_scratch\best.pt,runs\models_9x9_scratch\best.pt,runs\models_9x9_heads\best.pt,p2_win,1.0,60
1674,runs\models_9x9_heads\best.pt,runs\models_9x9_scratch\best.pt,runs\models_9x9_scratch\best.pt,runs\models_9x9_heads\best.pt,p2_win,1.0,74
1675,runs\models_9x9_heads\best.pt,runs\models_9x9_scratch\best.pt,runs\models_9x9_heads\best.pt,runs\models_9x9_scratch\best.pt,p1_win,1.0,63
1676,runs\models_9x9_heads\best.pt,runs\models_9x9_scratch\best.pt,runs\models_9x9_heads\best.pt,runs\models_9x9_scratch\best.pt,p1_win,1.0,65
1677,runs\models_9x9_heads\best.pt,runs\models_9x9_scratch\best.pt,runs\models_9x9_heads\best.pt,runs\models_9x9_scratch\best.pt,p1_win,1.0,63
1678,runs\models_9x9_heads\best.pt,runs\models_9x9_scratch\best.pt,runs\models_9x9_scratch\best.pt,runs\models_9x9_heads\best.pt,p2_win,1.0,60
1679,runs\models_9x9_heads\best.pt,runs\models_9x9_scratch\best.pt,runs\models_9x9_heads\best.pt,runs\models_9x9_scratch\best.pt,p1_win,1.0,63
1680,runs\models_9x9_heads\best.pt,runs\models_9x9_scratch\best.pt,runs\models_9x9_scratch\best.pt,runs\models_9x9_heads\best.pt,p2_win,1.0,64
1681,runs\models_9x9_heads\best.pt,runs\models_9x9_scratch\best.pt,runs\models_9x9_scratch\best.pt,runs\models_9x9_heads\best.pt,p2_win,1.0,60
1682,runs\models_9x9_heads\best.pt,runs\models_9x9_scratch\best.pt,runs\models_9x9_scratch\best.pt,runs\models_9x9_heads\best.pt,p1_win,0.0,71
1683,runs\models_9x9_heads\best.pt,runs\models_9x9_scratch\best.pt,runs\models_9x9_heads\best.pt,runs\models_9x9_scratch\best.pt,p1_win,1.0,61
1684,runs\models_9x9_heads\best.pt,runs\models_9x9_scratch\best.pt,runs\models_9x9_heads\best.pt,runs\models_9x9_scratch\best.pt,p1_win,1.0,61
1685,runs\models_9x9_heads\best.pt,runs\models_9x9_scratch\best.pt,runs\models_9x9_heads\best.pt,runs\models_9x9_scratch\best.pt,p1_win,1.0,67
1686,runs\models_9x9_heads\best.pt,runs\models_9x9_scratch\best.pt,runs\models_9x9_heads\best.pt,runs\models_9x9_scratch\best.pt,p1_win,1.0,63
1687,runs\models_9x9_heads\best.pt,runs\models_9x9_scratch\best.pt,runs\models_9x9_heads\best.pt,runs\models_9x9_scratch\best.pt,p1_win,1.0,65
1688,runs\models_9x9_heads\best.pt,runs\models_9x9_scratch\best.pt,runs\models_9x9_heads\best.pt,runs\models_9x9_scratch\best.pt,p1_win,1.0,65
1689,runs\models_9x9_heads\best.pt,runs\models_9x9_scratch\best.pt,runs\models_9x9_heads\best.pt,runs\models_9x9_scratch\best.pt,p1_win,1.0,63
1690,runs\models_9x9_heads\best.pt,runs\models_9x9_scratch\best.pt,runs\models_9x9_scratch\best.pt,runs\models_9x9_heads\best.pt,p2_win,1.0,64
1691,runs\models_9x9_heads\best.pt,runs\models_9x9_scratch\best.pt,runs\models_9x9_scratch\best.pt,runs\models_9x9_heads\best.pt,p1_win,0.0,63
1692,runs\models_9x9_heads\best.pt,runs\models_9x9_scratch\best.pt,runs\models_9x9_scratch\best.pt,runs\models_9x9_heads\best.pt,p2_win,1.0,62
1693,runs\models_9x9_heads\best.pt,runs\models_9x9_scratch\best.pt,runs\models_9x9_heads\best.pt,runs\models_9x9_scratch\best.pt,p1_win,1.0,63
1694,runs\models_9x9_heads\best.pt,runs\models_9x9_scratch\best.pt,runs\models_9x9_heads\best.pt,runs\models_9x9_scratch\best.pt,p2_win,0.0,64
1695,runs\models_9x9_heads\best.pt,runs\models_9x9_scratch\best.pt,runs\models_9x9_heads\best.pt,runs\models_9x9_scratch\best.pt,p1_win,1.0,63
1696,runs\models_9x9_heads\best.pt,runs\models_9x9_scratch\best.pt,runs\models_9x9_scratch\best.pt,runs\models_9x9_heads\best.pt,p2_win,1.0,64
1697,runs\models_9x9_heads\best.pt,runs\models_9x9_scratch\best.pt,runs\models_9x9_scratch\best.pt,runs\models_9x9_heads\best.pt,p2_win,1.0,70
1698,runs\models_9x9_heads\best.pt,runs\models_9x9_scratch\best.pt,runs\models_9x9_heads\best.pt,runs\models_9x9_scratch\best.pt,p1_win,1.0,65
1699,runs\models_9x9_heads\best.pt,runs\models_9x9_scratch\best.pt,runs\models_9x9_scratch\best.pt,runs\models_9x9_heads\best.pt,p1_win,0.0,69
1700,runs\models_9x9_heads\best.pt,runs\models_9x9_scratch\best.pt,runs\models_9x9_scratch\best.pt,runs\models_9x9_heads\best.pt,p2_win,1.0,68
1701,runs\models_9x9_heads\best.pt,runs\models_9x9_scratch\best.pt,runs\models_9x9_heads\best.pt,runs\models_9x9_scratch\best.pt,p1_win,1.0,67
1702,runs\models_9x9_heads\best.pt,runs\models_9x9_scratch\best.pt,runs\models_9x9_scratch\best.pt,runs\models_9x9_heads\best.pt,p1_win,0.0,65
1703,runs\models_9x9_heads\best.pt,runs\models_9x9_scratch\best.pt,runs\models_9x9_scratch\best.pt,runs\models_9x9_heads\best.pt,p2_win,1.0,62
1704,runs\models_9x9_heads\best.pt,runs\models_9x9_scratch\best.pt,runs\models_9x9_scratch\best.pt,runs\models_9x9_heads\best.pt,p2_win,1.0,64
1705,runs\models_9x9_heads\best.pt,runs\models_9x9_scratch\best.pt,runs\models_9x9_heads\best.pt,runs\models_9x9_scratch\best.pt,p1_win,1.0,61
1706,runs\models_9x9_heads\best.pt,runs\models_9x9_scratch\best.pt,runs\models_9x9_heads\best.pt,runs\models_9x9_scratch\best.pt,p1_win,1.0,67
1707,runs\models_9x9_heads\best.pt,runs\models_9x9_scratch\best.pt,runs\models_9x9_heads\best.pt,runs\models_9x9_scratch\best.pt,p1_win,1.0,65
1708,runs\models_9x9_heads\best.pt,runs\models_9x9_scratch\best.pt,runs\models_9x9_heads\best.pt,runs\models_9x9_scratch\best.pt,p1_win,1.0,71
1709,runs\models_9x9_heads\best.pt,runs\models_9x9_scratch\best.pt,runs\models_9x9_scratch\best.pt,runs\models_9x9_heads\best.pt,p2_win,1.0,64
1710,runs\models_9x9_heads\best.pt,runs\models_9x9_scratch\best.pt,runs\models_9x9_scratch\best.pt,runs\models_9x9_heads\best.pt,p2_win,1.0,68
1711,runs\models_9x9_heads\best.pt,runs\models_9x9_scratch\best.pt,runs\models_9x9_scratch\best.pt,runs\models_9x9_heads\best.pt,p2_win,1.0,68
1712,runs\models_9x9_heads\best.pt,runs\models_9x9_scratch\best.pt,runs\models_9x9_scratch\best.pt,runs\models_9x9_heads\best.pt,p1_win,0.0,69
1713,runs\models_9x9_heads\best.pt,runs\models_9x9_scratch\best.pt,runs\models_9x9_scratch\best.pt,runs\models_9x9_heads\best.pt,p2_win,1.0,66
1714,runs\models_9x9_heads\best.pt,runs\models_9x9_scratch\best.pt,runs\models_9x9_scratch\best.pt,runs\models_9x9_heads\best.pt,p2_win,1.0,66
1715,runs\models_9x9_heads\best.pt,runs\models_9x9_scratch\best.pt,runs\models_9x9_scratch\best.pt,runs\models_9x9_heads\best.pt,p2_win,1.0,66
1716,runs\models_9x9_heads\best.pt,runs\models_9x9_scratch\best.pt,runs\models_9x9_heads\best.pt,runs\models_9x9_scratch\best.pt,p1_win,1.0,69
1717,runs\models_9x9_heads\best.pt,runs\models_9x9_scratch\best.pt,runs\models_9x9_scratch\best.pt,runs\models_9x9_heads\best.pt,p2_win,1.0,64
1718,runs\models_9x9_heads\best.pt,runs\models_9x9_scratch\best.pt,runs\models_9x9_heads\best.pt,runs\models_9x9_scratch\best.pt,p1_win,1.0,69
1719,runs\models_9x9_heads\best.pt,runs\models_9x9_scratch\best.pt,runs\models_9x9_heads\best.pt,runs\models_9x9_scratch\best.pt,p1_win,1.0,65
1720,runs\models_9x9_heads\best.pt,runs\models_9x9_scratch\best.pt,runs\models_9x9_heads\best.pt,runs\models_9x9_scratch\best.pt,p1_win,1.0,63
1721,runs\models_9x9_heads\best.pt,runs\models_9x9_scratch\best.pt,runs\models_9x9_heads\best.pt,runs\models_9x9_scratch\best.pt,p1_win,1.0,67
1722,runs\models_9x9_heads\best.pt,runs\models_9x9_scratch\best.pt,runs\models_9x9_scratch\best.pt,runs\models_9x9_heads\best.pt,p2_win,1.0,64
1723,runs\models_9x9_heads\best.pt,runs\models_9x9_scratch\best.pt,runs\models_9x9_heads\best.pt,runs\models_9x9_scratch\best.pt,p1_win,1.0,67
1724,runs\models_9x9_heads\best.pt,runs\models_9x9_scratch\best.pt,runs\models_9x9_heads\best.pt,runs\models_9x9_scratch\best.pt,p2_win,0.0,64
1725,runs\models_9x9_heads\best.pt,runs\models_9x9_scratch\best.pt,runs\models_9x9_heads\best.pt,runs\models_9x9_scratch\best.pt,p2_win,0.0,70
1726,runs\models_9x9_heads\best.pt,runs\models_9x9_scratch\best.pt,runs\models_9x9_heads\best.pt,runs\models_9x9_scratch\best.pt,p1_win,1.0,65
1727,runs\models_9x9_heads\best.pt,runs\models_9x9_scratch\best.pt,runs\models_9x9_scratch\best.pt,runs\models_9x9_heads\best.pt,p2_win,1.0,64
1728,runs\models_9x9_heads\best.pt,runs\models_9x9_scratch\best.pt,runs\models_9x9_heads\best.pt,runs\models_9x9_scratch\best.pt,p2_win,0.0,64
1729,runs\models_9x9_heads\best.pt,runs\models_9x9_scratch\best.pt,runs\models_9x9_heads\best.pt,runs\models_9x9_scratch\best.pt,p1_win,1.0,65
1730,runs\models_9x9_heads\best.pt,runs\models_9x9_scratch\best.pt,runs\models_9x9_scratch\best.pt,runs\models_9x9_heads\best.pt,p2_win,1.0,64
1731,runs\models_9x9_heads\best.pt,runs\models_9x9_scratch\best.pt,runs\models_9x9_heads\best.pt,runs\models_9x9_scratch\best.pt,p1_win,1.0,65
1732,runs\models_9x9_heads\best.pt,runs\models_9x9_scratch\best.pt,runs\models_9x9_heads\best.pt,runs\models_9x9_scratch\best.pt,p1_win,1.0,65
1733,runs\models_9x9_heads\best.pt,runs\models_9x9_scratch\best.pt,runs\models_9x9_heads\best.pt,runs\models_9x9_scratch\best.pt,p1_win,1.0,65
1734,runs\models_9x9_heads\best.pt,runs\models_9x9_scratch\best.pt,runs\models_9x9_heads\best.pt,runs\models_9x9_scratch\best.pt,p1_win,1.0,65
1735,runs\models_9x9_heads\best.pt,runs\models_9x9_scratch\best.pt,runs\models_9x9_scratch\best.pt,runs\models_9x9_heads\best.pt,p2_win,1.0,66
1736,runs\models_9x9_heads\best.pt,runs\models_9x9_scratch\best.pt,runs\models_9x9_scratch\best.pt,runs\models_9x9_heads\best.pt,p2_win,1.0,68
1737,runs\models_9x9_heads\best.pt,runs\models_9x9_scratch\best.pt,runs\models_9x9_heads\best.pt,runs\models_9x9_scratch\best.pt,p1_win,1.0,65
1738,runs\models_9x9_heads\best.pt,runs\models_9x9_scratch\best.pt,runs\models_9x9_scratch\best.pt,runs\models_9x9_heads\best.pt,p2_win,1.0,66
1739,runs\models_9x9_heads\best.pt,runs\models_9x9_scratch\best.pt,runs\models_9x9_scratch\best.pt,runs\models_9x9_heads\best.pt,p1_win,0.0,75
1740,runs\models_9x9_heads\best.pt,runs\models_9x9_scratch\best.pt,runs\models_9x9_scratch\best.pt,runs\models_9x9_heads\best.pt,p2_win,1.0,68
1741,runs\models_9x9_heads\best.pt,runs\models_9x9_scratch\best.pt,runs\models_9x9_scratch\best.pt,runs\models_9x9_heads\best.pt,p2_win,1.0,70
1742,runs\models_9x9_heads\best.pt,runs\models_9x9_scratch\best.pt,runs\models_9x9_scratch\best.pt,runs\models_9x9_heads\best.pt,p2_win,1.0,70
1743,runs\models_9x9_heads\best.pt,runs\models_9x9_scratch\best.pt,runs\models_9x9_heads\best.pt,runs\models_9x9_scratch\best.pt,p1_win,1.0,73
1744,runs\models_9x9_heads\best.pt,runs\models_9x9_scratch\best.pt,runs\models_9x9_scratch\best.pt,runs\models_9x9_heads\best.pt,p1_win,0.0,65
1745,runs\models_9x9_heads\best.pt,runs\models_9x9_scratch\best.pt,runs\models_9x9_scratch\best.pt,runs\models_9x9_heads\best.pt,p2_win,1.0,66
1746,runs\models_9x9_heads\best.pt,runs\models_9x9_scratch\best.pt,runs\models_9x9_scratch\best.pt,runs\models_9x9_heads\best.pt,p2_win,1.0,70
1747,runs\models_9x9_heads\best.pt,runs\models_9x9_scratch\best.pt,runs\models_9x9_heads\best.pt,runs\models_9x9_scratch\best.pt,p1_win,1.0,69
1748,runs\models_9x9_heads\best.pt,runs\models_9x9_scratch\best.pt,runs\models_9x9_scratch\best.pt,runs\models_9x9_heads\best.pt,p2_win,1.0,70
1749,runs\models_9x9_heads\best.pt,runs\models_9x9_scratch\best.pt,runs\models_9x9_heads\best.pt,runs\models_9x9_scratch\best.pt,p1_win,1.0,67
1750,runs\models_9x9_heads\best.pt,runs\models_9x9_scratch\best.pt,runs\models_9x9_scratch\best.pt,runs\models_9x9_heads\best.pt,p2_win,1.0,70
1751,runs\models_9x9_heads\best.pt,runs\models_9x9_scratch\best.pt,runs\models_9x9_scratch\best.pt,runs\models_9x9_heads\best.pt,p2_win,1.0,68
1752,runs\models_9x9_heads\best.pt,runs\models_9x9_scratch\best.pt,runs\models_9x9_scratch\best.pt,runs\models_9x9_heads\best.pt,p2_win,1.0,68
1753,runs\models_9x9_heads\best.pt,runs\models_9x9_scratch\best.pt,runs\models_9x9_heads\best.pt,runs\models_9x9_scratch\best.pt,p1_win,1.0,69
1754,runs\models_9x9_heads\best.pt,runs\models_9x9_scratch\best.pt,runs\models_9x9_scratch\best.pt,runs\models_9x9_heads\best.pt,p2_win,1.0,72
1755,runs\models_9x9_heads\best.pt,runs\models_9x9_scratch\best.pt,runs\models_9x9_heads\best.pt,runs\models_9x9_scratch\best.pt,p1_win,1.0,67
1756,runs\models_9x9_heads\best.pt,runs\models_9x9_scratch\best.pt,runs\models_9x9_scratch\best.pt,runs\models_9x9_heads\best.pt,p2_win,1.0,66
1757,runs\models_9x9_heads\best.pt,runs\models_9x9_scratch\best.pt,runs\models_9x9_scratch\best.pt,runs\models_9x9_heads\best.pt,p2_win,1.0,72
1758,runs\models_9x9_heads\best.pt,runs\models_9x9_scratch\best.pt,runs\models_9x9_heads\best.pt,runs\models_9x9_scratch\best.pt,p1_win,1.0,69
1759,runs\models_9x9_heads\best.pt,runs\models_9x9_scratch\best.pt,runs\models_9x9_scratch\best.pt,runs\models_9x9_heads\best.pt,p1_win,0.0,69
1760,runs\models_9x9_heads\best.pt,runs\models_9x9_scratch\best.pt,runs\models_9x9_heads\best.pt,runs\models_9x9_scratch\best.pt,p1_win,1.0,73
1761,runs\models_9x9_heads\best.pt,runs\models_9x9_scratch\best.pt,runs\models_9x9_heads\best.pt,runs\models_9x9_scratch\best.pt,p1_win,1.0,67
1762,runs\models_9x9_heads\best.pt,runs\models_9x9_scratch\best.pt,runs\models_9x9_scratch\best.pt,runs\models_9x9_heads\best.pt,p1_win,0.0,69
1763,runs\models_9x9_heads\best.pt,runs\models_9x9_scratch\best.pt,runs\models_9x9_scratch\best.pt,runs\models_9x9_heads\best.pt,p2_win,1.0,70
1764,runs\models_9x9_heads\best.pt,runs\models_9x9_scratch\best.pt,runs\models_9x9_scratch\best.pt,runs\models_9x9_heads\best.pt,p1_win,0.0,71
1765,runs\models_9x9_heads\best.pt,runs\models_9x9_scratch\best.pt,runs\models_9x9_heads\best.pt,runs\models_9x9_scratch\best.pt,p1_win,1.0,69
1766,runs\models_9x9_heads\best.pt,runs\models_9x9_scratch\best.pt,runs\models_9x9_scratch\best.pt,runs\models_9x9_heads\best.pt,p2_win,1.0,68
1767,runs\models_9x9_heads\best.pt,runs\models_9x9_scratch\best.pt,runs\models_9x9_heads\best.pt,runs\models_9x9_scratch\best.pt,p1_win,1.0,71
1768,runs\models_9x9_heads\best.pt,runs\models_9x9_scratch\best.pt,runs\models_9x9_scratch\best.pt,runs\models_9x9_heads\best.pt,p2_win,1.0,70
1769,runs\models_9x9_heads\best.pt,runs\models_9x9_scratch\best.pt,runs\models_9x9_scratch\best.pt,runs\models_9x9_heads\best.pt,p2_win,1.0,70
1770,runs\models_9x9_heads\best.pt,runs\models_9x9_scratch\best.pt,runs\models_9x9_scratch\best.pt,runs\models_9x9_heads\best.pt,p2_win,1.0,68
1771,runs\models_9x9_heads\best.pt,runs\models_9x9_scratch\best.pt,runs\models_9x9_scratch\best.pt,runs\models_9x9_heads\best.pt,p1_win,0.0,69
1772,runs\models_9x9_heads\best.pt,runs\models_9x9_scratch\best.pt,runs\models_9x9_scratch\best.pt,runs\models_9x9_heads\best.pt,p2_win,1.0,72
1773,runs\models_9x9_heads\best.pt,runs\models_9x9_scratch\best.pt,runs\models_9x9_scratch\best.pt,runs\models_9x9_heads\best.pt,p2_win,1.0,74
1774,runs\models_9x9_heads\best.pt,runs\models_9x9_scratch\best.pt,runs\models_9x9_heads\best.pt,runs\models_9x9_scratch\best.pt,p1_win,1.0,71
1775,runs\models_9x9_heads\best.pt,runs\models_9x9_scratch\best.pt,runs\models_9x9_heads\best.pt,runs\models_9x9_scratch\best.pt,p1_win,1.0,67
1776,runs\models_9x9_heads\best.pt,runs\models_9x9_scratch\best.pt,runs\models_9x9_scratch\best.pt,runs\models_9x9_heads\best.pt,p2_win,1.0,70
1777,runs\models_9x9_heads\best.pt,runs\models_9x9_scratch\best.pt,runs\models_9x9_scratch\best.pt,runs\models_9x9_heads\best.pt,p2_win,1.0,70
1778,runs\models_9x9_heads\best.pt,runs\models_9x9_scratch\best.pt,runs\models_9x9_scratch\best.pt,runs\models_9x9_heads\best.pt,p2_win,1.0,74
1779,runs\models_9x9_heads\best.pt,runs\models_9x9_scratch\best.pt,runs\models_9x9_scratch\best.pt,runs\models_9x9_heads\best.pt,p1_win,0.0,73
1780,runs\models_9x9_heads\best.pt,runs\models_9x9_scratch\best.pt,runs\models_9x9_scratch\best.pt,runs\models_9x9_heads\best.pt,p1_win,0.0,67
1781,runs\models_9x9_heads\best.pt,runs\models_9x9_scratch\best.pt,runs\models_9x9_scratch\best.pt,runs\models_9x9_heads\best.pt,p2_win,1.0,72
1782,runs\models_9x9_heads\best.pt,runs\models_9x9_scratch\best.pt,runs\models_9x9_scratch\best.pt,runs\models_9x9_heads\best.pt,p1_win,0.0,69
1783,runs\models_9x9_heads\best.pt,runs\models_9x9_scratch\best.pt,runs\models_9x9_scratch\best.pt,runs\models_9x9_heads\best.pt,p2_win,1.0,72
1784,runs\models_9x9_heads\best.pt,runs\models_9x9_scratch\best.pt,runs\models_9x9_heads\best.pt,runs\models_9x9_scratch\best.pt,p1_win,1.0,71
1785,runs\models_9x9_heads\best.pt,runs\models_9x9_scratch\best.pt,runs\models_9x9_heads\best.pt,runs\models_9x9_scratch\best.pt,p1_win,1.0,73
1786,runs\models_9x9_heads\best.pt,runs\models_9x9_scratch\best.pt,runs\models_9x9_scratch\best.pt,runs\models_9x9_heads\best.pt,p2_win,1.0,70
1787,runs\models_9x9_heads\best.pt,runs\models_9x9_scratch\best.pt,runs\models_9x9_heads\best.pt,runs\models_9x9_scratch\best.pt,p1_win,1.0,69
1788,runs\models_9x9_heads\best.pt,runs\models_9x9_scratch\best.pt,runs\models_9x9_heads\best.pt,runs\models_9x9_scratch\best.pt,p1_win,1.0,67
1789,runs\models_9x9_heads\best.pt,runs\models_9x9_scratch\best.pt,runs\models_9x9_scratch\best.pt,runs\models_9x9_heads\best.pt,p1_win,0.0,75
1790,runs\models_9x9_heads\best.pt,runs\models_9x9_scratch\best.pt,runs\models_9x9_heads\best.pt,runs\models_9x9_scratch\best.pt,p2_win,0.0,70
1791,runs\models_9x9_heads\best.pt,runs\models_9x9_scratch\best.pt,runs\models_9x9_scratch\best.pt,runs\models_9x9_heads\best.pt,p2_win,1.0,74
1792,runs\models_9x9_heads\best.pt,runs\models_9x9_scratch\best.pt,runs\models_9x9_scratch\best.pt,runs\models_9x9_heads\best.pt,p2_win,1.0,70
1793,runs\models_9x9_heads\best.pt,runs\models_9x9_scratch\best.pt,runs\models_9x9_heads\best.pt,runs\models_9x9_scratch\best.pt,p2_win,0.0,68
1794,runs\models_9x9_heads\best.pt,runs\models_9x9_scratch\best.pt,runs\models_9x9_scratch\best.pt,runs\models_9x9_heads\best.pt,p1_win,0.0,69
1795,runs\models_9x9_heads\best.pt,runs\models_9x9_scratch\best.pt,runs\models_9x9_scratch\best.pt,runs\models_9x9_heads\best.pt,p1_win,0.0,73
1796,runs\models_9x9_heads\best.pt,runs\models_9x9_scratch\best.pt,runs\models_9x9_heads\best.pt,runs\models_9x9_scratch\best.pt,p1_win,1.0,73
1797,runs\models_9x9_heads\best.pt,runs\models_9x9_scratch\best.pt,runs\models_9x9_scratch\best.pt,runs\models_9x9_heads\best.pt,p2_win,1.0,70
1798,runs\models_9x9_heads\best.pt,runs\models_9x9_scratch\best.pt,runs\models_9x9_scratch\best.pt,runs\models_9x9_heads\best.pt,p2_win,1.0,68
1799,runs\models_9x9_heads\best.pt,runs\models_9x9_scratch\best.pt,runs\models_9x9_scratch\best.pt,runs\models_9x9_heads\best.pt,p2_win,1.0,72
1800,runs\models_9x9_heads\best.pt,runs\models_9x9_scratch\best.pt,runs\models_9x9_heads\best.pt,runs\models_9x9_scratch\best.pt,p2_win,0.0,68
1801,runs\models_9x9_heads\best.pt,runs\models_9x9_scratch\best.pt,runs\models_9x9_scratch\best.pt,runs\models_9x9_heads\best.pt,p2_win,1.0,72
1802,runs\models_9x9_heads\best.pt,runs\models_9x9_scratch\best.pt,runs\models_9x9_heads\best.pt,runs\models_9x9_scratch\best.pt,p1_win,1.0,75
1803,runs\models_9x9_heads\best.pt,runs\models_9x9_scratch\best.pt,runs\models_9x9_heads\best.pt,runs\models_9x9_scratch\best.pt,p1_win,1.0,71
1804,runs\models_9x9_heads\best.pt,runs\models_9x9_scratch\best.pt,runs\models_9x9_scratch\best.pt,runs\models_9x9_heads\best.pt,p2_win,1.0,74
1805,runs\models_9x9_heads\best.pt,runs\models_9x9_scratch\best.pt,runs\models_9x9_heads\best.pt,runs\models_9x9_scratch\best.pt,p1_win,1.0,71
1806,runs\models_9x9_heads\best.pt,runs\models_9x9_scratch\best.pt,runs\models_9x9_scratch\best.pt,runs\models_9x9_heads\best.pt,p2_win,1.0,70
1807,runs\models_9x9_heads\best.pt,runs\models_9x9_scratch\best.pt,runs\models_9x9_heads\best.pt,runs\models_9x9_scratch\best.pt,p1_win,1.0,75
1808,runs\models_9x9_heads\best.pt,runs\models_9x9_scratch\best.pt,runs\models_9x9_scratch\best.pt,runs\models_9x9_heads\best.pt,p1_win,0.0,69
1809,runs\models_9x9_heads\best.pt,runs\models_9x9_scratch\best.pt,runs\models_9x9_heads\best.pt,runs\models_9x9_scratch\best.pt,p2_win,0.0,82
1810,runs\models_9x9_heads\best.pt,runs\models_9x9_scratch\best.pt,runs\models_9x9_scratch\best.pt,runs\models_9x9_heads\best.pt,p2_win,1.0,74
1811,runs\models_9x9_heads\best.pt,runs\models_9x9_scratch\best.pt,runs\models_9x9_scratch\best.pt,runs\models_9x9_heads\best.pt,p2_win,1.0,74
1812,runs\models_9x9_heads\best.pt,runs\models_9x9_scratch\best.pt,runs\models_9x9_scratch\best.pt,runs\models_9x9_heads\best.pt,p2_win,1.0,76
1813,runs\models_9x9_heads\best.pt,runs\models_9x9_scratch\best.pt,runs\models_9x9_heads\best.pt,runs\models_9x9_scratch\best.pt,p1_win,1.0,71
1814,runs\models_9x9_heads\best.pt,runs\models_9x9_scratch\best.pt,runs\models_9x9_heads\best.pt,runs\models_9x9_scratch\best.pt,p2_win,0.0,76
1815,runs\models_9x9_heads\best.pt,runs\models_9x9_scratch\best.pt,runs\models_9x9_heads\best.pt,runs\models_9x9_scratch\best.pt,p1_win,1.0,77
1816,runs\models_9x9_heads\best.pt,runs\models_9x9_scratch\best.pt,runs\models_9x9_heads\best.pt,runs\models_9x9_scratch\best.pt,p1_win,1.0,71
1817,runs\models_9x9_heads\best.pt,runs\models_9x9_scratch\best.pt,runs\models_9x9_scratch\best.pt,runs\models_9x9_heads\best.pt,p2_win,1.0,76
1818,runs\models_9x9_heads\best.pt,runs\models_9x9_scratch\best.pt,runs\models_9x9_scratch\best.pt,runs\models_9x9_heads\best.pt,p2_win,1.0,72
1819,runs\models_9x9_heads\best.pt,runs\models_9x9_scratch\best.pt,runs\models_9x9_heads\best.pt,runs\models_9x9_scratch\best.pt,p1_win,1.0,71
1820,runs\models_9x9_heads\best.pt,runs\models_9x9_scratch\best.pt,runs\models_9x9_scratch\best.pt,runs\models_9x9_heads\best.pt,p2_win,1.0,78
1821,runs\models_9x9_heads\best.pt,runs\models_9x9_scratch\best.pt,runs\models_9x9_scratch\best.pt,runs\models_9x9_heads\best.pt,p2_win,1.0,78
1822,runs\models_9x9_heads\best.pt,runs\models_9x9_scratch\best.pt,runs\models_9x9_scratch\best.pt,runs\models_9x9_heads\best.pt,p2_win,1.0,80
1823,runs\models_9x9_heads\best.pt,runs\models_9x9_scratch\best.pt,runs\models_9x9_scratch\best.pt,runs\models_9x9_heads\best.pt,p2_win,1.0,70
1824,runs\models_9x9_heads\best.pt,runs\models_9x9_scratch\best.pt,runs\models_9x9_scratch\best.pt,runs\models_9x9_heads\best.pt,p2_win,1.0,76
1825,runs\models_9x9_heads\best.pt,runs\models_9x9_scratch\best.pt,runs\models_9x9_scratch\best.pt,runs\models_9x9_heads\best.pt,p2_win,1.0,74
1826,runs\models_9x9_heads\best.pt,runs\models_9x9_scratch\best.pt,runs\models_9x9_heads\best.pt,runs\models_9x9_scratch\best.pt,p1_win,1.0,71
1827,runs\models_9x9_heads\best.pt,runs\models_9x9_scratch\best.pt,runs\models_9x9_scratch\best.pt,runs\models_9x9_heads\best.pt,p2_win,1.0,76
1828,runs\models_9x9_heads\best.pt,runs\models_9x9_scratch\best.pt,runs\models_9x9_scratch\best.pt,runs\models_9x9_heads\best.pt,p2_win,1.0,72
1829,runs\models_9x9_heads\best.pt,runs\models_9x9_scratch\best.pt,runs\models_9x9_scratch\best.pt,runs\models_9x9_heads\best.pt,p2_win,1.0,72
1830,runs\models_9x9_heads\best.pt,runs\models_9x9_scratch\best.pt,runs\models_9x9_scratch\best.pt,runs\models_9x9_heads\best.pt,p2_win,1.0,74
1831,runs\models_9x9_heads\best.pt,runs\models_9x9_scratch\best.pt,runs\models_9x9_scratch\best.pt,runs\models_9x9_heads\best.pt,p2_win,1.0,74
1832,runs\models_9x9_heads\best.pt,runs\models_9x9_scratch\best.pt,runs\models_9x9_scratch\best.pt,runs\models_9x9_heads\best.pt,p2_win,1.0,74
1833,runs\models_9x9_heads\best.pt,runs\models_9x9_scratch\best.pt,runs\models_9x9_heads\best.pt,runs\models_9x9_scratch\best.pt,p1_win,1.0,77
1834,runs\models_9x9_heads\best.pt,runs\models_9x9_scratch\best.pt,runs\models_9x9_scratch\best.pt,runs\models_9x9_heads\best.pt,p2_win,1.0,72
1835,runs\models_9x9_heads\best.pt,runs\models_9x9_scratch\best.pt,runs\models_9x9_scratch\best.pt,runs\models_9x9_heads\best.pt,p2_win,1.0,72
1836,runs\models_9x9_heads\best.pt,runs\models_9x9_scratch\best.pt,runs\models_9x9_scratch\best.pt,runs\models_9x9_heads\best.pt,p2_win,1.0,74
1837,runs\models_9x9_heads\best.pt,runs\models_9x9_scratch\best.pt,runs\models_9x9_heads\best.pt,runs\models_9x9_scratch\best.pt,p1_win,1.0,71
1838,runs\models_9x9_heads\best.pt,runs\models_9x9_scratch\best.pt,runs\models_9x9_heads\best.pt,runs\models_9x9_scratch\best.pt,p1_win,1.0,73
1839,runs\models_9x9_heads\best.pt,runs\models_9x9_scratch\best.pt,runs\models_9x9_scratch\best.pt,runs\models_9x9_heads\best.pt,p2_win,1.0,76
1840,runs\models_9x9_heads\best.pt,runs\models_9x9_scratch\best.pt,runs\models_9x9_heads\best.pt,runs\models_9x9_scratch\best.pt,p1_win,1.0,77
1841,runs\models_9x9_heads\best.pt,runs\models_9x9_scratch\best.pt,runs\models_9x9_heads\best.pt,runs\models_9x9_scratch\best.pt,p1_win,1.0,73
1842,runs\models_9x9_heads\best.pt,runs\models_9x9_scratch\best.pt,runs\models_9x9_heads\best.pt,runs\models_9x9_scratch\best.pt,p1_win,1.0,73
1843,runs\models_9x9_heads\best.pt,runs\models_9x9_scratch\best.pt,runs\models_9x9_scratch\best.pt,runs\models_9x9_heads\best.pt,p1_win,0.0,75
1844,runs\models_9x9_heads\best.pt,runs\models_9x9_scratch\best.pt,runs\models_9x9_heads\best.pt,runs\models_9x9_scratch\best.pt,p1_win,1.0,73
1845,runs\models_9x9_heads\best.pt,runs\models_9x9_scratch\best.pt,runs\models_9x9_scratch\best.pt,runs\models_9x9_heads\best.pt,p2_win,1.0,74
1846,runs\models_9x9_heads\best.pt,runs\models_9x9_scratch\best.pt,runs\models_9x9_heads\best.pt,runs\models_9x9_scratch\best.pt,p2_win,0.0,80
1847,runs\models_9x9_heads\best.pt,runs\models_9x9_scratch\best.pt,runs\models_9x9_scratch\best.pt,runs\models_9x9_heads\best.pt,p2_win,1.0,74
1848,runs\models_9x9_heads\best.pt,runs\models_9x9_scratch\best.pt,runs\models_9x9_scratch\best.pt,runs\models_9x9_heads\best.pt,p2_win,1.0,76
1849,runs\models_9x9_heads\best.pt,runs\models_9x9_scratch\best.pt,runs\models_9x9_heads\best.pt,runs\models_9x9_scratch\best.pt,p1_win,1.0,79
1850,runs\models_9x9_heads\best.pt,runs\models_9x9_scratch\best.pt,runs\models_9x9_scratch\best.pt,runs\models_9x9_heads\best.pt,p2_win,1.0,74
1851,runs\models_9x9_heads\best.pt,runs\models_9x9_scratch\best.pt,runs\models_9x9_scratch\best.pt,runs\models_9x9_heads\best.pt,p2_win,1.0,76
1852,runs\models_9x9_heads\best.pt,runs\models_9x9_scratch\best.pt,runs\models_9x9_heads\best.pt,runs\models_9x9_scratch\best.pt,p1_win,1.0,75
1853,runs\models_9x9_heads\best.pt,runs\models_9x9_scratch\best.pt,runs\models_9x9_scratch\best.pt,runs\models_9x9_heads\best.pt,p2_win,1.0,80
1854,runs\models_9x9_heads\best.pt,runs\models_9x9_scratch\best.pt,runs\models_9x9_scratch\best.pt,runs\models_9x9_heads\best.pt,p2_win,1.0,76
1855,runs\models_9x9_heads\best.pt,runs\models_9x9_scratch\best.pt,runs\models_9x9_scratch\best.pt,runs\models_9x9_heads\best.pt,p2_win,1.0,74
1856,runs\models_9x9_heads\best.pt,runs\models_9x9_scratch\best.pt,runs\models_9x9_scratch\best.pt,runs\models_9x9_heads\best.pt,p2_win,1.0,78
1857,runs\models_9x9_heads\best.pt,runs\models_9x9_scratch\best.pt,runs\models_9x9_scratch\best.pt,runs\models_9x9_heads\best.pt,p2_win,1.0,78
1858,runs\models_9x9_heads\best.pt,runs\models_9x9_scratch\best.pt,runs\models_9x9_scratch\best.pt,runs\models_9x9_heads\best.pt,p2_win,1.0,78
1859,runs\models_9x9_heads\best.pt,runs\models_9x9_scratch\best.pt,runs\models_9x9_scratch\best.pt,runs\models_9x9_heads\best.pt,p2_win,1.0,78
1860,runs\models_9x9_heads\best.pt,runs\models_9x9_scratch\best.pt,runs\models_9x9_heads\best.pt,runs\models_9x9_scratch\best.pt,p1_win,1.0,75
1861,runs\models_9x9_heads\best.pt,runs\models_9x9_scratch\best.pt,runs\models_9x9_scratch\best.pt,runs\models_9x9_heads\best.pt,p2_win,1.0,80
1862,runs\models_9x9_heads\best.pt,runs\models_9x9_scratch\best.pt,runs\models_9x9_scratch\best.pt,runs\models_9x9_heads\best.pt,p2_win,1.0,74
1863,runs\models_9x9_heads\best.pt,runs\models_9x9_scratch\best.pt,runs\models_9x9_scratch\best.pt,runs\models_9x9_heads\best.pt,p2_win,1.0,78
1864,runs\models_9x9_heads\best.pt,runs\models_9x9_scratch\best.pt,runs\models_9x9_scratch\best.pt,runs\models_9x9_heads\best.pt,p2_win,1.0,78
1865,runs\models_9x9_heads\best.pt,runs\models_9x9_scratch\best.pt,runs\models_9x9_scratch\best.pt,runs\models_9x9_heads\best.pt,p2_win,1.0,78
1866,runs\models_9x9_heads\best.pt,runs\models_9x9_scratch\best.pt,runs\models_9x9_heads\best.pt,runs\models_9x9_scratch\best.pt,p1_win,1.0,77
1867,runs\models_9x9_heads\best.pt,runs\models_9x9_scratch\best.pt,runs\models_9x9_heads\best.pt,runs\models_9x9_scratch\best.pt,p2_win,0.0,84
1868,runs\models_9x9_heads\best.pt,runs\models_9x9_scratch\best.pt,runs\models_9x9_heads\best.pt,runs\models_9x9_scratch\best.pt,p1_win,1.0,77
1869,runs\models_9x9_heads\best.pt,runs\models_9x9_scratch\best.pt,runs\models_9x9_heads\best.pt,runs\models_9x9_scratch\best.pt,p1_win,1.0,77
1870,runs\models_9x9_heads\best.pt,runs\models_9x9_scratch\best.pt,runs\models_9x9_heads\best.pt,runs\models_9x9_scratch\best.pt,p2_win,0.0,78
1871,runs\models_9x9_heads\best.pt,runs\models_9x9_scratch\best.pt,runs\models_9x9_scratch\best.pt,runs\models_9x9_heads\best.pt,p2_win,1.0,82
1872,runs\models_9x9_heads\best.pt,runs\models_9x9_scratch\best.pt,runs\models_9x9_scratch\best.pt,runs\models_9x9_heads\best.pt,p2_win,1.0,74
1873,runs\models_9x9_heads\best.pt,runs\models_9x9_scratch\best.pt,runs\models_9x9_heads\best.pt,runs\models_9x9_scratch\best.pt,p2_win,0.0,78
1874,runs\models_9x9_heads\best.pt,runs\models_9x9_scratch\best.pt,runs\models_9x9_heads\best.pt,runs\models_9x9_scratch\best.pt,p1_win,1.0,83
1875,runs\models_9x9_heads\best.pt,runs\models_9x9_scratch\best.pt,runs\models_9x9_scratch\best.pt,runs\models_9x9_heads\best.pt,p1_win,0.0,83
1876,runs\models_9x9_heads\best.pt,runs\models_9x9_scratch\best.pt,runs\models_9x9_scratch\best.pt,runs\models_9x9_heads\best.pt,p2_win,1.0,78
1877,runs\models_9x9_heads\best.pt,runs\models_9x9_scratch\best.pt,runs\models_9x9_heads\best.pt,runs\models_9x9_scratch\best.pt,p1_win,1.0,75
1878,runs\models_9x9_heads\best.pt,runs\models_9x9_scratch\best.pt,runs\models_9x9_heads\best.pt,runs\models_9x9_scratch\best.pt,p1_win,1.0,75
1879,runs\models_9x9_heads\best.pt,runs\models_9x9_scratch\best.pt,runs\models_9x9_heads\best.pt,runs\models_9x9_scratch\best.pt,p1_win,1.0,73
1880,runs\models_9x9_heads\best.pt,runs\models_9x9_scratch\best.pt,runs\models_9x9_scratch\best.pt,runs\models_9x9_heads\best.pt,p2_win,1.0,78
1881,runs\models_9x9_heads\best.pt,runs\models_9x9_scratch\best.pt,runs\models_9x9_scratch\best.pt,runs\models_9x9_heads\best.pt,p2_win,1.0,76
1882,runs\models_9x9_heads\best.pt,runs\models_9x9_scratch\best.pt,runs\models_9x9_heads\best.pt,runs\models_9x9_scratch\best.pt,p1_win,1.0,75
1883,runs\models_9x9_heads\best.pt,runs\models_9x9_scratch\best.pt,runs\models_9x9_heads\best.pt,runs\models_9x9_scratch\best.pt,p2_win,0.0,78
1884,runs\models_9x9_heads\best.pt,runs\models_9x9_scratch\best.pt,runs\models_9x9_heads\best.pt,runs\models_9x9_scratch\best.pt,p1_win,1.0,75
1885,runs\models_9x9_heads\best.pt,runs\models_9x9_scratch\best.pt,runs\models_9x9_heads\best.pt,runs\models_9x9_scratch\best.pt,p1_win,1.0,75
1886,runs\models_9x9_heads\best.pt,runs\models_9x9_scratch\best.pt,runs\models_9x9_heads\best.pt,runs\models_9x9_scratch\best.pt,p1_win,1.0,79
1887,runs\models_9x9_heads\best.pt,runs\models_9x9_scratch\best.pt,runs\models_9x9_scratch\best.pt,runs\models_9x9_heads\best.pt,p2_win,1.0,76
1888,runs\models_9x9_heads\best.pt,runs\models_9x9_scratch\best.pt,runs\models_9x9_scratch\best.pt,runs\models_9x9_heads\best.pt,p2_win,1.0,78
1889,runs\models_9x9_heads\best.pt,runs\models_9x9_scratch\best.pt,runs\models_9x9_scratch\best.pt,runs\models_9x9_heads\best.pt,p2_win,1.0,78
1890,runs\models_9x9_heads\best.pt,runs\models_9x9_scratch\best.pt,runs\models_9x9_heads\best.pt,runs\models_9x9_scratch\best.pt,p1_win,1.0,75
1891,runs\models_9x9_heads\best.pt,runs\models_9x9_scratch\best.pt,runs\models_9x9_heads\best.pt,runs\models_9x9_scratch\best.pt,p1_win,1.0,79
1892,runs\models_9x9_heads\best.pt,runs\models_9x9_scratch\best.pt,runs\models_9x9_heads\best.pt,runs\models_9x9_scratch\best.pt,p1_win,1.0,79
1893,runs\models_9x9_heads\best.pt,runs\models_9x9_scratch\best.pt,runs\models_9x9_heads\best.pt,runs\models_9x9_scratch\best.pt,p1_win,1.0,77
1894,runs\models_9x9_heads\best.pt,runs\models_9x9_scratch\best.pt,runs\models_9x9_scratch\best.pt,runs\models_9x9_heads\best.pt,p2_win,1.0,76
1895,runs\models_9x9_heads\best.pt,runs\models_9x9_scratch\best.pt,runs\models_9x9_heads\best.pt,runs\models_9x9_scratch\best.pt,p1_win,1.0,79
1896,runs\models_9x9_heads\best.pt,runs\models_9x9_scratch\best.pt,runs\models_9x9_scratch\best.pt,runs\models_9x9_heads\best.pt,p2_win,1.0,76
1897,runs\models_9x9_heads\best.pt,runs\models_9x9_scratch\best.pt,runs\models_9x9_heads\best.pt,runs\models_9x9_scratch\best.pt,p2_win,0.0,80
1898,runs\models_9x9_heads\best.pt,runs\models_9x9_scratch\best.pt,runs\models_9x9_scratch\best.pt,runs\models_9x9_heads\best.pt,p2_win,1.0,78
1899,runs\models_9x9_heads\best.pt,runs\models_9x9_scratch\best.pt,runs\models_9x9_scratch\best.pt,runs\models_9x9_heads\best.pt,p2_win,1.0,80
1900,runs\models_9x9_heads\best.pt,runs\models_9x9_scratch\best.pt,runs\models_9x9_heads\best.pt,runs\models_9x9_scratch\best.pt,p1_win,1.0,77
1901,runs\models_9x9_heads\best.pt,runs\models_9x9_scratch\best.pt,runs\models_9x9_heads\best.pt,runs\models_9x9_scratch\best.pt,p1_win,1.0,79
1902,runs\models_9x9_heads\best.pt,runs\models_9x9_scratch\best.pt,runs\models_9x9_heads\best.pt,runs\models_9x9_scratch\best.pt,p1_win,1.0,77
1903,runs\models_9x9_heads\best.pt,runs\models_9x9_scratch\best.pt,runs\models_9x9_heads\best.pt,runs\models_9x9_scratch\best.pt,p1_win,1.0,77
1904,runs\models_9x9_heads\best.pt,runs\models_9x9_scratch\best.pt,runs\models_9x9_heads\best.pt,runs\models_9x9_scratch\best.pt,p2_win,0.0,80
1905,runs\models_9x9_heads\best.pt,runs\models_9x9_scratch\best.pt,runs\models_9x9_scratch\best.pt,runs\models_9x9_heads\best.pt,p2_win,1.0,76
1906,runs\models_9x9_heads\best.pt,runs\models_9x9_scratch\best.pt,runs\models_9x9_scratch\best.pt,runs\models_9x9_heads\best.pt,p2_win,1.0,78
1907,runs\models_9x9_heads\best.pt,runs\models_9x9_scratch\best.pt,runs\models_9x9_scratch\best.pt,runs\models_9x9_heads\best.pt,p2_win,1.0,80
1908,runs\models_9x9_heads\best.pt,runs\models_9x9_scratch\best.pt,runs\models_9x9_scratch\best.pt,runs\models_9x9_heads\best.pt,p2_win,1.0,80
1909,runs\models_9x9_heads\best.pt,runs\models_9x9_scratch\best.pt,runs\models_9x9_heads\best.pt,runs\models_9x9_scratch\best.pt,p1_win,1.0,81
1910,runs\models_9x9_heads\best.pt,runs\models_9x9_scratch\best.pt,runs\models_9x9_heads\best.pt,runs\models_9x9_scratch\best.pt,p1_win,1.0,79
1911,runs\models_9x9_heads\best.pt,runs\models_9x9_scratch\best.pt,runs\models_9x9_scratch\best.pt,runs\models_9x9_heads\best.pt,p2_win,1.0,84
1912,runs\models_9x9_heads\best.pt,runs\models_9x9_scratch\best.pt,runs\models_9x9_scratch\best.pt,runs\models_9x9_heads\best.pt,p2_win,1.0,76
1913,runs\models_9x9_heads\best.pt,runs\models_9x9_scratch\best.pt,runs\models_9x9_scratch\best.pt,runs\models_9x9_heads\best.pt,p2_win,1.0,80
1914,runs\models_9x9_heads\best.pt,runs\models_9x9_scratch\best.pt,runs\models_9x9_scratch\best.pt,runs\models_9x9_heads\best.pt,p2_win,1.0,82
1915,runs\models_9x9_heads\best.pt,runs\models_9x9_scratch\best.pt,runs\models_9x9_heads\best.pt,runs\models_9x9_scratch\best.pt,p1_win,1.0,79
1916,runs\models_9x9_heads\best.pt,runs\models_9x9_scratch\best.pt,runs\models_9x9_heads\best.pt,runs\models_9x9_scratch\best.pt,p1_win,1.0,83
1917,runs\models_9x9_heads\best.pt,runs\models_9x9_scratch\best.pt,runs\models_9x9_scratch\best.pt,runs\models_9x9_heads\best.pt,p2_win,1.0,78
1918,runs\models_9x9_heads\best.pt,runs\models_9x9_scratch\best.pt,runs\models_9x9_heads\best.pt,runs\models_9x9_scratch\best.pt,p1_win,1.0,81
1919,runs\models_9x9_heads\best.pt,runs\models_9x9_scratch\best.pt,runs\models_9x9_scratch\best.pt,runs\models_9x9_heads\best.pt,p2_win,1.0,84
1920,runs\models_9x9_heads\best.pt,runs\models_9x9_scratch\best.pt,runs\models_9x9_heads\best.pt,runs\models_9x9_scratch\best.pt,p1_win,1.0,81
1921,runs\models_9x9_heads\best.pt,runs\models_9x9_scratch\best.pt,runs\models_9x9_heads\best.pt,runs\models_9x9_scratch\best.pt,p1_win,1.0,81
1922,runs\models_9x9_heads\best.pt,runs\models_9x9_scratch\best.pt,runs\models_9x9_heads\best.pt,runs\models_9x9_scratch\best.pt,p1_win,1.0,81
1923,runs\models_9x9_heads\best.pt,runs\models_9x9_scratch\best.pt,runs\models_9x9_heads\best.pt,runs\models_9x9_scratch\best.pt,p1_win,1.0,81
1924,runs\models_9x9_heads\best.pt,runs\models_9x9_scratch\best.pt,runs\models_9x9_heads\best.pt,runs\models_9x9_scratch\best.pt,p1_win,1.0,79
1925,runs\models_9x9_heads\best.pt,runs\models_9x9_scratch\best.pt,runs\models_9x9_scratch\best.pt,runs\models_9x9_heads\best.pt,p2_win,1.0,82
1926,runs\models_9x9_heads\best.pt,runs\models_9x9_scratch\best.pt,runs\models_9x9_scratch\best.pt,runs\models_9x9_heads\best.pt,p2_win,1.0,80
1927,runs\models_9x9_heads\best.pt,runs\models_9x9_scratch\best.pt,runs\models_9x9_heads\best.pt,runs\models_9x9_scratch\best.pt,p1_win,1.0,83
1928,runs\models_9x9_heads\best.pt,runs\models_9x9_scratch\best.pt,runs\models_9x9_heads\best.pt,runs\models_9x9_scratch\best.pt,p1_win,1.0,79
1929,runs\models_9x9_heads\best.pt,runs\models_9x9_scratch\best.pt,runs\models_9x9_heads\best.pt,runs\models_9x9_scratch\best.pt,p1_win,1.0,85
1930,runs\models_9x9_heads\best.pt,runs\models_9x9_scratch\best.pt,runs\models_9x9_scratch\best.pt,runs\models_9x9_heads\best.pt,p1_win,0.0,81
1931,runs\models_9x9_heads\best.pt,runs\models_9x9_scratch\best.pt,runs\models_9x9_heads\best.pt,runs\models_9x9_scratch\best.pt,p2_win,0.0,80
1932,runs\models_9x9_heads\best.pt,runs\models_9x9_scratch\best.pt,runs\models_9x9_heads\best.pt,runs\models_9x9_scratch\best.pt,p1_win,1.0,85
1933,runs\models_9x9_heads\best.pt,runs\models_9x9_scratch\best.pt,runs\models_9x9_heads\best.pt,runs\models_9x9_scratch\best.pt,p1_win,1.0,83
1934,runs\models_9x9_heads\best.pt,runs\models_9x9_scratch\best.pt,runs\models_9x9_scratch\best.pt,runs\models_9x9_heads\best.pt,p2_win,1.0,80
1935,runs\models_9x9_heads\best.pt,runs\models_9x9_scratch\best.pt,runs\models_9x9_heads\best.pt,runs\models_9x9_scratch\best.pt,p1_win,1.0,83
1936,runs\models_9x9_heads\best.pt,runs\models_9x9_scratch\best.pt,runs\models_9x9_scratch\best.pt,runs\models_9x9_heads\best.pt,p2_win,1.0,82
1937,runs\models_9x9_heads\best.pt,runs\models_9x9_scratch\best.pt,runs\models_9x9_heads\best.pt,runs\models_9x9_scratch\best.pt,p1_win,1.0,81
1938,runs\models_9x9_heads\best.pt,runs\models_9x9_scratch\best.pt,runs\models_9x9_heads\best.pt,runs\models_9x9_scratch\best.pt,p1_win,1.0,79
1939,runs\models_9x9_heads\best.pt,runs\models_9x9_scratch\best.pt,runs\models_9x9_heads\best.pt,runs\models_9x9_scratch\best.pt,p1_win,1.0,81
1940,runs\models_9x9_heads\best.pt,runs\models_9x9_scratch\best.pt,runs\models_9x9_heads\best.pt,runs\models_9x9_scratch\best.pt,p1_win,1.0,81
1941,runs\models_9x9_heads\best.pt,runs\models_9x9_scratch\best.pt,runs\models_9x9_heads\best.pt,runs\models_9x9_scratch\best.pt,p1_win,1.0,85
1942,runs\models_9x9_heads\best.pt,runs\models_9x9_scratch\best.pt,runs\models_9x9_heads\best.pt,runs\models_9x9_scratch\best.pt,p1_win,1.0,83
1943,runs\models_9x9_heads\best.pt,runs\models_9x9_scratch\best.pt,runs\models_9x9_heads\best.pt,runs\models_9x9_scratch\best.pt,p2_win,0.0,84
1944,runs\models_9x9_heads\best.pt,runs\models_9x9_scratch\best.pt,runs\models_9x9_scratch\best.pt,runs\models_9x9_heads\best.pt,p2_win,1.0,84
1945,runs\models_9x9_heads\best.pt,runs\models_9x9_scratch\best.pt,runs\models_9x9_heads\best.pt,runs\models_9x9_scratch\best.pt,p1_win,1.0,83
1946,runs\models_9x9_heads\best.pt,runs\models_9x9_scratch\best.pt,runs\models_9x9_scratch\best.pt,runs\models_9x9_heads\best.pt,p2_win,1.0,86
1947,runs\models_9x9_heads\best.pt,runs\models_9x9_scratch\best.pt,runs\models_9x9_scratch\best.pt,runs\models_9x9_heads\best.pt,p2_win,1.0,84
1948,runs\models_9x9_heads\best.pt,runs\models_9x9_scratch\best.pt,runs\models_9x9_heads\best.pt,runs\models_9x9_scratch\best.pt,p1_win,1.0,85
1949,runs\models_9x9_heads\best.pt,runs\models_9x9_scratch\best.pt,runs\models_9x9_scratch\best.pt,runs\models_9x9_heads\best.pt,p2_win,1.0,84
1950,runs\models_9x9_heads\best.pt,runs\models_9x9_scratch\best.pt,runs\models_9x9_heads\best.pt,runs\models_9x9_scratch\best.pt,p1_win,1.0,85
1951,runs\models_9x9_heads\best.pt,runs\models_9x9_scratch\best.pt,runs\models_9x9_scratch\best.pt,runs\models_9x9_heads\best.pt,p2_win,1.0,86
1952,runs\models_9x9_heads\best.pt,runs\models_9x9_scratch\best.pt,runs\models_9x9_scratch\best.pt,runs\models_9x9_heads\best.pt,p1_win,0.0,89
1953,runs\models_9x9_heads\best.pt,runs\models_9x9_scratch\best.pt,runs\models_9x9_scratch\best.pt,runs\models_9x9_heads\best.pt,p2_win,1.0,88
1954,runs\models_9x9_heads\best.pt,runs\models_9x9_scratch\best.pt,runs\models_9x9_scratch\best.pt,runs\models_9x9_heads\best.pt,p2_win,1.0,90
1955,runs\models_9x9_heads\best.pt,runs\models_9x9_scratch\best.pt,runs\models_9x9_scratch\best.pt,runs\models_9x9_heads\best.pt,draw,0.5,92
1956,runs\models_9x9_heads\best.pt,runs\models_9x9_scratch\best.pt,runs\models_9x9_heads\best.pt,runs\models_9x9_scratch\best.pt,p1_win,1.0,87
1957,runs\models_9x9_heads\best.pt,runs\models_9x9_scratch\best.pt,runs\models_9x9_scratch\best.pt,runs\models_9x9_heads\best.pt,p2_win,1.0,88
1958,runs\models_9x9_heads\best.pt,runs\models_9x9_scratch\best.pt,runs\models_9x9_scratch\best.pt,runs\models_9x9_heads\best.pt,p2_win,1.0,88
1959,runs\models_9x9_heads\best.pt,runs\models_9x9_scratch\best.pt,runs\models_9x9_scratch\best.pt,runs\models_9x9_heads\best.pt,p2_win,1.0,84
1960,runs\models_9x9_heads\best.pt,runs\models_9x9_scratch\best.pt,runs\models_9x9_heads\best.pt,runs\models_9x9_scratch\best.pt,p1_win,1.0,87
1961,runs\models_9x9_heads\best.pt,runs\models_9x9_scratch\best.pt,runs\models_9x9_heads\best.pt,runs\models_9x9_scratch\best.pt,p1_win,1.0,85
1962,runs\models_9x9_heads\best.pt,runs\models_9x9_scratch\best.pt,runs\models_9x9_heads\best.pt,runs\models_9x9_scratch\best.pt,p1_win,1.0,87
1963,runs\models_9x9_heads\best.pt,runs\models_9x9_scratch\best.pt,runs\models_9x9_scratch\best.pt,runs\models_9x9_heads\best.pt,p1_win,0.0,95
1964,runs\models_9x9_heads\best.pt,runs\models_9x9_scratch\best.pt,runs\models_9x9_heads\best.pt,runs\models_9x9_scratch\best.pt,p1_win,1.0,85
1965,runs\models_9x9_heads\best.pt,runs\models_9x9_scratch\best.pt,runs\models_9x9_heads\best.pt,runs\models_9x9_scratch\best.pt,p1_win,1.0,89
1966,runs\models_9x9_heads\best.pt,runs\models_9x9_scratch\best.pt,runs\models_9x9_heads\best.pt,runs\models_9x9_scratch\best.pt,p2_win,0.0,86
1967,runs\models_9x9_heads\best.pt,runs\models_9x9_scratch\best.pt,runs\models_9x9_scratch\best.pt,runs\models_9x9_heads\best.pt,p2_win,1.0,86
1968,runs\models_9x9_heads\best.pt,runs\models_9x9_scratch\best.pt,runs\models_9x9_heads\best.pt,runs\models_9x9_scratch\best.pt,p2_win,0.0,94
1969,runs\models_9x9_heads\best.pt,runs\models_9x9_scratch\best.pt,runs\models_9x9_heads\best.pt,runs\models_9x9_scratch\best.pt,p1_win,1.0,97
1970,runs\models_9x9_heads\best.pt,runs\models_9x9_scratch\best.pt,runs\models_9x9_scratch\best.pt,runs\models_9x9_heads\best.pt,p1_win,0.0,89
1971,runs\models_9x9_heads\best.pt,runs\models_9x9_scratch\best.pt,runs\models_9x9_heads\best.pt,runs\models_9x9_scratch\best.pt,p1_win,1.0,95
1972,runs\models_9x9_heads\best.pt,runs\models_9x9_scratch\best.pt,runs\models_9x9_heads\best.pt,runs\models_9x9_scratch\best.pt,p2_win,0.0,88
1973,runs\models_9x9_heads\best.pt,runs\models_9x9_scratch\best.pt,runs\models_9x9_scratch\best.pt,runs\models_9x9_heads\best.pt,p1_win,0.0,89
1974,runs\models_9x9_heads\best.pt,runs\models_9x9_scratch\best.pt,runs\models_9x9_scratch\best.pt,runs\models_9x9_heads\best.pt,draw,0.5,100
1975,runs\models_9x9_heads\best.pt,runs\models_9x9_scratch\best.pt,runs\models_9x9_heads\best.pt,runs\models_9x9_scratch\best.pt,p1_win,1.0,99
1976,runs\models_9x9_heads\best.pt,runs\models_9x9_scratch\best.pt,runs\models_9x9_scratch\best.pt,runs\models_9x9_heads\best.pt,p1_win,0.0,95
1977,runs\models_9x9_heads\best.pt,runs\models_9x9_scratch\best.pt,runs\models_9x9_scratch\best.pt,runs\models_9x9_heads\best.pt,p2_win,1.0,88
1978,runs\models_9x9_heads\best.pt,runs\models_9x9_scratch\best.pt,runs\models_9x9_heads\best.pt,runs\models_9x9_scratch\best.pt,p1_win,1.0,91
1979,runs\models_9x9_heads\best.pt,runs\models_9x9_scratch\best.pt,runs\models_9x9_scratch\best.pt,runs\models_9x9_heads\best.pt,p1_win,0.0,95
1980,runs\models_9x9_heads\best.pt,runs\models_9x9_scratch\best.pt,runs\models_9x9_heads\best.pt,runs\models_9x9_scratch\best.pt,p1_win,1.0,91
1981,runs\models_9x9_heads\best.pt,runs\models_9x9_scratch\best.pt,runs\models_9x9_scratch\best.pt,runs\models_9x9_heads\best.pt,p2_win,1.0,88
1982,runs\models_9x9_heads\best.pt,runs\models_9x9_scratch\best.pt,runs\models_9x9_scratch\best.pt,runs\models_9x9_heads\best.pt,p2_win,1.0,92
1983,runs\models_9x9_heads\best.pt,runs\models_9x9_scratch\best.pt,runs\models_9x9_heads\best.pt,runs\models_9x9_scratch\best.pt,p1_win,1.0,89
1984,runs\models_9x9_heads\best.pt,runs\models_9x9_scratch\best.pt,runs\models_9x9_scratch\best.pt,runs\models_9x9_heads\best.pt,p2_win,1.0,92
1985,runs\models_9x9_heads\best.pt,runs\models_9x9_scratch\best.pt,runs\models_9x9_heads\best.pt,runs\models_9x9_scratch\best.pt,p1_win,1.0,91
1986,runs\models_9x9_heads\best.pt,runs\models_9x9_scratch\best.pt,runs\models_9x9_heads\best.pt,runs\models_9x9_scratch\best.pt,p1_win,1.0,99
1987,runs\models_9x9_heads\best.pt,runs\models_9x9_scratch\best.pt,runs\models_9x9_scratch\best.pt,runs\models_9x9_heads\best.pt,draw,0.5,100
1988,runs\models_9x9_heads\best.pt,runs\models_9x9_scratch\best.pt,runs\models_9x9_heads\best.pt,runs\models_9x9_scratch\best.pt,p1_win,1.0,99
1989,runs\models_9x9_heads\best.pt,runs\models_9x9_scratch\best.pt,runs\models_9x9_scratch\best.pt,runs\models_9x9_heads\best.pt,draw,0.5,100
1990,runs\models_9x9_heads\best.pt,runs\models_9x9_scratch\best.pt,runs\models_9x9_scratch\best.pt,runs\models_9x9_heads\best.pt,draw,0.5,100
1991,runs\models_9x9_heads\best.pt,runs\models_9x9_scratch\best.pt,runs\models_9x9_scratch\best.pt,runs\models_9x9_heads\best.pt,p2_win,1.0,98
1992,runs\models_9x9_heads\best.pt,runs\models_9x9_scratch\best.pt,runs\models_9x9_heads\best.pt,runs\models_9x9_scratch\best.pt,draw,0.5,100
1993,runs\models_9x9_heads\best.pt,runs\models_9x9_scratch\best.pt,runs\models_9x9_scratch\best.pt,runs\models_9x9_heads\best.pt,p2_win,1.0,100
1994,runs\models_9x9_heads\best.pt,runs\models_9x9_scratch\best.pt,runs\models_9x9_heads\best.pt,runs\models_9x9_scratch\best.pt,p1_win,1.0,97
1995,runs\models_9x9_heads\best.pt,runs\models_9x9_scratch\best.pt,runs\models_9x9_heads\best.pt,runs\models_9x9_scratch\best.pt,p2_win,0.0,98
1996,runs\models_9x9_heads\best.pt,runs\models_9x9_scratch\best.pt,runs\models_9x9_heads\best.pt,runs\models_9x9_scratch\best.pt,draw,0.5,100
1997,runs\models_9x9_heads\best.pt,runs\models_9x9_scratch\best.pt,runs\models_9x9_scratch\best.pt,runs\models_9x9_heads\best.pt,draw,0.5,100
1998,runs\models_9x9_heads\best.pt,runs\models_9x9_scratch\best.pt,runs\models_9x9_scratch\best.pt,runs\models_9x9_heads\best.pt,draw,0.5,100
1999,runs\models_9x9_heads\best.pt,runs\models_9x9_scratch\best.pt,runs\models_9x9_heads\best.pt,runs\models_9x9_scratch\best.pt,draw,0.5,100
2000,runs\models_9x9_heads\best.pt,runs\models_9x9_scratch\best.pt,runs\models_9x9_heads\best.pt,runs\models_9x9_scratch\best.pt,draw,0.5,100
2001,runs\models_9x9_scratch\checkpoints\cycle_0002.pt,runs\models_9x9_scratch\checkpoints\cycle_0031.pt,runs\models_9x9_scratch\checkpoints\cycle_0031.pt,runs\models_9x9_scratch\checkpoints\cycle_0002.pt,p1_win,0.0,17
2002,runs\models_9x9_scratch\checkpoints\cycle_0002.pt,runs\models_9x9_scratch\checkpoints\cycle_0031.pt,runs\models_9x9_scratch\checkpoints\cycle_0031.pt,runs\models_9x9_scratch\checkpoints\cycle_0002.pt,p1_win,0.0,17
2003,runs\models_9x9_scratch\checkpoints\cycle_0002.pt,runs\models_9x9_scratch\checkpoints\cycle_0031.pt,runs\models_9x9_scratch\checkpoints\cycle_0031.pt,runs\models_9x9_scratch\checkpoints\cycle_0002.pt,p1_win,0.0,17
2004,runs\models_9x9_scratch\checkpoints\cycle_0002.pt,runs\models_9x9_scratch\checkpoints\cycle_0031.pt,runs\models_9x9_scratch\checkpoints\cycle_0031.pt,runs\models_9x9_scratch\checkpoints\cycle_0002.pt,p1_win,0.0,17
2005,runs\models_9x9_scratch\checkpoints\cycle_0002.pt,runs\models_9x9_scratch\checkpoints\cycle_0031.pt,runs\models_9x9_scratch\checkpoints\cycle_0031.pt,runs\models_9x9_scratch\checkpoints\cycle_0002.pt,p1_win,0.0,19
2006,runs\models_9x9_scratch\checkpoints\cycle_0002.pt,runs\models_9x9_scratch\checkpoints\cycle_0031.pt,runs\models_9x9_scratch\checkpoints\cycle_0031.pt,runs\models_9x9_scratch\checkpoints\cycle_0002.pt,p1_win,0.0,19
2007,runs\models_9x9_scratch\checkpoints\cycle_0002.pt,runs\models_9x9_scratch\checkpoints\cycle_0031.pt,runs\models_9x9_scratch\checkpoints\cycle_0031.pt,runs\models_9x9_scratch\checkpoints\cycle_0002.pt,p1_win,0.0,19
2008,runs\models_9x9_scratch\checkpoints\cycle_0002.pt,runs\models_9x9_scratch\checkpoints\cycle_0031.pt,runs\models_9x9_scratch\checkpoints\cycle_0031.pt,runs\models_9x9_scratch\checkpoints\cycle_0002.pt,p1_win,0.0,19
2009,runs\models_9x9_scratch\checkpoints\cycle_0002.pt,runs\models_9x9_scratch\checkpoints\cycle_0031.pt,runs\models_9x9_scratch\checkpoints\cycle_0031.pt,runs\models_9x9_scratch\checkpoints\cycle_0002.pt,p1_win,0.0,19
2010,runs\models_9x9_scratch\checkpoints\cycle_0002.pt,runs\models_9x9_scratch\checkpoints\cycle_0031.pt,runs\models_9x9_scratch\checkpoints\cycle_0002.pt,runs\models_9x9_scratch\checkpoints\cycle_0031.pt,p2_win,0.0,20
2011,runs\models_9x9_scratch\checkpoints\cycle_0002.pt,runs\models_9x9_scratch\checkpoints\cycle_0031.pt,runs\models_9x9_scratch\checkpoints\cycle_0002.pt,runs\models_9x9_scratch\checkpoints\cycle_0031.pt,p2_win,0.0,20
2012,runs\models_9x9_scratch\checkpoints\cycle_0002.pt,runs\models_9x9_scratch\checkpoints\cycle_0031.pt,runs\models_9x9_scratch\checkpoints\cycle_0002.pt,runs\models_9x9_scratch\checkpoints\cycle_0031.pt,p2_win,0.0,20
2013,runs\models_9x9_scratch\checkpoints\cycle_0002.pt,runs\models_9x9_scratch\checkpoints\cycle_0031.pt,runs\models_9x9_scratch\checkpoints\cycle_0031.pt,runs\models_9x9_scratch\checkpoints\cycle_0002.pt,p1_win,0.0,21
2014,runs\models_9x9_scratch\checkpoints\cycle_0002.pt,runs\models_9x9_scratch\checkpoints\cycle_0031.pt,runs\models_9x9_scratch\checkpoints\cycle_0002.pt,runs\models_9x9_scratch\checkpoints\cycle_0031.pt,p2_win,0.0,22
2015,runs\models_9x9_scratch\checkpoints\cycle_0002.pt,runs\models_9x9_scratch\checkpoints\cycle_0031.pt,runs\models_9x9_scratch\checkpoints\cycle_0031.pt,runs\models_9x9_scratch\checkpoints\cycle_0002.pt,p1_win,0.0,21
2016,runs\models_9x9_scratch\checkpoints\cycle_0002.pt,runs\models_9x9_scratch\checkpoints\cycle_0031.pt,runs\models_9x9_scratch\checkpoints\cycle_0002.pt,runs\models_9x9_scratch\checkpoints\cycle_0031.pt,p2_win,0.0,22
2017,runs\models_9x9_scratch\checkpoints\cycle_0002.pt,runs\models_9x9_scratch\checkpoints\cycle_0031.pt,runs\models_9x9_scratch\checkpoints\cycle_0002.pt,runs\models_9x9_scratch\checkpoints\cycle_0031.pt,p2_win,0.0,22
2018,runs\models_9x9_scratch\checkpoints\cycle_0002.pt,runs\models_9x9_scratch\checkpoints\cycle_0031.pt,runs\models_9x9_scratch\checkpoints\cycle_0031.pt,runs\models_9x9_scratch\checkpoints\cycle_0002.pt,p1_win,0.0,21
2019,runs\models_9x9_scratch\checkpoints\cycle_0002.pt,runs\models_9x9_scratch\checkpoints\cycle_0031.pt,runs\models_9x9_scratch\checkpoints\cycle_0002.pt,runs\models_9x9_scratch\checkpoints\cycle_0031.pt,p2_win,0.0,22
2020,runs\models_9x9_scratch\checkpoints\cycle_0002.pt,runs\models_9x9_scratch\checkpoints\cycle_0031.pt,runs\models_9x9_scratch\checkpoints\cycle_0002.pt,runs\models_9x9_scratch\checkpoints\cycle_0031.pt,p2_win,0.0,22
2021,runs\models_9x9_scratch\checkpoints\cycle_0002.pt,runs\models_9x9_scratch\checkpoints\cycle_0031.pt,runs\models_9x9_scratch\checkpoints\cycle_0031.pt,runs\models_9x9_scratch\checkpoints\cycle_0002.pt,p1_win,0.0,23
2022,runs\models_9x9_scratch\checkpoints\cycle_0002.pt,runs\models_9x9_scratch\checkpoints\cycle_0031.pt,runs\models_9x9_scratch\checkpoints\cycle_0031.pt,runs\models_9x9_scratch\checkpoints\cycle_0002.pt,p1_win,0.0,23
2023,runs\models_9x9_scratch\checkpoints\cycle_0002.pt,runs\models_9x9_scratch\checkpoints\cycle_0031.pt,runs\models_9x9_scratch\checkpoints\cycle_0031.pt,runs\models_9x9_scratch\checkpoints\cycle_0002.pt,p1_win,0.0,23
2024,runs\models_9x9_scratch\checkpoints\cycle_0002.pt,runs\models_9x9_scratch\checkpoints\cycle_0031.pt,runs\models_9x9_scratch\checkpoints\cycle_0002.pt,runs\models_9x9_scratch\checkpoints\cycle_0031.pt,p2_win,0.0,24
2025,runs\models_9x9_scratch\checkpoints\cycle_0002.pt,runs\models_9x9_scratch\checkpoints\cycle_0031.pt,runs\models_9x9_scratch\checkpoints\cycle_0002.pt,runs\models_9x9_scratch\checkpoints\cycle_0031.pt,p2_win,0.0,24
2026,runs\models_9x9_scratch\checkpoints\cycle_0002.pt,runs\models_9x9_scratch\checkpoints\cycle_0031.pt,runs\models_9x9_scratch\checkpoints\cycle_0031.pt,runs\models_9x9_scratch\checkpoints\cycle_0002.pt,p1_win,0.0,23
2027,runs\models_9x9_scratch\checkpoints\cycle_0002.pt,runs\models_9x9_scratch\checkpoints\cycle_0031.pt,runs\models_9x9_scratch\checkpoints\cycle_0002.pt,runs\models_9x9_scratch\checkpoints\cycle_0031.pt,p2_win,0.0,24
2028,runs\models_9x9_scratch\checkpoints\cycle_0002.pt,runs\models_9x9_scratch\checkpoints\cycle_0031.pt,runs\models_9x9_scratch\checkpoints\cycle_0031.pt,runs\models_9x9_scratch\checkpoints\cycle_0002.pt,p1_win,0.0,23
2029,runs\models_9x9_scratch\checkpoints\cycle_0002.pt,runs\models_9x9_scratch\checkpoints\cycle_0031.pt,runs\models_9x9_scratch\checkpoints\cycle_0031.pt,runs\models_9x9_scratch\checkpoints\cycle_0002.pt,p1_win,0.0,23
2030,runs\models_9x9_scratch\checkpoints\cycle_0002.pt,runs\models_9x9_scratch\checkpoints\cycle_0031.pt,runs\models_9x9_scratch\checkpoints\cycle_0002.pt,runs\models_9x9_scratch\checkpoints\cycle_0031.pt,p2_win,0.0,24
2031,runs\models_9x9_scratch\checkpoints\cycle_0002.pt,runs\models_9x9_scratch\checkpoints\cycle_0031.pt,runs\models_9x9_scratch\checkpoints\cycle_0002.pt,runs\models_9x9_scratch\checkpoints\cycle_0031.pt,p2_win,0.0,24
2032,runs\models_9x9_scratch\checkpoints\cycle_0002.pt,runs\models_9x9_scratch\checkpoints\cycle_0031.pt,runs\models_9x9_scratch\checkpoints\cycle_0002.pt,runs\models_9x9_scratch\checkpoints\cycle_0031.pt,p2_win,0.0,26
2033,runs\models_9x9_scratch\checkpoints\cycle_0002.pt,runs\models_9x9_scratch\checkpoints\cycle_0031.pt,runs\models_9x9_scratch\checkpoints\cycle_0031.pt,runs\models_9x9_scratch\checkpoints\cycle_0002.pt,p1_win,0.0,23
2034,runs\models_9x9_scratch\checkpoints\cycle_0002.pt,runs\models_9x9_scratch\checkpoints\cycle_0031.pt,runs\models_9x9_scratch\checkpoints\cycle_0031.pt,runs\models_9x9_scratch\checkpoints\cycle_0002.pt,p1_win,0.0,25
2035,runs\models_9x9_scratch\checkpoints\cycle_0002.pt,runs\models_9x9_scratch\checkpoints\cycle_0031.pt,runs\models_9x9_scratch\checkpoints\cycle_0002.pt,runs\models_9x9_scratch\checkpoints\cycle_0031.pt,p2_win,0.0,24
2036,runs\models_9x9_scratch\checkpoints\cycle_0002.pt,runs\models_9x9_scratch\checkpoints\cycle_0031.pt,runs\models_9x9_scratch\checkpoints\cycle_0031.pt,runs\models_9x9_scratch\checkpoints\cycle_0002.pt,p1_win,0.0,23
2037,runs\models_9x9_scratch\checkpoints\cycle_0002.pt,runs\models_9x9_scratch\checkpoints\cycle_0031.pt,runs\models_9x9_scratch\checkpoints\cycle_0002.pt,runs\models_9x9_scratch\checkpoints\cycle_0031.pt,p2_win,0.0,24
2038,runs\models_9x9_scratch\checkpoints\cycle_0002.pt,runs\models_9x9_scratch\checkpoints\cycle_0031.pt,runs\models_9x9_scratch\checkpoints\cycle_0031.pt,runs\models_9x9_scratch\checkpoints\cycle_0002.pt,p1_win,0.0,25
2039,runs\models_9x9_scratch\checkpoints\cycle_0002.pt,runs\models_9x9_scratch\checkpoints\cycle_0031.pt,runs\models_9x9_scratch\checkpoints\cycle_0002.pt,runs\models_9x9_scratch\checkpoints\cycle_0031.pt,p2_win,0.0,26
2040,runs\models_9x9_scratch\checkpoints\cycle_0002.pt,runs\models_9x9_scratch\checkpoints\cycle_0031.pt,runs\models_9x9_scratch\checkpoints\cycle_0031.pt,runs\models_9x9_scratch\checkpoints\cycle_0002.pt,p1_win,0.0,25
2041,runs\models_9x9_scratch\checkpoints\cycle_0002.pt,runs\models_9x9_scratch\checkpoints\cycle_0031.pt,runs\models_9x9_scratch\checkpoints\cycle_0031.pt,runs\models_9x9_scratch\checkpoints\cycle_0002.pt,p1_win,0.0,25
2042,runs\models_9x9_scratch\checkpoints\cycle_0002.pt,runs\models_9x9_scratch\checkpoints\cycle_0031.pt,runs\models_9x9_scratch\checkpoints\cycle_0031.pt,runs\models_9x9_scratch\checkpoints\cycle_0002.pt,p1_win,0.0,25
2043,runs\models_9x9_scratch\checkpoints\cycle_0002.pt,runs\models_9x9_scratch\checkpoints\cycle_0031.pt,runs\models_9x9_scratch\checkpoints\cycle_0031.pt,runs\models_9x9_scratch\checkpoints\cycle_0002.pt,p1_win,0.0,25
2044,runs\models_9x9_scratch\checkpoints\cycle_0002.pt,runs\models_9x9_scratch\checkpoints\cycle_0031.pt,runs\models_9x9_scratch\checkpoints\cycle_0031.pt,runs\models_9x9_scratch\checkpoints\cycle_0002.pt,p1_win,0.0,25
2045,runs\models_9x9_scratch\checkpoints\cycle_0002.pt,runs\models_9x9_scratch\checkpoints\cycle_0031.pt,runs\models_9x9_scratch\checkpoints\cycle_0031.pt,runs\models_9x9_scratch\checkpoints\cycle_0002.pt,p1_win,0.0,25
2046,runs\models_9x9_scratch\checkpoints\cycle_0002.pt,runs\models_9x9_scratch\checkpoints\cycle_0031.pt,runs\models_9x9_scratch\checkpoints\cycle_0031.pt,runs\models_9x9_scratch\checkpoints\cycle_0002.pt,p1_win,0.0,25
2047,runs\models_9x9_scratch\checkpoints\cycle_0002.pt,runs\models_9x9_scratch\checkpoints\cycle_0031.pt,runs\models_9x9_scratch\checkpoints\cycle_0002.pt,runs\models_9x9_scratch\checkpoints\cycle_0031.pt,p2_win,0.0,26
2048,runs\models_9x9_scratch\checkpoints\cycle_0002.pt,runs\models_9x9_scratch\checkpoints\cycle_0031.pt,runs\models_9x9_scratch\checkpoints\cycle_0031.pt,runs\models_9x9_scratch\checkpoints\cycle_0002.pt,p1_win,0.0,25
2049,runs\models_9x9_scratch\checkpoints\cycle_0002.pt,runs\models_9x9_scratch\checkpoints\cycle_0031.pt,runs\models_9x9_scratch\checkpoints\cycle_0031.pt,runs\models_9x9_scratch\checkpoints\cycle_0002.pt,p1_win,0.0,27
2050,runs\models_9x9_scratch\checkpoints\cycle_0002.pt,runs\models_9x9_scratch\checkpoints\cycle_0031.pt,runs\models_9x9_scratch\checkpoints\cycle_0002.pt,runs\models_9x9_scratch\checkpoints\cycle_0031.pt,p2_win,0.0,26
2051,runs\models_9x9_scratch\checkpoints\cycle_0002.pt,runs\models_9x9_scratch\checkpoints\cycle_0031.pt,runs\models_9x9_scratch\checkpoints\cycle_0031.pt,runs\models_9x9_scratch\checkpoints\cycle_0002.pt,p1_win,0.0,27
2052,runs\models_9x9_scratch\checkpoints\cycle_0002.pt,runs\models_9x9_scratch\checkpoints\cycle_0031.pt,runs\models_9x9_scratch\checkpoints\cycle_0031.pt,runs\models_9x9_scratch\checkpoints\cycle_0002.pt,p1_win,0.0,27
2053,runs\models_9x9_scratch\checkpoints\cycle_0002.pt,runs\models_9x9_scratch\checkpoints\cycle_0031.pt,runs\models_9x9_scratch\checkpoints\cycle_0031.pt,runs\models_9x9_scratch\checkpoints\cycle_0002.pt,p1_win,0.0,27
2054,runs\models_9x9_scratch\checkpoints\cycle_0002.pt,runs\models_9x9_scratch\checkpoints\cycle_0031.pt,runs\models_9x9_scratch\checkpoints\cycle_0031.pt,runs\models_9x9_scratch\checkpoints\cycle_0002.pt,p1_win,0.0,27
2055,runs\models_9x9_scratch\checkpoints\cycle_0002.pt,runs\models_9x9_scratch\checkpoints\cycle_0031.pt,runs\models_9x9_scratch\checkpoints\cycle_0031.pt,runs\models_9x9_scratch\checkpoints\cycle_0002.pt,p1_win,0.0,27
2056,runs\models_9x9_scratch\checkpoints\cycle_0002.pt,runs\models_9x9_scratch\checkpoints\cycle_0031.pt,runs\models_9x9_scratch\checkpoints\cycle_0031.pt,runs\models_9x9_scratch\checkpoints\cycle_0002.pt,p1_win,0.0,27
2057,runs\models_9x9_scratch\checkpoints\cycle_0002.pt,runs\models_9x9_scratch\checkpoints\cycle_0031.pt,runs\models_9x9_scratch\checkpoints\cycle_0031.pt,runs\models_9x9_scratch\checkpoints\cycle_0002.pt,p1_win,0.0,27
2058,runs\models_9x9_scratch\checkpoints\cycle_0002.pt,runs\models_9x9_scratch\checkpoints\cycle_0031.pt,runs\models_9x9_scratch\checkpoints\cycle_0031.pt,runs\models_9x9_scratch\checkpoints\cycle_0002.pt,p1_win,0.0,27
2059,runs\models_9x9_scratch\checkpoints\cycle_0002.pt,runs\models_9x9_scratch\checkpoints\cycle_0031.pt,runs\models_9x9_scratch\checkpoints\cycle_0031.pt,runs\models_9x9_scratch\checkpoints\cycle_0002.pt,p1_win,0.0,27
2060,runs\models_9x9_scratch\checkpoints\cycle_0002.pt,runs\models_9x9_scratch\checkpoints\cycle_0031.pt,runs\models_9x9_scratch\checkpoints\cycle_0031.pt,runs\models_9x9_scratch\checkpoints\cycle_0002.pt,p1_win,0.0,27
2061,runs\models_9x9_scratch\checkpoints\cycle_0002.pt,runs\models_9x9_scratch\checkpoints\cycle_0031.pt,runs\models_9x9_scratch\checkpoints\cycle_0031.pt,runs\models_9x9_scratch\checkpoints\cycle_0002.pt,p1_win,0.0,27
2062,runs\models_9x9_scratch\checkpoints\cycle_0002.pt,runs\models_9x9_scratch\checkpoints\cycle_0031.pt,runs\models_9x9_scratch\checkpoints\cycle_0031.pt,runs\models_9x9_scratch\checkpoints\cycle_0002.pt,p1_win,0.0,27
2063,runs\models_9x9_scratch\checkpoints\cycle_0002.pt,runs\models_9x9_scratch\checkpoints\cycle_0031.pt,runs\models_9x9_scratch\checkpoints\cycle_0031.pt,runs\models_9x9_scratch\checkpoints\cycle_0002.pt,p1_win,0.0,27
2064,runs\models_9x9_scratch\checkpoints\cycle_0002.pt,runs\models_9x9_scratch\checkpoints\cycle_0031.pt,runs\models_9x9_scratch\checkpoints\cycle_0031.pt,runs\models_9x9_scratch\checkpoints\cycle_0002.pt,p1_win,0.0,27
2065,runs\models_9x9_scratch\checkpoints\cycle_0002.pt,runs\models_9x9_scratch\checkpoints\cycle_0031.pt,runs\models_9x9_scratch\checkpoints\cycle_0002.pt,runs\models_9x9_scratch\checkpoints\cycle_0031.pt,p2_win,0.0,28
2066,runs\models_9x9_scratch\checkpoints\cycle_0002.pt,runs\models_9x9_scratch\checkpoints\cycle_0031.pt,runs\models_9x9_scratch\checkpoints\cycle_0031.pt,runs\models_9x9_scratch\checkpoints\cycle_0002.pt,p1_win,0.0,27
2067,runs\models_9x9_scratch\checkpoints\cycle_0002.pt,runs\models_9x9_scratch\checkpoints\cycle_0031.pt,runs\models_9x9_scratch\checkpoints\cycle_0031.pt,runs\models_9x9_scratch\checkpoints\cycle_0002.pt,p1_win,0.0,27
2068,runs\models_9x9_scratch\checkpoints\cycle_0002.pt,runs\models_9x9_scratch\checkpoints\cycle_0031.pt,runs\models_9x9_scratch\checkpoints\cycle_0002.pt,runs\models_9x9_scratch\checkpoints\cycle_0031.pt,p2_win,0.0,28
2069,runs\models_9x9_scratch\checkpoints\cycle_0002.pt,runs\models_9x9_scratch\checkpoints\cycle_0031.pt,runs\models_9x9_scratch\checkpoints\cycle_0002.pt,runs\models_9x9_scratch\checkpoints\cycle_0031.pt,p2_win,0.0,28
2070,runs\models_9x9_scratch\checkpoints\cycle_0002.pt,runs\models_9x9_scratch\checkpoints\cycle_0031.pt,runs\models_9x9_scratch\checkpoints\cycle_0031.pt,runs\models_9x9_scratch\checkpoints\cycle_0002.pt,p1_win,0.0,27
2071,runs\models_9x9_scratch\checkpoints\cycle_0002.pt,runs\models_9x9_scratch\checkpoints\cycle_0031.pt,runs\models_9x9_scratch\checkpoints\cycle_0031.pt,runs\models_9x9_scratch\checkpoints\cycle_0002.pt,p1_win,0.0,27
2072,runs\models_9x9_scratch\checkpoints\cycle_0002.pt,runs\models_9x9_scratch\checkpoints\cycle_0031.pt,runs\models_9x9_scratch\checkpoints\cycle_0031.pt,runs\models_9x9_scratch\checkpoints\cycle_0002.pt,p1_win,0.0,27
2073,runs\models_9x9_scratch\checkpoints\cycle_0002.pt,runs\models_9x9_scratch\checkpoints\cycle_0031.pt,runs\models_9x9_scratch\checkpoints\cycle_0031.pt,runs\models_9x9_scratch\checkpoints\cycle_0002.pt,p1_win,0.0,27
2074,runs\models_9x9_scratch\checkpoints\cycle_0002.pt,runs\models_9x9_scratch\checkpoints\cycle_0031.pt,runs\models_9x9_scratch\checkpoints\cycle_0031.pt,runs\models_9x9_scratch\checkpoints\cycle_0002.pt,p1_win,0.0,27
2075,runs\models_9x9_scratch\checkpoints\cycle_0002.pt,runs\models_9x9_scratch\checkpoints\cycle_0031.pt,runs\models_9x9_scratch\checkpoints\cycle_0031.pt,runs\models_9x9_scratch\checkpoints\cycle_0002.pt,p1_win,0.0,27
2076,runs\models_9x9_scratch\checkpoints\cycle_0002.pt,runs\models_9x9_scratch\checkpoints\cycle_0031.pt,runs\models_9x9_scratch\checkpoints\cycle_0031.pt,runs\models_9x9_scratch\checkpoints\cycle_0002.pt,p1_win,0.0,27
2077,runs\models_9x9_scratch\checkpoints\cycle_0002.pt,runs\models_9x9_scratch\checkpoints\cycle_0031.pt,runs\models_9x9_scratch\checkpoints\cycle_0031.pt,runs\models_9x9_scratch\checkpoints\cycle_0002.pt,p1_win,0.0,27
2078,runs\models_9x9_scratch\checkpoints\cycle_0002.pt,runs\models_9x9_scratch\checkpoints\cycle_0031.pt,runs\models_9x9_scratch\checkpoints\cycle_0002.pt,runs\models_9x9_scratch\checkpoints\cycle_0031.pt,p2_win,0.0,28
2079,runs\models_9x9_scratch\checkpoints\cycle_0002.pt,runs\models_9x9_scratch\checkpoints\cycle_0031.pt,runs\models_9x9_scratch\checkpoints\cycle_0031.pt,runs\models_9x9_scratch\checkpoints\cycle_0002.pt,p1_win,0.0,27
2080,runs\models_9x9_scratch\checkpoints\cycle_0002.pt,runs\models_9x9_scratch\checkpoints\cycle_0031.pt,runs\models_9x9_scratch\checkpoints\cycle_0031.pt,runs\models_9x9_scratch\checkpoints\cycle_0002.pt,p1_win,0.0,27
2081,runs\models_9x9_scratch\checkpoints\cycle_0002.pt,runs\models_9x9_scratch\checkpoints\cycle_0031.pt,runs\models_9x9_scratch\checkpoints\cycle_0031.pt,runs\models_9x9_scratch\checkpoints\cycle_0002.pt,p1_win,0.0,27
2082,runs\models_9x9_scratch\checkpoints\cycle_0002.pt,runs\models_9x9_scratch\checkpoints\cycle_0031.pt,runs\models_9x9_scratch\checkpoints\cycle_0002.pt,runs\models_9x9_scratch\checkpoints\cycle_0031.pt,p2_win,0.0,28
2083,runs\models_9x9_scratch\checkpoints\cycle_0002.pt,runs\models_9x9_scratch\checkpoints\cycle_0031.pt,runs\models_9x9_scratch\checkpoints\cycle_0031.pt,runs\models_9x9_scratch\checkpoints\cycle_0002.pt,p1_win,0.0,27
2084,runs\models_9x9_scratch\checkpoints\cycle_0002.pt,runs\models_9x9_scratch\checkpoints\cycle_0031.pt,runs\models_9x9_scratch\checkpoints\cycle_0031.pt,runs\models_9x9_scratch\checkpoints\cycle_0002.pt,p1_win,0.0,29
2085,runs\models_9x9_scratch\checkpoints\cycle_0002.pt,runs\models_9x9_scratch\checkpoints\cycle_0031.pt,runs\models_9x9_scratch\checkpoints\cycle_0031.pt,runs\models_9x9_scratch\checkpoints\cycle_0002.pt,p1_win,0.0,29
2086,runs\models_9x9_scratch\checkpoints\cycle_0002.pt,runs\models_9x9_scratch\checkpoints\cycle_0031.pt,runs\models_9x9_scratch\checkpoints\cycle_0031.pt,runs\models_9x9_scratch\checkpoints\cycle_0002.pt,p1_win,0.0,29
2087,runs\models_9x9_scratch\checkpoints\cycle_0002.pt,runs\models_9x9_scratch\checkpoints\cycle_0031.pt,runs\models_9x9_scratch\checkpoints\cycle_0002.pt,runs\models_9x9_scratch\checkpoints\cycle_0031.pt,p2_win,0.0,28
2088,runs\models_9x9_scratch\checkpoints\cycle_0002.pt,runs\models_9x9_scratch\checkpoints\cycle_0031.pt,runs\models_9x9_scratch\checkpoints\cycle_0031.pt,runs\models_9x9_scratch\checkpoints\cycle_0002.pt,p1_win,0.0,27
2089,runs\models_9x9_scratch\checkpoints\cycle_0002.pt,runs\models_9x9_scratch\checkpoints\cycle_0031.pt,runs\models_9x9_scratch\checkpoints\cycle_0031.pt,runs\models_9x9_scratch\checkpoints\cycle_0002.pt,p1_win,0.0,29
2090,runs\models_9x9_scratch\checkpoints\cycle_0002.pt,runs\models_9x9_scratch\checkpoints\cycle_0031.pt,runs\models_9x9_scratch\checkpoints\cycle_0031.pt,runs\models_9x9_scratch\checkpoints\cycle_0002.pt,p1_win,0.0,29
2091,runs\models_9x9_scratch\checkpoints\cycle_0002.pt,runs\models_9x9_scratch\checkpoints\cycle_0031.pt,runs\models_9x9_scratch\checkpoints\cycle_0031.pt,runs\models_9x9_scratch\checkpoints\cycle_0002.pt,p1_win,0.0,29
2092,runs\models_9x9_scratch\checkpoints\cycle_0002.pt,runs\models_9x9_scratch\checkpoints\cycle_0031.pt,runs\models_9x9_scratch\checkpoints\cycle_0031.pt,runs\models_9x9_scratch\checkpoints\cycle_0002.pt,p1_win,0.0,29
2093,runs\models_9x9_scratch\checkpoints\cycle_0002.pt,runs\models_9x9_scratch\checkpoints\cycle_0031.pt,runs\models_9x9_scratch\checkpoints\cycle_0031.pt,runs\models_9x9_scratch\checkpoints\cycle_0002.pt,p1_win,0.0,29
2094,runs\models_9x9_scratch\checkpoints\cycle_0002.pt,runs\models_9x9_scratch\checkpoints\cycle_0031.pt,runs\models_9x9_scratch\checkpoints\cycle_0031.pt,runs\models_9x9_scratch\checkpoints\cycle_0002.pt,p1_win,0.0,29
2095,runs\models_9x9_scratch\checkpoints\cycle_0002.pt,runs\models_9x9_scratch\checkpoints\cycle_0031.pt,runs\models_9x9_scratch\checkpoints\cycle_0002.pt,runs\models_9x9_scratch\checkpoints\cycle_0031.pt,p2_win,0.0,30
2096,runs\models_9x9_scratch\checkpoints\cycle_0002.pt,runs\models_9x9_scratch\checkpoints\cycle_0031.pt,runs\models_9x9_scratch\checkpoints\cycle_0031.pt,runs\models_9x9_scratch\checkpoints\cycle_0002.pt,p1_win,0.0,29
2097,runs\models_9x9_scratch\checkpoints\cycle_0002.pt,runs\models_9x9_scratch\checkpoints\cycle_0031.pt,runs\models_9x9_scratch\checkpoints\cycle_0031.pt,runs\models_9x9_scratch\checkpoints\cycle_0002.pt,p1_win,0.0,29
2098,runs\models_9x9_scratch\checkpoints\cycle_0002.pt,runs\models_9x9_scratch\checkpoints\cycle_0031.pt,runs\models_9x9_scratch\checkpoints\cycle_0031.pt,runs\models_9x9_scratch\checkpoints\cycle_0002.pt,p1_win,0.0,29
2099,runs\models_9x9_scratch\checkpoints\cycle_0002.pt,runs\models_9x9_scratch\checkpoints\cycle_0031.pt,runs\models_9x9_scratch\checkpoints\cycle_0031.pt,runs\models_9x9_scratch\checkpoints\cycle_0002.pt,p1_win,0.0,29
2100,runs\models_9x9_scratch\checkpoints\cycle_0002.pt,runs\models_9x9_scratch\checkpoints\cycle_0031.pt,runs\models_9x9_scratch\checkpoints\cycle_0031.pt,runs\models_9x9_scratch\checkpoints\cycle_0002.pt,p1_win,0.0,29
2101,runs\models_9x9_scratch\checkpoints\cycle_0002.pt,runs\models_9x9_scratch\checkpoints\cycle_0031.pt,runs\models_9x9_scratch\checkpoints\cycle_0031.pt,runs\models_9x9_scratch\checkpoints\cycle_0002.pt,p1_win,0.0,29
2102,runs\models_9x9_scratch\checkpoints\cycle_0002.pt,runs\models_9x9_scratch\checkpoints\cycle_0031.pt,runs\models_9x9_scratch\checkpoints\cycle_0031.pt,runs\models_9x9_scratch\checkpoints\cycle_0002.pt,p1_win,0.0,29
2103,runs\models_9x9_scratch\checkpoints\cycle_0002.pt,runs\models_9x9_scratch\checkpoints\cycle_0031.pt,runs\models_9x9_scratch\checkpoints\cycle_0031.pt,runs\models_9x9_scratch\checkpoints\cycle_0002.pt,p1_win,0.0,29
2104,runs\models_9x9_scratch\checkpoints\cycle_0002.pt,runs\models_9x9_scratch\checkpoints\cycle_0031.pt,runs\models_9x9_scratch\checkpoints\cycle_0002.pt,runs\models_9x9_scratch\checkpoints\cycle_0031.pt,p2_win,0.0,30
2105,runs\models_9x9_scratch\checkpoints\cycle_0002.pt,runs\models_9x9_scratch\checkpoints\cycle_0031.pt,runs\models_9x9_scratch\checkpoints\cycle_0031.pt,runs\models_9x9_scratch\checkpoints\cycle_0002.pt,p1_win,0.0,29
2106,runs\models_9x9_scratch\checkpoints\cycle_0002.pt,runs\models_9x9_scratch\checkpoints\cycle_0031.pt,runs\models_9x9_scratch\checkpoints\cycle_0031.pt,runs\models_9x9_scratch\checkpoints\cycle_0002.pt,p1_win,0.0,31
2107,runs\models_9x9_scratch\checkpoints\cycle_0002.pt,runs\models_9x9_scratch\checkpoints\cycle_0031.pt,runs\models_9x9_scratch\checkpoints\cycle_0002.pt,runs\models_9x9_scratch\checkpoints\cycle_0031.pt,p2_win,0.0,30
2108,runs\models_9x9_scratch\checkpoints\cycle_0002.pt,runs\models_9x9_scratch\checkpoints\cycle_0031.pt,runs\models_9x9_scratch\checkpoints\cycle_0031.pt,runs\models_9x9_scratch\checkpoints\cycle_0002.pt,p1_win,0.0,29
2109,runs\models_9x9_scratch\checkpoints\cycle_0002.pt,runs\models_9x9_scratch\checkpoints\cycle_0031.pt,runs\models_9x9_scratch\checkpoints\cycle_0031.pt,runs\models_9x9_scratch\checkpoints\cycle_0002.pt,p1_win,0.0,29
2110,runs\models_9x9_scratch\checkpoints\cycle_0002.pt,runs\models_9x9_scratch\checkpoints\cycle_0031.pt,runs\models_9x9_scratch\checkpoints\cycle_0002.pt,runs\models_9x9_scratch\checkpoints\cycle_0031.pt,p2_win,0.0,30
2111,runs\models_9x9_scratch\checkpoints\cycle_0002.pt,runs\models_9x9_scratch\checkpoints\cycle_0031.pt,runs\models_9x9_scratch\checkpoints\cycle_0031.pt,runs\models_9x9_scratch\checkpoints\cycle_0002.pt,p1_win,0.0,29
2112,runs\models_9x9_scratch\checkpoints\cycle_0002.pt,runs\models_9x9_scratch\checkpoints\cycle_0031.pt,runs\models_9x9_scratch\checkpoints\cycle_0002.pt,runs\models_9x9_scratch\checkpoints\cycle_0031.pt,p2_win,0.0,30
2113,runs\models_9x9_scratch\checkpoints\cycle_0002.pt,runs\models_9x9_scratch\checkpoints\cycle_0031.pt,runs\models_9x9_scratch\checkpoints\cycle_0031.pt,runs\models_9x9_scratch\checkpoints\cycle_0002.pt,p1_win,0.0,29
2114,runs\models_9x9_scratch\checkpoints\cycle_0002.pt,runs\models_9x9_scratch\checkpoints\cycle_0031.pt,runs\models_9x9_scratch\checkpoints\cycle_0002.pt,runs\models_9x9_scratch\checkpoints\cycle_0031.pt,p2_win,0.0,30
2115,runs\models_9x9_scratch\checkpoints\cycle_0002.pt,runs\models_9x9_scratch\checkpoints\cycle_0031.pt,runs\models_9x9_scratch\checkpoints\cycle_0031.pt,runs\models_9x9_scratch\checkpoints\cycle_0002.pt,p1_win,0.0,31
2116,runs\models_9x9_scratch\checkpoints\cycle_0002.pt,runs\models_9x9_scratch\checkpoints\cycle_0031.pt,runs\models_9x9_scratch\checkpoints\cycle_0002.pt,runs\models_9x9_scratch\checkpoints\cycle_0031.pt,p2_win,0.0,30
2117,runs\models_9x9_scratch\checkpoints\cycle_0002.pt,runs\models_9x9_scratch\checkpoints\cycle_0031.pt,runs\models_9x9_scratch\checkpoints\cycle_0002.pt,runs\models_9x9_scratch\checkpoints\cycle_0031.pt,p2_win,0.0,30
2118,runs\models_9x9_scratch\checkpoints\cycle_0002.pt,runs\models_9x9_scratch\checkpoints\cycle_0031.pt,runs\models_9x9_scratch\checkpoints\cycle_0031.pt,runs\models_9x9_scratch\checkpoints\cycle_0002.pt,p1_win,0.0,31
2119,runs\models_9x9_scratch\checkpoints\cycle_0002.pt,runs\models_9x9_scratch\checkpoints\cycle_0031.pt,runs\models_9x9_scratch\checkpoints\cycle_0031.pt,runs\models_9x9_scratch\checkpoints\cycle_0002.pt,p1_win,0.0,31
2120,runs\models_9x9_scratch\checkpoints\cycle_0002.pt,runs\models_9x9_scratch\checkpoints\cycle_0031.pt,runs\models_9x9_scratch\checkpoints\cycle_0002.pt,runs\models_9x9_scratch\checkpoints\cycle_0031.pt,p2_win,0.0,32
2121,runs\models_9x9_scratch\checkpoints\cycle_0002.pt,runs\models_9x9_scratch\checkpoints\cycle_0031.pt,runs\models_9x9_scratch\checkpoints\cycle_0002.pt,runs\models_9x9_scratch\checkpoints\cycle_0031.pt,p2_win,0.0,32
2122,runs\models_9x9_scratch\checkpoints\cycle_0002.pt,runs\models_9x9_scratch\checkpoints\cycle_0031.pt,runs\models_9x9_scratch\checkpoints\cycle_0002.pt,runs\models_9x9_scratch\checkpoints\cycle_0031.pt,p2_win,0.0,32
2123,runs\models_9x9_scratch\checkpoints\cycle_0002.pt,runs\models_9x9_scratch\checkpoints\cycle_0031.pt,runs\models_9x9_scratch\checkpoints\cycle_0031.pt,runs\models_9x9_scratch\checkpoints\cycle_0002.pt,p1_win,0.0,31
2124,runs\models_9x9_scratch\checkpoints\cycle_0002.pt,runs\models_9x9_scratch\checkpoints\cycle_0031.pt,runs\models_9x9_scratch\checkpoints\cycle_0031.pt,runs\models_9x9_scratch\checkpoints\cycle_0002.pt,p1_win,0.0,31
2125,runs\models_9x9_scratch\checkpoints\cycle_0002.pt,runs\models_9x9_scratch\checkpoints\cycle_0031.pt,runs\models_9x9_scratch\checkpoints\cycle_0002.pt,runs\models_9x9_scratch\checkpoints\cycle_0031.pt,p2_win,0.0,30
2126,runs\models_9x9_scratch\checkpoints\cycle_0002.pt,runs\models_9x9_scratch\checkpoints\cycle_0031.pt,runs\models_9x9_scratch\checkpoints\cycle_0031.pt,runs\models_9x9_scratch\checkpoints\cycle_0002.pt,p1_win,0.0,31
2127,runs\models_9x9_scratch\checkpoints\cycle_0002.pt,runs\models_9x9_scratch\checkpoints\cycle_0031.pt,runs\models_9x9_scratch\checkpoints\cycle_0031.pt,runs\models_9x9_scratch\checkpoints\cycle_0002.pt,p1_win,0.0,31
2128,runs\models_9x9_scratch\checkpoints\cycle_0002.pt,runs\models_9x9_scratch\checkpoints\cycle_0031.pt,runs\models_9x9_scratch\checkpoints\cycle_0031.pt,runs\models_9x9_scratch\checkpoints\cycle_0002.pt,p1_win,0.0,31
2129,runs\models_9x9_scratch\checkpoints\cycle_0002.pt,runs\models_9x9_scratch\checkpoints\cycle_0031.pt,runs\models_9x9_scratch\checkpoints\cycle_0031.pt,runs\models_9x9_scratch\checkpoints\cycle_0002.pt,p1_win,0.0,31
2130,runs\models_9x9_scratch\checkpoints\cycle_0002.pt,runs\models_9x9_scratch\checkpoints\cycle_0031.pt,runs\models_9x9_scratch\checkpoints\cycle_0031.pt,runs\models_9x9_scratch\checkpoints\cycle_0002.pt,p1_win,0.0,31
2131,runs\models_9x9_scratch\checkpoints\cycle_0002.pt,runs\models_9x9_scratch\checkpoints\cycle_0031.pt,runs\models_9x9_scratch\checkpoints\cycle_0031.pt,runs\models_9x9_scratch\checkpoints\cycle_0002.pt,p1_win,0.0,31
2132,runs\models_9x9_scratch\checkpoints\cycle_0002.pt,runs\models_9x9_scratch\checkpoints\cycle_0031.pt,runs\models_9x9_scratch\checkpoints\cycle_0031.pt,runs\models_9x9_scratch\checkpoints\cycle_0002.pt,p1_win,0.0,31
2133,runs\models_9x9_scratch\checkpoints\cycle_0002.pt,runs\models_9x9_scratch\checkpoints\cycle_0031.pt,runs\models_9x9_scratch\checkpoints\cycle_0031.pt,runs\models_9x9_scratch\checkpoints\cycle_0002.pt,p1_win,0.0,31
2134,runs\models_9x9_scratch\checkpoints\cycle_0002.pt,runs\models_9x9_scratch\checkpoints\cycle_0031.pt,runs\models_9x9_scratch\checkpoints\cycle_0031.pt,runs\models_9x9_scratch\checkpoints\cycle_0002.pt,p1_win,0.0,31
2135,runs\models_9x9_scratch\checkpoints\cycle_0002.pt,runs\models_9x9_scratch\checkpoints\cycle_0031.pt,runs\models_9x9_scratch\checkpoints\cycle_0002.pt,runs\models_9x9_scratch\checkpoints\cycle_0031.pt,p2_win,0.0,32
2136,runs\models_9x9_scratch\checkpoints\cycle_0002.pt,runs\models_9x9_scratch\checkpoints\cycle_0031.pt,runs\models_9x9_scratch\checkpoints\cycle_0002.pt,runs\models_9x9_scratch\checkpoints\cycle_0031.pt,p2_win,0.0,32
2137,runs\models_9x9_scratch\checkpoints\cycle_0002.pt,runs\models_9x9_scratch\checkpoints\cycle_0031.pt,runs\models_9x9_scratch\checkpoints\cycle_0002.pt,runs\models_9x9_scratch\checkpoints\cycle_0031.pt,p2_win,0.0,32
2138,runs\models_9x9_scratch\checkpoints\cycle_0002.pt,runs\models_9x9_scratch\checkpoints\cycle_0031.pt,runs\models_9x9_scratch\checkpoints\cycle_0031.pt,runs\models_9x9_scratch\checkpoints\cycle_0002.pt,p1_win,0.0,31
2139,runs\models_9x9_scratch\checkpoints\cycle_0002.pt,runs\models_9x9_scratch\checkpoints\cycle_0031.pt,runs\models_9x9_scratch\checkpoints\cycle_0031.pt,runs\models_9x9_scratch\checkpoints\cycle_0002.pt,p1_win,0.0,31
2140,runs\models_9x9_scratch\checkpoints\cycle_0002.pt,runs\models_9x9_scratch\checkpoints\cycle_0031.pt,runs\models_9x9_scratch\checkpoints\cycle_0002.pt,runs\models_9x9_scratch\checkpoints\cycle_0031.pt,p2_win,0.0,32
2141,runs\models_9x9_scratch\checkpoints\cycle_0002.pt,runs\models_9x9_scratch\checkpoints\cycle_0031.pt,runs\models_9x9_scratch\checkpoints\cycle_0002.pt,runs\models_9x9_scratch\checkpoints\cycle_0031.pt,p2_win,0.0,32
2142,runs\models_9x9_scratch\checkpoints\cycle_0002.pt,runs\models_9x9_scratch\checkpoints\cycle_0031.pt,runs\models_9x9_scratch\checkpoints\cycle_0031.pt,runs\models_9x9_scratch\checkpoints\cycle_0002.pt,p1_win,0.0,31
2143,runs\models_9x9_scratch\checkpoints\cycle_0002.pt,runs\models_9x9_scratch\checkpoints\cycle_0031.pt,runs\models_9x9_scratch\checkpoints\cycle_0002.pt,runs\models_9x9_scratch\checkpoints\cycle_0031.pt,p2_win,0.0,32
2144,runs\models_9x9_scratch\checkpoints\cycle_0002.pt,runs\models_9x9_scratch\checkpoints\cycle_0031.pt,runs\models_9x9_scratch\checkpoints\cycle_0002.pt,runs\models_9x9_scratch\checkpoints\cycle_0031.pt,p2_win,0.0,32
2145,runs\models_9x9_scratch\checkpoints\cycle_0002.pt,runs\models_9x9_scratch\checkpoints\cycle_0031.pt,runs\models_9x9_scratch\checkpoints\cycle_0031.pt,runs\models_9x9_scratch\checkpoints\cycle_0002.pt,p1_win,0.0,31
2146,runs\models_9x9_scratch\checkpoints\cycle_0002.pt,runs\models_9x9_scratch\checkpoints\cycle_0031.pt,runs\models_9x9_scratch\checkpoints\cycle_0002.pt,runs\models_9x9_scratch\checkpoints\cycle_0031.pt,p2_win,0.0,32
2147,runs\models_9x9_scratch\checkpoints\cycle_0002.pt,runs\models_9x9_scratch\checkpoints\cycle_0031.pt,runs\models_9x9_scratch\checkpoints\cycle_0002.pt,runs\models_9x9_scratch\checkpoints\cycle_0031.pt,p2_win,0.0,32
2148,runs\models_9x9_scratch\checkpoints\cycle_0002.pt,runs\models_9x9_scratch\checkpoints\cycle_0031.pt,runs\models_9x9_scratch\checkpoints\cycle_0031.pt,runs\models_9x9_scratch\checkpoints\cycle_0002.pt,p1_win,0.0,31
2149,runs\models_9x9_scratch\checkpoints\cycle_0002.pt,runs\models_9x9_scratch\checkpoints\cycle_0031.pt,runs\models_9x9_scratch\checkpoints\cycle_0031.pt,runs\models_9x9_scratch\checkpoints\cycle_0002.pt,p1_win,0.0,31
2150,runs\models_9x9_scratch\checkpoints\cycle_0002.pt,runs\models_9x9_scratch\checkpoints\cycle_0031.pt,runs\models_9x9_scratch\checkpoints\cycle_0002.pt,runs\models_9x9_scratch\checkpoints\cycle_0031.pt,p2_win,0.0,32
2151,runs\models_9x9_scratch\checkpoints\cycle_0002.pt,runs\models_9x9_scratch\checkpoints\cycle_0031.pt,runs\models_9x9_scratch\checkpoints\cycle_0002.pt,runs\models_9x9_scratch\checkpoints\cycle_0031.pt,p2_win,0.0,32
2152,runs\models_9x9_scratch\checkpoints\cycle_0002.pt,runs\models_9x9_scratch\checkpoints\cycle_0031.pt,runs\models_9x9_scratch\checkpoints\cycle_0002.pt,runs\models_9x9_scratch\checkpoints\cycle_0031.pt,p2_win,0.0,32
2153,runs\models_9x9_scratch\checkpoints\cycle_0002.pt,runs\models_9x9_scratch\checkpoints\cycle_0031.pt,runs\models_9x9_scratch\checkpoints\cycle_0002.pt,runs\models_9x9_scratch\checkpoints\cycle_0031.pt,p2_win,0.0,32
2154,runs\models_9x9_scratch\checkpoints\cycle_0002.pt,runs\models_9x9_scratch\checkpoints\cycle_0031.pt,runs\models_9x9_scratch\checkpoints\cycle_0031.pt,runs\models_9x9_scratch\checkpoints\cycle_0002.pt,p1_win,0.0,33
2155,runs\models_9x9_scratch\checkpoints\cycle_0002.pt,runs\models_9x9_scratch\checkpoints\cycle_0031.pt,runs\models_9x9_scratch\checkpoints\cycle_0002.pt,runs\models_9x9_scratch\checkpoints\cycle_0031.pt,p2_win,0.0,32
2156,runs\models_9x9_scratch\checkpoints\cycle_0002.pt,runs\models_9x9_scratch\checkpoints\cycle_0031.pt,runs\models_9x9_scratch\checkpoints\cycle_0031.pt,runs\models_9x9_scratch\checkpoints\cycle_0002.pt,p1_win,0.0,31
2157,runs\models_9x9_scratch\checkpoints\cycle_0002.pt,runs\models_9x9_scratch\checkpoints\cycle_0031.pt,runs\models_9x9_scratch\checkpoints\cycle_0031.pt,runs\models_9x9_scratch\checkpoints\cycle_0002.pt,p1_win,0.0,33
2158,runs\models_9x9_scratch\checkpoints\cycle_0002.pt,runs\models_9x9_scratch\checkpoints\cycle_0031.pt,runs\models_9x9_scratch\checkpoints\cycle_0002.pt,runs\models_9x9_scratch\checkpoints\cycle_0031.pt,p2_win,0.0,32
2159,runs\models_9x9_scratch\checkpoints\cycle_0002.pt,runs\models_9x9_scratch\checkpoints\cycle_0031.pt,runs\models_9x9_scratch\checkpoints\cycle_0031.pt,runs\models_9x9_scratch\checkpoints\cycle_0002.pt,p1_win,0.0,31
2160,runs\models_9x9_scratch\checkpoints\cycle_0002.pt,runs\models_9x9_scratch\checkpoints\cycle_0031.pt,runs\models_9x9_scratch\checkpoints\cycle_0002.pt,runs\models_9x9_scratch\checkpoints\cycle_0031.pt,p2_win,0.0,32
2161,runs\models_9x9_scratch\checkpoints\cycle_0002.pt,runs\models_9x9_scratch\checkpoints\cycle_0031.pt,runs\models_9x9_scratch\checkpoints\cycle_0031.pt,runs\models_9x9_scratch\checkpoints\cycle_0002.pt,p1_win,0.0,33
2162,runs\models_9x9_scratch\checkpoints\cycle_0002.pt,runs\models_9x9_scratch\checkpoints\cycle_0031.pt,runs\models_9x9_scratch\checkpoints\cycle_0002.pt,runs\models_9x9_scratch\checkpoints\cycle_0031.pt,p2_win,0.0,32
2163,runs\models_9x9_scratch\checkpoints\cycle_0002.pt,runs\models_9x9_scratch\checkpoints\cycle_0031.pt,runs\models_9x9_scratch\checkpoints\cycle_0031.pt,runs\models_9x9_scratch\checkpoints\cycle_0002.pt,p1_win,0.0,31
2164,runs\models_9x9_scratch\checkpoints\cycle_0002.pt,runs\models_9x9_scratch\checkpoints\cycle_0031.pt,runs\models_9x9_scratch\checkpoints\cycle_0002.pt,runs\models_9x9_scratch\checkpoints\cycle_0031.pt,p2_win,0.0,34
2165,runs\models_9x9_scratch\checkpoints\cycle_0002.pt,runs\models_9x9_scratch\checkpoints\cycle_0031.pt,runs\models_9x9_scratch\checkpoints\cycle_0002.pt,runs\models_9x9_scratch\checkpoints\cycle_0031.pt,p2_win,0.0,32
2166,runs\models_9x9_scratch\checkpoints\cycle_0002.pt,runs\models_9x9_scratch\checkpoints\cycle_0031.pt,runs\models_9x9_scratch\checkpoints\cycle_0031.pt,runs\models_9x9_scratch\checkpoints\cycle_0002.pt,p1_win,0.0,33
2167,runs\models_9x9_scratch\checkpoints\cycle_0002.pt,runs\models_9x9_scratch\checkpoints\cycle_0031.pt,runs\models_9x9_scratch\checkpoints\cycle_0002.pt,runs\models_9x9_scratch\checkpoints\cycle_0031.pt,p2_win,0.0,32
2168,runs\models_9x9_scratch\checkpoints\cycle_0002.pt,runs\models_9x9_scratch\checkpoints\cycle_0031.pt,runs\models_9x9_scratch\checkpoints\cycle_0031.pt,runs\models_9x9_scratch\checkpoints\cycle_0002.pt,p1_win,0.0,33
2169,runs\models_9x9_scratch\checkpoints\cycle_0002.pt,runs\models_9x9_scratch\checkpoints\cycle_0031.pt,runs\models_9x9_scratch\checkpoints\cycle_0002.pt,runs\models_9x9_scratch\checkpoints\cycle_0031.pt,p2_win,0.0,32
2170,runs\models_9x9_scratch\checkpoints\cycle_0002.pt,runs\models_9x9_scratch\checkpoints\cycle_0031.pt,runs\models_9x9_scratch\checkpoints\cycle_0002.pt,runs\models_9x9_scratch\checkpoints\cycle_0031.pt,p2_win,0.0,32
2171,runs\models_9x9_scratch\checkpoints\cycle_0002.pt,runs\models_9x9_scratch\checkpoints\cycle_0031.pt,runs\models_9x9_scratch\checkpoints\cycle_0002.pt,runs\models_9x9_scratch\checkpoints\cycle_0031.pt,p2_win,0.0,32
2172,runs\models_9x9_scratch\checkpoints\cycle_0002.pt,runs\models_9x9_scratch\checkpoints\cycle_0031.pt,runs\models_9x9_scratch\checkpoints\cycle_0031.pt,runs\models_9x9_scratch\checkpoints\cycle_0002.pt,p1_win,0.0,33
2173,runs\models_9x9_scratch\checkpoints\cycle_0002.pt,runs\models_9x9_scratch\checkpoints\cycle_0031.pt,runs\models_9x9_scratch\checkpoints\cycle_0031.pt,runs\models_9x9_scratch\checkpoints\cycle_0002.pt,p1_win,0.0,33
2174,runs\models_9x9_scratch\checkpoints\cycle_0002.pt,runs\models_9x9_scratch\checkpoints\cycle_0031.pt,runs\models_9x9_scratch\checkpoints\cycle_0031.pt,runs\models_9x9_scratch\checkpoints\cycle_0002.pt,p1_win,0.0,33
2175,runs\models_9x9_scratch\checkpoints\cycle_0002.pt,runs\models_9x9_scratch\checkpoints\cycle_0031.pt,runs\models_9x9_scratch\checkpoints\cycle_0031.pt,runs\models_9x9_scratch\checkpoints\cycle_0002.pt,p1_win,0.0,33
2176,runs\models_9x9_scratch\checkpoints\cycle_0002.pt,runs\models_9x9_scratch\checkpoints\cycle_0031.pt,runs\models_9x9_scratch\checkpoints\cycle_0031.pt,runs\models_9x9_scratch\checkpoints\cycle_0002.pt,p1_win,0.0,33
2177,runs\models_9x9_scratch\checkpoints\cycle_0002.pt,runs\models_9x9_scratch\checkpoints\cycle_0031.pt,runs\models_9x9_scratch\checkpoints\cycle_0031.pt,runs\models_9x9_scratch\checkpoints\cycle_0002.pt,p1_win,0.0,33
2178,runs\models_9x9_scratch\checkpoints\cycle_0002.pt,runs\models_9x9_scratch\checkpoints\cycle_0031.pt,runs\models_9x9_scratch\checkpoints\cycle_0002.pt,runs\models_9x9_scratch\checkpoints\cycle_0031.pt,p2_win,0.0,34
2179,runs\models_9x9_scratch\checkpoints\cycle_0002.pt,runs\models_9x9_scratch\checkpoints\cycle_0031.pt,runs\models_9x9_scratch\checkpoints\cycle_0002.pt,runs\models_9x9_scratch\checkpoints\cycle_0031.pt,p2_win,0.0,34
2180,runs\models_9x9_scratch\checkpoints\cycle_0002.pt,runs\models_9x9_scratch\checkpoints\cycle_0031.pt,runs\models_9x9_scratch\checkpoints\cycle_0002.pt,runs\models_9x9_scratch\checkpoints\cycle_0031.pt,p2_win,0.0,34
2181,runs\models_9x9_scratch\checkpoints\cycle_0002.pt,runs\models_9x9_scratch\checkpoints\cycle_0031.pt,runs\models_9x9_scratch\checkpoints\cycle_0031.pt,runs\models_9x9_scratch\checkpoints\cycle_0002.pt,p1_win,0.0,33
2182,runs\models_9x9_scratch\checkpoints\cycle_0002.pt,runs\models_9x9_scratch\checkpoints\cycle_0031.pt,runs\models_9x9_scratch\checkpoints\cycle_0031.pt,runs\models_9x9_scratch\checkpoints\cycle_0002.pt,p1_win,0.0,33
2183,runs\models_9x9_scratch\checkpoints\cycle_0002.pt,runs\models_9x9_scratch\checkpoints\cycle_0031.pt,runs\models_9x9_scratch\checkpoints\cycle_0031.pt,runs\models_9x9_scratch\checkpoints\cycle_0002.pt,p1_win,0.0,33
2184,runs\models_9x9_scratch\checkpoints\cycle_0002.pt,runs\models_9x9_scratch\checkpoints\cycle_0031.pt,runs\models_9x9_scratch\checkpoints\cycle_0031.pt,runs\models_9x9_scratch\checkpoints\cycle_0002.pt,p1_win,0.0,33
2185,runs\models_9x9_scratch\checkpoints\cycle_0002.pt,runs\models_9x9_scratch\checkpoints\cycle_0031.pt,runs\models_9x9_scratch\checkpoints\cycle_0002.pt,runs\models_9x9_scratch\checkpoints\cycle_0031.pt,p2_win,0.0,34
2186,runs\models_9x9_scratch\checkpoints\cycle_0002.pt,runs\models_9x9_scratch\checkpoints\cycle_0031.pt,runs\models_9x9_scratch\checkpoints\cycle_0002.pt,runs\models_9x9_scratch\checkpoints\cycle_0031.pt,p2_win,0.0,34
2187,runs\models_9x9_scratch\checkpoints\cycle_0002.pt,runs\models_9x9_scratch\checkpoints\cycle_0031.pt,runs\models_9x9_scratch\checkpoints\cycle_0002.pt,runs\models_9x9_scratch\checkpoints\cycle_0031.pt,p2_win,0.0,34
2188,runs\models_9x9_scratch\checkpoints\cycle_0002.pt,runs\models_9x9_scratch\checkpoints\cycle_0031.pt,runs\models_9x9_scratch\checkpoints\cycle_0031.pt,runs\models_9x9_scratch\checkpoints\cycle_0002.pt,p1_win,0.0,33
2189,runs\models_9x9_scratch\checkpoints\cycle_0002.pt,runs\models_9x9_scratch\checkpoints\cycle_0031.pt,runs\models_9x9_scratch\checkpoints\cycle_0031.pt,runs\models_9x9_scratch\checkpoints\cycle_0002.pt,p1_win,0.0,33
2190,runs\models_9x9_scratch\checkpoints\cycle_0002.pt,runs\models_9x9_scratch\checkpoints\cycle_0031.pt,runs\models_9x9_scratch\checkpoints\cycle_0031.pt,runs\models_9x9_scratch\checkpoints\cycle_0002.pt,p1_win,0.0,33
2191,runs\models_9x9_scratch\checkpoints\cycle_0002.pt,runs\models_9x9_scratch\checkpoints\cycle_0031.pt,runs\models_9x9_scratch\checkpoints\cycle_0002.pt,runs\models_9x9_scratch\checkpoints\cycle_0031.pt,p2_win,0.0,34
2192,runs\models_9x9_scratch\checkpoints\cycle_0002.pt,runs\models_9x9_scratch\checkpoints\cycle_0031.pt,runs\models_9x9_scratch\checkpoints\cycle_0031.pt,runs\models_9x9_scratch\checkpoints\cycle_0002.pt,p1_win,0.0,33
2193,runs\models_9x9_scratch\checkpoints\cycle_0002.pt,runs\models_9x9_scratch\checkpoints\cycle_0031.pt,runs\models_9x9_scratch\checkpoints\cycle_0002.pt,runs\models_9x9_scratch\checkpoints\cycle_0031.pt,p2_win,0.0,34
2194,runs\models_9x9_scratch\checkpoints\cycle_0002.pt,runs\models_9x9_scratch\checkpoints\cycle_0031.pt,runs\models_9x9_scratch\checkpoints\cycle_0031.pt,runs\models_9x9_scratch\checkpoints\cycle_0002.pt,p1_win,0.0,33
2195,runs\models_9x9_scratch\checkpoints\cycle_0002.pt,runs\models_9x9_scratch\checkpoints\cycle_0031.pt,runs\models_9x9_scratch\checkpoints\cycle_0031.pt,runs\models_9x9_scratch\checkpoints\cycle_0002.pt,p1_win,0.0,33
2196,runs\models_9x9_scratch\checkpoints\cycle_0002.pt,runs\models_9x9_scratch\checkpoints\cycle_0031.pt,runs\models_9x9_scratch\checkpoints\cycle_0002.pt,runs\models_9x9_scratch\checkpoints\cycle_0031.pt,p2_win,0.0,34
2197,runs\models_9x9_scratch\checkpoints\cycle_0002.pt,runs\models_9x9_scratch\checkpoints\cycle_0031.pt,runs\models_9x9_scratch\checkpoints\cycle_0002.pt,runs\models_9x9_scratch\checkpoints\cycle_0031.pt,p2_win,0.0,34
2198,runs\models_9x9_scratch\checkpoints\cycle_0002.pt,runs\models_9x9_scratch\checkpoints\cycle_0031.pt,runs\models_9x9_scratch\checkpoints\cycle_0002.pt,runs\models_9x9_scratch\checkpoints\cycle_0031.pt,p2_win,0.0,34
2199,runs\models_9x9_scratch\checkpoints\cycle_0002.pt,runs\models_9x9_scratch\checkpoints\cycle_0031.pt,runs\models_9x9_scratch\checkpoints\cycle_0002.pt,runs\models_9x9_scratch\checkpoints\cycle_0031.pt,p2_win,0.0,34
2200,runs\models_9x9_scratch\checkpoints\cycle_0002.pt,runs\models_9x9_scratch\checkpoints\cycle_0031.pt,runs\models_9x9_scratch\checkpoints\cycle_0002.pt,runs\models_9x9_scratch\checkpoints\cycle_0031.pt,p2_win,0.0,34
2201,runs\models_9x9_scratch\checkpoints\cycle_0002.pt,runs\models_9x9_scratch\checkpoints\cycle_0031.pt,runs\models_9x9_scratch\checkpoints\cycle_0002.pt,runs\models_9x9_scratch\checkpoints\cycle_0031.pt,p2_win,0.0,34
2202,runs\models_9x9_scratch\checkpoints\cycle_0002.pt,runs\models_9x9_scratch\checkpoints\cycle_0031.pt,runs\models_9x9_scratch\checkpoints\cycle_0031.pt,runs\models_9x9_scratch\checkpoints\cycle_0002.pt,p1_win,0.0,33
2203,runs\models_9x9_scratch\checkpoints\cycle_0002.pt,runs\models_9x9_scratch\checkpoints\cycle_0031.pt,runs\models_9x9_scratch\checkpoints\cycle_0002.pt,runs\models_9x9_scratch\checkpoints\cycle_0031.pt,p2_win,0.0,34
2204,runs\models_9x9_scratch\checkpoints\cycle_0002.pt,runs\models_9x9_scratch\checkpoints\cycle_0031.pt,runs\models_9x9_scratch\checkpoints\cycle_0002.pt,runs\models_9x9_scratch\checkpoints\cycle_0031.pt,p2_win,0.0,34
2205,runs\models_9x9_scratch\checkpoints\cycle_0002.pt,runs\models_9x9_scratch\checkpoints\cycle_0031.pt,runs\models_9x9_scratch\checkpoints\cycle_0002.pt,runs\models_9x9_scratch\checkpoints\cycle_0031.pt,p2_win,0.0,34
2206,runs\models_9x9_scratch\checkpoints\cycle_0002.pt,runs\models_9x9_scratch\checkpoints\cycle_0031.pt,runs\models_9x9_scratch\checkpoints\cycle_0002.pt,runs\models_9x9_scratch\checkpoints\cycle_0031.pt,p2_win,0.0,34
2207,runs\models_9x9_scratch\checkpoints\cycle_0002.pt,runs\models_9x9_scratch\checkpoints\cycle_0031.pt,runs\models_9x9_scratch\checkpoints\cycle_0031.pt,runs\models_9x9_scratch\checkpoints\cycle_0002.pt,p1_win,0.0,33
2208,runs\models_9x9_scratch\checkpoints\cycle_0002.pt,runs\models_9x9_scratch\checkpoints\cycle_0031.pt,runs\models_9x9_scratch\checkpoints\cycle_0031.pt,runs\models_9x9_scratch\checkpoints\cycle_0002.pt,p1_win,0.0,33
2209,runs\models_9x9_scratch\checkpoints\cycle_0002.pt,runs\models_9x9_scratch\checkpoints\cycle_0031.pt,runs\models_9x9_scratch\checkpoints\cycle_0002.pt,runs\models_9x9_scratch\checkpoints\cycle_0031.pt,p2_win,0.0,34
2210,runs\models_9x9_scratch\checkpoints\cycle_0002.pt,runs\models_9x9_scratch\checkpoints\cycle_0031.pt,runs\models_9x9_scratch\checkpoints\cycle_0002.pt,runs\models_9x9_scratch\checkpoints\cycle_0031.pt,p2_win,0.0,34
2211,runs\models_9x9_scratch\checkpoints\cycle_0002.pt,runs\models_9x9_scratch\checkpoints\cycle_0031.pt,runs\models_9x9_scratch\checkpoints\cycle_0002.pt,runs\models_9x9_scratch\checkpoints\cycle_0031.pt,p2_win,0.0,34
2212,runs\models_9x9_scratch\checkpoints\cycle_0002.pt,runs\models_9x9_scratch\checkpoints\cycle_0031.pt,runs\models_9x9_scratch\checkpoints\cycle_0031.pt,runs\models_9x9_scratch\checkpoints\cycle_0002.pt,p1_win,0.0,33
2213,runs\models_9x9_scratch\checkpoints\cycle_0002.pt,runs\models_9x9_scratch\checkpoints\cycle_0031.pt,runs\models_9x9_scratch\checkpoints\cycle_0031.pt,runs\models_9x9_scratch\checkpoints\cycle_0002.pt,p1_win,0.0,35
2214,runs\models_9x9_scratch\checkpoints\cycle_0002.pt,runs\models_9x9_scratch\checkpoints\cycle_0031.pt,runs\models_9x9_scratch\checkpoints\cycle_0031.pt,runs\models_9x9_scratch\checkpoints\cycle_0002.pt,p1_win,0.0,35
2215,runs\models_9x9_scratch\checkpoints\cycle_0002.pt,runs\models_9x9_scratch\checkpoints\cycle_0031.pt,runs\models_9x9_scratch\checkpoints\cycle_0031.pt,runs\models_9x9_scratch\checkpoints\cycle_0002.pt,p1_win,0.0,35
2216,runs\models_9x9_scratch\checkpoints\cycle_0002.pt,runs\models_9x9_scratch\checkpoints\cycle_0031.pt,runs\models_9x9_scratch\checkpoints\cycle_0031.pt,runs\models_9x9_scratch\checkpoints\cycle_0002.pt,p1_win,0.0,35
2217,runs\models_9x9_scratch\checkpoints\cycle_0002.pt,runs\models_9x9_scratch\checkpoints\cycle_0031.pt,runs\models_9x9_scratch\checkpoints\cycle_0002.pt,runs\models_9x9_scratch\checkpoints\cycle_0031.pt,p2_win,0.0,36
2218,runs\models_9x9_scratch\checkpoints\cycle_0002.pt,runs\models_9x9_scratch\checkpoints\cycle_0031.pt,runs\models_9x9_scratch\checkpoints\cycle_0031.pt,runs\models_9x9_scratch\checkpoints\cycle_0002.pt,p1_win,0.0,35
2219,runs\models_9x9_scratch\checkpoints\cycle_0002.pt,runs\models_9x9_scratch\checkpoints\cycle_0031.pt,runs\models_9x9_scratch\checkpoints\cycle_0031.pt,runs\models_9x9_scratch\checkpoints\cycle_0002.pt,p1_win,0.0,35
2220,runs\models_9x9_scratch\checkpoints\cycle_0002.pt,runs\models_9x9_scratch\checkpoints\cycle_0031.pt,runs\models_9x9_scratch\checkpoints\cycle_0031.pt,runs\models_9x9_scratch\checkpoints\cycle_0002.pt,p1_win,0.0,35
2221,runs\models_9x9_scratch\checkpoints\cycle_0002.pt,runs\models_9x9_scratch\checkpoints\cycle_0031.pt,runs\models_9x9_scratch\checkpoints\cycle_0031.pt,runs\models_9x9_scratch\checkpoints\cycle_0002.pt,p1_win,0.0,35
2222,runs\models_9x9_scratch\checkpoints\cycle_0002.pt,runs\models_9x9_scratch\checkpoints\cycle_0031.pt,runs\models_9x9_scratch\checkpoints\cycle_0031.pt,runs\models_9x9_scratch\checkpoints\cycle_0002.pt,p1_win,0.0,35
2223,runs\models_9x9_scratch\checkpoints\cycle_0002.pt,runs\models_9x9_scratch\checkpoints\cycle_0031.pt,runs\models_9x9_scratch\checkpoints\cycle_0002.pt,runs\models_9x9_scratch\checkpoints\cycle_0031.pt,p2_win,0.0,36
2224,runs\models_9x9_scratch\checkpoints\cycle_0002.pt,runs\models_9x9_scratch\checkpoints\cycle_0031.pt,runs\models_9x9_scratch\checkpoints\cycle_0002.pt,runs\models_9x9_scratch\checkpoints\cycle_0031.pt,p2_win,0.0,36
2225,runs\models_9x9_scratch\checkpoints\cycle_0002.pt,runs\models_9x9_scratch\checkpoints\cycle_0031.pt,runs\models_9x9_scratch\checkpoints\cycle_0002.pt,runs\models_9x9_scratch\checkpoints\cycle_0031.pt,p2_win,0.0,36
2226,runs\models_9x9_scratch\checkpoints\cycle_0002.pt,runs\models_9x9_scratch\checkpoints\cycle_0031.pt,runs\models_9x9_scratch\checkpoints\cycle_0031.pt,runs\models_9x9_scratch\checkpoints\cycle_0002.pt,p1_win,0.0,35
2227,runs\models_9x9_scratch\checkpoints\cycle_0002.pt,runs\models_9x9_scratch\checkpoints\cycle_0031.pt,runs\models_9x9_scratch\checkpoints\cycle_0031.pt,runs\models_9x9_scratch\checkpoints\cycle_0002.pt,p1_win,0.0,35
2228,runs\models_9x9_scratch\checkpoints\cycle_0002.pt,runs\models_9x9_scratch\checkpoints\cycle_0031.pt,runs\models_9x9_scratch\checkpoints\cycle_0031.pt,runs\models_9x9_scratch\checkpoints\cycle_0002.pt,p1_win,0.0,35
2229,runs\models_9x9_scratch\checkpoints\cycle_0002.pt,runs\models_9x9_scratch\checkpoints\cycle_0031.pt,runs\models_9x9_scratch\checkpoints\cycle_0002.pt,runs\models_9x9_scratch\checkpoints\cycle_0031.pt,p2_win,0.0,36
2230,runs\models_9x9_scratch\checkpoints\cycle_0002.pt,runs\models_9x9_scratch\checkpoints\cycle_0031.pt,runs\models_9x9_scratch\checkpoints\cycle_0002.pt,runs\models_9x9_scratch\checkpoints\cycle_0031.pt,p2_win,0.0,36
2231,runs\models_9x9_scratch\checkpoints\cycle_0002.pt,runs\models_9x9_scratch\checkpoints\cycle_0031.pt,runs\models_9x9_scratch\checkpoints\cycle_0002.pt,runs\models_9x9_scratch\checkpoints\cycle_0031.pt,p2_win,0.0,36
2232,runs\models_9x9_scratch\checkpoints\cycle_0002.pt,runs\models_9x9_scratch\checkpoints\cycle_0031.pt,runs\models_9x9_scratch\checkpoints\cycle_0031.pt,runs\models_9x9_scratch\checkpoints\cycle_0002.pt,p1_win,0.0,35
2233,runs\models_9x9_scratch\checkpoints\cycle_0002.pt,runs\models_9x9_scratch\checkpoints\cycle_0031.pt,runs\models_9x9_scratch\checkpoints\cycle_0002.pt,runs\models_9x9_scratch\checkpoints\cycle_0031.pt,p2_win,0.0,36
2234,runs\models_9x9_scratch\checkpoints\cycle_0002.pt,runs\models_9x9_scratch\checkpoints\cycle_0031.pt,runs\models_9x9_scratch\checkpoints\cycle_0031.pt,runs\models_9x9_scratch\checkpoints\cycle_0002.pt,p1_win,0.0,35
2235,runs\models_9x9_scratch\checkpoints\cycle_0002.pt,runs\models_9x9_scratch\checkpoints\cycle_0031.pt,runs\models_9x9_scratch\checkpoints\cycle_0031.pt,runs\models_9x9_scratch\checkpoints\cycle_0002.pt,p1_win,0.0,35
2236,runs\models_9x9_scratch\checkpoints\cycle_0002.pt,runs\models_9x9_scratch\checkpoints\cycle_0031.pt,runs\models_9x9_scratch\checkpoints\cycle_0002.pt,runs\models_9x9_scratch\checkpoints\cycle_0031.pt,p2_win,0.0,36
2237,runs\models_9x9_scratch\checkpoints\cycle_0002.pt,runs\models_9x9_scratch\checkpoints\cycle_0031.pt,runs\models_9x9_scratch\checkpoints\cycle_0031.pt,runs\models_9x9_scratch\checkpoints\cycle_0002.pt,p1_win,0.0,35
2238,runs\models_9x9_scratch\checkpoints\cycle_0002.pt,runs\models_9x9_scratch\checkpoints\cycle_0031.pt,runs\models_9x9_scratch\checkpoints\cycle_0031.pt,runs\models_9x9_scratch\checkpoints\cycle_0002.pt,p1_win,0.0,35
2239,runs\models_9x9_scratch\checkpoints\cycle_0002.pt,runs\models_9x9_scratch\checkpoints\cycle_0031.pt,runs\models_9x9_scratch\checkpoints\cycle_0002.pt,runs\models_9x9_scratch\checkpoints\cycle_0031.pt,p2_win,0.0,36
2240,runs\models_9x9_scratch\checkpoints\cycle_0002.pt,runs\models_9x9_scratch\checkpoints\cycle_0031.pt,runs\models_9x9_scratch\checkpoints\cycle_0002.pt,runs\models_9x9_scratch\checkpoints\cycle_0031.pt,p2_win,0.0,36
2241,runs\models_9x9_scratch\checkpoints\cycle_0002.pt,runs\models_9x9_scratch\checkpoints\cycle_0031.pt,runs\models_9x9_scratch\checkpoints\cycle_0031.pt,runs\models_9x9_scratch\checkpoints\cycle_0002.pt,p1_win,0.0,35
2242,runs\models_9x9_scratch\checkpoints\cycle_0002.pt,runs\models_9x9_scratch\checkpoints\cycle_0031.pt,runs\models_9x9_scratch\checkpoints\cycle_0031.pt,runs\models_9x9_scratch\checkpoints\cycle_0002.pt,p1_win,0.0,35
2243,runs\models_9x9_scratch\checkpoints\cycle_0002.pt,runs\models_9x9_scratch\checkpoints\cycle_0031.pt,runs\models_9x9_scratch\checkpoints\cycle_0002.pt,runs\models_9x9_scratch\checkpoints\cycle_0031.pt,p2_win,0.0,36
2244,runs\models_9x9_scratch\checkpoints\cycle_0002.pt,runs\models_9x9_scratch\checkpoints\cycle_0031.pt,runs\models_9x9_scratch\checkpoints\cycle_0031.pt,runs\models_9x9_scratch\checkpoints\cycle_0002.pt,p1_win,0.0,37
2245,runs\models_9x9_scratch\checkpoints\cycle_0002.pt,runs\models_9x9_scratch\checkpoints\cycle_0031.pt,runs\models_9x9_scratch\checkpoints\cycle_0031.pt,runs\models_9x9_scratch\checkpoints\cycle_0002.pt,p1_win,0.0,35
2246,runs\models_9x9_scratch\checkpoints\cycle_0002.pt,runs\models_9x9_scratch\checkpoints\cycle_0031.pt,runs\models_9x9_scratch\checkpoints\cycle_0002.pt,runs\models_9x9_scratch\checkpoints\cycle_0031.pt,p2_win,0.0,36
2247,runs\models_9x9_scratch\checkpoints\cycle_0002.pt,runs\models_9x9_scratch\checkpoints\cycle_0031.pt,runs\models_9x9_scratch\checkpoints\cycle_0002.pt,runs\models_9x9_scratch\checkpoints\cycle_0031.pt,p2_win,0.0,36
2248,runs\models_9x9_scratch\checkpoints\cycle_0002.pt,runs\models_9x9_scratch\checkpoints\cycle_0031.pt,runs\models_9x9_scratch\checkpoints\cycle_0002.pt,runs\models_9x9_scratch\checkpoints\cycle_0031.pt,p2_win,0.0,36
2249,runs\models_9x9_scratch\checkpoints\cycle_0002.pt,runs\models_9x9_scratch\checkpoints\cycle_0031.pt,runs\models_9x9_scratch\checkpoints\cycle_0002.pt,runs\models_9x9_scratch\checkpoints\cycle_0031.pt,p2_win,0.0,36
2250,runs\models_9x9_scratch\checkpoints\cycle_0002.pt,runs\models_9x9_scratch\checkpoints\cycle_0031.pt,runs\models_9x9_scratch\checkpoints\cycle_0002.pt,runs\models_9x9_scratch\checkpoints\cycle_0031.pt,p2_win,0.0,36
2251,runs\models_9x9_scratch\checkpoints\cycle_0002.pt,runs\models_9x9_scratch\checkpoints\cycle_0031.pt,runs\models_9x9_scratch\checkpoints\cycle_0002.pt,runs\models_9x9_scratch\checkpoints\cycle_0031.pt,p2_win,0.0,36
2252,runs\models_9x9_scratch\checkpoints\cycle_0002.pt,runs\models_9x9_scratch\checkpoints\cycle_0031.pt,runs\models_9x9_scratch\checkpoints\cycle_0002.pt,runs\models_9x9_scratch\checkpoints\cycle_0031.pt,p2_win,0.0,36
2253,runs\models_9x9_scratch\checkpoints\cycle_0002.pt,runs\models_9x9_scratch\checkpoints\cycle_0031.pt,runs\models_9x9_scratch\checkpoints\cycle_0002.pt,runs\models_9x9_scratch\checkpoints\cycle_0031.pt,p2_win,0.0,36
2254,runs\models_9x9_scratch\checkpoints\cycle_0002.pt,runs\models_9x9_scratch\checkpoints\cycle_0031.pt,runs\models_9x9_scratch\checkpoints\cycle_0031.pt,runs\models_9x9_scratch\checkpoints\cycle_0002.pt,p1_win,0.0,37
2255,runs\models_9x9_scratch\checkpoints\cycle_0002.pt,runs\models_9x9_scratch\checkpoints\cycle_0031.pt,runs\models_9x9_scratch\checkpoints\cycle_0002.pt,runs\models_9x9_scratch\checkpoints\cycle_0031.pt,p2_win,0.0,36
2256,runs\models_9x9_scratch\checkpoints\cycle_0002.pt,runs\models_9x9_scratch\checkpoints\cycle_0031.pt,runs\models_9x9_scratch\checkpoints\cycle_0031.pt,runs\models_9x9_scratch\checkpoints\cycle_0002.pt,p1_win,0.0,37
2257,runs\models_9x9_scratch\checkpoints\cycle_0002.pt,runs\models_9x9_scratch\checkpoints\cycle_0031.pt,runs\models_9x9_scratch\checkpoints\cycle_0002.pt,runs\models_9x9_scratch\checkpoints\cycle_0031.pt,p2_win,0.0,38
2258,runs\models_9x9_scratch\checkpoints\cycle_0002.pt,runs\models_9x9_scratch\checkpoints\cycle_0031.pt,runs\models_9x9_scratch\checkpoints\cycle_0031.pt,runs\models_9x9_scratch\checkpoints\cycle_0002.pt,p1_win,0.0,37
2259,runs\models_9x9_scratch\checkpoints\cycle_0002.pt,runs\models_9x9_scratch\checkpoints\cycle_0031.pt,runs\models_9x9_scratch\checkpoints\cycle_0031.pt,runs\models_9x9_scratch\checkpoints\cycle_0002.pt,p1_win,0.0,37
2260,runs\models_9x9_scratch\checkpoints\cycle_0002.pt,runs\models_9x9_scratch\checkpoints\cycle_0031.pt,runs\models_9x9_scratch\checkpoints\cycle_0031.pt,runs\models_9x9_scratch\checkpoints\cycle_0002.pt,p1_win,0.0,37
2261,runs\models_9x9_scratch\checkpoints\cycle_0002.pt,runs\models_9x9_scratch\checkpoints\cycle_0031.pt,runs\models_9x9_scratch\checkpoints\cycle_0002.pt,runs\models_9x9_scratch\checkpoints\cycle_0031.pt,p2_win,0.0,36
2262,runs\models_9x9_scratch\checkpoints\cycle_0002.pt,runs\models_9x9_scratch\checkpoints\cycle_0031.pt,runs\models_9x9_scratch\checkpoints\cycle_0031.pt,runs\models_9x9_scratch\checkpoints\cycle_0002.pt,p1_win,0.0,37
2263,runs\models_9x9_scratch\checkpoints\cycle_0002.pt,runs\models_9x9_scratch\checkpoints\cycle_0031.pt,runs\models_9x9_scratch\checkpoints\cycle_0031.pt,runs\models_9x9_scratch\checkpoints\cycle_0002.pt,p1_win,0.0,37
2264,runs\models_9x9_scratch\checkpoints\cycle_0002.pt,runs\models_9x9_scratch\checkpoints\cycle_0031.pt,runs\models_9x9_scratch\checkpoints\cycle_0031.pt,runs\models_9x9_scratch\checkpoints\cycle_0002.pt,p1_win,0.0,37
2265,runs\models_9x9_scratch\checkpoints\cycle_0002.pt,runs\models_9x9_scratch\checkpoints\cycle_0031.pt,runs\models_9x9_scratch\checkpoints\cycle_0031.pt,runs\models_9x9_scratch\checkpoints\cycle_0002.pt,p1_win,0.0,37
2266,runs\models_9x9_scratch\checkpoints\cycle_0002.pt,runs\models_9x9_scratch\checkpoints\cycle_0031.pt,runs\models_9x9_scratch\checkpoints\cycle_0031.pt,runs\models_9x9_scratch\checkpoints\cycle_0002.pt,p1_win,0.0,37
2267,runs\models_9x9_scratch\checkpoints\cycle_0002.pt,runs\models_9x9_scratch\checkpoints\cycle_0031.pt,runs\models_9x9_scratch\checkpoints\cycle_0002.pt,runs\models_9x9_scratch\checkpoints\cycle_0031.pt,p2_win,0.0,38
2268,runs\models_9x9_scratch\checkpoints\cycle_0002.pt,runs\models_9x9_scratch\checkpoints\cycle_0031.pt,runs\models_9x9_scratch\checkpoints\cycle_0031.pt,runs\models_9x9_scratch\checkpoints\cycle_0002.pt,p1_win,0.0,37
2269,runs\models_9x9_scratch\checkpoints\cycle_0002.pt,runs\models_9x9_scratch\checkpoints\cycle_0031.pt,runs\models_9x9_scratch\checkpoints\cycle_0031.pt,runs\models_9x9_scratch\checkpoints\cycle_0002.pt,p1_win,0.0,37
2270,runs\models_9x9_scratch\checkpoints\cycle_0002.pt,runs\models_9x9_scratch\checkpoints\cycle_0031.pt,runs\models_9x9_scratch\checkpoints\cycle_0002.pt,runs\models_9x9_scratch\checkpoints\cycle_0031.pt,p2_win,0.0,38
2271,runs\models_9x9_scratch\checkpoints\cycle_0002.pt,runs\models_9x9_scratch\checkpoints\cycle_0031.pt,runs\models_9x9_scratch\checkpoints\cycle_0002.pt,runs\models_9x9_scratch\checkpoints\cycle_0031.pt,p2_win,0.0,38
2272,runs\models_9x9_scratch\checkpoints\cycle_0002.pt,runs\models_9x9_scratch\checkpoints\cycle_0031.pt,runs\models_9x9_scratch\checkpoints\cycle_0031.pt,runs\models_9x9_scratch\checkpoints\cycle_0002.pt,p1_win,0.0,37
2273,runs\models_9x9_scratch\checkpoints\cycle_0002.pt,runs\models_9x9_scratch\checkpoints\cycle_0031.pt,runs\models_9x9_scratch\checkpoints\cycle_0031.pt,runs\models_9x9_scratch\checkpoints\cycle_0002.pt,p1_win,0.0,37
2274,runs\models_9x9_scratch\checkpoints\cycle_0002.pt,runs\models_9x9_scratch\checkpoints\cycle_0031.pt,runs\models_9x9_scratch\checkpoints\cycle_0002.pt,runs\models_9x9_scratch\checkpoints\cycle_0031.pt,p2_win,0.0,38
2275,runs\models_9x9_scratch\checkpoints\cycle_0002.pt,runs\models_9x9_scratch\checkpoints\cycle_0031.pt,runs\models_9x9_scratch\checkpoints\cycle_0002.pt,runs\models_9x9_scratch\checkpoints\cycle_0031.pt,p2_win,0.0,38
2276,runs\models_9x9_scratch\checkpoints\cycle_0002.pt,runs\models_9x9_scratch\checkpoints\cycle_0031.pt,runs\models_9x9_scratch\checkpoints\cycle_0031.pt,runs\models_9x9_scratch\checkpoints\cycle_0002.pt,p1_win,0.0,39
2277,runs\models_9x9_scratch\checkpoints\cycle_0002.pt,runs\models_9x9_scratch\checkpoints\cycle_0031.pt,runs\models_9x9_scratch\checkpoints\cycle_0002.pt,runs\models_9x9_scratch\checkpoints\cycle_0031.pt,p2_win,0.0,38
2278,runs\models_9x9_scratch\checkpoints\cycle_0002.pt,runs\models_9x9_scratch\checkpoints\cycle_0031.pt,runs\models_9x9_scratch\checkpoints\cycle_0002.pt,runs\models_9x9_scratch\checkpoints\cycle_0031.pt,p2_win,0.0,38
2279,runs\models_9x9_scratch\checkpoints\cycle_0002.pt,runs\models_9x9_scratch\checkpoints\cycle_0031.pt,runs\models_9x9_scratch\checkpoints\cycle_0031.pt,runs\models_9x9_scratch\checkpoints\cycle_0002.pt,p1_win,0.0,39
2280,runs\models_9x9_scratch\checkpoints\cycle_0002.pt,runs\models_9x9_scratch\checkpoints\cycle_0031.pt,runs\models_9x9_scratch\checkpoints\cycle_0031.pt,runs\models_9x9_scratch\checkpoints\cycle_0002.pt,p1_win,0.0,41
2281,runs\models_9x9_scratch\checkpoints\cycle_0002.pt,runs\models_9x9_scratch\checkpoints\cycle_0031.pt,runs\models_9x9_scratch\checkpoints\cycle_0002.pt,runs\models_9x9_scratch\checkpoints\cycle_0031.pt,p2_win,0.0,40
2282,runs\models_9x9_scratch\checkpoints\cycle_0002.pt,runs\models_9x9_scratch\checkpoints\cycle_0031.pt,runs\models_9x9_scratch\checkpoints\cycle_0031.pt,runs\models_9x9_scratch\checkpoints\cycle_0002.pt,p1_win,0.0,39
2283,runs\models_9x9_scratch\checkpoints\cycle_0002.pt,runs\models_9x9_scratch\checkpoints\cycle_0031.pt,runs\models_9x9_scratch\checkpoints\cycle_0002.pt,runs\models_9x9_scratch\checkpoints\cycle_0031.pt,p2_win,0.0,40
2284,runs\models_9x9_scratch\checkpoints\cycle_0002.pt,runs\models_9x9_scratch\checkpoints\cycle_0031.pt,runs\models_9x9_scratch\checkpoints\cycle_0002.pt,runs\models_9x9_scratch\checkpoints\cycle_0031.pt,p2_win,0.0,40
2285,runs\models_9x9_scratch\checkpoints\cycle_0002.pt,runs\models_9x9_scratch\checkpoints\cycle_0031.pt,runs\models_9x9_scratch\checkpoints\cycle_0002.pt,runs\models_9x9_scratch\checkpoints\cycle_0031.pt,p2_win,0.0,40
2286,runs\models_9x9_scratch\checkpoints\cycle_0002.pt,runs\models_9x9_scratch\checkpoints\cycle_0031.pt,runs\models_9x9_scratch\checkpoints\cycle_0002.pt,runs\models_9x9_scratch\checkpoints\cycle_0031.pt,p2_win,0.0,38
2287,runs\models_9x9_scratch\checkpoints\cycle_0002.pt,runs\models_9x9_scratch\checkpoints\cycle_0031.pt,runs\models_9x9_scratch\checkpoints\cycle_0031.pt,runs\models_9x9_scratch\checkpoints\cycle_0002.pt,p1_win,0.0,39
2288,runs\models_9x9_scratch\checkpoints\cycle_0002.pt,runs\models_9x9_scratch\checkpoints\cycle_0031.pt,runs\models_9x9_scratch\checkpoints\cycle_0031.pt,runs\models_9x9_scratch\checkpoints\cycle_0002.pt,p1_win,0.0,39
2289,runs\models_9x9_scratch\checkpoints\cycle_0002.pt,runs\models_9x9_scratch\checkpoints\cycle_0031.pt,runs\models_9x9_scratch\checkpoints\cycle_0002.pt,runs\models_9x9_scratch\checkpoints\cycle_0031.pt,p2_win,0.0,40
2290,runs\models_9x9_scratch\checkpoints\cycle_0002.pt,runs\models_9x9_scratch\checkpoints\cycle_0031.pt,runs\models_9x9_scratch\checkpoints\cycle_0002.pt,runs\models_9x9_scratch\checkpoints\cycle_0031.pt,p2_win,0.0,40
2291,runs\models_9x9_scratch\checkpoints\cycle_0002.pt,runs\models_9x9_scratch\checkpoints\cycle_0031.pt,runs\models_9x9_scratch\checkpoints\cycle_0002.pt,runs\models_9x9_scratch\checkpoints\cycle_0031.pt,p2_win,0.0,40
2292,runs\models_9x9_scratch\checkpoints\cycle_0002.pt,runs\models_9x9_scratch\checkpoints\cycle_0031.pt,runs\models_9x9_scratch\checkpoints\cycle_0002.pt,runs\models_9x9_scratch\checkpoints\cycle_0031.pt,p2_win,0.0,40
2293,runs\models_9x9_scratch\checkpoints\cycle_0002.pt,runs\models_9x9_scratch\checkpoints\cycle_0031.pt,runs\models_9x9_scratch\checkpoints\cycle_0002.pt,runs\models_9x9_scratch\checkpoints\cycle_0031.pt,p2_win,0.0,40
2294,runs\models_9x9_scratch\checkpoints\cycle_0002.pt,runs\models_9x9_scratch\checkpoints\cycle_0031.pt,runs\models_9x9_scratch\checkpoints\cycle_0031.pt,runs\models_9x9_scratch\checkpoints\cycle_0002.pt,p1_win,0.0,39
2295,runs\models_9x9_scratch\checkpoints\cycle_0002.pt,runs\models_9x9_scratch\checkpoints\cycle_0031.pt,runs\models_9x9_scratch\checkpoints\cycle_0031.pt,runs\models_9x9_scratch\checkpoints\cycle_0002.pt,p1_win,0.0,39
2296,runs\models_9x9_scratch\checkpoints\cycle_0002.pt,runs\models_9x9_scratch\checkpoints\cycle_0031.pt,runs\models_9x9_scratch\checkpoints\cycle_0031.pt,runs\models_9x9_scratch\checkpoints\cycle_0002.pt,p1_win,0.0,39
2297,runs\models_9x9_scratch\checkpoints\cycle_0002.pt,runs\models_9x9_scratch\checkpoints\cycle_0031.pt,runs\models_9x9_scratch\checkpoints\cycle_0002.pt,runs\models_9x9_scratch\checkpoints\cycle_0031.pt,p2_win,0.0,40
2298,runs\models_9x9_scratch\checkpoints\cycle_0002.pt,runs\models_9x9_scratch\checkpoints\cycle_0031.pt,runs\models_9x9_scratch\checkpoints\cycle_0002.pt,runs\models_9x9_scratch\checkpoints\cycle_0031.pt,p2_win,0.0,40
2299,runs\models_9x9_scratch\checkpoints\cycle_0002.pt,runs\models_9x9_scratch\checkpoints\cycle_0031.pt,runs\models_9x9_scratch\checkpoints\cycle_0002.pt,runs\models_9x9_scratch\checkpoints\cycle_0031.pt,p2_win,0.0,40
2300,runs\models_9x9_scratch\checkpoints\cycle_0002.pt,runs\models_9x9_scratch\checkpoints\cycle_0031.pt,runs\models_9x9_scratch\checkpoints\cycle_0002.pt,runs\models_9x9_scratch\checkpoints\cycle_0031.pt,p2_win,0.0,40
2301,runs\models_9x9_scratch\checkpoints\cycle_0002.pt,runs\models_9x9_scratch\checkpoints\cycle_0031.pt,runs\models_9x9_scratch\checkpoints\cycle_0031.pt,runs\models_9x9_scratch\checkpoints\cycle_0002.pt,p1_win,0.0,41
2302,runs\models_9x9_scratch\checkpoints\cycle_0002.pt,runs\models_9x9_scratch\checkpoints\cycle_0031.pt,runs\models_9x9_scratch\checkpoints\cycle_0031.pt,runs\models_9x9_scratch\checkpoints\cycle_0002.pt,p1_win,0.0,39
2303,runs\models_9x9_scratch\checkpoints\cycle_0002.pt,runs\models_9x9_scratch\checkpoints\cycle_0031.pt,runs\models_9x9_scratch\checkpoints\cycle_0031.pt,runs\models_9x9_scratch\checkpoints\cycle_0002.pt,p1_win,0.0,41
2304,runs\models_9x9_scratch\checkpoints\cycle_0002.pt,runs\models_9x9_scratch\checkpoints\cycle_0031.pt,runs\models_9x9_scratch\checkpoints\cycle_0002.pt,runs\models_9x9_scratch\checkpoints\cycle_0031.pt,p2_win,0.0,40
2305,runs\models_9x9_scratch\checkpoints\cycle_0002.pt,runs\models_9x9_scratch\checkpoints\cycle_0031.pt,runs\models_9x9_scratch\checkpoints\cycle_0002.pt,runs\models_9x9_scratch\checkpoints\cycle_0031.pt,p2_win,0.0,40
2306,runs\models_9x9_scratch\checkpoints\cycle_0002.pt,runs\models_9x9_scratch\checkpoints\cycle_0031.pt,runs\models_9x9_scratch\checkpoints\cycle_0002.pt,runs\models_9x9_scratch\checkpoints\cycle_0031.pt,p2_win,0.0,40
2307,runs\models_9x9_scratch\checkpoints\cycle_0002.pt,runs\models_9x9_scratch\checkpoints\cycle_0031.pt,runs\models_9x9_scratch\checkpoints\cycle_0002.pt,runs\models_9x9_scratch\checkpoints\cycle_0031.pt,p2_win,0.0,40
2308,runs\models_9x9_scratch\checkpoints\cycle_0002.pt,runs\models_9x9_scratch\checkpoints\cycle_0031.pt,runs\models_9x9_scratch\checkpoints\cycle_0031.pt,runs\models_9x9_scratch\checkpoints\cycle_0002.pt,p1_win,0.0,43
2309,runs\models_9x9_scratch\checkpoints\cycle_0002.pt,runs\models_9x9_scratch\checkpoints\cycle_0031.pt,runs\models_9x9_scratch\checkpoints\cycle_0031.pt,runs\models_9x9_scratch\checkpoints\cycle_0002.pt,p1_win,0.0,41
2310,runs\models_9x9_scratch\checkpoints\cycle_0002.pt,runs\models_9x9_scratch\checkpoints\cycle_0031.pt,runs\models_9x9_scratch\checkpoints\cycle_0002.pt,runs\models_9x9_scratch\checkpoints\cycle_0031.pt,p2_win,0.0,42
2311,runs\models_9x9_scratch\checkpoints\cycle_0002.pt,runs\models_9x9_scratch\checkpoints\cycle_0031.pt,runs\models_9x9_scratch\checkpoints\cycle_0031.pt,runs\models_9x9_scratch\checkpoints\cycle_0002.pt,p1_win,0.0,41
2312,runs\models_9x9_scratch\checkpoints\cycle_0002.pt,runs\models_9x9_scratch\checkpoints\cycle_0031.pt,runs\models_9x9_scratch\checkpoints\cycle_0031.pt,runs\models_9x9_scratch\checkpoints\cycle_0002.pt,p1_win,0.0,41
2313,runs\models_9x9_scratch\checkpoints\cycle_0002.pt,runs\models_9x9_scratch\checkpoints\cycle_0031.pt,runs\models_9x9_scratch\checkpoints\cycle_0002.pt,runs\models_9x9_scratch\checkpoints\cycle_0031.pt,p2_win,0.0,42
2314,runs\models_9x9_scratch\checkpoints\cycle_0002.pt,runs\models_9x9_scratch\checkpoints\cycle_0031.pt,runs\models_9x9_scratch\checkpoints\cycle_0002.pt,runs\models_9x9_scratch\checkpoints\cycle_0031.pt,p2_win,0.0,42
2315,runs\models_9x9_scratch\checkpoints\cycle_0002.pt,runs\models_9x9_scratch\checkpoints\cycle_0031.pt,runs\models_9x9_scratch\checkpoints\cycle_0002.pt,runs\models_9x9_scratch\checkpoints\cycle_0031.pt,p2_win,0.0,42
2316,runs\models_9x9_scratch\checkpoints\cycle_0002.pt,runs\models_9x9_scratch\checkpoints\cycle_0031.pt,runs\models_9x9_scratch\checkpoints\cycle_0002.pt,runs\models_9x9_scratch\checkpoints\cycle_0031.pt,p2_win,0.0,42
2317,runs\models_9x9_scratch\checkpoints\cycle_0002.pt,runs\models_9x9_scratch\checkpoints\cycle_0031.pt,runs\models_9x9_scratch\checkpoints\cycle_0031.pt,runs\models_9x9_scratch\checkpoints\cycle_0002.pt,p1_win,0.0,41
2318,runs\models_9x9_scratch\checkpoints\cycle_0002.pt,runs\models_9x9_scratch\checkpoints\cycle_0031.pt,runs\models_9x9_scratch\checkpoints\cycle_0002.pt,runs\models_9x9_scratch\checkpoints\cycle_0031.pt,p2_win,0.0,42
2319,runs\models_9x9_scratch\checkpoints\cycle_0002.pt,runs\models_9x9_scratch\checkpoints\cycle_0031.pt,runs\models_9x9_scratch\checkpoints\cycle_0002.pt,runs\models_9x9_scratch\checkpoints\cycle_0031.pt,p2_win,0.0,42
2320,runs\models_9x9_scratch\checkpoints\cycle_0002.pt,runs\models_9x9_scratch\checkpoints\cycle_0031.pt,runs\models_9x9_scratch\checkpoints\cycle_0002.pt,runs\models_9x9_scratch\checkpoints\cycle_0031.pt,p2_win,0.0,42
2321,runs\models_9x9_scratch\checkpoints\cycle_0002.pt,runs\models_9x9_scratch\checkpoints\cycle_0031.pt,runs\models_9x9_scratch\checkpoints\cycle_0002.pt,runs\models_9x9_scratch\checkpoints\cycle_0031.pt,p2_win,0.0,42
2322,runs\models_9x9_scratch\checkpoints\cycle_0002.pt,runs\models_9x9_scratch\checkpoints\cycle_0031.pt,runs\models_9x9_scratch\checkpoints\cycle_0031.pt,runs\models_9x9_scratch\checkpoints\cycle_0002.pt,p1_win,0.0,41
2323,runs\models_9x9_scratch\checkpoints\cycle_0002.pt,runs\models_9x9_scratch\checkpoints\cycle_0031.pt,runs\models_9x9_scratch\checkpoints\cycle_0002.pt,runs\models_9x9_scratch\checkpoints\cycle_0031.pt,p2_win,0.0,42
2324,runs\models_9x9_scratch\checkpoints\cycle_0002.pt,runs\models_9x9_scratch\checkpoints\cycle_0031.pt,runs\models_9x9_scratch\checkpoints\cycle_0002.pt,runs\models_9x9_scratch\checkpoints\cycle_0031.pt,p2_win,0.0,42
2325,runs\models_9x9_scratch\checkpoints\cycle_0002.pt,runs\models_9x9_scratch\checkpoints\cycle_0031.pt,runs\models_9x9_scratch\checkpoints\cycle_0002.pt,runs\models_9x9_scratch\checkpoints\cycle_0031.pt,p2_win,0.0,42
2326,runs\models_9x9_scratch\checkpoints\cycle_0002.pt,runs\models_9x9_scratch\checkpoints\cycle_0031.pt,runs\models_9x9_scratch\checkpoints\cycle_0002.pt,runs\models_9x9_scratch\checkpoints\cycle_0031.pt,p2_win,0.0,42
2327,runs\models_9x9_scratch\checkpoints\cycle_0002.pt,runs\models_9x9_scratch\checkpoints\cycle_0031.pt,runs\models_9x9_scratch\checkpoints\cycle_0031.pt,runs\models_9x9_scratch\checkpoints\cycle_0002.pt,p1_win,0.0,43
2328,runs\models_9x9_scratch\checkpoints\cycle_0002.pt,runs\models_9x9_scratch\checkpoints\cycle_0031.pt,runs\models_9x9_scratch\checkpoints\cycle_0031.pt,runs\models_9x9_scratch\checkpoints\cycle_0002.pt,p1_win,0.0,43
2329,runs\models_9x9_scratch\checkpoints\cycle_0002.pt,runs\models_9x9_scratch\checkpoints\cycle_0031.pt,runs\models_9x9_scratch\checkpoints\cycle_0002.pt,runs\models_9x9_scratch\checkpoints\cycle_0031.pt,p2_win,0.0,42
2330,runs\models_9x9_scratch\checkpoints\cycle_0002.pt,runs\models_9x9_scratch\checkpoints\cycle_0031.pt,runs\models_9x9_scratch\checkpoints\cycle_0031.pt,runs\models_9x9_scratch\checkpoints\cycle_0002.pt,p1_win,0.0,43
2331,runs\models_9x9_scratch\checkpoints\cycle_0002.pt,runs\models_9x9_scratch\checkpoints\cycle_0031.pt,runs\models_9x9_scratch\checkpoints\cycle_0002.pt,runs\models_9x9_scratch\checkpoints\cycle_0031.pt,p2_win,0.0,44
2332,runs\models_9x9_scratch\checkpoints\cycle_0002.pt,runs\models_9x9_scratch\checkpoints\cycle_0031.pt,runs\models_9x9_scratch\checkpoints\cycle_0031.pt,runs\models_9x9_scratch\checkpoints\cycle_0002.pt,p1_win,0.0,45
2333,runs\models_9x9_scratch\checkpoints\cycle_0002.pt,runs\models_9x9_scratch\checkpoints\cycle_0031.pt,runs\models_9x9_scratch\checkpoints\cycle_0031.pt,runs\models_9x9_scratch\checkpoints\cycle_0002.pt,p1_win,0.0,43
2334,runs\models_9x9_scratch\checkpoints\cycle_0002.pt,runs\models_9x9_scratch\checkpoints\cycle_0031.pt,runs\models_9x9_scratch\checkpoints\cycle_0031.pt,runs\models_9x9_scratch\checkpoints\cycle_0002.pt,p1_win,0.0,43
2335,runs\models_9x9_scratch\checkpoints\cycle_0002.pt,runs\models_9x9_scratch\checkpoints\cycle_0031.pt,runs\models_9x9_scratch\checkpoints\cycle_0031.pt,runs\models_9x9_scratch\checkpoints\cycle_0002.pt,p1_win,0.0,45
2336,runs\models_9x9_scratch\checkpoints\cycle_0002.pt,runs\models_9x9_scratch\checkpoints\cycle_0031.pt,runs\models_9x9_scratch\checkpoints\cycle_0002.pt,runs\models_9x9_scratch\checkpoints\cycle_0031.pt,p2_win,0.0,44
2337,runs\models_9x9_scratch\checkpoints\cycle_0002.pt,runs\models_9x9_scratch\checkpoints\cycle_0031.pt,runs\models_9x9_scratch\checkpoints\cycle_0031.pt,runs\models_9x9_scratch\checkpoints\cycle_0002.pt,p1_win,0.0,43
2338,runs\models_9x9_scratch\checkpoints\cycle_0002.pt,runs\models_9x9_scratch\checkpoints\cycle_0031.pt,runs\models_9x9_scratch\checkpoints\cycle_0031.pt,runs\models_9x9_scratch\checkpoints\cycle_0002.pt,p1_win,0.0,43
2339,runs\models_9x9_scratch\checkpoints\cycle_0002.pt,runs\models_9x9_scratch\checkpoints\cycle_0031.pt,runs\models_9x9_scratch\checkpoints\cycle_0002.pt,runs\models_9x9_scratch\checkpoints\cycle_0031.pt,p2_win,0.0,44
2340,runs\models_9x9_scratch\checkpoints\cycle_0002.pt,runs\models_9x9_scratch\checkpoints\cycle_0031.pt,runs\models_9x9_scratch\checkpoints\cycle_0002.pt,runs\models_9x9_scratch\checkpoints\cycle_0031.pt,p2_win,0.0,44
2341,runs\models_9x9_scratch\checkpoints\cycle_0002.pt,runs\models_9x9_scratch\checkpoints\cycle_0031.pt,runs\models_9x9_scratch\checkpoints\cycle_0002.pt,runs\models_9x9_scratch\checkpoints\cycle_0031.pt,p2_win,0.0,44
2342,runs\models_9x9_scratch\checkpoints\cycle_0002.pt,runs\models_9x9_scratch\checkpoints\cycle_0031.pt,runs\models_9x9_scratch\checkpoints\cycle_0002.pt,runs\models_9x9_scratch\checkpoints\cycle_0031.pt,p2_win,0.0,44
2343,runs\models_9x9_scratch\checkpoints\cycle_0002.pt,runs\models_9x9_scratch\checkpoints\cycle_0031.pt,runs\models_9x9_scratch\checkpoints\cycle_0002.pt,runs\models_9x9_scratch\checkpoints\cycle_0031.pt,p2_win,0.0,44
2344,runs\models_9x9_scratch\checkpoints\cycle_0002.pt,runs\models_9x9_scratch\checkpoints\cycle_0031.pt,runs\models_9x9_scratch\checkpoints\cycle_0031.pt,runs\models_9x9_scratch\checkpoints\cycle_0002.pt,p1_win,0.0,45
2345,runs\models_9x9_scratch\checkpoints\cycle_0002.pt,runs\models_9x9_scratch\checkpoints\cycle_0031.pt,runs\models_9x9_scratch\checkpoints\cycle_0002.pt,runs\models_9x9_scratch\checkpoints\cycle_0031.pt,p2_win,0.0,44
2346,runs\models_9x9_scratch\checkpoints\cycle_0002.pt,runs\models_9x9_scratch\checkpoints\cycle_0031.pt,runs\models_9x9_scratch\checkpoints\cycle_0031.pt,runs\models_9x9_scratch\checkpoints\cycle_0002.pt,p1_win,0.0,45
2347,runs\models_9x9_scratch\checkpoints\cycle_0002.pt,runs\models_9x9_scratch\checkpoints\cycle_0031.pt,runs\models_9x9_scratch\checkpoints\cycle_0031.pt,runs\models_9x9_scratch\checkpoints\cycle_0002.pt,p1_win,0.0,45
2348,runs\models_9x9_scratch\checkpoints\cycle_0002.pt,runs\models_9x9_scratch\checkpoints\cycle_0031.pt,runs\models_9x9_scratch\checkpoints\cycle_0031.pt,runs\models_9x9_scratch\checkpoints\cycle_0002.pt,p1_win,0.0,47
2349,runs\models_9x9_scratch\checkpoints\cycle_0002.pt,runs\models_9x9_scratch\checkpoints\cycle_0031.pt,runs\models_9x9_scratch\checkpoints\cycle_0031.pt,runs\models_9x9_scratch\checkpoints\cycle_0002.pt,p1_win,0.0,47
2350,runs\models_9x9_scratch\checkpoints\cycle_0002.pt,runs\models_9x9_scratch\checkpoints\cycle_0031.pt,runs\models_9x9_scratch\checkpoints\cycle_0031.pt,runs\models_9x9_scratch\checkpoints\cycle_0002.pt,p1_win,0.0,45
2351,runs\models_9x9_scratch\checkpoints\cycle_0002.pt,runs\models_9x9_scratch\checkpoints\cycle_0031.pt,runs\models_9x9_scratch\checkpoints\cycle_0002.pt,runs\models_9x9_scratch\checkpoints\cycle_0031.pt,p2_win,0.0,46
2352,runs\models_9x9_scratch\checkpoints\cycle_0002.pt,runs\models_9x9_scratch\checkpoints\cycle_0031.pt,runs\models_9x9_scratch\checkpoints\cycle_0031.pt,runs\models_9x9_scratch\checkpoints\cycle_0002.pt,p1_win,0.0,47
2353,runs\models_9x9_scratch\checkpoints\cycle_0002.pt,runs\models_9x9_scratch\checkpoints\cycle_0031.pt,runs\models_9x9_scratch\checkpoints\cycle_0031.pt,runs\models_9x9_scratch\checkpoints\cycle_0002.pt,p1_win,0.0,45
2354,runs\models_9x9_scratch\checkpoints\cycle_0002.pt,runs\models_9x9_scratch\checkpoints\cycle_0031.pt,runs\models_9x9_scratch\checkpoints\cycle_0031.pt,runs\models_9x9_scratch\checkpoints\cycle_0002.pt,p1_win,0.0,45
2355,runs\models_9x9_scratch\checkpoints\cycle_0002.pt,runs\models_9x9_scratch\checkpoints\cycle_0031.pt,runs\models_9x9_scratch\checkpoints\cycle_0002.pt,runs\models_9x9_scratch\checkpoints\cycle_0031.pt,p2_win,0.0,46
2356,runs\models_9x9_scratch\checkpoints\cycle_0002.pt,runs\models_9x9_scratch\checkpoints\cycle_0031.pt,runs\models_9x9_scratch\checkpoints\cycle_0002.pt,runs\models_9x9_scratch\checkpoints\cycle_0031.pt,p2_win,0.0,46
2357,runs\models_9x9_scratch\checkpoints\cycle_0002.pt,runs\models_9x9_scratch\checkpoints\cycle_0031.pt,runs\models_9x9_scratch\checkpoints\cycle_0031.pt,runs\models_9x9_scratch\checkpoints\cycle_0002.pt,p1_win,0.0,47
2358,runs\models_9x9_scratch\checkpoints\cycle_0002.pt,runs\models_9x9_scratch\checkpoints\cycle_0031.pt,runs\models_9x9_scratch\checkpoints\cycle_0002.pt,runs\models_9x9_scratch\checkpoints\cycle_0031.pt,p2_win,0.0,48
2359,runs\models_9x9_scratch\checkpoints\cycle_0002.pt,runs\models_9x9_scratch\checkpoints\cycle_0031.pt,runs\models_9x9_scratch\checkpoints\cycle_0002.pt,runs\models_9x9_scratch\checkpoints\cycle_0031.pt,p2_win,0.0,48
2360,runs\models_9x9_scratch\checkpoints\cycle_0002.pt,runs\models_9x9_scratch\checkpoints\cycle_0031.pt,runs\models_9x9_scratch\checkpoints\cycle_0002.pt,runs\models_9x9_scratch\checkpoints\cycle_0031.pt,p2_win,0.0,46
2361,runs\models_9x9_scratch\checkpoints\cycle_0002.pt,runs\models_9x9_scratch\checkpoints\cycle_0031.pt,runs\models_9x9_scratch\checkpoints\cycle_0002.pt,runs\models_9x9_scratch\checkpoints\cycle_0031.pt,p2_win,0.0,46
2362,runs\models_9x9_scratch\checkpoints\cycle_0002.pt,runs\models_9x9_scratch\checkpoints\cycle_0031.pt,runs\models_9x9_scratch\checkpoints\cycle_0031.pt,runs\models_9x9_scratch\checkpoints\cycle_0002.pt,p1_win,0.0,47
2363,runs\models_9x9_scratch\checkpoints\cycle_0002.pt,runs\models_9x9_scratch\checkpoints\cycle_0031.pt,runs\models_9x9_scratch\checkpoints\cycle_0002.pt,runs\models_9x9_scratch\checkpoints\cycle_0031.pt,p2_win,0.0,48
2364,runs\models_9x9_scratch\checkpoints\cycle_0002.pt,runs\models_9x9_scratch\checkpoints\cycle_0031.pt,runs\models_9x9_scratch\checkpoints\cycle_0002.pt,runs\models_9x9_scratch\checkpoints\cycle_0031.pt,p2_win,0.0,46
2365,runs\models_9x9_scratch\checkpoints\cycle_0002.pt,runs\models_9x9_scratch\checkpoints\cycle_0031.pt,runs\models_9x9_scratch\checkpoints\cycle_0031.pt,runs\models_9x9_scratch\checkpoints\cycle_0002.pt,p1_win,0.0,47
2366,runs\models_9x9_scratch\checkpoints\cycle_0002.pt,runs\models_9x9_scratch\checkpoints\cycle_0031.pt,runs\models_9x9_scratch\checkpoints\cycle_0002.pt,runs\models_9x9_scratch\checkpoints\cycle_0031.pt,p2_win,0.0,48
2367,runs\models_9x9_scratch\checkpoints\cycle_0002.pt,runs\models_9x9_scratch\checkpoints\cycle_0031.pt,runs\models_9x9_scratch\checkpoints\cycle_0002.pt,runs\models_9x9_scratch\checkpoints\cycle_0031.pt,p2_win,0.0,48
2368,runs\models_9x9_scratch\checkpoints\cycle_0002.pt,runs\models_9x9_scratch\checkpoints\cycle_0031.pt,runs\models_9x9_scratch\checkpoints\cycle_0031.pt,runs\models_9x9_scratch\checkpoints\cycle_0002.pt,p1_win,0.0,47
2369,runs\models_9x9_scratch\checkpoints\cycle_0002.pt,runs\models_9x9_scratch\checkpoints\cycle_0031.pt,runs\models_9x9_scratch\checkpoints\cycle_0002.pt,runs\models_9x9_scratch\checkpoints\cycle_0031.pt,p2_win,0.0,48
2370,runs\models_9x9_scratch\checkpoints\cycle_0002.pt,runs\models_9x9_scratch\checkpoints\cycle_0031.pt,runs\models_9x9_scratch\checkpoints\cycle_0002.pt,runs\models_9x9_scratch\checkpoints\cycle_0031.pt,p2_win,0.0,48
2371,runs\models_9x9_scratch\checkpoints\cycle_0002.pt,runs\models_9x9_scratch\checkpoints\cycle_0031.pt,runs\models_9x9_scratch\checkpoints\cycle_0002.pt,runs\models_9x9_scratch\checkpoints\cycle_0031.pt,p2_win,0.0,48
2372,runs\models_9x9_scratch\checkpoints\cycle_0002.pt,runs\models_9x9_scratch\checkpoints\cycle_0031.pt,runs\models_9x9_scratch\checkpoints\cycle_0031.pt,runs\models_9x9_scratch\checkpoints\cycle_0002.pt,p1_win,0.0,47
2373,runs\models_9x9_scratch\checkpoints\cycle_0002.pt,runs\models_9x9_scratch\checkpoints\cycle_0031.pt,runs\models_9x9_scratch\checkpoints\cycle_0002.pt,runs\models_9x9_scratch\checkpoints\cycle_0031.pt,p2_win,0.0,50
2374,runs\models_9x9_scratch\checkpoints\cycle_0002.pt,runs\models_9x9_scratch\checkpoints\cycle_0031.pt,runs\models_9x9_scratch\checkpoints\cycle_0002.pt,runs\models_9x9_scratch\checkpoints\cycle_0031.pt,p2_win,0.0,48
2375,runs\models_9x9_scratch\checkpoints\cycle_0002.pt,runs\models_9x9_scratch\checkpoints\cycle_0031.pt,runs\models_9x9_scratch\checkpoints\cycle_0031.pt,runs\models_9x9_scratch\checkpoints\cycle_0002.pt,p1_win,0.0,47
2376,runs\models_9x9_scratch\checkpoints\cycle_0002.pt,runs\models_9x9_scratch\checkpoints\cycle_0031.pt,runs\models_9x9_scratch\checkpoints\cycle_0002.pt,runs\models_9x9_scratch\checkpoints\cycle_0031.pt,p2_win,0.0,50
2377,runs\models_9x9_scratch\checkpoints\cycle_0002.pt,runs\models_9x9_scratch\checkpoints\cycle_0031.pt,runs\models_9x9_scratch\checkpoints\cycle_0031.pt,runs\models_9x9_scratch\checkpoints\cycle_0002.pt,p1_win,0.0,49
2378,runs\models_9x9_scratch\checkpoints\cycle_0002.pt,runs\models_9x9_scratch\checkpoints\cycle_0031.pt,runs\models_9x9_scratch\checkpoints\cycle_0002.pt,runs\models_9x9_scratch\checkpoints\cycle_0031.pt,p2_win,0.0,50
2379,runs\models_9x9_scratch\checkpoints\cycle_0002.pt,runs\models_9x9_scratch\checkpoints\cycle_0031.pt,runs\models_9x9_scratch\checkpoints\cycle_0031.pt,runs\models_9x9_scratch\checkpoints\cycle_0002.pt,p1_win,0.0,49
2380,runs\models_9x9_scratch\checkpoints\cycle_0002.pt,runs\models_9x9_scratch\checkpoints\cycle_0031.pt,runs\models_9x9_scratch\checkpoints\cycle_0002.pt,runs\models_9x9_scratch\checkpoints\cycle_0031.pt,p2_win,0.0,48
2381,runs\models_9x9_scratch\checkpoints\cycle_0002.pt,runs\models_9x9_scratch\checkpoints\cycle_0031.pt,runs\models_9x9_scratch\checkpoints\cycle_0031.pt,runs\models_9x9_scratch\checkpoints\cycle_0002.pt,p1_win,0.0,49
2382,runs\models_9x9_scratch\checkpoints\cycle_0002.pt,runs\models_9x9_scratch\checkpoints\cycle_0031.pt,runs\models_9x9_scratch\checkpoints\cycle_0002.pt,runs\models_9x9_scratch\checkpoints\cycle_0031.pt,p2_win,0.0,52
2383,runs\models_9x9_scratch\checkpoints\cycle_0002.pt,runs\models_9x9_scratch\checkpoints\cycle_0031.pt,runs\models_9x9_scratch\checkpoints\cycle_0031.pt,runs\models_9x9_scratch\checkpoints\cycle_0002.pt,p1_win,0.0,49
2384,runs\models_9x9_scratch\checkpoints\cycle_0002.pt,runs\models_9x9_scratch\checkpoints\cycle_0031.pt,runs\models_9x9_scratch\checkpoints\cycle_0002.pt,runs\models_9x9_scratch\checkpoints\cycle_0031.pt,p2_win,0.0,50
2385,runs\models_9x9_scratch\checkpoints\cycle_0002.pt,runs\models_9x9_scratch\checkpoints\cycle_0031.pt,runs\models_9x9_scratch\checkpoints\cycle_0031.pt,runs\models_9x9_scratch\checkpoints\cycle_0002.pt,p1_win,0.0,49
2386,runs\models_9x9_scratch\checkpoints\cycle_0002.pt,runs\models_9x9_scratch\checkpoints\cycle_0031.pt,runs\models_9x9_scratch\checkpoints\cycle_0031.pt,runs\models_9x9_scratch\checkpoints\cycle_0002.pt,p1_win,0.0,49
2387,runs\models_9x9_scratch\checkpoints\cycle_0002.pt,runs\models_9x9_scratch\checkpoints\cycle_0031.pt,runs\models_9x9_scratch\checkpoints\cycle_0002.pt,runs\models_9x9_scratch\checkpoints\cycle_0031.pt,p2_win,0.0,50
2388,runs\models_9x9_scratch\checkpoints\cycle_0002.pt,runs\models_9x9_scratch\checkpoints\cycle_0031.pt,runs\models_9x9_scratch\checkpoints\cycle_0002.pt,runs\models_9x9_scratch\checkpoints\cycle_0031.pt,p2_win,0.0,50
2389,runs\models_9x9_scratch\checkpoints\cycle_0002.pt,runs\models_9x9_scratch\checkpoints\cycle_0031.pt,runs\models_9x9_scratch\checkpoints\cycle_0031.pt,runs\models_9x9_scratch\checkpoints\cycle_0002.pt,p1_win,0.0,49
2390,runs\models_9x9_scratch\checkpoints\cycle_0002.pt,runs\models_9x9_scratch\checkpoints\cycle_0031.pt,runs\models_9x9_scratch\checkpoints\cycle_0031.pt,runs\models_9x9_scratch\checkpoints\cycle_0002.pt,p1_win,0.0,51
2391,runs\models_9x9_scratch\checkpoints\cycle_0002.pt,runs\models_9x9_scratch\checkpoints\cycle_0031.pt,runs\models_9x9_scratch\checkpoints\cycle_0002.pt,runs\models_9x9_scratch\checkpoints\cycle_0031.pt,p2_win,0.0,52
2392,runs\models_9x9_scratch\checkpoints\cycle_0002.pt,runs\models_9x9_scratch\checkpoints\cycle_0031.pt,runs\models_9x9_scratch\checkpoints\cycle_0031.pt,runs\models_9x9_scratch\checkpoints\cycle_0002.pt,p1_win,0.0,51
2393,runs\models_9x9_scratch\checkpoints\cycle_0002.pt,runs\models_9x9_scratch\checkpoints\cycle_0031.pt,runs\models_9x9_scratch\checkpoints\cycle_0002.pt,runs\models_9x9_scratch\checkpoints\cycle_0031.pt,p2_win,0.0,52
2394,runs\models_9x9_scratch\checkpoints\cycle_0002.pt,runs\models_9x9_scratch\checkpoints\cycle_0031.pt,runs\models_9x9_scratch\checkpoints\cycle_0031.pt,runs\models_9x9_scratch\checkpoints\cycle_0002.pt,p1_win,0.0,51
2395,runs\models_9x9_scratch\checkpoints\cycle_0002.pt,runs\models_9x9_scratch\checkpoints\cycle_0031.pt,runs\models_9x9_scratch\checkpoints\cycle_0002.pt,runs\models_9x9_scratch\checkpoints\cycle_0031.pt,p2_win,0.0,52
2396,runs\models_9x9_scratch\checkpoints\cycle_0002.pt,runs\models_9x9_scratch\checkpoints\cycle_0031.pt,runs\models_9x9_scratch\checkpoints\cycle_0031.pt,runs\models_9x9_scratch\checkpoints\cycle_0002.pt,p1_win,0.0,51
2397,runs\models_9x9_scratch\checkpoints\cycle_0002.pt,runs\models_9x9_scratch\checkpoints\cycle_0031.pt,runs\models_9x9_scratch\checkpoints\cycle_0002.pt,runs\models_9x9_scratch\checkpoints\cycle_0031.pt,p2_win,0.0,52
2398,runs\models_9x9_scratch\checkpoints\cycle_0002.pt,runs\models_9x9_scratch\checkpoints\cycle_0031.pt,runs\models_9x9_scratch\checkpoints\cycle_0002.pt,runs\models_9x9_scratch\checkpoints\cycle_0031.pt,p2_win,0.0,52
2399,runs\models_9x9_scratch\checkpoints\cycle_0002.pt,runs\models_9x9_scratch\checkpoints\cycle_0031.pt,runs\models_9x9_scratch\checkpoints\cycle_0002.pt,runs\models_9x9_scratch\checkpoints\cycle_0031.pt,p2_win,0.0,52
2400,runs\models_9x9_scratch\checkpoints\cycle_0002.pt,runs\models_9x9_scratch\checkpoints\cycle_0031.pt,runs\models_9x9_scratch\checkpoints\cycle_0002.pt,runs\models_9x9_scratch\checkpoints\cycle_0031.pt,p2_win,0.0,52
2401,runs\models_9x9_scratch\checkpoints\cycle_0002.pt,runs\models_9x9_scratch\checkpoints\cycle_0031.pt,runs\models_9x9_scratch\checkpoints\cycle_0002.pt,runs\models_9x9_scratch\checkpoints\cycle_0031.pt,p2_win,0.0,52
2402,runs\models_9x9_scratch\checkpoints\cycle_0002.pt,runs\models_9x9_scratch\checkpoints\cycle_0031.pt,runs\models_9x9_scratch\checkpoints\cycle_0002.pt,runs\models_9x9_scratch\checkpoints\cycle_0031.pt,p2_win,0.0,52
2403,runs\models_9x9_scratch\checkpoints\cycle_0002.pt,runs\models_9x9_scratch\checkpoints\cycle_0031.pt,runs\models_9x9_scratch\checkpoints\cycle_0031.pt,runs\models_9x9_scratch\checkpoints\cycle_0002.pt,p1_win,0.0,53
2404,runs\models_9x9_scratch\checkpoints\cycle_0002.pt,runs\models_9x9_scratch\checkpoints\cycle_0031.pt,runs\models_9x9_scratch\checkpoints\cycle_0002.pt,runs\models_9x9_scratch\checkpoints\cycle_0031.pt,p2_win,0.0,54
2405,runs\models_9x9_scratch\checkpoints\cycle_0002.pt,runs\models_9x9_scratch\checkpoints\cycle_0031.pt,runs\models_9x9_scratch\checkpoints\cycle_0002.pt,runs\models_9x9_scratch\checkpoints\cycle_0031.pt,p2_win,0.0,54
2406,runs\models_9x9_scratch\checkpoints\cycle_0002.pt,runs\models_9x9_scratch\checkpoints\cycle_0031.pt,runs\models_9x9_scratch\checkpoints\cycle_0002.pt,runs\models_9x9_scratch\checkpoints\cycle_0031.pt,p2_win,0.0,54
2407,runs\models_9x9_scratch\checkpoints\cycle_0002.pt,runs\models_9x9_scratch\checkpoints\cycle_0031.pt,runs\models_9x9_scratch\checkpoints\cycle_0002.pt,runs\models_9x9_scratch\checkpoints\cycle_0031.pt,p2_win,0.0,54
2408,runs\models_9x9_scratch\checkpoints\cycle_0002.pt,runs\models_9x9_scratch\checkpoints\cycle_0031.pt,runs\models_9x9_scratch\checkpoints\cycle_0002.pt,runs\models_9x9_scratch\checkpoints\cycle_0031.pt,p2_win,0.0,54
2409,runs\models_9x9_scratch\checkpoints\cycle_0002.pt,runs\models_9x9_scratch\checkpoints\cycle_0031.pt,runs\models_9x9_scratch\checkpoints\cycle_0031.pt,runs\models_9x9_scratch\checkpoints\cycle_0002.pt,p1_win,0.0,53
2410,runs\models_9x9_scratch\checkpoints\cycle_0002.pt,runs\models_9x9_scratch\checkpoints\cycle_0031.pt,runs\models_9x9_scratch\checkpoints\cycle_0002.pt,runs\models_9x9_scratch\checkpoints\cycle_0031.pt,p2_win,0.0,54
2411,runs\models_9x9_scratch\checkpoints\cycle_0002.pt,runs\models_9x9_scratch\checkpoints\cycle_0031.pt,runs\models_9x9_scratch\checkpoints\cycle_0002.pt,runs\models_9x9_scratch\checkpoints\cycle_0031.pt,p2_win,0.0,54
2412,runs\models_9x9_scratch\checkpoints\cycle_0002.pt,runs\models_9x9_scratch\checkpoints\cycle_0031.pt,runs\models_9x9_scratch\checkpoints\cycle_0002.pt,runs\models_9x9_scratch\checkpoints\cycle_0031.pt,p2_win,0.0,54
2413,runs\models_9x9_scratch\checkpoints\cycle_0002.pt,runs\models_9x9_scratch\checkpoints\cycle_0031.pt,runs\models_9x9_scratch\checkpoints\cycle_0002.pt,runs\models_9x9_scratch\checkpoints\cycle_0031.pt,p2_win,0.0,56
2414,runs\models_9x9_scratch\checkpoints\cycle_0002.pt,runs\models_9x9_scratch\checkpoints\cycle_0031.pt,runs\models_9x9_scratch\checkpoints\cycle_0002.pt,runs\models_9x9_scratch\checkpoints\cycle_0031.pt,p2_win,0.0,54
2415,runs\models_9x9_scratch\checkpoints\cycle_0002.pt,runs\models_9x9_scratch\checkpoints\cycle_0031.pt,runs\models_9x9_scratch\checkpoints\cycle_0031.pt,runs\models_9x9_scratch\checkpoints\cycle_0002.pt,p1_win,0.0,57
2416,runs\models_9x9_scratch\checkpoints\cycle_0002.pt,runs\models_9x9_scratch\checkpoints\cycle_0031.pt,runs\models_9x9_scratch\checkpoints\cycle_0002.pt,runs\models_9x9_scratch\checkpoints\cycle_0031.pt,p2_win,0.0,56
2417,runs\models_9x9_scratch\checkpoints\cycle_0002.pt,runs\models_9x9_scratch\checkpoints\cycle_0031.pt,runs\models_9x9_scratch\checkpoints\cycle_0031.pt,runs\models_9x9_scratch\checkpoints\cycle_0002.pt,p1_win,0.0,55
2418,runs\models_9x9_scratch\checkpoints\cycle_0002.pt,runs\models_9x9_scratch\checkpoints\cycle_0031.pt,runs\models_9x9_scratch\checkpoints\cycle_0031.pt,runs\models_9x9_scratch\checkpoints\cycle_0002.pt,p1_win,0.0,57
2419,runs\models_9x9_scratch\checkpoints\cycle_0002.pt,runs\models_9x9_scratch\checkpoints\cycle_0031.pt,runs\models_9x9_scratch\checkpoints\cycle_0002.pt,runs\models_9x9_scratch\checkpoints\cycle_0031.pt,p2_win,0.0,56
2420,runs\models_9x9_scratch\checkpoints\cycle_0002.pt,runs\models_9x9_scratch\checkpoints\cycle_0031.pt,runs\models_9x9_scratch\checkpoints\cycle_0031.pt,runs\models_9x9_scratch\checkpoints\cycle_0002.pt,p1_win,0.0,55
2421,runs\models_9x9_scratch\checkpoints\cycle_0002.pt,runs\models_9x9_scratch\checkpoints\cycle_0031.pt,runs\models_9x9_scratch\checkpoints\cycle_0002.pt,runs\models_9x9_scratch\checkpoints\cycle_0031.pt,p2_win,0.0,56
2422,runs\models_9x9_scratch\checkpoints\cycle_0002.pt,runs\models_9x9_scratch\checkpoints\cycle_0031.pt,runs\models_9x9_scratch\checkpoints\cycle_0031.pt,runs\models_9x9_scratch\checkpoints\cycle_0002.pt,p1_win,0.0,57
2423,runs\models_9x9_scratch\checkpoints\cycle_0002.pt,runs\models_9x9_scratch\checkpoints\cycle_0031.pt,runs\models_9x9_scratch\checkpoints\cycle_0002.pt,runs\models_9x9_scratch\checkpoints\cycle_0031.pt,p2_win,0.0,56
2424,runs\models_9x9_scratch\checkpoints\cycle_0002.pt,runs\models_9x9_scratch\checkpoints\cycle_0031.pt,runs\models_9x9_scratch\checkpoints\cycle_0031.pt,runs\models_9x9_scratch\checkpoints\cycle_0002.pt,p1_win,0.0,57
2425,runs\models_9x9_scratch\checkpoints\cycle_0002.pt,runs\models_9x9_scratch\checkpoints\cycle_0031.pt,runs\models_9x9_scratch\checkpoints\cycle_0002.pt,runs\models_9x9_scratch\checkpoints\cycle_0031.pt,p2_win,0.0,58
2426,runs\models_9x9_scratch\checkpoints\cycle_0002.pt,runs\models_9x9_scratch\checkpoints\cycle_0031.pt,runs\models_9x9_scratch\checkpoints\cycle_0002.pt,runs\models_9x9_scratch\checkpoints\cycle_0031.pt,p2_win,0.0,58
2427,runs\models_9x9_scratch\checkpoints\cycle_0002.pt,runs\models_9x9_scratch\checkpoints\cycle_0031.pt,runs\models_9x9_scratch\checkpoints\cycle_0031.pt,runs\models_9x9_scratch\checkpoints\cycle_0002.pt,p1_win,0.0,59
2428,runs\models_9x9_scratch\checkpoints\cycle_0002.pt,runs\models_9x9_scratch\checkpoints\cycle_0031.pt,runs\models_9x9_scratch\checkpoints\cycle_0002.pt,runs\models_9x9_scratch\checkpoints\cycle_0031.pt,p2_win,0.0,60
2429,runs\models_9x9_scratch\checkpoints\cycle_0002.pt,runs\models_9x9_scratch\checkpoints\cycle_0031.pt,runs\models_9x9_scratch\checkpoints\cycle_0031.pt,runs\models_9x9_scratch\checkpoints\cycle_0002.pt,p1_win,0.0,59
2430,runs\models_9x9_scratch\checkpoints\cycle_0002.pt,runs\models_9x9_scratch\checkpoints\cycle_0031.pt,runs\models_9x9_scratch\checkpoints\cycle_0002.pt,runs\models_9x9_scratch\checkpoints\cycle_0031.pt,p2_win,0.0,58
2431,runs\models_9x9_scratch\checkpoints\cycle_0002.pt,runs\models_9x9_scratch\checkpoints\cycle_0031.pt,runs\models_9x9_scratch\checkpoints\cycle_0031.pt,runs\models_9x9_scratch\checkpoints\cycle_0002.pt,p1_win,0.0,59
2432,runs\models_9x9_scratch\checkpoints\cycle_0002.pt,runs\models_9x9_scratch\checkpoints\cycle_0031.pt,runs\models_9x9_scratch\checkpoints\cycle_0002.pt,runs\models_9x9_scratch\checkpoints\cycle_0031.pt,p2_win,0.0,60
2433,runs\models_9x9_scratch\checkpoints\cycle_0002.pt,runs\models_9x9_scratch\checkpoints\cycle_0031.pt,runs\models_9x9_scratch\checkpoints\cycle_0002.pt,runs\models_9x9_scratch\checkpoints\cycle_0031.pt,p2_win,0.0,62
2434,runs\models_9x9_scratch\checkpoints\cycle_0002.pt,runs\models_9x9_scratch\checkpoints\cycle_0031.pt,runs\models_9x9_scratch\checkpoints\cycle_0031.pt,runs\models_9x9_scratch\checkpoints\cycle_0002.pt,p1_win,0.0,59
2435,runs\models_9x9_scratch\checkpoints\cycle_0002.pt,runs\models_9x9_scratch\checkpoints\cycle_0031.pt,runs\models_9x9_scratch\checkpoints\cycle_0002.pt,runs\models_9x9_scratch\checkpoints\cycle_0031.pt,p2_win,0.0,60
2436,runs\models_9x9_scratch\checkpoints\cycle_0002.pt,runs\models_9x9_scratch\checkpoints\cycle_0031.pt,runs\models_9x9_scratch\checkpoints\cycle_0031.pt,runs\models_9x9_scratch\checkpoints\cycle_0002.pt,p1_win,0.0,61
2437,runs\models_9x9_scratch\checkpoints\cycle_0002.pt,runs\models_9x9_scratch\checkpoints\cycle_0031.pt,runs\models_9x9_scratch\checkpoints\cycle_0002.pt,runs\models_9x9_scratch\checkpoints\cycle_0031.pt,p2_win,0.0,62
2438,runs\models_9x9_scratch\checkpoints\cycle_0002.pt,runs\models_9x9_scratch\checkpoints\cycle_0031.pt,runs\models_9x9_scratch\checkpoints\cycle_0002.pt,runs\models_9x9_scratch\checkpoints\cycle_0031.pt,p2_win,0.0,64
2439,runs\models_9x9_scratch\checkpoints\cycle_0002.pt,runs\models_9x9_scratch\checkpoints\cycle_0031.pt,runs\models_9x9_scratch\checkpoints\cycle_0002.pt,runs\models_9x9_scratch\checkpoints\cycle_0031.pt,p2_win,0.0,64
2440,runs\models_9x9_scratch\checkpoints\cycle_0002.pt,runs\models_9x9_scratch\checkpoints\cycle_0031.pt,runs\models_9x9_scratch\checkpoints\cycle_0031.pt,runs\models_9x9_scratch\checkpoints\cycle_0002.pt,p1_win,0.0,63
2441,runs\models_9x9_scratch\checkpoints\cycle_0002.pt,runs\models_9x9_scratch\checkpoints\cycle_0031.pt,runs\models_9x9_scratch\checkpoints\cycle_0002.pt,runs\models_9x9_scratch\checkpoints\cycle_0031.pt,p2_win,0.0,64
2442,runs\models_9x9_scratch\checkpoints\cycle_0002.pt,runs\models_9x9_scratch\checkpoints\cycle_0031.pt,runs\models_9x9_scratch\checkpoints\cycle_0002.pt,runs\models_9x9_scratch\checkpoints\cycle_0031.pt,p2_win,0.0,66
2443,runs\models_9x9_scratch\checkpoints\cycle_0002.pt,runs\models_9x9_scratch\checkpoints\cycle_0031.pt,runs\models_9x9_scratch\checkpoints\cycle_0031.pt,runs\models_9x9_scratch\checkpoints\cycle_0002.pt,p1_win,0.0,65
2444,runs\models_9x9_scratch\checkpoints\cycle_0002.pt,runs\models_9x9_scratch\checkpoints\cycle_0031.pt,runs\models_9x9_scratch\checkpoints\cycle_0031.pt,runs\models_9x9_scratch\checkpoints\cycle_0002.pt,p1_win,0.0,65
2445,runs\models_9x9_scratch\checkpoints\cycle_0002.pt,runs\models_9x9_scratch\checkpoints\cycle_0031.pt,runs\models_9x9_scratch\checkpoints\cycle_0002.pt,runs\models_9x9_scratch\checkpoints\cycle_0031.pt,p2_win,0.0,66
2446,runs\models_9x9_scratch\checkpoints\cycle_0002.pt,runs\models_9x9_scratch\checkpoints\cycle_0031.pt,runs\models_9x9_scratch\checkpoints\cycle_0002.pt,runs\models_9x9_scratch\checkpoints\cycle_0031.pt,p2_win,0.0,68
2447,runs\models_9x9_scratch\checkpoints\cycle_0002.pt,runs\models_9x9_scratch\checkpoints\cycle_0031.pt,runs\models_9x9_scratch\checkpoints\cycle_0002.pt,runs\models_9x9_scratch\checkpoints\cycle_0031.pt,p2_win,0.0,66
2448,runs\models_9x9_scratch\checkpoints\cycle_0002.pt,runs\models_9x9_scratch\checkpoints\cycle_0031.pt,runs\models_9x9_scratch\checkpoints\cycle_0031.pt,runs\models_9x9_scratch\checkpoints\cycle_0002.pt,p1_win,0.0,65
2449,runs\models_9x9_scratch\checkpoints\cycle_0002.pt,runs\models_9x9_scratch\checkpoints\cycle_0031.pt,runs\models_9x9_scratch\checkpoints\cycle_0031.pt,runs\models_9x9_scratch\checkpoints\cycle_0002.pt,p1_win,0.0,67
2450,runs\models_9x9_scratch\checkpoints\cycle_0002.pt,runs\models_9x9_scratch\checkpoints\cycle_0031.pt,runs\models_9x9_scratch\checkpoints\cycle_0002.pt,runs\models_9x9_scratch\checkpoints\cycle_0031.pt,p2_win,0.0,68
2451,runs\models_9x9_scratch\checkpoints\cycle_0002.pt,runs\models_9x9_scratch\checkpoints\cycle_0031.pt,runs\models_9x9_scratch\checkpoints\cycle_0002.pt,runs\models_9x9_scratch\checkpoints\cycle_0031.pt,p2_win,0.0,70
2452,runs\models_9x9_scratch\checkpoints\cycle_0002.pt,runs\models_9x9_scratch\checkpoints\cycle_0031.pt,runs\models_9x9_scratch\checkpoints\cycle_0002.pt,runs\models_9x9_scratch\checkpoints\cycle_0031.pt,p2_win,0.0,70
2453,runs\models_9x9_scratch\checkpoints\cycle_0002.pt,runs\models_9x9_scratch\checkpoints\cycle_0031.pt,runs\models_9x9_scratch\checkpoints\cycle_0031.pt,runs\models_9x9_scratch\checkpoints\cycle_0002.pt,p1_win,0.0,73
2454,runs\models_9x9_scratch\checkpoints\cycle_0002.pt,runs\models_9x9_scratch\checkpoints\cycle_0031.pt,runs\models_9x9_scratch\checkpoints\cycle_0002.pt,runs\models_9x9_scratch\checkpoints\cycle_0031.pt,p2_win,0.0,70
2455,runs\models_9x9_scratch\checkpoints\cycle_0002.pt,runs\models_9x9_scratch\checkpoints\cycle_0031.pt,runs\models_9x9_scratch\checkpoints\cycle_0031.pt,runs\models_9x9_scratch\checkpoints\cycle_0002.pt,p1_win,0.0,71
2456,runs\models_9x9_scratch\checkpoints\cycle_0002.pt,runs\models_9x9_scratch\checkpoints\cycle_0031.pt,runs\models_9x9_scratch\checkpoints\cycle_0002.pt,runs\models_9x9_scratch\checkpoints\cycle_0031.pt,p2_win,0.0,74
2457,runs\models_9x9_scratch\checkpoints\cycle_0002.pt,runs\models_9x9_scratch\checkpoints\cycle_0031.pt,runs\models_9x9_scratch\checkpoints\cycle_0002.pt,runs\models_9x9_scratch\checkpoints\cycle_0031.pt,p2_win,0.0,74
2458,runs\models_9x9_scratch\checkpoints\cycle_0002.pt,runs\models_9x9_scratch\checkpoints\cycle_0031.pt,runs\models_9x9_scratch\checkpoints\cycle_0031.pt,runs\models_9x9_scratch\checkpoints\cycle_0002.pt,p1_win,0.0,77
2459,runs\models_9x9_scratch\checkpoints\cycle_0002.pt,runs\models_9x9_scratch\checkpoints\cycle_0031.pt,runs\models_9x9_scratch\checkpoints\cycle_0002.pt,runs\models_9x9_scratch\checkpoints\cycle_0031.pt,p2_win,0.0,76
2460,runs\models_9x9_scratch\checkpoints\cycle_0002.pt,runs\models_9x9_scratch\checkpoints\cycle_0031.pt,runs\models_9x9_scratch\checkpoints\cycle_0002.pt,runs\models_9x9_scratch\checkpoints\cycle_0031.pt,p2_win,0.0,78
2461,runs\models_9x9_scratch\checkpoints\cycle_0002.pt,runs\models_9x9_scratch\checkpoints\cycle_0031.pt,runs\models_9x9_scratch\checkpoints\cycle_0002.pt,runs\models_9x9_scratch\checkpoints\cycle_0031.pt,p2_win,0.0,80
2462,runs\models_9x9_scratch\checkpoints\cycle_0002.pt,runs\models_9x9_scratch\checkpoints\cycle_0031.pt,runs\models_9x9_scratch\checkpoints\cycle_0002.pt,runs\models_9x9_scratch\checkpoints\cycle_0031.pt,p2_win,0.0,80
2463,runs\models_9x9_scratch\checkpoints\cycle_0002.pt,runs\models_9x9_scratch\checkpoints\cycle_0031.pt,runs\models_9x9_scratch\checkpoints\cycle_0002.pt,runs\models_9x9_scratch\checkpoints\cycle_0031.pt,p2_win,0.0,82
2464,runs\models_9x9_scratch\checkpoints\cycle_0002.pt,runs\models_9x9_scratch\checkpoints\cycle_0031.pt,runs\models_9x9_scratch\checkpoints\cycle_0031.pt,runs\models_9x9_scratch\checkpoints\cycle_0002.pt,draw,0.5,81
2465,runs\models_9x9_scratch\checkpoints\cycle_0002.pt,runs\models_9x9_scratch\checkpoints\cycle_0031.pt,runs\models_9x9_scratch\checkpoints\cycle_0031.pt,runs\models_9x9_scratch\checkpoints\cycle_0002.pt,p1_win,0.0,83
2466,runs\models_9x9_scratch\checkpoints\cycle_0002.pt,runs\models_9x9_scratch\checkpoints\cycle_0031.pt,runs\models_9x9_scratch\checkpoints\cycle_0002.pt,runs\models_9x9_scratch\checkpoints\cycle_0031.pt,p2_win,0.0,82
2467,runs\models_9x9_scratch\checkpoints\cycle_0002.pt,runs\models_9x9_scratch\checkpoints\cycle_0031.pt,runs\models_9x9_scratch\checkpoints\cycle_0002.pt,runs\models_9x9_scratch\checkpoints\cycle_0031.pt,p2_win,0.0,86
2468,runs\models_9x9_scratch\checkpoints\cycle_0002.pt,runs\models_9x9_scratch\checkpoints\cycle_0031.pt,runs\models_9x9_scratch\checkpoints\cycle_0002.pt,runs\models_9x9_scratch\checkpoints\cycle_0031.pt,p2_win,0.0,86
2469,runs\models_9x9_scratch\checkpoints\cycle_0002.pt,runs\models_9x9_scratch\checkpoints\cycle_0031.pt,runs\models_9x9_scratch\checkpoints\cycle_0031.pt,runs\models_9x9_scratch\checkpoints\cycle_0002.pt,p1_win,0.0,85
2470,runs\models_9x9_scratch\checkpoints\cycle_0002.pt,runs\models_9x9_scratch\checkpoints\cycle_0031.pt,runs\models_9x9_scratch\checkpoints\cycle_0002.pt,runs\models_9x9_scratch\checkpoints\cycle_0031.pt,p2_win,0.0,88
2471,runs\models_9x9_scratch\checkpoints\cycle_0002.pt,runs\models_9x9_scratch\checkpoints\cycle_0031.pt,runs\models_9x9_scratch\checkpoints\cycle_0002.pt,runs\models_9x9_scratch\checkpoints\cycle_0031.pt,p2_win,0.0,86
2472,runs\models_9x9_scratch\checkpoints\cycle_0002.pt,runs\models_9x9_scratch\checkpoints\cycle_0031.pt,runs\models_9x9_scratch\checkpoints\cycle_0002.pt,runs\models_9x9_scratch\checkpoints\cycle_0031.pt,p2_win,0.0,86
2473,runs\models_9x9_scratch\checkpoints\cycle_0002.pt,runs\models_9x9_scratch\checkpoints\cycle_0031.pt,runs\models_9x9_scratch\checkpoints\cycle_0031.pt,runs\models_9x9_scratch\checkpoints\cycle_0002.pt,p1_win,0.0,87
2474,runs\models_9x9_scratch\checkpoints\cycle_0002.pt,runs\models_9x9_scratch\checkpoints\cycle_0031.pt,runs\models_9x9_scratch\checkpoints\cycle_0002.pt,runs\models_9x9_scratch\checkpoints\cycle_0031.pt,p2_win,0.0,88
2475,runs\models_9x9_scratch\checkpoints\cycle_0002.pt,runs\models_9x9_scratch\checkpoints\cycle_0031.pt,runs\models_9x9_scratch\checkpoints\cycle_0002.pt,runs\models_9x9_scratch\checkpoints\cycle_0031.pt,p2_win,0.0,90
2476,runs\models_9x9_scratch\checkpoints\cycle_0002.pt,runs\models_9x9_scratch\checkpoints\cycle_0031.pt,runs\models_9x9_scratch\checkpoints\cycle_0002.pt,runs\models_9x9_scratch\checkpoints\cycle_0031.pt,p2_win,0.0,90
2477,runs\models_9x9_scratch\checkpoints\cycle_0002.pt,runs\models_9x9_scratch\checkpoints\cycle_0031.pt,runs\models_9x9_scratch\checkpoints\cycle_0002.pt,runs\models_9x9_scratch\checkpoints\cycle_0031.pt,p2_win,0.0,92
2478,runs\models_9x9_scratch\checkpoints\cycle_0002.pt,runs\models_9x9_scratch\checkpoints\cycle_0031.pt,runs\models_9x9_scratch\checkpoints\cycle_0002.pt,runs\models_9x9_scratch\checkpoints\cycle_0031.pt,p2_win,0.0,94
2479,runs\models_9x9_scratch\checkpoints\cycle_0002.pt,runs\models_9x9_scratch\checkpoints\cycle_0031.pt,runs\models_9x9_scratch\checkpoints\cycle_0002.pt,runs\models_9x9_scratch\checkpoints\cycle_0031.pt,p2_win,0.0,92
2480,runs\models_9x9_scratch\checkpoints\cycle_0002.pt,runs\models_9x9_scratch\checkpoints\cycle_0031.pt,runs\models_9x9_scratch\checkpoints\cycle_0002.pt,runs\models_9x9_scratch\checkpoints\cycle_0031.pt,p2_win,0.0,94
2481,runs\models_9x9_scratch\checkpoints\cycle_0002.pt,runs\models_9x9_scratch\checkpoints\cycle_0031.pt,runs\models_9x9_scratch\checkpoints\cycle_0031.pt,runs\models_9x9_scratch\checkpoints\cycle_0002.pt,p1_win,0.0,95
2482,runs\models_9x9_scratch\checkpoints\cycle_0002.pt,runs\models_9x9_scratch\checkpoints\cycle_0031.pt,runs\models_9x9_scratch\checkpoints\cycle_0002.pt,runs\models_9x9_scratch\checkpoints\cycle_0031.pt,draw,0.5,97
2483,runs\models_9x9_scratch\checkpoints\cycle_0002.pt,runs\models_9x9_scratch\checkpoints\cycle_0031.pt,runs\models_9x9_scratch\checkpoints\cycle_0002.pt,runs\models_9x9_scratch\checkpoints\cycle_0031.pt,p2_win,0.0,96
2484,runs\models_9x9_scratch\checkpoints\cycle_0002.pt,runs\models_9x9_scratch\checkpoints\cycle_0031.pt,runs\models_9x9_scratch\checkpoints\cycle_0031.pt,runs\models_9x9_scratch\checkpoints\cycle_0002.pt,p1_win,0.0,97
2485,runs\models_9x9_scratch\checkpoints\cycle_0002.pt,runs\models_9x9_scratch\checkpoints\cycle_0031.pt,runs\models_9x9_scratch\checkpoints\cycle_0031.pt,runs\models_9x9_scratch\checkpoints\cycle_0002.pt,draw,0.5,100
2486,runs\models_9x9_scratch\checkpoints\cycle_0002.pt,runs\models_9x9_scratch\checkpoints\cycle_0031.pt,runs\models_9x9_scratch\checkpoints\cycle_0002.pt,runs\models_9x9_scratch\checkpoints\cycle_0031.pt,p2_win,0.0,98
2487,runs\models_9x9_scratch\checkpoints\cycle_0002.pt,runs\models_9x9_scratch\checkpoints\cycle_0031.pt,runs\models_9x9_scratch\checkpoints\cycle_0031.pt,runs\models_9x9_scratch\checkpoints\cycle_0002.pt,p1_win,0.0,99
2488,runs\models_9x9_scratch\checkpoints\cycle_0002.pt,runs\models_9x9_scratch\checkpoints\cycle_0031.pt,runs\models_9x9_scratch\checkpoints\cycle_0031.pt,runs\models_9x9_scratch\checkpoints\cycle_0002.pt,draw,0.5,100
2489,runs\models_9x9_scratch\checkpoints\cycle_0002.pt,runs\models_9x9_scratch\checkpoints\cycle_0031.pt,runs\models_9x9_scratch\checkpoints\cycle_0002.pt,runs\models_9x9_scratch\checkpoints\cycle_0031.pt,p2_win,0.0,100
2490,runs\models_9x9_scratch\checkpoints\cycle_0002.pt,runs\models_9x9_scratch\checkpoints\cycle_0031.pt,runs\models_9x9_scratch\checkpoints\cycle_0002.pt,runs\models_9x9_scratch\checkpoints\cycle_0031.pt,draw,0.5,100
2491,runs\models_9x9_scratch\checkpoints\cycle_0002.pt,runs\models_9x9_scratch\checkpoints\cycle_0031.pt,runs\models_9x9_scratch\checkpoints\cycle_0002.pt,runs\models_9x9_scratch\checkpoints\cycle_0031.pt,draw,0.5,100
2492,runs\models_9x9_scratch\checkpoints\cycle_0002.pt,runs\models_9x9_scratch\checkpoints\cycle_0031.pt,runs\models_9x9_scratch\checkpoints\cycle_0002.pt,runs\models_9x9_scratch\checkpoints\cycle_0031.pt,draw,0.5,100
2493,runs\models_9x9_scratch\checkpoints\cycle_0002.pt,runs\models_9x9_scratch\checkpoints\cycle_0031.pt,runs\models_9x9_scratch\checkpoints\cycle_0002.pt,runs\models_9x9_scratch\checkpoints\cycle_0031.pt,draw,0.5,100
2494,runs\models_9x9_scratch\checkpoints\cycle_0002.pt,runs\models_9x9_scratch\checkpoints\cycle_0031.pt,runs\models_9x9_scratch\checkpoints\cycle_0002.pt,runs\models_9x9_scratch\checkpoints\cycle_0031.pt,draw,0.5,100
2495,runs\models_9x9_scratch\checkpoints\cycle_0002.pt,runs\models_9x9_scratch\checkpoints\cycle_0031.pt,runs\models_9x9_scratch\checkpoints\cycle_0002.pt,runs\models_9x9_scratch\checkpoints\cycle_0031.pt,draw,0.5,100
2496,runs\models_9x9_scratch\checkpoints\cycle_0002.pt,runs\models_9x9_scratch\checkpoints\cycle_0031.pt,runs\models_9x9_scratch\checkpoints\cycle_0002.pt,runs\models_9x9_scratch\checkpoints\cycle_0031.pt,draw,0.5,100
2497,runs\models_9x9_scratch\checkpoints\cycle_0002.pt,runs\models_9x9_scratch\checkpoints\cycle_0031.pt,runs\models_9x9_scratch\checkpoints\cycle_0002.pt,runs\models_9x9_scratch\checkpoints\cycle_0031.pt,draw,0.5,100
2498,runs\models_9x9_scratch\checkpoints\cycle_0002.pt,runs\models_9x9_scratch\checkpoints\cycle_0031.pt,runs\models_9x9_scratch\checkpoints\cycle_0002.pt,runs\models_9x9_scratch\checkpoints\cycle_0031.pt,draw,0.5,100
2499,runs\models_9x9_scratch\checkpoints\cycle_0002.pt,runs\models_9x9_scratch\checkpoints\cycle_0031.pt,runs\models_9x9_scratch\checkpoints\cycle_0031.pt,runs\models_9x9_scratch\checkpoints\cycle_0002.pt,draw,0.5,100
2500,runs\models_9x9_scratch\checkpoints\cycle_0002.pt,runs\models_9x9_scratch\checkpoints\cycle_0031.pt,runs\models_9x9_scratch\checkpoints\cycle_0002.pt,runs\models_9x9_scratch\checkpoints\cycle_0031.pt,draw,0.5,100
2501,runs\models_9x9_scratch\checkpoints\cycle_0002.pt,runs\models_9x9_scratch\checkpoints\cycle_0061.pt,runs\models_9x9_scratch\checkpoints\cycle_0061.pt,runs\models_9x9_scratch\checkpoints\cycle_0002.pt,p1_win,0.0,17
2502,runs\models_9x9_scratch\checkpoints\cycle_0002.pt,runs\models_9x9_scratch\checkpoints\cycle_0061.pt,runs\models_9x9_scratch\checkpoints\cycle_0061.pt,runs\models_9x9_scratch\checkpoints\cycle_0002.pt,p1_win,0.0,19
2503,runs\models_9x9_scratch\checkpoints\cycle_0002.pt,runs\models_9x9_scratch\checkpoints\cycle_0061.pt,runs\models_9x9_scratch\checkpoints\cycle_0061.pt,runs\models_9x9_scratch\checkpoints\cycle_0002.pt,p1_win,0.0,21
2504,runs\models_9x9_scratch\checkpoints\cycle_0002.pt,runs\models_9x9_scratch\checkpoints\cycle_0061.pt,runs\models_9x9_scratch\checkpoints\cycle_0061.pt,runs\models_9x9_scratch\checkpoints\cycle_0002.pt,p1_win,0.0,21
2505,runs\models_9x9_scratch\checkpoints\cycle_0002.pt,runs\models_9x9_scratch\checkpoints\cycle_0061.pt,runs\models_9x9_scratch\checkpoints\cycle_0061.pt,runs\models_9x9_scratch\checkpoints\cycle_0002.pt,p1_win,0.0,21
2506,runs\models_9x9_scratch\checkpoints\cycle_0002.pt,runs\models_9x9_scratch\checkpoints\cycle_0061.pt,runs\models_9x9_scratch\checkpoints\cycle_0061.pt,runs\models_9x9_scratch\checkpoints\cycle_0002.pt,p1_win,0.0,21
2507,runs\models_9x9_scratch\checkpoints\cycle_0002.pt,runs\models_9x9_scratch\checkpoints\cycle_0061.pt,runs\models_9x9_scratch\checkpoints\cycle_0061.pt,runs\models_9x9_scratch\checkpoints\cycle_0002.pt,p1_win,0.0,21
2508,runs\models_9x9_scratch\checkpoints\cycle_0002.pt,runs\models_9x9_scratch\checkpoints\cycle_0061.pt,runs\models_9x9_scratch\checkpoints\cycle_0061.pt,runs\models_9x9_scratch\checkpoints\cycle_0002.pt,p1_win,0.0,21
2509,runs\models_9x9_scratch\checkpoints\cycle_0002.pt,runs\models_9x9_scratch\checkpoints\cycle_0061.pt,runs\models_9x9_scratch\checkpoints\cycle_0061.pt,runs\models_9x9_scratch\checkpoints\cycle_0002.pt,p1_win,0.0,21
2510,runs\models_9x9_scratch\checkpoints\cycle_0002.pt,runs\models_9x9_scratch\checkpoints\cycle_0061.pt,runs\models_9x9_scratch\checkpoints\cycle_0061.pt,runs\models_9x9_scratch\checkpoints\cycle_0002.pt,p1_win,0.0,21
2511,runs\models_9x9_scratch\checkpoints\cycle_0002.pt,runs\models_9x9_scratch\checkpoints\cycle_0061.pt,runs\models_9x9_scratch\checkpoints\cycle_0061.pt,runs\models_9x9_scratch\checkpoints\cycle_0002.pt,p1_win,0.0,21
2512,runs\models_9x9_scratch\checkpoints\cycle_0002.pt,runs\models_9x9_scratch\checkpoints\cycle_0061.pt,runs\models_9x9_scratch\checkpoints\cycle_0061.pt,runs\models_9x9_scratch\checkpoints\cycle_0002.pt,p1_win,0.0,21
2513,runs\models_9x9_scratch\checkpoints\cycle_0002.pt,runs\models_9x9_scratch\checkpoints\cycle_0061.pt,runs\models_9x9_scratch\checkpoints\cycle_0061.pt,runs\models_9x9_scratch\checkpoints\cycle_0002.pt,p1_win,0.0,21
2514,runs\models_9x9_scratch\checkpoints\cycle_0002.pt,runs\models_9x9_scratch\checkpoints\cycle_0061.pt,runs\models_9x9_scratch\checkpoints\cycle_0061.pt,runs\models_9x9_scratch\checkpoints\cycle_0002.pt,p1_win,0.0,21
2515,runs\models_9x9_scratch\checkpoints\cycle_0002.pt,runs\models_9x9_scratch\checkpoints\cycle_0061.pt,runs\models_9x9_scratch\checkpoints\cycle_0061.pt,runs\models_9x9_scratch\checkpoints\cycle_0002.pt,p1_win,0.0,21
2516,runs\models_9x9_scratch\checkpoints\cycle_0002.pt,runs\models_9x9_scratch\checkpoints\cycle_0061.pt,runs\models_9x9_scratch\checkpoints\cycle_0061.pt,runs\models_9x9_scratch\checkpoints\cycle_0002.pt,p1_win,0.0,23
2517,runs\models_9x9_scratch\checkpoints\cycle_0002.pt,runs\models_9x9_scratch\checkpoints\cycle_0061.pt,runs\models_9x9_scratch\checkpoints\cycle_0061.pt,runs\models_9x9_scratch\checkpoints\cycle_0002.pt,p1_win,0.0,23
2518,runs\models_9x9_scratch\checkpoints\cycle_0002.pt,runs\models_9x9_scratch\checkpoints\cycle_0061.pt,runs\models_9x9_scratch\checkpoints\cycle_0061.pt,runs\models_9x9_scratch\checkpoints\cycle_0002.pt,p1_win,0.0,23
2519,runs\models_9x9_scratch\checkpoints\cycle_0002.pt,runs\models_9x9_scratch\checkpoints\cycle_0061.pt,runs\models_9x9_scratch\checkpoints\cycle_0061.pt,runs\models_9x9_scratch\checkpoints\cycle_0002.pt,p1_win,0.0,23
2520,runs\models_9x9_scratch\checkpoints\cycle_0002.pt,runs\models_9x9_scratch\checkpoints\cycle_0061.pt,runs\models_9x9_scratch\checkpoints\cycle_0061.pt,runs\models_9x9_scratch\checkpoints\cycle_0002.pt,p1_win,0.0,23
2521,runs\models_9x9_scratch\checkpoints\cycle_0002.pt,runs\models_9x9_scratch\checkpoints\cycle_0061.pt,runs\models_9x9_scratch\checkpoints\cycle_0061.pt,runs\models_9x9_scratch\checkpoints\cycle_0002.pt,p1_win,0.0,23
2522,runs\models_9x9_scratch\checkpoints\cycle_0002.pt,runs\models_9x9_scratch\checkpoints\cycle_0061.pt,runs\models_9x9_scratch\checkpoints\cycle_0061.pt,runs\models_9x9_scratch\checkpoints\cycle_0002.pt,p1_win,0.0,23
2523,runs\models_9x9_scratch\checkpoints\cycle_0002.pt,runs\models_9x9_scratch\checkpoints\cycle_0061.pt,runs\models_9x9_scratch\checkpoints\cycle_0061.pt,runs\models_9x9_scratch\checkpoints\cycle_0002.pt,p1_win,0.0,23
2524,runs\models_9x9_scratch\checkpoints\cycle_0002.pt,runs\models_9x9_scratch\checkpoints\cycle_0061.pt,runs\models_9x9_scratch\checkpoints\cycle_0061.pt,runs\models_9x9_scratch\checkpoints\cycle_0002.pt,p1_win,0.0,23
2525,runs\models_9x9_scratch\checkpoints\cycle_0002.pt,runs\models_9x9_scratch\checkpoints\cycle_0061.pt,runs\models_9x9_scratch\checkpoints\cycle_0061.pt,runs\models_9x9_scratch\checkpoints\cycle_0002.pt,p1_win,0.0,23
2526,runs\models_9x9_scratch\checkpoints\cycle_0002.pt,runs\models_9x9_scratch\checkpoints\cycle_0061.pt,runs\models_9x9_scratch\checkpoints\cycle_0061.pt,runs\models_9x9_scratch\checkpoints\cycle_0002.pt,p1_win,0.0,23
2527,runs\models_9x9_scratch\checkpoints\cycle_0002.pt,runs\models_9x9_scratch\checkpoints\cycle_0061.pt,runs\models_9x9_scratch\checkpoints\cycle_0061.pt,runs\models_9x9_scratch\checkpoints\cycle_0002.pt,p1_win,0.0,23
2528,runs\models_9x9_scratch\checkpoints\cycle_0002.pt,runs\models_9x9_scratch\checkpoints\cycle_0061.pt,runs\models_9x9_scratch\checkpoints\cycle_0061.pt,runs\models_9x9_scratch\checkpoints\cycle_0002.pt,p1_win,0.0,23
2529,runs\models_9x9_scratch\checkpoints\cycle_0002.pt,runs\models_9x9_scratch\checkpoints\cycle_0061.pt,runs\models_9x9_scratch\checkpoints\cycle_0061.pt,runs\models_9x9_scratch\checkpoints\cycle_0002.pt,p1_win,0.0,23
2530,runs\models_9x9_scratch\checkpoints\cycle_0002.pt,runs\models_9x9_scratch\checkpoints\cycle_0061.pt,runs\models_9x9_scratch\checkpoints\cycle_0061.pt,runs\models_9x9_scratch\checkpoints\cycle_0002.pt,p1_win,0.0,23
2531,runs\models_9x9_scratch\checkpoints\cycle_0002.pt,runs\models_9x9_scratch\checkpoints\cycle_0061.pt,runs\models_9x9_scratch\checkpoints\cycle_0061.pt,runs\models_9x9_scratch\checkpoints\cycle_0002.pt,p1_win,0.0,23
2532,runs\models_9x9_scratch\checkpoints\cycle_0002.pt,runs\models_9x9_scratch\checkpoints\cycle_0061.pt,runs\models_9x9_scratch\checkpoints\cycle_0061.pt,runs\models_9x9_scratch\checkpoints\cycle_0002.pt,p1_win,0.0,23
2533,runs\models_9x9_scratch\checkpoints\cycle_0002.pt,runs\models_9x9_scratch\checkpoints\cycle_0061.pt,runs\models_9x9_scratch\checkpoints\cycle_0061.pt,runs\models_9x9_scratch\checkpoints\cycle_0002.pt,p1_win,0.0,23
2534,runs\models_9x9_scratch\checkpoints\cycle_0002.pt,runs\models_9x9_scratch\checkpoints\cycle_0061.pt,runs\models_9x9_scratch\checkpoints\cycle_0061.pt,runs\models_9x9_scratch\checkpoints\cycle_0002.pt,p1_win,0.0,23
2535,runs\models_9x9_scratch\checkpoints\cycle_0002.pt,runs\models_9x9_scratch\checkpoints\cycle_0061.pt,runs\models_9x9_scratch\checkpoints\cycle_0061.pt,runs\models_9x9_scratch\checkpoints\cycle_0002.pt,p1_win,0.0,23
2536,runs\models_9x9_scratch\checkpoints\cycle_0002.pt,runs\models_9x9_scratch\checkpoints\cycle_0061.pt,runs\models_9x9_scratch\checkpoints\cycle_0061.pt,runs\models_9x9_scratch\checkpoints\cycle_0002.pt,p1_win,0.0,23
2537,runs\models_9x9_scratch\checkpoints\cycle_0002.pt,runs\models_9x9_scratch\checkpoints\cycle_0061.pt,runs\models_9x9_scratch\checkpoints\cycle_0061.pt,runs\models_9x9_scratch\checkpoints\cycle_0002.pt,p1_win,0.0,23
2538,runs\models_9x9_scratch\checkpoints\cycle_0002.pt,runs\models_9x9_scratch\checkpoints\cycle_0061.pt,runs\models_9x9_scratch\checkpoints\cycle_0061.pt,runs\models_9x9_scratch\checkpoints\cycle_0002.pt,p1_win,0.0,23
2539,runs\models_9x9_scratch\checkpoints\cycle_0002.pt,runs\models_9x9_scratch\checkpoints\cycle_0061.pt,runs\models_9x9_scratch\checkpoints\cycle_0002.pt,runs\models_9x9_scratch\checkpoints\cycle_0061.pt,p2_win,0.0,24
2540,runs\models_9x9_scratch\checkpoints\cycle_0002.pt,runs\models_9x9_scratch\checkpoints\cycle_0061.pt,runs\models_9x9_scratch\checkpoints\cycle_0002.pt,runs\models_9x9_scratch\checkpoints\cycle_0061.pt,p2_win,0.0,24
2541,runs\models_9x9_scratch\checkpoints\cycle_0002.pt,runs\models_9x9_scratch\checkpoints\cycle_0061.pt,runs\models_9x9_scratch\checkpoints\cycle_0002.pt,runs\models_9x9_scratch\checkpoints\cycle_0061.pt,p2_win,0.0,24
2542,runs\models_9x9_scratch\checkpoints\cycle_0002.pt,runs\models_9x9_scratch\checkpoints\cycle_0061.pt,runs\models_9x9_scratch\checkpoints\cycle_0002.pt,runs\models_9x9_scratch\checkpoints\cycle_0061.pt,p2_win,0.0,24
2543,runs\models_9x9_scratch\checkpoints\cycle_0002.pt,runs\models_9x9_scratch\checkpoints\cycle_0061.pt,runs\models_9x9_scratch\checkpoints\cycle_0002.pt,runs\models_9x9_scratch\checkpoints\cycle_0061.pt,p2_win,0.0,24
2544,runs\models_9x9_scratch\checkpoints\cycle_0002.pt,runs\models_9x9_scratch\checkpoints\cycle_0061.pt,runs\models_9x9_scratch\checkpoints\cycle_0061.pt,runs\models_9x9_scratch\checkpoints\cycle_0002.pt,p1_win,0.0,25
2545,runs\models_9x9_scratch\checkpoints\cycle_0002.pt,runs\models_9x9_scratch\checkpoints\cycle_0061.pt,runs\models_9x9_scratch\checkpoints\cycle_0061.pt,runs\models_9x9_scratch\checkpoints\cycle_0002.pt,p1_win,0.0,25
2546,runs\models_9x9_scratch\checkpoints\cycle_0002.pt,runs\models_9x9_scratch\checkpoints\cycle_0061.pt,runs\models_9x9_scratch\checkpoints\cycle_0061.pt,runs\models_9x9_scratch\checkpoints\cycle_0002.pt,p1_win,0.0,25
2547,runs\models_9x9_scratch\checkpoints\cycle_0002.pt,runs\models_9x9_scratch\checkpoints\cycle_0061.pt,runs\models_9x9_scratch\checkpoints\cycle_0061.pt,runs\models_9x9_scratch\checkpoints\cycle_0002.pt,p1_win,0.0,25
2548,runs\models_9x9_scratch\checkpoints\cycle_0002.pt,runs\models_9x9_scratch\checkpoints\cycle_0061.pt,runs\models_9x9_scratch\checkpoints\cycle_0061.pt,runs\models_9x9_scratch\checkpoints\cycle_0002.pt,p1_win,0.0,25
2549,runs\models_9x9_scratch\checkpoints\cycle_0002.pt,runs\models_9x9_scratch\checkpoints\cycle_0061.pt,runs\models_9x9_scratch\checkpoints\cycle_0061.pt,runs\models_9x9_scratch\checkpoints\cycle_0002.pt,p1_win,0.0,25
2550,runs\models_9x9_scratch\checkpoints\cycle_0002.pt,runs\models_9x9_scratch\checkpoints\cycle_0061.pt,runs\models_9x9_scratch\checkpoints\cycle_0061.pt,runs\models_9x9_scratch\checkpoints\cycle_0002.pt,p1_win,0.0,25
2551,runs\models_9x9_scratch\checkpoints\cycle_0002.pt,runs\models_9x9_scratch\checkpoints\cycle_0061.pt,runs\models_9x9_scratch\checkpoints\cycle_0061.pt,runs\models_9x9_scratch\checkpoints\cycle_0002.pt,p1_win,0.0,25
2552,runs\models_9x9_scratch\checkpoints\cycle_0002.pt,runs\models_9x9_scratch\checkpoints\cycle_0061.pt,runs\models_9x9_scratch\checkpoints\cycle_0061.pt,runs\models_9x9_scratch\checkpoints\cycle_0002.pt,p1_win,0.0,25
2553,runs\models_9x9_scratch\checkpoints\cycle_0002.pt,runs\models_9x9_scratch\checkpoints\cycle_0061.pt,runs\models_9x9_scratch\checkpoints\cycle_0061.pt,runs\models_9x9_scratch\checkpoints\cycle_0002.pt,p1_win,0.0,25
2554,runs\models_9x9_scratch\checkpoints\cycle_0002.pt,runs\models_9x9_scratch\checkpoints\cycle_0061.pt,runs\models_9x9_scratch\checkpoints\cycle_0002.pt,runs\models_9x9_scratch\checkpoints\cycle_0061.pt,p2_win,0.0,26
2555,runs\models_9x9_scratch\checkpoints\cycle_0002.pt,runs\models_9x9_scratch\checkpoints\cycle_0061.pt,runs\models_9x9_scratch\checkpoints\cycle_0061.pt,runs\models_9x9_scratch\checkpoints\cycle_0002.pt,p1_win,0.0,25
2556,runs\models_9x9_scratch\checkpoints\cycle_0002.pt,runs\models_9x9_scratch\checkpoints\cycle_0061.pt,runs\models_9x9_scratch\checkpoints\cycle_0061.pt,runs\models_9x9_scratch\checkpoints\cycle_0002.pt,p1_win,0.0,25
2557,runs\models_9x9_scratch\checkpoints\cycle_0002.pt,runs\models_9x9_scratch\checkpoints\cycle_0061.pt,runs\models_9x9_scratch\checkpoints\cycle_0061.pt,runs\models_9x9_scratch\checkpoints\cycle_0002.pt,p1_win,0.0,25
2558,runs\models_9x9_scratch\checkpoints\cycle_0002.pt,runs\models_9x9_scratch\checkpoints\cycle_0061.pt,runs\models_9x9_scratch\checkpoints\cycle_0061.pt,runs\models_9x9_scratch\checkpoints\cycle_0002.pt,p1_win,0.0,25
2559,runs\models_9x9_scratch\checkpoints\cycle_0002.pt,runs\models_9x9_scratch\checkpoints\cycle_0061.pt,runs\models_9x9_scratch\checkpoints\cycle_0061.pt,runs\models_9x9_scratch\checkpoints\cycle_0002.pt,p1_win,0.0,25
2560,runs\models_9x9_scratch\checkpoints\cycle_0002.pt,runs\models_9x9_scratch\checkpoints\cycle_0061.pt,runs\models_9x9_scratch\checkpoints\cycle_0061.pt,runs\models_9x9_scratch\checkpoints\cycle_0002.pt,p1_win,0.0,25
2561,runs\models_9x9_scratch\checkpoints\cycle_0002.pt,runs\models_9x9_scratch\checkpoints\cycle_0061.pt,runs\models_9x9_scratch\checkpoints\cycle_0061.pt,runs\models_9x9_scratch\checkpoints\cycle_0002.pt,p1_win,0.0,25
2562,runs\models_9x9_scratch\checkpoints\cycle_0002.pt,runs\models_9x9_scratch\checkpoints\cycle_0061.pt,runs\models_9x9_scratch\checkpoints\cycle_0061.pt,runs\models_9x9_scratch\checkpoints\cycle_0002.pt,p1_win,0.0,25
2563,runs\models_9x9_scratch\checkpoints\cycle_0002.pt,runs\models_9x9_scratch\checkpoints\cycle_0061.pt,runs\models_9x9_scratch\checkpoints\cycle_0061.pt,runs\models_9x9_scratch\checkpoints\cycle_0002.pt,p1_win,0.0,27
2564,runs\models_9x9_scratch\checkpoints\cycle_0002.pt,runs\models_9x9_scratch\checkpoints\cycle_0061.pt,runs\models_9x9_scratch\checkpoints\cycle_0061.pt,runs\models_9x9_scratch\checkpoints\cycle_0002.pt,p1_win,0.0,25
2565,runs\models_9x9_scratch\checkpoints\cycle_0002.pt,runs\models_9x9_scratch\checkpoints\cycle_0061.pt,runs\models_9x9_scratch\checkpoints\cycle_0061.pt,runs\models_9x9_scratch\checkpoints\cycle_0002.pt,p1_win,0.0,25
2566,runs\models_9x9_scratch\checkpoints\cycle_0002.pt,runs\models_9x9_scratch\checkpoints\cycle_0061.pt,runs\models_9x9_scratch\checkpoints\cycle_0002.pt,runs\models_9x9_scratch\checkpoints\cycle_0061.pt,p2_win,0.0,26
2567,runs\models_9x9_scratch\checkpoints\cycle_0002.pt,runs\models_9x9_scratch\checkpoints\cycle_0061.pt,runs\models_9x9_scratch\checkpoints\cycle_0061.pt,runs\models_9x9_scratch\checkpoints\cycle_0002.pt,p1_win,0.0,25
2568,runs\models_9x9_scratch\checkpoints\cycle_0002.pt,runs\models_9x9_scratch\checkpoints\cycle_0061.pt,runs\models_9x9_scratch\checkpoints\cycle_0061.pt,runs\models_9x9_scratch\checkpoints\cycle_0002.pt,p1_win,0.0,25
2569,runs\models_9x9_scratch\checkpoints\cycle_0002.pt,runs\models_9x9_scratch\checkpoints\cycle_0061.pt,runs\models_9x9_scratch\checkpoints\cycle_0061.pt,runs\models_9x9_scratch\checkpoints\cycle_0002.pt,p1_win,0.0,25
2570,runs\models_9x9_scratch\checkpoints\cycle_0002.pt,runs\models_9x9_scratch\checkpoints\cycle_0061.pt,runs\models_9x9_scratch\checkpoints\cycle_0061.pt,runs\models_9x9_scratch\checkpoints\cycle_0002.pt,p1_win,0.0,25
2571,runs\models_9x9_scratch\checkpoints\cycle_0002.pt,runs\models_9x9_scratch\checkpoints\cycle_0061.pt,runs\models_9x9_scratch\checkpoints\cycle_0061.pt,runs\models_9x9_scratch\checkpoints\cycle_0002.pt,p1_win,0.0,25
2572,runs\models_9x9_scratch\checkpoints\cycle_0002.pt,runs\models_9x9_scratch\checkpoints\cycle_0061.pt,runs\models_9x9_scratch\checkpoints\cycle_0002.pt,runs\models_9x9_scratch\checkpoints\cycle_0061.pt,p2_win,0.0,26
2573,runs\models_9x9_scratch\checkpoints\cycle_0002.pt,runs\models_9x9_scratch\checkpoints\cycle_0061.pt,runs\models_9x9_scratch\checkpoints\cycle_0002.pt,runs\models_9x9_scratch\checkpoints\cycle_0061.pt,p2_win,0.0,26
2574,runs\models_9x9_scratch\checkpoints\cycle_0002.pt,runs\models_9x9_scratch\checkpoints\cycle_0061.pt,runs\models_9x9_scratch\checkpoints\cycle_0002.pt,runs\models_9x9_scratch\checkpoints\cycle_0061.pt,p2_win,0.0,26
2575,runs\models_9x9_scratch\checkpoints\cycle_0002.pt,runs\models_9x9_scratch\checkpoints\cycle_0061.pt,runs\models_9x9_scratch\checkpoints\cycle_0002.pt,runs\models_9x9_scratch\checkpoints\cycle_0061.pt,p2_win,0.0,26
2576,runs\models_9x9_scratch\checkpoints\cycle_0002.pt,runs\models_9x9_scratch\checkpoints\cycle_0061.pt,runs\models_9x9_scratch\checkpoints\cycle_0002.pt,runs\models_9x9_scratch\checkpoints\cycle_0061.pt,p2_win,0.0,26
2577,runs\models_9x9_scratch\checkpoints\cycle_0002.pt,runs\models_9x9_scratch\checkpoints\cycle_0061.pt,runs\models_9x9_scratch\checkpoints\cycle_0002.pt,runs\models_9x9_scratch\checkpoints\cycle_0061.pt,p2_win,0.0,26
2578,runs\models_9x9_scratch\checkpoints\cycle_0002.pt,runs\models_9x9_scratch\checkpoints\cycle_0061.pt,runs\models_9x9_scratch\checkpoints\cycle_0002.pt,runs\models_9x9_scratch\checkpoints\cycle_0061.pt,p2_win,0.0,26
2579,runs\models_9x9_scratch\checkpoints\cycle_0002.pt,runs\models_9x9_scratch\checkpoints\cycle_0061.pt,runs\models_9x9_scratch\checkpoints\cycle_0002.pt,runs\models_9x9_scratch\checkpoints\cycle_0061.pt,p2_win,0.0,26
2580,runs\models_9x9_scratch\checkpoints\cycle_0002.pt,runs\models_9x9_scratch\checkpoints\cycle_0061.pt,runs\models_9x9_scratch\checkpoints\cycle_0002.pt,runs\models_9x9_scratch\checkpoints\cycle_0061.pt,p2_win,0.0,26
2581,runs\models_9x9_scratch\checkpoints\cycle_0002.pt,runs\models_9x9_scratch\checkpoints\cycle_0061.pt,runs\models_9x9_scratch\checkpoints\cycle_0002.pt,runs\models_9x9_scratch\checkpoints\cycle_0061.pt,p2_win,0.0,26
2582,runs\models_9x9_scratch\checkpoints\cycle_0002.pt,runs\models_9x9_scratch\checkpoints\cycle_0061.pt,runs\models_9x9_scratch\checkpoints\cycle_0002.pt,runs\models_9x9_scratch\checkpoints\cycle_0061.pt,p2_win,0.0,26
2583,runs\models_9x9_scratch\checkpoints\cycle_0002.pt,runs\models_9x9_scratch\checkpoints\cycle_0061.pt,runs\models_9x9_scratch\checkpoints\cycle_0002.pt,runs\models_9x9_scratch\checkpoints\cycle_0061.pt,p2_win,0.0,26
2584,runs\models_9x9_scratch\checkpoints\cycle_0002.pt,runs\models_9x9_scratch\checkpoints\cycle_0061.pt,runs\models_9x9_scratch\checkpoints\cycle_0002.pt,runs\models_9x9_scratch\checkpoints\cycle_0061.pt,p2_win,0.0,26
2585,runs\models_9x9_scratch\checkpoints\cycle_0002.pt,runs\models_9x9_scratch\checkpoints\cycle_0061.pt,runs\models_9x9_scratch\checkpoints\cycle_0061.pt,runs\models_9x9_scratch\checkpoints\cycle_0002.pt,p1_win,0.0,27
2586,runs\models_9x9_scratch\checkpoints\cycle_0002.pt,runs\models_9x9_scratch\checkpoints\cycle_0061.pt,runs\models_9x9_scratch\checkpoints\cycle_0061.pt,runs\models_9x9_scratch\checkpoints\cycle_0002.pt,p1_win,0.0,27
2587,runs\models_9x9_scratch\checkpoints\cycle_0002.pt,runs\models_9x9_scratch\checkpoints\cycle_0061.pt,runs\models_9x9_scratch\checkpoints\cycle_0061.pt,runs\models_9x9_scratch\checkpoints\cycle_0002.pt,p1_win,0.0,27
2588,runs\models_9x9_scratch\checkpoints\cycle_0002.pt,runs\models_9x9_scratch\checkpoints\cycle_0061.pt,runs\models_9x9_scratch\checkpoints\cycle_0061.pt,runs\models_9x9_scratch\checkpoints\cycle_0002.pt,p1_win,0.0,27
2589,runs\models_9x9_scratch\checkpoints\cycle_0002.pt,runs\models_9x9_scratch\checkpoints\cycle_0061.pt,runs\models_9x9_scratch\checkpoints\cycle_0002.pt,runs\models_9x9_scratch\checkpoints\cycle_0061.pt,p2_win,0.0,28
2590,runs\models_9x9_scratch\checkpoints\cycle_0002.pt,runs\models_9x9_scratch\checkpoints\cycle_0061.pt,runs\models_9x9_scratch\checkpoints\cycle_0061.pt,runs\models_9x9_scratch\checkpoints\cycle_0002.pt,p1_win,0.0,27
2591,runs\models_9x9_scratch\checkpoints\cycle_0002.pt,runs\models_9x9_scratch\checkpoints\cycle_0061.pt,runs\models_9x9_scratch\checkpoints\cycle_0061.pt,runs\models_9x9_scratch\checkpoints\cycle_0002.pt,p1_win,0.0,27
2592,runs\models_9x9_scratch\checkpoints\cycle_0002.pt,runs\models_9x9_scratch\checkpoints\cycle_0061.pt,runs\models_9x9_scratch\checkpoints\cycle_0061.pt,runs\models_9x9_scratch\checkpoints\cycle_0002.pt,p1_win,0.0,27
2593,runs\models_9x9_scratch\checkpoints\cycle_0002.pt,runs\models_9x9_scratch\checkpoints\cycle_0061.pt,runs\models_9x9_scratch\checkpoints\cycle_0061.pt,runs\models_9x9_scratch\checkpoints\cycle_0002.pt,p1_win,0.0,27
2594,runs\models_9x9_scratch\checkpoints\cycle_0002.pt,runs\models_9x9_scratch\checkpoints\cycle_0061.pt,runs\models_9x9_scratch\checkpoints\cycle_0061.pt,runs\models_9x9_scratch\checkpoints\cycle_0002.pt,p1_win,0.0,27
2595,runs\models_9x9_scratch\checkpoints\cycle_0002.pt,runs\models_9x9_scratch\checkpoints\cycle_0061.pt,runs\models_9x9_scratch\checkpoints\cycle_0061.pt,runs\models_9x9_scratch\checkpoints\cycle_0002.pt,p1_win,0.0,27
2596,runs\models_9x9_scratch\checkpoints\cycle_0002.pt,runs\models_9x9_scratch\checkpoints\cycle_0061.pt,runs\models_9x9_scratch\checkpoints\cycle_0061.pt,runs\models_9x9_scratch\checkpoints\cycle_0002.pt,p1_win,0.0,27
2597,runs\models_9x9_scratch\checkpoints\cycle_0002.pt,runs\models_9x9_scratch\checkpoints\cycle_0061.pt,runs\models_9x9_scratch\checkpoints\cycle_0061.pt,runs\models_9x9_scratch\checkpoints\cycle_0002.pt,p1_win,0.0,27
2598,runs\models_9x9_scratch\checkpoints\cycle_0002.pt,runs\models_9x9_scratch\checkpoints\cycle_0061.pt,runs\models_9x9_scratch\checkpoints\cycle_0061.pt,runs\models_9x9_scratch\checkpoints\cycle_0002.pt,p1_win,0.0,27
2599,runs\models_9x9_scratch\checkpoints\cycle_0002.pt,runs\models_9x9_scratch\checkpoints\cycle_0061.pt,runs\models_9x9_scratch\checkpoints\cycle_0061.pt,runs\models_9x9_scratch\checkpoints\cycle_0002.pt,p1_win,0.0,27
2600,runs\models_9x9_scratch\checkpoints\cycle_0002.pt,runs\models_9x9_scratch\checkpoints\cycle_0061.pt,runs\models_9x9_scratch\checkpoints\cycle_0061.pt,runs\models_9x9_scratch\checkpoints\cycle_0002.pt,p1_win,0.0,27
2601,runs\models_9x9_scratch\checkpoints\cycle_0002.pt,runs\models_9x9_scratch\checkpoints\cycle_0061.pt,runs\models_9x9_scratch\checkpoints\cycle_0061.pt,runs\models_9x9_scratch\checkpoints\cycle_0002.pt,p1_win,0.0,27
2602,runs\models_9x9_scratch\checkpoints\cycle_0002.pt,runs\models_9x9_scratch\checkpoints\cycle_0061.pt,runs\models_9x9_scratch\checkpoints\cycle_0061.pt,runs\models_9x9_scratch\checkpoints\cycle_0002.pt,p1_win,0.0,27
2603,runs\models_9x9_scratch\checkpoints\cycle_0002.pt,runs\models_9x9_scratch\checkpoints\cycle_0061.pt,runs\models_9x9_scratch\checkpoints\cycle_0061.pt,runs\models_9x9_scratch\checkpoints\cycle_0002.pt,p1_win,0.0,27
2604,runs\models_9x9_scratch\checkpoints\cycle_0002.pt,runs\models_9x9_scratch\checkpoints\cycle_0061.pt,runs\models_9x9_scratch\checkpoints\cycle_0061.pt,runs\models_9x9_scratch\checkpoints\cycle_0002.pt,p1_win,0.0,27
2605,runs\models_9x9_scratch\checkpoints\cycle_0002.pt,runs\models_9x9_scratch\checkpoints\cycle_0061.pt,runs\models_9x9_scratch\checkpoints\cycle_0061.pt,runs\models_9x9_scratch\checkpoints\cycle_0002.pt,p1_win,0.0,27
2606,runs\models_9x9_scratch\checkpoints\cycle_0002.pt,runs\models_9x9_scratch\checkpoints\cycle_0061.pt,runs\models_9x9_scratch\checkpoints\cycle_0002.pt,runs\models_9x9_scratch\checkpoints\cycle_0061.pt,p2_win,0.0,28
2607,runs\models_9x9_scratch\checkpoints\cycle_0002.pt,runs\models_9x9_scratch\checkpoints\cycle_0061.pt,runs\models_9x9_scratch\checkpoints\cycle_0061.pt,runs\models_9x9_scratch\checkpoints\cycle_0002.pt,p1_win,0.0,27
2608,runs\models_9x9_scratch\checkpoints\cycle_0002.pt,runs\models_9x9_scratch\checkpoints\cycle_0061.pt,runs\models_9x9_scratch\checkpoints\cycle_0061.pt,runs\models_9x9_scratch\checkpoints\cycle_0002.pt,p1_win,0.0,27
2609,runs\models_9x9_scratch\checkpoints\cycle_0002.pt,runs\models_9x9_scratch\checkpoints\cycle_0061.pt,runs\models_9x9_scratch\checkpoints\cycle_0002.pt,runs\models_9x9_scratch\checkpoints\cycle_0061.pt,p2_win,0.0,28
2610,runs\models_9x9_scratch\checkpoints\cycle_0002.pt,runs\models_9x9_scratch\checkpoints\cycle_0061.pt,runs\models_9x9_scratch\checkpoints\cycle_0061.pt,runs\models_9x9_scratch\checkpoints\cycle_0002.pt,p1_win,0.0,27
2611,runs\models_9x9_scratch\checkpoints\cycle_0002.pt,runs\models_9x9_scratch\checkpoints\cycle_0061.pt,runs\models_9x9_scratch\checkpoints\cycle_0061.pt,runs\models_9x9_scratch\checkpoints\cycle_0002.pt,p1_win,0.0,27
2612,runs\models_9x9_scratch\checkpoints\cycle_0002.pt,runs\models_9x9_scratch\checkpoints\cycle_0061.pt,runs\models_9x9_scratch\checkpoints\cycle_0061.pt,runs\models_9x9_scratch\checkpoints\cycle_0002.pt,p1_win,0.0,27
2613,runs\models_9x9_scratch\checkpoints\cycle_0002.pt,runs\models_9x9_scratch\checkpoints\cycle_0061.pt,runs\models_9x9_scratch\checkpoints\cycle_0061.pt,runs\models_9x9_scratch\checkpoints\cycle_0002.pt,p1_win,0.0,27
2614,runs\models_9x9_scratch\checkpoints\cycle_0002.pt,runs\models_9x9_scratch\checkpoints\cycle_0061.pt,runs\models_9x9_scratch\checkpoints\cycle_0061.pt,runs\models_9x9_scratch\checkpoints\cycle_0002.pt,p1_win,0.0,27
2615,runs\models_9x9_scratch\checkpoints\cycle_0002.pt,runs\models_9x9_scratch\checkpoints\cycle_0061.pt,runs\models_9x9_scratch\checkpoints\cycle_0061.pt,runs\models_9x9_scratch\checkpoints\cycle_0002.pt,p1_win,0.0,27
2616,runs\models_9x9_scratch\checkpoints\cycle_0002.pt,runs\models_9x9_scratch\checkpoints\cycle_0061.pt,runs\models_9x9_scratch\checkpoints\cycle_0002.pt,runs\models_9x9_scratch\checkpoints\cycle_0061.pt,p2_win,0.0,28
2617,runs\models_9x9_scratch\checkpoints\cycle_0002.pt,runs\models_9x9_scratch\checkpoints\cycle_0061.pt,runs\models_9x9_scratch\checkpoints\cycle_0061.pt,runs\models_9x9_scratch\checkpoints\cycle_0002.pt,p1_win,0.0,27
2618,runs\models_9x9_scratch\checkpoints\cycle_0002.pt,runs\models_9x9_scratch\checkpoints\cycle_0061.pt,runs\models_9x9_scratch\checkpoints\cycle_0061.pt,runs\models_9x9_scratch\checkpoints\cycle_0002.pt,p1_win,0.0,27
2619,runs\models_9x9_scratch\checkpoints\cycle_0002.pt,runs\models_9x9_scratch\checkpoints\cycle_0061.pt,runs\models_9x9_scratch\checkpoints\cycle_0061.pt,runs\models_9x9_scratch\checkpoints\cycle_0002.pt,p1_win,0.0,27
2620,runs\models_9x9_scratch\checkpoints\cycle_0002.pt,runs\models_9x9_scratch\checkpoints\cycle_0061.pt,runs\models_9x9_scratch\checkpoints\cycle_0002.pt,runs\models_9x9_scratch\checkpoints\cycle_0061.pt,p2_win,0.0,28
2621,runs\models_9x9_scratch\checkpoints\cycle_0002.pt,runs\models_9x9_scratch\checkpoints\cycle_0061.pt,runs\models_9x9_scratch\checkpoints\cycle_0002.pt,runs\models_9x9_scratch\checkpoints\cycle_0061.pt,p2_win,0.0,28
2622,runs\models_9x9_scratch\checkpoints\cycle_0002.pt,runs\models_9x9_scratch\checkpoints\cycle_0061.pt,runs\models_9x9_scratch\checkpoints\cycle_0061.pt,runs\models_9x9_scratch\checkpoints\cycle_0002.pt,p1_win,0.0,27
2623,runs\models_9x9_scratch\checkpoints\cycle_0002.pt,runs\models_9x9_scratch\checkpoints\cycle_0061.pt,runs\models_9x9_scratch\checkpoints\cycle_0061.pt,runs\models_9x9_scratch\checkpoints\cycle_0002.pt,p1_win,0.0,27
2624,runs\models_9x9_scratch\checkpoints\cycle_0002.pt,runs\models_9x9_scratch\checkpoints\cycle_0061.pt,runs\models_9x9_scratch\checkpoints\cycle_0061.pt,runs\models_9x9_scratch\checkpoints\cycle_0002.pt,p1_win,0.0,27
2625,runs\models_9x9_scratch\checkpoints\cycle_0002.pt,runs\models_9x9_scratch\checkpoints\cycle_0061.pt,runs\models_9x9_scratch\checkpoints\cycle_0061.pt,runs\models_9x9_scratch\checkpoints\cycle_0002.pt,p1_win,0.0,27
2626,runs\models_9x9_scratch\checkpoints\cycle_0002.pt,runs\models_9x9_scratch\checkpoints\cycle_0061.pt,runs\models_9x9_scratch\checkpoints\cycle_0002.pt,runs\models_9x9_scratch\checkpoints\cycle_0061.pt,p2_win,0.0,28
2627,runs\models_9x9_scratch\checkpoints\cycle_0002.pt,runs\models_9x9_scratch\checkpoints\cycle_0061.pt,runs\models_9x9_scratch\checkpoints\cycle_0061.pt,runs\models_9x9_scratch\checkpoints\cycle_0002.pt,p1_win,0.0,27
2628,runs\models_9x9_scratch\checkpoints\cycle_0002.pt,runs\models_9x9_scratch\checkpoints\cycle_0061.pt,runs\models_9x9_scratch\checkpoints\cycle_0061.pt,runs\models_9x9_scratch\checkpoints\cycle_0002.pt,p1_win,0.0,27
2629,runs\models_9x9_scratch\checkpoints\cycle_0002.pt,runs\models_9x9_scratch\checkpoints\cycle_0061.pt,runs\models_9x9_scratch\checkpoints\cycle_0002.pt,runs\models_9x9_scratch\checkpoints\cycle_0061.pt,p2_win,0.0,28
2630,runs\models_9x9_scratch\checkpoints\cycle_0002.pt,runs\models_9x9_scratch\checkpoints\cycle_0061.pt,runs\models_9x9_scratch\checkpoints\cycle_0061.pt,runs\models_9x9_scratch\checkpoints\cycle_0002.pt,p1_win,0.0,27
2631,runs\models_9x9_scratch\checkpoints\cycle_0002.pt,runs\models_9x9_scratch\checkpoints\cycle_0061.pt,runs\models_9x9_scratch\checkpoints\cycle_0002.pt,runs\models_9x9_scratch\checkpoints\cycle_0061.pt,p2_win,0.0,28
2632,runs\models_9x9_scratch\checkpoints\cycle_0002.pt,runs\models_9x9_scratch\checkpoints\cycle_0061.pt,runs\models_9x9_scratch\checkpoints\cycle_0002.pt,runs\models_9x9_scratch\checkpoints\cycle_0061.pt,p2_win,0.0,28
2633,runs\models_9x9_scratch\checkpoints\cycle_0002.pt,runs\models_9x9_scratch\checkpoints\cycle_0061.pt,runs\models_9x9_scratch\checkpoints\cycle_0061.pt,runs\models_9x9_scratch\checkpoints\cycle_0002.pt,p1_win,0.0,27
2634,runs\models_9x9_scratch\checkpoints\cycle_0002.pt,runs\models_9x9_scratch\checkpoints\cycle_0061.pt,runs\models_9x9_scratch\checkpoints\cycle_0002.pt,runs\models_9x9_scratch\checkpoints\cycle_0061.pt,p2_win,0.0,28
2635,runs\models_9x9_scratch\checkpoints\cycle_0002.pt,runs\models_9x9_scratch\checkpoints\cycle_0061.pt,runs\models_9x9_scratch\checkpoints\cycle_0002.pt,runs\models_9x9_scratch\checkpoints\cycle_0061.pt,p2_win,0.0,28
2636,runs\models_9x9_scratch\checkpoints\cycle_0002.pt,runs\models_9x9_scratch\checkpoints\cycle_0061.pt,runs\models_9x9_scratch\checkpoints\cycle_0061.pt,runs\models_9x9_scratch\checkpoints\cycle_0002.pt,p1_win,0.0,27
2637,runs\models_9x9_scratch\checkpoints\cycle_0002.pt,runs\models_9x9_scratch\checkpoints\cycle_0061.pt,runs\models_9x9_scratch\checkpoints\cycle_0061.pt,runs\models_9x9_scratch\checkpoints\cycle_0002.pt,p1_win,0.0,27
2638,runs\models_9x9_scratch\checkpoints\cycle_0002.pt,runs\models_9x9_scratch\checkpoints\cycle_0061.pt,runs\models_9x9_scratch\checkpoints\cycle_0061.pt,runs\models_9x9_scratch\checkpoints\cycle_0002.pt,p1_win,0.0,27
2639,runs\models_9x9_scratch\checkpoints\cycle_0002.pt,runs\models_9x9_scratch\checkpoints\cycle_0061.pt,runs\models_9x9_scratch\checkpoints\cycle_0061.pt,runs\models_9x9_scratch\checkpoints\cycle_0002.pt,p1_win,0.0,27
2640,runs\models_9x9_scratch\checkpoints\cycle_0002.pt,runs\models_9x9_scratch\checkpoints\cycle_0061.pt,runs\models_9x9_scratch\checkpoints\cycle_0002.pt,runs\models_9x9_scratch\checkpoints\cycle_0061.pt,p2_win,0.0,28
2641,runs\models_9x9_scratch\checkpoints\cycle_0002.pt,runs\models_9x9_scratch\checkpoints\cycle_0061.pt,runs\models_9x9_scratch\checkpoints\cycle_0061.pt,runs\models_9x9_scratch\checkpoints\cycle_0002.pt,p1_win,0.0,27
2642,runs\models_9x9_scratch\checkpoints\cycle_0002.pt,runs\models_9x9_scratch\checkpoints\cycle_0061.pt,runs\models_9x9_scratch\checkpoints\cycle_0061.pt,runs\models_9x9_scratch\checkpoints\cycle_0002.pt,p1_win,0.0,27
2643,runs\models_9x9_scratch\checkpoints\cycle_0002.pt,runs\models_9x9_scratch\checkpoints\cycle_0061.pt,runs\models_9x9_scratch\checkpoints\cycle_0061.pt,runs\models_9x9_scratch\checkpoints\cycle_0002.pt,p1_win,0.0,27
2644,runs\models_9x9_scratch\checkpoints\cycle_0002.pt,runs\models_9x9_scratch\checkpoints\cycle_0061.pt,runs\models_9x9_scratch\checkpoints\cycle_0061.pt,runs\models_9x9_scratch\checkpoints\cycle_0002.pt,p1_win,0.0,27
2645,runs\models_9x9_scratch\checkpoints\cycle_0002.pt,runs\models_9x9_scratch\checkpoints\cycle_0061.pt,runs\models_9x9_scratch\checkpoints\cycle_0002.pt,runs\models_9x9_scratch\checkpoints\cycle_0061.pt,p2_win,0.0,28
2646,runs\models_9x9_scratch\checkpoints\cycle_0002.pt,runs\models_9x9_scratch\checkpoints\cycle_0061.pt,runs\models_9x9_scratch\checkpoints\cycle_0002.pt,runs\models_9x9_scratch\checkpoints\cycle_0061.pt,p2_win,0.0,28
2647,runs\models_9x9_scratch\checkpoints\cycle_0002.pt,runs\models_9x9_scratch\checkpoints\cycle_0061.pt,runs\models_9x9_scratch\checkpoints\cycle_0061.pt,runs\models_9x9_scratch\checkpoints\cycle_0002.pt,p1_win,0.0,27
2648,runs\models_9x9_scratch\checkpoints\cycle_0002.pt,runs\models_9x9_scratch\checkpoints\cycle_0061.pt,runs\models_9x9_scratch\checkpoints\cycle_0002.pt,runs\models_9x9_scratch\checkpoints\cycle_0061.pt,p2_win,0.0,28
2649,runs\models_9x9_scratch\checkpoints\cycle_0002.pt,runs\models_9x9_scratch\checkpoints\cycle_0061.pt,runs\models_9x9_scratch\checkpoints\cycle_0002.pt,runs\models_9x9_scratch\checkpoints\cycle_0061.pt,p2_win,0.0,28
2650,runs\models_9x9_scratch\checkpoints\cycle_0002.pt,runs\models_9x9_scratch\checkpoints\cycle_0061.pt,runs\models_9x9_scratch\checkpoints\cycle_0002.pt,runs\models_9x9_scratch\checkpoints\cycle_0061.pt,p2_win,0.0,28
2651,runs\models_9x9_scratch\checkpoints\cycle_0002.pt,runs\models_9x9_scratch\checkpoints\cycle_0061.pt,runs\models_9x9_scratch\checkpoints\cycle_0061.pt,runs\models_9x9_scratch\checkpoints\cycle_0002.pt,p1_win,0.0,27
2652,runs\models_9x9_scratch\checkpoints\cycle_0002.pt,runs\models_9x9_scratch\checkpoints\cycle_0061.pt,runs\models_9x9_scratch\checkpoints\cycle_0061.pt,runs\models_9x9_scratch\checkpoints\cycle_0002.pt,p1_win,0.0,27
2653,runs\models_9x9_scratch\checkpoints\cycle_0002.pt,runs\models_9x9_scratch\checkpoints\cycle_0061.pt,runs\models_9x9_scratch\checkpoints\cycle_0002.pt,runs\models_9x9_scratch\checkpoints\cycle_0061.pt,p2_win,0.0,28
2654,runs\models_9x9_scratch\checkpoints\cycle_0002.pt,runs\models_9x9_scratch\checkpoints\cycle_0061.pt,runs\models_9x9_scratch\checkpoints\cycle_0002.pt,runs\models_9x9_scratch\checkpoints\cycle_0061.pt,p2_win,0.0,28
2655,runs\models_9x9_scratch\checkpoints\cycle_0002.pt,runs\models_9x9_scratch\checkpoints\cycle_0061.pt,runs\models_9x9_scratch\checkpoints\cycle_0002.pt,runs\models_9x9_scratch\checkpoints\cycle_0061.pt,p2_win,0.0,28
2656,runs\models_9x9_scratch\checkpoints\cycle_0002.pt,runs\models_9x9_scratch\checkpoints\cycle_0061.pt,runs\models_9x9_scratch\checkpoints\cycle_0002.pt,runs\models_9x9_scratch\checkpoints\cycle_0061.pt,p2_win,0.0,28
2657,runs\models_9x9_scratch\checkpoints\cycle_0002.pt,runs\models_9x9_scratch\checkpoints\cycle_0061.pt,runs\models_9x9_scratch\checkpoints\cycle_0002.pt,runs\models_9x9_scratch\checkpoints\cycle_0061.pt,p2_win,0.0,28
2658,runs\models_9x9_scratch\checkpoints\cycle_0002.pt,runs\models_9x9_scratch\checkpoints\cycle_0061.pt,runs\models_9x9_scratch\checkpoints\cycle_0002.pt,runs\models_9x9_scratch\checkpoints\cycle_0061.pt,p2_win,0.0,28
2659,runs\models_9x9_scratch\checkpoints\cycle_0002.pt,runs\models_9x9_scratch\checkpoints\cycle_0061.pt,runs\models_9x9_scratch\checkpoints\cycle_0002.pt,runs\models_9x9_scratch\checkpoints\cycle_0061.pt,p2_win,0.0,30
2660,runs\models_9x9_scratch\checkpoints\cycle_0002.pt,runs\models_9x9_scratch\checkpoints\cycle_0061.pt,runs\models_9x9_scratch\checkpoints\cycle_0002.pt,runs\models_9x9_scratch\checkpoints\cycle_0061.pt,p2_win,0.0,30
2661,runs\models_9x9_scratch\checkpoints\cycle_0002.pt,runs\models_9x9_scratch\checkpoints\cycle_0061.pt,runs\models_9x9_scratch\checkpoints\cycle_0002.pt,runs\models_9x9_scratch\checkpoints\cycle_0061.pt,p2_win,0.0,28
2662,runs\models_9x9_scratch\checkpoints\cycle_0002.pt,runs\models_9x9_scratch\checkpoints\cycle_0061.pt,runs\models_9x9_scratch\checkpoints\cycle_0002.pt,runs\models_9x9_scratch\checkpoints\cycle_0061.pt,p2_win,0.0,30
2663,runs\models_9x9_scratch\checkpoints\cycle_0002.pt,runs\models_9x9_scratch\checkpoints\cycle_0061.pt,runs\models_9x9_scratch\checkpoints\cycle_0002.pt,runs\models_9x9_scratch\checkpoints\cycle_0061.pt,p2_win,0.0,30
2664,runs\models_9x9_scratch\checkpoints\cycle_0002.pt,runs\models_9x9_scratch\checkpoints\cycle_0061.pt,runs\models_9x9_scratch\checkpoints\cycle_0061.pt,runs\models_9x9_scratch\checkpoints\cycle_0002.pt,p1_win,0.0,29
2665,runs\models_9x9_scratch\checkpoints\cycle_0002.pt,runs\models_9x9_scratch\checkpoints\cycle_0061.pt,runs\models_9x9_scratch\checkpoints\cycle_0002.pt,runs\models_9x9_scratch\checkpoints\cycle_0061.pt,p2_win,0.0,30
2666,runs\models_9x9_scratch\checkpoints\cycle_0002.pt,runs\models_9x9_scratch\checkpoints\cycle_0061.pt,runs\models_9x9_scratch\checkpoints\cycle_0061.pt,runs\models_9x9_scratch\checkpoints\cycle_0002.pt,p1_win,0.0,29
2667,runs\models_9x9_scratch\checkpoints\cycle_0002.pt,runs\models_9x9_scratch\checkpoints\cycle_0061.pt,runs\models_9x9_scratch\checkpoints\cycle_0061.pt,runs\models_9x9_scratch\checkpoints\cycle_0002.pt,p1_win,0.0,29
2668,runs\models_9x9_scratch\checkpoints\cycle_0002.pt,runs\models_9x9_scratch\checkpoints\cycle_0061.pt,runs\models_9x9_scratch\checkpoints\cycle_0061.pt,runs\models_9x9_scratch\checkpoints\cycle_0002.pt,p1_win,0.0,29
2669,runs\models_9x9_scratch\checkpoints\cycle_0002.pt,runs\models_9x9_scratch\checkpoints\cycle_0061.pt,runs\models_9x9_scratch\checkpoints\cycle_0002.pt,runs\models_9x9_scratch\checkpoints\cycle_0061.pt,p2_win,0.0,30
2670,runs\models_9x9_scratch\checkpoints\cycle_0002.pt,runs\models_9x9_scratch\checkpoints\cycle_0061.pt,runs\models_9x9_scratch\checkpoints\cycle_0061.pt,runs\models_9x9_scratch\checkpoints\cycle_0002.pt,p1_win,0.0,29
2671,runs\models_9x9_scratch\checkpoints\cycle_0002.pt,runs\models_9x9_scratch\checkpoints\cycle_0061.pt,runs\models_9x9_scratch\checkpoints\cycle_0061.pt,runs\models_9x9_scratch\checkpoints\cycle_0002.pt,p1_win,0.0,29
2672,runs\models_9x9_scratch\checkpoints\cycle_0002.pt,runs\models_9x9_scratch\checkpoints\cycle_0061.pt,runs\models_9x9_scratch\checkpoints\cycle_0061.pt,runs\models_9x9_scratch\checkpoints\cycle_0002.pt,p1_win,0.0,29
2673,runs\models_9x9_scratch\checkpoints\cycle_0002.pt,runs\models_9x9_scratch\checkpoints\cycle_0061.pt,runs\models_9x9_scratch\checkpoints\cycle_0061.pt,runs\models_9x9_scratch\checkpoints\cycle_0002.pt,p1_win,0.0,29
2674,runs\models_9x9_scratch\checkpoints\cycle_0002.pt,runs\models_9x9_scratch\checkpoints\cycle_0061.pt,runs\models_9x9_scratch\checkpoints\cycle_0061.pt,runs\models_9x9_scratch\checkpoints\cycle_0002.pt,p1_win,0.0,29
2675,runs\models_9x9_scratch\checkpoints\cycle_0002.pt,runs\models_9x9_scratch\checkpoints\cycle_0061.pt,runs\models_9x9_scratch\checkpoints\cycle_0061.pt,runs\models_9x9_scratch\checkpoints\cycle_0002.pt,p1_win,0.0,29
2676,runs\models_9x9_scratch\checkpoints\cycle_0002.pt,runs\models_9x9_scratch\checkpoints\cycle_0061.pt,runs\models_9x9_scratch\checkpoints\cycle_0061.pt,runs\models_9x9_scratch\checkpoints\cycle_0002.pt,p1_win,0.0,29
2677,runs\models_9x9_scratch\checkpoints\cycle_0002.pt,runs\models_9x9_scratch\checkpoints\cycle_0061.pt,runs\models_9x9_scratch\checkpoints\cycle_0002.pt,runs\models_9x9_scratch\checkpoints\cycle_0061.pt,p2_win,0.0,30
2678,runs\models_9x9_scratch\checkpoints\cycle_0002.pt,runs\models_9x9_scratch\checkpoints\cycle_0061.pt,runs\models_9x9_scratch\checkpoints\cycle_0061.pt,runs\models_9x9_scratch\checkpoints\cycle_0002.pt,p1_win,0.0,29
2679,runs\models_9x9_scratch\checkpoints\cycle_0002.pt,runs\models_9x9_scratch\checkpoints\cycle_0061.pt,runs\models_9x9_scratch\checkpoints\cycle_0002.pt,runs\models_9x9_scratch\checkpoints\cycle_0061.pt,p2_win,0.0,30
2680,runs\models_9x9_scratch\checkpoints\cycle_0002.pt,runs\models_9x9_scratch\checkpoints\cycle_0061.pt,runs\models_9x9_scratch\checkpoints\cycle_0061.pt,runs\models_9x9_scratch\checkpoints\cycle_0002.pt,p1_win,0.0,29
2681,runs\models_9x9_scratch\checkpoints\cycle_0002.pt,runs\models_9x9_scratch\checkpoints\cycle_0061.pt,runs\models_9x9_scratch\checkpoints\cycle_0002.pt,runs\models_9x9_scratch\checkpoints\cycle_0061.pt,p2_win,0.0,30
2682,runs\models_9x9_scratch\checkpoints\cycle_0002.pt,runs\models_9x9_scratch\checkpoints\cycle_0061.pt,runs\models_9x9_scratch\checkpoints\cycle_0061.pt,runs\models_9x9_scratch\checkpoints\cycle_0002.pt,p1_win,0.0,31
2683,runs\models_9x9_scratch\checkpoints\cycle_0002.pt,runs\models_9x9_scratch\checkpoints\cycle_0061.pt,runs\models_9x9_scratch\checkpoints\cycle_0002.pt,runs\models_9x9_scratch\checkpoints\cycle_0061.pt,p2_win,0.0,30
2684,runs\models_9x9_scratch\checkpoints\cycle_0002.pt,runs\models_9x9_scratch\checkpoints\cycle_0061.pt,runs\models_9x9_scratch\checkpoints\cycle_0061.pt,runs\models_9x9_scratch\checkpoints\cycle_0002.pt,p1_win,0.0,29
2685,runs\models_9x9_scratch\checkpoints\cycle_0002.pt,runs\models_9x9_scratch\checkpoints\cycle_0061.pt,runs\models_9x9_scratch\checkpoints\cycle_0061.pt,runs\models_9x9_scratch\checkpoints\cycle_0002.pt,p1_win,0.0,29
2686,runs\models_9x9_scratch\checkpoints\cycle_0002.pt,runs\models_9x9_scratch\checkpoints\cycle_0061.pt,runs\models_9x9_scratch\checkpoints\cycle_0002.pt,runs\models_9x9_scratch\checkpoints\cycle_0061.pt,p2_win,0.0,30
2687,runs\models_9x9_scratch\checkpoints\cycle_0002.pt,runs\models_9x9_scratch\checkpoints\cycle_0061.pt,runs\models_9x9_scratch\checkpoints\cycle_0002.pt,runs\models_9x9_scratch\checkpoints\cycle_0061.pt,p2_win,0.0,30
2688,runs\models_9x9_scratch\checkpoints\cycle_0002.pt,runs\models_9x9_scratch\checkpoints\cycle_0061.pt,runs\models_9x9_scratch\checkpoints\cycle_0002.pt,runs\models_9x9_scratch\checkpoints\cycle_0061.pt,p2_win,0.0,30
2689,runs\models_9x9_scratch\checkpoints\cycle_0002.pt,runs\models_9x9_scratch\checkpoints\cycle_0061.pt,runs\models_9x9_scratch\checkpoints\cycle_0002.pt,runs\models_9x9_scratch\checkpoints\cycle_0061.pt,p2_win,0.0,30
2690,runs\models_9x9_scratch\checkpoints\cycle_0002.pt,runs\models_9x9_scratch\checkpoints\cycle_0061.pt,runs\models_9x9_scratch\checkpoints\cycle_0061.pt,runs\models_9x9_scratch\checkpoints\cycle_0002.pt,p1_win,0.0,29
2691,runs\models_9x9_scratch\checkpoints\cycle_0002.pt,runs\models_9x9_scratch\checkpoints\cycle_0061.pt,runs\models_9x9_scratch\checkpoints\cycle_0002.pt,runs\models_9x9_scratch\checkpoints\cycle_0061.pt,p2_win,0.0,30
2692,runs\models_9x9_scratch\checkpoints\cycle_0002.pt,runs\models_9x9_scratch\checkpoints\cycle_0061.pt,runs\models_9x9_scratch\checkpoints\cycle_0061.pt,runs\models_9x9_scratch\checkpoints\cycle_0002.pt,p1_win,0.0,29
2693,runs\models_9x9_scratch\checkpoints\cycle_0002.pt,runs\models_9x9_scratch\checkpoints\cycle_0061.pt,runs\models_9x9_scratch\checkpoints\cycle_0002.pt,runs\models_9x9_scratch\checkpoints\cycle_0061.pt,p2_win,0.0,30
2694,runs\models_9x9_scratch\checkpoints\cycle_0002.pt,runs\models_9x9_scratch\checkpoints\cycle_0061.pt,runs\models_9x9_scratch\checkpoints\cycle_0061.pt,runs\models_9x9_scratch\checkpoints\cycle_0002.pt,p1_win,0.0,29
2695,runs\models_9x9_scratch\checkpoints\cycle_0002.pt,runs\models_9x9_scratch\checkpoints\cycle_0061.pt,runs\models_9x9_scratch\checkpoints\cycle_0002.pt,runs\models_9x9_scratch\checkpoints\cycle_0061.pt,p2_win,0.0,30
2696,runs\models_9x9_scratch\checkpoints\cycle_0002.pt,runs\models_9x9_scratch\checkpoints\cycle_0061.pt,runs\models_9x9_scratch\checkpoints\cycle_0002.pt,runs\models_9x9_scratch\checkpoints\cycle_0061.pt,p2_win,0.0,30
2697,runs\models_9x9_scratch\checkpoints\cycle_0002.pt,runs\models_9x9_scratch\checkpoints\cycle_0061.pt,runs\models_9x9_scratch\checkpoints\cycle_0061.pt,runs\models_9x9_scratch\checkpoints\cycle_0002.pt,p1_win,0.0,29
2698,runs\models_9x9_scratch\checkpoints\cycle_0002.pt,runs\models_9x9_scratch\checkpoints\cycle_0061.pt,runs\models_9x9_scratch\checkpoints\cycle_0061.pt,runs\models_9x9_scratch\checkpoints\cycle_0002.pt,p1_win,0.0,29
2699,runs\models_9x9_scratch\checkpoints\cycle_0002.pt,runs\models_9x9_scratch\checkpoints\cycle_0061.pt,runs\models_9x9_scratch\checkpoints\cycle_0061.pt,runs\models_9x9_scratch\checkpoints\cycle_0002.pt,p1_win,0.0,29
2700,runs\models_9x9_scratch\checkpoints\cycle_0002.pt,runs\models_9x9_scratch\checkpoints\cycle_0061.pt,runs\models_9x9_scratch\checkpoints\cycle_0061.pt,runs\models_9x9_scratch\checkpoints\cycle_0002.pt,p1_win,0.0,29
2701,runs\models_9x9_scratch\checkpoints\cycle_0002.pt,runs\models_9x9_scratch\checkpoints\cycle_0061.pt,runs\models_9x9_scratch\checkpoints\cycle_0061.pt,runs\models_9x9_scratch\checkpoints\cycle_0002.pt,p1_win,0.0,29
2702,runs\models_9x9_scratch\checkpoints\cycle_0002.pt,runs\models_9x9_scratch\checkpoints\cycle_0061.pt,runs\models_9x9_scratch\checkpoints\cycle_0061.pt,runs\models_9x9_scratch\checkpoints\cycle_0002.pt,p1_win,0.0,29
2703,runs\models_9x9_scratch\checkpoints\cycle_0002.pt,runs\models_9x9_scratch\checkpoints\cycle_0061.pt,runs\models_9x9_scratch\checkpoints\cycle_0061.pt,runs\models_9x9_scratch\checkpoints\cycle_0002.pt,p1_win,0.0,29
2704,runs\models_9x9_scratch\checkpoints\cycle_0002.pt,runs\models_9x9_scratch\checkpoints\cycle_0061.pt,runs\models_9x9_scratch\checkpoints\cycle_0002.pt,runs\models_9x9_scratch\checkpoints\cycle_0061.pt,p2_win,0.0,30
2705,runs\models_9x9_scratch\checkpoints\cycle_0002.pt,runs\models_9x9_scratch\checkpoints\cycle_0061.pt,runs\models_9x9_scratch\checkpoints\cycle_0061.pt,runs\models_9x9_scratch\checkpoints\cycle_0002.pt,p1_win,0.0,29
2706,runs\models_9x9_scratch\checkpoints\cycle_0002.pt,runs\models_9x9_scratch\checkpoints\cycle_0061.pt,runs\models_9x9_scratch\checkpoints\cycle_0061.pt,runs\models_9x9_scratch\checkpoints\cycle_0002.pt,p1_win,0.0,29
2707,runs\models_9x9_scratch\checkpoints\cycle_0002.pt,runs\models_9x9_scratch\checkpoints\cycle_0061.pt,runs\models_9x9_scratch\checkpoints\cycle_0002.pt,runs\models_9x9_scratch\checkpoints\cycle_0061.pt,p2_win,0.0,30
2708,runs\models_9x9_scratch\checkpoints\cycle_0002.pt,runs\models_9x9_scratch\checkpoints\cycle_0061.pt,runs\models_9x9_scratch\checkpoints\cycle_0002.pt,runs\models_9x9_scratch\checkpoints\cycle_0061.pt,p2_win,0.0,30
2709,runs\models_9x9_scratch\checkpoints\cycle_0002.pt,runs\models_9x9_scratch\checkpoints\cycle_0061.pt,runs\models_9x9_scratch\checkpoints\cycle_0002.pt,runs\models_9x9_scratch\checkpoints\cycle_0061.pt,p2_win,0.0,32
2710,runs\models_9x9_scratch\checkpoints\cycle_0002.pt,runs\models_9x9_scratch\checkpoints\cycle_0061.pt,runs\models_9x9_scratch\checkpoints\cycle_0002.pt,runs\models_9x9_scratch\checkpoints\cycle_0061.pt,p2_win,0.0,30
2711,runs\models_9x9_scratch\checkpoints\cycle_0002.pt,runs\models_9x9_scratch\checkpoints\cycle_0061.pt,runs\models_9x9_scratch\checkpoints\cycle_0002.pt,runs\models_9x9_scratch\checkpoints\cycle_0061.pt,p2_win,0.0,30
2712,runs\models_9x9_scratch\checkpoints\cycle_0002.pt,runs\models_9x9_scratch\checkpoints\cycle_0061.pt,runs\models_9x9_scratch\checkpoints\cycle_0061.pt,runs\models_9x9_scratch\checkpoints\cycle_0002.pt,p1_win,0.0,31
2713,runs\models_9x9_scratch\checkpoints\cycle_0002.pt,runs\models_9x9_scratch\checkpoints\cycle_0061.pt,runs\models_9x9_scratch\checkpoints\cycle_0002.pt,runs\models_9x9_scratch\checkpoints\cycle_0061.pt,p2_win,0.0,32
2714,runs\models_9x9_scratch\checkpoints\cycle_0002.pt,runs\models_9x9_scratch\checkpoints\cycle_0061.pt,runs\models_9x9_scratch\checkpoints\cycle_0002.pt,runs\models_9x9_scratch\checkpoints\cycle_0061.pt,p2_win,0.0,32
2715,runs\models_9x9_scratch\checkpoints\cycle_0002.pt,runs\models_9x9_scratch\checkpoints\cycle_0061.pt,runs\models_9x9_scratch\checkpoints\cycle_0002.pt,runs\models_9x9_scratch\checkpoints\cycle_0061.pt,p2_win,0.0,32
2716,runs\models_9x9_scratch\checkpoints\cycle_0002.pt,runs\models_9x9_scratch\checkpoints\cycle_0061.pt,runs\models_9x9_scratch\checkpoints\cycle_0002.pt,runs\models_9x9_scratch\checkpoints\cycle_0061.pt,p2_win,0.0,32
2717,runs\models_9x9_scratch\checkpoints\cycle_0002.pt,runs\models_9x9_scratch\checkpoints\cycle_0061.pt,runs\models_9x9_scratch\checkpoints\cycle_0002.pt,runs\models_9x9_scratch\checkpoints\cycle_0061.pt,p2_win,0.0,32
2718,runs\models_9x9_scratch\checkpoints\cycle_0002.pt,runs\models_9x9_scratch\checkpoints\cycle_0061.pt,runs\models_9x9_scratch\checkpoints\cycle_0002.pt,runs\models_9x9_scratch\checkpoints\cycle_0061.pt,p2_win,0.0,32
2719,runs\models_9x9_scratch\checkpoints\cycle_0002.pt,runs\models_9x9_scratch\checkpoints\cycle_0061.pt,runs\models_9x9_scratch\checkpoints\cycle_0002.pt,runs\models_9x9_scratch\checkpoints\cycle_0061.pt,p2_win,0.0,32
2720,runs\models_9x9_scratch\checkpoints\cycle_0002.pt,runs\models_9x9_scratch\checkpoints\cycle_0061.pt,runs\models_9x9_scratch\checkpoints\cycle_0002.pt,runs\models_9x9_scratch\checkpoints\cycle_0061.pt,p2_win,0.0,32
2721,runs\models_9x9_scratch\checkpoints\cycle_0002.pt,runs\models_9x9_scratch\checkpoints\cycle_0061.pt,runs\models_9x9_scratch\checkpoints\cycle_0002.pt,runs\models_9x9_scratch\checkpoints\cycle_0061.pt,p2_win,0.0,32
2722,runs\models_9x9_scratch\checkpoints\cycle_0002.pt,runs\models_9x9_scratch\checkpoints\cycle_0061.pt,runs\models_9x9_scratch\checkpoints\cycle_0061.pt,runs\models_9x9_scratch\checkpoints\cycle_0002.pt,p1_win,0.0,31
2723,runs\models_9x9_scratch\checkpoints\cycle_0002.pt,runs\models_9x9_scratch\checkpoints\cycle_0061.pt,runs\models_9x9_scratch\checkpoints\cycle_0061.pt,runs\models_9x9_scratch\checkpoints\cycle_0002.pt,p1_win,0.0,31
2724,runs\models_9x9_scratch\checkpoints\cycle_0002.pt,runs\models_9x9_scratch\checkpoints\cycle_0061.pt,runs\models_9x9_scratch\checkpoints\cycle_0002.pt,runs\models_9x9_scratch\checkpoints\cycle_0061.pt,p2_win,0.0,32
2725,runs\models_9x9_scratch\checkpoints\cycle_0002.pt,runs\models_9x9_scratch\checkpoints\cycle_0061.pt,runs\models_9x9_scratch\checkpoints\cycle_0002.pt,runs\models_9x9_scratch\checkpoints\cycle_0061.pt,p2_win,0.0,32
2726,runs\models_9x9_scratch\checkpoints\cycle_0002.pt,runs\models_9x9_scratch\checkpoints\cycle_0061.pt,runs\models_9x9_scratch\checkpoints\cycle_0061.pt,runs\models_9x9_scratch\checkpoints\cycle_0002.pt,p1_win,0.0,31
2727,runs\models_9x9_scratch\checkpoints\cycle_0002.pt,runs\models_9x9_scratch\checkpoints\cycle_0061.pt,runs\models_9x9_scratch\checkpoints\cycle_0002.pt,runs\models_9x9_scratch\checkpoints\cycle_0061.pt,p2_win,0.0,32
2728,runs\models_9x9_scratch\checkpoints\cycle_0002.pt,runs\models_9x9_scratch\checkpoints\cycle_0061.pt,runs\models_9x9_scratch\checkpoints\cycle_0002.pt,runs\models_9x9_scratch\checkpoints\cycle_0061.pt,p2_win,0.0,32
2729,runs\models_9x9_scratch\checkpoints\cycle_0002.pt,runs\models_9x9_scratch\checkpoints\cycle_0061.pt,runs\models_9x9_scratch\checkpoints\cycle_0002.pt,runs\models_9x9_scratch\checkpoints\cycle_0061.pt,p2_win,0.0,32
2730,runs\models_9x9_scratch\checkpoints\cycle_0002.pt,runs\models_9x9_scratch\checkpoints\cycle_0061.pt,runs\models_9x9_scratch\checkpoints\cycle_0002.pt,runs\models_9x9_scratch\checkpoints\cycle_0061.pt,p2_win,0.0,32
2731,runs\models_9x9_scratch\checkpoints\cycle_0002.pt,runs\models_9x9_scratch\checkpoints\cycle_0061.pt,runs\models_9x9_scratch\checkpoints\cycle_0002.pt,runs\models_9x9_scratch\checkpoints\cycle_0061.pt,p2_win,0.0,32
2732,runs\models_9x9_scratch\checkpoints\cycle_0002.pt,runs\models_9x9_scratch\checkpoints\cycle_0061.pt,runs\models_9x9_scratch\checkpoints\cycle_0002.pt,runs\models_9x9_scratch\checkpoints\cycle_0061.pt,p2_win,0.0,32
2733,runs\models_9x9_scratch\checkpoints\cycle_0002.pt,runs\models_9x9_scratch\checkpoints\cycle_0061.pt,runs\models_9x9_scratch\checkpoints\cycle_0002.pt,runs\models_9x9_scratch\checkpoints\cycle_0061.pt,p2_win,0.0,32
2734,runs\models_9x9_scratch\checkpoints\cycle_0002.pt,runs\models_9x9_scratch\checkpoints\cycle_0061.pt,runs\models_9x9_scratch\checkpoints\cycle_0061.pt,runs\models_9x9_scratch\checkpoints\cycle_0002.pt,p1_win,0.0,31
2735,runs\models_9x9_scratch\checkpoints\cycle_0002.pt,runs\models_9x9_scratch\checkpoints\cycle_0061.pt,runs\models_9x9_scratch\checkpoints\cycle_0061.pt,runs\models_9x9_scratch\checkpoints\cycle_0002.pt,p1_win,0.0,31
2736,runs\models_9x9_scratch\checkpoints\cycle_0002.pt,runs\models_9x9_scratch\checkpoints\cycle_0061.pt,runs\models_9x9_scratch\checkpoints\cycle_0002.pt,runs\models_9x9_scratch\checkpoints\cycle_0061.pt,p2_win,0.0,32
2737,runs\models_9x9_scratch\checkpoints\cycle_0002.pt,runs\models_9x9_scratch\checkpoints\cycle_0061.pt,runs\models_9x9_scratch\checkpoints\cycle_0061.pt,runs\models_9x9_scratch\checkpoints\cycle_0002.pt,p1_win,0.0,31
2738,runs\models_9x9_scratch\checkpoints\cycle_0002.pt,runs\models_9x9_scratch\checkpoints\cycle_0061.pt,runs\models_9x9_scratch\checkpoints\cycle_0002.pt,runs\models_9x9_scratch\checkpoints\cycle_0061.pt,p2_win,0.0,32
2739,runs\models_9x9_scratch\checkpoints\cycle_0002.pt,runs\models_9x9_scratch\checkpoints\cycle_0061.pt,runs\models_9x9_scratch\checkpoints\cycle_0002.pt,runs\models_9x9_scratch\checkpoints\cycle_0061.pt,p2_win,0.0,32
2740,runs\models_9x9_scratch\checkpoints\cycle_0002.pt,runs\models_9x9_scratch\checkpoints\cycle_0061.pt,runs\models_9x9_scratch\checkpoints\cycle_0002.pt,runs\models_9x9_scratch\checkpoints\cycle_0061.pt,p2_win,0.0,32
2741,runs\models_9x9_scratch\checkpoints\cycle_0002.pt,runs\models_9x9_scratch\checkpoints\cycle_0061.pt,runs\models_9x9_scratch\checkpoints\cycle_0061.pt,runs\models_9x9_scratch\checkpoints\cycle_0002.pt,p1_win,0.0,31
2742,runs\models_9x9_scratch\checkpoints\cycle_0002.pt,runs\models_9x9_scratch\checkpoints\cycle_0061.pt,runs\models_9x9_scratch\checkpoints\cycle_0002.pt,runs\models_9x9_scratch\checkpoints\cycle_0061.pt,p2_win,0.0,32
2743,runs\models_9x9_scratch\checkpoints\cycle_0002.pt,runs\models_9x9_scratch\checkpoints\cycle_0061.pt,runs\models_9x9_scratch\checkpoints\cycle_0002.pt,runs\models_9x9_scratch\checkpoints\cycle_0061.pt,p2_win,0.0,32
2744,runs\models_9x9_scratch\checkpoints\cycle_0002.pt,runs\models_9x9_scratch\checkpoints\cycle_0061.pt,runs\models_9x9_scratch\checkpoints\cycle_0002.pt,runs\models_9x9_scratch\checkpoints\cycle_0061.pt,p2_win,0.0,32
2745,runs\models_9x9_scratch\checkpoints\cycle_0002.pt,runs\models_9x9_scratch\checkpoints\cycle_0061.pt,runs\models_9x9_scratch\checkpoints\cycle_0061.pt,runs\models_9x9_scratch\checkpoints\cycle_0002.pt,p1_win,0.0,31
2746,runs\models_9x9_scratch\checkpoints\cycle_0002.pt,runs\models_9x9_scratch\checkpoints\cycle_0061.pt,runs\models_9x9_scratch\checkpoints\cycle_0061.pt,runs\models_9x9_scratch\checkpoints\cycle_0002.pt,p1_win,0.0,31
2747,runs\models_9x9_scratch\checkpoints\cycle_0002.pt,runs\models_9x9_scratch\checkpoints\cycle_0061.pt,runs\models_9x9_scratch\checkpoints\cycle_0061.pt,runs\models_9x9_scratch\checkpoints\cycle_0002.pt,p1_win,0.0,31
2748,runs\models_9x9_scratch\checkpoints\cycle_0002.pt,runs\models_9x9_scratch\checkpoints\cycle_0061.pt,runs\models_9x9_scratch\checkpoints\cycle_0002.pt,runs\models_9x9_scratch\checkpoints\cycle_0061.pt,p2_win,0.0,32
2749,runs\models_9x9_scratch\checkpoints\cycle_0002.pt,runs\models_9x9_scratch\checkpoints\cycle_0061.pt,runs\models_9x9_scratch\checkpoints\cycle_0061.pt,runs\models_9x9_scratch\checkpoints\cycle_0002.pt,p1_win,0.0,31
2750,runs\models_9x9_scratch\checkpoints\cycle_0002.pt,runs\models_9x9_scratch\checkpoints\cycle_0061.pt,runs\models_9x9_scratch\checkpoints\cycle_0002.pt,runs\models_9x9_scratch\checkpoints\cycle_0061.pt,p2_win,0.0,32
2751,runs\models_9x9_scratch\checkpoints\cycle_0002.pt,runs\models_9x9_scratch\checkpoints\cycle_0061.pt,runs\models_9x9_scratch\checkpoints\cycle_0061.pt,runs\models_9x9_scratch\checkpoints\cycle_0002.pt,p1_win,0.0,31
2752,runs\models_9x9_scratch\checkpoints\cycle_0002.pt,runs\models_9x9_scratch\checkpoints\cycle_0061.pt,runs\models_9x9_scratch\checkpoints\cycle_0002.pt,runs\models_9x9_scratch\checkpoints\cycle_0061.pt,p2_win,0.0,32
2753,runs\models_9x9_scratch\checkpoints\cycle_0002.pt,runs\models_9x9_scratch\checkpoints\cycle_0061.pt,runs\models_9x9_scratch\checkpoints\cycle_0061.pt,runs\models_9x9_scratch\checkpoints\cycle_0002.pt,p1_win,0.0,31
2754,runs\models_9x9_scratch\checkpoints\cycle_0002.pt,runs\models_9x9_scratch\checkpoints\cycle_0061.pt,runs\models_9x9_scratch\checkpoints\cycle_0061.pt,runs\models_9x9_scratch\checkpoints\cycle_0002.pt,p1_win,0.0,31
2755,runs\models_9x9_scratch\checkpoints\cycle_0002.pt,runs\models_9x9_scratch\checkpoints\cycle_0061.pt,runs\models_9x9_scratch\checkpoints\cycle_0061.pt,runs\models_9x9_scratch\checkpoints\cycle_0002.pt,p1_win,0.0,33
2756,runs\models_9x9_scratch\checkpoints\cycle_0002.pt,runs\models_9x9_scratch\checkpoints\cycle_0061.pt,runs\models_9x9_scratch\checkpoints\cycle_0061.pt,runs\models_9x9_scratch\checkpoints\cycle_0002.pt,p1_win,0.0,31
2757,runs\models_9x9_scratch\checkpoints\cycle_0002.pt,runs\models_9x9_scratch\checkpoints\cycle_0061.pt,runs\models_9x9_scratch\checkpoints\cycle_0002.pt,runs\models_9x9_scratch\checkpoints\cycle_0061.pt,p2_win,0.0,32
2758,runs\models_9x9_scratch\checkpoints\cycle_0002.pt,runs\models_9x9_scratch\checkpoints\cycle_0061.pt,runs\models_9x9_scratch\checkpoints\cycle_0002.pt,runs\models_9x9_scratch\checkpoints\cycle_0061.pt,p2_win,0.0,32
2759,runs\models_9x9_scratch\checkpoints\cycle_0002.pt,runs\models_9x9_scratch\checkpoints\cycle_0061.pt,runs\models_9x9_scratch\checkpoints\cycle_0002.pt,runs\models_9x9_scratch\checkpoints\cycle_0061.pt,p2_win,0.0,32
2760,runs\models_9x9_scratch\checkpoints\cycle_0002.pt,runs\models_9x9_scratch\checkpoints\cycle_0061.pt,runs\models_9x9_scratch\checkpoints\cycle_0002.pt,runs\models_9x9_scratch\checkpoints\cycle_0061.pt,p2_win,0.0,32
2761,runs\models_9x9_scratch\checkpoints\cycle_0002.pt,runs\models_9x9_scratch\checkpoints\cycle_0061.pt,runs\models_9x9_scratch\checkpoints\cycle_0061.pt,runs\models_9x9_scratch\checkpoints\cycle_0002.pt,p1_win,0.0,31
2762,runs\models_9x9_scratch\checkpoints\cycle_0002.pt,runs\models_9x9_scratch\checkpoints\cycle_0061.pt,runs\models_9x9_scratch\checkpoints\cycle_0061.pt,runs\models_9x9_scratch\checkpoints\cycle_0002.pt,p1_win,0.0,31
2763,runs\models_9x9_scratch\checkpoints\cycle_0002.pt,runs\models_9x9_scratch\checkpoints\cycle_0061.pt,runs\models_9x9_scratch\checkpoints\cycle_0002.pt,runs\models_9x9_scratch\checkpoints\cycle_0061.pt,p2_win,0.0,32
2764,runs\models_9x9_scratch\checkpoints\cycle_0002.pt,runs\models_9x9_scratch\checkpoints\cycle_0061.pt,runs\models_9x9_scratch\checkpoints\cycle_0002.pt,runs\models_9x9_scratch\checkpoints\cycle_0061.pt,p2_win,0.0,32
2765,runs\models_9x9_scratch\checkpoints\cycle_0002.pt,runs\models_9x9_scratch\checkpoints\cycle_0061.pt,runs\models_9x9_scratch\checkpoints\cycle_0002.pt,runs\models_9x9_scratch\checkpoints\cycle_0061.pt,p2_win,0.0,32
2766,runs\models_9x9_scratch\checkpoints\cycle_0002.pt,runs\models_9x9_scratch\checkpoints\cycle_0061.pt,runs\models_9x9_scratch\checkpoints\cycle_0061.pt,runs\models_9x9_scratch\checkpoints\cycle_0002.pt,p1_win,0.0,31
2767,runs\models_9x9_scratch\checkpoints\cycle_0002.pt,runs\models_9x9_scratch\checkpoints\cycle_0061.pt,runs\models_9x9_scratch\checkpoints\cycle_0002.pt,runs\models_9x9_scratch\checkpoints\cycle_0061.pt,p2_win,0.0,32
2768,runs\models_9x9_scratch\checkpoints\cycle_0002.pt,runs\models_9x9_scratch\checkpoints\cycle_0061.pt,runs\models_9x9_scratch\checkpoints\cycle_0061.pt,runs\models_9x9_scratch\checkpoints\cycle_0002.pt,p1_win,0.0,31
2769,runs\models_9x9_scratch\checkpoints\cycle_0002.pt,runs\models_9x9_scratch\checkpoints\cycle_0061.pt,runs\models_9x9_scratch\checkpoints\cycle_0002.pt,runs\models_9x9_scratch\checkpoints\cycle_0061.pt,p2_win,0.0,32
2770,runs\models_9x9_scratch\checkpoints\cycle_0002.pt,runs\models_9x9_scratch\checkpoints\cycle_0061.pt,runs\models_9x9_scratch\checkpoints\cycle_0061.pt,runs\models_9x9_scratch\checkpoints\cycle_0002.pt,p1_win,0.0,31
2771,runs\models_9x9_scratch\checkpoints\cycle_0002.pt,runs\models_9x9_scratch\checkpoints\cycle_0061.pt,runs\models_9x9_scratch\checkpoints\cycle_0061.pt,runs\models_9x9_scratch\checkpoints\cycle_0002.pt,p1_win,0.0,31
2772,runs\models_9x9_scratch\checkpoints\cycle_0002.pt,runs\models_9x9_scratch\checkpoints\cycle_0061.pt,runs\models_9x9_scratch\checkpoints\cycle_0002.pt,runs\models_9x9_scratch\checkpoints\cycle_0061.pt,p2_win,0.0,32
2773,runs\models_9x9_scratch\checkpoints\cycle_0002.pt,runs\models_9x9_scratch\checkpoints\cycle_0061.pt,runs\models_9x9_scratch\checkpoints\cycle_0002.pt,runs\models_9x9_scratch\checkpoints\cycle_0061.pt,p2_win,0.0,32
2774,runs\models_9x9_scratch\checkpoints\cycle_0002.pt,runs\models_9x9_scratch\checkpoints\cycle_0061.pt,runs\models_9x9_scratch\checkpoints\cycle_0061.pt,runs\models_9x9_scratch\checkpoints\cycle_0002.pt,p1_win,0.0,33
2775,runs\models_9x9_scratch\checkpoints\cycle_0002.pt,runs\models_9x9_scratch\checkpoints\cycle_0061.pt,runs\models_9x9_scratch\checkpoints\cycle_0061.pt,runs\models_9x9_scratch\checkpoints\cycle_0002.pt,p1_win,0.0,31
2776,runs\models_9x9_scratch\checkpoints\cycle_0002.pt,runs\models_9x9_scratch\checkpoints\cycle_0061.pt,runs\models_9x9_scratch\checkpoints\cycle_0002.pt,runs\models_9x9_scratch\checkpoints\cycle_0061.pt,p2_win,0.0,32
2777,runs\models_9x9_scratch\checkpoints\cycle_0002.pt,runs\models_9x9_scratch\checkpoints\cycle_0061.pt,runs\models_9x9_scratch\checkpoints\cycle_0061.pt,runs\models_9x9_scratch\checkpoints\cycle_0002.pt,p1_win,0.0,31
2778,runs\models_9x9_scratch\checkpoints\cycle_0002.pt,runs\models_9x9_scratch\checkpoints\cycle_0061.pt,runs\models_9x9_scratch\checkpoints\cycle_0002.pt,runs\models_9x9_scratch\checkpoints\cycle_0061.pt,p2_win,0.0,32
2779,runs\models_9x9_scratch\checkpoints\cycle_0002.pt,runs\models_9x9_scratch\checkpoints\cycle_0061.pt,runs\models_9x9_scratch\checkpoints\cycle_0061.pt,runs\models_9x9_scratch\checkpoints\cycle_0002.pt,p1_win,0.0,31
2780,runs\models_9x9_scratch\checkpoints\cycle_0002.pt,runs\models_9x9_scratch\checkpoints\cycle_0061.pt,runs\models_9x9_scratch\checkpoints\cycle_0061.pt,runs\models_9x9_scratch\checkpoints\cycle_0002.pt,p1_win,0.0,31
2781,runs\models_9x9_scratch\checkpoints\cycle_0002.pt,runs\models_9x9_scratch\checkpoints\cycle_0061.pt,runs\models_9x9_scratch\checkpoints\cycle_0002.pt,runs\models_9x9_scratch\checkpoints\cycle_0061.pt,p2_win,0.0,34
2782,runs\models_9x9_scratch\checkpoints\cycle_0002.pt,runs\models_9x9_scratch\checkpoints\cycle_0061.pt,runs\models_9x9_scratch\checkpoints\cycle_0061.pt,runs\models_9x9_scratch\checkpoints\cycle_0002.pt,p1_win,0.0,33
2783,runs\models_9x9_scratch\checkpoints\cycle_0002.pt,runs\models_9x9_scratch\checkpoints\cycle_0061.pt,runs\models_9x9_scratch\checkpoints\cycle_0002.pt,runs\models_9x9_scratch\checkpoints\cycle_0061.pt,p2_win,0.0,32
2784,runs\models_9x9_scratch\checkpoints\cycle_0002.pt,runs\models_9x9_scratch\checkpoints\cycle_0061.pt,runs\models_9x9_scratch\checkpoints\cycle_0002.pt,runs\models_9x9_scratch\checkpoints\cycle_0061.pt,p2_win,0.0,34
2785,runs\models_9x9_scratch\checkpoints\cycle_0002.pt,runs\models_9x9_scratch\checkpoints\cycle_0061.pt,runs\models_9x9_scratch\checkpoints\cycle_0061.pt,runs\models_9x9_scratch\checkpoints\cycle_0002.pt,p1_win,0.0,33
2786,runs\models_9x9_scratch\checkpoints\cycle_0002.pt,runs\models_9x9_scratch\checkpoints\cycle_0061.pt,runs\models_9x9_scratch\checkpoints\cycle_0002.pt,runs\models_9x9_scratch\checkpoints\cycle_0061.pt,p2_win,0.0,34
2787,runs\models_9x9_scratch\checkpoints\cycle_0002.pt,runs\models_9x9_scratch\checkpoints\cycle_0061.pt,runs\models_9x9_scratch\checkpoints\cycle_0002.pt,runs\models_9x9_scratch\checkpoints\cycle_0061.pt,p2_win,0.0,34
2788,runs\models_9x9_scratch\checkpoints\cycle_0002.pt,runs\models_9x9_scratch\checkpoints\cycle_0061.pt,runs\models_9x9_scratch\checkpoints\cycle_0061.pt,runs\models_9x9_scratch\checkpoints\cycle_0002.pt,p1_win,0.0,31
2789,runs\models_9x9_scratch\checkpoints\cycle_0002.pt,runs\models_9x9_scratch\checkpoints\cycle_0061.pt,runs\models_9x9_scratch\checkpoints\cycle_0061.pt,runs\models_9x9_scratch\checkpoints\cycle_0002.pt,p1_win,0.0,33
2790,runs\models_9x9_scratch\checkpoints\cycle_0002.pt,runs\models_9x9_scratch\checkpoints\cycle_0061.pt,runs\models_9x9_scratch\checkpoints\cycle_0002.pt,runs\models_9x9_scratch\checkpoints\cycle_0061.pt,p2_win,0.0,34
2791,runs\models_9x9_scratch\checkpoints\cycle_0002.pt,runs\models_9x9_scratch\checkpoints\cycle_0061.pt,runs\models_9x9_scratch\checkpoints\cycle_0061.pt,runs\models_9x9_scratch\checkpoints\cycle_0002.pt,p1_win,0.0,33
2792,runs\models_9x9_scratch\checkpoints\cycle_0002.pt,runs\models_9x9_scratch\checkpoints\cycle_0061.pt,runs\models_9x9_scratch\checkpoints\cycle_0061.pt,runs\models_9x9_scratch\checkpoints\cycle_0002.pt,p1_win,0.0,33
2793,runs\models_9x9_scratch\checkpoints\cycle_0002.pt,runs\models_9x9_scratch\checkpoints\cycle_0061.pt,runs\models_9x9_scratch\checkpoints\cycle_0061.pt,runs\models_9x9_scratch\checkpoints\cycle_0002.pt,p1_win,0.0,33
2794,runs\models_9x9_scratch\checkpoints\cycle_0002.pt,runs\models_9x9_scratch\checkpoints\cycle_0061.pt,runs\models_9x9_scratch\checkpoints\cycle_0002.pt,runs\models_9x9_scratch\checkpoints\cycle_0061.pt,p2_win,0.0,34
2795,runs\models_9x9_scratch\checkpoints\cycle_0002.pt,runs\models_9x9_scratch\checkpoints\cycle_0061.pt,runs\models_9x9_scratch\checkpoints\cycle_0002.pt,runs\models_9x9_scratch\checkpoints\cycle_0061.pt,p2_win,0.0,34
2796,runs\models_9x9_scratch\checkpoints\cycle_0002.pt,runs\models_9x9_scratch\checkpoints\cycle_0061.pt,runs\models_9x9_scratch\checkpoints\cycle_0002.pt,runs\models_9x9_scratch\checkpoints\cycle_0061.pt,p2_win,0.0,32
2797,runs\models_9x9_scratch\checkpoints\cycle_0002.pt,runs\models_9x9_scratch\checkpoints\cycle_0061.pt,runs\models_9x9_scratch\checkpoints\cycle_0002.pt,runs\models_9x9_scratch\checkpoints\cycle_0061.pt,p2_win,0.0,32
2798,runs\models_9x9_scratch\checkpoints\cycle_0002.pt,runs\models_9x9_scratch\checkpoints\cycle_0061.pt,runs\models_9x9_scratch\checkpoints\cycle_0002.pt,runs\models_9x9_scratch\checkpoints\cycle_0061.pt,p2_win,0.0,32
2799,runs\models_9x9_scratch\checkpoints\cycle_0002.pt,runs\models_9x9_scratch\checkpoints\cycle_0061.pt,runs\models_9x9_scratch\checkpoints\cycle_0002.pt,runs\models_9x9_scratch\checkpoints\cycle_0061.pt,p2_win,0.0,34
2800,runs\models_9x9_scratch\checkpoints\cycle_0002.pt,runs\models_9x9_scratch\checkpoints\cycle_0061.pt,runs\models_9x9_scratch\checkpoints\cycle_0061.pt,runs\models_9x9_scratch\checkpoints\cycle_0002.pt,p1_win,0.0,33
2801,runs\models_9x9_scratch\checkpoints\cycle_0002.pt,runs\models_9x9_scratch\checkpoints\cycle_0061.pt,runs\models_9x9_scratch\checkpoints\cycle_0002.pt,runs\models_9x9_scratch\checkpoints\cycle_0061.pt,p2_win,0.0,34
2802,runs\models_9x9_scratch\checkpoints\cycle_0002.pt,runs\models_9x9_scratch\checkpoints\cycle_0061.pt,runs\models_9x9_scratch\checkpoints\cycle_0002.pt,runs\models_9x9_scratch\checkpoints\cycle_0061.pt,p2_win,0.0,34
2803,runs\models_9x9_scratch\checkpoints\cycle_0002.pt,runs\models_9x9_scratch\checkpoints\cycle_0061.pt,runs\models_9x9_scratch\checkpoints\cycle_0002.pt,runs\models_9x9_scratch\checkpoints\cycle_0061.pt,p2_win,0.0,34
2804,runs\models_9x9_scratch\checkpoints\cycle_0002.pt,runs\models_9x9_scratch\checkpoints\cycle_0061.pt,runs\models_9x9_scratch\checkpoints\cycle_0061.pt,runs\models_9x9_scratch\checkpoints\cycle_0002.pt,p1_win,0.0,33
2805,runs\models_9x9_scratch\checkpoints\cycle_0002.pt,runs\models_9x9_scratch\checkpoints\cycle_0061.pt,runs\models_9x9_scratch\checkpoints\cycle_0061.pt,runs\models_9x9_scratch\checkpoints\cycle_0002.pt,p1_win,0.0,33
2806,runs\models_9x9_scratch\checkpoints\cycle_0002.pt,runs\models_9x9_scratch\checkpoints\cycle_0061.pt,runs\models_9x9_scratch\checkpoints\cycle_0061.pt,runs\models_9x9_scratch\checkpoints\cycle_0002.pt,p1_win,0.0,33
2807,runs\models_9x9_scratch\checkpoints\cycle_0002.pt,runs\models_9x9_scratch\checkpoints\cycle_0061.pt,runs\models_9x9_scratch\checkpoints\cycle_0061.pt,runs\models_9x9_scratch\checkpoints\cycle_0002.pt,p1_win,0.0,33
2808,runs\models_9x9_scratch\checkpoints\cycle_0002.pt,runs\models_9x9_scratch\checkpoints\cycle_0061.pt,runs\models_9x9_scratch\checkpoints\cycle_0061.pt,runs\models_9x9_scratch\checkpoints\cycle_0002.pt,p1_win,0.0,33
2809,runs\models_9x9_scratch\checkpoints\cycle_0002.pt,runs\models_9x9_scratch\checkpoints\cycle_0061.pt,runs\models_9x9_scratch\checkpoints\cycle_0002.pt,runs\models_9x9_scratch\checkpoints\cycle_0061.pt,p2_win,0.0,34
2810,runs\models_9x9_scratch\checkpoints\cycle_0002.pt,runs\models_9x9_scratch\checkpoints\cycle_0061.pt,runs\models_9x9_scratch\checkpoints\cycle_0061.pt,runs\models_9x9_scratch\checkpoints\cycle_0002.pt,p1_win,0.0,33
2811,runs\models_9x9_scratch\checkpoints\cycle_0002.pt,runs\models_9x9_scratch\checkpoints\cycle_0061.pt,runs\models_9x9_scratch\checkpoints\cycle_0002.pt,runs\models_9x9_scratch\checkpoints\cycle_0061.pt,p2_win,0.0,32
2812,runs\models_9x9_scratch\checkpoints\cycle_0002.pt,runs\models_9x9_scratch\checkpoints\cycle_0061.pt,runs\models_9x9_scratch\checkpoints\cycle_0061.pt,runs\models_9x9_scratch\checkpoints\cycle_0002.pt,p1_win,0.0,33
2813,runs\models_9x9_scratch\checkpoints\cycle_0002.pt,runs\models_9x9_scratch\checkpoints\cycle_0061.pt,runs\models_9x9_scratch\checkpoints\cycle_0061.pt,runs\models_9x9_scratch\checkpoints\cycle_0002.pt,p1_win,0.0,33
2814,runs\models_9x9_scratch\checkpoints\cycle_0002.pt,runs\models_9x9_scratch\checkpoints\cycle_0061.pt,runs\models_9x9_scratch\checkpoints\cycle_0002.pt,runs\models_9x9_scratch\checkpoints\cycle_0061.pt,p2_win,0.0,34
2815,runs\models_9x9_scratch\checkpoints\cycle_0002.pt,runs\models_9x9_scratch\checkpoints\cycle_0061.pt,runs\models_9x9_scratch\checkpoints\cycle_0002.pt,runs\models_9x9_scratch\checkpoints\cycle_0061.pt,p2_win,0.0,34
2816,runs\models_9x9_scratch\checkpoints\cycle_0002.pt,runs\models_9x9_scratch\checkpoints\cycle_0061.pt,runs\models_9x9_scratch\checkpoints\cycle_0061.pt,runs\models_9x9_scratch\checkpoints\cycle_0002.pt,p1_win,0.0,33
2817,runs\models_9x9_scratch\checkpoints\cycle_0002.pt,runs\models_9x9_scratch\checkpoints\cycle_0061.pt,runs\models_9x9_scratch\checkpoints\cycle_0061.pt,runs\models_9x9_scratch\checkpoints\cycle_0002.pt,p1_win,0.0,33
2818,runs\models_9x9_scratch\checkpoints\cycle_0002.pt,runs\models_9x9_scratch\checkpoints\cycle_0061.pt,runs\models_9x9_scratch\checkpoints\cycle_0002.pt,runs\models_9x9_scratch\checkpoints\cycle_0061.pt,p2_win,0.0,34
2819,runs\models_9x9_scratch\checkpoints\cycle_0002.pt,runs\models_9x9_scratch\checkpoints\cycle_0061.pt,runs\models_9x9_scratch\checkpoints\cycle_0002.pt,runs\models_9x9_scratch\checkpoints\cycle_0061.pt,p2_win,0.0,34
2820,runs\models_9x9_scratch\checkpoints\cycle_0002.pt,runs\models_9x9_scratch\checkpoints\cycle_0061.pt,runs\models_9x9_scratch\checkpoints\cycle_0002.pt,runs\models_9x9_scratch\checkpoints\cycle_0061.pt,p2_win,0.0,34
2821,runs\models_9x9_scratch\checkpoints\cycle_0002.pt,runs\models_9x9_scratch\checkpoints\cycle_0061.pt,runs\models_9x9_scratch\checkpoints\cycle_0002.pt,runs\models_9x9_scratch\checkpoints\cycle_0061.pt,p2_win,0.0,34
2822,runs\models_9x9_scratch\checkpoints\cycle_0002.pt,runs\models_9x9_scratch\checkpoints\cycle_0061.pt,runs\models_9x9_scratch\checkpoints\cycle_0002.pt,runs\models_9x9_scratch\checkpoints\cycle_0061.pt,p2_win,0.0,34
2823,runs\models_9x9_scratch\checkpoints\cycle_0002.pt,runs\models_9x9_scratch\checkpoints\cycle_0061.pt,runs\models_9x9_scratch\checkpoints\cycle_0061.pt,runs\models_9x9_scratch\checkpoints\cycle_0002.pt,p1_win,0.0,33
2824,runs\models_9x9_scratch\checkpoints\cycle_0002.pt,runs\models_9x9_scratch\checkpoints\cycle_0061.pt,runs\models_9x9_scratch\checkpoints\cycle_0002.pt,runs\models_9x9_scratch\checkpoints\cycle_0061.pt,p2_win,0.0,34
2825,runs\models_9x9_scratch\checkpoints\cycle_0002.pt,runs\models_9x9_scratch\checkpoints\cycle_0061.pt,runs\models_9x9_scratch\checkpoints\cycle_0061.pt,runs\models_9x9_scratch\checkpoints\cycle_0002.pt,p1_win,0.0,35
2826,runs\models_9x9_scratch\checkpoints\cycle_0002.pt,runs\models_9x9_scratch\checkpoints\cycle_0061.pt,runs\models_9x9_scratch\checkpoints\cycle_0002.pt,runs\models_9x9_scratch\checkpoints\cycle_0061.pt,p2_win,0.0,34
2827,runs\models_9x9_scratch\checkpoints\cycle_0002.pt,runs\models_9x9_scratch\checkpoints\cycle_0061.pt,runs\models_9x9_scratch\checkpoints\cycle_0002.pt,runs\models_9x9_scratch\checkpoints\cycle_0061.pt,p2_win,0.0,34
2828,runs\models_9x9_scratch\checkpoints\cycle_0002.pt,runs\models_9x9_scratch\checkpoints\cycle_0061.pt,runs\models_9x9_scratch\checkpoints\cycle_0061.pt,runs\models_9x9_scratch\checkpoints\cycle_0002.pt,p1_win,0.0,35
2829,runs\models_9x9_scratch\checkpoints\cycle_0002.pt,runs\models_9x9_scratch\checkpoints\cycle_0061.pt,runs\models_9x9_scratch\checkpoints\cycle_0002.pt,runs\models_9x9_scratch\checkpoints\cycle_0061.pt,p2_win,0.0,34
2830,runs\models_9x9_scratch\checkpoints\cycle_0002.pt,runs\models_9x9_scratch\checkpoints\cycle_0061.pt,runs\models_9x9_scratch\checkpoints\cycle_0061.pt,runs\models_9x9_scratch\checkpoints\cycle_0002.pt,p1_win,0.0,33
2831,runs\models_9x9_scratch\checkpoints\cycle_0002.pt,runs\models_9x9_scratch\checkpoints\cycle_0061.pt,runs\models_9x9_scratch\checkpoints\cycle_0002.pt,runs\models_9x9_scratch\checkpoints\cycle_0061.pt,p2_win,0.0,34
2832,runs\models_9x9_scratch\checkpoints\cycle_0002.pt,runs\models_9x9_scratch\checkpoints\cycle_0061.pt,runs\models_9x9_scratch\checkpoints\cycle_0002.pt,runs\models_9x9_scratch\checkpoints\cycle_0061.pt,p2_win,0.0,38
2833,runs\models_9x9_scratch\checkpoints\cycle_0002.pt,runs\models_9x9_scratch\checkpoints\cycle_0061.pt,runs\models_9x9_scratch\checkpoints\cycle_0002.pt,runs\models_9x9_scratch\checkpoints\cycle_0061.pt,p2_win,0.0,34
2834,runs\models_9x9_scratch\checkpoints\cycle_0002.pt,runs\models_9x9_scratch\checkpoints\cycle_0061.pt,runs\models_9x9_scratch\checkpoints\cycle_0002.pt,runs\models_9x9_scratch\checkpoints\cycle_0061.pt,p2_win,0.0,34
2835,runs\models_9x9_scratch\checkpoints\cycle_0002.pt,runs\models_9x9_scratch\checkpoints\cycle_0061.pt,runs\models_9x9_scratch\checkpoints\cycle_0002.pt,runs\models_9x9_scratch\checkpoints\cycle_0061.pt,p2_win,0.0,34
2836,runs\models_9x9_scratch\checkpoints\cycle_0002.pt,runs\models_9x9_scratch\checkpoints\cycle_0061.pt,runs\models_9x9_scratch\checkpoints\cycle_0061.pt,runs\models_9x9_scratch\checkpoints\cycle_0002.pt,p1_win,0.0,33
2837,runs\models_9x9_scratch\checkpoints\cycle_0002.pt,runs\models_9x9_scratch\checkpoints\cycle_0061.pt,runs\models_9x9_scratch\checkpoints\cycle_0002.pt,runs\models_9x9_scratch\checkpoints\cycle_0061.pt,p2_win,0.0,36
2838,runs\models_9x9_scratch\checkpoints\cycle_0002.pt,runs\models_9x9_scratch\checkpoints\cycle_0061.pt,runs\models_9x9_scratch\checkpoints\cycle_0002.pt,runs\models_9x9_scratch\checkpoints\cycle_0061.pt,p2_win,0.0,34
2839,runs\models_9x9_scratch\checkpoints\cycle_0002.pt,runs\models_9x9_scratch\checkpoints\cycle_0061.pt,runs\models_9x9_scratch\checkpoints\cycle_0061.pt,runs\models_9x9_scratch\checkpoints\cycle_0002.pt,p1_win,0.0,33
2840,runs\models_9x9_scratch\checkpoints\cycle_0002.pt,runs\models_9x9_scratch\checkpoints\cycle_0061.pt,runs\models_9x9_scratch\checkpoints\cycle_0002.pt,runs\models_9x9_scratch\checkpoints\cycle_0061.pt,p2_win,0.0,34
2841,runs\models_9x9_scratch\checkpoints\cycle_0002.pt,runs\models_9x9_scratch\checkpoints\cycle_0061.pt,runs\models_9x9_scratch\checkpoints\cycle_0061.pt,runs\models_9x9_scratch\checkpoints\cycle_0002.pt,p1_win,0.0,33
2842,runs\models_9x9_scratch\checkpoints\cycle_0002.pt,runs\models_9x9_scratch\checkpoints\cycle_0061.pt,runs\models_9x9_scratch\checkpoints\cycle_0061.pt,runs\models_9x9_scratch\checkpoints\cycle_0002.pt,p1_win,0.0,35
2843,runs\models_9x9_scratch\checkpoints\cycle_0002.pt,runs\models_9x9_scratch\checkpoints\cycle_0061.pt,runs\models_9x9_scratch\checkpoints\cycle_0002.pt,runs\models_9x9_scratch\checkpoints\cycle_0061.pt,p2_win,0.0,34
2844,runs\models_9x9_scratch\checkpoints\cycle_0002.pt,runs\models_9x9_scratch\checkpoints\cycle_0061.pt,runs\models_9x9_scratch\checkpoints\cycle_0002.pt,runs\models_9x9_scratch\checkpoints\cycle_0061.pt,p2_win,0.0,34
2845,runs\models_9x9_scratch\checkpoints\cycle_0002.pt,runs\models_9x9_scratch\checkpoints\cycle_0061.pt,runs\models_9x9_scratch\checkpoints\cycle_0061.pt,runs\models_9x9_scratch\checkpoints\cycle_0002.pt,p1_win,0.0,33
2846,runs\models_9x9_scratch\checkpoints\cycle_0002.pt,runs\models_9x9_scratch\checkpoints\cycle_0061.pt,runs\models_9x9_scratch\checkpoints\cycle_0002.pt,runs\models_9x9_scratch\checkpoints\cycle_0061.pt,p2_win,0.0,34
2847,runs\models_9x9_scratch\checkpoints\cycle_0002.pt,runs\models_9x9_scratch\checkpoints\cycle_0061.pt,runs\models_9x9_scratch\checkpoints\cycle_0061.pt,runs\models_9x9_scratch\checkpoints\cycle_0002.pt,p1_win,0.0,35
2848,runs\models_9x9_scratch\checkpoints\cycle_0002.pt,runs\models_9x9_scratch\checkpoints\cycle_0061.pt,runs\models_9x9_scratch\checkpoints\cycle_0061.pt,runs\models_9x9_scratch\checkpoints\cycle_0002.pt,p1_win,0.0,35
2849,runs\models_9x9_scratch\checkpoints\cycle_0002.pt,runs\models_9x9_scratch\checkpoints\cycle_0061.pt,runs\models_9x9_scratch\checkpoints\cycle_0002.pt,runs\models_9x9_scratch\checkpoints\cycle_0061.pt,p2_win,0.0,34
2850,runs\models_9x9_scratch\checkpoints\cycle_0002.pt,runs\models_9x9_scratch\checkpoints\cycle_0061.pt,runs\models_9x9_scratch\checkpoints\cycle_0002.pt,runs\models_9x9_scratch\checkpoints\cycle_0061.pt,p2_win,0.0,36
2851,runs\models_9x9_scratch\checkpoints\cycle_0002.pt,runs\models_9x9_scratch\checkpoints\cycle_0061.pt,runs\models_9x9_scratch\checkpoints\cycle_0002.pt,runs\models_9x9_scratch\checkpoints\cycle_0061.pt,p2_win,0.0,34
2852,runs\models_9x9_scratch\checkpoints\cycle_0002.pt,runs\models_9x9_scratch\checkpoints\cycle_0061.pt,runs\models_9x9_scratch\checkpoints\cycle_0061.pt,runs\models_9x9_scratch\checkpoints\cycle_0002.pt,p1_win,0.0,33
2853,runs\models_9x9_scratch\checkpoints\cycle_0002.pt,runs\models_9x9_scratch\checkpoints\cycle_0061.pt,runs\models_9x9_scratch\checkpoints\cycle_0061.pt,runs\models_9x9_scratch\checkpoints\cycle_0002.pt,p1_win,0.0,33
2854,runs\models_9x9_scratch\checkpoints\cycle_0002.pt,runs\models_9x9_scratch\checkpoints\cycle_0061.pt,runs\models_9x9_scratch\checkpoints\cycle_0002.pt,runs\models_9x9_scratch\checkpoints\cycle_0061.pt,p2_win,0.0,34
2855,runs\models_9x9_scratch\checkpoints\cycle_0002.pt,runs\models_9x9_scratch\checkpoints\cycle_0061.pt,runs\models_9x9_scratch\checkpoints\cycle_0061.pt,runs\models_9x9_scratch\checkpoints\cycle_0002.pt,p1_win,0.0,35
2856,runs\models_9x9_scratch\checkpoints\cycle_0002.pt,runs\models_9x9_scratch\checkpoints\cycle_0061.pt,runs\models_9x9_scratch\checkpoints\cycle_0061.pt,runs\models_9x9_scratch\checkpoints\cycle_0002.pt,p1_win,0.0,33
2857,runs\models_9x9_scratch\checkpoints\cycle_0002.pt,runs\models_9x9_scratch\checkpoints\cycle_0061.pt,runs\models_9x9_scratch\checkpoints\cycle_0002.pt,runs\models_9x9_scratch\checkpoints\cycle_0061.pt,p2_win,0.0,36
2858,runs\models_9x9_scratch\checkpoints\cycle_0002.pt,runs\models_9x9_scratch\checkpoints\cycle_0061.pt,runs\models_9x9_scratch\checkpoints\cycle_0061.pt,runs\models_9x9_scratch\checkpoints\cycle_0002.pt,p1_win,0.0,35
2859,runs\models_9x9_scratch\checkpoints\cycle_0002.pt,runs\models_9x9_scratch\checkpoints\cycle_0061.pt,runs\models_9x9_scratch\checkpoints\cycle_0002.pt,runs\models_9x9_scratch\checkpoints\cycle_0061.pt,p2_win,0.0,34
2860,runs\models_9x9_scratch\checkpoints\cycle_0002.pt,runs\models_9x9_scratch\checkpoints\cycle_0061.pt,runs\models_9x9_scratch\checkpoints\cycle_0061.pt,runs\models_9x9_scratch\checkpoints\cycle_0002.pt,p1_win,0.0,35
2861,runs\models_9x9_scratch\checkpoints\cycle_0002.pt,runs\models_9x9_scratch\checkpoints\cycle_0061.pt,runs\models_9x9_scratch\checkpoints\cycle_0002.pt,runs\models_9x9_scratch\checkpoints\cycle_0061.pt,p2_win,0.0,36
2862,runs\models_9x9_scratch\checkpoints\cycle_0002.pt,runs\models_9x9_scratch\checkpoints\cycle_0061.pt,runs\models_9x9_scratch\checkpoints\cycle_0002.pt,runs\models_9x9_scratch\checkpoints\cycle_0061.pt,p2_win,0.0,36
2863,runs\models_9x9_scratch\checkpoints\cycle_0002.pt,runs\models_9x9_scratch\checkpoints\cycle_0061.pt,runs\models_9x9_scratch\checkpoints\cycle_0061.pt,runs\models_9x9_scratch\checkpoints\cycle_0002.pt,p1_win,0.0,35
2864,runs\models_9x9_scratch\checkpoints\cycle_0002.pt,runs\models_9x9_scratch\checkpoints\cycle_0061.pt,runs\models_9x9_scratch\checkpoints\cycle_0061.pt,runs\models_9x9_scratch\checkpoints\cycle_0002.pt,p1_win,0.0,35
2865,runs\models_9x9_scratch\checkpoints\cycle_0002.pt,runs\models_9x9_scratch\checkpoints\cycle_0061.pt,runs\models_9x9_scratch\checkpoints\cycle_0002.pt,runs\models_9x9_scratch\checkpoints\cycle_0061.pt,p2_win,0.0,36
2866,runs\models_9x9_scratch\checkpoints\cycle_0002.pt,runs\models_9x9_scratch\checkpoints\cycle_0061.pt,runs\models_9x9_scratch\checkpoints\cycle_0061.pt,runs\models_9x9_scratch\checkpoints\cycle_0002.pt,p1_win,0.0,35
2867,runs\models_9x9_scratch\checkpoints\cycle_0002.pt,runs\models_9x9_scratch\checkpoints\cycle_0061.pt,runs\models_9x9_scratch\checkpoints\cycle_0002.pt,runs\models_9x9_scratch\checkpoints\cycle_0061.pt,p2_win,0.0,36
2868,runs\models_9x9_scratch\checkpoints\cycle_0002.pt,runs\models_9x9_scratch\checkpoints\cycle_0061.pt,runs\models_9x9_scratch\checkpoints\cycle_0002.pt,runs\models_9x9_scratch\checkpoints\cycle_0061.pt,p2_win,0.0,36
2869,runs\models_9x9_scratch\checkpoints\cycle_0002.pt,runs\models_9x9_scratch\checkpoints\cycle_0061.pt,runs\models_9x9_scratch\checkpoints\cycle_0002.pt,runs\models_9x9_scratch\checkpoints\cycle_0061.pt,p2_win,0.0,36
2870,runs\models_9x9_scratch\checkpoints\cycle_0002.pt,runs\models_9x9_scratch\checkpoints\cycle_0061.pt,runs\models_9x9_scratch\checkpoints\cycle_0002.pt,runs\models_9x9_scratch\checkpoints\cycle_0061.pt,p2_win,0.0,36
2871,runs\models_9x9_scratch\checkpoints\cycle_0002.pt,runs\models_9x9_scratch\checkpoints\cycle_0061.pt,runs\models_9x9_scratch\checkpoints\cycle_0061.pt,runs\models_9x9_scratch\checkpoints\cycle_0002.pt,p1_win,0.0,35
2872,runs\models_9x9_scratch\checkpoints\cycle_0002.pt,runs\models_9x9_scratch\checkpoints\cycle_0061.pt,runs\models_9x9_scratch\checkpoints\cycle_0002.pt,runs\models_9x9_scratch\checkpoints\cycle_0061.pt,p2_win,0.0,36
2873,runs\models_9x9_scratch\checkpoints\cycle_0002.pt,runs\models_9x9_scratch\checkpoints\cycle_0061.pt,runs\models_9x9_scratch\checkpoints\cycle_0002.pt,runs\models_9x9_scratch\checkpoints\cycle_0061.pt,p2_win,0.0,36
2874,runs\models_9x9_scratch\checkpoints\cycle_0002.pt,runs\models_9x9_scratch\checkpoints\cycle_0061.pt,runs\models_9x9_scratch\checkpoints\cycle_0002.pt,runs\models_9x9_scratch\checkpoints\cycle_0061.pt,p2_win,0.0,36
2875,runs\models_9x9_scratch\checkpoints\cycle_0002.pt,runs\models_9x9_scratch\checkpoints\cycle_0061.pt,runs\models_9x9_scratch\checkpoints\cycle_0002.pt,runs\models_9x9_scratch\checkpoints\cycle_0061.pt,p2_win,0.0,36
2876,runs\models_9x9_scratch\checkpoints\cycle_0002.pt,runs\models_9x9_scratch\checkpoints\cycle_0061.pt,runs\models_9x9_scratch\checkpoints\cycle_0061.pt,runs\models_9x9_scratch\checkpoints\cycle_0002.pt,p1_win,0.0,35
2877,runs\models_9x9_scratch\checkpoints\cycle_0002.pt,runs\models_9x9_scratch\checkpoints\cycle_0061.pt,runs\models_9x9_scratch\checkpoints\cycle_0002.pt,runs\models_9x9_scratch\checkpoints\cycle_0061.pt,p2_win,0.0,36
2878,runs\models_9x9_scratch\checkpoints\cycle_0002.pt,runs\models_9x9_scratch\checkpoints\cycle_0061.pt,runs\models_9x9_scratch\checkpoints\cycle_0002.pt,runs\models_9x9_scratch\checkpoints\cycle_0061.pt,p2_win,0.0,36
2879,runs\models_9x9_scratch\checkpoints\cycle_0002.pt,runs\models_9x9_scratch\checkpoints\cycle_0061.pt,runs\models_9x9_scratch\checkpoints\cycle_0061.pt,runs\models_9x9_scratch\checkpoints\cycle_0002.pt,p1_win,0.0,35
2880,runs\models_9x9_scratch\checkpoints\cycle_0002.pt,runs\models_9x9_scratch\checkpoints\cycle_0061.pt,runs\models_9x9_scratch\checkpoints\cycle_0061.pt,runs\models_9x9_scratch\checkpoints\cycle_0002.pt,p1_win,0.0,35
2881,runs\models_9x9_scratch\checkpoints\cycle_0002.pt,runs\models_9x9_scratch\checkpoints\cycle_0061.pt,runs\models_9x9_scratch\checkpoints\cycle_0061.pt,runs\models_9x9_scratch\checkpoints\cycle_0002.pt,p1_win,0.0,37
2882,runs\models_9x9_scratch\checkpoints\cycle_0002.pt,runs\models_9x9_scratch\checkpoints\cycle_0061.pt,runs\models_9x9_scratch\checkpoints\cycle_0061.pt,runs\models_9x9_scratch\checkpoints\cycle_0002.pt,p1_win,0.0,37
2883,runs\models_9x9_scratch\checkpoints\cycle_0002.pt,runs\models_9x9_scratch\checkpoints\cycle_0061.pt,runs\models_9x9_scratch\checkpoints\cycle_0002.pt,runs\models_9x9_scratch\checkpoints\cycle_0061.pt,p2_win,0.0,36
2884,runs\models_9x9_scratch\checkpoints\cycle_0002.pt,runs\models_9x9_scratch\checkpoints\cycle_0061.pt,runs\models_9x9_scratch\checkpoints\cycle_0002.pt,runs\models_9x9_scratch\checkpoints\cycle_0061.pt,p2_win,0.0,36
2885,runs\models_9x9_scratch\checkpoints\cycle_0002.pt,runs\models_9x9_scratch\checkpoints\cycle_0061.pt,runs\models_9x9_scratch\checkpoints\cycle_0002.pt,runs\models_9x9_scratch\checkpoints\cycle_0061.pt,p2_win,0.0,36
2886,runs\models_9x9_scratch\checkpoints\cycle_0002.pt,runs\models_9x9_scratch\checkpoints\cycle_0061.pt,runs\models_9x9_scratch\checkpoints\cycle_0002.pt,runs\models_9x9_scratch\checkpoints\cycle_0061.pt,p2_win,0.0,36
2887,runs\models_9x9_scratch\checkpoints\cycle_0002.pt,runs\models_9x9_scratch\checkpoints\cycle_0061.pt,runs\models_9x9_scratch\checkpoints\cycle_0002.pt,runs\models_9x9_scratch\checkpoints\cycle_0061.pt,p2_win,0.0,38
2888,runs\models_9x9_scratch\checkpoints\cycle_0002.pt,runs\models_9x9_scratch\checkpoints\cycle_0061.pt,runs\models_9x9_scratch\checkpoints\cycle_0061.pt,runs\models_9x9_scratch\checkpoints\cycle_0002.pt,p1_win,0.0,37
2889,runs\models_9x9_scratch\checkpoints\cycle_0002.pt,runs\models_9x9_scratch\checkpoints\cycle_0061.pt,runs\models_9x9_scratch\checkpoints\cycle_0002.pt,runs\models_9x9_scratch\checkpoints\cycle_0061.pt,p2_win,0.0,36
2890,runs\models_9x9_scratch\checkpoints\cycle_0002.pt,runs\models_9x9_scratch\checkpoints\cycle_0061.pt,runs\models_9x9_scratch\checkpoints\cycle_0002.pt,runs\models_9x9_scratch\checkpoints\cycle_0061.pt,p2_win,0.0,36
2891,runs\models_9x9_scratch\checkpoints\cycle_0002.pt,runs\models_9x9_scratch\checkpoints\cycle_0061.pt,runs\models_9x9_scratch\checkpoints\cycle_0061.pt,runs\models_9x9_scratch\checkpoints\cycle_0002.pt,p1_win,0.0,37
2892,runs\models_9x9_scratch\checkpoints\cycle_0002.pt,runs\models_9x9_scratch\checkpoints\cycle_0061.pt,runs\models_9x9_scratch\checkpoints\cycle_0002.pt,runs\models_9x9_scratch\checkpoints\cycle_0061.pt,p2_win,0.0,36
2893,runs\models_9x9_scratch\checkpoints\cycle_0002.pt,runs\models_9x9_scratch\checkpoints\cycle_0061.pt,runs\models_9x9_scratch\checkpoints\cycle_0002.pt,runs\models_9x9_scratch\checkpoints\cycle_0061.pt,p2_win,0.0,36
2894,runs\models_9x9_scratch\checkpoints\cycle_0002.pt,runs\models_9x9_scratch\checkpoints\cycle_0061.pt,runs\models_9x9_scratch\checkpoints\cycle_0061.pt,runs\models_9x9_scratch\checkpoints\cycle_0002.pt,p1_win,0.0,35
2895,runs\models_9x9_scratch\checkpoints\cycle_0002.pt,runs\models_9x9_scratch\checkpoints\cycle_0061.pt,runs\models_9x9_scratch\checkpoints\cycle_0002.pt,runs\models_9x9_scratch\checkpoints\cycle_0061.pt,p2_win,0.0,36
2896,runs\models_9x9_scratch\checkpoints\cycle_0002.pt,runs\models_9x9_scratch\checkpoints\cycle_0061.pt,runs\models_9x9_scratch\checkpoints\cycle_0002.pt,runs\models_9x9_scratch\checkpoints\cycle_0061.pt,p2_win,0.0,38
2897,runs\models_9x9_scratch\checkpoints\cycle_0002.pt,runs\models_9x9_scratch\checkpoints\cycle_0061.pt,runs\models_9x9_scratch\checkpoints\cycle_0002.pt,runs\models_9x9_scratch\checkpoints\cycle_0061.pt,p2_win,0.0,36
2898,runs\models_9x9_scratch\checkpoints\cycle_0002.pt,runs\models_9x9_scratch\checkpoints\cycle_0061.pt,runs\models_9x9_scratch\checkpoints\cycle_0061.pt,runs\models_9x9_scratch\checkpoints\cycle_0002.pt,p1_win,0.0,37
2899,runs\models_9x9_scratch\checkpoints\cycle_0002.pt,runs\models_9x9_scratch\checkpoints\cycle_0061.pt,runs\models_9x9_scratch\checkpoints\cycle_0002.pt,runs\models_9x9_scratch\checkpoints\cycle_0061.pt,p2_win,0.0,38
2900,runs\models_9x9_scratch\checkpoints\cycle_0002.pt,runs\models_9x9_scratch\checkpoints\cycle_0061.pt,runs\models_9x9_scratch\checkpoints\cycle_0061.pt,runs\models_9x9_scratch\checkpoints\cycle_0002.pt,p1_win,0.0,35
2901,runs\models_9x9_scratch\checkpoints\cycle_0002.pt,runs\models_9x9_scratch\checkpoints\cycle_0061.pt,runs\models_9x9_scratch\checkpoints\cycle_0002.pt,runs\models_9x9_scratch\checkpoints\cycle_0061.pt,p2_win,0.0,36
2902,runs\models_9x9_scratch\checkpoints\cycle_0002.pt,runs\models_9x9_scratch\checkpoints\cycle_0061.pt,runs\models_9x9_scratch\checkpoints\cycle_0002.pt,runs\models_9x9_scratch\checkpoints\cycle_0061.pt,p2_win,0.0,38
2903,runs\models_9x9_scratch\checkpoints\cycle_0002.pt,runs\models_9x9_scratch\checkpoints\cycle_0061.pt,runs\models_9x9_scratch\checkpoints\cycle_0002.pt,runs\models_9x9_scratch\checkpoints\cycle_0061.pt,p2_win,0.0,38
2904,runs\models_9x9_scratch\checkpoints\cycle_0002.pt,runs\models_9x9_scratch\checkpoints\cycle_0061.pt,runs\models_9x9_scratch\checkpoints\cycle_0002.pt,runs\models_9x9_scratch\checkpoints\cycle_0061.pt,p2_win,0.0,36
2905,runs\models_9x9_scratch\checkpoints\cycle_0002.pt,runs\models_9x9_scratch\checkpoints\cycle_0061.pt,runs\models_9x9_scratch\checkpoints\cycle_0002.pt,runs\models_9x9_scratch\checkpoints\cycle_0061.pt,p2_win,0.0,38
2906,runs\models_9x9_scratch\checkpoints\cycle_0002.pt,runs\models_9x9_scratch\checkpoints\cycle_0061.pt,runs\models_9x9_scratch\checkpoints\cycle_0002.pt,runs\models_9x9_scratch\checkpoints\cycle_0061.pt,p2_win,0.0,38
2907,runs\models_9x9_scratch\checkpoints\cycle_0002.pt,runs\models_9x9_scratch\checkpoints\cycle_0061.pt,runs\models_9x9_scratch\checkpoints\cycle_0002.pt,runs\models_9x9_scratch\checkpoints\cycle_0061.pt,p2_win,0.0,38
2908,runs\models_9x9_scratch\checkpoints\cycle_0002.pt,runs\models_9x9_scratch\checkpoints\cycle_0061.pt,runs\models_9x9_scratch\checkpoints\cycle_0002.pt,runs\models_9x9_scratch\checkpoints\cycle_0061.pt,p2_win,0.0,38
2909,runs\models_9x9_scratch\checkpoints\cycle_0002.pt,runs\models_9x9_scratch\checkpoints\cycle_0061.pt,runs\models_9x9_scratch\checkpoints\cycle_0002.pt,runs\models_9x9_scratch\checkpoints\cycle_0061.pt,p2_win,0.0,36
2910,runs\models_9x9_scratch\checkpoints\cycle_0002.pt,runs\models_9x9_scratch\checkpoints\cycle_0061.pt,runs\models_9x9_scratch\checkpoints\cycle_0061.pt,runs\models_9x9_scratch\checkpoints\cycle_0002.pt,p1_win,0.0,37
2911,runs\models_9x9_scratch\checkpoints\cycle_0002.pt,runs\models_9x9_scratch\checkpoints\cycle_0061.pt,runs\models_9x9_scratch\checkpoints\cycle_0002.pt,runs\models_9x9_scratch\checkpoints\cycle_0061.pt,p2_win,0.0,38
2912,runs\models_9x9_scratch\checkpoints\cycle_0002.pt,runs\models_9x9_scratch\checkpoints\cycle_0061.pt,runs\models_9x9_scratch\checkpoints\cycle_0061.pt,runs\models_9x9_scratch\checkpoints\cycle_0002.pt,p1_win,0.0,37
2913,runs\models_9x9_scratch\checkpoints\cycle_0002.pt,runs\models_9x9_scratch\checkpoints\cycle_0061.pt,runs\models_9x9_scratch\checkpoints\cycle_0061.pt,runs\models_9x9_scratch\checkpoints\cycle_0002.pt,p1_win,0.0,37
2914,runs\models_9x9_scratch\checkpoints\cycle_0002.pt,runs\models_9x9_scratch\checkpoints\cycle_0061.pt,runs\models_9x9_scratch\checkpoints\cycle_0002.pt,runs\models_9x9_scratch\checkpoints\cycle_0061.pt,p2_win,0.0,38
2915,runs\models_9x9_scratch\checkpoints\cycle_0002.pt,runs\models_9x9_scratch\checkpoints\cycle_0061.pt,runs\models_9x9_scratch\checkpoints\cycle_0061.pt,runs\models_9x9_scratch\checkpoints\cycle_0002.pt,p1_win,0.0,37
2916,runs\models_9x9_scratch\checkpoints\cycle_0002.pt,runs\models_9x9_scratch\checkpoints\cycle_0061.pt,runs\models_9x9_scratch\checkpoints\cycle_0061.pt,runs\models_9x9_scratch\checkpoints\cycle_0002.pt,p1_win,0.0,37
2917,runs\models_9x9_scratch\checkpoints\cycle_0002.pt,runs\models_9x9_scratch\checkpoints\cycle_0061.pt,runs\models_9x9_scratch\checkpoints\cycle_0061.pt,runs\models_9x9_scratch\checkpoints\cycle_0002.pt,p1_win,0.0,37
2918,runs\models_9x9_scratch\checkpoints\cycle_0002.pt,runs\models_9x9_scratch\checkpoints\cycle_0061.pt,runs\models_9x9_scratch\checkpoints\cycle_0061.pt,runs\models_9x9_scratch\checkpoints\cycle_0002.pt,p1_win,0.0,39
2919,runs\models_9x9_scratch\checkpoints\cycle_0002.pt,runs\models_9x9_scratch\checkpoints\cycle_0061.pt,runs\models_9x9_scratch\checkpoints\cycle_0061.pt,runs\models_9x9_scratch\checkpoints\cycle_0002.pt,p1_win,0.0,37
2920,runs\models_9x9_scratch\checkpoints\cycle_0002.pt,runs\models_9x9_scratch\checkpoints\cycle_0061.pt,runs\models_9x9_scratch\checkpoints\cycle_0061.pt,runs\models_9x9_scratch\checkpoints\cycle_0002.pt,p1_win,0.0,37
2921,runs\models_9x9_scratch\checkpoints\cycle_0002.pt,runs\models_9x9_scratch\checkpoints\cycle_0061.pt,runs\models_9x9_scratch\checkpoints\cycle_0002.pt,runs\models_9x9_scratch\checkpoints\cycle_0061.pt,p2_win,0.0,38
2922,runs\models_9x9_scratch\checkpoints\cycle_0002.pt,runs\models_9x9_scratch\checkpoints\cycle_0061.pt,runs\models_9x9_scratch\checkpoints\cycle_0002.pt,runs\models_9x9_scratch\checkpoints\cycle_0061.pt,p2_win,0.0,38
2923,runs\models_9x9_scratch\checkpoints\cycle_0002.pt,runs\models_9x9_scratch\checkpoints\cycle_0061.pt,runs\models_9x9_scratch\checkpoints\cycle_0002.pt,runs\models_9x9_scratch\checkpoints\cycle_0061.pt,p2_win,0.0,38
2924,runs\models_9x9_scratch\checkpoints\cycle_0002.pt,runs\models_9x9_scratch\checkpoints\cycle_0061.pt,runs\models_9x9_scratch\checkpoints\cycle_0061.pt,runs\models_9x9_scratch\checkpoints\cycle_0002.pt,p1_win,0.0,37
2925,runs\models_9x9_scratch\checkpoints\cycle_0002.pt,runs\models_9x9_scratch\checkpoints\cycle_0061.pt,runs\models_9x9_scratch\checkpoints\cycle_0002.pt,runs\models_9x9_scratch\checkpoints\cycle_0061.pt,p2_win,0.0,38
2926,runs\models_9x9_scratch\checkpoints\cycle_0002.pt,runs\models_9x9_scratch\checkpoints\cycle_0061.pt,runs\models_9x9_scratch\checkpoints\cycle_0002.pt,runs\models_9x9_scratch\checkpoints\cycle_0061.pt,p2_win,0.0,38
2927,runs\models_9x9_scratch\checkpoints\cycle_0002.pt,runs\models_9x9_scratch\checkpoints\cycle_0061.pt,runs\models_9x9_scratch\checkpoints\cycle_0061.pt,runs\models_9x9_scratch\checkpoints\cycle_0002.pt,p1_win,0.0,37
2928,runs\models_9x9_scratch\checkpoints\cycle_0002.pt,runs\models_9x9_scratch\checkpoints\cycle_0061.pt,runs\models_9x9_scratch\checkpoints\cycle_0002.pt,runs\models_9x9_scratch\checkpoints\cycle_0061.pt,p2_win,0.0,38
2929,runs\models_9x9_scratch\checkpoints\cycle_0002.pt,runs\models_9x9_scratch\checkpoints\cycle_0061.pt,runs\models_9x9_scratch\checkpoints\cycle_0061.pt,runs\models_9x9_scratch\checkpoints\cycle_0002.pt,p1_win,0.0,39
2930,runs\models_9x9_scratch\checkpoints\cycle_0002.pt,runs\models_9x9_scratch\checkpoints\cycle_0061.pt,runs\models_9x9_scratch\checkpoints\cycle_0002.pt,runs\models_9x9_scratch\checkpoints\cycle_0061.pt,p2_win,0.0,38
2931,runs\models_9x9_scratch\checkpoints\cycle_0002.pt,runs\models_9x9_scratch\checkpoints\cycle_0061.pt,runs\models_9x9_scratch\checkpoints\cycle_0002.pt,runs\models_9x9_scratch\checkpoints\cycle_0061.pt,p2_win,0.0,38
2932,runs\models_9x9_scratch\checkpoints\cycle_0002.pt,runs\models_9x9_scratch\checkpoints\cycle_0061.pt,runs\models_9x9_scratch\checkpoints\cycle_0002.pt,runs\models_9x9_scratch\checkpoints\cycle_0061.pt,p2_win,0.0,38
2933,runs\models_9x9_scratch\checkpoints\cycle_0002.pt,runs\models_9x9_scratch\checkpoints\cycle_0061.pt,runs\models_9x9_scratch\checkpoints\cycle_0002.pt,runs\models_9x9_scratch\checkpoints\cycle_0061.pt,p2_win,0.0,38
2934,runs\models_9x9_scratch\checkpoints\cycle_0002.pt,runs\models_9x9_scratch\checkpoints\cycle_0061.pt,runs\models_9x9_scratch\checkpoints\cycle_0002.pt,runs\models_9x9_scratch\checkpoints\cycle_0061.pt,p2_win,0.0,40
2935,runs\models_9x9_scratch\checkpoints\cycle_0002.pt,runs\models_9x9_scratch\checkpoints\cycle_0061.pt,runs\models_9x9_scratch\checkpoints\cycle_0002.pt,runs\models_9x9_scratch\checkpoints\cycle_0061.pt,p2_win,0.0,38
2936,runs\models_9x9_scratch\checkpoints\cycle_0002.pt,runs\models_9x9_scratch\checkpoints\cycle_0061.pt,runs\models_9x9_scratch\checkpoints\cycle_0002.pt,runs\models_9x9_scratch\checkpoints\cycle_0061.pt,p2_win,0.0,38
2937,runs\models_9x9_scratch\checkpoints\cycle_0002.pt,runs\models_9x9_scratch\checkpoints\cycle_0061.pt,runs\models_9x9_scratch\checkpoints\cycle_0002.pt,runs\models_9x9_scratch\checkpoints\cycle_0061.pt,p2_win,0.0,40
2938,runs\models_9x9_scratch\checkpoints\cycle_0002.pt,runs\models_9x9_scratch\checkpoints\cycle_0061.pt,runs\models_9x9_scratch\checkpoints\cycle_0002.pt,runs\models_9x9_scratch\checkpoints\cycle_0061.pt,p2_win,0.0,38
2939,runs\models_9x9_scratch\checkpoints\cycle_0002.pt,runs\models_9x9_scratch\checkpoints\cycle_0061.pt,runs\models_9x9_scratch\checkpoints\cycle_0002.pt,runs\models_9x9_scratch\checkpoints\cycle_0061.pt,p2_win,0.0,40
2940,runs\models_9x9_scratch\checkpoints\cycle_0002.pt,runs\models_9x9_scratch\checkpoints\cycle_0061.pt,runs\models_9x9_scratch\checkpoints\cycle_0061.pt,runs\models_9x9_scratch\checkpoints\cycle_0002.pt,p1_win,0.0,39
2941,runs\models_9x9_scratch\checkpoints\cycle_0002.pt,runs\models_9x9_scratch\checkpoints\cycle_0061.pt,runs\models_9x9_scratch\checkpoints\cycle_0061.pt,runs\models_9x9_scratch\checkpoints\cycle_0002.pt,p1_win,0.0,39
2942,runs\models_9x9_scratch\checkpoints\cycle_0002.pt,runs\models_9x9_scratch\checkpoints\cycle_0061.pt,runs\models_9x9_scratch\checkpoints\cycle_0002.pt,runs\models_9x9_scratch\checkpoints\cycle_0061.pt,p2_win,0.0,38
2943,runs\models_9x9_scratch\checkpoints\cycle_0002.pt,runs\models_9x9_scratch\checkpoints\cycle_0061.pt,runs\models_9x9_scratch\checkpoints\cycle_0061.pt,runs\models_9x9_scratch\checkpoints\cycle_0002.pt,p1_win,0.0,39
2944,runs\models_9x9_scratch\checkpoints\cycle_0002.pt,runs\models_9x9_scratch\checkpoints\cycle_0061.pt,runs\models_9x9_scratch\checkpoints\cycle_0061.pt,runs\models_9x9_scratch\checkpoints\cycle_0002.pt,p1_win,0.0,39
2945,runs\models_9x9_scratch\checkpoints\cycle_0002.pt,runs\models_9x9_scratch\checkpoints\cycle_0061.pt,runs\models_9x9_scratch\checkpoints\cycle_0061.pt,runs\models_9x9_scratch\checkpoints\cycle_0002.pt,p1_win,0.0,39
2946,runs\models_9x9_scratch\checkpoints\cycle_0002.pt,runs\models_9x9_scratch\checkpoints\cycle_0061.pt,runs\models_9x9_scratch\checkpoints\cycle_0002.pt,runs\models_9x9_scratch\checkpoints\cycle_0061.pt,p2_win,0.0,40
2947,runs\models_9x9_scratch\checkpoints\cycle_0002.pt,runs\models_9x9_scratch\checkpoints\cycle_0061.pt,runs\models_9x9_scratch\checkpoints\cycle_0002.pt,runs\models_9x9_scratch\checkpoints\cycle_0061.pt,p2_win,0.0,38
2948,runs\models_9x9_scratch\checkpoints\cycle_0002.pt,runs\models_9x9_scratch\checkpoints\cycle_0061.pt,runs\models_9x9_scratch\checkpoints\cycle_0002.pt,runs\models_9x9_scratch\checkpoints\cycle_0061.pt,p2_win,0.0,38
2949,runs\models_9x9_scratch\checkpoints\cycle_0002.pt,runs\models_9x9_scratch\checkpoints\cycle_0061.pt,runs\models_9x9_scratch\checkpoints\cycle_0061.pt,runs\models_9x9_scratch\checkpoints\cycle_0002.pt,p1_win,0.0,39
2950,runs\models_9x9_scratch\checkpoints\cycle_0002.pt,runs\models_9x9_scratch\checkpoints\cycle_0061.pt,runs\models_9x9_scratch\checkpoints\cycle_0002.pt,runs\models_9x9_scratch\checkpoints\cycle_0061.pt,p2_win,0.0,40
2951,runs\models_9x9_scratch\checkpoints\cycle_0002.pt,runs\models_9x9_scratch\checkpoints\cycle_0061.pt,runs\models_9x9_scratch\checkpoints\cycle_0002.pt,runs\models_9x9_scratch\checkpoints\cycle_0061.pt,p2_win,0.0,40
2952,runs\models_9x9_scratch\checkpoints\cycle_0002.pt,runs\models_9x9_scratch\checkpoints\cycle_0061.pt,runs\models_9x9_scratch\checkpoints\cycle_0061.pt,runs\models_9x9_scratch\checkpoints\cycle_0002.pt,p1_win,0.0,39
2953,runs\models_9x9_scratch\checkpoints\cycle_0002.pt,runs\models_9x9_scratch\checkpoints\cycle_0061.pt,runs\models_9x9_scratch\checkpoints\cycle_0002.pt,runs\models_9x9_scratch\checkpoints\cycle_0061.pt,p2_win,0.0,40
2954,runs\models_9x9_scratch\checkpoints\cycle_0002.pt,runs\models_9x9_scratch\checkpoints\cycle_0061.pt,runs\models_9x9_scratch\checkpoints\cycle_0002.pt,runs\models_9x9_scratch\checkpoints\cycle_0061.pt,p2_win,0.0,40
2955,runs\models_9x9_scratch\checkpoints\cycle_0002.pt,runs\models_9x9_scratch\checkpoints\cycle_0061.pt,runs\models_9x9_scratch\checkpoints\cycle_0002.pt,runs\models_9x9_scratch\checkpoints\cycle_0061.pt,p2_win,0.0,40
2956,runs\models_9x9_scratch\checkpoints\cycle_0002.pt,runs\models_9x9_scratch\checkpoints\cycle_0061.pt,runs\models_9x9_scratch\checkpoints\cycle_0002.pt,runs\models_9x9_scratch\checkpoints\cycle_0061.pt,p2_win,0.0,40
2957,runs\models_9x9_scratch\checkpoints\cycle_0002.pt,runs\models_9x9_scratch\checkpoints\cycle_0061.pt,runs\models_9x9_scratch\checkpoints\cycle_0002.pt,runs\models_9x9_scratch\checkpoints\cycle_0061.pt,p2_win,0.0,40
2958,runs\models_9x9_scratch\checkpoints\cycle_0002.pt,runs\models_9x9_scratch\checkpoints\cycle_0061.pt,runs\models_9x9_scratch\checkpoints\cycle_0002.pt,runs\models_9x9_scratch\checkpoints\cycle_0061.pt,p2_win,0.0,40
2959,runs\models_9x9_scratch\checkpoints\cycle_0002.pt,runs\models_9x9_scratch\checkpoints\cycle_0061.pt,runs\models_9x9_scratch\checkpoints\cycle_0002.pt,runs\models_9x9_scratch\checkpoints\cycle_0061.pt,p2_win,0.0,40
2960,runs\models_9x9_scratch\checkpoints\cycle_0002.pt,runs\models_9x9_scratch\checkpoints\cycle_0061.pt,runs\models_9x9_scratch\checkpoints\cycle_0061.pt,runs\models_9x9_scratch\checkpoints\cycle_0002.pt,p1_win,0.0,41
2961,runs\models_9x9_scratch\checkpoints\cycle_0002.pt,runs\models_9x9_scratch\checkpoints\cycle_0061.pt,runs\models_9x9_scratch\checkpoints\cycle_0002.pt,runs\models_9x9_scratch\checkpoints\cycle_0061.pt,p2_win,0.0,42
2962,runs\models_9x9_scratch\checkpoints\cycle_0002.pt,runs\models_9x9_scratch\checkpoints\cycle_0061.pt,runs\models_9x9_scratch\checkpoints\cycle_0002.pt,runs\models_9x9_scratch\checkpoints\cycle_0061.pt,p2_win,0.0,40
2963,runs\models_9x9_scratch\checkpoints\cycle_0002.pt,runs\models_9x9_scratch\checkpoints\cycle_0061.pt,runs\models_9x9_scratch\checkpoints\cycle_0002.pt,runs\models_9x9_scratch\checkpoints\cycle_0061.pt,p2_win,0.0,42
2964,runs\models_9x9_scratch\checkpoints\cycle_0002.pt,runs\models_9x9_scratch\checkpoints\cycle_0061.pt,runs\models_9x9_scratch\checkpoints\cycle_0002.pt,runs\models_9x9_scratch\checkpoints\cycle_0061.pt,p2_win,0.0,40
2965,runs\models_9x9_scratch\checkpoints\cycle_0002.pt,runs\models_9x9_scratch\checkpoints\cycle_0061.pt,runs\models_9x9_scratch\checkpoints\cycle_0002.pt,runs\models_9x9_scratch\checkpoints\cycle_0061.pt,p2_win,0.0,42
2966,runs\models_9x9_scratch\checkpoints\cycle_0002.pt,runs\models_9x9_scratch\checkpoints\cycle_0061.pt,runs\models_9x9_scratch\checkpoints\cycle_0061.pt,runs\models_9x9_scratch\checkpoints\cycle_0002.pt,p1_win,0.0,41
2967,runs\models_9x9_scratch\checkpoints\cycle_0002.pt,runs\models_9x9_scratch\checkpoints\cycle_0061.pt,runs\models_9x9_scratch\checkpoints\cycle_0002.pt,runs\models_9x9_scratch\checkpoints\cycle_0061.pt,p2_win,0.0,42
2968,runs\models_9x9_scratch\checkpoints\cycle_0002.pt,runs\models_9x9_scratch\checkpoints\cycle_0061.pt,runs\models_9x9_scratch\checkpoints\cycle_0002.pt,runs\models_9x9_scratch\checkpoints\cycle_0061.pt,p2_win,0.0,42
2969,runs\models_9x9_scratch\checkpoints\cycle_0002.pt,runs\models_9x9_scratch\checkpoints\cycle_0061.pt,runs\models_9x9_scratch\checkpoints\cycle_0002.pt,runs\models_9x9_scratch\checkpoints\cycle_0061.pt,p2_win,0.0,42
2970,runs\models_9x9_scratch\checkpoints\cycle_0002.pt,runs\models_9x9_scratch\checkpoints\cycle_0061.pt,runs\models_9x9_scratch\checkpoints\cycle_0002.pt,runs\models_9x9_scratch\checkpoints\cycle_0061.pt,p2_win,0.0,42
2971,runs\models_9x9_scratch\checkpoints\cycle_0002.pt,runs\models_9x9_scratch\checkpoints\cycle_0061.pt,runs\models_9x9_scratch\checkpoints\cycle_0002.pt,runs\models_9x9_scratch\checkpoints\cycle_0061.pt,p2_win,0.0,42
2972,runs\models_9x9_scratch\checkpoints\cycle_0002.pt,runs\models_9x9_scratch\checkpoints\cycle_0061.pt,runs\models_9x9_scratch\checkpoints\cycle_0002.pt,runs\models_9x9_scratch\checkpoints\cycle_0061.pt,p2_win,0.0,42
2973,runs\models_9x9_scratch\checkpoints\cycle_0002.pt,runs\models_9x9_scratch\checkpoints\cycle_0061.pt,runs\models_9x9_scratch\checkpoints\cycle_0002.pt,runs\models_9x9_scratch\checkpoints\cycle_0061.pt,p2_win,0.0,42
2974,runs\models_9x9_scratch\checkpoints\cycle_0002.pt,runs\models_9x9_scratch\checkpoints\cycle_0061.pt,runs\models_9x9_scratch\checkpoints\cycle_0061.pt,runs\models_9x9_scratch\checkpoints\cycle_0002.pt,p1_win,0.0,43
2975,runs\models_9x9_scratch\checkpoints\cycle_0002.pt,runs\models_9x9_scratch\checkpoints\cycle_0061.pt,runs\models_9x9_scratch\checkpoints\cycle_0002.pt,runs\models_9x9_scratch\checkpoints\cycle_0061.pt,p2_win,0.0,42
2976,runs\models_9x9_scratch\checkpoints\cycle_0002.pt,runs\models_9x9_scratch\checkpoints\cycle_0061.pt,runs\models_9x9_scratch\checkpoints\cycle_0002.pt,runs\models_9x9_scratch\checkpoints\cycle_0061.pt,p2_win,0.0,42
2977,runs\models_9x9_scratch\checkpoints\cycle_0002.pt,runs\models_9x9_scratch\checkpoints\cycle_0061.pt,runs\models_9x9_scratch\checkpoints\cycle_0002.pt,runs\models_9x9_scratch\checkpoints\cycle_0061.pt,p2_win,0.0,42
2978,runs\models_9x9_scratch\checkpoints\cycle_0002.pt,runs\models_9x9_scratch\checkpoints\cycle_0061.pt,runs\models_9x9_scratch\checkpoints\cycle_0002.pt,runs\models_9x9_scratch\checkpoints\cycle_0061.pt,p2_win,0.0,42
2979,runs\models_9x9_scratch\checkpoints\cycle_0002.pt,runs\models_9x9_scratch\checkpoints\cycle_0061.pt,runs\models_9x9_scratch\checkpoints\cycle_0002.pt,runs\models_9x9_scratch\checkpoints\cycle_0061.pt,p2_win,0.0,42
2980,runs\models_9x9_scratch\checkpoints\cycle_0002.pt,runs\models_9x9_scratch\checkpoints\cycle_0061.pt,runs\models_9x9_scratch\checkpoints\cycle_0061.pt,runs\models_9x9_scratch\checkpoints\cycle_0002.pt,p1_win,0.0,43
2981,runs\models_9x9_scratch\checkpoints\cycle_0002.pt,runs\models_9x9_scratch\checkpoints\cycle_0061.pt,runs\models_9x9_scratch\checkpoints\cycle_0061.pt,runs\models_9x9_scratch\checkpoints\cycle_0002.pt,p1_win,0.0,43
2982,runs\models_9x9_scratch\checkpoints\cycle_0002.pt,runs\models_9x9_scratch\checkpoints\cycle_0061.pt,runs\models_9x9_scratch\checkpoints\cycle_0061.pt,runs\models_9x9_scratch\checkpoints\cycle_0002.pt,p1_win,0.0,43
2983,runs\models_9x9_scratch\checkpoints\cycle_0002.pt,runs\models_9x9_scratch\checkpoints\cycle_0061.pt,runs\models_9x9_scratch\checkpoints\cycle_0002.pt,runs\models_9x9_scratch\checkpoints\cycle_0061.pt,p2_win,0.0,44
2984,runs\models_9x9_scratch\checkpoints\cycle_0002.pt,runs\models_9x9_scratch\checkpoints\cycle_0061.pt,runs\models_9x9_scratch\checkpoints\cycle_0061.pt,runs\models_9x9_scratch\checkpoints\cycle_0002.pt,p1_win,0.0,43
2985,runs\models_9x9_scratch\checkpoints\cycle_0002.pt,runs\models_9x9_scratch\checkpoints\cycle_0061.pt,runs\models_9x9_scratch\checkpoints\cycle_0002.pt,runs\models_9x9_scratch\checkpoints\cycle_0061.pt,p2_win,0.0,42
2986,runs\models_9x9_scratch\checkpoints\cycle_0002.pt,runs\models_9x9_scratch\checkpoints\cycle_0061.pt,runs\models_9x9_scratch\checkpoints\cycle_0002.pt,runs\models_9x9_scratch\checkpoints\cycle_0061.pt,p2_win,0.0,44
2987,runs\models_9x9_scratch\checkpoints\cycle_0002.pt,runs\models_9x9_scratch\checkpoints\cycle_0061.pt,runs\models_9x9_scratch\checkpoints\cycle_0002.pt,runs\models_9x9_scratch\checkpoints\cycle_0061.pt,p2_win,0.0,46
2988,runs\models_9x9_scratch\checkpoints\cycle_0002.pt,runs\models_9x9_scratch\checkpoints\cycle_0061.pt,runs\models_9x9_scratch\checkpoints\cycle_0002.pt,runs\models_9x9_scratch\checkpoints\cycle_0061.pt,p2_win,0.0,44
2989,runs\models_9x9_scratch\checkpoints\cycle_0002.pt,runs\models_9x9_scratch\checkpoints\cycle_0061.pt,runs\models_9x9_scratch\checkpoints\cycle_0061.pt,runs\models_9x9_scratch\checkpoints\cycle_0002.pt,p1_win,0.0,45
2990,runs\models_9x9_scratch\checkpoints\cycle_0002.pt,runs\models_9x9_scratch\checkpoints\cycle_0061.pt,runs\models_9x9_scratch\checkpoints\cycle_0002.pt,runs\models_9x9_scratch\checkpoints\cycle_0061.pt,p2_win,0.0,44
2991,runs\models_9x9_scratch\checkpoints\cycle_0002.pt,runs\models_9x9_scratch\checkpoints\cycle_0061.pt,runs\models_9x9_scratch\checkpoints\cycle_0061.pt,runs\models_9x9_scratch\checkpoints\cycle_0002.pt,p1_win,0.0,45
2992,runs\models_9x9_scratch\checkpoints\cycle_0002.pt,runs\models_9x9_scratch\checkpoints\cycle_0061.pt,runs\models_9x9_scratch\checkpoints\cycle_0002.pt,runs\models_9x9_scratch\checkpoints\cycle_0061.pt,p2_win,0.0,46
2993,runs\models_9x9_scratch\checkpoints\cycle_0002.pt,runs\models_9x9_scratch\checkpoints\cycle_0061.pt,runs\models_9x9_scratch\checkpoints\cycle_0002.pt,runs\models_9x9_scratch\checkpoints\cycle_0061.pt,p2_win,0.0,46
2994,runs\models_9x9_scratch\checkpoints\cycle_0002.pt,runs\models_9x9_scratch\checkpoints\cycle_0061.pt,runs\models_9x9_scratch\checkpoints\cycle_0061.pt,runs\models_9x9_scratch\checkpoints\cycle_0002.pt,p1_win,0.0,47
2995,runs\models_9x9_scratch\checkpoints\cycle_0002.pt,runs\models_9x9_scratch\checkpoints\cycle_0061.pt,runs\models_9x9_scratch\checkpoints\cycle_0061.pt,runs\models_9x9_scratch\checkpoints\cycle_0002.pt,p1_win,0.0,47
2996,runs\models_9x9_scratch\checkpoints\cycle_0002.pt,runs\models_9x9_scratch\checkpoints\cycle_0061.pt,runs\models_9x9_scratch\checkpoints\cycle_0002.pt,runs\models_9x9_scratch\checkpoints\cycle_0061.pt,p2_win,0.0,48
2997,runs\models_9x9_scratch\checkpoints\cycle_0002.pt,runs\models_9x9_scratch\checkpoints\cycle_0061.pt,runs\models_9x9_scratch\checkpoints\cycle_0061.pt,runs\models_9x9_scratch\checkpoints\cycle_0002.pt,p1_win,0.0,49
2998,runs\models_9x9_scratch\checkpoints\cycle_0002.pt,runs\models_9x9_scratch\checkpoints\cycle_0061.pt,runs\models_9x9_scratch\checkpoints\cycle_0002.pt,runs\models_9x9_scratch\checkpoints\cycle_0061.pt,p2_win,0.0,54
2999,runs\models_9x9_scratch\checkpoints\cycle_0002.pt,runs\models_9x9_scratch\checkpoints\cycle_0061.pt,runs\models_9x9_scratch\checkpoints\cycle_0002.pt,runs\models_9x9_scratch\checkpoints\cycle_0061.pt,p2_win,0.0,54
3000,runs\models_9x9_scratch\checkpoints\cycle_0002.pt,runs\models_9x9_scratch\checkpoints\cycle_0061.pt,runs\models_9x9_scratch\checkpoints\cycle_0002.pt,runs\models_9x9_scratch\checkpoints\cycle_0061.pt,p2_win,0.0,62
3001,runs\models_9x9_scratch\checkpoints\cycle_0002.pt,runs\models_9x9_scratch\best.pt,runs\models_9x9_scratch\best.pt,runs\models_9x9_scratch\checkpoints\cycle_0002.pt,p1_win,0.0,21
3002,runs\models_9x9_scratch\checkpoints\cycle_0002.pt,runs\models_9x9_scratch\best.pt,runs\models_9x9_scratch\best.pt,runs\models_9x9_scratch\checkpoints\cycle_0002.pt,p1_win,0.0,21
3003,runs\models_9x9_scratch\checkpoints\cycle_0002.pt,runs\models_9x9_scratch\best.pt,runs\models_9x9_scratch\best.pt,runs\models_9x9_scratch\checkpoints\cycle_0002.pt,p1_win,0.0,21
3004,runs\models_9x9_scratch\checkpoints\cycle_0002.pt,runs\models_9x9_scratch\best.pt,runs\models_9x9_scratch\best.pt,runs\models_9x9_scratch\checkpoints\cycle_0002.pt,p1_win,0.0,21
3005,runs\models_9x9_scratch\checkpoints\cycle_0002.pt,runs\models_9x9_scratch\best.pt,runs\models_9x9_scratch\best.pt,runs\models_9x9_scratch\checkpoints\cycle_0002.pt,p1_win,0.0,23
3006,runs\models_9x9_scratch\checkpoints\cycle_0002.pt,runs\models_9x9_scratch\best.pt,runs\models_9x9_scratch\best.pt,runs\models_9x9_scratch\checkpoints\cycle_0002.pt,p1_win,0.0,23
3007,runs\models_9x9_scratch\checkpoints\cycle_0002.pt,runs\models_9x9_scratch\best.pt,runs\models_9x9_scratch\best.pt,runs\models_9x9_scratch\checkpoints\cycle_0002.pt,p1_win,0.0,23
3008,runs\models_9x9_scratch\checkpoints\cycle_0002.pt,runs\models_9x9_scratch\best.pt,runs\models_9x9_scratch\best.pt,runs\models_9x9_scratch\checkpoints\cycle_0002.pt,p1_win,0.0,23
3009,runs\models_9x9_scratch\checkpoints\cycle_0002.pt,runs\models_9x9_scratch\best.pt,runs\models_9x9_scratch\best.pt,runs\models_9x9_scratch\checkpoints\cycle_0002.pt,p1_win,0.0,23
3010,runs\models_9x9_scratch\checkpoints\cycle_0002.pt,runs\models_9x9_scratch\best.pt,runs\models_9x9_scratch\best.pt,runs\models_9x9_scratch\checkpoints\cycle_0002.pt,p1_win,0.0,23
3011,runs\models_9x9_scratch\checkpoints\cycle_0002.pt,runs\models_9x9_scratch\best.pt,runs\models_9x9_scratch\best.pt,runs\models_9x9_scratch\checkpoints\cycle_0002.pt,p1_win,0.0,23
3012,runs\models_9x9_scratch\checkpoints\cycle_0002.pt,runs\models_9x9_scratch\best.pt,runs\models_9x9_scratch\best.pt,runs\models_9x9_scratch\checkpoints\cycle_0002.pt,p1_win,0.0,23
3013,runs\models_9x9_scratch\checkpoints\cycle_0002.pt,runs\models_9x9_scratch\best.pt,runs\models_9x9_scratch\best.pt,runs\models_9x9_scratch\checkpoints\cycle_0002.pt,p1_win,0.0,23
3014,runs\models_9x9_scratch\checkpoints\cycle_0002.pt,runs\models_9x9_scratch\best.pt,runs\models_9x9_scratch\best.pt,runs\models_9x9_scratch\checkpoints\cycle_0002.pt,p1_win,0.0,23
3015,runs\models_9x9_scratch\checkpoints\cycle_0002.pt,runs\models_9x9_scratch\best.pt,runs\models_9x9_scratch\best.pt,runs\models_9x9_scratch\checkpoints\cycle_0002.pt,p1_win,0.0,23
3016,runs\models_9x9_scratch\checkpoints\cycle_0002.pt,runs\models_9x9_scratch\best.pt,runs\models_9x9_scratch\best.pt,runs\models_9x9_scratch\checkpoints\cycle_0002.pt,p1_win,0.0,23
3017,runs\models_9x9_scratch\checkpoints\cycle_0002.pt,runs\models_9x9_scratch\best.pt,runs\models_9x9_scratch\best.pt,runs\models_9x9_scratch\checkpoints\cycle_0002.pt,p1_win,0.0,23
3018,runs\models_9x9_scratch\checkpoints\cycle_0002.pt,runs\models_9x9_scratch\best.pt,runs\models_9x9_scratch\best.pt,runs\models_9x9_scratch\checkpoints\cycle_0002.pt,p1_win,0.0,23
3019,runs\models_9x9_scratch\checkpoints\cycle_0002.pt,runs\models_9x9_scratch\best.pt,runs\models_9x9_scratch\best.pt,runs\models_9x9_scratch\checkpoints\cycle_0002.pt,p1_win,0.0,23
3020,runs\models_9x9_scratch\checkpoints\cycle_0002.pt,runs\models_9x9_scratch\best.pt,runs\models_9x9_scratch\best.pt,runs\models_9x9_scratch\checkpoints\cycle_0002.pt,p1_win,0.0,23
3021,runs\models_9x9_scratch\checkpoints\cycle_0002.pt,runs\models_9x9_scratch\best.pt,runs\models_9x9_scratch\best.pt,runs\models_9x9_scratch\checkpoints\cycle_0002.pt,p1_win,0.0,23
3022,runs\models_9x9_scratch\checkpoints\cycle_0002.pt,runs\models_9x9_scratch\best.pt,runs\models_9x9_scratch\best.pt,runs\models_9x9_scratch\checkpoints\cycle_0002.pt,p1_win,0.0,23
3023,runs\models_9x9_scratch\checkpoints\cycle_0002.pt,runs\models_9x9_scratch\best.pt,runs\models_9x9_scratch\best.pt,runs\models_9x9_scratch\checkpoints\cycle_0002.pt,p1_win,0.0,23
3024,runs\models_9x9_scratch\checkpoints\cycle_0002.pt,runs\models_9x9_scratch\best.pt,runs\models_9x9_scratch\best.pt,runs\models_9x9_scratch\checkpoints\cycle_0002.pt,p1_win,0.0,23
3025,runs\models_9x9_scratch\checkpoints\cycle_0002.pt,runs\models_9x9_scratch\best.pt,runs\models_9x9_scratch\checkpoints\cycle_0002.pt,runs\models_9x9_scratch\best.pt,p2_win,0.0,24
3026,runs\models_9x9_scratch\checkpoints\cycle_0002.pt,runs\models_9x9_scratch\best.pt,runs\models_9x9_scratch\checkpoints\cycle_0002.pt,runs\models_9x9_scratch\best.pt,p2_win,0.0,24
3027,runs\models_9x9_scratch\checkpoints\cycle_0002.pt,runs\models_9x9_scratch\best.pt,runs\models_9x9_scratch\best.pt,runs\models_9x9_scratch\checkpoints\cycle_0002.pt,p1_win,0.0,25
3028,runs\models_9x9_scratch\checkpoints\cycle_0002.pt,runs\models_9x9_scratch\best.pt,runs\models_9x9_scratch\best.pt,runs\models_9x9_scratch\checkpoints\cycle_0002.pt,p1_win,0.0,25
3029,runs\models_9x9_scratch\checkpoints\cycle_0002.pt,runs\models_9x9_scratch\best.pt,runs\models_9x9_scratch\best.pt,runs\models_9x9_scratch\checkpoints\cycle_0002.pt,p1_win,0.0,25
3030,runs\models_9x9_scratch\checkpoints\cycle_0002.pt,runs\models_9x9_scratch\best.pt,runs\models_9x9_scratch\best.pt,runs\models_9x9_scratch\checkpoints\cycle_0002.pt,p1_win,0.0,25
3031,runs\models_9x9_scratch\checkpoints\cycle_0002.pt,runs\models_9x9_scratch\best.pt,runs\models_9x9_scratch\best.pt,runs\models_9x9_scratch\checkpoints\cycle_0002.pt,p1_win,0.0,25
3032,runs\models_9x9_scratch\checkpoints\cycle_0002.pt,runs\models_9x9_scratch\best.pt,runs\models_9x9_scratch\checkpoints\cycle_0002.pt,runs\models_9x9_scratch\best.pt,p2_win,0.0,26
3033,runs\models_9x9_scratch\checkpoints\cycle_0002.pt,runs\models_9x9_scratch\best.pt,runs\models_9x9_scratch\best.pt,runs\models_9x9_scratch\checkpoints\cycle_0002.pt,p1_win,0.0,25
3034,runs\models_9x9_scratch\checkpoints\cycle_0002.pt,runs\models_9x9_scratch\best.pt,runs\models_9x9_scratch\best.pt,runs\models_9x9_scratch\checkpoints\cycle_0002.pt,p1_win,0.0,25
3035,runs\models_9x9_scratch\checkpoints\cycle_0002.pt,runs\models_9x9_scratch\best.pt,runs\models_9x9_scratch\checkpoints\cycle_0002.pt,runs\models_9x9_scratch\best.pt,p2_win,0.0,26
3036,runs\models_9x9_scratch\checkpoints\cycle_0002.pt,runs\models_9x9_scratch\best.pt,runs\models_9x9_scratch\best.pt,runs\models_9x9_scratch\checkpoints\cycle_0002.pt,p1_win,0.0,25
3037,runs\models_9x9_scratch\checkpoints\cycle_0002.pt,runs\models_9x9_scratch\best.pt,runs\models_9x9_scratch\best.pt,runs\models_9x9_scratch\checkpoints\cycle_0002.pt,p1_win,0.0,25
3038,runs\models_9x9_scratch\checkpoints\cycle_0002.pt,runs\models_9x9_scratch\best.pt,runs\models_9x9_scratch\best.pt,runs\models_9x9_scratch\checkpoints\cycle_0002.pt,p1_win,0.0,25
3039,runs\models_9x9_scratch\checkpoints\cycle_0002.pt,runs\models_9x9_scratch\best.pt,runs\models_9x9_scratch\best.pt,runs\models_9x9_scratch\checkpoints\cycle_0002.pt,p1_win,0.0,25
3040,runs\models_9x9_scratch\checkpoints\cycle_0002.pt,runs\models_9x9_scratch\best.pt,runs\models_9x9_scratch\best.pt,runs\models_9x9_scratch\checkpoints\cycle_0002.pt,p1_win,0.0,25
3041,runs\models_9x9_scratch\checkpoints\cycle_0002.pt,runs\models_9x9_scratch\best.pt,runs\models_9x9_scratch\best.pt,runs\models_9x9_scratch\checkpoints\cycle_0002.pt,p1_win,0.0,25
3042,runs\models_9x9_scratch\checkpoints\cycle_0002.pt,runs\models_9x9_scratch\best.pt,runs\models_9x9_scratch\best.pt,runs\models_9x9_scratch\checkpoints\cycle_0002.pt,p1_win,0.0,25
3043,runs\models_9x9_scratch\checkpoints\cycle_0002.pt,runs\models_9x9_scratch\best.pt,runs\models_9x9_scratch\checkpoints\cycle_0002.pt,runs\models_9x9_scratch\best.pt,p2_win,0.0,26
3044,runs\models_9x9_scratch\checkpoints\cycle_0002.pt,runs\models_9x9_scratch\best.pt,runs\models_9x9_scratch\best.pt,runs\models_9x9_scratch\checkpoints\cycle_0002.pt,p1_win,0.0,25
3045,runs\models_9x9_scratch\checkpoints\cycle_0002.pt,runs\models_9x9_scratch\best.pt,runs\models_9x9_scratch\best.pt,runs\models_9x9_scratch\checkpoints\cycle_0002.pt,p1_win,0.0,25
3046,runs\models_9x9_scratch\checkpoints\cycle_0002.pt,runs\models_9x9_scratch\best.pt,runs\models_9x9_scratch\best.pt,runs\models_9x9_scratch\checkpoints\cycle_0002.pt,p1_win,0.0,25
3047,runs\models_9x9_scratch\checkpoints\cycle_0002.pt,runs\models_9x9_scratch\best.pt,runs\models_9x9_scratch\best.pt,runs\models_9x9_scratch\checkpoints\cycle_0002.pt,p1_win,0.0,25
3048,runs\models_9x9_scratch\checkpoints\cycle_0002.pt,runs\models_9x9_scratch\best.pt,runs\models_9x9_scratch\best.pt,runs\models_9x9_scratch\checkpoints\cycle_0002.pt,p1_win,0.0,25
3049,runs\models_9x9_scratch\checkpoints\cycle_0002.pt,runs\models_9x9_scratch\best.pt,runs\models_9x9_scratch\best.pt,runs\models_9x9_scratch\checkpoints\cycle_0002.pt,p1_win,0.0,25
3050,runs\models_9x9_scratch\checkpoints\cycle_0002.pt,runs\models_9x9_scratch\best.pt,runs\models_9x9_scratch\best.pt,runs\models_9x9_scratch\checkpoints\cycle_0002.pt,p1_win,0.0,25
3051,runs\models_9x9_scratch\checkpoints\cycle_0002.pt,runs\models_9x9_scratch\best.pt,runs\models_9x9_scratch\best.pt,runs\models_9x9_scratch\checkpoints\cycle_0002.pt,p1_win,0.0,25
3052,runs\models_9x9_scratch\checkpoints\cycle_0002.pt,runs\models_9x9_scratch\best.pt,runs\models_9x9_scratch\checkpoints\cycle_0002.pt,runs\models_9x9_scratch\best.pt,p2_win,0.0,26
3053,runs\models_9x9_scratch\checkpoints\cycle_0002.pt,runs\models_9x9_scratch\best.pt,runs\models_9x9_scratch\best.pt,runs\models_9x9_scratch\checkpoints\cycle_0002.pt,p1_win,0.0,25
3054,runs\models_9x9_scratch\checkpoints\cycle_0002.pt,runs\models_9x9_scratch\best.pt,runs\models_9x9_scratch\best.pt,runs\models_9x9_scratch\checkpoints\cycle_0002.pt,p1_win,0.0,25
3055,runs\models_9x9_scratch\checkpoints\cycle_0002.pt,runs\models_9x9_scratch\best.pt,runs\models_9x9_scratch\best.pt,runs\models_9x9_scratch\checkpoints\cycle_0002.pt,p1_win,0.0,25
3056,runs\models_9x9_scratch\checkpoints\cycle_0002.pt,runs\models_9x9_scratch\best.pt,runs\models_9x9_scratch\best.pt,runs\models_9x9_scratch\checkpoints\cycle_0002.pt,p1_win,0.0,25
3057,runs\models_9x9_scratch\checkpoints\cycle_0002.pt,runs\models_9x9_scratch\best.pt,runs\models_9x9_scratch\checkpoints\cycle_0002.pt,runs\models_9x9_scratch\best.pt,p2_win,0.0,26
3058,runs\models_9x9_scratch\checkpoints\cycle_0002.pt,runs\models_9x9_scratch\best.pt,runs\models_9x9_scratch\best.pt,runs\models_9x9_scratch\checkpoints\cycle_0002.pt,p1_win,0.0,25
3059,runs\models_9x9_scratch\checkpoints\cycle_0002.pt,runs\models_9x9_scratch\best.pt,runs\models_9x9_scratch\checkpoints\cycle_0002.pt,runs\models_9x9_scratch\best.pt,p2_win,0.0,26
3060,runs\models_9x9_scratch\checkpoints\cycle_0002.pt,runs\models_9x9_scratch\best.pt,runs\models_9x9_scratch\best.pt,runs\models_9x9_scratch\checkpoints\cycle_0002.pt,p1_win,0.0,25
3061,runs\models_9x9_scratch\checkpoints\cycle_0002.pt,runs\models_9x9_scratch\best.pt,runs\models_9x9_scratch\best.pt,runs\models_9x9_scratch\checkpoints\cycle_0002.pt,p1_win,0.0,25
3062,runs\models_9x9_scratch\checkpoints\cycle_0002.pt,runs\models_9x9_scratch\best.pt,runs\models_9x9_scratch\best.pt,runs\models_9x9_scratch\checkpoints\cycle_0002.pt,p1_win,0.0,25
3063,runs\models_9x9_scratch\checkpoints\cycle_0002.pt,runs\models_9x9_scratch\best.pt,runs\models_9x9_scratch\best.pt,runs\models_9x9_scratch\checkpoints\cycle_0002.pt,p1_win,0.0,25
3064,runs\models_9x9_scratch\checkpoints\cycle_0002.pt,runs\models_9x9_scratch\best.pt,runs\models_9x9_scratch\best.pt,runs\models_9x9_scratch\checkpoints\cycle_0002.pt,p1_win,0.0,25
3065,runs\models_9x9_scratch\checkpoints\cycle_0002.pt,runs\models_9x9_scratch\best.pt,runs\models_9x9_scratch\best.pt,runs\models_9x9_scratch\checkpoints\cycle_0002.pt,p1_win,0.0,25
3066,runs\models_9x9_scratch\checkpoints\cycle_0002.pt,runs\models_9x9_scratch\best.pt,runs\models_9x9_scratch\best.pt,runs\models_9x9_scratch\checkpoints\cycle_0002.pt,p1_win,0.0,25
3067,runs\models_9x9_scratch\checkpoints\cycle_0002.pt,runs\models_9x9_scratch\best.pt,runs\models_9x9_scratch\best.pt,runs\models_9x9_scratch\checkpoints\cycle_0002.pt,p1_win,0.0,25
3068,runs\models_9x9_scratch\checkpoints\cycle_0002.pt,runs\models_9x9_scratch\best.pt,runs\models_9x9_scratch\best.pt,runs\models_9x9_scratch\checkpoints\cycle_0002.pt,p1_win,0.0,25
3069,runs\models_9x9_scratch\checkpoints\cycle_0002.pt,runs\models_9x9_scratch\best.pt,runs\models_9x9_scratch\best.pt,runs\models_9x9_scratch\checkpoints\cycle_0002.pt,p1_win,0.0,25
3070,runs\models_9x9_scratch\checkpoints\cycle_0002.pt,runs\models_9x9_scratch\best.pt,runs\models_9x9_scratch\checkpoints\cycle_0002.pt,runs\models_9x9_scratch\best.pt,p2_win,0.0,26
3071,runs\models_9x9_scratch\checkpoints\cycle_0002.pt,runs\models_9x9_scratch\best.pt,runs\models_9x9_scratch\checkpoints\cycle_0002.pt,runs\models_9x9_scratch\best.pt,p2_win,0.0,26
3072,runs\models_9x9_scratch\checkpoints\cycle_0002.pt,runs\models_9x9_scratch\best.pt,runs\models_9x9_scratch\best.pt,runs\models_9x9_scratch\checkpoints\cycle_0002.pt,p1_win,0.0,25
3073,runs\models_9x9_scratch\checkpoints\cycle_0002.pt,runs\models_9x9_scratch\best.pt,runs\models_9x9_scratch\best.pt,runs\models_9x9_scratch\checkpoints\cycle_0002.pt,p1_win,0.0,25
3074,runs\models_9x9_scratch\checkpoints\cycle_0002.pt,runs\models_9x9_scratch\best.pt,runs\models_9x9_scratch\checkpoints\cycle_0002.pt,runs\models_9x9_scratch\best.pt,p2_win,0.0,26
3075,runs\models_9x9_scratch\checkpoints\cycle_0002.pt,runs\models_9x9_scratch\best.pt,runs\models_9x9_scratch\best.pt,runs\models_9x9_scratch\checkpoints\cycle_0002.pt,p1_win,0.0,25
3076,runs\models_9x9_scratch\checkpoints\cycle_0002.pt,runs\models_9x9_scratch\best.pt,runs\models_9x9_scratch\best.pt,runs\models_9x9_scratch\checkpoints\cycle_0002.pt,p1_win,0.0,25
3077,runs\models_9x9_scratch\checkpoints\cycle_0002.pt,runs\models_9x9_scratch\best.pt,runs\models_9x9_scratch\best.pt,runs\models_9x9_scratch\checkpoints\cycle_0002.pt,p1_win,0.0,25
3078,runs\models_9x9_scratch\checkpoints\cycle_0002.pt,runs\models_9x9_scratch\best.pt,runs\models_9x9_scratch\best.pt,runs\models_9x9_scratch\checkpoints\cycle_0002.pt,p1_win,0.0,25
3079,runs\models_9x9_scratch\checkpoints\cycle_0002.pt,runs\models_9x9_scratch\best.pt,runs\models_9x9_scratch\checkpoints\cycle_0002.pt,runs\models_9x9_scratch\best.pt,p2_win,0.0,26
3080,runs\models_9x9_scratch\checkpoints\cycle_0002.pt,runs\models_9x9_scratch\best.pt,runs\models_9x9_scratch\best.pt,runs\models_9x9_scratch\checkpoints\cycle_0002.pt,p1_win,0.0,25
3081,runs\models_9x9_scratch\checkpoints\cycle_0002.pt,runs\models_9x9_scratch\best.pt,runs\models_9x9_scratch\best.pt,runs\models_9x9_scratch\checkpoints\cycle_0002.pt,p1_win,0.0,25
3082,runs\models_9x9_scratch\checkpoints\cycle_0002.pt,runs\models_9x9_scratch\best.pt,runs\models_9x9_scratch\best.pt,runs\models_9x9_scratch\checkpoints\cycle_0002.pt,p1_win,0.0,25
3083,runs\models_9x9_scratch\checkpoints\cycle_0002.pt,runs\models_9x9_scratch\best.pt,runs\models_9x9_scratch\best.pt,runs\models_9x9_scratch\checkpoints\cycle_0002.pt,p1_win,0.0,25
3084,runs\models_9x9_scratch\checkpoints\cycle_0002.pt,runs\models_9x9_scratch\best.pt,runs\models_9x9_scratch\best.pt,runs\models_9x9_scratch\checkpoints\cycle_0002.pt,p1_win,0.0,25
3085,runs\models_9x9_scratch\checkpoints\cycle_0002.pt,runs\models_9x9_scratch\best.pt,runs\models_9x9_scratch\best.pt,runs\models_9x9_scratch\checkpoints\cycle_0002.pt,p1_win,0.0,25
3086,runs\models_9x9_scratch\checkpoints\cycle_0002.pt,runs\models_9x9_scratch\best.pt,runs\models_9x9_scratch\best.pt,runs\models_9x9_scratch\checkpoints\cycle_0002.pt,p1_win,0.0,25
3087,runs\models_9x9_scratch\checkpoints\cycle_0002.pt,runs\models_9x9_scratch\best.pt,runs\models_9x9_scratch\checkpoints\cycle_0002.pt,runs\models_9x9_scratch\best.pt,p2_win,0.0,26
3088,runs\models_9x9_scratch\checkpoints\cycle_0002.pt,runs\models_9x9_scratch\best.pt,runs\models_9x9_scratch\best.pt,runs\models_9x9_scratch\checkpoints\cycle_0002.pt,p1_win,0.0,25
3089,runs\models_9x9_scratch\checkpoints\cycle_0002.pt,runs\models_9x9_scratch\best.pt,runs\models_9x9_scratch\best.pt,runs\models_9x9_scratch\checkpoints\cycle_0002.pt,p1_win,0.0,27
3090,runs\models_9x9_scratch\checkpoints\cycle_0002.pt,runs\models_9x9_scratch\best.pt,runs\models_9x9_scratch\best.pt,runs\models_9x9_scratch\checkpoints\cycle_0002.pt,p1_win,0.0,27
3091,runs\models_9x9_scratch\checkpoints\cycle_0002.pt,runs\models_9x9_scratch\best.pt,runs\models_9x9_scratch\checkpoints\cycle_0002.pt,runs\models_9x9_scratch\best.pt,p2_win,0.0,28
3092,runs\models_9x9_scratch\checkpoints\cycle_0002.pt,runs\models_9x9_scratch\best.pt,runs\models_9x9_scratch\best.pt,runs\models_9x9_scratch\checkpoints\cycle_0002.pt,p1_win,0.0,27
3093,runs\models_9x9_scratch\checkpoints\cycle_0002.pt,runs\models_9x9_scratch\best.pt,runs\models_9x9_scratch\best.pt,runs\models_9x9_scratch\checkpoints\cycle_0002.pt,p1_win,0.0,27
3094,runs\models_9x9_scratch\checkpoints\cycle_0002.pt,runs\models_9x9_scratch\best.pt,runs\models_9x9_scratch\best.pt,runs\models_9x9_scratch\checkpoints\cycle_0002.pt,p1_win,0.0,27
3095,runs\models_9x9_scratch\checkpoints\cycle_0002.pt,runs\models_9x9_scratch\best.pt,runs\models_9x9_scratch\best.pt,runs\models_9x9_scratch\checkpoints\cycle_0002.pt,p1_win,0.0,27
3096,runs\models_9x9_scratch\checkpoints\cycle_0002.pt,runs\models_9x9_scratch\best.pt,runs\models_9x9_scratch\checkpoints\cycle_0002.pt,runs\models_9x9_scratch\best.pt,p2_win,0.0,28
3097,runs\models_9x9_scratch\checkpoints\cycle_0002.pt,runs\models_9x9_scratch\best.pt,runs\models_9x9_scratch\checkpoints\cycle_0002.pt,runs\models_9x9_scratch\best.pt,p2_win,0.0,28
3098,runs\models_9x9_scratch\checkpoints\cycle_0002.pt,runs\models_9x9_scratch\best.pt,runs\models_9x9_scratch\best.pt,runs\models_9x9_scratch\checkpoints\cycle_0002.pt,p1_win,0.0,27
3099,runs\models_9x9_scratch\checkpoints\cycle_0002.pt,runs\models_9x9_scratch\best.pt,runs\models_9x9_scratch\best.pt,runs\models_9x9_scratch\checkpoints\cycle_0002.pt,p1_win,0.0,27
3100,runs\models_9x9_scratch\checkpoints\cycle_0002.pt,runs\models_9x9_scratch\best.pt,runs\models_9x9_scratch\best.pt,runs\models_9x9_scratch\checkpoints\cycle_0002.pt,p1_win,0.0,27
3101,runs\models_9x9_scratch\checkpoints\cycle_0002.pt,runs\models_9x9_scratch\best.pt,runs\models_9x9_scratch\checkpoints\cycle_0002.pt,runs\models_9x9_scratch\best.pt,p2_win,0.0,28
3102,runs\models_9x9_scratch\checkpoints\cycle_0002.pt,runs\models_9x9_scratch\best.pt,runs\models_9x9_scratch\best.pt,runs\models_9x9_scratch\checkpoints\cycle_0002.pt,p1_win,0.0,27
3103,runs\models_9x9_scratch\checkpoints\cycle_0002.pt,runs\models_9x9_scratch\best.pt,runs\models_9x9_scratch\best.pt,runs\models_9x9_scratch\checkpoints\cycle_0002.pt,p1_win,0.0,27
3104,runs\models_9x9_scratch\checkpoints\cycle_0002.pt,runs\models_9x9_scratch\best.pt,runs\models_9x9_scratch\best.pt,runs\models_9x9_scratch\checkpoints\cycle_0002.pt,p1_win,0.0,27
3105,runs\models_9x9_scratch\checkpoints\cycle_0002.pt,runs\models_9x9_scratch\best.pt,runs\models_9x9_scratch\best.pt,runs\models_9x9_scratch\checkpoints\cycle_0002.pt,p1_win,0.0,27
3106,runs\models_9x9_scratch\checkpoints\cycle_0002.pt,runs\models_9x9_scratch\best.pt,runs\models_9x9_scratch\best.pt,runs\models_9x9_scratch\checkpoints\cycle_0002.pt,p1_win,0.0,27
3107,runs\models_9x9_scratch\checkpoints\cycle_0002.pt,runs\models_9x9_scratch\best.pt,runs\models_9x9_scratch\checkpoints\cycle_0002.pt,runs\models_9x9_scratch\best.pt,p2_win,0.0,28
3108,runs\models_9x9_scratch\checkpoints\cycle_0002.pt,runs\models_9x9_scratch\best.pt,runs\models_9x9_scratch\checkpoints\cycle_0002.pt,runs\models_9x9_scratch\best.pt,p2_win,0.0,28
3109,runs\models_9x9_scratch\checkpoints\cycle_0002.pt,runs\models_9x9_scratch\best.pt,runs\models_9x9_scratch\best.pt,runs\models_9x9_scratch\checkpoints\cycle_0002.pt,p1_win,0.0,27
3110,runs\models_9x9_scratch\checkpoints\cycle_0002.pt,runs\models_9x9_scratch\best.pt,runs\models_9x9_scratch\best.pt,runs\models_9x9_scratch\checkpoints\cycle_0002.pt,p1_win,0.0,27
3111,runs\models_9x9_scratch\checkpoints\cycle_0002.pt,runs\models_9x9_scratch\best.pt,runs\models_9x9_scratch\best.pt,runs\models_9x9_scratch\checkpoints\cycle_0002.pt,p1_win,0.0,27
3112,runs\models_9x9_scratch\checkpoints\cycle_0002.pt,runs\models_9x9_scratch\best.pt,runs\models_9x9_scratch\best.pt,runs\models_9x9_scratch\checkpoints\cycle_0002.pt,p1_win,0.0,27
3113,runs\models_9x9_scratch\checkpoints\cycle_0002.pt,runs\models_9x9_scratch\best.pt,runs\models_9x9_scratch\best.pt,runs\models_9x9_scratch\checkpoints\cycle_0002.pt,p1_win,0.0,27
3114,runs\models_9x9_scratch\checkpoints\cycle_0002.pt,runs\models_9x9_scratch\best.pt,runs\models_9x9_scratch\best.pt,runs\models_9x9_scratch\checkpoints\cycle_0002.pt,p1_win,0.0,27
3115,runs\models_9x9_scratch\checkpoints\cycle_0002.pt,runs\models_9x9_scratch\best.pt,runs\models_9x9_scratch\best.pt,runs\models_9x9_scratch\checkpoints\cycle_0002.pt,p1_win,0.0,27
3116,runs\models_9x9_scratch\checkpoints\cycle_0002.pt,runs\models_9x9_scratch\best.pt,runs\models_9x9_scratch\best.pt,runs\models_9x9_scratch\checkpoints\cycle_0002.pt,p1_win,0.0,27
3117,runs\models_9x9_scratch\checkpoints\cycle_0002.pt,runs\models_9x9_scratch\best.pt,runs\models_9x9_scratch\checkpoints\cycle_0002.pt,runs\models_9x9_scratch\best.pt,p2_win,0.0,28
3118,runs\models_9x9_scratch\checkpoints\cycle_0002.pt,runs\models_9x9_scratch\best.pt,runs\models_9x9_scratch\best.pt,runs\models_9x9_scratch\checkpoints\cycle_0002.pt,p1_win,0.0,27
3119,runs\models_9x9_scratch\checkpoints\cycle_0002.pt,runs\models_9x9_scratch\best.pt,runs\models_9x9_scratch\best.pt,runs\models_9x9_scratch\checkpoints\cycle_0002.pt,p1_win,0.0,27
3120,runs\models_9x9_scratch\checkpoints\cycle_0002.pt,runs\models_9x9_scratch\best.pt,runs\models_9x9_scratch\best.pt,runs\models_9x9_scratch\checkpoints\cycle_0002.pt,p1_win,0.0,27
3121,runs\models_9x9_scratch\checkpoints\cycle_0002.pt,runs\models_9x9_scratch\best.pt,runs\models_9x9_scratch\checkpoints\cycle_0002.pt,runs\models_9x9_scratch\best.pt,p2_win,0.0,28
3122,runs\models_9x9_scratch\checkpoints\cycle_0002.pt,runs\models_9x9_scratch\best.pt,runs\models_9x9_scratch\best.pt,runs\models_9x9_scratch\checkpoints\cycle_0002.pt,p1_win,0.0,27
3123,runs\models_9x9_scratch\checkpoints\cycle_0002.pt,runs\models_9x9_scratch\best.pt,runs\models_9x9_scratch\best.pt,runs\models_9x9_scratch\checkpoints\cycle_0002.pt,p1_win,0.0,27
3124,runs\models_9x9_scratch\checkpoints\cycle_0002.pt,runs\models_9x9_scratch\best.pt,runs\models_9x9_scratch\best.pt,runs\models_9x9_scratch\checkpoints\cycle_0002.pt,p1_win,0.0,27
3125,runs\models_9x9_scratch\checkpoints\cycle_0002.pt,runs\models_9x9_scratch\best.pt,runs\models_9x9_scratch\checkpoints\cycle_0002.pt,runs\models_9x9_scratch\best.pt,p2_win,0.0,28
3126,runs\models_9x9_scratch\checkpoints\cycle_0002.pt,runs\models_9x9_scratch\best.pt,runs\models_9x9_scratch\checkpoints\cycle_0002.pt,runs\models_9x9_scratch\best.pt,p2_win,0.0,28
3127,runs\models_9x9_scratch\checkpoints\cycle_0002.pt,runs\models_9x9_scratch\best.pt,runs\models_9x9_scratch\checkpoints\cycle_0002.pt,runs\models_9x9_scratch\best.pt,p2_win,0.0,28
3128,runs\models_9x9_scratch\checkpoints\cycle_0002.pt,runs\models_9x9_scratch\best.pt,runs\models_9x9_scratch\best.pt,runs\models_9x9_scratch\checkpoints\cycle_0002.pt,p1_win,0.0,27
3129,runs\models_9x9_scratch\checkpoints\cycle_0002.pt,runs\models_9x9_scratch\best.pt,runs\models_9x9_scratch\checkpoints\cycle_0002.pt,runs\models_9x9_scratch\best.pt,p2_win,0.0,28
3130,runs\models_9x9_scratch\checkpoints\cycle_0002.pt,runs\models_9x9_scratch\best.pt,runs\models_9x9_scratch\best.pt,runs\models_9x9_scratch\checkpoints\cycle_0002.pt,p1_win,0.0,27
3131,runs\models_9x9_scratch\checkpoints\cycle_0002.pt,runs\models_9x9_scratch\best.pt,runs\models_9x9_scratch\best.pt,runs\models_9x9_scratch\checkpoints\cycle_0002.pt,p1_win,0.0,27
3132,runs\models_9x9_scratch\checkpoints\cycle_0002.pt,runs\models_9x9_scratch\best.pt,runs\models_9x9_scratch\best.pt,runs\models_9x9_scratch\checkpoints\cycle_0002.pt,p1_win,0.0,27
3133,runs\models_9x9_scratch\checkpoints\cycle_0002.pt,runs\models_9x9_scratch\best.pt,runs\models_9x9_scratch\best.pt,runs\models_9x9_scratch\checkpoints\cycle_0002.pt,p1_win,0.0,27
3134,runs\models_9x9_scratch\checkpoints\cycle_0002.pt,runs\models_9x9_scratch\best.pt,runs\models_9x9_scratch\best.pt,runs\models_9x9_scratch\checkpoints\cycle_0002.pt,p1_win,0.0,27
3135,runs\models_9x9_scratch\checkpoints\cycle_0002.pt,runs\models_9x9_scratch\best.pt,runs\models_9x9_scratch\checkpoints\cycle_0002.pt,runs\models_9x9_scratch\best.pt,p2_win,0.0,28
3136,runs\models_9x9_scratch\checkpoints\cycle_0002.pt,runs\models_9x9_scratch\best.pt,runs\models_9x9_scratch\best.pt,runs\models_9x9_scratch\checkpoints\cycle_0002.pt,p1_win,0.0,27
3137,runs\models_9x9_scratch\checkpoints\cycle_0002.pt,runs\models_9x9_scratch\best.pt,runs\models_9x9_scratch\best.pt,runs\models_9x9_scratch\checkpoints\cycle_0002.pt,p1_win,0.0,27
3138,runs\models_9x9_scratch\checkpoints\cycle_0002.pt,runs\models_9x9_scratch\best.pt,runs\models_9x9_scratch\best.pt,runs\models_9x9_scratch\checkpoints\cycle_0002.pt,p1_win,0.0,27
3139,runs\models_9x9_scratch\checkpoints\cycle_0002.pt,runs\models_9x9_scratch\best.pt,runs\models_9x9_scratch\best.pt,runs\models_9x9_scratch\checkpoints\cycle_0002.pt,p1_win,0.0,27
3140,runs\models_9x9_scratch\checkpoints\cycle_0002.pt,runs\models_9x9_scratch\best.pt,runs\models_9x9_scratch\checkpoints\cycle_0002.pt,runs\models_9x9_scratch\best.pt,p2_win,0.0,28
3141,runs\models_9x9_scratch\checkpoints\cycle_0002.pt,runs\models_9x9_scratch\best.pt,runs\models_9x9_scratch\best.pt,runs\models_9x9_scratch\checkpoints\cycle_0002.pt,p1_win,0.0,27
3142,runs\models_9x9_scratch\checkpoints\cycle_0002.pt,runs\models_9x9_scratch\best.pt,runs\models_9x9_scratch\best.pt,runs\models_9x9_scratch\checkpoints\cycle_0002.pt,p1_win,0.0,27
3143,runs\models_9x9_scratch\checkpoints\cycle_0002.pt,runs\models_9x9_scratch\best.pt,runs\models_9x9_scratch\best.pt,runs\models_9x9_scratch\checkpoints\cycle_0002.pt,p1_win,0.0,27
3144,runs\models_9x9_scratch\checkpoints\cycle_0002.pt,runs\models_9x9_scratch\best.pt,runs\models_9x9_scratch\checkpoints\cycle_0002.pt,runs\models_9x9_scratch\best.pt,p2_win,0.0,28
3145,runs\models_9x9_scratch\checkpoints\cycle_0002.pt,runs\models_9x9_scratch\best.pt,runs\models_9x9_scratch\best.pt,runs\models_9x9_scratch\checkpoints\cycle_0002.pt,p1_win,0.0,27
3146,runs\models_9x9_scratch\checkpoints\cycle_0002.pt,runs\models_9x9_scratch\best.pt,runs\models_9x9_scratch\best.pt,runs\models_9x9_scratch\checkpoints\cycle_0002.pt,p1_win,0.0,27
3147,runs\models_9x9_scratch\checkpoints\cycle_0002.pt,runs\models_9x9_scratch\best.pt,runs\models_9x9_scratch\best.pt,runs\models_9x9_scratch\checkpoints\cycle_0002.pt,p1_win,0.0,27
3148,runs\models_9x9_scratch\checkpoints\cycle_0002.pt,runs\models_9x9_scratch\best.pt,runs\models_9x9_scratch\best.pt,runs\models_9x9_scratch\checkpoints\cycle_0002.pt,p1_win,0.0,27
3149,runs\models_9x9_scratch\checkpoints\cycle_0002.pt,runs\models_9x9_scratch\best.pt,runs\models_9x9_scratch\best.pt,runs\models_9x9_scratch\checkpoints\cycle_0002.pt,p1_win,0.0,27
3150,runs\models_9x9_scratch\checkpoints\cycle_0002.pt,runs\models_9x9_scratch\best.pt,runs\models_9x9_scratch\best.pt,runs\models_9x9_scratch\checkpoints\cycle_0002.pt,p1_win,0.0,27
3151,runs\models_9x9_scratch\checkpoints\cycle_0002.pt,runs\models_9x9_scratch\best.pt,runs\models_9x9_scratch\best.pt,runs\models_9x9_scratch\checkpoints\cycle_0002.pt,p1_win,0.0,27
3152,runs\models_9x9_scratch\checkpoints\cycle_0002.pt,runs\models_9x9_scratch\best.pt,runs\models_9x9_scratch\best.pt,runs\models_9x9_scratch\checkpoints\cycle_0002.pt,p1_win,0.0,27
3153,runs\models_9x9_scratch\checkpoints\cycle_0002.pt,runs\models_9x9_scratch\best.pt,runs\models_9x9_scratch\checkpoints\cycle_0002.pt,runs\models_9x9_scratch\best.pt,p2_win,0.0,28
3154,runs\models_9x9_scratch\checkpoints\cycle_0002.pt,runs\models_9x9_scratch\best.pt,runs\models_9x9_scratch\best.pt,runs\models_9x9_scratch\checkpoints\cycle_0002.pt,p1_win,0.0,27
3155,runs\models_9x9_scratch\checkpoints\cycle_0002.pt,runs\models_9x9_scratch\best.pt,runs\models_9x9_scratch\best.pt,runs\models_9x9_scratch\checkpoints\cycle_0002.pt,p1_win,0.0,27
3156,runs\models_9x9_scratch\checkpoints\cycle_0002.pt,runs\models_9x9_scratch\best.pt,runs\models_9x9_scratch\best.pt,runs\models_9x9_scratch\checkpoints\cycle_0002.pt,p1_win,0.0,27
3157,runs\models_9x9_scratch\checkpoints\cycle_0002.pt,runs\models_9x9_scratch\best.pt,runs\models_9x9_scratch\best.pt,runs\models_9x9_scratch\checkpoints\cycle_0002.pt,p1_win,0.0,27
3158,runs\models_9x9_scratch\checkpoints\cycle_0002.pt,runs\models_9x9_scratch\best.pt,runs\models_9x9_scratch\checkpoints\cycle_0002.pt,runs\models_9x9_scratch\best.pt,p2_win,0.0,28
3159,runs\models_9x9_scratch\checkpoints\cycle_0002.pt,runs\models_9x9_scratch\best.pt,runs\models_9x9_scratch\checkpoints\cycle_0002.pt,runs\models_9x9_scratch\best.pt,p2_win,0.0,30
3160,runs\models_9x9_scratch\checkpoints\cycle_0002.pt,runs\models_9x9_scratch\best.pt,runs\models_9x9_scratch\checkpoints\cycle_0002.pt,runs\models_9x9_scratch\best.pt,p2_win,0.0,28
3161,runs\models_9x9_scratch\checkpoints\cycle_0002.pt,runs\models_9x9_scratch\best.pt,runs\models_9x9_scratch\checkpoints\cycle_0002.pt,runs\models_9x9_scratch\best.pt,p2_win,0.0,30
3162,runs\models_9x9_scratch\checkpoints\cycle_0002.pt,runs\models_9x9_scratch\best.pt,runs\models_9x9_scratch\checkpoints\cycle_0002.pt,runs\models_9x9_scratch\best.pt,p2_win,0.0,30
3163,runs\models_9x9_scratch\checkpoints\cycle_0002.pt,runs\models_9x9_scratch\best.pt,runs\models_9x9_scratch\best.pt,runs\models_9x9_scratch\checkpoints\cycle_0002.pt,p1_win,0.0,29
3164,runs\models_9x9_scratch\checkpoints\cycle_0002.pt,runs\models_9x9_scratch\best.pt,runs\models_9x9_scratch\best.pt,runs\models_9x9_scratch\checkpoints\cycle_0002.pt,p1_win,0.0,29
3165,runs\models_9x9_scratch\checkpoints\cycle_0002.pt,runs\models_9x9_scratch\best.pt,runs\models_9x9_scratch\best.pt,runs\models_9x9_scratch\checkpoints\cycle_0002.pt,p1_win,0.0,29
3166,runs\models_9x9_scratch\checkpoints\cycle_0002.pt,runs\models_9x9_scratch\best.pt,runs\models_9x9_scratch\best.pt,runs\models_9x9_scratch\checkpoints\cycle_0002.pt,p1_win,0.0,29
3167,runs\models_9x9_scratch\checkpoints\cycle_0002.pt,runs\models_9x9_scratch\best.pt,runs\models_9x9_scratch\checkpoints\cycle_0002.pt,runs\models_9x9_scratch\best.pt,p2_win,0.0,30
3168,runs\models_9x9_scratch\checkpoints\cycle_0002.pt,runs\models_9x9_scratch\best.pt,runs\models_9x9_scratch\best.pt,runs\models_9x9_scratch\checkpoints\cycle_0002.pt,p1_win,0.0,29
3169,runs\models_9x9_scratch\checkpoints\cycle_0002.pt,runs\models_9x9_scratch\best.pt,runs\models_9x9_scratch\checkpoints\cycle_0002.pt,runs\models_9x9_scratch\best.pt,p2_win,0.0,30
3170,runs\models_9x9_scratch\checkpoints\cycle_0002.pt,runs\models_9x9_scratch\best.pt,runs\models_9x9_scratch\best.pt,runs\models_9x9_scratch\checkpoints\cycle_0002.pt,p1_win,0.0,29
3171,runs\models_9x9_scratch\checkpoints\cycle_0002.pt,runs\models_9x9_scratch\best.pt,runs\models_9x9_scratch\best.pt,runs\models_9x9_scratch\checkpoints\cycle_0002.pt,p1_win,0.0,29
3172,runs\models_9x9_scratch\checkpoints\cycle_0002.pt,runs\models_9x9_scratch\best.pt,runs\models_9x9_scratch\best.pt,runs\models_9x9_scratch\checkpoints\cycle_0002.pt,p1_win,0.0,29
3173,runs\models_9x9_scratch\checkpoints\cycle_0002.pt,runs\models_9x9_scratch\best.pt,runs\models_9x9_scratch\checkpoints\cycle_0002.pt,runs\models_9x9_scratch\best.pt,p2_win,0.0,30
3174,runs\models_9x9_scratch\checkpoints\cycle_0002.pt,runs\models_9x9_scratch\best.pt,runs\models_9x9_scratch\checkpoints\cycle_0002.pt,runs\models_9x9_scratch\best.pt,p2_win,0.0,30
3175,runs\models_9x9_scratch\checkpoints\cycle_0002.pt,runs\models_9x9_scratch\best.pt,runs\models_9x9_scratch\best.pt,runs\models_9x9_scratch\checkpoints\cycle_0002.pt,p1_win,0.0,29
3176,runs\models_9x9_scratch\checkpoints\cycle_0002.pt,runs\models_9x9_scratch\best.pt,runs\models_9x9_scratch\best.pt,runs\models_9x9_scratch\checkpoints\cycle_0002.pt,p1_win,0.0,29
3177,runs\models_9x9_scratch\checkpoints\cycle_0002.pt,runs\models_9x9_scratch\best.pt,runs\models_9x9_scratch\best.pt,runs\models_9x9_scratch\checkpoints\cycle_0002.pt,p1_win,0.0,29
3178,runs\models_9x9_scratch\checkpoints\cycle_0002.pt,runs\models_9x9_scratch\best.pt,runs\models_9x9_scratch\best.pt,runs\models_9x9_scratch\checkpoints\cycle_0002.pt,p1_win,0.0,29
3179,runs\models_9x9_scratch\checkpoints\cycle_0002.pt,runs\models_9x9_scratch\best.pt,runs\models_9x9_scratch\best.pt,runs\models_9x9_scratch\checkpoints\cycle_0002.pt,p1_win,0.0,29
3180,runs\models_9x9_scratch\checkpoints\cycle_0002.pt,runs\models_9x9_scratch\best.pt,runs\models_9x9_scratch\checkpoints\cycle_0002.pt,runs\models_9x9_scratch\best.pt,p2_win,0.0,30
3181,runs\models_9x9_scratch\checkpoints\cycle_0002.pt,runs\models_9x9_scratch\best.pt,runs\models_9x9_scratch\best.pt,runs\models_9x9_scratch\checkpoints\cycle_0002.pt,p1_win,0.0,29
3182,runs\models_9x9_scratch\checkpoints\cycle_0002.pt,runs\models_9x9_scratch\best.pt,runs\models_9x9_scratch\best.pt,runs\models_9x9_scratch\checkpoints\cycle_0002.pt,p1_win,0.0,29
3183,runs\models_9x9_scratch\checkpoints\cycle_0002.pt,runs\models_9x9_scratch\best.pt,runs\models_9x9_scratch\best.pt,runs\models_9x9_scratch\checkpoints\cycle_0002.pt,p1_win,0.0,29
3184,runs\models_9x9_scratch\checkpoints\cycle_0002.pt,runs\models_9x9_scratch\best.pt,runs\models_9x9_scratch\checkpoints\cycle_0002.pt,runs\models_9x9_scratch\best.pt,p2_win,0.0,30
3185,runs\models_9x9_scratch\checkpoints\cycle_0002.pt,runs\models_9x9_scratch\best.pt,runs\models_9x9_scratch\best.pt,runs\models_9x9_scratch\checkpoints\cycle_0002.pt,p1_win,0.0,29
3186,runs\models_9x9_scratch\checkpoints\cycle_0002.pt,runs\models_9x9_scratch\best.pt,runs\models_9x9_scratch\checkpoints\cycle_0002.pt,runs\models_9x9_scratch\best.pt,p2_win,0.0,30
3187,runs\models_9x9_scratch\checkpoints\cycle_0002.pt,runs\models_9x9_scratch\best.pt,runs\models_9x9_scratch\best.pt,runs\models_9x9_scratch\checkpoints\cycle_0002.pt,p1_win,0.0,29
3188,runs\models_9x9_scratch\checkpoints\cycle_0002.pt,runs\models_9x9_scratch\best.pt,runs\models_9x9_scratch\best.pt,runs\models_9x9_scratch\checkpoints\cycle_0002.pt,p1_win,0.0,29
3189,runs\models_9x9_scratch\checkpoints\cycle_0002.pt,runs\models_9x9_scratch\best.pt,runs\models_9x9_scratch\checkpoints\cycle_0002.pt,runs\models_9x9_scratch\best.pt,p2_win,0.0,30
3190,runs\models_9x9_scratch\checkpoints\cycle_0002.pt,runs\models_9x9_scratch\best.pt,runs\models_9x9_scratch\checkpoints\cycle_0002.pt,runs\models_9x9_scratch\best.pt,p2_win,0.0,30
3191,runs\models_9x9_scratch\checkpoints\cycle_0002.pt,runs\models_9x9_scratch\best.pt,runs\models_9x9_scratch\best.pt,runs\models_9x9_scratch\checkpoints\cycle_0002.pt,p1_win,0.0,29
3192,runs\models_9x9_scratch\checkpoints\cycle_0002.pt,runs\models_9x9_scratch\best.pt,runs\models_9x9_scratch\checkpoints\cycle_0002.pt,runs\models_9x9_scratch\best.pt,p2_win,0.0,30
3193,runs\models_9x9_scratch\checkpoints\cycle_0002.pt,runs\models_9x9_scratch\best.pt,runs\models_9x9_scratch\best.pt,runs\models_9x9_scratch\checkpoints\cycle_0002.pt,p1_win,0.0,29
3194,runs\models_9x9_scratch\checkpoints\cycle_0002.pt,runs\models_9x9_scratch\best.pt,runs\models_9x9_scratch\best.pt,runs\models_9x9_scratch\checkpoints\cycle_0002.pt,p1_win,0.0,29
3195,runs\models_9x9_scratch\checkpoints\cycle_0002.pt,runs\models_9x9_scratch\best.pt,runs\models_9x9_scratch\best.pt,runs\models_9x9_scratch\checkpoints\cycle_0002.pt,p1_win,0.0,29
3196,runs\models_9x9_scratch\checkpoints\cycle_0002.pt,runs\models_9x9_scratch\best.pt,runs\models_9x9_scratch\checkpoints\cycle_0002.pt,runs\models_9x9_scratch\best.pt,p2_win,0.0,30
3197,runs\models_9x9_scratch\checkpoints\cycle_0002.pt,runs\models_9x9_scratch\best.pt,runs\models_9x9_scratch\checkpoints\cycle_0002.pt,runs\models_9x9_scratch\best.pt,p2_win,0.0,30
3198,runs\models_9x9_scratch\checkpoints\cycle_0002.pt,runs\models_9x9_scratch\best.pt,runs\models_9x9_scratch\best.pt,runs\models_9x9_scratch\checkpoints\cycle_0002.pt,p1_win,0.0,29
3199,runs\models_9x9_scratch\checkpoints\cycle_0002.pt,runs\models_9x9_scratch\best.pt,runs\models_9x9_scratch\checkpoints\cycle_0002.pt,runs\models_9x9_scratch\best.pt,p2_win,0.0,30
3200,runs\models_9x9_scratch\checkpoints\cycle_0002.pt,runs\models_9x9_scratch\best.pt,runs\models_9x9_scratch\checkpoints\cycle_0002.pt,runs\models_9x9_scratch\best.pt,p2_win,0.0,30
3201,runs\models_9x9_scratch\checkpoints\cycle_0002.pt,runs\models_9x9_scratch\best.pt,runs\models_9x9_scratch\best.pt,runs\models_9x9_scratch\checkpoints\cycle_0002.pt,p1_win,0.0,31
3202,runs\models_9x9_scratch\checkpoints\cycle_0002.pt,runs\models_9x9_scratch\best.pt,runs\models_9x9_scratch\best.pt,runs\models_9x9_scratch\checkpoints\cycle_0002.pt,p1_win,0.0,29
3203,runs\models_9x9_scratch\checkpoints\cycle_0002.pt,runs\models_9x9_scratch\best.pt,runs\models_9x9_scratch\best.pt,runs\models_9x9_scratch\checkpoints\cycle_0002.pt,p1_win,0.0,29
3204,runs\models_9x9_scratch\checkpoints\cycle_0002.pt,runs\models_9x9_scratch\best.pt,runs\models_9x9_scratch\checkpoints\cycle_0002.pt,runs\models_9x9_scratch\best.pt,p2_win,0.0,30
3205,runs\models_9x9_scratch\checkpoints\cycle_0002.pt,runs\models_9x9_scratch\best.pt,runs\models_9x9_scratch\best.pt,runs\models_9x9_scratch\checkpoints\cycle_0002.pt,p1_win,0.0,29
3206,runs\models_9x9_scratch\checkpoints\cycle_0002.pt,runs\models_9x9_scratch\best.pt,runs\models_9x9_scratch\best.pt,runs\models_9x9_scratch\checkpoints\cycle_0002.pt,p1_win,0.0,29
3207,runs\models_9x9_scratch\checkpoints\cycle_0002.pt,runs\models_9x9_scratch\best.pt,runs\models_9x9_scratch\best.pt,runs\models_9x9_scratch\checkpoints\cycle_0002.pt,p1_win,0.0,29
3208,runs\models_9x9_scratch\checkpoints\cycle_0002.pt,runs\models_9x9_scratch\best.pt,runs\models_9x9_scratch\checkpoints\cycle_0002.pt,runs\models_9x9_scratch\best.pt,p2_win,0.0,30
3209,runs\models_9x9_scratch\checkpoints\cycle_0002.pt,runs\models_9x9_scratch\best.pt,runs\models_9x9_scratch\checkpoints\cycle_0002.pt,runs\models_9x9_scratch\best.pt,p2_win,0.0,30
3210,runs\models_9x9_scratch\checkpoints\cycle_0002.pt,runs\models_9x9_scratch\best.pt,runs\models_9x9_scratch\best.pt,runs\models_9x9_scratch\checkpoints\cycle_0002.pt,p1_win,0.0,29
3211,runs\models_9x9_scratch\checkpoints\cycle_0002.pt,runs\models_9x9_scratch\best.pt,runs\models_9x9_scratch\best.pt,runs\models_9x9_scratch\checkpoints\cycle_0002.pt,p1_win,0.0,29
3212,runs\models_9x9_scratch\checkpoints\cycle_0002.pt,runs\models_9x9_scratch\best.pt,runs\models_9x9_scratch\best.pt,runs\models_9x9_scratch\checkpoints\cycle_0002.pt,p1_win,0.0,29
3213,runs\models_9x9_scratch\checkpoints\cycle_0002.pt,runs\models_9x9_scratch\best.pt,runs\models_9x9_scratch\checkpoints\cycle_0002.pt,runs\models_9x9_scratch\best.pt,p2_win,0.0,30
3214,runs\models_9x9_scratch\checkpoints\cycle_0002.pt,runs\models_9x9_scratch\best.pt,runs\models_9x9_scratch\checkpoints\cycle_0002.pt,runs\models_9x9_scratch\best.pt,p2_win,0.0,30
3215,runs\models_9x9_scratch\checkpoints\cycle_0002.pt,runs\models_9x9_scratch\best.pt,runs\models_9x9_scratch\checkpoints\cycle_0002.pt,runs\models_9x9_scratch\best.pt,p2_win,0.0,30
3216,runs\models_9x9_scratch\checkpoints\cycle_0002.pt,runs\models_9x9_scratch\best.pt,runs\models_9x9_scratch\checkpoints\cycle_0002.pt,runs\models_9x9_scratch\best.pt,p2_win,0.0,30
3217,runs\models_9x9_scratch\checkpoints\cycle_0002.pt,runs\models_9x9_scratch\best.pt,runs\models_9x9_scratch\checkpoints\cycle_0002.pt,runs\models_9x9_scratch\best.pt,p2_win,0.0,30
3218,runs\models_9x9_scratch\checkpoints\cycle_0002.pt,runs\models_9x9_scratch\best.pt,runs\models_9x9_scratch\checkpoints\cycle_0002.pt,runs\models_9x9_scratch\best.pt,p2_win,0.0,30
3219,runs\models_9x9_scratch\checkpoints\cycle_0002.pt,runs\models_9x9_scratch\best.pt,runs\models_9x9_scratch\checkpoints\cycle_0002.pt,runs\models_9x9_scratch\best.pt,p2_win,0.0,30
3220,runs\models_9x9_scratch\checkpoints\cycle_0002.pt,runs\models_9x9_scratch\best.pt,runs\models_9x9_scratch\best.pt,runs\models_9x9_scratch\checkpoints\cycle_0002.pt,p1_win,0.0,29
3221,runs\models_9x9_scratch\checkpoints\cycle_0002.pt,runs\models_9x9_scratch\best.pt,runs\models_9x9_scratch\best.pt,runs\models_9x9_scratch\checkpoints\cycle_0002.pt,p1_win,0.0,29
3222,runs\models_9x9_scratch\checkpoints\cycle_0002.pt,runs\models_9x9_scratch\best.pt,runs\models_9x9_scratch\checkpoints\cycle_0002.pt,runs\models_9x9_scratch\best.pt,p2_win,0.0,30
3223,runs\models_9x9_scratch\checkpoints\cycle_0002.pt,runs\models_9x9_scratch\best.pt,runs\models_9x9_scratch\best.pt,runs\models_9x9_scratch\checkpoints\cycle_0002.pt,p1_win,0.0,29
3224,runs\models_9x9_scratch\checkpoints\cycle_0002.pt,runs\models_9x9_scratch\best.pt,runs\models_9x9_scratch\best.pt,runs\models_9x9_scratch\checkpoints\cycle_0002.pt,p1_win,0.0,29
3225,runs\models_9x9_scratch\checkpoints\cycle_0002.pt,runs\models_9x9_scratch\best.pt,runs\models_9x9_scratch\checkpoints\cycle_0002.pt,runs\models_9x9_scratch\best.pt,p2_win,0.0,30
3226,runs\models_9x9_scratch\checkpoints\cycle_0002.pt,runs\models_9x9_scratch\best.pt,runs\models_9x9_scratch\best.pt,runs\models_9x9_scratch\checkpoints\cycle_0002.pt,p1_win,0.0,29
3227,runs\models_9x9_scratch\checkpoints\cycle_0002.pt,runs\models_9x9_scratch\best.pt,runs\models_9x9_scratch\best.pt,runs\models_9x9_scratch\checkpoints\cycle_0002.pt,p1_win,0.0,29
3228,runs\models_9x9_scratch\checkpoints\cycle_0002.pt,runs\models_9x9_scratch\best.pt,runs\models_9x9_scratch\best.pt,runs\models_9x9_scratch\checkpoints\cycle_0002.pt,p1_win,0.0,29
3229,runs\models_9x9_scratch\checkpoints\cycle_0002.pt,runs\models_9x9_scratch\best.pt,runs\models_9x9_scratch\checkpoints\cycle_0002.pt,runs\models_9x9_scratch\best.pt,p2_win,0.0,30
3230,runs\models_9x9_scratch\checkpoints\cycle_0002.pt,runs\models_9x9_scratch\best.pt,runs\models_9x9_scratch\best.pt,runs\models_9x9_scratch\checkpoints\cycle_0002.pt,p1_win,0.0,29
3231,runs\models_9x9_scratch\checkpoints\cycle_0002.pt,runs\models_9x9_scratch\best.pt,runs\models_9x9_scratch\best.pt,runs\models_9x9_scratch\checkpoints\cycle_0002.pt,p1_win,0.0,29
3232,runs\models_9x9_scratch\checkpoints\cycle_0002.pt,runs\models_9x9_scratch\best.pt,runs\models_9x9_scratch\best.pt,runs\models_9x9_scratch\checkpoints\cycle_0002.pt,p1_win,0.0,29
3233,runs\models_9x9_scratch\checkpoints\cycle_0002.pt,runs\models_9x9_scratch\best.pt,runs\models_9x9_scratch\best.pt,runs\models_9x9_scratch\checkpoints\cycle_0002.pt,p1_win,0.0,29
3234,runs\models_9x9_scratch\checkpoints\cycle_0002.pt,runs\models_9x9_scratch\best.pt,runs\models_9x9_scratch\best.pt,runs\models_9x9_scratch\checkpoints\cycle_0002.pt,p1_win,0.0,29
3235,runs\models_9x9_scratch\checkpoints\cycle_0002.pt,runs\models_9x9_scratch\best.pt,runs\models_9x9_scratch\best.pt,runs\models_9x9_scratch\checkpoints\cycle_0002.pt,p1_win,0.0,29
3236,runs\models_9x9_scratch\checkpoints\cycle_0002.pt,runs\models_9x9_scratch\best.pt,runs\models_9x9_scratch\best.pt,runs\models_9x9_scratch\checkpoints\cycle_0002.pt,p1_win,0.0,29
3237,runs\models_9x9_scratch\checkpoints\cycle_0002.pt,runs\models_9x9_scratch\best.pt,runs\models_9x9_scratch\best.pt,runs\models_9x9_scratch\checkpoints\cycle_0002.pt,p1_win,0.0,31
3238,runs\models_9x9_scratch\checkpoints\cycle_0002.pt,runs\models_9x9_scratch\best.pt,runs\models_9x9_scratch\checkpoints\cycle_0002.pt,runs\models_9x9_scratch\best.pt,p2_win,0.0,32
3239,runs\models_9x9_scratch\checkpoints\cycle_0002.pt,runs\models_9x9_scratch\best.pt,runs\models_9x9_scratch\best.pt,runs\models_9x9_scratch\checkpoints\cycle_0002.pt,p1_win,0.0,29
3240,runs\models_9x9_scratch\checkpoints\cycle_0002.pt,runs\models_9x9_scratch\best.pt,runs\models_9x9_scratch\best.pt,runs\models_9x9_scratch\checkpoints\cycle_0002.pt,p1_win,0.0,31
3241,runs\models_9x9_scratch\checkpoints\cycle_0002.pt,runs\models_9x9_scratch\best.pt,runs\models_9x9_scratch\checkpoints\cycle_0002.pt,runs\models_9x9_scratch\best.pt,p2_win,0.0,30
3242,runs\models_9x9_scratch\checkpoints\cycle_0002.pt,runs\models_9x9_scratch\best.pt,runs\models_9x9_scratch\checkpoints\cycle_0002.pt,runs\models_9x9_scratch\best.pt,p2_win,0.0,30
3243,runs\models_9x9_scratch\checkpoints\cycle_0002.pt,runs\models_9x9_scratch\best.pt,runs\models_9x9_scratch\checkpoints\cycle_0002.pt,runs\models_9x9_scratch\best.pt,p2_win,0.0,30
3244,runs\models_9x9_scratch\checkpoints\cycle_0002.pt,runs\models_9x9_scratch\best.pt,runs\models_9x9_scratch\checkpoints\cycle_0002.pt,runs\models_9x9_scratch\best.pt,p2_win,0.0,30
3245,runs\models_9x9_scratch\checkpoints\cycle_0002.pt,runs\models_9x9_scratch\best.pt,runs\models_9x9_scratch\checkpoints\cycle_0002.pt,runs\models_9x9_scratch\best.pt,p2_win,0.0,32
3246,runs\models_9x9_scratch\checkpoints\cycle_0002.pt,runs\models_9x9_scratch\best.pt,runs\models_9x9_scratch\best.pt,runs\models_9x9_scratch\checkpoints\cycle_0002.pt,p1_win,0.0,31
3247,runs\models_9x9_scratch\checkpoints\cycle_0002.pt,runs\models_9x9_scratch\best.pt,runs\models_9x9_scratch\best.pt,runs\models_9x9_scratch\checkpoints\cycle_0002.pt,p1_win,0.0,31
3248,runs\models_9x9_scratch\checkpoints\cycle_0002.pt,runs\models_9x9_scratch\best.pt,runs\models_9x9_scratch\checkpoints\cycle_0002.pt,runs\models_9x9_scratch\best.pt,p2_win,0.0,30
3249,runs\models_9x9_scratch\checkpoints\cycle_0002.pt,runs\models_9x9_scratch\best.pt,runs\models_9x9_scratch\checkpoints\cycle_0002.pt,runs\models_9x9_scratch\best.pt,p2_win,0.0,32
3250,runs\models_9x9_scratch\checkpoints\cycle_0002.pt,runs\models_9x9_scratch\best.pt,runs\models_9x9_scratch\checkpoints\cycle_0002.pt,runs\models_9x9_scratch\best.pt,p2_win,0.0,32
3251,runs\models_9x9_scratch\checkpoints\cycle_0002.pt,runs\models_9x9_scratch\best.pt,runs\models_9x9_scratch\checkpoints\cycle_0002.pt,runs\models_9x9_scratch\best.pt,p2_win,0.0,32
3252,runs\models_9x9_scratch\checkpoints\cycle_0002.pt,runs\models_9x9_scratch\best.pt,runs\models_9x9_scratch\checkpoints\cycle_0002.pt,runs\models_9x9_scratch\best.pt,p2_win,0.0,32
3253,runs\models_9x9_scratch\checkpoints\cycle_0002.pt,runs\models_9x9_scratch\best.pt,runs\models_9x9_scratch\checkpoints\cycle_0002.pt,runs\models_9x9_scratch\best.pt,p2_win,0.0,32
3254,runs\models_9x9_scratch\checkpoints\cycle_0002.pt,runs\models_9x9_scratch\best.pt,runs\models_9x9_scratch\checkpoints\cycle_0002.pt,runs\models_9x9_scratch\best.pt,p2_win,0.0,32
3255,runs\models_9x9_scratch\checkpoints\cycle_0002.pt,runs\models_9x9_scratch\best.pt,runs\models_9x9_scratch\best.pt,runs\models_9x9_scratch\checkpoints\cycle_0002.pt,p1_win,0.0,31
3256,runs\models_9x9_scratch\checkpoints\cycle_0002.pt,runs\models_9x9_scratch\best.pt,runs\models_9x9_scratch\checkpoints\cycle_0002.pt,runs\models_9x9_scratch\best.pt,p2_win,0.0,30
3257,runs\models_9x9_scratch\checkpoints\cycle_0002.pt,runs\models_9x9_scratch\best.pt,runs\models_9x9_scratch\best.pt,runs\models_9x9_scratch\checkpoints\cycle_0002.pt,p1_win,0.0,31
3258,runs\models_9x9_scratch\checkpoints\cycle_0002.pt,runs\models_9x9_scratch\best.pt,runs\models_9x9_scratch\checkpoints\cycle_0002.pt,runs\models_9x9_scratch\best.pt,p2_win,0.0,32
3259,runs\models_9x9_scratch\checkpoints\cycle_0002.pt,runs\models_9x9_scratch\best.pt,runs\models_9x9_scratch\checkpoints\cycle_0002.pt,runs\models_9x9_scratch\best.pt,p2_win,0.0,32
3260,runs\models_9x9_scratch\checkpoints\cycle_0002.pt,runs\models_9x9_scratch\best.pt,runs\models_9x9_scratch\checkpoints\cycle_0002.pt,runs\models_9x9_scratch\best.pt,p2_win,0.0,32
3261,runs\models_9x9_scratch\checkpoints\cycle_0002.pt,runs\models_9x9_scratch\best.pt,runs\models_9x9_scratch\checkpoints\cycle_0002.pt,runs\models_9x9_scratch\best.pt,p2_win,0.0,32
3262,runs\models_9x9_scratch\checkpoints\cycle_0002.pt,runs\models_9x9_scratch\best.pt,runs\models_9x9_scratch\checkpoints\cycle_0002.pt,runs\models_9x9_scratch\best.pt,p2_win,0.0,30
3263,runs\models_9x9_scratch\checkpoints\cycle_0002.pt,runs\models_9x9_scratch\best.pt,runs\models_9x9_scratch\best.pt,runs\models_9x9_scratch\checkpoints\cycle_0002.pt,p1_win,0.0,31
3264,runs\models_9x9_scratch\checkpoints\cycle_0002.pt,runs\models_9x9_scratch\best.pt,runs\models_9x9_scratch\checkpoints\cycle_0002.pt,runs\models_9x9_scratch\best.pt,p2_win,0.0,32
3265,runs\models_9x9_scratch\checkpoints\cycle_0002.pt,runs\models_9x9_scratch\best.pt,runs\models_9x9_scratch\checkpoints\cycle_0002.pt,runs\models_9x9_scratch\best.pt,p2_win,0.0,32
3266,runs\models_9x9_scratch\checkpoints\cycle_0002.pt,runs\models_9x9_scratch\best.pt,runs\models_9x9_scratch\checkpoints\cycle_0002.pt,runs\models_9x9_scratch\best.pt,p2_win,0.0,32
3267,runs\models_9x9_scratch\checkpoints\cycle_0002.pt,runs\models_9x9_scratch\best.pt,runs\models_9x9_scratch\checkpoints\cycle_0002.pt,runs\models_9x9_scratch\best.pt,p2_win,0.0,32
3268,runs\models_9x9_scratch\checkpoints\cycle_0002.pt,runs\models_9x9_scratch\best.pt,runs\models_9x9_scratch\checkpoints\cycle_0002.pt,runs\models_9x9_scratch\best.pt,p2_win,0.0,32
3269,runs\models_9x9_scratch\checkpoints\cycle_0002.pt,runs\models_9x9_scratch\best.pt,runs\models_9x9_scratch\best.pt,runs\models_9x9_scratch\checkpoints\cycle_0002.pt,p1_win,0.0,31
3270,runs\models_9x9_scratch\checkpoints\cycle_0002.pt,runs\models_9x9_scratch\best.pt,runs\models_9x9_scratch\best.pt,runs\models_9x9_scratch\checkpoints\cycle_0002.pt,p1_win,0.0,31
3271,runs\models_9x9_scratch\checkpoints\cycle_0002.pt,runs\models_9x9_scratch\best.pt,runs\models_9x9_scratch\checkpoints\cycle_0002.pt,runs\models_9x9_scratch\best.pt,p2_win,0.0,32
3272,runs\models_9x9_scratch\checkpoints\cycle_0002.pt,runs\models_9x9_scratch\best.pt,runs\models_9x9_scratch\best.pt,runs\models_9x9_scratch\checkpoints\cycle_0002.pt,p1_win,0.0,31
3273,runs\models_9x9_scratch\checkpoints\cycle_0002.pt,runs\models_9x9_scratch\best.pt,runs\models_9x9_scratch\best.pt,runs\models_9x9_scratch\checkpoints\cycle_0002.pt,p1_win,0.0,31
3274,runs\models_9x9_scratch\checkpoints\cycle_0002.pt,runs\models_9x9_scratch\best.pt,runs\models_9x9_scratch\best.pt,runs\models_9x9_scratch\checkpoints\cycle_0002.pt,p1_win,0.0,31
3275,runs\models_9x9_scratch\checkpoints\cycle_0002.pt,runs\models_9x9_scratch\best.pt,runs\models_9x9_scratch\checkpoints\cycle_0002.pt,runs\models_9x9_scratch\best.pt,p2_win,0.0,32
3276,runs\models_9x9_scratch\checkpoints\cycle_0002.pt,runs\models_9x9_scratch\best.pt,runs\models_9x9_scratch\checkpoints\cycle_0002.pt,runs\models_9x9_scratch\best.pt,p2_win,0.0,32
3277,runs\models_9x9_scratch\checkpoints\cycle_0002.pt,runs\models_9x9_scratch\best.pt,runs\models_9x9_scratch\checkpoints\cycle_0002.pt,runs\models_9x9_scratch\best.pt,p2_win,0.0,32
3278,runs\models_9x9_scratch\checkpoints\cycle_0002.pt,runs\models_9x9_scratch\best.pt,runs\models_9x9_scratch\best.pt,runs\models_9x9_scratch\checkpoints\cycle_0002.pt,p1_win,0.0,31
3279,runs\models_9x9_scratch\checkpoints\cycle_0002.pt,runs\models_9x9_scratch\best.pt,runs\models_9x9_scratch\checkpoints\cycle_0002.pt,runs\models_9x9_scratch\best.pt,p2_win,0.0,34
3280,runs\models_9x9_scratch\checkpoints\cycle_0002.pt,runs\models_9x9_scratch\best.pt,runs\models_9x9_scratch\best.pt,runs\models_9x9_scratch\checkpoints\cycle_0002.pt,p1_win,0.0,31
3281,runs\models_9x9_scratch\checkpoints\cycle_0002.pt,runs\models_9x9_scratch\best.pt,runs\models_9x9_scratch\checkpoints\cycle_0002.pt,runs\models_9x9_scratch\best.pt,p2_win,0.0,32
3282,runs\models_9x9_scratch\checkpoints\cycle_0002.pt,runs\models_9x9_scratch\best.pt,runs\models_9x9_scratch\checkpoints\cycle_0002.pt,runs\models_9x9_scratch\best.pt,p2_win,0.0,32
3283,runs\models_9x9_scratch\checkpoints\cycle_0002.pt,runs\models_9x9_scratch\best.pt,runs\models_9x9_scratch\checkpoints\cycle_0002.pt,runs\models_9x9_scratch\best.pt,p2_win,0.0,32
3284,runs\models_9x9_scratch\checkpoints\cycle_0002.pt,runs\models_9x9_scratch\best.pt,runs\models_9x9_scratch\checkpoints\cycle_0002.pt,runs\models_9x9_scratch\best.pt,p2_win,0.0,32
3285,runs\models_9x9_scratch\checkpoints\cycle_0002.pt,runs\models_9x9_scratch\best.pt,runs\models_9x9_scratch\checkpoints\cycle_0002.pt,runs\models_9x9_scratch\best.pt,p2_win,0.0,32
3286,runs\models_9x9_scratch\checkpoints\cycle_0002.pt,runs\models_9x9_scratch\best.pt,runs\models_9x9_scratch\checkpoints\cycle_0002.pt,runs\models_9x9_scratch\best.pt,p2_win,0.0,32
3287,runs\models_9x9_scratch\checkpoints\cycle_0002.pt,runs\models_9x9_scratch\best.pt,runs\models_9x9_scratch\best.pt,runs\models_9x9_scratch\checkpoints\cycle_0002.pt,p1_win,0.0,31
3288,runs\models_9x9_scratch\checkpoints\cycle_0002.pt,runs\models_9x9_scratch\best.pt,runs\models_9x9_scratch\checkpoints\cycle_0002.pt,runs\models_9x9_scratch\best.pt,p2_win,0.0,32
3289,runs\models_9x9_scratch\checkpoints\cycle_0002.pt,runs\models_9x9_scratch\best.pt,runs\models_9x9_scratch\best.pt,runs\models_9x9_scratch\checkpoints\cycle_0002.pt,p1_win,0.0,31
3290,runs\models_9x9_scratch\checkpoints\cycle_0002.pt,runs\models_9x9_scratch\best.pt,runs\models_9x9_scratch\checkpoints\cycle_0002.pt,runs\models_9x9_scratch\best.pt,p2_win,0.0,32
3291,runs\models_9x9_scratch\checkpoints\cycle_0002.pt,runs\models_9x9_scratch\best.pt,runs\models_9x9_scratch\checkpoints\cycle_0002.pt,runs\models_9x9_scratch\best.pt,p2_win,0.0,32
3292,runs\models_9x9_scratch\checkpoints\cycle_0002.pt,runs\models_9x9_scratch\best.pt,runs\models_9x9_scratch\checkpoints\cycle_0002.pt,runs\models_9x9_scratch\best.pt,p2_win,0.0,32
3293,runs\models_9x9_scratch\checkpoints\cycle_0002.pt,runs\models_9x9_scratch\best.pt,runs\models_9x9_scratch\checkpoints\cycle_0002.pt,runs\models_9x9_scratch\best.pt,p2_win,0.0,32
3294,runs\models_9x9_scratch\checkpoints\cycle_0002.pt,runs\models_9x9_scratch\best.pt,runs\models_9x9_scratch\checkpoints\cycle_0002.pt,runs\models_9x9_scratch\best.pt,p2_win,0.0,32
3295,runs\models_9x9_scratch\checkpoints\cycle_0002.pt,runs\models_9x9_scratch\best.pt,runs\models_9x9_scratch\checkpoints\cycle_0002.pt,runs\models_9x9_scratch\best.pt,p2_win,0.0,32
3296,runs\models_9x9_scratch\checkpoints\cycle_0002.pt,runs\models_9x9_scratch\best.pt,runs\models_9x9_scratch\checkpoints\cycle_0002.pt,runs\models_9x9_scratch\best.pt,p2_win,0.0,32
3297,runs\models_9x9_scratch\checkpoints\cycle_0002.pt,runs\models_9x9_scratch\best.pt,runs\models_9x9_scratch\checkpoints\cycle_0002.pt,runs\models_9x9_scratch\best.pt,p2_win,0.0,32
3298,runs\models_9x9_scratch\checkpoints\cycle_0002.pt,runs\models_9x9_scratch\best.pt,runs\models_9x9_scratch\checkpoints\cycle_0002.pt,runs\models_9x9_scratch\best.pt,p2_win,0.0,32
3299,runs\models_9x9_scratch\checkpoints\cycle_0002.pt,runs\models_9x9_scratch\best.pt,runs\models_9x9_scratch\best.pt,runs\models_9x9_scratch\checkpoints\cycle_0002.pt,p1_win,0.0,33
3300,runs\models_9x9_scratch\checkpoints\cycle_0002.pt,runs\models_9x9_scratch\best.pt,runs\models_9x9_scratch\best.pt,runs\models_9x9_scratch\checkpoints\cycle_0002.pt,p1_win,0.0,31
3301,runs\models_9x9_scratch\checkpoints\cycle_0002.pt,runs\models_9x9_scratch\best.pt,runs\models_9x9_scratch\checkpoints\cycle_0002.pt,runs\models_9x9_scratch\best.pt,p2_win,0.0,32
3302,runs\models_9x9_scratch\checkpoints\cycle_0002.pt,runs\models_9x9_scratch\best.pt,runs\models_9x9_scratch\best.pt,runs\models_9x9_scratch\checkpoints\cycle_0002.pt,p1_win,0.0,31
3303,runs\models_9x9_scratch\checkpoints\cycle_0002.pt,runs\models_9x9_scratch\best.pt,runs\models_9x9_scratch\checkpoints\cycle_0002.pt,runs\models_9x9_scratch\best.pt,p2_win,0.0,34
3304,runs\models_9x9_scratch\checkpoints\cycle_0002.pt,runs\models_9x9_scratch\best.pt,runs\models_9x9_scratch\best.pt,runs\models_9x9_scratch\checkpoints\cycle_0002.pt,p1_win,0.0,33
3305,runs\models_9x9_scratch\checkpoints\cycle_0002.pt,runs\models_9x9_scratch\best.pt,runs\models_9x9_scratch\checkpoints\cycle_0002.pt,runs\models_9x9_scratch\best.pt,p2_win,0.0,32
3306,runs\models_9x9_scratch\checkpoints\cycle_0002.pt,runs\models_9x9_scratch\best.pt,runs\models_9x9_scratch\best.pt,runs\models_9x9_scratch\checkpoints\cycle_0002.pt,p1_win,0.0,31
3307,runs\models_9x9_scratch\checkpoints\cycle_0002.pt,runs\models_9x9_scratch\best.pt,runs\models_9x9_scratch\best.pt,runs\models_9x9_scratch\checkpoints\cycle_0002.pt,p1_win,0.0,31
3308,runs\models_9x9_scratch\checkpoints\cycle_0002.pt,runs\models_9x9_scratch\best.pt,runs\models_9x9_scratch\best.pt,runs\models_9x9_scratch\checkpoints\cycle_0002.pt,p1_win,0.0,31
3309,runs\models_9x9_scratch\checkpoints\cycle_0002.pt,runs\models_9x9_scratch\best.pt,runs\models_9x9_scratch\best.pt,runs\models_9x9_scratch\checkpoints\cycle_0002.pt,p1_win,0.0,31
3310,runs\models_9x9_scratch\checkpoints\cycle_0002.pt,runs\models_9x9_scratch\best.pt,runs\models_9x9_scratch\checkpoints\cycle_0002.pt,runs\models_9x9_scratch\best.pt,p2_win,0.0,32
3311,runs\models_9x9_scratch\checkpoints\cycle_0002.pt,runs\models_9x9_scratch\best.pt,runs\models_9x9_scratch\checkpoints\cycle_0002.pt,runs\models_9x9_scratch\best.pt,p2_win,0.0,32
3312,runs\models_9x9_scratch\checkpoints\cycle_0002.pt,runs\models_9x9_scratch\best.pt,runs\models_9x9_scratch\checkpoints\cycle_0002.pt,runs\models_9x9_scratch\best.pt,p2_win,0.0,32
3313,runs\models_9x9_scratch\checkpoints\cycle_0002.pt,runs\models_9x9_scratch\best.pt,runs\models_9x9_scratch\best.pt,runs\models_9x9_scratch\checkpoints\cycle_0002.pt,p1_win,0.0,31
3314,runs\models_9x9_scratch\checkpoints\cycle_0002.pt,runs\models_9x9_scratch\best.pt,runs\models_9x9_scratch\best.pt,runs\models_9x9_scratch\checkpoints\cycle_0002.pt,p1_win,0.0,31
3315,runs\models_9x9_scratch\checkpoints\cycle_0002.pt,runs\models_9x9_scratch\best.pt,runs\models_9x9_scratch\best.pt,runs\models_9x9_scratch\checkpoints\cycle_0002.pt,p1_win,0.0,33
3316,runs\models_9x9_scratch\checkpoints\cycle_0002.pt,runs\models_9x9_scratch\best.pt,runs\models_9x9_scratch\checkpoints\cycle_0002.pt,runs\models_9x9_scratch\best.pt,p2_win,0.0,34
3317,runs\models_9x9_scratch\checkpoints\cycle_0002.pt,runs\models_9x9_scratch\best.pt,runs\models_9x9_scratch\best.pt,runs\models_9x9_scratch\checkpoints\cycle_0002.pt,p1_win,0.0,33
3318,runs\models_9x9_scratch\checkpoints\cycle_0002.pt,runs\models_9x9_scratch\best.pt,runs\models_9x9_scratch\best.pt,runs\models_9x9_scratch\checkpoints\cycle_0002.pt,p1_win,0.0,33
3319,runs\models_9x9_scratch\checkpoints\cycle_0002.pt,runs\models_9x9_scratch\best.pt,runs\models_9x9_scratch\checkpoints\cycle_0002.pt,runs\models_9x9_scratch\best.pt,p2_win,0.0,32
3320,runs\models_9x9_scratch\checkpoints\cycle_0002.pt,runs\models_9x9_scratch\best.pt,runs\models_9x9_scratch\best.pt,runs\models_9x9_scratch\checkpoints\cycle_0002.pt,p1_win,0.0,33
3321,runs\models_9x9_scratch\checkpoints\cycle_0002.pt,runs\models_9x9_scratch\best.pt,runs\models_9x9_scratch\checkpoints\cycle_0002.pt,runs\models_9x9_scratch\best.pt,p2_win,0.0,32
3322,runs\models_9x9_scratch\checkpoints\cycle_0002.pt,runs\models_9x9_scratch\best.pt,runs\models_9x9_scratch\checkpoints\cycle_0002.pt,runs\models_9x9_scratch\best.pt,p2_win,0.0,34
3323,runs\models_9x9_scratch\checkpoints\cycle_0002.pt,runs\models_9x9_scratch\best.pt,runs\models_9x9_scratch\best.pt,runs\models_9x9_scratch\checkpoints\cycle_0002.pt,p1_win,0.0,33
3324,runs\models_9x9_scratch\checkpoints\cycle_0002.pt,runs\models_9x9_scratch\best.pt,runs\models_9x9_scratch\checkpoints\cycle_0002.pt,runs\models_9x9_scratch\best.pt,p2_win,0.0,34
3325,runs\models_9x9_scratch\checkpoints\cycle_0002.pt,runs\models_9x9_scratch\best.pt,runs\models_9x9_scratch\best.pt,runs\models_9x9_scratch\checkpoints\cycle_0002.pt,p1_win,0.0,33
3326,runs\models_9x9_scratch\checkpoints\cycle_0002.pt,runs\models_9x9_scratch\best.pt,runs\models_9x9_scratch\checkpoints\cycle_0002.pt,runs\models_9x9_scratch\best.pt,p2_win,0.0,32
3327,runs\models_9x9_scratch\checkpoints\cycle_0002.pt,runs\models_9x9_scratch\best.pt,runs\models_9x9_scratch\checkpoints\cycle_0002.pt,runs\models_9x9_scratch\best.pt,p2_win,0.0,32
3328,runs\models_9x9_scratch\checkpoints\cycle_0002.pt,runs\models_9x9_scratch\best.pt,runs\models_9x9_scratch\checkpoints\cycle_0002.pt,runs\models_9x9_scratch\best.pt,p2_win,0.0,34
3329,runs\models_9x9_scratch\checkpoints\cycle_0002.pt,runs\models_9x9_scratch\best.pt,runs\models_9x9_scratch\best.pt,runs\models_9x9_scratch\checkpoints\cycle_0002.pt,p1_win,0.0,33
3330,runs\models_9x9_scratch\checkpoints\cycle_0002.pt,runs\models_9x9_scratch\best.pt,runs\models_9x9_scratch\checkpoints\cycle_0002.pt,runs\models_9x9_scratch\best.pt,p2_win,0.0,32
3331,runs\models_9x9_scratch\checkpoints\cycle_0002.pt,runs\models_9x9_scratch\best.pt,runs\models_9x9_scratch\best.pt,runs\models_9x9_scratch\checkpoints\cycle_0002.pt,p1_win,0.0,33
3332,runs\models_9x9_scratch\checkpoints\cycle_0002.pt,runs\models_9x9_scratch\best.pt,runs\models_9x9_scratch\best.pt,runs\models_9x9_scratch\checkpoints\cycle_0002.pt,p1_win,0.0,33
3333,runs\models_9x9_scratch\checkpoints\cycle_0002.pt,runs\models_9x9_scratch\best.pt,runs\models_9x9_scratch\best.pt,runs\models_9x9_scratch\checkpoints\cycle_0002.pt,p1_win,0.0,33
3334,runs\models_9x9_scratch\checkpoints\cycle_0002.pt,runs\models_9x9_scratch\best.pt,runs\models_9x9_scratch\checkpoints\cycle_0002.pt,runs\models_9x9_scratch\best.pt,p2_win,0.0,34
3335,runs\models_9x9_scratch\checkpoints\cycle_0002.pt,runs\models_9x9_scratch\best.pt,runs\models_9x9_scratch\checkpoints\cycle_0002.pt,runs\models_9x9_scratch\best.pt,p2_win,0.0,34
3336,runs\models_9x9_scratch\checkpoints\cycle_0002.pt,runs\models_9x9_scratch\best.pt,runs\models_9x9_scratch\checkpoints\cycle_0002.pt,runs\models_9x9_scratch\best.pt,p2_win,0.0,34
3337,runs\models_9x9_scratch\checkpoints\cycle_0002.pt,runs\models_9x9_scratch\best.pt,runs\models_9x9_scratch\checkpoints\cycle_0002.pt,runs\models_9x9_scratch\best.pt,p2_win,0.0,34
3338,runs\models_9x9_scratch\checkpoints\cycle_0002.pt,runs\models_9x9_scratch\best.pt,runs\models_9x9_scratch\checkpoints\cycle_0002.pt,runs\models_9x9_scratch\best.pt,p2_win,0.0,34
3339,runs\models_9x9_scratch\checkpoints\cycle_0002.pt,runs\models_9x9_scratch\best.pt,runs\models_9x9_scratch\checkpoints\cycle_0002.pt,runs\models_9x9_scratch\best.pt,p2_win,0.0,34
3340,runs\models_9x9_scratch\checkpoints\cycle_0002.pt,runs\models_9x9_scratch\best.pt,runs\models_9x9_scratch\checkpoints\cycle_0002.pt,runs\models_9x9_scratch\best.pt,p2_win,0.0,34
3341,runs\models_9x9_scratch\checkpoints\cycle_0002.pt,runs\models_9x9_scratch\best.pt,runs\models_9x9_scratch\best.pt,runs\models_9x9_scratch\checkpoints\cycle_0002.pt,p1_win,0.0,33
3342,runs\models_9x9_scratch\checkpoints\cycle_0002.pt,runs\models_9x9_scratch\best.pt,runs\models_9x9_scratch\checkpoints\cycle_0002.pt,runs\models_9x9_scratch\best.pt,p2_win,0.0,34
3343,runs\models_9x9_scratch\checkpoints\cycle_0002.pt,runs\models_9x9_scratch\best.pt,runs\models_9x9_scratch\best.pt,runs\models_9x9_scratch\checkpoints\cycle_0002.pt,p1_win,0.0,33
3344,runs\models_9x9_scratch\checkpoints\cycle_0002.pt,runs\models_9x9_scratch\best.pt,runs\models_9x9_scratch\best.pt,runs\models_9x9_scratch\checkpoints\cycle_0002.pt,p1_win,0.0,33
3345,runs\models_9x9_scratch\checkpoints\cycle_0002.pt,runs\models_9x9_scratch\best.pt,runs\models_9x9_scratch\best.pt,runs\models_9x9_scratch\checkpoints\cycle_0002.pt,p1_win,0.0,33
3346,runs\models_9x9_scratch\checkpoints\cycle_0002.pt,runs\models_9x9_scratch\best.pt,runs\models_9x9_scratch\checkpoints\cycle_0002.pt,runs\models_9x9_scratch\best.pt,p2_win,0.0,34
3347,runs\models_9x9_scratch\checkpoints\cycle_0002.pt,runs\models_9x9_scratch\best.pt,runs\models_9x9_scratch\checkpoints\cycle_0002.pt,runs\models_9x9_scratch\best.pt,p2_win,0.0,34
3348,runs\models_9x9_scratch\checkpoints\cycle_0002.pt,runs\models_9x9_scratch\best.pt,runs\models_9x9_scratch\checkpoints\cycle_0002.pt,runs\models_9x9_scratch\best.pt,p2_win,0.0,34
3349,runs\models_9x9_scratch\checkpoints\cycle_0002.pt,runs\models_9x9_scratch\best.pt,runs\models_9x9_scratch\checkpoints\cycle_0002.pt,runs\models_9x9_scratch\best.pt,p2_win,0.0,34
3350,runs\models_9x9_scratch\checkpoints\cycle_0002.pt,runs\models_9x9_scratch\best.pt,runs\models_9x9_scratch\checkpoints\cycle_0002.pt,runs\models_9x9_scratch\best.pt,p2_win,0.0,34
3351,runs\models_9x9_scratch\checkpoints\cycle_0002.pt,runs\models_9x9_scratch\best.pt,runs\models_9x9_scratch\checkpoints\cycle_0002.pt,runs\models_9x9_scratch\best.pt,p2_win,0.0,34
3352,runs\models_9x9_scratch\checkpoints\cycle_0002.pt,runs\models_9x9_scratch\best.pt,runs\models_9x9_scratch\checkpoints\cycle_0002.pt,runs\models_9x9_scratch\best.pt,p2_win,0.0,34
3353,runs\models_9x9_scratch\checkpoints\cycle_0002.pt,runs\models_9x9_scratch\best.pt,runs\models_9x9_scratch\checkpoints\cycle_0002.pt,runs\models_9x9_scratch\best.pt,p2_win,0.0,34
3354,runs\models_9x9_scratch\checkpoints\cycle_0002.pt,runs\models_9x9_scratch\best.pt,runs\models_9x9_scratch\best.pt,runs\models_9x9_scratch\checkpoints\cycle_0002.pt,p1_win,0.0,33
3355,runs\models_9x9_scratch\checkpoints\cycle_0002.pt,runs\models_9x9_scratch\best.pt,runs\models_9x9_scratch\best.pt,runs\models_9x9_scratch\checkpoints\cycle_0002.pt,p1_win,0.0,33
3356,runs\models_9x9_scratch\checkpoints\cycle_0002.pt,runs\models_9x9_scratch\best.pt,runs\models_9x9_scratch\best.pt,runs\models_9x9_scratch\checkpoints\cycle_0002.pt,p1_win,0.0,33
3357,runs\models_9x9_scratch\checkpoints\cycle_0002.pt,runs\models_9x9_scratch\best.pt,runs\models_9x9_scratch\best.pt,runs\models_9x9_scratch\checkpoints\cycle_0002.pt,p1_win,0.0,35
3358,runs\models_9x9_scratch\checkpoints\cycle_0002.pt,runs\models_9x9_scratch\best.pt,runs\models_9x9_scratch\checkpoints\cycle_0002.pt,runs\models_9x9_scratch\best.pt,p2_win,0.0,34
3359,runs\models_9x9_scratch\checkpoints\cycle_0002.pt,runs\models_9x9_scratch\best.pt,runs\models_9x9_scratch\checkpoints\cycle_0002.pt,runs\models_9x9_scratch\best.pt,p2_win,0.0,34
3360,runs\models_9x9_scratch\checkpoints\cycle_0002.pt,runs\models_9x9_scratch\best.pt,runs\models_9x9_scratch\checkpoints\cycle_0002.pt,runs\models_9x9_scratch\best.pt,p2_win,0.0,34
3361,runs\models_9x9_scratch\checkpoints\cycle_0002.pt,runs\models_9x9_scratch\best.pt,runs\models_9x9_scratch\checkpoints\cycle_0002.pt,runs\models_9x9_scratch\best.pt,p2_win,0.0,34
3362,runs\models_9x9_scratch\checkpoints\cycle_0002.pt,runs\models_9x9_scratch\best.pt,runs\models_9x9_scratch\checkpoints\cycle_0002.pt,runs\models_9x9_scratch\best.pt,p2_win,0.0,34
3363,runs\models_9x9_scratch\checkpoints\cycle_0002.pt,runs\models_9x9_scratch\best.pt,runs\models_9x9_scratch\checkpoints\cycle_0002.pt,runs\models_9x9_scratch\best.pt,p2_win,0.0,36
3364,runs\models_9x9_scratch\checkpoints\cycle_0002.pt,runs\models_9x9_scratch\best.pt,runs\models_9x9_scratch\checkpoints\cycle_0002.pt,runs\models_9x9_scratch\best.pt,p2_win,0.0,34
3365,runs\models_9x9_scratch\checkpoints\cycle_0002.pt,runs\models_9x9_scratch\best.pt,runs\models_9x9_scratch\checkpoints\cycle_0002.pt,runs\models_9x9_scratch\best.pt,p2_win,0.0,34
3366,runs\models_9x9_scratch\checkpoints\cycle_0002.pt,runs\models_9x9_scratch\best.pt,runs\models_9x9_scratch\checkpoints\cycle_0002.pt,runs\models_9x9_scratch\best.pt,p2_win,0.0,34
3367,runs\models_9x9_scratch\checkpoints\cycle_0002.pt,runs\models_9x9_scratch\best.pt,runs\models_9x9_scratch\checkpoints\cycle_0002.pt,runs\models_9x9_scratch\best.pt,p2_win,0.0,34
3368,runs\models_9x9_scratch\checkpoints\cycle_0002.pt,runs\models_9x9_scratch\best.pt,runs\models_9x9_scratch\checkpoints\cycle_0002.pt,runs\models_9x9_scratch\best.pt,p2_win,0.0,34
3369,runs\models_9x9_scratch\checkpoints\cycle_0002.pt,runs\models_9x9_scratch\best.pt,runs\models_9x9_scratch\checkpoints\cycle_0002.pt,runs\models_9x9_scratch\best.pt,p2_win,0.0,34
3370,runs\models_9x9_scratch\checkpoints\cycle_0002.pt,runs\models_9x9_scratch\best.pt,runs\models_9x9_scratch\best.pt,runs\models_9x9_scratch\checkpoints\cycle_0002.pt,p1_win,0.0,33
3371,runs\models_9x9_scratch\checkpoints\cycle_0002.pt,runs\models_9x9_scratch\best.pt,runs\models_9x9_scratch\best.pt,runs\models_9x9_scratch\checkpoints\cycle_0002.pt,p1_win,0.0,33
3372,runs\models_9x9_scratch\checkpoints\cycle_0002.pt,runs\models_9x9_scratch\best.pt,runs\models_9x9_scratch\checkpoints\cycle_0002.pt,runs\models_9x9_scratch\best.pt,p2_win,0.0,34
3373,runs\models_9x9_scratch\checkpoints\cycle_0002.pt,runs\models_9x9_scratch\best.pt,runs\models_9x9_scratch\checkpoints\cycle_0002.pt,runs\models_9x9_scratch\best.pt,p2_win,0.0,34
3374,runs\models_9x9_scratch\checkpoints\cycle_0002.pt,runs\models_9x9_scratch\best.pt,runs\models_9x9_scratch\checkpoints\cycle_0002.pt,runs\models_9x9_scratch\best.pt,p2_win,0.0,36
3375,runs\models_9x9_scratch\checkpoints\cycle_0002.pt,runs\models_9x9_scratch\best.pt,runs\models_9x9_scratch\best.pt,runs\models_9x9_scratch\checkpoints\cycle_0002.pt,p1_win,0.0,35
3376,runs\models_9x9_scratch\checkpoints\cycle_0002.pt,runs\models_9x9_scratch\best.pt,runs\models_9x9_scratch\checkpoints\cycle_0002.pt,runs\models_9x9_scratch\best.pt,p2_win,0.0,36
3377,runs\models_9x9_scratch\checkpoints\cycle_0002.pt,runs\models_9x9_scratch\best.pt,runs\models_9x9_scratch\checkpoints\cycle_0002.pt,runs\models_9x9_scratch\best.pt,p2_win,0.0,34
3378,runs\models_9x9_scratch\checkpoints\cycle_0002.pt,runs\models_9x9_scratch\best.pt,runs\models_9x9_scratch\checkpoints\cycle_0002.pt,runs\models_9x9_scratch\best.pt,p2_win,0.0,34
3379,runs\models_9x9_scratch\checkpoints\cycle_0002.pt,runs\models_9x9_scratch\best.pt,runs\models_9x9_scratch\checkpoints\cycle_0002.pt,runs\models_9x9_scratch\best.pt,p2_win,0.0,36
3380,runs\models_9x9_scratch\checkpoints\cycle_0002.pt,runs\models_9x9_scratch\best.pt,runs\models_9x9_scratch\checkpoints\cycle_0002.pt,runs\models_9x9_scratch\best.pt,p2_win,0.0,34
3381,runs\models_9x9_scratch\checkpoints\cycle_0002.pt,runs\models_9x9_scratch\best.pt,runs\models_9x9_scratch\checkpoints\cycle_0002.pt,runs\models_9x9_scratch\best.pt,p2_win,0.0,36
3382,runs\models_9x9_scratch\checkpoints\cycle_0002.pt,runs\models_9x9_scratch\best.pt,runs\models_9x9_scratch\checkpoints\cycle_0002.pt,runs\models_9x9_scratch\best.pt,p2_win,0.0,36
3383,runs\models_9x9_scratch\checkpoints\cycle_0002.pt,runs\models_9x9_scratch\best.pt,runs\models_9x9_scratch\checkpoints\cycle_0002.pt,runs\models_9x9_scratch\best.pt,p2_win,0.0,36
3384,runs\models_9x9_scratch\checkpoints\cycle_0002.pt,runs\models_9x9_scratch\best.pt,runs\models_9x9_scratch\best.pt,runs\models_9x9_scratch\checkpoints\cycle_0002.pt,p1_win,0.0,35
3385,runs\models_9x9_scratch\checkpoints\cycle_0002.pt,runs\models_9x9_scratch\best.pt,runs\models_9x9_scratch\checkpoints\cycle_0002.pt,runs\models_9x9_scratch\best.pt,p2_win,0.0,36
3386,runs\models_9x9_scratch\checkpoints\cycle_0002.pt,runs\models_9x9_scratch\best.pt,runs\models_9x9_scratch\checkpoints\cycle_0002.pt,runs\models_9x9_scratch\best.pt,p2_win,0.0,36
3387,runs\models_9x9_scratch\checkpoints\cycle_0002.pt,runs\models_9x9_scratch\best.pt,runs\models_9x9_scratch\checkpoints\cycle_0002.pt,runs\models_9x9_scratch\best.pt,p2_win,0.0,36
3388,runs\models_9x9_scratch\checkpoints\cycle_0002.pt,runs\models_9x9_scratch\best.pt,runs\models_9x9_scratch\checkpoints\cycle_0002.pt,runs\models_9x9_scratch\best.pt,p2_win,0.0,36
3389,runs\models_9x9_scratch\checkpoints\cycle_0002.pt,runs\models_9x9_scratch\best.pt,runs\models_9x9_scratch\checkpoints\cycle_0002.pt,runs\models_9x9_scratch\best.pt,p2_win,0.0,36
3390,runs\models_9x9_scratch\checkpoints\cycle_0002.pt,runs\models_9x9_scratch\best.pt,runs\models_9x9_scratch\checkpoints\cycle_0002.pt,runs\models_9x9_scratch\best.pt,p2_win,0.0,36
3391,runs\models_9x9_scratch\checkpoints\cycle_0002.pt,runs\models_9x9_scratch\best.pt,runs\models_9x9_scratch\checkpoints\cycle_0002.pt,runs\models_9x9_scratch\best.pt,p2_win,0.0,34
3392,runs\models_9x9_scratch\checkpoints\cycle_0002.pt,runs\models_9x9_scratch\best.pt,runs\models_9x9_scratch\checkpoints\cycle_0002.pt,runs\models_9x9_scratch\best.pt,p2_win,0.0,36
3393,runs\models_9x9_scratch\checkpoints\cycle_0002.pt,runs\models_9x9_scratch\best.pt,runs\models_9x9_scratch\best.pt,runs\models_9x9_scratch\checkpoints\cycle_0002.pt,p1_win,0.0,35
3394,runs\models_9x9_scratch\checkpoints\cycle_0002.pt,runs\models_9x9_scratch\best.pt,runs\models_9x9_scratch\best.pt,runs\models_9x9_scratch\checkpoints\cycle_0002.pt,p1_win,0.0,35
3395,runs\models_9x9_scratch\checkpoints\cycle_0002.pt,runs\models_9x9_scratch\best.pt,runs\models_9x9_scratch\checkpoints\cycle_0002.pt,runs\models_9x9_scratch\best.pt,p2_win,0.0,36
3396,runs\models_9x9_scratch\checkpoints\cycle_0002.pt,runs\models_9x9_scratch\best.pt,runs\models_9x9_scratch\checkpoints\cycle_0002.pt,runs\models_9x9_scratch\best.pt,p2_win,0.0,36
3397,runs\models_9x9_scratch\checkpoints\cycle_0002.pt,runs\models_9x9_scratch\best.pt,runs\models_9x9_scratch\checkpoints\cycle_0002.pt,runs\models_9x9_scratch\best.pt,p2_win,0.0,34
3398,runs\models_9x9_scratch\checkpoints\cycle_0002.pt,runs\models_9x9_scratch\best.pt,runs\models_9x9_scratch\best.pt,runs\models_9x9_scratch\checkpoints\cycle_0002.pt,p1_win,0.0,35
3399,runs\models_9x9_scratch\checkpoints\cycle_0002.pt,runs\models_9x9_scratch\best.pt,runs\models_9x9_scratch\checkpoints\cycle_0002.pt,runs\models_9x9_scratch\best.pt,p2_win,0.0,36
3400,runs\models_9x9_scratch\checkpoints\cycle_0002.pt,runs\models_9x9_scratch\best.pt,runs\models_9x9_scratch\checkpoints\cycle_0002.pt,runs\models_9x9_scratch\best.pt,p2_win,0.0,36
3401,runs\models_9x9_scratch\checkpoints\cycle_0002.pt,runs\models_9x9_scratch\best.pt,runs\models_9x9_scratch\checkpoints\cycle_0002.pt,runs\models_9x9_scratch\best.pt,p2_win,0.0,36
3402,runs\models_9x9_scratch\checkpoints\cycle_0002.pt,runs\models_9x9_scratch\best.pt,runs\models_9x9_scratch\checkpoints\cycle_0002.pt,runs\models_9x9_scratch\best.pt,p2_win,0.0,36
3403,runs\models_9x9_scratch\checkpoints\cycle_0002.pt,runs\models_9x9_scratch\best.pt,runs\models_9x9_scratch\best.pt,runs\models_9x9_scratch\checkpoints\cycle_0002.pt,p1_win,0.0,35
3404,runs\models_9x9_scratch\checkpoints\cycle_0002.pt,runs\models_9x9_scratch\best.pt,runs\models_9x9_scratch\checkpoints\cycle_0002.pt,runs\models_9x9_scratch\best.pt,p2_win,0.0,36
3405,runs\models_9x9_scratch\checkpoints\cycle_0002.pt,runs\models_9x9_scratch\best.pt,runs\models_9x9_scratch\best.pt,runs\models_9x9_scratch\checkpoints\cycle_0002.pt,p1_win,0.0,35
3406,runs\models_9x9_scratch\checkpoints\cycle_0002.pt,runs\models_9x9_scratch\best.pt,runs\models_9x9_scratch\checkpoints\cycle_0002.pt,runs\models_9x9_scratch\best.pt,p2_win,0.0,36
3407,runs\models_9x9_scratch\checkpoints\cycle_0002.pt,runs\models_9x9_scratch\best.pt,runs\models_9x9_scratch\checkpoints\cycle_0002.pt,runs\models_9x9_scratch\best.pt,p2_win,0.0,36
3408,runs\models_9x9_scratch\checkpoints\cycle_0002.pt,runs\models_9x9_scratch\best.pt,runs\models_9x9_scratch\checkpoints\cycle_0002.pt,runs\models_9x9_scratch\best.pt,p2_win,0.0,36
3409,runs\models_9x9_scratch\checkpoints\cycle_0002.pt,runs\models_9x9_scratch\best.pt,runs\models_9x9_scratch\checkpoints\cycle_0002.pt,runs\models_9x9_scratch\best.pt,p2_win,0.0,36
3410,runs\models_9x9_scratch\checkpoints\cycle_0002.pt,runs\models_9x9_scratch\best.pt,runs\models_9x9_scratch\best.pt,runs\models_9x9_scratch\checkpoints\cycle_0002.pt,p1_win,0.0,35
3411,runs\models_9x9_scratch\checkpoints\cycle_0002.pt,runs\models_9x9_scratch\best.pt,runs\models_9x9_scratch\checkpoints\cycle_0002.pt,runs\models_9x9_scratch\best.pt,p2_win,0.0,36
3412,runs\models_9x9_scratch\checkpoints\cycle_0002.pt,runs\models_9x9_scratch\best.pt,runs\models_9x9_scratch\checkpoints\cycle_0002.pt,runs\models_9x9_scratch\best.pt,p2_win,0.0,36
3413,runs\models_9x9_scratch\checkpoints\cycle_0002.pt,runs\models_9x9_scratch\best.pt,runs\models_9x9_scratch\checkpoints\cycle_0002.pt,runs\models_9x9_scratch\best.pt,p2_win,0.0,38
3414,runs\models_9x9_scratch\checkpoints\cycle_0002.pt,runs\models_9x9_scratch\best.pt,runs\models_9x9_scratch\best.pt,runs\models_9x9_scratch\checkpoints\cycle_0002.pt,p1_win,0.0,37
3415,runs\models_9x9_scratch\checkpoints\cycle_0002.pt,runs\models_9x9_scratch\best.pt,runs\models_9x9_scratch\checkpoints\cycle_0002.pt,runs\models_9x9_scratch\best.pt,p2_win,0.0,38
3416,runs\models_9x9_scratch\checkpoints\cycle_0002.pt,runs\models_9x9_scratch\best.pt,runs\models_9x9_scratch\checkpoints\cycle_0002.pt,runs\models_9x9_scratch\best.pt,p2_win,0.0,38
3417,runs\models_9x9_scratch\checkpoints\cycle_0002.pt,runs\models_9x9_scratch\best.pt,runs\models_9x9_scratch\checkpoints\cycle_0002.pt,runs\models_9x9_scratch\best.pt,p2_win,0.0,38
3418,runs\models_9x9_scratch\checkpoints\cycle_0002.pt,runs\models_9x9_scratch\best.pt,runs\models_9x9_scratch\checkpoints\cycle_0002.pt,runs\models_9x9_scratch\best.pt,p2_win,0.0,38
3419,runs\models_9x9_scratch\checkpoints\cycle_0002.pt,runs\models_9x9_scratch\best.pt,runs\models_9x9_scratch\best.pt,runs\models_9x9_scratch\checkpoints\cycle_0002.pt,p1_win,0.0,37
3420,runs\models_9x9_scratch\checkpoints\cycle_0002.pt,runs\models_9x9_scratch\best.pt,runs\models_9x9_scratch\checkpoints\cycle_0002.pt,runs\models_9x9_scratch\best.pt,p2_win,0.0,38
3421,runs\models_9x9_scratch\checkpoints\cycle_0002.pt,runs\models_9x9_scratch\best.pt,runs\models_9x9_scratch\checkpoints\cycle_0002.pt,runs\models_9x9_scratch\best.pt,p2_win,0.0,38
3422,runs\models_9x9_scratch\checkpoints\cycle_0002.pt,runs\models_9x9_scratch\best.pt,runs\models_9x9_scratch\checkpoints\cycle_0002.pt,runs\models_9x9_scratch\best.pt,p2_win,0.0,38
3423,runs\models_9x9_scratch\checkpoints\cycle_0002.pt,runs\models_9x9_scratch\best.pt,runs\models_9x9_scratch\checkpoints\cycle_0002.pt,runs\models_9x9_scratch\best.pt,p2_win,0.0,38
3424,runs\models_9x9_scratch\checkpoints\cycle_0002.pt,runs\models_9x9_scratch\best.pt,runs\models_9x9_scratch\best.pt,runs\models_9x9_scratch\checkpoints\cycle_0002.pt,p1_win,0.0,37
3425,runs\models_9x9_scratch\checkpoints\cycle_0002.pt,runs\models_9x9_scratch\best.pt,runs\models_9x9_scratch\checkpoints\cycle_0002.pt,runs\models_9x9_scratch\best.pt,p2_win,0.0,38
3426,runs\models_9x9_scratch\checkpoints\cycle_0002.pt,runs\models_9x9_scratch\best.pt,runs\models_9x9_scratch\checkpoints\cycle_0002.pt,runs\models_9x9_scratch\best.pt,p2_win,0.0,38
3427,runs\models_9x9_scratch\checkpoints\cycle_0002.pt,runs\models_9x9_scratch\best.pt,runs\models_9x9_scratch\best.pt,runs\models_9x9_scratch\checkpoints\cycle_0002.pt,p1_win,0.0,37
3428,runs\models_9x9_scratch\checkpoints\cycle_0002.pt,runs\models_9x9_scratch\best.pt,runs\models_9x9_scratch\checkpoints\cycle_0002.pt,runs\models_9x9_scratch\best.pt,p2_win,0.0,38
3429,runs\models_9x9_scratch\checkpoints\cycle_0002.pt,runs\models_9x9_scratch\best.pt,runs\models_9x9_scratch\checkpoints\cycle_0002.pt,runs\models_9x9_scratch\best.pt,p2_win,0.0,38
3430,runs\models_9x9_scratch\checkpoints\cycle_0002.pt,runs\models_9x9_scratch\best.pt,runs\models_9x9_scratch\best.pt,runs\models_9x9_scratch\checkpoints\cycle_0002.pt,p1_win,0.0,37
3431,runs\models_9x9_scratch\checkpoints\cycle_0002.pt,runs\models_9x9_scratch\best.pt,runs\models_9x9_scratch\checkpoints\cycle_0002.pt,runs\models_9x9_scratch\best.pt,p2_win,0.0,38
3432,runs\models_9x9_scratch\checkpoints\cycle_0002.pt,runs\models_9x9_scratch\best.pt,runs\models_9x9_scratch\checkpoints\cycle_0002.pt,runs\models_9x9_scratch\best.pt,p2_win,0.0,38
3433,runs\models_9x9_scratch\checkpoints\cycle_0002.pt,runs\models_9x9_scratch\best.pt,runs\models_9x9_scratch\checkpoints\cycle_0002.pt,runs\models_9x9_scratch\best.pt,p2_win,0.0,38
3434,runs\models_9x9_scratch\checkpoints\cycle_0002.pt,runs\models_9x9_scratch\best.pt,runs\models_9x9_scratch\checkpoints\cycle_0002.pt,runs\models_9x9_scratch\best.pt,p2_win,0.0,38
3435,runs\models_9x9_scratch\checkpoints\cycle_0002.pt,runs\models_9x9_scratch\best.pt,runs\models_9x9_scratch\checkpoints\cycle_0002.pt,runs\models_9x9_scratch\best.pt,p2_win,0.0,38
3436,runs\models_9x9_scratch\checkpoints\cycle_0002.pt,runs\models_9x9_scratch\best.pt,runs\models_9x9_scratch\checkpoints\cycle_0002.pt,runs\models_9x9_scratch\best.pt,p2_win,0.0,38
3437,runs\models_9x9_scratch\checkpoints\cycle_0002.pt,runs\models_9x9_scratch\best.pt,runs\models_9x9_scratch\checkpoints\cycle_0002.pt,runs\models_9x9_scratch\best.pt,p2_win,0.0,38
3438,runs\models_9x9_scratch\checkpoints\cycle_0002.pt,runs\models_9x9_scratch\best.pt,runs\models_9x9_scratch\checkpoints\cycle_0002.pt,runs\models_9x9_scratch\best.pt,p2_win,0.0,38
3439,runs\models_9x9_scratch\checkpoints\cycle_0002.pt,runs\models_9x9_scratch\best.pt,runs\models_9x9_scratch\best.pt,runs\models_9x9_scratch\checkpoints\cycle_0002.pt,p1_win,0.0,37
3440,runs\models_9x9_scratch\checkpoints\cycle_0002.pt,runs\models_9x9_scratch\best.pt,runs\models_9x9_scratch\checkpoints\cycle_0002.pt,runs\models_9x9_scratch\best.pt,p2_win,0.0,38
3441,runs\models_9x9_scratch\checkpoints\cycle_0002.pt,runs\models_9x9_scratch\best.pt,runs\models_9x9_scratch\best.pt,runs\models_9x9_scratch\checkpoints\cycle_0002.pt,p1_win,0.0,37
3442,runs\models_9x9_scratch\checkpoints\cycle_0002.pt,runs\models_9x9_scratch\best.pt,runs\models_9x9_scratch\checkpoints\cycle_0002.pt,runs\models_9x9_scratch\best.pt,p2_win,0.0,38
3443,runs\models_9x9_scratch\checkpoints\cycle_0002.pt,runs\models_9x9_scratch\best.pt,runs\models_9x9_scratch\checkpoints\cycle_0002.pt,runs\models_9x9_scratch\best.pt,p2_win,0.0,38
3444,runs\models_9x9_scratch\checkpoints\cycle_0002.pt,runs\models_9x9_scratch\best.pt,runs\models_9x9_scratch\best.pt,runs\models_9x9_scratch\checkpoints\cycle_0002.pt,p1_win,0.0,39
3445,runs\models_9x9_scratch\checkpoints\cycle_0002.pt,runs\models_9x9_scratch\best.pt,runs\models_9x9_scratch\best.pt,runs\models_9x9_scratch\checkpoints\cycle_0002.pt,p1_win,0.0,39
3446,runs\models_9x9_scratch\checkpoints\cycle_0002.pt,runs\models_9x9_scratch\best.pt,runs\models_9x9_scratch\checkpoints\cycle_0002.pt,runs\models_9x9_scratch\best.pt,p2_win,0.0,40
3447,runs\models_9x9_scratch\checkpoints\cycle_0002.pt,runs\models_9x9_scratch\best.pt,runs\models_9x9_scratch\checkpoints\cycle_0002.pt,runs\models_9x9_scratch\best.pt,p2_win,0.0,40
3448,runs\models_9x9_scratch\checkpoints\cycle_0002.pt,runs\models_9x9_scratch\best.pt,runs\models_9x9_scratch\checkpoints\cycle_0002.pt,runs\models_9x9_scratch\best.pt,p2_win,0.0,40
3449,runs\models_9x9_scratch\checkpoints\cycle_0002.pt,runs\models_9x9_scratch\best.pt,runs\models_9x9_scratch\checkpoints\cycle_0002.pt,runs\models_9x9_scratch\best.pt,p2_win,0.0,38
3450,runs\models_9x9_scratch\checkpoints\cycle_0002.pt,runs\models_9x9_scratch\best.pt,runs\models_9x9_scratch\best.pt,runs\models_9x9_scratch\checkpoints\cycle_0002.pt,p1_win,0.0,39
3451,runs\models_9x9_scratch\checkpoints\cycle_0002.pt,runs\models_9x9_scratch\best.pt,runs\models_9x9_scratch\checkpoints\cycle_0002.pt,runs\models_9x9_scratch\best.pt,p2_win,0.0,38
3452,runs\models_9x9_scratch\checkpoints\cycle_0002.pt,runs\models_9x9_scratch\best.pt,runs\models_9x9_scratch\checkpoints\cycle_0002.pt,runs\models_9x9_scratch\best.pt,p2_win,0.0,40
3453,runs\models_9x9_scratch\checkpoints\cycle_0002.pt,runs\models_9x9_scratch\best.pt,runs\models_9x9_scratch\checkpoints\cycle_0002.pt,runs\models_9x9_scratch\best.pt,p2_win,0.0,40
3454,runs\models_9x9_scratch\checkpoints\cycle_0002.pt,runs\models_9x9_scratch\best.pt,runs\models_9x9_scratch\checkpoints\cycle_0002.pt,runs\models_9x9_scratch\best.pt,p2_win,0.0,40
3455,runs\models_9x9_scratch\checkpoints\cycle_0002.pt,runs\models_9x9_scratch\best.pt,runs\models_9x9_scratch\best.pt,runs\models_9x9_scratch\checkpoints\cycle_0002.pt,p1_win,0.0,39
3456,runs\models_9x9_scratch\checkpoints\cycle_0002.pt,runs\models_9x9_scratch\best.pt,runs\models_9x9_scratch\checkpoints\cycle_0002.pt,runs\models_9x9_scratch\best.pt,p2_win,0.0,40
3457,runs\models_9x9_scratch\checkpoints\cycle_0002.pt,runs\models_9x9_scratch\best.pt,runs\models_9x9_scratch\checkpoints\cycle_0002.pt,runs\models_9x9_scratch\best.pt,p2_win,0.0,40
3458,runs\models_9x9_scratch\checkpoints\cycle_0002.pt,runs\models_9x9_scratch\best.pt,runs\models_9x9_scratch\checkpoints\cycle_0002.pt,runs\models_9x9_scratch\best.pt,p2_win,0.0,42
3459,runs\models_9x9_scratch\checkpoints\cycle_0002.pt,runs\models_9x9_scratch\best.pt,runs\models_9x9_scratch\checkpoints\cycle_0002.pt,runs\models_9x9_scratch\best.pt,p2_win,0.0,40
3460,runs\models_9x9_scratch\checkpoints\cycle_0002.pt,runs\models_9x9_scratch\best.pt,runs\models_9x9_scratch\checkpoints\cycle_0002.pt,runs\models_9x9_scratch\best.pt,p2_win,0.0,40
3461,runs\models_9x9_scratch\checkpoints\cycle_0002.pt,runs\models_9x9_scratch\best.pt,runs\models_9x9_scratch\checkpoints\cycle_0002.pt,runs\models_9x9_scratch\best.pt,p2_win,0.0,40
3462,runs\models_9x9_scratch\checkpoints\cycle_0002.pt,runs\models_9x9_scratch\best.pt,runs\models_9x9_scratch\checkpoints\cycle_0002.pt,runs\models_9x9_scratch\best.pt,p2_win,0.0,40
3463,runs\models_9x9_scratch\checkpoints\cycle_0002.pt,runs\models_9x9_scratch\best.pt,runs\models_9x9_scratch\checkpoints\cycle_0002.pt,runs\models_9x9_scratch\best.pt,p2_win,0.0,40
3464,runs\models_9x9_scratch\checkpoints\cycle_0002.pt,runs\models_9x9_scratch\best.pt,runs\models_9x9_scratch\best.pt,runs\models_9x9_scratch\checkpoints\cycle_0002.pt,p1_win,0.0,41
3465,runs\models_9x9_scratch\checkpoints\cycle_0002.pt,runs\models_9x9_scratch\best.pt,runs\models_9x9_scratch\checkpoints\cycle_0002.pt,runs\models_9x9_scratch\best.pt,p2_win,0.0,40
3466,runs\models_9x9_scratch\checkpoints\cycle_0002.pt,runs\models_9x9_scratch\best.pt,runs\models_9x9_scratch\checkpoints\cycle_0002.pt,runs\models_9x9_scratch\best.pt,p2_win,0.0,40
3467,runs\models_9x9_scratch\checkpoints\cycle_0002.pt,runs\models_9x9_scratch\best.pt,runs\models_9x9_scratch\checkpoints\cycle_0002.pt,runs\models_9x9_scratch\best.pt,p2_win,0.0,40
3468,runs\models_9x9_scratch\checkpoints\cycle_0002.pt,runs\models_9x9_scratch\best.pt,runs\models_9x9_scratch\checkpoints\cycle_0002.pt,runs\models_9x9_scratch\best.pt,p2_win,0.0,40
3469,runs\models_9x9_scratch\checkpoints\cycle_0002.pt,runs\models_9x9_scratch\best.pt,runs\models_9x9_scratch\best.pt,runs\models_9x9_scratch\checkpoints\cycle_0002.pt,p1_win,0.0,41
3470,runs\models_9x9_scratch\checkpoints\cycle_0002.pt,runs\models_9x9_scratch\best.pt,runs\models_9x9_scratch\best.pt,runs\models_9x9_scratch\checkpoints\cycle_0002.pt,p1_win,0.0,41
3471,runs\models_9x9_scratch\checkpoints\cycle_0002.pt,runs\models_9x9_scratch\best.pt,runs\models_9x9_scratch\checkpoints\cycle_0002.pt,runs\models_9x9_scratch\best.pt,p2_win,0.0,42
3472,runs\models_9x9_scratch\checkpoints\cycle_0002.pt,runs\models_9x9_scratch\best.pt,runs\models_9x9_scratch\checkpoints\cycle_0002.pt,runs\models_9x9_scratch\best.pt,p2_win,0.0,42
3473,runs\models_9x9_scratch\checkpoints\cycle_0002.pt,runs\models_9x9_scratch\best.pt,runs\models_9x9_scratch\checkpoints\cycle_0002.pt,runs\models_9x9_scratch\best.pt,p2_win,0.0,42
3474,runs\models_9x9_scratch\checkpoints\cycle_0002.pt,runs\models_9x9_scratch\best.pt,runs\models_9x9_scratch\checkpoints\cycle_0002.pt,runs\models_9x9_scratch\best.pt,p2_win,0.0,42
3475,runs\models_9x9_scratch\checkpoints\cycle_0002.pt,runs\models_9x9_scratch\best.pt,runs\models_9x9_scratch\best.pt,runs\models_9x9_scratch\checkpoints\cycle_0002.pt,p1_win,0.0,43
3476,runs\models_9x9_scratch\checkpoints\cycle_0002.pt,runs\models_9x9_scratch\best.pt,runs\models_9x9_scratch\best.pt,runs\models_9x9_scratch\checkpoints\cycle_0002.pt,p1_win,0.0,41
3477,runs\models_9x9_scratch\checkpoints\cycle_0002.pt,runs\models_9x9_scratch\best.pt,runs\models_9x9_scratch\checkpoints\cycle_0002.pt,runs\models_9x9_scratch\best.pt,p2_win,0.0,42
3478,runs\models_9x9_scratch\checkpoints\cycle_0002.pt,runs\models_9x9_scratch\best.pt,runs\models_9x9_scratch\checkpoints\cycle_0002.pt,runs\models_9x9_scratch\best.pt,p2_win,0.0,42
3479,runs\models_9x9_scratch\checkpoints\cycle_0002.pt,runs\models_9x9_scratch\best.pt,runs\models_9x9_scratch\best.pt,runs\models_9x9_scratch\checkpoints\cycle_0002.pt,p1_win,0.0,41
3480,runs\models_9x9_scratch\checkpoints\cycle_0002.pt,runs\models_9x9_scratch\best.pt,runs\models_9x9_scratch\checkpoints\cycle_0002.pt,runs\models_9x9_scratch\best.pt,p2_win,0.0,42
3481,runs\models_9x9_scratch\checkpoints\cycle_0002.pt,runs\models_9x9_scratch\best.pt,runs\models_9x9_scratch\checkpoints\cycle_0002.pt,runs\models_9x9_scratch\best.pt,p2_win,0.0,44
3482,runs\models_9x9_scratch\checkpoints\cycle_0002.pt,runs\models_9x9_scratch\best.pt,runs\models_9x9_scratch\checkpoints\cycle_0002.pt,runs\models_9x9_scratch\best.pt,p2_win,0.0,44
3483,runs\models_9x9_scratch\checkpoints\cycle_0002.pt,runs\models_9x9_scratch\best.pt,runs\models_9x9_scratch\checkpoints\cycle_0002.pt,runs\models_9x9_scratch\best.pt,p2_win,0.0,44
3484,runs\models_9x9_scratch\checkpoints\cycle_0002.pt,runs\models_9x9_scratch\best.pt,runs\models_9x9_scratch\checkpoints\cycle_0002.pt,runs\models_9x9_scratch\best.pt,p2_win,0.0,44
3485,runs\models_9x9_scratch\checkpoints\cycle_0002.pt,runs\models_9x9_scratch\best.pt,runs\models_9x9_scratch\checkpoints\cycle_0002.pt,runs\models_9x9_scratch\best.pt,p2_win,0.0,44
3486,runs\models_9x9_scratch\checkpoints\cycle_0002.pt,runs\models_9x9_scratch\best.pt,runs\models_9x9_scratch\checkpoints\cycle_0002.pt,runs\models_9x9_scratch\best.pt,p2_win,0.0,44
3487,runs\models_9x9_scratch\checkpoints\cycle_0002.pt,runs\models_9x9_scratch\best.pt,runs\models_9x9_scratch\best.pt,runs\models_9x9_scratch\checkpoints\cycle_0002.pt,p1_win,0.0,45
3488,runs\models_9x9_scratch\checkpoints\cycle_0002.pt,runs\models_9x9_scratch\best.pt,runs\models_9x9_scratch\checkpoints\cycle_0002.pt,runs\models_9x9_scratch\best.pt,p2_win,0.0,46
3489,runs\models_9x9_scratch\checkpoints\cycle_0002.pt,runs\models_9x9_scratch\best.pt,runs\models_9x9_scratch\checkpoints\cycle_0002.pt,runs\models_9x9_scratch\best.pt,p2_win,0.0,46
3490,runs\models_9x9_scratch\checkpoints\cycle_0002.pt,runs\models_9x9_scratch\best.pt,runs\models_9x9_scratch\checkpoints\cycle_0002.pt,runs\models_9x9_scratch\best.pt,p2_win,0.0,46
3491,runs\models_9x9_scratch\checkpoints\cycle_0002.pt,runs\models_9x9_scratch\best.pt,runs\models_9x9_scratch\checkpoints\cycle_0002.pt,runs\models_9x9_scratch\best.pt,p2_win,0.0,46
3492,runs\models_9x9_scratch\checkpoints\cycle_0002.pt,runs\models_9x9_scratch\best.pt,runs\models_9x9_scratch\checkpoints\cycle_0002.pt,runs\models_9x9_scratch\best.pt,p2_win,0.0,48
3493,runs\models_9x9_scratch\checkpoints\cycle_0002.pt,runs\models_9x9_scratch\best.pt,runs\models_9x9_scratch\checkpoints\cycle_0002.pt,runs\models_9x9_scratch\best.pt,p2_win,0.0,48
3494,runs\models_9x9_scratch\checkpoints\cycle_0002.pt,runs\models_9x9_scratch\best.pt,runs\models_9x9_scratch\checkpoints\cycle_0002.pt,runs\models_9x9_scratch\best.pt,p2_win,0.0,48
3495,runs\models_9x9_scratch\checkpoints\cycle_0002.pt,runs\models_9x9_scratch\best.pt,runs\models_9x9_scratch\checkpoints\cycle_0002.pt,runs\models_9x9_scratch\best.pt,p2_win,0.0,48
3496,runs\models_9x9_scratch\checkpoints\cycle_0002.pt,runs\models_9x9_scratch\best.pt,runs\models_9x9_scratch\checkpoints\cycle_0002.pt,runs\models_9x9_scratch\best.pt,p2_win,0.0,52
3497,runs\models_9x9_scratch\checkpoints\cycle_0002.pt,runs\models_9x9_scratch\best.pt,runs\models_9x9_scratch\checkpoints\cycle_0002.pt,runs\models_9x9_scratch\best.pt,p2_win,0.0,50
3498,runs\models_9x9_scratch\checkpoints\cycle_0002.pt,runs\models_9x9_scratch\best.pt,runs\models_9x9_scratch\checkpoints\cycle_0002.pt,runs\models_9x9_scratch\best.pt,p2_win,0.0,50
3499,runs\models_9x9_scratch\checkpoints\cycle_0002.pt,runs\models_9x9_scratch\best.pt,runs\models_9x9_scratch\best.pt,runs\models_9x9_scratch\checkpoints\cycle_0002.pt,p1_win,0.0,49
3500,runs\models_9x9_scratch\checkpoints\cycle_0002.pt,runs\models_9x9_scratch\best.pt,runs\models_9x9_scratch\best.pt,runs\models_9x9_scratch\checkpoints\cycle_0002.pt,p1_win,0.0,53
3501,runs\models_9x9_scratch\checkpoints\cycle_0031.pt,runs\models_9x9_scratch\checkpoints\cycle_0061.pt,runs\models_9x9_scratch\checkpoints\cycle_0061.pt,runs\models_9x9_scratch\checkpoints\cycle_0031.pt,p1_win,0.0,31
3502,runs\models_9x9_scratch\checkpoints\cycle_0031.pt,runs\models_9x9_scratch\checkpoints\cycle_0061.pt,runs\models_9x9_scratch\checkpoints\cycle_0061.pt,runs\models_9x9_scratch\checkpoints\cycle_0031.pt,p1_win,0.0,31
3503,runs\models_9x9_scratch\checkpoints\cycle_0031.pt,runs\models_9x9_scratch\checkpoints\cycle_0061.pt,runs\models_9x9_scratch\checkpoints\cycle_0061.pt,runs\models_9x9_scratch\checkpoints\cycle_0031.pt,p1_win,0.0,33
3504,runs\models_9x9_scratch\checkpoints\cycle_0031.pt,runs\models_9x9_scratch\checkpoints\cycle_0061.pt,runs\models_9x9_scratch\checkpoints\cycle_0061.pt,runs\models_9x9_scratch\checkpoints\cycle_0031.pt,p1_win,0.0,33
3505,runs\models_9x9_scratch\checkpoints\cycle_0031.pt,runs\models_9x9_scratch\checkpoints\cycle_0061.pt,runs\models_9x9_scratch\checkpoints\cycle_0061.pt,runs\models_9x9_scratch\checkpoints\cycle_0031.pt,p1_win,0.0,33
3506,runs\models_9x9_scratch\checkpoints\cycle_0031.pt,runs\models_9x9_scratch\checkpoints\cycle_0061.pt,runs\models_9x9_scratch\checkpoints\cycle_0061.pt,runs\models_9x9_scratch\checkpoints\cycle_0031.pt,p1_win,0.0,33
3507,runs\models_9x9_scratch\checkpoints\cycle_0031.pt,runs\models_9x9_scratch\checkpoints\cycle_0061.pt,runs\models_9x9_scratch\checkpoints\cycle_0061.pt,runs\models_9x9_scratch\checkpoints\cycle_0031.pt,p1_win,0.0,33
3508,runs\models_9x9_scratch\checkpoints\cycle_0031.pt,runs\models_9x9_scratch\checkpoints\cycle_0061.pt,runs\models_9x9_scratch\checkpoints\cycle_0061.pt,runs\models_9x9_scratch\checkpoints\cycle_0031.pt,p1_win,0.0,33
3509,runs\models_9x9_scratch\checkpoints\cycle_0031.pt,runs\models_9x9_scratch\checkpoints\cycle_0061.pt,runs\models_9x9_scratch\checkpoints\cycle_0061.pt,runs\models_9x9_scratch\checkpoints\cycle_0031.pt,p1_win,0.0,33
3510,runs\models_9x9_scratch\checkpoints\cycle_0031.pt,runs\models_9x9_scratch\checkpoints\cycle_0061.pt,runs\models_9x9_scratch\checkpoints\cycle_0061.pt,runs\models_9x9_scratch\checkpoints\cycle_0031.pt,p1_win,0.0,33
3511,runs\models_9x9_scratch\checkpoints\cycle_0031.pt,runs\models_9x9_scratch\checkpoints\cycle_0061.pt,runs\models_9x9_scratch\checkpoints\cycle_0061.pt,runs\models_9x9_scratch\checkpoints\cycle_0031.pt,p1_win,0.0,35
3512,runs\models_9x9_scratch\checkpoints\cycle_0031.pt,runs\models_9x9_scratch\checkpoints\cycle_0061.pt,runs\models_9x9_scratch\checkpoints\cycle_0061.pt,runs\models_9x9_scratch\checkpoints\cycle_0031.pt,p1_win,0.0,35
3513,runs\models_9x9_scratch\checkpoints\cycle_0031.pt,runs\models_9x9_scratch\checkpoints\cycle_0061.pt,runs\models_9x9_scratch\checkpoints\cycle_0061.pt,runs\models_9x9_scratch\checkpoints\cycle_0031.pt,p1_win,0.0,35
3514,runs\models_9x9_scratch\checkpoints\cycle_0031.pt,runs\models_9x9_scratch\checkpoints\cycle_0061.pt,runs\models_9x9_scratch\checkpoints\cycle_0061.pt,runs\models_9x9_scratch\checkpoints\cycle_0031.pt,p1_win,0.0,35
3515,runs\models_9x9_scratch\checkpoints\cycle_0031.pt,runs\models_9x9_scratch\checkpoints\cycle_0061.pt,runs\models_9x9_scratch\checkpoints\cycle_0061.pt,runs\models_9x9_scratch\checkpoints\cycle_0031.pt,p1_win,0.0,35
3516,runs\models_9x9_scratch\checkpoints\cycle_0031.pt,runs\models_9x9_scratch\checkpoints\cycle_0061.pt,runs\models_9x9_scratch\checkpoints\cycle_0061.pt,runs\models_9x9_scratch\checkpoints\cycle_0031.pt,p1_win,0.0,35
3517,runs\models_9x9_scratch\checkpoints\cycle_0031.pt,runs\models_9x9_scratch\checkpoints\cycle_0061.pt,runs\models_9x9_scratch\checkpoints\cycle_0061.pt,runs\models_9x9_scratch\checkpoints\cycle_0031.pt,p1_win,0.0,35
3518,runs\models_9x9_scratch\checkpoints\cycle_0031.pt,runs\models_9x9_scratch\checkpoints\cycle_0061.pt,runs\models_9x9_scratch\checkpoints\cycle_0061.pt,runs\models_9x9_scratch\checkpoints\cycle_0031.pt,p1_win,0.0,35
3519,runs\models_9x9_scratch\checkpoints\cycle_0031.pt,runs\models_9x9_scratch\checkpoints\cycle_0061.pt,runs\models_9x9_scratch\checkpoints\cycle_0061.pt,runs\models_9x9_scratch\checkpoints\cycle_0031.pt,p1_win,0.0,35
3520,runs\models_9x9_scratch\checkpoints\cycle_0031.pt,runs\models_9x9_scratch\checkpoints\cycle_0061.pt,runs\models_9x9_scratch\checkpoints\cycle_0061.pt,runs\models_9x9_scratch\checkpoints\cycle_0031.pt,p1_win,0.0,35
3521,runs\models_9x9_scratch\checkpoints\cycle_0031.pt,runs\models_9x9_scratch\checkpoints\cycle_0061.pt,runs\models_9x9_scratch\checkpoints\cycle_0061.pt,runs\models_9x9_scratch\checkpoints\cycle_0031.pt,p1_win,0.0,35
3522,runs\models_9x9_scratch\checkpoints\cycle_0031.pt,runs\models_9x9_scratch\checkpoints\cycle_0061.pt,runs\models_9x9_scratch\checkpoints\cycle_0061.pt,runs\models_9x9_scratch\checkpoints\cycle_0031.pt,p1_win,0.0,37
3523,runs\models_9x9_scratch\checkpoints\cycle_0031.pt,runs\models_9x9_scratch\checkpoints\cycle_0061.pt,runs\models_9x9_scratch\checkpoints\cycle_0061.pt,runs\models_9x9_scratch\checkpoints\cycle_0031.pt,p1_win,0.0,39
3524,runs\models_9x9_scratch\checkpoints\cycle_0031.pt,runs\models_9x9_scratch\checkpoints\cycle_0061.pt,runs\models_9x9_scratch\checkpoints\cycle_0061.pt,runs\models_9x9_scratch\checkpoints\cycle_0031.pt,p1_win,0.0,37
3525,runs\models_9x9_scratch\checkpoints\cycle_0031.pt,runs\models_9x9_scratch\checkpoints\cycle_0061.pt,runs\models_9x9_scratch\checkpoints\cycle_0061.pt,runs\models_9x9_scratch\checkpoints\cycle_0031.pt,p1_win,0.0,37
3526,runs\models_9x9_scratch\checkpoints\cycle_0031.pt,runs\models_9x9_scratch\checkpoints\cycle_0061.pt,runs\models_9x9_scratch\checkpoints\cycle_0061.pt,runs\models_9x9_scratch\checkpoints\cycle_0031.pt,p1_win,0.0,37
3527,runs\models_9x9_scratch\checkpoints\cycle_0031.pt,runs\models_9x9_scratch\checkpoints\cycle_0061.pt,runs\models_9x9_scratch\checkpoints\cycle_0061.pt,runs\models_9x9_scratch\checkpoints\cycle_0031.pt,p1_win,0.0,37
3528,runs\models_9x9_scratch\checkpoints\cycle_0031.pt,runs\models_9x9_scratch\checkpoints\cycle_0061.pt,runs\models_9x9_scratch\checkpoints\cycle_0061.pt,runs\models_9x9_scratch\checkpoints\cycle_0031.pt,p1_win,0.0,37
3529,runs\models_9x9_scratch\checkpoints\cycle_0031.pt,runs\models_9x9_scratch\checkpoints\cycle_0061.pt,runs\models_9x9_scratch\checkpoints\cycle_0061.pt,runs\models_9x9_scratch\checkpoints\cycle_0031.pt,p1_win,0.0,37
3530,runs\models_9x9_scratch\checkpoints\cycle_0031.pt,runs\models_9x9_scratch\checkpoints\cycle_0061.pt,runs\models_9x9_scratch\checkpoints\cycle_0061.pt,runs\models_9x9_scratch\checkpoints\cycle_0031.pt,p1_win,0.0,37
3531,runs\models_9x9_scratch\checkpoints\cycle_0031.pt,runs\models_9x9_scratch\checkpoints\cycle_0061.pt,runs\models_9x9_scratch\checkpoints\cycle_0061.pt,runs\models_9x9_scratch\checkpoints\cycle_0031.pt,p1_win,0.0,37
3532,runs\models_9x9_scratch\checkpoints\cycle_0031.pt,runs\models_9x9_scratch\checkpoints\cycle_0061.pt,runs\models_9x9_scratch\checkpoints\cycle_0061.pt,runs\models_9x9_scratch\checkpoints\cycle_0031.pt,p1_win,0.0,37
3533,runs\models_9x9_scratch\checkpoints\cycle_0031.pt,runs\models_9x9_scratch\checkpoints\cycle_0061.pt,runs\models_9x9_scratch\checkpoints\cycle_0031.pt,runs\models_9x9_scratch\checkpoints\cycle_0061.pt,p2_win,0.0,40
3534,runs\models_9x9_scratch\checkpoints\cycle_0031.pt,runs\models_9x9_scratch\checkpoints\cycle_0061.pt,runs\models_9x9_scratch\checkpoints\cycle_0061.pt,runs\models_9x9_scratch\checkpoints\cycle_0031.pt,p1_win,0.0,39
3535,runs\models_9x9_scratch\checkpoints\cycle_0031.pt,runs\models_9x9_scratch\checkpoints\cycle_0061.pt,runs\models_9x9_scratch\checkpoints\cycle_0061.pt,runs\models_9x9_scratch\checkpoints\cycle_0031.pt,p1_win,0.0,37
3536,runs\models_9x9_scratch\checkpoints\cycle_0031.pt,runs\models_9x9_scratch\checkpoints\cycle_0061.pt,runs\models_9x9_scratch\checkpoints\cycle_0061.pt,runs\models_9x9_scratch\checkpoints\cycle_0031.pt,p1_win,0.0,39
3537,runs\models_9x9_scratch\checkpoints\cycle_0031.pt,runs\models_9x9_scratch\checkpoints\cycle_0061.pt,runs\models_9x9_scratch\checkpoints\cycle_0061.pt,runs\models_9x9_scratch\checkpoints\cycle_0031.pt,p1_win,0.0,37
3538,runs\models_9x9_scratch\checkpoints\cycle_0031.pt,runs\models_9x9_scratch\checkpoints\cycle_0061.pt,runs\models_9x9_scratch\checkpoints\cycle_0061.pt,runs\models_9x9_scratch\checkpoints\cycle_0031.pt,p1_win,0.0,39
3539,runs\models_9x9_scratch\checkpoints\cycle_0031.pt,runs\models_9x9_scratch\checkpoints\cycle_0061.pt,runs\models_9x9_scratch\checkpoints\cycle_0061.pt,runs\models_9x9_scratch\checkpoints\cycle_0031.pt,p1_win,0.0,39
3540,runs\models_9x9_scratch\checkpoints\cycle_0031.pt,runs\models_9x9_scratch\checkpoints\cycle_0061.pt,runs\models_9x9_scratch\checkpoints\cycle_0061.pt,runs\models_9x9_scratch\checkpoints\cycle_0031.pt,p1_win,0.0,39
3541,runs\models_9x9_scratch\checkpoints\cycle_0031.pt,runs\models_9x9_scratch\checkpoints\cycle_0061.pt,runs\models_9x9_scratch\checkpoints\cycle_0061.pt,runs\models_9x9_scratch\checkpoints\cycle_0031.pt,p1_win,0.0,39
3542,runs\models_9x9_scratch\checkpoints\cycle_0031.pt,runs\models_9x9_scratch\checkpoints\cycle_0061.pt,runs\models_9x9_scratch\checkpoints\cycle_0061.pt,runs\models_9x9_scratch\checkpoints\cycle_0031.pt,p1_win,0.0,39
3543,runs\models_9x9_scratch\checkpoints\cycle_0031.pt,runs\models_9x9_scratch\checkpoints\cycle_0061.pt,runs\models_9x9_scratch\checkpoints\cycle_0061.pt,runs\models_9x9_scratch\checkpoints\cycle_0031.pt,p1_win,0.0,41
3544,runs\models_9x9_scratch\checkpoints\cycle_0031.pt,runs\models_9x9_scratch\checkpoints\cycle_0061.pt,runs\models_9x9_scratch\checkpoints\cycle_0061.pt,runs\models_9x9_scratch\checkpoints\cycle_0031.pt,p1_win,0.0,39
3545,runs\models_9x9_scratch\checkpoints\cycle_0031.pt,runs\models_9x9_scratch\checkpoints\cycle_0061.pt,runs\models_9x9_scratch\checkpoints\cycle_0061.pt,runs\models_9x9_scratch\checkpoints\cycle_0031.pt,p1_win,0.0,39
3546,runs\models_9x9_scratch\checkpoints\cycle_0031.pt,runs\models_9x9_scratch\checkpoints\cycle_0061.pt,runs\models_9x9_scratch\checkpoints\cycle_0031.pt,runs\models_9x9_scratch\checkpoints\cycle_0061.pt,p2_win,0.0,42
3547,runs\models_9x9_scratch\checkpoints\cycle_0031.pt,runs\models_9x9_scratch\checkpoints\cycle_0061.pt,runs\models_9x9_scratch\checkpoints\cycle_0031.pt,runs\models_9x9_scratch\checkpoints\cycle_0061.pt,p2_win,0.0,40
3548,runs\models_9x9_scratch\checkpoints\cycle_0031.pt,runs\models_9x9_scratch\checkpoints\cycle_0061.pt,runs\models_9x9_scratch\checkpoints\cycle_0061.pt,runs\models_9x9_scratch\checkpoints\cycle_0031.pt,p1_win,0.0,39
3549,runs\models_9x9_scratch\checkpoints\cycle_0031.pt,runs\models_9x9_scratch\checkpoints\cycle_0061.pt,runs\models_9x9_scratch\checkpoints\cycle_0061.pt,runs\models_9x9_scratch\checkpoints\cycle_0031.pt,p1_win,0.0,39
3550,runs\models_9x9_scratch\checkpoints\cycle_0031.pt,runs\models_9x9_scratch\checkpoints\cycle_0061.pt,runs\models_9x9_scratch\checkpoints\cycle_0061.pt,runs\models_9x9_scratch\checkpoints\cycle_0031.pt,p1_win,0.0,39
3551,runs\models_9x9_scratch\checkpoints\cycle_0031.pt,runs\models_9x9_scratch\checkpoints\cycle_0061.pt,runs\models_9x9_scratch\checkpoints\cycle_0061.pt,runs\models_9x9_scratch\checkpoints\cycle_0031.pt,p1_win,0.0,39
3552,runs\models_9x9_scratch\checkpoints\cycle_0031.pt,runs\models_9x9_scratch\checkpoints\cycle_0061.pt,runs\models_9x9_scratch\checkpoints\cycle_0031.pt,runs\models_9x9_scratch\checkpoints\cycle_0061.pt,p2_win,0.0,42
3553,runs\models_9x9_scratch\checkpoints\cycle_0031.pt,runs\models_9x9_scratch\checkpoints\cycle_0061.pt,runs\models_9x9_scratch\checkpoints\cycle_0061.pt,runs\models_9x9_scratch\checkpoints\cycle_0031.pt,p1_win,0.0,39
3554,runs\models_9x9_scratch\checkpoints\cycle_0031.pt,runs\models_9x9_scratch\checkpoints\cycle_0061.pt,runs\models_9x9_scratch\checkpoints\cycle_0031.pt,runs\models_9x9_scratch\checkpoints\cycle_0061.pt,p1_win,1.0,43
3555,runs\models_9x9_scratch\checkpoints\cycle_0031.pt,runs\models_9x9_scratch\checkpoints\cycle_0061.pt,runs\models_9x9_scratch\checkpoints\cycle_0031.pt,runs\models_9x9_scratch\checkpoints\cycle_0061.pt,p2_win,0.0,40
3556,runs\models_9x9_scratch\checkpoints\cycle_0031.pt,runs\models_9x9_scratch\checkpoints\cycle_0061.pt,runs\models_9x9_scratch\checkpoints\cycle_0061.pt,runs\models_9x9_scratch\checkpoints\cycle_0031.pt,p1_win,0.0,41
3557,runs\models_9x9_scratch\checkpoints\cycle_0031.pt,runs\models_9x9_scratch\checkpoints\cycle_0061.pt,runs\models_9x9_scratch\checkpoints\cycle_0031.pt,runs\models_9x9_scratch\checkpoints\cycle_0061.pt,p2_win,0.0,40
3558,runs\models_9x9_scratch\checkpoints\cycle_0031.pt,runs\models_9x9_scratch\checkpoints\cycle_0061.pt,runs\models_9x9_scratch\checkpoints\cycle_0031.pt,runs\models_9x9_scratch\checkpoints\cycle_0061.pt,p2_win,0.0,44
3559,runs\models_9x9_scratch\checkpoints\cycle_0031.pt,runs\models_9x9_scratch\checkpoints\cycle_0061.pt,runs\models_9x9_scratch\checkpoints\cycle_0031.pt,runs\models_9x9_scratch\checkpoints\cycle_0061.pt,p2_win,0.0,40
3560,runs\models_9x9_scratch\checkpoints\cycle_0031.pt,runs\models_9x9_scratch\checkpoints\cycle_0061.pt,runs\models_9x9_scratch\checkpoints\cycle_0061.pt,runs\models_9x9_scratch\checkpoints\cycle_0031.pt,p1_win,0.0,41
3561,runs\models_9x9_scratch\checkpoints\cycle_0031.pt,runs\models_9x9_scratch\checkpoints\cycle_0061.pt,runs\models_9x9_scratch\checkpoints\cycle_0031.pt,runs\models_9x9_scratch\checkpoints\cycle_0061.pt,p2_win,0.0,42
3562,runs\models_9x9_scratch\checkpoints\cycle_0031.pt,runs\models_9x9_scratch\checkpoints\cycle_0061.pt,runs\models_9x9_scratch\checkpoints\cycle_0061.pt,runs\models_9x9_scratch\checkpoints\cycle_0031.pt,p1_win,0.0,41
3563,runs\models_9x9_scratch\checkpoints\cycle_0031.pt,runs\models_9x9_scratch\checkpoints\cycle_0061.pt,runs\models_9x9_scratch\checkpoints\cycle_0031.pt,runs\models_9x9_scratch\checkpoints\cycle_0061.pt,p2_win,0.0,40
3564,runs\models_9x9_scratch\checkpoints\cycle_0031.pt,runs\models_9x9_scratch\checkpoints\cycle_0061.pt,runs\models_9x9_scratch\checkpoints\cycle_0061.pt,runs\models_9x9_scratch\checkpoints\cycle_0031.pt,p1_win,0.0,41
3565,runs\models_9x9_scratch\checkpoints\cycle_0031.pt,runs\models_9x9_scratch\checkpoints\cycle_0061.pt,runs\models_9x9_scratch\checkpoints\cycle_0031.pt,runs\models_9x9_scratch\checkpoints\cycle_0061.pt,p2_win,0.0,48
3566,runs\models_9x9_scratch\checkpoints\cycle_0031.pt,runs\models_9x9_scratch\checkpoints\cycle_0061.pt,runs\models_9x9_scratch\checkpoints\cycle_0061.pt,runs\models_9x9_scratch\checkpoints\cycle_0031.pt,p1_win,0.0,41
3567,runs\models_9x9_scratch\checkpoints\cycle_0031.pt,runs\models_9x9_scratch\checkpoints\cycle_0061.pt,runs\models_9x9_scratch\checkpoints\cycle_0061.pt,runs\models_9x9_scratch\checkpoints\cycle_0031.pt,p1_win,0.0,41
3568,runs\models_9x9_scratch\checkpoints\cycle_0031.pt,runs\models_9x9_scratch\checkpoints\cycle_0061.pt,runs\models_9x9_scratch\checkpoints\cycle_0031.pt,runs\models_9x9_scratch\checkpoints\cycle_0061.pt,p2_win,0.0,44
3569,runs\models_9x9_scratch\checkpoints\cycle_0031.pt,runs\models_9x9_scratch\checkpoints\cycle_0061.pt,runs\models_9x9_scratch\checkpoints\cycle_0031.pt,runs\models_9x9_scratch\checkpoints\cycle_0061.pt,p2_win,0.0,42
3570,runs\models_9x9_scratch\checkpoints\cycle_0031.pt,runs\models_9x9_scratch\checkpoints\cycle_0061.pt,runs\models_9x9_scratch\checkpoints\cycle_0061.pt,runs\models_9x9_scratch\checkpoints\cycle_0031.pt,p1_win,0.0,41
3571,runs\models_9x9_scratch\checkpoints\cycle_0031.pt,runs\models_9x9_scratch\checkpoints\cycle_0061.pt,runs\models_9x9_scratch\checkpoints\cycle_0061.pt,runs\models_9x9_scratch\checkpoints\cycle_0031.pt,p1_win,0.0,41
3572,runs\models_9x9_scratch\checkpoints\cycle_0031.pt,runs\models_9x9_scratch\checkpoints\cycle_0061.pt,runs\models_9x9_scratch\checkpoints\cycle_0061.pt,runs\models_9x9_scratch\checkpoints\cycle_0031.pt,p1_win,0.0,41
3573,runs\models_9x9_scratch\checkpoints\cycle_0031.pt,runs\models_9x9_scratch\checkpoints\cycle_0061.pt,runs\models_9x9_scratch\checkpoints\cycle_0061.pt,runs\models_9x9_scratch\checkpoints\cycle_0031.pt,p1_win,0.0,41
3574,runs\models_9x9_scratch\checkpoints\cycle_0031.pt,runs\models_9x9_scratch\checkpoints\cycle_0061.pt,runs\models_9x9_scratch\checkpoints\cycle_0061.pt,runs\models_9x9_scratch\checkpoints\cycle_0031.pt,p1_win,0.0,41
3575,runs\models_9x9_scratch\checkpoints\cycle_0031.pt,runs\models_9x9_scratch\checkpoints\cycle_0061.pt,runs\models_9x9_scratch\checkpoints\cycle_0061.pt,runs\models_9x9_scratch\checkpoints\cycle_0031.pt,p1_win,0.0,43
3576,runs\models_9x9_scratch\checkpoints\cycle_0031.pt,runs\models_9x9_scratch\checkpoints\cycle_0061.pt,runs\models_9x9_scratch\checkpoints\cycle_0061.pt,runs\models_9x9_scratch\checkpoints\cycle_0031.pt,p1_win,0.0,41
3577,runs\models_9x9_scratch\checkpoints\cycle_0031.pt,runs\models_9x9_scratch\checkpoints\cycle_0061.pt,runs\models_9x9_scratch\checkpoints\cycle_0061.pt,runs\models_9x9_scratch\checkpoints\cycle_0031.pt,p1_win,0.0,41
3578,runs\models_9x9_scratch\checkpoints\cycle_0031.pt,runs\models_9x9_scratch\checkpoints\cycle_0061.pt,runs\models_9x9_scratch\checkpoints\cycle_0061.pt,runs\models_9x9_scratch\checkpoints\cycle_0031.pt,p1_win,0.0,41
3579,runs\models_9x9_scratch\checkpoints\cycle_0031.pt,runs\models_9x9_scratch\checkpoints\cycle_0061.pt,runs\models_9x9_scratch\checkpoints\cycle_0031.pt,runs\models_9x9_scratch\checkpoints\cycle_0061.pt,p2_win,0.0,42
3580,runs\models_9x9_scratch\checkpoints\cycle_0031.pt,runs\models_9x9_scratch\checkpoints\cycle_0061.pt,runs\models_9x9_scratch\checkpoints\cycle_0031.pt,runs\models_9x9_scratch\checkpoints\cycle_0061.pt,p2_win,0.0,44
3581,runs\models_9x9_scratch\checkpoints\cycle_0031.pt,runs\models_9x9_scratch\checkpoints\cycle_0061.pt,runs\models_9x9_scratch\checkpoints\cycle_0031.pt,runs\models_9x9_scratch\checkpoints\cycle_0061.pt,p2_win,0.0,44
3582,runs\models_9x9_scratch\checkpoints\cycle_0031.pt,runs\models_9x9_scratch\checkpoints\cycle_0061.pt,runs\models_9x9_scratch\checkpoints\cycle_0061.pt,runs\models_9x9_scratch\checkpoints\cycle_0031.pt,p1_win,0.0,43
3583,runs\models_9x9_scratch\checkpoints\cycle_0031.pt,runs\models_9x9_scratch\checkpoints\cycle_0061.pt,runs\models_9x9_scratch\checkpoints\cycle_0061.pt,runs\models_9x9_scratch\checkpoints\cycle_0031.pt,p1_win,0.0,45
3584,runs\models_9x9_scratch\checkpoints\cycle_0031.pt,runs\models_9x9_scratch\checkpoints\cycle_0061.pt,runs\models_9x9_scratch\checkpoints\cycle_0061.pt,runs\models_9x9_scratch\checkpoints\cycle_0031.pt,p1_win,0.0,43
3585,runs\models_9x9_scratch\checkpoints\cycle_0031.pt,runs\models_9x9_scratch\checkpoints\cycle_0061.pt,runs\models_9x9_scratch\checkpoints\cycle_0031.pt,runs\models_9x9_scratch\checkpoints\cycle_0061.pt,p2_win,0.0,44
3586,runs\models_9x9_scratch\checkpoints\cycle_0031.pt,runs\models_9x9_scratch\checkpoints\cycle_0061.pt,runs\models_9x9_scratch\checkpoints\cycle_0061.pt,runs\models_9x9_scratch\checkpoints\cycle_0031.pt,p1_win,0.0,43
3587,runs\models_9x9_scratch\checkpoints\cycle_0031.pt,runs\models_9x9_scratch\checkpoints\cycle_0061.pt,runs\models_9x9_scratch\checkpoints\cycle_0031.pt,runs\models_9x9_scratch\checkpoints\cycle_0061.pt,p2_win,0.0,42
3588,runs\models_9x9_scratch\checkpoints\cycle_0031.pt,runs\models_9x9_scratch\checkpoints\cycle_0061.pt,runs\models_9x9_scratch\checkpoints\cycle_0061.pt,runs\models_9x9_scratch\checkpoints\cycle_0031.pt,p1_win,0.0,43
3589,runs\models_9x9_scratch\checkpoints\cycle_0031.pt,runs\models_9x9_scratch\checkpoints\cycle_0061.pt,runs\models_9x9_scratch\checkpoints\cycle_0061.pt,runs\models_9x9_scratch\checkpoints\cycle_0031.pt,p1_win,0.0,43
3590,runs\models_9x9_scratch\checkpoints\cycle_0031.pt,runs\models_9x9_scratch\checkpoints\cycle_0061.pt,runs\models_9x9_scratch\checkpoints\cycle_0061.pt,runs\models_9x9_scratch\checkpoints\cycle_0031.pt,p1_win,0.0,43
3591,runs\models_9x9_scratch\checkpoints\cycle_0031.pt,runs\models_9x9_scratch\checkpoints\cycle_0061.pt,runs\models_9x9_scratch\checkpoints\cycle_0061.pt,runs\models_9x9_scratch\checkpoints\cycle_0031.pt,p1_win,0.0,43
3592,runs\models_9x9_scratch\checkpoints\cycle_0031.pt,runs\models_9x9_scratch\checkpoints\cycle_0061.pt,runs\models_9x9_scratch\checkpoints\cycle_0031.pt,runs\models_9x9_scratch\checkpoints\cycle_0061.pt,p2_win,0.0,44
3593,runs\models_9x9_scratch\checkpoints\cycle_0031.pt,runs\models_9x9_scratch\checkpoints\cycle_0061.pt,runs\models_9x9_scratch\checkpoints\cycle_0061.pt,runs\models_9x9_scratch\checkpoints\cycle_0031.pt,p1_win,0.0,43
3594,runs\models_9x9_scratch\checkpoints\cycle_0031.pt,runs\models_9x9_scratch\checkpoints\cycle_0061.pt,runs\models_9x9_scratch\checkpoints\cycle_0061.pt,runs\models_9x9_scratch\checkpoints\cycle_0031.pt,p1_win,0.0,43
3595,runs\models_9x9_scratch\checkpoints\cycle_0031.pt,runs\models_9x9_scratch\checkpoints\cycle_0061.pt,runs\models_9x9_scratch\checkpoints\cycle_0061.pt,runs\models_9x9_scratch\checkpoints\cycle_0031.pt,p1_win,0.0,43
3596,runs\models_9x9_scratch\checkpoints\cycle_0031.pt,runs\models_9x9_scratch\checkpoints\cycle_0061.pt,runs\models_9x9_scratch\checkpoints\cycle_0031.pt,runs\models_9x9_scratch\checkpoints\cycle_0061.pt,p2_win,0.0,46
3597,runs\models_9x9_scratch\checkpoints\cycle_0031.pt,runs\models_9x9_scratch\checkpoints\cycle_0061.pt,runs\models_9x9_scratch\checkpoints\cycle_0061.pt,runs\models_9x9_scratch\checkpoints\cycle_0031.pt,p1_win,0.0,43
3598,runs\models_9x9_scratch\checkpoints\cycle_0031.pt,runs\models_9x9_scratch\checkpoints\cycle_0061.pt,runs\models_9x9_scratch\checkpoints\cycle_0031.pt,runs\models_9x9_scratch\checkpoints\cycle_0061.pt,p2_win,0.0,44
3599,runs\models_9x9_scratch\checkpoints\cycle_0031.pt,runs\models_9x9_scratch\checkpoints\cycle_0061.pt,runs\models_9x9_scratch\checkpoints\cycle_0061.pt,runs\models_9x9_scratch\checkpoints\cycle_0031.pt,p1_win,0.0,43
3600,runs\models_9x9_scratch\checkpoints\cycle_0031.pt,runs\models_9x9_scratch\checkpoints\cycle_0061.pt,runs\models_9x9_scratch\checkpoints\cycle_0061.pt,runs\models_9x9_scratch\checkpoints\cycle_0031.pt,p1_win,0.0,43
3601,runs\models_9x9_scratch\checkpoints\cycle_0031.pt,runs\models_9x9_scratch\checkpoints\cycle_0061.pt,runs\models_9x9_scratch\checkpoints\cycle_0031.pt,runs\models_9x9_scratch\checkpoints\cycle_0061.pt,p2_win,0.0,46
3602,runs\models_9x9_scratch\checkpoints\cycle_0031.pt,runs\models_9x9_scratch\checkpoints\cycle_0061.pt,runs\models_9x9_scratch\checkpoints\cycle_0031.pt,runs\models_9x9_scratch\checkpoints\cycle_0061.pt,p2_win,0.0,44
3603,runs\models_9x9_scratch\checkpoints\cycle_0031.pt,runs\models_9x9_scratch\checkpoints\cycle_0061.pt,runs\models_9x9_scratch\checkpoints\cycle_0031.pt,runs\models_9x9_scratch\checkpoints\cycle_0061.pt,p2_win,0.0,46
3604,runs\models_9x9_scratch\checkpoints\cycle_0031.pt,runs\models_9x9_scratch\checkpoints\cycle_0061.pt,runs\models_9x9_scratch\checkpoints\cycle_0061.pt,runs\models_9x9_scratch\checkpoints\cycle_0031.pt,p1_win,0.0,45
3605,runs\models_9x9_scratch\checkpoints\cycle_0031.pt,runs\models_9x9_scratch\checkpoints\cycle_0061.pt,runs\models_9x9_scratch\checkpoints\cycle_0031.pt,runs\models_9x9_scratch\checkpoints\cycle_0061.pt,p2_win,0.0,44
3606,runs\models_9x9_scratch\checkpoints\cycle_0031.pt,runs\models_9x9_scratch\checkpoints\cycle_0061.pt,runs\models_9x9_scratch\checkpoints\cycle_0061.pt,runs\models_9x9_scratch\checkpoints\cycle_0031.pt,p1_win,0.0,45
3607,runs\models_9x9_scratch\checkpoints\cycle_0031.pt,runs\models_9x9_scratch\checkpoints\cycle_0061.pt,runs\models_9x9_scratch\checkpoints\cycle_0061.pt,runs\models_9x9_scratch\checkpoints\cycle_0031.pt,p1_win,0.0,47
3608,runs\models_9x9_scratch\checkpoints\cycle_0031.pt,runs\models_9x9_scratch\checkpoints\cycle_0061.pt,runs\models_9x9_scratch\checkpoints\cycle_0061.pt,runs\models_9x9_scratch\checkpoints\cycle_0031.pt,p1_win,0.0,45
3609,runs\models_9x9_scratch\checkpoints\cycle_0031.pt,runs\models_9x9_scratch\checkpoints\cycle_0061.pt,runs\models_9x9_scratch\checkpoints\cycle_0031.pt,runs\models_9x9_scratch\checkpoints\cycle_0061.pt,p2_win,0.0,46
3610,runs\models_9x9_scratch\checkpoints\cycle_0031.pt,runs\models_9x9_scratch\checkpoints\cycle_0061.pt,runs\models_9x9_scratch\checkpoints\cycle_0061.pt,runs\models_9x9_scratch\checkpoints\cycle_0031.pt,p1_win,0.0,45
3611,runs\models_9x9_scratch\checkpoints\cycle_0031.pt,runs\models_9x9_scratch\checkpoints\cycle_0061.pt,runs\models_9x9_scratch\checkpoints\cycle_0061.pt,runs\models_9x9_scratch\checkpoints\cycle_0031.pt,p1_win,0.0,45
3612,runs\models_9x9_scratch\checkpoints\cycle_0031.pt,runs\models_9x9_scratch\checkpoints\cycle_0061.pt,runs\models_9x9_scratch\checkpoints\cycle_0031.pt,runs\models_9x9_scratch\checkpoints\cycle_0061.pt,p2_win,0.0,44
3613,runs\models_9x9_scratch\checkpoints\cycle_0031.pt,runs\models_9x9_scratch\checkpoints\cycle_0061.pt,runs\models_9x9_scratch\checkpoints\cycle_0061.pt,runs\models_9x9_scratch\checkpoints\cycle_0031.pt,p1_win,0.0,45
3614,runs\models_9x9_scratch\checkpoints\cycle_0031.pt,runs\models_9x9_scratch\checkpoints\cycle_0061.pt,runs\models_9x9_scratch\checkpoints\cycle_0031.pt,runs\models_9x9_scratch\checkpoints\cycle_0061.pt,p2_win,0.0,48
3615,runs\models_9x9_scratch\checkpoints\cycle_0031.pt,runs\models_9x9_scratch\checkpoints\cycle_0061.pt,runs\models_9x9_scratch\checkpoints\cycle_0061.pt,runs\models_9x9_scratch\checkpoints\cycle_0031.pt,p1_win,0.0,45
3616,runs\models_9x9_scratch\checkpoints\cycle_0031.pt,runs\models_9x9_scratch\checkpoints\cycle_0061.pt,runs\models_9x9_scratch\checkpoints\cycle_0031.pt,runs\models_9x9_scratch\checkpoints\cycle_0061.pt,p2_win,0.0,44
3617,runs\models_9x9_scratch\checkpoints\cycle_0031.pt,runs\models_9x9_scratch\checkpoints\cycle_0061.pt,runs\models_9x9_scratch\checkpoints\cycle_0061.pt,runs\models_9x9_scratch\checkpoints\cycle_0031.pt,p1_win,0.0,45
3618,runs\models_9x9_scratch\checkpoints\cycle_0031.pt,runs\models_9x9_scratch\checkpoints\cycle_0061.pt,runs\models_9x9_scratch\checkpoints\cycle_0061.pt,runs\models_9x9_scratch\checkpoints\cycle_0031.pt,p1_win,0.0,45
3619,runs\models_9x9_scratch\checkpoints\cycle_0031.pt,runs\models_9x9_scratch\checkpoints\cycle_0061.pt,runs\models_9x9_scratch\checkpoints\cycle_0061.pt,runs\models_9x9_scratch\checkpoints\cycle_0031.pt,p1_win,0.0,47
3620,runs\models_9x9_scratch\checkpoints\cycle_0031.pt,runs\models_9x9_scratch\checkpoints\cycle_0061.pt,runs\models_9x9_scratch\checkpoints\cycle_0061.pt,runs\models_9x9_scratch\checkpoints\cycle_0031.pt,p1_win,0.0,47
3621,runs\models_9x9_scratch\checkpoints\cycle_0031.pt,runs\models_9x9_scratch\checkpoints\cycle_0061.pt,runs\models_9x9_scratch\checkpoints\cycle_0061.pt,runs\models_9x9_scratch\checkpoints\cycle_0031.pt,p1_win,0.0,45
3622,runs\models_9x9_scratch\checkpoints\cycle_0031.pt,runs\models_9x9_scratch\checkpoints\cycle_0061.pt,runs\models_9x9_scratch\checkpoints\cycle_0061.pt,runs\models_9x9_scratch\checkpoints\cycle_0031.pt,p1_win,0.0,45
3623,runs\models_9x9_scratch\checkpoints\cycle_0031.pt,runs\models_9x9_scratch\checkpoints\cycle_0061.pt,runs\models_9x9_scratch\checkpoints\cycle_0061.pt,runs\models_9x9_scratch\checkpoints\cycle_0031.pt,p1_win,0.0,45
3624,runs\models_9x9_scratch\checkpoints\cycle_0031.pt,runs\models_9x9_scratch\checkpoints\cycle_0061.pt,runs\models_9x9_scratch\checkpoints\cycle_0061.pt,runs\models_9x9_scratch\checkpoints\cycle_0031.pt,p1_win,0.0,45
3625,runs\models_9x9_scratch\checkpoints\cycle_0031.pt,runs\models_9x9_scratch\checkpoints\cycle_0061.pt,runs\models_9x9_scratch\checkpoints\cycle_0061.pt,runs\models_9x9_scratch\checkpoints\cycle_0031.pt,p1_win,0.0,45
3626,runs\models_9x9_scratch\checkpoints\cycle_0031.pt,runs\models_9x9_scratch\checkpoints\cycle_0061.pt,runs\models_9x9_scratch\checkpoints\cycle_0031.pt,runs\models_9x9_scratch\checkpoints\cycle_0061.pt,p2_win,0.0,50
3627,runs\models_9x9_scratch\checkpoints\cycle_0031.pt,runs\models_9x9_scratch\checkpoints\cycle_0061.pt,runs\models_9x9_scratch\checkpoints\cycle_0031.pt,runs\models_9x9_scratch\checkpoints\cycle_0061.pt,p2_win,0.0,46
3628,runs\models_9x9_scratch\checkpoints\cycle_0031.pt,runs\models_9x9_scratch\checkpoints\cycle_0061.pt,runs\models_9x9_scratch\checkpoints\cycle_0031.pt,runs\models_9x9_scratch\checkpoints\cycle_0061.pt,p2_win,0.0,46
3629,runs\models_9x9_scratch\checkpoints\cycle_0031.pt,runs\models_9x9_scratch\checkpoints\cycle_0061.pt,runs\models_9x9_scratch\checkpoints\cycle_0031.pt,runs\models_9x9_scratch\checkpoints\cycle_0061.pt,p2_win,0.0,48
3630,runs\models_9x9_scratch\checkpoints\cycle_0031.pt,runs\models_9x9_scratch\checkpoints\cycle_0061.pt,runs\models_9x9_scratch\checkpoints\cycle_0031.pt,runs\models_9x9_scratch\checkpoints\cycle_0061.pt,p2_win,0.0,46
3631,runs\models_9x9_scratch\checkpoints\cycle_0031.pt,runs\models_9x9_scratch\checkpoints\cycle_0061.pt,runs\models_9x9_scratch\checkpoints\cycle_0061.pt,runs\models_9x9_scratch\checkpoints\cycle_0031.pt,p1_win,0.0,47
3632,runs\models_9x9_scratch\checkpoints\cycle_0031.pt,runs\models_9x9_scratch\checkpoints\cycle_0061.pt,runs\models_9x9_scratch\checkpoints\cycle_0031.pt,runs\models_9x9_scratch\checkpoints\cycle_0061.pt,p2_win,0.0,48
3633,runs\models_9x9_scratch\checkpoints\cycle_0031.pt,runs\models_9x9_scratch\checkpoints\cycle_0061.pt,runs\models_9x9_scratch\checkpoints\cycle_0031.pt,runs\models_9x9_scratch\checkpoints\cycle_0061.pt,p2_win,0.0,46
3634,runs\models_9x9_scratch\checkpoints\cycle_0031.pt,runs\models_9x9_scratch\checkpoints\cycle_0061.pt,runs\models_9x9_scratch\checkpoints\cycle_0031.pt,runs\models_9x9_scratch\checkpoints\cycle_0061.pt,p2_win,0.0,48
3635,runs\models_9x9_scratch\checkpoints\cycle_0031.pt,runs\models_9x9_scratch\checkpoints\cycle_0061.pt,runs\models_9x9_scratch\checkpoints\cycle_0061.pt,runs\models_9x9_scratch\checkpoints\cycle_0031.pt,p1_win,0.0,45
3636,runs\models_9x9_scratch\checkpoints\cycle_0031.pt,runs\models_9x9_scratch\checkpoints\cycle_0061.pt,runs\models_9x9_scratch\checkpoints\cycle_0031.pt,runs\models_9x9_scratch\checkpoints\cycle_0061.pt,p2_win,0.0,52
3637,runs\models_9x9_scratch\checkpoints\cycle_0031.pt,runs\models_9x9_scratch\checkpoints\cycle_0061.pt,runs\models_9x9_scratch\checkpoints\cycle_0061.pt,runs\models_9x9_scratch\checkpoints\cycle_0031.pt,p1_win,0.0,47
3638,runs\models_9x9_scratch\checkpoints\cycle_0031.pt,runs\models_9x9_scratch\checkpoints\cycle_0061.pt,runs\models_9x9_scratch\checkpoints\cycle_0031.pt,runs\models_9x9_scratch\checkpoints\cycle_0061.pt,p2_win,0.0,48
3639,runs\models_9x9_scratch\checkpoints\cycle_0031.pt,runs\models_9x9_scratch\checkpoints\cycle_0061.pt,runs\models_9x9_scratch\checkpoints\cycle_0061.pt,runs\models_9x9_scratch\checkpoints\cycle_0031.pt,p1_win,0.0,47
3640,runs\models_9x9_scratch\checkpoints\cycle_0031.pt,runs\models_9x9_scratch\checkpoints\cycle_0061.pt,runs\models_9x9_scratch\checkpoints\cycle_0031.pt,runs\models_9x9_scratch\checkpoints\cycle_0061.pt,p2_win,0.0,48
3641,runs\models_9x9_scratch\checkpoints\cycle_0031.pt,runs\models_9x9_scratch\checkpoints\cycle_0061.pt,runs\models_9x9_scratch\checkpoints\cycle_0061.pt,runs\models_9x9_scratch\checkpoints\cycle_0031.pt,p1_win,0.0,47
3642,runs\models_9x9_scratch\checkpoints\cycle_0031.pt,runs\models_9x9_scratch\checkpoints\cycle_0061.pt,runs\models_9x9_scratch\checkpoints\cycle_0061.pt,runs\models_9x9_scratch\checkpoints\cycle_0031.pt,p1_win,0.0,47
3643,runs\models_9x9_scratch\checkpoints\cycle_0031.pt,runs\models_9x9_scratch\checkpoints\cycle_0061.pt,runs\models_9x9_scratch\checkpoints\cycle_0061.pt,runs\models_9x9_scratch\checkpoints\cycle_0031.pt,p1_win,0.0,47
3644,runs\models_9x9_scratch\checkpoints\cycle_0031.pt,runs\models_9x9_scratch\checkpoints\cycle_0061.pt,runs\models_9x9_scratch\checkpoints\cycle_0031.pt,runs\models_9x9_scratch\checkpoints\cycle_0061.pt,p2_win,0.0,48
3645,runs\models_9x9_scratch\checkpoints\cycle_0031.pt,runs\models_9x9_scratch\checkpoints\cycle_0061.pt,runs\models_9x9_scratch\checkpoints\cycle_0031.pt,runs\models_9x9_scratch\checkpoints\cycle_0061.pt,p2_win,0.0,48
3646,runs\models_9x9_scratch\checkpoints\cycle_0031.pt,runs\models_9x9_scratch\checkpoints\cycle_0061.pt,runs\models_9x9_scratch\checkpoints\cycle_0031.pt,runs\models_9x9_scratch\checkpoints\cycle_0061.pt,p2_win,0.0,50
3647,runs\models_9x9_scratch\checkpoints\cycle_0031.pt,runs\models_9x9_scratch\checkpoints\cycle_0061.pt,runs\models_9x9_scratch\checkpoints\cycle_0031.pt,runs\models_9x9_scratch\checkpoints\cycle_0061.pt,p2_win,0.0,50
3648,runs\models_9x9_scratch\checkpoints\cycle_0031.pt,runs\models_9x9_scratch\checkpoints\cycle_0061.pt,runs\models_9x9_scratch\checkpoints\cycle_0061.pt,runs\models_9x9_scratch\checkpoints\cycle_0031.pt,p1_win,0.0,47
3649,runs\models_9x9_scratch\checkpoints\cycle_0031.pt,runs\models_9x9_scratch\checkpoints\cycle_0061.pt,runs\models_9x9_scratch\checkpoints\cycle_0031.pt,runs\models_9x9_scratch\checkpoints\cycle_0061.pt,p2_win,0.0,48
3650,runs\models_9x9_scratch\checkpoints\cycle_0031.pt,runs\models_9x9_scratch\checkpoints\cycle_0061.pt,runs\models_9x9_scratch\checkpoints\cycle_0031.pt,runs\models_9x9_scratch\checkpoints\cycle_0061.pt,p2_win,0.0,48
3651,runs\models_9x9_scratch\checkpoints\cycle_0031.pt,runs\models_9x9_scratch\checkpoints\cycle_0061.pt,runs\models_9x9_scratch\checkpoints\cycle_0061.pt,runs\models_9x9_scratch\checkpoints\cycle_0031.pt,p1_win,0.0,47
3652,runs\models_9x9_scratch\checkpoints\cycle_0031.pt,runs\models_9x9_scratch\checkpoints\cycle_0061.pt,runs\models_9x9_scratch\checkpoints\cycle_0031.pt,runs\models_9x9_scratch\checkpoints\cycle_0061.pt,p2_win,0.0,48
3653,runs\models_9x9_scratch\checkpoints\cycle_0031.pt,runs\models_9x9_scratch\checkpoints\cycle_0061.pt,runs\models_9x9_scratch\checkpoints\cycle_0031.pt,runs\models_9x9_scratch\checkpoints\cycle_0061.pt,p2_win,0.0,48
3654,runs\models_9x9_scratch\checkpoints\cycle_0031.pt,runs\models_9x9_scratch\checkpoints\cycle_0061.pt,runs\models_9x9_scratch\checkpoints\cycle_0031.pt,runs\models_9x9_scratch\checkpoints\cycle_0061.pt,p2_win,0.0,50
3655,runs\models_9x9_scratch\checkpoints\cycle_0031.pt,runs\models_9x9_scratch\checkpoints\cycle_0061.pt,runs\models_9x9_scratch\checkpoints\cycle_0031.pt,runs\models_9x9_scratch\checkpoints\cycle_0061.pt,p2_win,0.0,48
3656,runs\models_9x9_scratch\checkpoints\cycle_0031.pt,runs\models_9x9_scratch\checkpoints\cycle_0061.pt,runs\models_9x9_scratch\checkpoints\cycle_0061.pt,runs\models_9x9_scratch\checkpoints\cycle_0031.pt,p1_win,0.0,49
3657,runs\models_9x9_scratch\checkpoints\cycle_0031.pt,runs\models_9x9_scratch\checkpoints\cycle_0061.pt,runs\models_9x9_scratch\checkpoints\cycle_0031.pt,runs\models_9x9_scratch\checkpoints\cycle_0061.pt,p2_win,0.0,48
3658,runs\models_9x9_scratch\checkpoints\cycle_0031.pt,runs\models_9x9_scratch\checkpoints\cycle_0061.pt,runs\models_9x9_scratch\checkpoints\cycle_0031.pt,runs\models_9x9_scratch\checkpoints\cycle_0061.pt,p2_win,0.0,52
3659,runs\models_9x9_scratch\checkpoints\cycle_0031.pt,runs\models_9x9_scratch\checkpoints\cycle_0061.pt,runs\models_9x9_scratch\checkpoints\cycle_0031.pt,runs\models_9x9_scratch\checkpoints\cycle_0061.pt,p2_win,0.0,50
3660,runs\models_9x9_scratch\checkpoints\cycle_0031.pt,runs\models_9x9_scratch\checkpoints\cycle_0061.pt,runs\models_9x9_scratch\checkpoints\cycle_0031.pt,runs\models_9x9_scratch\checkpoints\cycle_0061.pt,p2_win,0.0,52
3661,runs\models_9x9_scratch\checkpoints\cycle_0031.pt,runs\models_9x9_scratch\checkpoints\cycle_0061.pt,runs\models_9x9_scratch\checkpoints\cycle_0061.pt,runs\models_9x9_scratch\checkpoints\cycle_0031.pt,p1_win,0.0,49
3662,runs\models_9x9_scratch\checkpoints\cycle_0031.pt,runs\models_9x9_scratch\checkpoints\cycle_0061.pt,runs\models_9x9_scratch\checkpoints\cycle_0061.pt,runs\models_9x9_scratch\checkpoints\cycle_0031.pt,p1_win,0.0,51
3663,runs\models_9x9_scratch\checkpoints\cycle_0031.pt,runs\models_9x9_scratch\checkpoints\cycle_0061.pt,runs\models_9x9_scratch\checkpoints\cycle_0031.pt,runs\models_9x9_scratch\checkpoints\cycle_0061.pt,p2_win,0.0,48
3664,runs\models_9x9_scratch\checkpoints\cycle_0031.pt,runs\models_9x9_scratch\checkpoints\cycle_0061.pt,runs\models_9x9_scratch\checkpoints\cycle_0031.pt,runs\models_9x9_scratch\checkpoints\cycle_0061.pt,p2_win,0.0,48
3665,runs\models_9x9_scratch\checkpoints\cycle_0031.pt,runs\models_9x9_scratch\checkpoints\cycle_0061.pt,runs\models_9x9_scratch\checkpoints\cycle_0061.pt,runs\models_9x9_scratch\checkpoints\cycle_0031.pt,p1_win,0.0,51
3666,runs\models_9x9_scratch\checkpoints\cycle_0031.pt,runs\models_9x9_scratch\checkpoints\cycle_0061.pt,runs\models_9x9_scratch\checkpoints\cycle_0061.pt,runs\models_9x9_scratch\checkpoints\cycle_0031.pt,p1_win,0.0,49
3667,runs\models_9x9_scratch\checkpoints\cycle_0031.pt,runs\models_9x9_scratch\checkpoints\cycle_0061.pt,runs\models_9x9_scratch\checkpoints\cycle_0061.pt,runs\models_9x9_scratch\checkpoints\cycle_0031.pt,p1_win,0.0,49
3668,runs\models_9x9_scratch\checkpoints\cycle_0031.pt,runs\models_9x9_scratch\checkpoints\cycle_0061.pt,runs\models_9x9_scratch\checkpoints\cycle_0031.pt,runs\models_9x9_scratch\checkpoints\cycle_0061.pt,p2_win,0.0,50
3669,runs\models_9x9_scratch\checkpoints\cycle_0031.pt,runs\models_9x9_scratch\checkpoints\cycle_0061.pt,runs\models_9x9_scratch\checkpoints\cycle_0061.pt,runs\models_9x9_scratch\checkpoints\cycle_0031.pt,p1_win,0.0,49
3670,runs\models_9x9_scratch\checkpoints\cycle_0031.pt,runs\models_9x9_scratch\checkpoints\cycle_0061.pt,runs\models_9x9_scratch\checkpoints\cycle_0061.pt,runs\models_9x9_scratch\checkpoints\cycle_0031.pt,p1_win,0.0,49
3671,runs\models_9x9_scratch\checkpoints\cycle_0031.pt,runs\models_9x9_scratch\checkpoints\cycle_0061.pt,runs\models_9x9_scratch\checkpoints\cycle_0031.pt,runs\models_9x9_scratch\checkpoints\cycle_0061.pt,p2_win,0.0,48
3672,runs\models_9x9_scratch\checkpoints\cycle_0031.pt,runs\models_9x9_scratch\checkpoints\cycle_0061.pt,runs\models_9x9_scratch\checkpoints\cycle_0061.pt,runs\models_9x9_scratch\checkpoints\cycle_0031.pt,p1_win,0.0,49
3673,runs\models_9x9_scratch\checkpoints\cycle_0031.pt,runs\models_9x9_scratch\checkpoints\cycle_0061.pt,runs\models_9x9_scratch\checkpoints\cycle_0061.pt,runs\models_9x9_scratch\checkpoints\cycle_0031.pt,p1_win,0.0,49
3674,runs\models_9x9_scratch\checkpoints\cycle_0031.pt,runs\models_9x9_scratch\checkpoints\cycle_0061.pt,runs\models_9x9_scratch\checkpoints\cycle_0031.pt,runs\models_9x9_scratch\checkpoints\cycle_0061.pt,p2_win,0.0,54
3675,runs\models_9x9_scratch\checkpoints\cycle_0031.pt,runs\models_9x9_scratch\checkpoints\cycle_0061.pt,runs\models_9x9_scratch\checkpoints\cycle_0061.pt,runs\models_9x9_scratch\checkpoints\cycle_0031.pt,p1_win,0.0,49
3676,runs\models_9x9_scratch\checkpoints\cycle_0031.pt,runs\models_9x9_scratch\checkpoints\cycle_0061.pt,runs\models_9x9_scratch\checkpoints\cycle_0031.pt,runs\models_9x9_scratch\checkpoints\cycle_0061.pt,p2_win,0.0,48
3677,runs\models_9x9_scratch\checkpoints\cycle_0031.pt,runs\models_9x9_scratch\checkpoints\cycle_0061.pt,runs\models_9x9_scratch\checkpoints\cycle_0031.pt,runs\models_9x9_scratch\checkpoints\cycle_0061.pt,p2_win,0.0,48
3678,runs\models_9x9_scratch\checkpoints\cycle_0031.pt,runs\models_9x9_scratch\checkpoints\cycle_0061.pt,runs\models_9x9_scratch\checkpoints\cycle_0031.pt,runs\models_9x9_scratch\checkpoints\cycle_0061.pt,p2_win,0.0,50
3679,runs\models_9x9_scratch\checkpoints\cycle_0031.pt,runs\models_9x9_scratch\checkpoints\cycle_0061.pt,runs\models_9x9_scratch\checkpoints\cycle_0061.pt,runs\models_9x9_scratch\checkpoints\cycle_0031.pt,p1_win,0.0,49
3680,runs\models_9x9_scratch\checkpoints\cycle_0031.pt,runs\models_9x9_scratch\checkpoints\cycle_0061.pt,runs\models_9x9_scratch\checkpoints\cycle_0061.pt,runs\models_9x9_scratch\checkpoints\cycle_0031.pt,p1_win,0.0,49
3681,runs\models_9x9_scratch\checkpoints\cycle_0031.pt,runs\models_9x9_scratch\checkpoints\cycle_0061.pt,runs\models_9x9_scratch\checkpoints\cycle_0061.pt,runs\models_9x9_scratch\checkpoints\cycle_0031.pt,p1_win,0.0,49
3682,runs\models_9x9_scratch\checkpoints\cycle_0031.pt,runs\models_9x9_scratch\checkpoints\cycle_0061.pt,runs\models_9x9_scratch\checkpoints\cycle_0031.pt,runs\models_9x9_scratch\checkpoints\cycle_0061.pt,p2_win,0.0,54
3683,runs\models_9x9_scratch\checkpoints\cycle_0031.pt,runs\models_9x9_scratch\checkpoints\cycle_0061.pt,runs\models_9x9_scratch\checkpoints\cycle_0061.pt,runs\models_9x9_scratch\checkpoints\cycle_0031.pt,p1_win,0.0,53
3684,runs\models_9x9_scratch\checkpoints\cycle_0031.pt,runs\models_9x9_scratch\checkpoints\cycle_0061.pt,runs\models_9x9_scratch\checkpoints\cycle_0031.pt,runs\models_9x9_scratch\checkpoints\cycle_0061.pt,p2_win,0.0,48
3685,runs\models_9x9_scratch\checkpoints\cycle_0031.pt,runs\models_9x9_scratch\checkpoints\cycle_0061.pt,runs\models_9x9_scratch\checkpoints\cycle_0031.pt,runs\models_9x9_scratch\checkpoints\cycle_0061.pt,p2_win,0.0,50
3686,runs\models_9x9_scratch\checkpoints\cycle_0031.pt,runs\models_9x9_scratch\checkpoints\cycle_0061.pt,runs\models_9x9_scratch\checkpoints\cycle_0031.pt,runs\models_9x9_scratch\checkpoints\cycle_0061.pt,p1_win,1.0,51
3687,runs\models_9x9_scratch\checkpoints\cycle_0031.pt,runs\models_9x9_scratch\checkpoints\cycle_0061.pt,runs\models_9x9_scratch\checkpoints\cycle_0031.pt,runs\models_9x9_scratch\checkpoints\cycle_0061.pt,p2_win,0.0,50
3688,runs\models_9x9_scratch\checkpoints\cycle_0031.pt,runs\models_9x9_scratch\checkpoints\cycle_0061.pt,runs\models_9x9_scratch\checkpoints\cycle_0031.pt,runs\models_9x9_scratch\checkpoints\cycle_0061.pt,p2_win,0.0,50
3689,runs\models_9x9_scratch\checkpoints\cycle_0031.pt,runs\models_9x9_scratch\checkpoints\cycle_0061.pt,runs\models_9x9_scratch\checkpoints\cycle_0061.pt,runs\models_9x9_scratch\checkpoints\cycle_0031.pt,p1_win,0.0,51
3690,runs\models_9x9_scratch\checkpoints\cycle_0031.pt,runs\models_9x9_scratch\checkpoints\cycle_0061.pt,runs\models_9x9_scratch\checkpoints\cycle_0031.pt,runs\models_9x9_scratch\checkpoints\cycle_0061.pt,p2_win,0.0,50
3691,runs\models_9x9_scratch\checkpoints\cycle_0031.pt,runs\models_9x9_scratch\checkpoints\cycle_0061.pt,runs\models_9x9_scratch\checkpoints\cycle_0031.pt,runs\models_9x9_scratch\checkpoints\cycle_0061.pt,p2_win,0.0,50
3692,runs\models_9x9_scratch\checkpoints\cycle_0031.pt,runs\models_9x9_scratch\checkpoints\cycle_0061.pt,runs\models_9x9_scratch\checkpoints\cycle_0031.pt,runs\models_9x9_scratch\checkpoints\cycle_0061.pt,p2_win,0.0,56
3693,runs\models_9x9_scratch\checkpoints\cycle_0031.pt,runs\models_9x9_scratch\checkpoints\cycle_0061.pt,runs\models_9x9_scratch\checkpoints\cycle_0061.pt,runs\models_9x9_scratch\checkpoints\cycle_0031.pt,p1_win,0.0,49
3694,runs\models_9x9_scratch\checkpoints\cycle_0031.pt,runs\models_9x9_scratch\checkpoints\cycle_0061.pt,runs\models_9x9_scratch\checkpoints\cycle_0031.pt,runs\models_9x9_scratch\checkpoints\cycle_0061.pt,p2_win,0.0,50
3695,runs\models_9x9_scratch\checkpoints\cycle_0031.pt,runs\models_9x9_scratch\checkpoints\cycle_0061.pt,runs\models_9x9_scratch\checkpoints\cycle_0061.pt,runs\models_9x9_scratch\checkpoints\cycle_0031.pt,p1_win,0.0,53
3696,runs\models_9x9_scratch\checkpoints\cycle_0031.pt,runs\models_9x9_scratch\checkpoints\cycle_0061.pt,runs\models_9x9_scratch\checkpoints\cycle_0061.pt,runs\models_9x9_scratch\checkpoints\cycle_0031.pt,p1_win,0.0,51
3697,runs\models_9x9_scratch\checkpoints\cycle_0031.pt,runs\models_9x9_scratch\checkpoints\cycle_0061.pt,runs\models_9x9_scratch\checkpoints\cycle_0061.pt,runs\models_9x9_scratch\checkpoints\cycle_0031.pt,p1_win,0.0,51
3698,runs\models_9x9_scratch\checkpoints\cycle_0031.pt,runs\models_9x9_scratch\checkpoints\cycle_0061.pt,runs\models_9x9_scratch\checkpoints\cycle_0061.pt,runs\models_9x9_scratch\checkpoints\cycle_0031.pt,p1_win,0.0,51
3699,runs\models_9x9_scratch\checkpoints\cycle_0031.pt,runs\models_9x9_scratch\checkpoints\cycle_0061.pt,runs\models_9x9_scratch\checkpoints\cycle_0031.pt,runs\models_9x9_scratch\checkpoints\cycle_0061.pt,p2_win,0.0,52
3700,runs\models_9x9_scratch\checkpoints\cycle_0031.pt,runs\models_9x9_scratch\checkpoints\cycle_0061.pt,runs\models_9x9_scratch\checkpoints\cycle_0061.pt,runs\models_9x9_scratch\checkpoints\cycle_0031.pt,p1_win,0.0,53
3701,runs\models_9x9_scratch\checkpoints\cycle_0031.pt,runs\models_9x9_scratch\checkpoints\cycle_0061.pt,runs\models_9x9_scratch\checkpoints\cycle_0061.pt,runs\models_9x9_scratch\checkpoints\cycle_0031.pt,p1_win,0.0,51
3702,runs\models_9x9_scratch\checkpoints\cycle_0031.pt,runs\models_9x9_scratch\checkpoints\cycle_0061.pt,runs\models_9x9_scratch\checkpoints\cycle_0031.pt,runs\models_9x9_scratch\checkpoints\cycle_0061.pt,p2_win,0.0,52
3703,runs\models_9x9_scratch\checkpoints\cycle_0031.pt,runs\models_9x9_scratch\checkpoints\cycle_0061.pt,runs\models_9x9_scratch\checkpoints\cycle_0061.pt,runs\models_9x9_scratch\checkpoints\cycle_0031.pt,p1_win,0.0,51
3704,runs\models_9x9_scratch\checkpoints\cycle_0031.pt,runs\models_9x9_scratch\checkpoints\cycle_0061.pt,runs\models_9x9_scratch\checkpoints\cycle_0061.pt,runs\models_9x9_scratch\checkpoints\cycle_0031.pt,p1_win,0.0,51
3705,runs\models_9x9_scratch\checkpoints\cycle_0031.pt,runs\models_9x9_scratch\checkpoints\cycle_0061.pt,runs\models_9x9_scratch\checkpoints\cycle_0031.pt,runs\models_9x9_scratch\checkpoints\cycle_0061.pt,p2_win,0.0,54
3706,runs\models_9x9_scratch\checkpoints\cycle_0031.pt,runs\models_9x9_scratch\checkpoints\cycle_0061.pt,runs\models_9x9_scratch\checkpoints\cycle_0031.pt,runs\models_9x9_scratch\checkpoints\cycle_0061.pt,p2_win,0.0,50
3707,runs\models_9x9_scratch\checkpoints\cycle_0031.pt,runs\models_9x9_scratch\checkpoints\cycle_0061.pt,runs\models_9x9_scratch\checkpoints\cycle_0061.pt,runs\models_9x9_scratch\checkpoints\cycle_0031.pt,p1_win,0.0,51
3708,runs\models_9x9_scratch\checkpoints\cycle_0031.pt,runs\models_9x9_scratch\checkpoints\cycle_0061.pt,runs\models_9x9_scratch\checkpoints\cycle_0061.pt,runs\models_9x9_scratch\checkpoints\cycle_0031.pt,p1_win,0.0,51
3709,runs\models_9x9_scratch\checkpoints\cycle_0031.pt,runs\models_9x9_scratch\checkpoints\cycle_0061.pt,runs\models_9x9_scratch\checkpoints\cycle_0031.pt,runs\models_9x9_scratch\checkpoints\cycle_0061.pt,p2_win,0.0,54
3710,runs\models_9x9_scratch\checkpoints\cycle_0031.pt,runs\models_9x9_scratch\checkpoints\cycle_0061.pt,runs\models_9x9_scratch\checkpoints\cycle_0061.pt,runs\models_9x9_scratch\checkpoints\cycle_0031.pt,p1_win,0.0,51
3711,runs\models_9x9_scratch\checkpoints\cycle_0031.pt,runs\models_9x9_scratch\checkpoints\cycle_0061.pt,runs\models_9x9_scratch\checkpoints\cycle_0031.pt,runs\models_9x9_scratch\checkpoints\cycle_0061.pt,p2_win,0.0,52
3712,runs\models_9x9_scratch\checkpoints\cycle_0031.pt,runs\models_9x9_scratch\checkpoints\cycle_0061.pt,runs\models_9x9_scratch\checkpoints\cycle_0031.pt,runs\models_9x9_scratch\checkpoints\cycle_0061.pt,p2_win,0.0,52
3713,runs\models_9x9_scratch\checkpoints\cycle_0031.pt,runs\models_9x9_scratch\checkpoints\cycle_0061.pt,runs\models_9x9_scratch\checkpoints\cycle_0061.pt,runs\models_9x9_scratch\checkpoints\cycle_0031.pt,p1_win,0.0,51
3714,runs\models_9x9_scratch\checkpoints\cycle_0031.pt,runs\models_9x9_scratch\checkpoints\cycle_0061.pt,runs\models_9x9_scratch\checkpoints\cycle_0061.pt,runs\models_9x9_scratch\checkpoints\cycle_0031.pt,p1_win,0.0,51
3715,runs\models_9x9_scratch\checkpoints\cycle_0031.pt,runs\models_9x9_scratch\checkpoints\cycle_0061.pt,runs\models_9x9_scratch\checkpoints\cycle_0061.pt,runs\models_9x9_scratch\checkpoints\cycle_0031.pt,p1_win,0.0,51
3716,runs\models_9x9_scratch\checkpoints\cycle_0031.pt,runs\models_9x9_scratch\checkpoints\cycle_0061.pt,runs\models_9x9_scratch\checkpoints\cycle_0031.pt,runs\models_9x9_scratch\checkpoints\cycle_0061.pt,p2_win,0.0,50
3717,runs\models_9x9_scratch\checkpoints\cycle_0031.pt,runs\models_9x9_scratch\checkpoints\cycle_0061.pt,runs\models_9x9_scratch\checkpoints\cycle_0061.pt,runs\models_9x9_scratch\checkpoints\cycle_0031.pt,p1_win,0.0,53
3718,runs\models_9x9_scratch\checkpoints\cycle_0031.pt,runs\models_9x9_scratch\checkpoints\cycle_0061.pt,runs\models_9x9_scratch\checkpoints\cycle_0061.pt,runs\models_9x9_scratch\checkpoints\cycle_0031.pt,p1_win,0.0,51
3719,runs\models_9x9_scratch\checkpoints\cycle_0031.pt,runs\models_9x9_scratch\checkpoints\cycle_0061.pt,runs\models_9x9_scratch\checkpoints\cycle_0061.pt,runs\models_9x9_scratch\checkpoints\cycle_0031.pt,p1_win,0.0,51
3720,runs\models_9x9_scratch\checkpoints\cycle_0031.pt,runs\models_9x9_scratch\checkpoints\cycle_0061.pt,runs\models_9x9_scratch\checkpoints\cycle_0061.pt,runs\models_9x9_scratch\checkpoints\cycle_0031.pt,p1_win,0.0,51
3721,runs\models_9x9_scratch\checkpoints\cycle_0031.pt,runs\models_9x9_scratch\checkpoints\cycle_0061.pt,runs\models_9x9_scratch\checkpoints\cycle_0061.pt,runs\models_9x9_scratch\checkpoints\cycle_0031.pt,p1_win,0.0,51
3722,runs\models_9x9_scratch\checkpoints\cycle_0031.pt,runs\models_9x9_scratch\checkpoints\cycle_0061.pt,runs\models_9x9_scratch\checkpoints\cycle_0061.pt,runs\models_9x9_scratch\checkpoints\cycle_0031.pt,p1_win,0.0,51
3723,runs\models_9x9_scratch\checkpoints\cycle_0031.pt,runs\models_9x9_scratch\checkpoints\cycle_0061.pt,runs\models_9x9_scratch\checkpoints\cycle_0061.pt,runs\models_9x9_scratch\checkpoints\cycle_0031.pt,p1_win,0.0,51
3724,runs\models_9x9_scratch\checkpoints\cycle_0031.pt,runs\models_9x9_scratch\checkpoints\cycle_0061.pt,runs\models_9x9_scratch\checkpoints\cycle_0031.pt,runs\models_9x9_scratch\checkpoints\cycle_0061.pt,p2_win,0.0,54
3725,runs\models_9x9_scratch\checkpoints\cycle_0031.pt,runs\models_9x9_scratch\checkpoints\cycle_0061.pt,runs\models_9x9_scratch\checkpoints\cycle_0031.pt,runs\models_9x9_scratch\checkpoints\cycle_0061.pt,p1_win,1.0,57
3726,runs\models_9x9_scratch\checkpoints\cycle_0031.pt,runs\models_9x9_scratch\checkpoints\cycle_0061.pt,runs\models_9x9_scratch\checkpoints\cycle_0061.pt,runs\models_9x9_scratch\checkpoints\cycle_0031.pt,p1_win,0.0,51
3727,runs\models_9x9_scratch\checkpoints\cycle_0031.pt,runs\models_9x9_scratch\checkpoints\cycle_0061.pt,runs\models_9x9_scratch\checkpoints\cycle_0061.pt,runs\models_9x9_scratch\checkpoints\cycle_0031.pt,p1_win,0.0,53
3728,runs\models_9x9_scratch\checkpoints\cycle_0031.pt,runs\models_9x9_scratch\checkpoints\cycle_0061.pt,runs\models_9x9_scratch\checkpoints\cycle_0061.pt,runs\models_9x9_scratch\checkpoints\cycle_0031.pt,p1_win,0.0,53
3729,runs\models_9x9_scratch\checkpoints\cycle_0031.pt,runs\models_9x9_scratch\checkpoints\cycle_0061.pt,runs\models_9x9_scratch\checkpoints\cycle_0031.pt,runs\models_9x9_scratch\checkpoints\cycle_0061.pt,p2_win,0.0,56
3730,runs\models_9x9_scratch\checkpoints\cycle_0031.pt,runs\models_9x9_scratch\checkpoints\cycle_0061.pt,runs\models_9x9_scratch\checkpoints\cycle_0061.pt,runs\models_9x9_scratch\checkpoints\cycle_0031.pt,p1_win,0.0,57
3731,runs\models_9x9_scratch\checkpoints\cycle_0031.pt,runs\models_9x9_scratch\checkpoints\cycle_0061.pt,runs\models_9x9_scratch\checkpoints\cycle_0061.pt,runs\models_9x9_scratch\checkpoints\cycle_0031.pt,p1_win,0.0,53
3732,runs\models_9x9_scratch\checkpoints\cycle_0031.pt,runs\models_9x9_scratch\checkpoints\cycle_0061.pt,runs\models_9x9_scratch\checkpoints\cycle_0031.pt,runs\models_9x9_scratch\checkpoints\cycle_0061.pt,p2_win,0.0,54
3733,runs\models_9x9_scratch\checkpoints\cycle_0031.pt,runs\models_9x9_scratch\checkpoints\cycle_0061.pt,runs\models_9x9_scratch\checkpoints\cycle_0031.pt,runs\models_9x9_scratch\checkpoints\cycle_0061.pt,p2_win,0.0,52
3734,runs\models_9x9_scratch\checkpoints\cycle_0031.pt,runs\models_9x9_scratch\checkpoints\cycle_0061.pt,runs\models_9x9_scratch\checkpoints\cycle_0061.pt,runs\models_9x9_scratch\checkpoints\cycle_0031.pt,p1_win,0.0,53
3735,runs\models_9x9_scratch\checkpoints\cycle_0031.pt,runs\models_9x9_scratch\checkpoints\cycle_0061.pt,runs\models_9x9_scratch\checkpoints\cycle_0031.pt,runs\models_9x9_scratch\checkpoints\cycle_0061.pt,p2_win,0.0,52
3736,runs\models_9x9_scratch\checkpoints\cycle_0031.pt,runs\models_9x9_scratch\checkpoints\cycle_0061.pt,runs\models_9x9_scratch\checkpoints\cycle_0061.pt,runs\models_9x9_scratch\checkpoints\cycle_0031.pt,p1_win,0.0,53
3737,runs\models_9x9_scratch\checkpoints\cycle_0031.pt,runs\models_9x9_scratch\checkpoints\cycle_0061.pt,runs\models_9x9_scratch\checkpoints\cycle_0061.pt,runs\models_9x9_scratch\checkpoints\cycle_0031.pt,p1_win,0.0,53
3738,runs\models_9x9_scratch\checkpoints\cycle_0031.pt,runs\models_9x9_scratch\checkpoints\cycle_0061.pt,runs\models_9x9_scratch\checkpoints\cycle_0031.pt,runs\models_9x9_scratch\checkpoints\cycle_0061.pt,p1_win,1.0,61
3739,runs\models_9x9_scratch\checkpoints\cycle_0031.pt,runs\models_9x9_scratch\checkpoints\cycle_0061.pt,runs\models_9x9_scratch\checkpoints\cycle_0031.pt,runs\models_9x9_scratch\checkpoints\cycle_0061.pt,p2_win,0.0,60
3740,runs\models_9x9_scratch\checkpoints\cycle_0031.pt,runs\models_9x9_scratch\checkpoints\cycle_0061.pt,runs\models_9x9_scratch\checkpoints\cycle_0031.pt,runs\models_9x9_scratch\checkpoints\cycle_0061.pt,p2_win,0.0,54
3741,runs\models_9x9_scratch\checkpoints\cycle_0031.pt,runs\models_9x9_scratch\checkpoints\cycle_0061.pt,runs\models_9x9_scratch\checkpoints\cycle_0031.pt,runs\models_9x9_scratch\checkpoints\cycle_0061.pt,p2_win,0.0,54
3742,runs\models_9x9_scratch\checkpoints\cycle_0031.pt,runs\models_9x9_scratch\checkpoints\cycle_0061.pt,runs\models_9x9_scratch\checkpoints\cycle_0061.pt,runs\models_9x9_scratch\checkpoints\cycle_0031.pt,p1_win,0.0,53
3743,runs\models_9x9_scratch\checkpoints\cycle_0031.pt,runs\models_9x9_scratch\checkpoints\cycle_0061.pt,runs\models_9x9_scratch\checkpoints\cycle_0031.pt,runs\models_9x9_scratch\checkpoints\cycle_0061.pt,p2_win,0.0,54
3744,runs\models_9x9_scratch\checkpoints\cycle_0031.pt,runs\models_9x9_scratch\checkpoints\cycle_0061.pt,runs\models_9x9_scratch\checkpoints\cycle_0031.pt,runs\models_9x9_scratch\checkpoints\cycle_0061.pt,p2_win,0.0,54
3745,runs\models_9x9_scratch\checkpoints\cycle_0031.pt,runs\models_9x9_scratch\checkpoints\cycle_0061.pt,runs\models_9x9_scratch\checkpoints\cycle_0031.pt,runs\models_9x9_scratch\checkpoints\cycle_0061.pt,p2_win,0.0,58
3746,runs\models_9x9_scratch\checkpoints\cycle_0031.pt,runs\models_9x9_scratch\checkpoints\cycle_0061.pt,runs\models_9x9_scratch\checkpoints\cycle_0061.pt,runs\models_9x9_scratch\checkpoints\cycle_0031.pt,p1_win,0.0,53
3747,runs\models_9x9_scratch\checkpoints\cycle_0031.pt,runs\models_9x9_scratch\checkpoints\cycle_0061.pt,runs\models_9x9_scratch\checkpoints\cycle_0031.pt,runs\models_9x9_scratch\checkpoints\cycle_0061.pt,p2_win,0.0,54
3748,runs\models_9x9_scratch\checkpoints\cycle_0031.pt,runs\models_9x9_scratch\checkpoints\cycle_0061.pt,runs\models_9x9_scratch\checkpoints\cycle_0061.pt,runs\models_9x9_scratch\checkpoints\cycle_0031.pt,p1_win,0.0,53
3749,runs\models_9x9_scratch\checkpoints\cycle_0031.pt,runs\models_9x9_scratch\checkpoints\cycle_0061.pt,runs\models_9x9_scratch\checkpoints\cycle_0031.pt,runs\models_9x9_scratch\checkpoints\cycle_0061.pt,p2_win,0.0,56
3750,runs\models_9x9_scratch\checkpoints\cycle_0031.pt,runs\models_9x9_scratch\checkpoints\cycle_0061.pt,runs\models_9x9_scratch\checkpoints\cycle_0031.pt,runs\models_9x9_scratch\checkpoints\cycle_0061.pt,p2_win,0.0,58
3751,runs\models_9x9_scratch\checkpoints\cycle_0031.pt,runs\models_9x9_scratch\checkpoints\cycle_0061.pt,runs\models_9x9_scratch\checkpoints\cycle_0061.pt,runs\models_9x9_scratch\checkpoints\cycle_0031.pt,p1_win,0.0,53
3752,runs\models_9x9_scratch\checkpoints\cycle_0031.pt,runs\models_9x9_scratch\checkpoints\cycle_0061.pt,runs\models_9x9_scratch\checkpoints\cycle_0031.pt,runs\models_9x9_scratch\checkpoints\cycle_0061.pt,p2_win,0.0,56
3753,runs\models_9x9_scratch\checkpoints\cycle_0031.pt,runs\models_9x9_scratch\checkpoints\cycle_0061.pt,runs\models_9x9_scratch\checkpoints\cycle_0061.pt,runs\models_9x9_scratch\checkpoints\cycle_0031.pt,p1_win,0.0,57
3754,runs\models_9x9_scratch\checkpoints\cycle_0031.pt,runs\models_9x9_scratch\checkpoints\cycle_0061.pt,runs\models_9x9_scratch\checkpoints\cycle_0061.pt,runs\models_9x9_scratch\checkpoints\cycle_0031.pt,p1_win,0.0,55
3755,runs\models_9x9_scratch\checkpoints\cycle_0031.pt,runs\models_9x9_scratch\checkpoints\cycle_0061.pt,runs\models_9x9_scratch\checkpoints\cycle_0031.pt,runs\models_9x9_scratch\checkpoints\cycle_0061.pt,p2_win,0.0,52
3756,runs\models_9x9_scratch\checkpoints\cycle_0031.pt,runs\models_9x9_scratch\checkpoints\cycle_0061.pt,runs\models_9x9_scratch\checkpoints\cycle_0031.pt,runs\models_9x9_scratch\checkpoints\cycle_0061.pt,p2_win,0.0,56
3757,runs\models_9x9_scratch\checkpoints\cycle_0031.pt,runs\models_9x9_scratch\checkpoints\cycle_0061.pt,runs\models_9x9_scratch\checkpoints\cycle_0061.pt,runs\models_9x9_scratch\checkpoints\cycle_0031.pt,p1_win,0.0,53
3758,runs\models_9x9_scratch\checkpoints\cycle_0031.pt,runs\models_9x9_scratch\checkpoints\cycle_0061.pt,runs\models_9x9_scratch\checkpoints\cycle_0031.pt,runs\models_9x9_scratch\checkpoints\cycle_0061.pt,p2_win,0.0,58
3759,runs\models_9x9_scratch\checkpoints\cycle_0031.pt,runs\models_9x9_scratch\checkpoints\cycle_0061.pt,runs\models_9x9_scratch\checkpoints\cycle_0031.pt,runs\models_9x9_scratch\checkpoints\cycle_0061.pt,p2_win,0.0,56
3760,runs\models_9x9_scratch\checkpoints\cycle_0031.pt,runs\models_9x9_scratch\checkpoints\cycle_0061.pt,runs\models_9x9_scratch\checkpoints\cycle_0031.pt,runs\models_9x9_scratch\checkpoints\cycle_0061.pt,p2_win,0.0,56
3761,runs\models_9x9_scratch\checkpoints\cycle_0031.pt,runs\models_9x9_scratch\checkpoints\cycle_0061.pt,runs\models_9x9_scratch\checkpoints\cycle_0061.pt,runs\models_9x9_scratch\checkpoints\cycle_0031.pt,p1_win,0.0,55
3762,runs\models_9x9_scratch\checkpoints\cycle_0031.pt,runs\models_9x9_scratch\checkpoints\cycle_0061.pt,runs\models_9x9_scratch\checkpoints\cycle_0031.pt,runs\models_9x9_scratch\checkpoints\cycle_0061.pt,p2_win,0.0,56
3763,runs\models_9x9_scratch\checkpoints\cycle_0031.pt,runs\models_9x9_scratch\checkpoints\cycle_0061.pt,runs\models_9x9_scratch\checkpoints\cycle_0031.pt,runs\models_9x9_scratch\checkpoints\cycle_0061.pt,p2_win,0.0,54
3764,runs\models_9x9_scratch\checkpoints\cycle_0031.pt,runs\models_9x9_scratch\checkpoints\cycle_0061.pt,runs\models_9x9_scratch\checkpoints\cycle_0061.pt,runs\models_9x9_scratch\checkpoints\cycle_0031.pt,p1_win,0.0,55
3765,runs\models_9x9_scratch\checkpoints\cycle_0031.pt,runs\models_9x9_scratch\checkpoints\cycle_0061.pt,runs\models_9x9_scratch\checkpoints\cycle_0031.pt,runs\models_9x9_scratch\checkpoints\cycle_0061.pt,p2_win,0.0,54
3766,runs\models_9x9_scratch\checkpoints\cycle_0031.pt,runs\models_9x9_scratch\checkpoints\cycle_0061.pt,runs\models_9x9_scratch\checkpoints\cycle_0031.pt,runs\models_9x9_scratch\checkpoints\cycle_0061.pt,p2_win,0.0,56
3767,runs\models_9x9_scratch\checkpoints\cycle_0031.pt,runs\models_9x9_scratch\checkpoints\cycle_0061.pt,runs\models_9x9_scratch\checkpoints\cycle_0031.pt,runs\models_9x9_scratch\checkpoints\cycle_0061.pt,p2_win,0.0,54
3768,runs\models_9x9_scratch\checkpoints\cycle_0031.pt,runs\models_9x9_scratch\checkpoints\cycle_0061.pt,runs\models_9x9_scratch\checkpoints\cycle_0061.pt,runs\models_9x9_scratch\checkpoints\cycle_0031.pt,p1_win,0.0,59
3769,runs\models_9x9_scratch\checkpoints\cycle_0031.pt,runs\models_9x9_scratch\checkpoints\cycle_0061.pt,runs\models_9x9_scratch\checkpoints\cycle_0031.pt,runs\models_9x9_scratch\checkpoints\cycle_0061.pt,p2_win,0.0,54
3770,runs\models_9x9_scratch\checkpoints\cycle_0031.pt,runs\models_9x9_scratch\checkpoints\cycle_0061.pt,runs\models_9x9_scratch\checkpoints\cycle_0031.pt,runs\models_9x9_scratch\checkpoints\cycle_0061.pt,p2_win,0.0,58
3771,runs\models_9x9_scratch\checkpoints\cycle_0031.pt,runs\models_9x9_scratch\checkpoints\cycle_0061.pt,runs\models_9x9_scratch\checkpoints\cycle_0031.pt,runs\models_9x9_scratch\checkpoints\cycle_0061.pt,p2_win,0.0,60
3772,runs\models_9x9_scratch\checkpoints\cycle_0031.pt,runs\models_9x9_scratch\checkpoints\cycle_0061.pt,runs\models_9x9_scratch\checkpoints\cycle_0031.pt,runs\models_9x9_scratch\checkpoints\cycle_0061.pt,p2_win,0.0,56
3773,runs\models_9x9_scratch\checkpoints\cycle_0031.pt,runs\models_9x9_scratch\checkpoints\cycle_0061.pt,runs\models_9x9_scratch\checkpoints\cycle_0061.pt,runs\models_9x9_scratch\checkpoints\cycle_0031.pt,p1_win,0.0,55
3774,runs\models_9x9_scratch\checkpoints\cycle_0031.pt,runs\models_9x9_scratch\checkpoints\cycle_0061.pt,runs\models_9x9_scratch\checkpoints\cycle_0061.pt,runs\models_9x9_scratch\checkpoints\cycle_0031.pt,p1_win,0.0,55
3775,runs\models_9x9_scratch\checkpoints\cycle_0031.pt,runs\models_9x9_scratch\checkpoints\cycle_0061.pt,runs\models_9x9_scratch\checkpoints\cycle_0061.pt,runs\models_9x9_scratch\checkpoints\cycle_0031.pt,p1_win,0.0,55
3776,runs\models_9x9_scratch\checkpoints\cycle_0031.pt,runs\models_9x9_scratch\checkpoints\cycle_0061.pt,runs\models_9x9_scratch\checkpoints\cycle_0061.pt,runs\models_9x9_scratch\checkpoints\cycle_0031.pt,p1_win,0.0,55
3777,runs\models_9x9_scratch\checkpoints\cycle_0031.pt,runs\models_9x9_scratch\checkpoints\cycle_0061.pt,runs\models_9x9_scratch\checkpoints\cycle_0031.pt,runs\models_9x9_scratch\checkpoints\cycle_0061.pt,p2_win,0.0,58
3778,runs\models_9x9_scratch\checkpoints\cycle_0031.pt,runs\models_9x9_scratch\checkpoints\cycle_0061.pt,runs\models_9x9_scratch\checkpoints\cycle_0061.pt,runs\models_9x9_scratch\checkpoints\cycle_0031.pt,p1_win,0.0,55
3779,runs\models_9x9_scratch\checkpoints\cycle_0031.pt,runs\models_9x9_scratch\checkpoints\cycle_0061.pt,runs\models_9x9_scratch\checkpoints\cycle_0061.pt,runs\models_9x9_scratch\checkpoints\cycle_0031.pt,p1_win,0.0,55
3780,runs\models_9x9_scratch\checkpoints\cycle_0031.pt,runs\models_9x9_scratch\checkpoints\cycle_0061.pt,runs\models_9x9_scratch\checkpoints\cycle_0061.pt,runs\models_9x9_scratch\checkpoints\cycle_0031.pt,p1_win,0.0,55
3781,runs\models_9x9_scratch\checkpoints\cycle_0031.pt,runs\models_9x9_scratch\checkpoints\cycle_0061.pt,runs\models_9x9_scratch\checkpoints\cycle_0031.pt,runs\models_9x9_scratch\checkpoints\cycle_0061.pt,p2_win,0.0,54
3782,runs\models_9x9_scratch\checkpoints\cycle_0031.pt,runs\models_9x9_scratch\checkpoints\cycle_0061.pt,runs\models_9x9_scratch\checkpoints\cycle_0061.pt,runs\models_9x9_scratch\checkpoints\cycle_0031.pt,p1_win,0.0,55
3783,runs\models_9x9_scratch\checkpoints\cycle_0031.pt,runs\models_9x9_scratch\checkpoints\cycle_0061.pt,runs\models_9x9_scratch\checkpoints\cycle_0031.pt,runs\models_9x9_scratch\checkpoints\cycle_0061.pt,p2_win,0.0,56
3784,runs\models_9x9_scratch\checkpoints\cycle_0031.pt,runs\models_9x9_scratch\checkpoints\cycle_0061.pt,runs\models_9x9_scratch\checkpoints\cycle_0061.pt,runs\models_9x9_scratch\checkpoints\cycle_0031.pt,p1_win,0.0,55
3785,runs\models_9x9_scratch\checkpoints\cycle_0031.pt,runs\models_9x9_scratch\checkpoints\cycle_0061.pt,runs\models_9x9_scratch\checkpoints\cycle_0061.pt,runs\models_9x9_scratch\checkpoints\cycle_0031.pt,p1_win,0.0,57
3786,runs\models_9x9_scratch\checkpoints\cycle_0031.pt,runs\models_9x9_scratch\checkpoints\cycle_0061.pt,runs\models_9x9_scratch\checkpoints\cycle_0031.pt,runs\models_9x9_scratch\checkpoints\cycle_0061.pt,p2_win,0.0,58
3787,runs\models_9x9_scratch\checkpoints\cycle_0031.pt,runs\models_9x9_scratch\checkpoints\cycle_0061.pt,runs\models_9x9_scratch\checkpoints\cycle_0031.pt,runs\models_9x9_scratch\checkpoints\cycle_0061.pt,p2_win,0.0,58
3788,runs\models_9x9_scratch\checkpoints\cycle_0031.pt,runs\models_9x9_scratch\checkpoints\cycle_0061.pt,runs\models_9x9_scratch\checkpoints\cycle_0061.pt,runs\models_9x9_scratch\checkpoints\cycle_0031.pt,p1_win,0.0,57
3789,runs\models_9x9_scratch\checkpoints\cycle_0031.pt,runs\models_9x9_scratch\checkpoints\cycle_0061.pt,runs\models_9x9_scratch\checkpoints\cycle_0061.pt,runs\models_9x9_scratch\checkpoints\cycle_0031.pt,p1_win,0.0,55
3790,runs\models_9x9_scratch\checkpoints\cycle_0031.pt,runs\models_9x9_scratch\checkpoints\cycle_0061.pt,runs\models_9x9_scratch\checkpoints\cycle_0031.pt,runs\models_9x9_scratch\checkpoints\cycle_0061.pt,p2_win,0.0,58
3791,runs\models_9x9_scratch\checkpoints\cycle_0031.pt,runs\models_9x9_scratch\checkpoints\cycle_0061.pt,runs\models_9x9_scratch\checkpoints\cycle_0061.pt,runs\models_9x9_scratch\checkpoints\cycle_0031.pt,p1_win,0.0,55
3792,runs\models_9x9_scratch\checkpoints\cycle_0031.pt,runs\models_9x9_scratch\checkpoints\cycle_0061.pt,runs\models_9x9_scratch\checkpoints\cycle_0031.pt,runs\models_9x9_scratch\checkpoints\cycle_0061.pt,p2_win,0.0,60
3793,runs\models_9x9_scratch\checkpoints\cycle_0031.pt,runs\models_9x9_scratch\checkpoints\cycle_0061.pt,runs\models_9x9_scratch\checkpoints\cycle_0031.pt,runs\models_9x9_scratch\checkpoints\cycle_0061.pt,p2_win,0.0,64
3794,runs\models_9x9_scratch\checkpoints\cycle_0031.pt,runs\models_9x9_scratch\checkpoints\cycle_0061.pt,runs\models_9x9_scratch\checkpoints\cycle_0031.pt,runs\models_9x9_scratch\checkpoints\cycle_0061.pt,p2_win,0.0,58
3795,runs\models_9x9_scratch\checkpoints\cycle_0031.pt,runs\models_9x9_scratch\checkpoints\cycle_0061.pt,runs\models_9x9_scratch\checkpoints\cycle_0031.pt,runs\models_9x9_scratch\checkpoints\cycle_0061.pt,p2_win,0.0,58
3796,runs\models_9x9_scratch\checkpoints\cycle_0031.pt,runs\models_9x9_scratch\checkpoints\cycle_0061.pt,runs\models_9x9_scratch\checkpoints\cycle_0061.pt,runs\models_9x9_scratch\checkpoints\cycle_0031.pt,p1_win,0.0,59
3797,runs\models_9x9_scratch\checkpoints\cycle_0031.pt,runs\models_9x9_scratch\checkpoints\cycle_0061.pt,runs\models_9x9_scratch\checkpoints\cycle_0031.pt,runs\models_9x9_scratch\checkpoints\cycle_0061.pt,p2_win,0.0,56
3798,runs\models_9x9_scratch\checkpoints\cycle_0031.pt,runs\models_9x9_scratch\checkpoints\cycle_0061.pt,runs\models_9x9_scratch\checkpoints\cycle_0031.pt,runs\models_9x9_scratch\checkpoints\cycle_0061.pt,p2_win,0.0,56
3799,runs\models_9x9_scratch\checkpoints\cycle_0031.pt,runs\models_9x9_scratch\checkpoints\cycle_0061.pt,runs\models_9x9_scratch\checkpoints\cycle_0031.pt,runs\models_9x9_scratch\checkpoints\cycle_0061.pt,p2_win,0.0,60
3800,runs\models_9x9_scratch\checkpoints\cycle_0031.pt,runs\models_9x9_scratch\checkpoints\cycle_0061.pt,runs\models_9x9_scratch\checkpoints\cycle_0061.pt,runs\models_9x9_scratch\checkpoints\cycle_0031.pt,p1_win,0.0,59
3801,runs\models_9x9_scratch\checkpoints\cycle_0031.pt,runs\models_9x9_scratch\checkpoints\cycle_0061.pt,runs\models_9x9_scratch\checkpoints\cycle_0031.pt,runs\models_9x9_scratch\checkpoints\cycle_0061.pt,p2_win,0.0,58
3802,runs\models_9x9_scratch\checkpoints\cycle_0031.pt,runs\models_9x9_scratch\checkpoints\cycle_0061.pt,runs\models_9x9_scratch\checkpoints\cycle_0031.pt,runs\models_9x9_scratch\checkpoints\cycle_0061.pt,p2_win,0.0,60
3803,runs\models_9x9_scratch\checkpoints\cycle_0031.pt,runs\models_9x9_scratch\checkpoints\cycle_0061.pt,runs\models_9x9_scratch\checkpoints\cycle_0031.pt,runs\models_9x9_scratch\checkpoints\cycle_0061.pt,p2_win,0.0,56
3804,runs\models_9x9_scratch\checkpoints\cycle_0031.pt,runs\models_9x9_scratch\checkpoints\cycle_0061.pt,runs\models_9x9_scratch\checkpoints\cycle_0031.pt,runs\models_9x9_scratch\checkpoints\cycle_0061.pt,p2_win,0.0,58
3805,runs\models_9x9_scratch\checkpoints\cycle_0031.pt,runs\models_9x9_scratch\checkpoints\cycle_0061.pt,runs\models_9x9_scratch\checkpoints\cycle_0061.pt,runs\models_9x9_scratch\checkpoints\cycle_0031.pt,p1_win,0.0,59
3806,runs\models_9x9_scratch\checkpoints\cycle_0031.pt,runs\models_9x9_scratch\checkpoints\cycle_0061.pt,runs\models_9x9_scratch\checkpoints\cycle_0061.pt,runs\models_9x9_scratch\checkpoints\cycle_0031.pt,p1_win,0.0,59
3807,runs\models_9x9_scratch\checkpoints\cycle_0031.pt,runs\models_9x9_scratch\checkpoints\cycle_0061.pt,runs\models_9x9_scratch\checkpoints\cycle_0061.pt,runs\models_9x9_scratch\checkpoints\cycle_0031.pt,p1_win,0.0,57
3808,runs\models_9x9_scratch\checkpoints\cycle_0031.pt,runs\models_9x9_scratch\checkpoints\cycle_0061.pt,runs\models_9x9_scratch\checkpoints\cycle_0031.pt,runs\models_9x9_scratch\checkpoints\cycle_0061.pt,p2_win,0.0,60
3809,runs\models_9x9_scratch\checkpoints\cycle_0031.pt,runs\models_9x9_scratch\checkpoints\cycle_0061.pt,runs\models_9x9_scratch\checkpoints\cycle_0061.pt,runs\models_9x9_scratch\checkpoints\cycle_0031.pt,p1_win,0.0,57
3810,runs\models_9x9_scratch\checkpoints\cycle_0031.pt,runs\models_9x9_scratch\checkpoints\cycle_0061.pt,runs\models_9x9_scratch\checkpoints\cycle_0031.pt,runs\models_9x9_scratch\checkpoints\cycle_0061.pt,p2_win,0.0,58
3811,runs\models_9x9_scratch\checkpoints\cycle_0031.pt,runs\models_9x9_scratch\checkpoints\cycle_0061.pt,runs\models_9x9_scratch\checkpoints\cycle_0031.pt,runs\models_9x9_scratch\checkpoints\cycle_0061.pt,p2_win,0.0,58
3812,runs\models_9x9_scratch\checkpoints\cycle_0031.pt,runs\models_9x9_scratch\checkpoints\cycle_0061.pt,runs\models_9x9_scratch\checkpoints\cycle_0061.pt,runs\models_9x9_scratch\checkpoints\cycle_0031.pt,p1_win,0.0,59
3813,runs\models_9x9_scratch\checkpoints\cycle_0031.pt,runs\models_9x9_scratch\checkpoints\cycle_0061.pt,runs\models_9x9_scratch\checkpoints\cycle_0061.pt,runs\models_9x9_scratch\checkpoints\cycle_0031.pt,p1_win,0.0,57
3814,runs\models_9x9_scratch\checkpoints\cycle_0031.pt,runs\models_9x9_scratch\checkpoints\cycle_0061.pt,runs\models_9x9_scratch\checkpoints\cycle_0031.pt,runs\models_9x9_scratch\checkpoints\cycle_0061.pt,p2_win,0.0,60
3815,runs\models_9x9_scratch\checkpoints\cycle_0031.pt,runs\models_9x9_scratch\checkpoints\cycle_0061.pt,runs\models_9x9_scratch\checkpoints\cycle_0061.pt,runs\models_9x9_scratch\checkpoints\cycle_0031.pt,p1_win,0.0,57
3816,runs\models_9x9_scratch\checkpoints\cycle_0031.pt,runs\models_9x9_scratch\checkpoints\cycle_0061.pt,runs\models_9x9_scratch\checkpoints\cycle_0031.pt,runs\models_9x9_scratch\checkpoints\cycle_0061.pt,p2_win,0.0,56
3817,runs\models_9x9_scratch\checkpoints\cycle_0031.pt,runs\models_9x9_scratch\checkpoints\cycle_0061.pt,runs\models_9x9_scratch\checkpoints\cycle_0031.pt,runs\models_9x9_scratch\checkpoints\cycle_0061.pt,p2_win,0.0,60
3818,runs\models_9x9_scratch\checkpoints\cycle_0031.pt,runs\models_9x9_scratch\checkpoints\cycle_0061.pt,runs\models_9x9_scratch\checkpoints\cycle_0061.pt,runs\models_9x9_scratch\checkpoints\cycle_0031.pt,p1_win,0.0,57
3819,runs\models_9x9_scratch\checkpoints\cycle_0031.pt,runs\models_9x9_scratch\checkpoints\cycle_0061.pt,runs\models_9x9_scratch\checkpoints\cycle_0031.pt,runs\models_9x9_scratch\checkpoints\cycle_0061.pt,p2_win,0.0,64
3820,runs\models_9x9_scratch\checkpoints\cycle_0031.pt,runs\models_9x9_scratch\checkpoints\cycle_0061.pt,runs\models_9x9_scratch\checkpoints\cycle_0061.pt,runs\models_9x9_scratch\checkpoints\cycle_0031.pt,p1_win,0.0,59
3821,runs\models_9x9_scratch\checkpoints\cycle_0031.pt,runs\models_9x9_scratch\checkpoints\cycle_0061.pt,runs\models_9x9_scratch\checkpoints\cycle_0061.pt,runs\models_9x9_scratch\checkpoints\cycle_0031.pt,p1_win,0.0,61
3822,runs\models_9x9_scratch\checkpoints\cycle_0031.pt,runs\models_9x9_scratch\checkpoints\cycle_0061.pt,runs\models_9x9_scratch\checkpoints\cycle_0031.pt,runs\models_9x9_scratch\checkpoints\cycle_0061.pt,p2_win,0.0,64
3823,runs\models_9x9_scratch\checkpoints\cycle_0031.pt,runs\models_9x9_scratch\checkpoints\cycle_0061.pt,runs\models_9x9_scratch\checkpoints\cycle_0031.pt,runs\models_9x9_scratch\checkpoints\cycle_0061.pt,p2_win,0.0,60
3824,runs\models_9x9_scratch\checkpoints\cycle_0031.pt,runs\models_9x9_scratch\checkpoints\cycle_0061.pt,runs\models_9x9_scratch\checkpoints\cycle_0031.pt,runs\models_9x9_scratch\checkpoints\cycle_0061.pt,p2_win,0.0,58
3825,runs\models_9x9_scratch\checkpoints\cycle_0031.pt,runs\models_9x9_scratch\checkpoints\cycle_0061.pt,runs\models_9x9_scratch\checkpoints\cycle_0031.pt,runs\models_9x9_scratch\checkpoints\cycle_0061.pt,p2_win,0.0,64
3826,runs\models_9x9_scratch\checkpoints\cycle_0031.pt,runs\models_9x9_scratch\checkpoints\cycle_0061.pt,runs\models_9x9_scratch\checkpoints\cycle_0031.pt,runs\models_9x9_scratch\checkpoints\cycle_0061.pt,p2_win,0.0,62
3827,runs\models_9x9_scratch\checkpoints\cycle_0031.pt,runs\models_9x9_scratch\checkpoints\cycle_0061.pt,runs\models_9x9_scratch\checkpoints\cycle_0061.pt,runs\models_9x9_scratch\checkpoints\cycle_0031.pt,p1_win,0.0,61
3828,runs\models_9x9_scratch\checkpoints\cycle_0031.pt,runs\models_9x9_scratch\checkpoints\cycle_0061.pt,runs\models_9x9_scratch\checkpoints\cycle_0031.pt,runs\models_9x9_scratch\checkpoints\cycle_0061.pt,p2_win,0.0,62
3829,runs\models_9x9_scratch\checkpoints\cycle_0031.pt,runs\models_9x9_scratch\checkpoints\cycle_0061.pt,runs\models_9x9_scratch\checkpoints\cycle_0061.pt,runs\models_9x9_scratch\checkpoints\cycle_0031.pt,p1_win,0.0,61
3830,runs\models_9x9_scratch\checkpoints\cycle_0031.pt,runs\models_9x9_scratch\checkpoints\cycle_0061.pt,runs\models_9x9_scratch\checkpoints\cycle_0031.pt,runs\models_9x9_scratch\checkpoints\cycle_0061.pt,p2_win,0.0,58
3831,runs\models_9x9_scratch\checkpoints\cycle_0031.pt,runs\models_9x9_scratch\checkpoints\cycle_0061.pt,runs\models_9x9_scratch\checkpoints\cycle_0031.pt,runs\models_9x9_scratch\checkpoints\cycle_0061.pt,p2_win,0.0,66
3832,runs\models_9x9_scratch\checkpoints\cycle_0031.pt,runs\models_9x9_scratch\checkpoints\cycle_0061.pt,runs\models_9x9_scratch\checkpoints\cycle_0031.pt,runs\models_9x9_scratch\checkpoints\cycle_0061.pt,p2_win,0.0,64
3833,runs\models_9x9_scratch\checkpoints\cycle_0031.pt,runs\models_9x9_scratch\checkpoints\cycle_0061.pt,runs\models_9x9_scratch\checkpoints\cycle_0031.pt,runs\models_9x9_scratch\checkpoints\cycle_0061.pt,p2_win,0.0,60
3834,runs\models_9x9_scratch\checkpoints\cycle_0031.pt,runs\models_9x9_scratch\checkpoints\cycle_0061.pt,runs\models_9x9_scratch\checkpoints\cycle_0031.pt,runs\models_9x9_scratch\checkpoints\cycle_0061.pt,p2_win,0.0,64
3835,runs\models_9x9_scratch\checkpoints\cycle_0031.pt,runs\models_9x9_scratch\checkpoints\cycle_0061.pt,runs\models_9x9_scratch\checkpoints\cycle_0061.pt,runs\models_9x9_scratch\checkpoints\cycle_0031.pt,p1_win,0.0,59
3836,runs\models_9x9_scratch\checkpoints\cycle_0031.pt,runs\models_9x9_scratch\checkpoints\cycle_0061.pt,runs\models_9x9_scratch\checkpoints\cycle_0031.pt,runs\models_9x9_scratch\checkpoints\cycle_0061.pt,p2_win,0.0,58
3837,runs\models_9x9_scratch\checkpoints\cycle_0031.pt,runs\models_9x9_scratch\checkpoints\cycle_0061.pt,runs\models_9x9_scratch\checkpoints\cycle_0031.pt,runs\models_9x9_scratch\checkpoints\cycle_0061.pt,p2_win,0.0,58
3838,runs\models_9x9_scratch\checkpoints\cycle_0031.pt,runs\models_9x9_scratch\checkpoints\cycle_0061.pt,runs\models_9x9_scratch\checkpoints\cycle_0031.pt,runs\models_9x9_scratch\checkpoints\cycle_0061.pt,p2_win,0.0,60
3839,runs\models_9x9_scratch\checkpoints\cycle_0031.pt,runs\models_9x9_scratch\checkpoints\cycle_0061.pt,runs\models_9x9_scratch\checkpoints\cycle_0061.pt,runs\models_9x9_scratch\checkpoints\cycle_0031.pt,p1_win,0.0,63
3840,runs\models_9x9_scratch\checkpoints\cycle_0031.pt,runs\models_9x9_scratch\checkpoints\cycle_0061.pt,runs\models_9x9_scratch\checkpoints\cycle_0031.pt,runs\models_9x9_scratch\checkpoints\cycle_0061.pt,p2_win,0.0,60
3841,runs\models_9x9_scratch\checkpoints\cycle_0031.pt,runs\models_9x9_scratch\checkpoints\cycle_0061.pt,runs\models_9x9_scratch\checkpoints\cycle_0061.pt,runs\models_9x9_scratch\checkpoints\cycle_0031.pt,p1_win,0.0,61
3842,runs\models_9x9_scratch\checkpoints\cycle_0031.pt,runs\models_9x9_scratch\checkpoints\cycle_0061.pt,runs\models_9x9_scratch\checkpoints\cycle_0061.pt,runs\models_9x9_scratch\checkpoints\cycle_0031.pt,p1_win,0.0,57
3843,runs\models_9x9_scratch\checkpoints\cycle_0031.pt,runs\models_9x9_scratch\checkpoints\cycle_0061.pt,runs\models_9x9_scratch\checkpoints\cycle_0031.pt,runs\models_9x9_scratch\checkpoints\cycle_0061.pt,p1_win,1.0,65
3844,runs\models_9x9_scratch\checkpoints\cycle_0031.pt,runs\models_9x9_scratch\checkpoints\cycle_0061.pt,runs\models_9x9_scratch\checkpoints\cycle_0031.pt,runs\models_9x9_scratch\checkpoints\cycle_0061.pt,p2_win,0.0,58
3845,runs\models_9x9_scratch\checkpoints\cycle_0031.pt,runs\models_9x9_scratch\checkpoints\cycle_0061.pt,runs\models_9x9_scratch\checkpoints\cycle_0031.pt,runs\models_9x9_scratch\checkpoints\cycle_0061.pt,p2_win,0.0,60
3846,runs\models_9x9_scratch\checkpoints\cycle_0031.pt,runs\models_9x9_scratch\checkpoints\cycle_0061.pt,runs\models_9x9_scratch\checkpoints\cycle_0061.pt,runs\models_9x9_scratch\checkpoints\cycle_0031.pt,p1_win,0.0,59
3847,runs\models_9x9_scratch\checkpoints\cycle_0031.pt,runs\models_9x9_scratch\checkpoints\cycle_0061.pt,runs\models_9x9_scratch\checkpoints\cycle_0061.pt,runs\models_9x9_scratch\checkpoints\cycle_0031.pt,p1_win,0.0,59
3848,runs\models_9x9_scratch\checkpoints\cycle_0031.pt,runs\models_9x9_scratch\checkpoints\cycle_0061.pt,runs\models_9x9_scratch\checkpoints\cycle_0061.pt,runs\models_9x9_scratch\checkpoints\cycle_0031.pt,p1_win,0.0,59
3849,runs\models_9x9_scratch\checkpoints\cycle_0031.pt,runs\models_9x9_scratch\checkpoints\cycle_0061.pt,runs\models_9x9_scratch\checkpoints\cycle_0061.pt,runs\models_9x9_scratch\checkpoints\cycle_0031.pt,p1_win,0.0,59
3850,runs\models_9x9_scratch\checkpoints\cycle_0031.pt,runs\models_9x9_scratch\checkpoints\cycle_0061.pt,runs\models_9x9_scratch\checkpoints\cycle_0061.pt,runs\models_9x9_scratch\checkpoints\cycle_0031.pt,p1_win,0.0,59
3851,runs\models_9x9_scratch\checkpoints\cycle_0031.pt,runs\models_9x9_scratch\checkpoints\cycle_0061.pt,runs\models_9x9_scratch\checkpoints\cycle_0031.pt,runs\models_9x9_scratch\checkpoints\cycle_0061.pt,p2_win,0.0,62
3852,runs\models_9x9_scratch\checkpoints\cycle_0031.pt,runs\models_9x9_scratch\checkpoints\cycle_0061.pt,runs\models_9x9_scratch\checkpoints\cycle_0031.pt,runs\models_9x9_scratch\checkpoints\cycle_0061.pt,p2_win,0.0,62
3853,runs\models_9x9_scratch\checkpoints\cycle_0031.pt,runs\models_9x9_scratch\checkpoints\cycle_0061.pt,runs\models_9x9_scratch\checkpoints\cycle_0031.pt,runs\models_9x9_scratch\checkpoints\cycle_0061.pt,p2_win,0.0,58
3854,runs\models_9x9_scratch\checkpoints\cycle_0031.pt,runs\models_9x9_scratch\checkpoints\cycle_0061.pt,runs\models_9x9_scratch\checkpoints\cycle_0031.pt,runs\models_9x9_scratch\checkpoints\cycle_0061.pt,p2_win,0.0,64
3855,runs\models_9x9_scratch\checkpoints\cycle_0031.pt,runs\models_9x9_scratch\checkpoints\cycle_0061.pt,runs\models_9x9_scratch\checkpoints\cycle_0061.pt,runs\models_9x9_scratch\checkpoints\cycle_0031.pt,p1_win,0.0,63
3856,runs\models_9x9_scratch\checkpoints\cycle_0031.pt,runs\models_9x9_scratch\checkpoints\cycle_0061.pt,runs\models_9x9_scratch\checkpoints\cycle_0031.pt,runs\models_9x9_scratch\checkpoints\cycle_0061.pt,p2_win,0.0,64
3857,runs\models_9x9_scratch\checkpoints\cycle_0031.pt,runs\models_9x9_scratch\checkpoints\cycle_0061.pt,runs\models_9x9_scratch\checkpoints\cycle_0031.pt,runs\models_9x9_scratch\checkpoints\cycle_0061.pt,p2_win,0.0,64
3858,runs\models_9x9_scratch\checkpoints\cycle_0031.pt,runs\models_9x9_scratch\checkpoints\cycle_0061.pt,runs\models_9x9_scratch\checkpoints\cycle_0031.pt,runs\models_9x9_scratch\checkpoints\cycle_0061.pt,p2_win,0.0,62
3859,runs\models_9x9_scratch\checkpoints\cycle_0031.pt,runs\models_9x9_scratch\checkpoints\cycle_0061.pt,runs\models_9x9_scratch\checkpoints\cycle_0061.pt,runs\models_9x9_scratch\checkpoints\cycle_0031.pt,p1_win,0.0,63
3860,runs\models_9x9_scratch\checkpoints\cycle_0031.pt,runs\models_9x9_scratch\checkpoints\cycle_0061.pt,runs\models_9x9_scratch\checkpoints\cycle_0061.pt,runs\models_9x9_scratch\checkpoints\cycle_0031.pt,p1_win,0.0,59
3861,runs\models_9x9_scratch\checkpoints\cycle_0031.pt,runs\models_9x9_scratch\checkpoints\cycle_0061.pt,runs\models_9x9_scratch\checkpoints\cycle_0061.pt,runs\models_9x9_scratch\checkpoints\cycle_0031.pt,p1_win,0.0,59
3862,runs\models_9x9_scratch\checkpoints\cycle_0031.pt,runs\models_9x9_scratch\checkpoints\cycle_0061.pt,runs\models_9x9_scratch\checkpoints\cycle_0031.pt,runs\models_9x9_scratch\checkpoints\cycle_0061.pt,p2_win,0.0,62
3863,runs\models_9x9_scratch\checkpoints\cycle_0031.pt,runs\models_9x9_scratch\checkpoints\cycle_0061.pt,runs\models_9x9_scratch\checkpoints\cycle_0061.pt,runs\models_9x9_scratch\checkpoints\cycle_0031.pt,p1_win,0.0,61
3864,runs\models_9x9_scratch\checkpoints\cycle_0031.pt,runs\models_9x9_scratch\checkpoints\cycle_0061.pt,runs\models_9x9_scratch\checkpoints\cycle_0031.pt,runs\models_9x9_scratch\checkpoints\cycle_0061.pt,p2_win,0.0,64
3865,runs\models_9x9_scratch\checkpoints\cycle_0031.pt,runs\models_9x9_scratch\checkpoints\cycle_0061.pt,runs\models_9x9_scratch\checkpoints\cycle_0061.pt,runs\models_9x9_scratch\checkpoints\cycle_0031.pt,p1_win,0.0,61
3866,runs\models_9x9_scratch\checkpoints\cycle_0031.pt,runs\models_9x9_scratch\checkpoints\cycle_0061.pt,runs\models_9x9_scratch\checkpoints\cycle_0061.pt,runs\models_9x9_scratch\checkpoints\cycle_0031.pt,p1_win,0.0,61
3867,runs\models_9x9_scratch\checkpoints\cycle_0031.pt,runs\models_9x9_scratch\checkpoints\cycle_0061.pt,runs\models_9x9_scratch\checkpoints\cycle_0031.pt,runs\models_9x9_scratch\checkpoints\cycle_0061.pt,p2_win,0.0,64
3868,runs\models_9x9_scratch\checkpoints\cycle_0031.pt,runs\models_9x9_scratch\checkpoints\cycle_0061.pt,runs\models_9x9_scratch\checkpoints\cycle_0031.pt,runs\models_9x9_scratch\checkpoints\cycle_0061.pt,p2_win,0.0,62
3869,runs\models_9x9_scratch\checkpoints\cycle_0031.pt,runs\models_9x9_scratch\checkpoints\cycle_0061.pt,runs\models_9x9_scratch\checkpoints\cycle_0031.pt,runs\models_9x9_scratch\checkpoints\cycle_0061.pt,p2_win,0.0,68
3870,runs\models_9x9_scratch\checkpoints\cycle_0031.pt,runs\models_9x9_scratch\checkpoints\cycle_0061.pt,runs\models_9x9_scratch\checkpoints\cycle_0031.pt,runs\models_9x9_scratch\checkpoints\cycle_0061.pt,p2_win,0.0,62
3871,runs\models_9x9_scratch\checkpoints\cycle_0031.pt,runs\models_9x9_scratch\checkpoints\cycle_0061.pt,runs\models_9x9_scratch\checkpoints\cycle_0061.pt,runs\models_9x9_scratch\checkpoints\cycle_0031.pt,p1_win,0.0,61
3872,runs\models_9x9_scratch\checkpoints\cycle_0031.pt,runs\models_9x9_scratch\checkpoints\cycle_0061.pt,runs\models_9x9_scratch\checkpoints\cycle_0061.pt,runs\models_9x9_scratch\checkpoints\cycle_0031.pt,p1_win,0.0,61
3873,runs\models_9x9_scratch\checkpoints\cycle_0031.pt,runs\models_9x9_scratch\checkpoints\cycle_0061.pt,runs\models_9x9_scratch\checkpoints\cycle_0031.pt,runs\models_9x9_scratch\checkpoints\cycle_0061.pt,p2_win,0.0,60
3874,runs\models_9x9_scratch\checkpoints\cycle_0031.pt,runs\models_9x9_scratch\checkpoints\cycle_0061.pt,runs\models_9x9_scratch\checkpoints\cycle_0061.pt,runs\models_9x9_scratch\checkpoints\cycle_0031.pt,p1_win,0.0,61
3875,runs\models_9x9_scratch\checkpoints\cycle_0031.pt,runs\models_9x9_scratch\checkpoints\cycle_0061.pt,runs\models_9x9_scratch\checkpoints\cycle_0031.pt,runs\models_9x9_scratch\checkpoints\cycle_0061.pt,p2_win,0.0,64
3876,runs\models_9x9_scratch\checkpoints\cycle_0031.pt,runs\models_9x9_scratch\checkpoints\cycle_0061.pt,runs\models_9x9_scratch\checkpoints\cycle_0031.pt,runs\models_9x9_scratch\checkpoints\cycle_0061.pt,p2_win,0.0,64
3877,runs\models_9x9_scratch\checkpoints\cycle_0031.pt,runs\models_9x9_scratch\checkpoints\cycle_0061.pt,runs\models_9x9_scratch\checkpoints\cycle_0031.pt,runs\models_9x9_scratch\checkpoints\cycle_0061.pt,p2_win,0.0,64
3878,runs\models_9x9_scratch\checkpoints\cycle_0031.pt,runs\models_9x9_scratch\checkpoints\cycle_0061.pt,runs\models_9x9_scratch\checkpoints\cycle_0031.pt,runs\models_9x9_scratch\checkpoints\cycle_0061.pt,p2_win,0.0,64
3879,runs\models_9x9_scratch\checkpoints\cycle_0031.pt,runs\models_9x9_scratch\checkpoints\cycle_0061.pt,runs\models_9x9_scratch\checkpoints\cycle_0061.pt,runs\models_9x9_scratch\checkpoints\cycle_0031.pt,p1_win,0.0,65
3880,runs\models_9x9_scratch\checkpoints\cycle_0031.pt,runs\models_9x9_scratch\checkpoints\cycle_0061.pt,runs\models_9x9_scratch\checkpoints\cycle_0061.pt,runs\models_9x9_scratch\checkpoints\cycle_0031.pt,p1_win,0.0,67
3881,runs\models_9x9_scratch\checkpoints\cycle_0031.pt,runs\models_9x9_scratch\checkpoints\cycle_0061.pt,runs\models_9x9_scratch\checkpoints\cycle_0061.pt,runs\models_9x9_scratch\checkpoints\cycle_0031.pt,p1_win,0.0,61
3882,runs\models_9x9_scratch\checkpoints\cycle_0031.pt,runs\models_9x9_scratch\checkpoints\cycle_0061.pt,runs\models_9x9_scratch\checkpoints\cycle_0031.pt,runs\models_9x9_scratch\checkpoints\cycle_0061.pt,p2_win,0.0,64
3883,runs\models_9x9_scratch\checkpoints\cycle_0031.pt,runs\models_9x9_scratch\checkpoints\cycle_0061.pt,runs\models_9x9_scratch\checkpoints\cycle_0031.pt,runs\models_9x9_scratch\checkpoints\cycle_0061.pt,p2_win,0.0,62
3884,runs\models_9x9_scratch\checkpoints\cycle_0031.pt,runs\models_9x9_scratch\checkpoints\cycle_0061.pt,runs\models_9x9_scratch\checkpoints\cycle_0031.pt,runs\models_9x9_scratch\checkpoints\cycle_0061.pt,p2_win,0.0,62
3885,runs\models_9x9_scratch\checkpoints\cycle_0031.pt,runs\models_9x9_scratch\checkpoints\cycle_0061.pt,runs\models_9x9_scratch\checkpoints\cycle_0061.pt,runs\models_9x9_scratch\checkpoints\cycle_0031.pt,p1_win,0.0,61
3886,runs\models_9x9_scratch\checkpoints\cycle_0031.pt,runs\models_9x9_scratch\checkpoints\cycle_0061.pt,runs\models_9x9_scratch\checkpoints\cycle_0031.pt,runs\models_9x9_scratch\checkpoints\cycle_0061.pt,p2_win,0.0,66
3887,runs\models_9x9_scratch\checkpoints\cycle_0031.pt,runs\models_9x9_scratch\checkpoints\cycle_0061.pt,runs\models_9x9_scratch\checkpoints\cycle_0031.pt,runs\models_9x9_scratch\checkpoints\cycle_0061.pt,p2_win,0.0,64
3888,runs\models_9x9_scratch\checkpoints\cycle_0031.pt,runs\models_9x9_scratch\checkpoints\cycle_0061.pt,runs\models_9x9_scratch\checkpoints\cycle_0031.pt,runs\models_9x9_scratch\checkpoints\cycle_0061.pt,p2_win,0.0,68
3889,runs\models_9x9_scratch\checkpoints\cycle_0031.pt,runs\models_9x9_scratch\checkpoints\cycle_0061.pt,runs\models_9x9_scratch\checkpoints\cycle_0031.pt,runs\models_9x9_scratch\checkpoints\cycle_0061.pt,p2_win,0.0,64
3890,runs\models_9x9_scratch\checkpoints\cycle_0031.pt,runs\models_9x9_scratch\checkpoints\cycle_0061.pt,runs\models_9x9_scratch\checkpoints\cycle_0061.pt,runs\models_9x9_scratch\checkpoints\cycle_0031.pt,p1_win,0.0,61
3891,runs\models_9x9_scratch\checkpoints\cycle_0031.pt,runs\models_9x9_scratch\checkpoints\cycle_0061.pt,runs\models_9x9_scratch\checkpoints\cycle_0031.pt,runs\models_9x9_scratch\checkpoints\cycle_0061.pt,p2_win,0.0,68
3892,runs\models_9x9_scratch\checkpoints\cycle_0031.pt,runs\models_9x9_scratch\checkpoints\cycle_0061.pt,runs\models_9x9_scratch\checkpoints\cycle_0031.pt,runs\models_9x9_scratch\checkpoints\cycle_0061.pt,p2_win,0.0,68
3893,runs\models_9x9_scratch\checkpoints\cycle_0031.pt,runs\models_9x9_scratch\checkpoints\cycle_0061.pt,runs\models_9x9_scratch\checkpoints\cycle_0031.pt,runs\models_9x9_scratch\checkpoints\cycle_0061.pt,p2_win,0.0,66
3894,runs\models_9x9_scratch\checkpoints\cycle_0031.pt,runs\models_9x9_scratch\checkpoints\cycle_0061.pt,runs\models_9x9_scratch\checkpoints\cycle_0031.pt,runs\models_9x9_scratch\checkpoints\cycle_0061.pt,p2_win,0.0,66
3895,runs\models_9x9_scratch\checkpoints\cycle_0031.pt,runs\models_9x9_scratch\checkpoints\cycle_0061.pt,runs\models_9x9_scratch\checkpoints\cycle_0031.pt,runs\models_9x9_scratch\checkpoints\cycle_0061.pt,p2_win,0.0,66
3896,runs\models_9x9_scratch\checkpoints\cycle_0031.pt,runs\models_9x9_scratch\checkpoints\cycle_0061.pt,runs\models_9x9_scratch\checkpoints\cycle_0031.pt,runs\models_9x9_scratch\checkpoints\cycle_0061.pt,p2_win,0.0,66
3897,runs\models_9x9_scratch\checkpoints\cycle_0031.pt,runs\models_9x9_scratch\checkpoints\cycle_0061.pt,runs\models_9x9_scratch\checkpoints\cycle_0031.pt,runs\models_9x9_scratch\checkpoints\cycle_0061.pt,p2_win,0.0,62
3898,runs\models_9x9_scratch\checkpoints\cycle_0031.pt,runs\models_9x9_scratch\checkpoints\cycle_0061.pt,runs\models_9x9_scratch\checkpoints\cycle_0031.pt,runs\models_9x9_scratch\checkpoints\cycle_0061.pt,p2_win,0.0,66
3899,runs\models_9x9_scratch\checkpoints\cycle_0031.pt,runs\models_9x9_scratch\checkpoints\cycle_0061.pt,runs\models_9x9_scratch\checkpoints\cycle_0031.pt,runs\models_9x9_scratch\checkpoints\cycle_0061.pt,p2_win,0.0,66
3900,runs\models_9x9_scratch\checkpoints\cycle_0031.pt,runs\models_9x9_scratch\checkpoints\cycle_0061.pt,runs\models_9x9_scratch\checkpoints\cycle_0031.pt,runs\models_9x9_scratch\checkpoints\cycle_0061.pt,p1_win,1.0,65
3901,runs\models_9x9_scratch\checkpoints\cycle_0031.pt,runs\models_9x9_scratch\checkpoints\cycle_0061.pt,runs\models_9x9_scratch\checkpoints\cycle_0031.pt,runs\models_9x9_scratch\checkpoints\cycle_0061.pt,p2_win,0.0,66
3902,runs\models_9x9_scratch\checkpoints\cycle_0031.pt,runs\models_9x9_scratch\checkpoints\cycle_0061.pt,runs\models_9x9_scratch\checkpoints\cycle_0031.pt,runs\models_9x9_scratch\checkpoints\cycle_0061.pt,p2_win,0.0,66
3903,runs\models_9x9_scratch\checkpoints\cycle_0031.pt,runs\models_9x9_scratch\checkpoints\cycle_0061.pt,runs\models_9x9_scratch\checkpoints\cycle_0031.pt,runs\models_9x9_scratch\checkpoints\cycle_0061.pt,p2_win,0.0,66
3904,runs\models_9x9_scratch\checkpoints\cycle_0031.pt,runs\models_9x9_scratch\checkpoints\cycle_0061.pt,runs\models_9x9_scratch\checkpoints\cycle_0061.pt,runs\models_9x9_scratch\checkpoints\cycle_0031.pt,p1_win,0.0,65
3905,runs\models_9x9_scratch\checkpoints\cycle_0031.pt,runs\models_9x9_scratch\checkpoints\cycle_0061.pt,runs\models_9x9_scratch\checkpoints\cycle_0031.pt,runs\models_9x9_scratch\checkpoints\cycle_0061.pt,p2_win,0.0,66
3906,runs\models_9x9_scratch\checkpoints\cycle_0031.pt,runs\models_9x9_scratch\checkpoints\cycle_0061.pt,runs\models_9x9_scratch\checkpoints\cycle_0061.pt,runs\models_9x9_scratch\checkpoints\cycle_0031.pt,p1_win,0.0,65
3907,runs\models_9x9_scratch\checkpoints\cycle_0031.pt,runs\models_9x9_scratch\checkpoints\cycle_0061.pt,runs\models_9x9_scratch\checkpoints\cycle_0061.pt,runs\models_9x9_scratch\checkpoints\cycle_0031.pt,p1_win,0.0,65
3908,runs\models_9x9_scratch\checkpoints\cycle_0031.pt,runs\models_9x9_scratch\checkpoints\cycle_0061.pt,runs\models_9x9_scratch\checkpoints\cycle_0061.pt,runs\models_9x9_scratch\checkpoints\cycle_0031.pt,p1_win,0.0,65
3909,runs\models_9x9_scratch\checkpoints\cycle_0031.pt,runs\models_9x9_scratch\checkpoints\cycle_0061.pt,runs\models_9x9_scratch\checkpoints\cycle_0031.pt,runs\models_9x9_scratch\checkpoints\cycle_0061.pt,p2_win,0.0,68
3910,runs\models_9x9_scratch\checkpoints\cycle_0031.pt,runs\models_9x9_scratch\checkpoints\cycle_0061.pt,runs\models_9x9_scratch\checkpoints\cycle_0031.pt,runs\models_9x9_scratch\checkpoints\cycle_0061.pt,p2_win,0.0,66
3911,runs\models_9x9_scratch\checkpoints\cycle_0031.pt,runs\models_9x9_scratch\checkpoints\cycle_0061.pt,runs\models_9x9_scratch\checkpoints\cycle_0061.pt,runs\models_9x9_scratch\checkpoints\cycle_0031.pt,p1_win,0.0,65
3912,runs\models_9x9_scratch\checkpoints\cycle_0031.pt,runs\models_9x9_scratch\checkpoints\cycle_0061.pt,runs\models_9x9_scratch\checkpoints\cycle_0031.pt,runs\models_9x9_scratch\checkpoints\cycle_0061.pt,p2_win,0.0,68
3913,runs\models_9x9_scratch\checkpoints\cycle_0031.pt,runs\models_9x9_scratch\checkpoints\cycle_0061.pt,runs\models_9x9_scratch\checkpoints\cycle_0031.pt,runs\models_9x9_scratch\checkpoints\cycle_0061.pt,p2_win,0.0,68
3914,runs\models_9x9_scratch\checkpoints\cycle_0031.pt,runs\models_9x9_scratch\checkpoints\cycle_0061.pt,runs\models_9x9_scratch\checkpoints\cycle_0031.pt,runs\models_9x9_scratch\checkpoints\cycle_0061.pt,p2_win,0.0,72
3915,runs\models_9x9_scratch\checkpoints\cycle_0031.pt,runs\models_9x9_scratch\checkpoints\cycle_0061.pt,runs\models_9x9_scratch\checkpoints\cycle_0031.pt,runs\models_9x9_scratch\checkpoints\cycle_0061.pt,p2_win,0.0,68
3916,runs\models_9x9_scratch\checkpoints\cycle_0031.pt,runs\models_9x9_scratch\checkpoints\cycle_0061.pt,runs\models_9x9_scratch\checkpoints\cycle_0031.pt,runs\models_9x9_scratch\checkpoints\cycle_0061.pt,p2_win,0.0,70
3917,runs\models_9x9_scratch\checkpoints\cycle_0031.pt,runs\models_9x9_scratch\checkpoints\cycle_0061.pt,runs\models_9x9_scratch\checkpoints\cycle_0031.pt,runs\models_9x9_scratch\checkpoints\cycle_0061.pt,p2_win,0.0,72
3918,runs\models_9x9_scratch\checkpoints\cycle_0031.pt,runs\models_9x9_scratch\checkpoints\cycle_0061.pt,runs\models_9x9_scratch\checkpoints\cycle_0061.pt,runs\models_9x9_scratch\checkpoints\cycle_0031.pt,p1_win,0.0,71
3919,runs\models_9x9_scratch\checkpoints\cycle_0031.pt,runs\models_9x9_scratch\checkpoints\cycle_0061.pt,runs\models_9x9_scratch\checkpoints\cycle_0061.pt,runs\models_9x9_scratch\checkpoints\cycle_0031.pt,p1_win,0.0,67
3920,runs\models_9x9_scratch\checkpoints\cycle_0031.pt,runs\models_9x9_scratch\checkpoints\cycle_0061.pt,runs\models_9x9_scratch\checkpoints\cycle_0061.pt,runs\models_9x9_scratch\checkpoints\cycle_0031.pt,p1_win,0.0,69
3921,runs\models_9x9_scratch\checkpoints\cycle_0031.pt,runs\models_9x9_scratch\checkpoints\cycle_0061.pt,runs\models_9x9_scratch\checkpoints\cycle_0031.pt,runs\models_9x9_scratch\checkpoints\cycle_0061.pt,p2_win,0.0,68
3922,runs\models_9x9_scratch\checkpoints\cycle_0031.pt,runs\models_9x9_scratch\checkpoints\cycle_0061.pt,runs\models_9x9_scratch\checkpoints\cycle_0061.pt,runs\models_9x9_scratch\checkpoints\cycle_0031.pt,p1_win,0.0,67
3923,runs\models_9x9_scratch\checkpoints\cycle_0031.pt,runs\models_9x9_scratch\checkpoints\cycle_0061.pt,runs\models_9x9_scratch\checkpoints\cycle_0061.pt,runs\models_9x9_scratch\checkpoints\cycle_0031.pt,p1_win,0.0,67
3924,runs\models_9x9_scratch\checkpoints\cycle_0031.pt,runs\models_9x9_scratch\checkpoints\cycle_0061.pt,runs\models_9x9_scratch\checkpoints\cycle_0061.pt,runs\models_9x9_scratch\checkpoints\cycle_0031.pt,p1_win,0.0,67
3925,runs\models_9x9_scratch\checkpoints\cycle_0031.pt,runs\models_9x9_scratch\checkpoints\cycle_0061.pt,runs\models_9x9_scratch\checkpoints\cycle_0031.pt,runs\models_9x9_scratch\checkpoints\cycle_0061.pt,p2_win,0.0,72
3926,runs\models_9x9_scratch\checkpoints\cycle_0031.pt,runs\models_9x9_scratch\checkpoints\cycle_0061.pt,runs\models_9x9_scratch\checkpoints\cycle_0061.pt,runs\models_9x9_scratch\checkpoints\cycle_0031.pt,p1_win,0.0,67
3927,runs\models_9x9_scratch\checkpoints\cycle_0031.pt,runs\models_9x9_scratch\checkpoints\cycle_0061.pt,runs\models_9x9_scratch\checkpoints\cycle_0031.pt,runs\models_9x9_scratch\checkpoints\cycle_0061.pt,p2_win,0.0,70
3928,runs\models_9x9_scratch\checkpoints\cycle_0031.pt,runs\models_9x9_scratch\checkpoints\cycle_0061.pt,runs\models_9x9_scratch\checkpoints\cycle_0031.pt,runs\models_9x9_scratch\checkpoints\cycle_0061.pt,p2_win,0.0,72
3929,runs\models_9x9_scratch\checkpoints\cycle_0031.pt,runs\models_9x9_scratch\checkpoints\cycle_0061.pt,runs\models_9x9_scratch\checkpoints\cycle_0031.pt,runs\models_9x9_scratch\checkpoints\cycle_0061.pt,p2_win,0.0,68
3930,runs\models_9x9_scratch\checkpoints\cycle_0031.pt,runs\models_9x9_scratch\checkpoints\cycle_0061.pt,runs\models_9x9_scratch\checkpoints\cycle_0031.pt,runs\models_9x9_scratch\checkpoints\cycle_0061.pt,p2_win,0.0,72
3931,runs\models_9x9_scratch\checkpoints\cycle_0031.pt,runs\models_9x9_scratch\checkpoints\cycle_0061.pt,runs\models_9x9_scratch\checkpoints\cycle_0031.pt,runs\models_9x9_scratch\checkpoints\cycle_0061.pt,p2_win,0.0,72
3932,runs\models_9x9_scratch\checkpoints\cycle_0031.pt,runs\models_9x9_scratch\checkpoints\cycle_0061.pt,runs\models_9x9_scratch\checkpoints\cycle_0061.pt,runs\models_9x9_scratch\checkpoints\cycle_0031.pt,p1_win,0.0,71
3933,runs\models_9x9_scratch\checkpoints\cycle_0031.pt,runs\models_9x9_scratch\checkpoints\cycle_0061.pt,runs\models_9x9_scratch\checkpoints\cycle_0061.pt,runs\models_9x9_scratch\checkpoints\cycle_0031.pt,p1_win,0.0,71
3934,runs\models_9x9_scratch\checkpoints\cycle_0031.pt,runs\models_9x9_scratch\checkpoints\cycle_0061.pt,runs\models_9x9_scratch\checkpoints\cycle_0061.pt,runs\models_9x9_scratch\checkpoints\cycle_0031.pt,p1_win,0.0,75
3935,runs\models_9x9_scratch\checkpoints\cycle_0031.pt,runs\models_9x9_scratch\checkpoints\cycle_0061.pt,runs\models_9x9_scratch\checkpoints\cycle_0031.pt,runs\models_9x9_scratch\checkpoints\cycle_0061.pt,p2_win,0.0,72
3936,runs\models_9x9_scratch\checkpoints\cycle_0031.pt,runs\models_9x9_scratch\checkpoints\cycle_0061.pt,runs\models_9x9_scratch\checkpoints\cycle_0061.pt,runs\models_9x9_scratch\checkpoints\cycle_0031.pt,draw,0.5,76
3937,runs\models_9x9_scratch\checkpoints\cycle_0031.pt,runs\models_9x9_scratch\checkpoints\cycle_0061.pt,runs\models_9x9_scratch\checkpoints\cycle_0031.pt,runs\models_9x9_scratch\checkpoints\cycle_0061.pt,p2_win,0.0,76
3938,runs\models_9x9_scratch\checkpoints\cycle_0031.pt,runs\models_9x9_scratch\checkpoints\cycle_0061.pt,runs\models_9x9_scratch\checkpoints\cycle_0061.pt,runs\models_9x9_scratch\checkpoints\cycle_0031.pt,p1_win,0.0,71
3939,runs\models_9x9_scratch\checkpoints\cycle_0031.pt,runs\models_9x9_scratch\checkpoints\cycle_0061.pt,runs\models_9x9_scratch\checkpoints\cycle_0031.pt,runs\models_9x9_scratch\checkpoints\cycle_0061.pt,p2_win,0.0,72
3940,runs\models_9x9_scratch\checkpoints\cycle_0031.pt,runs\models_9x9_scratch\checkpoints\cycle_0061.pt,runs\models_9x9_scratch\checkpoints\cycle_0031.pt,runs\models_9x9_scratch\checkpoints\cycle_0061.pt,p2_win,0.0,74
3941,runs\models_9x9_scratch\checkpoints\cycle_0031.pt,runs\models_9x9_scratch\checkpoints\cycle_0061.pt,runs\models_9x9_scratch\checkpoints\cycle_0061.pt,runs\models_9x9_scratch\checkpoints\cycle_0031.pt,p1_win,0.0,71
3942,runs\models_9x9_scratch\checkpoints\cycle_0031.pt,runs\models_9x9_scratch\checkpoints\cycle_0061.pt,runs\models_9x9_scratch\checkpoints\cycle_0031.pt,runs\models_9x9_scratch\checkpoints\cycle_0061.pt,p2_win,0.0,76
3943,runs\models_9x9_scratch\checkpoints\cycle_0031.pt,runs\models_9x9_scratch\checkpoints\cycle_0061.pt,runs\models_9x9_scratch\checkpoints\cycle_0061.pt,runs\models_9x9_scratch\checkpoints\cycle_0031.pt,p1_win,0.0,73
3944,runs\models_9x9_scratch\checkpoints\cycle_0031.pt,runs\models_9x9_scratch\checkpoints\cycle_0061.pt,runs\models_9x9_scratch\checkpoints\cycle_0061.pt,runs\models_9x9_scratch\checkpoints\cycle_0031.pt,p1_win,0.0,77
3945,runs\models_9x9_scratch\checkpoints\cycle_0031.pt,runs\models_9x9_scratch\checkpoints\cycle_0061.pt,runs\models_9x9_scratch\checkpoints\cycle_0031.pt,runs\models_9x9_scratch\checkpoints\cycle_0061.pt,p2_win,0.0,78
3946,runs\models_9x9_scratch\checkpoints\cycle_0031.pt,runs\models_9x9_scratch\checkpoints\cycle_0061.pt,runs\models_9x9_scratch\checkpoints\cycle_0061.pt,runs\models_9x9_scratch\checkpoints\cycle_0031.pt,p1_win,0.0,73
3947,runs\models_9x9_scratch\checkpoints\cycle_0031.pt,runs\models_9x9_scratch\checkpoints\cycle_0061.pt,runs\models_9x9_scratch\checkpoints\cycle_0031.pt,runs\models_9x9_scratch\checkpoints\cycle_0061.pt,p2_win,0.0,76
3948,runs\models_9x9_scratch\checkpoints\cycle_0031.pt,runs\models_9x9_scratch\checkpoints\cycle_0061.pt,runs\models_9x9_scratch\checkpoints\cycle_0031.pt,runs\models_9x9_scratch\checkpoints\cycle_0061.pt,p2_win,0.0,74
3949,runs\models_9x9_scratch\checkpoints\cycle_0031.pt,runs\models_9x9_scratch\checkpoints\cycle_0061.pt,runs\models_9x9_scratch\checkpoints\cycle_0061.pt,runs\models_9x9_scratch\checkpoints\cycle_0031.pt,p1_win,0.0,75
3950,runs\models_9x9_scratch\checkpoints\cycle_0031.pt,runs\models_9x9_scratch\checkpoints\cycle_0061.pt,runs\models_9x9_scratch\checkpoints\cycle_0031.pt,runs\models_9x9_scratch\checkpoints\cycle_0061.pt,p2_win,0.0,74
3951,runs\models_9x9_scratch\checkpoints\cycle_0031.pt,runs\models_9x9_scratch\checkpoints\cycle_0061.pt,runs\models_9x9_scratch\checkpoints\cycle_0061.pt,runs\models_9x9_scratch\checkpoints\cycle_0031.pt,p1_win,0.0,77
3952,runs\models_9x9_scratch\checkpoints\cycle_0031.pt,runs\models_9x9_scratch\checkpoints\cycle_0061.pt,runs\models_9x9_scratch\checkpoints\cycle_0031.pt,runs\models_9x9_scratch\checkpoints\cycle_0061.pt,p2_win,0.0,76
3953,runs\models_9x9_scratch\checkpoints\cycle_0031.pt,runs\models_9x9_scratch\checkpoints\cycle_0061.pt,runs\models_9x9_scratch\checkpoints\cycle_0061.pt,runs\models_9x9_scratch\checkpoints\cycle_0031.pt,p1_win,0.0,75
3954,runs\models_9x9_scratch\checkpoints\cycle_0031.pt,runs\models_9x9_scratch\checkpoints\cycle_0061.pt,runs\models_9x9_scratch\checkpoints\cycle_0061.pt,runs\models_9x9_scratch\checkpoints\cycle_0031.pt,p1_win,0.0,77
3955,runs\models_9x9_scratch\checkpoints\cycle_0031.pt,runs\models_9x9_scratch\checkpoints\cycle_0061.pt,runs\models_9x9_scratch\checkpoints\cycle_0031.pt,runs\models_9x9_scratch\checkpoints\cycle_0061.pt,p2_win,0.0,78
3956,runs\models_9x9_scratch\checkpoints\cycle_0031.pt,runs\models_9x9_scratch\checkpoints\cycle_0061.pt,runs\models_9x9_scratch\checkpoints\cycle_0031.pt,runs\models_9x9_scratch\checkpoints\cycle_0061.pt,p2_win,0.0,80
3957,runs\models_9x9_scratch\checkpoints\cycle_0031.pt,runs\models_9x9_scratch\checkpoints\cycle_0061.pt,runs\models_9x9_scratch\checkpoints\cycle_0031.pt,runs\models_9x9_scratch\checkpoints\cycle_0061.pt,p2_win,0.0,76
3958,runs\models_9x9_scratch\checkpoints\cycle_0031.pt,runs\models_9x9_scratch\checkpoints\cycle_0061.pt,runs\models_9x9_scratch\checkpoints\cycle_0061.pt,runs\models_9x9_scratch\checkpoints\cycle_0031.pt,p1_win,0.0,77
3959,runs\models_9x9_scratch\checkpoints\cycle_0031.pt,runs\models_9x9_scratch\checkpoints\cycle_0061.pt,runs\models_9x9_scratch\checkpoints\cycle_0031.pt,runs\models_9x9_scratch\checkpoints\cycle_0061.pt,p2_win,0.0,80
3960,runs\models_9x9_scratch\checkpoints\cycle_0031.pt,runs\models_9x9_scratch\checkpoints\cycle_0061.pt,runs\models_9x9_scratch\checkpoints\cycle_0031.pt,runs\models_9x9_scratch\checkpoints\cycle_0061.pt,p2_win,0.0,82
3961,runs\models_9x9_scratch\checkpoints\cycle_0031.pt,runs\models_9x9_scratch\checkpoints\cycle_0061.pt,runs\models_9x9_scratch\checkpoints\cycle_0031.pt,runs\models_9x9_scratch\checkpoints\cycle_0061.pt,p2_win,0.0,82
3962,runs\models_9x9_scratch\checkpoints\cycle_0031.pt,runs\models_9x9_scratch\checkpoints\cycle_0061.pt,runs\models_9x9_scratch\checkpoints\cycle_0031.pt,runs\models_9x9_scratch\checkpoints\cycle_0061.pt,p2_win,0.0,82
3963,runs\models_9x9_scratch\checkpoints\cycle_0031.pt,runs\models_9x9_scratch\checkpoints\cycle_0061.pt,runs\models_9x9_scratch\checkpoints\cycle_0031.pt,runs\models_9x9_scratch\checkpoints\cycle_0061.pt,p2_win,0.0,84
3964,runs\models_9x9_scratch\checkpoints\cycle_0031.pt,runs\models_9x9_scratch\checkpoints\cycle_0061.pt,runs\models_9x9_scratch\checkpoints\cycle_0031.pt,runs\models_9x9_scratch\checkpoints\cycle_0061.pt,p2_win,0.0,84
3965,runs\models_9x9_scratch\checkpoints\cycle_0031.pt,runs\models_9x9_scratch\checkpoints\cycle_0061.pt,runs\models_9x9_scratch\checkpoints\cycle_0031.pt,runs\models_9x9_scratch\checkpoints\cycle_0061.pt,p2_win,0.0,80
3966,runs\models_9x9_scratch\checkpoints\cycle_0031.pt,runs\models_9x9_scratch\checkpoints\cycle_0061.pt,runs\models_9x9_scratch\checkpoints\cycle_0031.pt,runs\models_9x9_scratch\checkpoints\cycle_0061.pt,p2_win,0.0,84
3967,runs\models_9x9_scratch\checkpoints\cycle_0031.pt,runs\models_9x9_scratch\checkpoints\cycle_0061.pt,runs\models_9x9_scratch\checkpoints\cycle_0061.pt,runs\models_9x9_scratch\checkpoints\cycle_0031.pt,p1_win,0.0,81
3968,runs\models_9x9_scratch\checkpoints\cycle_0031.pt,runs\models_9x9_scratch\checkpoints\cycle_0061.pt,runs\models_9x9_scratch\checkpoints\cycle_0061.pt,runs\models_9x9_scratch\checkpoints\cycle_0031.pt,p1_win,0.0,83
3969,runs\models_9x9_scratch\checkpoints\cycle_0031.pt,runs\models_9x9_scratch\checkpoints\cycle_0061.pt,runs\models_9x9_scratch\checkpoints\cycle_0061.pt,runs\models_9x9_scratch\checkpoints\cycle_0031.pt,p1_win,0.0,83
3970,runs\models_9x9_scratch\checkpoints\cycle_0031.pt,runs\models_9x9_scratch\checkpoints\cycle_0061.pt,runs\models_9x9_scratch\checkpoints\cycle_0061.pt,runs\models_9x9_scratch\checkpoints\cycle_0031.pt,p1_win,0.0,85
3971,runs\models_9x9_scratch\checkpoints\cycle_0031.pt,runs\models_9x9_scratch\checkpoints\cycle_0061.pt,runs\models_9x9_scratch\checkpoints\cycle_0031.pt,runs\models_9x9_scratch\checkpoints\cycle_0061.pt,p2_win,0.0,90
3972,runs\models_9x9_scratch\checkpoints\cycle_0031.pt,runs\models_9x9_scratch\checkpoints\cycle_0061.pt,runs\models_9x9_scratch\checkpoints\cycle_0061.pt,runs\models_9x9_scratch\checkpoints\cycle_0031.pt,p1_win,0.0,87
3973,runs\models_9x9_scratch\checkpoints\cycle_0031.pt,runs\models_9x9_scratch\checkpoints\cycle_0061.pt,runs\models_9x9_scratch\checkpoints\cycle_0031.pt,runs\models_9x9_scratch\checkpoints\cycle_0061.pt,p2_win,0.0,88
3974,runs\models_9x9_scratch\checkpoints\cycle_0031.pt,runs\models_9x9_scratch\checkpoints\cycle_0061.pt,runs\models_9x9_scratch\checkpoints\cycle_0061.pt,runs\models_9x9_scratch\checkpoints\cycle_0031.pt,p1_win,0.0,87
3975,runs\models_9x9_scratch\checkpoints\cycle_0031.pt,runs\models_9x9_scratch\checkpoints\cycle_0061.pt,runs\models_9x9_scratch\checkpoints\cycle_0061.pt,runs\models_9x9_scratch\checkpoints\cycle_0031.pt,p1_win,0.0,87
3976,runs\models_9x9_scratch\checkpoints\cycle_0031.pt,runs\models_9x9_scratch\checkpoints\cycle_0061.pt,runs\models_9x9_scratch\checkpoints\cycle_0061.pt,runs\models_9x9_scratch\checkpoints\cycle_0031.pt,p1_win,0.0,91
3977,runs\models_9x9_scratch\checkpoints\cycle_0031.pt,runs\models_9x9_scratch\checkpoints\cycle_0061.pt,runs\models_9x9_scratch\checkpoints\cycle_0031.pt,runs\models_9x9_scratch\checkpoints\cycle_0061.pt,draw,0.5,96
3978,runs\models_9x9_scratch\checkpoints\cycle_0031.pt,runs\models_9x9_scratch\checkpoints\cycle_0061.pt,runs\models_9x9_scratch\checkpoints\cycle_0061.pt,runs\models_9x9_scratch\checkpoints\cycle_0031.pt,p1_win,0.0,91
3979,runs\models_9x9_scratch\checkpoints\cycle_0031.pt,runs\models_9x9_scratch\checkpoints\cycle_0061.pt,runs\models_9x9_scratch\checkpoints\cycle_0031.pt,runs\models_9x9_scratch\checkpoints\cycle_0061.pt,p2_win,0.0,92
3980,runs\models_9x9_scratch\checkpoints\cycle_0031.pt,runs\models_9x9_scratch\checkpoints\cycle_0061.pt,runs\models_9x9_scratch\checkpoints\cycle_0031.pt,runs\models_9x9_scratch\checkpoints\cycle_0061.pt,p2_win,0.0,92
3981,runs\models_9x9_scratch\checkpoints\cycle_0031.pt,runs\models_9x9_scratch\checkpoints\cycle_0061.pt,runs\models_9x9_scratch\checkpoints\cycle_0061.pt,runs\models_9x9_scratch\checkpoints\cycle_0031.pt,p1_win,0.0,93
3982,runs\models_9x9_scratch\checkpoints\cycle_0031.pt,runs\models_9x9_scratch\checkpoints\cycle_0061.pt,runs\models_9x9_scratch\checkpoints\cycle_0031.pt,runs\models_9x9_scratch\checkpoints\cycle_0061.pt,p2_win,0.0,96
3983,runs\models_9x9_scratch\checkpoints\cycle_0031.pt,runs\models_9x9_scratch\checkpoints\cycle_0061.pt,runs\models_9x9_scratch\checkpoints\cycle_0031.pt,runs\models_9x9_scratch\checkpoints\cycle_0061.pt,draw,0.5,100
3984,runs\models_9x9_scratch\checkpoints\cycle_0031.pt,runs\models_9x9_scratch\checkpoints\cycle_0061.pt,runs\models_9x9_scratch\checkpoints\cycle_0031.pt,runs\models_9x9_scratch\checkpoints\cycle_0061.pt,p2_win,0.0,92
3985,runs\models_9x9_scratch\checkpoints\cycle_0031.pt,runs\models_9x9_scratch\checkpoints\cycle_0061.pt,runs\models_9x9_scratch\checkpoints\cycle_0031.pt,runs\models_9x9_scratch\checkpoints\cycle_0061.pt,p2_win,0.0,100
3986,runs\models_9x9_scratch\checkpoints\cycle_0031.pt,runs\models_9x9_scratch\checkpoints\cycle_0061.pt,runs\models_9x9_scratch\checkpoints\cycle_0031.pt,runs\models_9x9_scratch\checkpoints\cycle_0061.pt,p2_win,0.0,98
3987,runs\models_9x9_scratch\checkpoints\cycle_0031.pt,runs\models_9x9_scratch\checkpoints\cycle_0061.pt,runs\models_9x9_scratch\checkpoints\cycle_0031.pt,runs\models_9x9_scratch\checkpoints\cycle_0061.pt,p2_win,0.0,98
3988,runs\models_9x9_scratch\checkpoints\cycle_0031.pt,runs\models_9x9_scratch\checkpoints\cycle_0061.pt,runs\models_9x9_scratch\checkpoints\cycle_0031.pt,runs\models_9x9_scratch\checkpoints\cycle_0061.pt,draw,0.5,100
3989,runs\models_9x9_scratch\checkpoints\cycle_0031.pt,runs\models_9x9_scratch\checkpoints\cycle_0061.pt,runs\models_9x9_scratch\checkpoints\cycle_0031.pt,runs\models_9x9_scratch\checkpoints\cycle_0061.pt,draw,0.5,100
3990,runs\models_9x9_scratch\checkpoints\cycle_0031.pt,runs\models_9x9_scratch\checkpoints\cycle_0061.pt,runs\models_9x9_scratch\checkpoints\cycle_0031.pt,runs\models_9x9_scratch\checkpoints\cycle_0061.pt,p2_win,0.0,100
3991,runs\models_9x9_scratch\checkpoints\cycle_0031.pt,runs\models_9x9_scratch\checkpoints\cycle_0061.pt,runs\models_9x9_scratch\checkpoints\cycle_0031.pt,runs\models_9x9_scratch\checkpoints\cycle_0061.pt,draw,0.5,100
3992,runs\models_9x9_scratch\checkpoints\cycle_0031.pt,runs\models_9x9_scratch\checkpoints\cycle_0061.pt,runs\models_9x9_scratch\checkpoints\cycle_0031.pt,runs\models_9x9_scratch\checkpoints\cycle_0061.pt,draw,0.5,100
3993,runs\models_9x9_scratch\checkpoints\cycle_0031.pt,runs\models_9x9_scratch\checkpoints\cycle_0061.pt,runs\models_9x9_scratch\checkpoints\cycle_0061.pt,runs\models_9x9_scratch\checkpoints\cycle_0031.pt,draw,0.5,100
3994,runs\models_9x9_scratch\checkpoints\cycle_0031.pt,runs\models_9x9_scratch\checkpoints\cycle_0061.pt,runs\models_9x9_scratch\checkpoints\cycle_0031.pt,runs\models_9x9_scratch\checkpoints\cycle_0061.pt,p2_win,0.0,100
3995,runs\models_9x9_scratch\checkpoints\cycle_0031.pt,runs\models_9x9_scratch\checkpoints\cycle_0061.pt,runs\models_9x9_scratch\checkpoints\cycle_0031.pt,runs\models_9x9_scratch\checkpoints\cycle_0061.pt,p1_win,1.0,99
3996,runs\models_9x9_scratch\checkpoints\cycle_0031.pt,runs\models_9x9_scratch\checkpoints\cycle_0061.pt,runs\models_9x9_scratch\checkpoints\cycle_0061.pt,runs\models_9x9_scratch\checkpoints\cycle_0031.pt,p1_win,0.0,97
3997,runs\models_9x9_scratch\checkpoints\cycle_0031.pt,runs\models_9x9_scratch\checkpoints\cycle_0061.pt,runs\models_9x9_scratch\checkpoints\cycle_0031.pt,runs\models_9x9_scratch\checkpoints\cycle_0061.pt,draw,0.5,100
3998,runs\models_9x9_scratch\checkpoints\cycle_0031.pt,runs\models_9x9_scratch\checkpoints\cycle_0061.pt,runs\models_9x9_scratch\checkpoints\cycle_0031.pt,runs\models_9x9_scratch\checkpoints\cycle_0061.pt,draw,0.5,100
3999,runs\models_9x9_scratch\checkpoints\cycle_0031.pt,runs\models_9x9_scratch\checkpoints\cycle_0061.pt,runs\models_9x9_scratch\checkpoints\cycle_0031.pt,runs\models_9x9_scratch\checkpoints\cycle_0061.pt,draw,0.5,100
4000,runs\models_9x9_scratch\checkpoints\cycle_0031.pt,runs\models_9x9_scratch\checkpoints\cycle_0061.pt,runs\models_9x9_scratch\checkpoints\cycle_0061.pt,runs\models_9x9_scratch\checkpoints\cycle_0031.pt,draw,0.5,100
4001,runs\models_9x9_scratch\checkpoints\cycle_0031.pt,runs\models_9x9_scratch\best.pt,runs\models_9x9_scratch\best.pt,runs\models_9x9_scratch\checkpoints\cycle_0031.pt,p1_win,0.0,31
4002,runs\models_9x9_scratch\checkpoints\cycle_0031.pt,runs\models_9x9_scratch\best.pt,runs\models_9x9_scratch\best.pt,runs\models_9x9_scratch\checkpoints\cycle_0031.pt,p1_win,0.0,31
4003,runs\models_9x9_scratch\checkpoints\cycle_0031.pt,runs\models_9x9_scratch\best.pt,runs\models_9x9_scratch\checkpoints\cycle_0031.pt,runs\models_9x9_scratch\best.pt,p2_win,0.0,34
4004,runs\models_9x9_scratch\checkpoints\cycle_0031.pt,runs\models_9x9_scratch\best.pt,runs\models_9x9_scratch\best.pt,runs\models_9x9_scratch\checkpoints\cycle_0031.pt,p1_win,0.0,35
4005,runs\models_9x9_scratch\checkpoints\cycle_0031.pt,runs\models_9x9_scratch\best.pt,runs\models_9x9_scratch\checkpoints\cycle_0031.pt,runs\models_9x9_scratch\best.pt,p2_win,0.0,34
4006,runs\models_9x9_scratch\checkpoints\cycle_0031.pt,runs\models_9x9_scratch\best.pt,runs\models_9x9_scratch\checkpoints\cycle_0031.pt,runs\models_9x9_scratch\best.pt,p2_win,0.0,34
4007,runs\models_9x9_scratch\checkpoints\cycle_0031.pt,runs\models_9x9_scratch\best.pt,runs\models_9x9_scratch\best.pt,runs\models_9x9_scratch\checkpoints\cycle_0031.pt,p1_win,0.0,37
4008,runs\models_9x9_scratch\checkpoints\cycle_0031.pt,runs\models_9x9_scratch\best.pt,runs\models_9x9_scratch\checkpoints\cycle_0031.pt,runs\models_9x9_scratch\best.pt,p2_win,0.0,36
4009,runs\models_9x9_scratch\checkpoints\cycle_0031.pt,runs\models_9x9_scratch\best.pt,runs\models_9x9_scratch\checkpoints\cycle_0031.pt,runs\models_9x9_scratch\best.pt,p2_win,0.0,36
4010,runs\models_9x9_scratch\checkpoints\cycle_0031.pt,runs\models_9x9_scratch\best.pt,runs\models_9x9_scratch\checkpoints\cycle_0031.pt,runs\models_9x9_scratch\best.pt,p2_win,0.0,36
4011,runs\models_9x9_scratch\checkpoints\cycle_0031.pt,runs\models_9x9_scratch\best.pt,runs\models_9x9_scratch\checkpoints\cycle_0031.pt,runs\models_9x9_scratch\best.pt,p2_win,0.0,36
4012,runs\models_9x9_scratch\checkpoints\cycle_0031.pt,runs\models_9x9_scratch\best.pt,runs\models_9x9_scratch\checkpoints\cycle_0031.pt,runs\models_9x9_scratch\best.pt,p2_win,0.0,36
4013,runs\models_9x9_scratch\checkpoints\cycle_0031.pt,runs\models_9x9_scratch\best.pt,runs\models_9x9_scratch\checkpoints\cycle_0031.pt,runs\models_9x9_scratch\best.pt,p2_win,0.0,36
4014,runs\models_9x9_scratch\checkpoints\cycle_0031.pt,runs\models_9x9_scratch\best.pt,runs\models_9x9_scratch\checkpoints\cycle_0031.pt,runs\models_9x9_scratch\best.pt,p2_win,0.0,36
4015,runs\models_9x9_scratch\checkpoints\cycle_0031.pt,runs\models_9x9_scratch\best.pt,runs\models_9x9_scratch\checkpoints\cycle_0031.pt,runs\models_9x9_scratch\best.pt,p2_win,0.0,36
4016,runs\models_9x9_scratch\checkpoints\cycle_0031.pt,runs\models_9x9_scratch\best.pt,runs\models_9x9_scratch\checkpoints\cycle_0031.pt,runs\models_9x9_scratch\best.pt,p2_win,0.0,36
4017,runs\models_9x9_scratch\checkpoints\cycle_0031.pt,runs\models_9x9_scratch\best.pt,runs\models_9x9_scratch\best.pt,runs\models_9x9_scratch\checkpoints\cycle_0031.pt,p1_win,0.0,39
4018,runs\models_9x9_scratch\checkpoints\cycle_0031.pt,runs\models_9x9_scratch\best.pt,runs\models_9x9_scratch\best.pt,runs\models_9x9_scratch\checkpoints\cycle_0031.pt,p1_win,0.0,37
4019,runs\models_9x9_scratch\checkpoints\cycle_0031.pt,runs\models_9x9_scratch\best.pt,runs\models_9x9_scratch\checkpoints\cycle_0031.pt,runs\models_9x9_scratch\best.pt,p2_win,0.0,38
4020,runs\models_9x9_scratch\checkpoints\cycle_0031.pt,runs\models_9x9_scratch\best.pt,runs\models_9x9_scratch\checkpoints\cycle_0031.pt,runs\models_9x9_scratch\best.pt,p2_win,0.0,38
4021,runs\models_9x9_scratch\checkpoints\cycle_0031.pt,runs\models_9x9_scratch\best.pt,runs\models_9x9_scratch\checkpoints\cycle_0031.pt,runs\models_9x9_scratch\best.pt,p2_win,0.0,38
4022,runs\models_9x9_scratch\checkpoints\cycle_0031.pt,runs\models_9x9_scratch\best.pt,runs\models_9x9_scratch\best.pt,runs\models_9x9_scratch\checkpoints\cycle_0031.pt,p1_win,0.0,37
4023,runs\models_9x9_scratch\checkpoints\cycle_0031.pt,runs\models_9x9_scratch\best.pt,runs\models_9x9_scratch\best.pt,runs\models_9x9_scratch\checkpoints\cycle_0031.pt,p1_win,0.0,39
4024,runs\models_9x9_scratch\checkpoints\cycle_0031.pt,runs\models_9x9_scratch\best.pt,runs\models_9x9_scratch\best.pt,runs\models_9x9_scratch\checkpoints\cycle_0031.pt,p1_win,0.0,39
4025,runs\models_9x9_scratch\checkpoints\cycle_0031.pt,runs\models_9x9_scratch\best.pt,runs\models_9x9_scratch\checkpoints\cycle_0031.pt,runs\models_9x9_scratch\best.pt,p2_win,0.0,40
4026,runs\models_9x9_scratch\checkpoints\cycle_0031.pt,runs\models_9x9_scratch\best.pt,runs\models_9x9_scratch\checkpoints\cycle_0031.pt,runs\models_9x9_scratch\best.pt,p2_win,0.0,40
4027,runs\models_9x9_scratch\checkpoints\cycle_0031.pt,runs\models_9x9_scratch\best.pt,runs\models_9x9_scratch\checkpoints\cycle_0031.pt,runs\models_9x9_scratch\best.pt,p2_win,0.0,40
4028,runs\models_9x9_scratch\checkpoints\cycle_0031.pt,runs\models_9x9_scratch\best.pt,runs\models_9x9_scratch\best.pt,runs\models_9x9_scratch\checkpoints\cycle_0031.pt,p1_win,0.0,39
4029,runs\models_9x9_scratch\checkpoints\cycle_0031.pt,runs\models_9x9_scratch\best.pt,runs\models_9x9_scratch\checkpoints\cycle_0031.pt,runs\models_9x9_scratch\best.pt,p2_win,0.0,40
4030,runs\models_9x9_scratch\checkpoints\cycle_0031.pt,runs\models_9x9_scratch\best.pt,runs\models_9x9_scratch\checkpoints\cycle_0031.pt,runs\models_9x9_scratch\best.pt,p2_win,0.0,40
4031,runs\models_9x9_scratch\checkpoints\cycle_0031.pt,runs\models_9x9_scratch\best.pt,runs\models_9x9_scratch\best.pt,runs\models_9x9_scratch\checkpoints\cycle_0031.pt,p1_win,0.0,39
4032,runs\models_9x9_scratch\checkpoints\cycle_0031.pt,runs\models_9x9_scratch\best.pt,runs\models_9x9_scratch\best.pt,runs\models_9x9_scratch\checkpoints\cycle_0031.pt,p1_win,0.0,39
4033,runs\models_9x9_scratch\checkpoints\cycle_0031.pt,runs\models_9x9_scratch\best.pt,runs\models_9x9_scratch\checkpoints\cycle_0031.pt,runs\models_9x9_scratch\best.pt,p2_win,0.0,40
4034,runs\models_9x9_scratch\checkpoints\cycle_0031.pt,runs\models_9x9_scratch\best.pt,runs\models_9x9_scratch\checkpoints\cycle_0031.pt,runs\models_9x9_scratch\best.pt,p2_win,0.0,40
4035,runs\models_9x9_scratch\checkpoints\cycle_0031.pt,runs\models_9x9_scratch\best.pt,runs\models_9x9_scratch\checkpoints\cycle_0031.pt,runs\models_9x9_scratch\best.pt,p2_win,0.0,40
4036,runs\models_9x9_scratch\checkpoints\cycle_0031.pt,runs\models_9x9_scratch\best.pt,runs\models_9x9_scratch\best.pt,runs\models_9x9_scratch\checkpoints\cycle_0031.pt,p1_win,0.0,39
4037,runs\models_9x9_scratch\checkpoints\cycle_0031.pt,runs\models_9x9_scratch\best.pt,runs\models_9x9_scratch\best.pt,runs\models_9x9_scratch\checkpoints\cycle_0031.pt,p1_win,0.0,39
4038,runs\models_9x9_scratch\checkpoints\cycle_0031.pt,runs\models_9x9_scratch\best.pt,runs\models_9x9_scratch\best.pt,runs\models_9x9_scratch\checkpoints\cycle_0031.pt,p1_win,0.0,41
4039,runs\models_9x9_scratch\checkpoints\cycle_0031.pt,runs\models_9x9_scratch\best.pt,runs\models_9x9_scratch\checkpoints\cycle_0031.pt,runs\models_9x9_scratch\best.pt,p2_win,0.0,40
4040,runs\models_9x9_scratch\checkpoints\cycle_0031.pt,runs\models_9x9_scratch\best.pt,runs\models_9x9_scratch\checkpoints\cycle_0031.pt,runs\models_9x9_scratch\best.pt,p2_win,0.0,40
4041,runs\models_9x9_scratch\checkpoints\cycle_0031.pt,runs\models_9x9_scratch\best.pt,runs\models_9x9_scratch\checkpoints\cycle_0031.pt,runs\models_9x9_scratch\best.pt,p2_win,0.0,40
4042,runs\models_9x9_scratch\checkpoints\cycle_0031.pt,runs\models_9x9_scratch\best.pt,runs\models_9x9_scratch\checkpoints\cycle_0031.pt,runs\models_9x9_scratch\best.pt,p2_win,0.0,42
4043,runs\models_9x9_scratch\checkpoints\cycle_0031.pt,runs\models_9x9_scratch\best.pt,runs\models_9x9_scratch\best.pt,runs\models_9x9_scratch\checkpoints\cycle_0031.pt,p1_win,0.0,41
4044,runs\models_9x9_scratch\checkpoints\cycle_0031.pt,runs\models_9x9_scratch\best.pt,runs\models_9x9_scratch\checkpoints\cycle_0031.pt,runs\models_9x9_scratch\best.pt,p2_win,0.0,42
4045,runs\models_9x9_scratch\checkpoints\cycle_0031.pt,runs\models_9x9_scratch\best.pt,runs\models_9x9_scratch\checkpoints\cycle_0031.pt,runs\models_9x9_scratch\best.pt,p2_win,0.0,42
4046,runs\models_9x9_scratch\checkpoints\cycle_0031.pt,runs\models_9x9_scratch\best.pt,runs\models_9x9_scratch\best.pt,runs\models_9x9_scratch\checkpoints\cycle_0031.pt,p1_win,0.0,41
4047,runs\models_9x9_scratch\checkpoints\cycle_0031.pt,runs\models_9x9_scratch\best.pt,runs\models_9x9_scratch\best.pt,runs\models_9x9_scratch\checkpoints\cycle_0031.pt,p1_win,0.0,41
4048,runs\models_9x9_scratch\checkpoints\cycle_0031.pt,runs\models_9x9_scratch\best.pt,runs\models_9x9_scratch\best.pt,runs\models_9x9_scratch\checkpoints\cycle_0031.pt,p1_win,0.0,41
4049,runs\models_9x9_scratch\checkpoints\cycle_0031.pt,runs\models_9x9_scratch\best.pt,runs\models_9x9_scratch\best.pt,runs\models_9x9_scratch\checkpoints\cycle_0031.pt,p1_win,0.0,41
4050,runs\models_9x9_scratch\checkpoints\cycle_0031.pt,runs\models_9x9_scratch\best.pt,runs\models_9x9_scratch\best.pt,runs\models_9x9_scratch\checkpoints\cycle_0031.pt,p1_win,0.0,41
4051,runs\models_9x9_scratch\checkpoints\cycle_0031.pt,runs\models_9x9_scratch\best.pt,runs\models_9x9_scratch\best.pt,runs\models_9x9_scratch\checkpoints\cycle_0031.pt,p1_win,0.0,41
4052,runs\models_9x9_scratch\checkpoints\cycle_0031.pt,runs\models_9x9_scratch\best.pt,runs\models_9x9_scratch\best.pt,runs\models_9x9_scratch\checkpoints\cycle_0031.pt,p1_win,0.0,41
4053,runs\models_9x9_scratch\checkpoints\cycle_0031.pt,runs\models_9x9_scratch\best.pt,runs\models_9x9_scratch\best.pt,runs\models_9x9_scratch\checkpoints\cycle_0031.pt,p1_win,0.0,43
4054,runs\models_9x9_scratch\checkpoints\cycle_0031.pt,runs\models_9x9_scratch\best.pt,runs\models_9x9_scratch\checkpoints\cycle_0031.pt,runs\models_9x9_scratch\best.pt,p2_win,0.0,42
4055,runs\models_9x9_scratch\checkpoints\cycle_0031.pt,runs\models_9x9_scratch\best.pt,runs\models_9x9_scratch\best.pt,runs\models_9x9_scratch\checkpoints\cycle_0031.pt,p1_win,0.0,41
4056,runs\models_9x9_scratch\checkpoints\cycle_0031.pt,runs\models_9x9_scratch\best.pt,runs\models_9x9_scratch\checkpoints\cycle_0031.pt,runs\models_9x9_scratch\best.pt,p2_win,0.0,42
4057,runs\models_9x9_scratch\checkpoints\cycle_0031.pt,runs\models_9x9_scratch\best.pt,runs\models_9x9_scratch\best.pt,runs\models_9x9_scratch\checkpoints\cycle_0031.pt,p1_win,0.0,41
4058,runs\models_9x9_scratch\checkpoints\cycle_0031.pt,runs\models_9x9_scratch\best.pt,runs\models_9x9_scratch\best.pt,runs\models_9x9_scratch\checkpoints\cycle_0031.pt,p1_win,0.0,45
4059,runs\models_9x9_scratch\checkpoints\cycle_0031.pt,runs\models_9x9_scratch\best.pt,runs\models_9x9_scratch\checkpoints\cycle_0031.pt,runs\models_9x9_scratch\best.pt,p2_win,0.0,42
4060,runs\models_9x9_scratch\checkpoints\cycle_0031.pt,runs\models_9x9_scratch\best.pt,runs\models_9x9_scratch\best.pt,runs\models_9x9_scratch\checkpoints\cycle_0031.pt,p1_win,0.0,41
4061,runs\models_9x9_scratch\checkpoints\cycle_0031.pt,runs\models_9x9_scratch\best.pt,runs\models_9x9_scratch\checkpoints\cycle_0031.pt,runs\models_9x9_scratch\best.pt,p2_win,0.0,42
4062,runs\models_9x9_scratch\checkpoints\cycle_0031.pt,runs\models_9x9_scratch\best.pt,runs\models_9x9_scratch\checkpoints\cycle_0031.pt,runs\models_9x9_scratch\best.pt,p2_win,0.0,42
4063,runs\models_9x9_scratch\checkpoints\cycle_0031.pt,runs\models_9x9_scratch\best.pt,runs\models_9x9_scratch\checkpoints\cycle_0031.pt,runs\models_9x9_scratch\best.pt,p2_win,0.0,42
4064,runs\models_9x9_scratch\checkpoints\cycle_0031.pt,runs\models_9x9_scratch\best.pt,runs\models_9x9_scratch\checkpoints\cycle_0031.pt,runs\models_9x9_scratch\best.pt,p2_win,0.0,42
4065,runs\models_9x9_scratch\checkpoints\cycle_0031.pt,runs\models_9x9_scratch\best.pt,runs\models_9x9_scratch\checkpoints\cycle_0031.pt,runs\models_9x9_scratch\best.pt,p2_win,0.0,44
4066,runs\models_9x9_scratch\checkpoints\cycle_0031.pt,runs\models_9x9_scratch\best.pt,runs\models_9x9_scratch\checkpoints\cycle_0031.pt,runs\models_9x9_scratch\best.pt,p2_win,0.0,42
4067,runs\models_9x9_scratch\checkpoints\cycle_0031.pt,runs\models_9x9_scratch\best.pt,runs\models_9x9_scratch\best.pt,runs\models_9x9_scratch\checkpoints\cycle_0031.pt,p1_win,0.0,43
4068,runs\models_9x9_scratch\checkpoints\cycle_0031.pt,runs\models_9x9_scratch\best.pt,runs\models_9x9_scratch\best.pt,runs\models_9x9_scratch\checkpoints\cycle_0031.pt,p1_win,0.0,41
4069,runs\models_9x9_scratch\checkpoints\cycle_0031.pt,runs\models_9x9_scratch\best.pt,runs\models_9x9_scratch\checkpoints\cycle_0031.pt,runs\models_9x9_scratch\best.pt,p2_win,0.0,42
4070,runs\models_9x9_scratch\checkpoints\cycle_0031.pt,runs\models_9x9_scratch\best.pt,runs\models_9x9_scratch\best.pt,runs\models_9x9_scratch\checkpoints\cycle_0031.pt,p1_win,0.0,43
4071,runs\models_9x9_scratch\checkpoints\cycle_0031.pt,runs\models_9x9_scratch\best.pt,runs\models_9x9_scratch\checkpoints\cycle_0031.pt,runs\models_9x9_scratch\best.pt,p2_win,0.0,44
4072,runs\models_9x9_scratch\checkpoints\cycle_0031.pt,runs\models_9x9_scratch\best.pt,runs\models_9x9_scratch\checkpoints\cycle_0031.pt,runs\models_9x9_scratch\best.pt,p2_win,0.0,42
4073,runs\models_9x9_scratch\checkpoints\cycle_0031.pt,runs\models_9x9_scratch\best.pt,runs\models_9x9_scratch\best.pt,runs\models_9x9_scratch\checkpoints\cycle_0031.pt,p1_win,0.0,43
4074,runs\models_9x9_scratch\checkpoints\cycle_0031.pt,runs\models_9x9_scratch\best.pt,runs\models_9x9_scratch\checkpoints\cycle_0031.pt,runs\models_9x9_scratch\best.pt,p2_win,0.0,44
4075,runs\models_9x9_scratch\checkpoints\cycle_0031.pt,runs\models_9x9_scratch\best.pt,runs\models_9x9_scratch\checkpoints\cycle_0031.pt,runs\models_9x9_scratch\best.pt,p2_win,0.0,44
4076,runs\models_9x9_scratch\checkpoints\cycle_0031.pt,runs\models_9x9_scratch\best.pt,runs\models_9x9_scratch\checkpoints\cycle_0031.pt,runs\models_9x9_scratch\best.pt,p2_win,0.0,44
4077,runs\models_9x9_scratch\checkpoints\cycle_0031.pt,runs\models_9x9_scratch\best.pt,runs\models_9x9_scratch\best.pt,runs\models_9x9_scratch\checkpoints\cycle_0031.pt,p1_win,0.0,43
4078,runs\models_9x9_scratch\checkpoints\cycle_0031.pt,runs\models_9x9_scratch\best.pt,runs\models_9x9_scratch\checkpoints\cycle_0031.pt,runs\models_9x9_scratch\best.pt,p2_win,0.0,44
4079,runs\models_9x9_scratch\checkpoints\cycle_0031.pt,runs\models_9x9_scratch\best.pt,runs\models_9x9_scratch\best.pt,runs\models_9x9_scratch\checkpoints\cycle_0031.pt,p1_win,0.0,43
4080,runs\models_9x9_scratch\checkpoints\cycle_0031.pt,runs\models_9x9_scratch\best.pt,runs\models_9x9_scratch\checkpoints\cycle_0031.pt,runs\models_9x9_scratch\best.pt,p2_win,0.0,44
4081,runs\models_9x9_scratch\checkpoints\cycle_0031.pt,runs\models_9x9_scratch\best.pt,runs\models_9x9_scratch\best.pt,runs\models_9x9_scratch\checkpoints\cycle_0031.pt,p1_win,0.0,43
4082,runs\models_9x9_scratch\checkpoints\cycle_0031.pt,runs\models_9x9_scratch\best.pt,runs\models_9x9_scratch\checkpoints\cycle_0031.pt,runs\models_9x9_scratch\best.pt,p2_win,0.0,42
4083,runs\models_9x9_scratch\checkpoints\cycle_0031.pt,runs\models_9x9_scratch\best.pt,runs\models_9x9_scratch\checkpoints\cycle_0031.pt,runs\models_9x9_scratch\best.pt,p2_win,0.0,44
4084,runs\models_9x9_scratch\checkpoints\cycle_0031.pt,runs\models_9x9_scratch\best.pt,runs\models_9x9_scratch\best.pt,runs\models_9x9_scratch\checkpoints\cycle_0031.pt,p1_win,0.0,43
4085,runs\models_9x9_scratch\checkpoints\cycle_0031.pt,runs\models_9x9_scratch\best.pt,runs\models_9x9_scratch\best.pt,runs\models_9x9_scratch\checkpoints\cycle_0031.pt,p1_win,0.0,45
4086,runs\models_9x9_scratch\checkpoints\cycle_0031.pt,runs\models_9x9_scratch\best.pt,runs\models_9x9_scratch\checkpoints\cycle_0031.pt,runs\models_9x9_scratch\best.pt,p2_win,0.0,48
4087,runs\models_9x9_scratch\checkpoints\cycle_0031.pt,runs\models_9x9_scratch\best.pt,runs\models_9x9_scratch\best.pt,runs\models_9x9_scratch\checkpoints\cycle_0031.pt,p1_win,0.0,45
4088,runs\models_9x9_scratch\checkpoints\cycle_0031.pt,runs\models_9x9_scratch\best.pt,runs\models_9x9_scratch\checkpoints\cycle_0031.pt,runs\models_9x9_scratch\best.pt,p2_win,0.0,44
4089,runs\models_9x9_scratch\checkpoints\cycle_0031.pt,runs\models_9x9_scratch\best.pt,runs\models_9x9_scratch\checkpoints\cycle_0031.pt,runs\models_9x9_scratch\best.pt,p2_win,0.0,44
4090,runs\models_9x9_scratch\checkpoints\cycle_0031.pt,runs\models_9x9_scratch\best.pt,runs\models_9x9_scratch\checkpoints\cycle_0031.pt,runs\models_9x9_scratch\best.pt,p2_win,0.0,44
4091,runs\models_9x9_scratch\checkpoints\cycle_0031.pt,runs\models_9x9_scratch\best.pt,runs\models_9x9_scratch\best.pt,runs\models_9x9_scratch\checkpoints\cycle_0031.pt,p1_win,0.0,45
4092,runs\models_9x9_scratch\checkpoints\cycle_0031.pt,runs\models_9x9_scratch\best.pt,runs\models_9x9_scratch\checkpoints\cycle_0031.pt,runs\models_9x9_scratch\best.pt,p2_win,0.0,46
4093,runs\models_9x9_scratch\checkpoints\cycle_0031.pt,runs\models_9x9_scratch\best.pt,runs\models_9x9_scratch\best.pt,runs\models_9x9_scratch\checkpoints\cycle_0031.pt,p1_win,0.0,43
4094,runs\models_9x9_scratch\checkpoints\cycle_0031.pt,runs\models_9x9_scratch\best.pt,runs\models_9x9_scratch\best.pt,runs\models_9x9_scratch\checkpoints\cycle_0031.pt,p1_win,0.0,45
4095,runs\models_9x9_scratch\checkpoints\cycle_0031.pt,runs\models_9x9_scratch\best.pt,runs\models_9x9_scratch\checkpoints\cycle_0031.pt,runs\models_9x9_scratch\best.pt,p2_win,0.0,46
4096,runs\models_9x9_scratch\checkpoints\cycle_0031.pt,runs\models_9x9_scratch\best.pt,runs\models_9x9_scratch\checkpoints\cycle_0031.pt,runs\models_9x9_scratch\best.pt,p2_win,0.0,44
4097,runs\models_9x9_scratch\checkpoints\cycle_0031.pt,runs\models_9x9_scratch\best.pt,runs\models_9x9_scratch\best.pt,runs\models_9x9_scratch\checkpoints\cycle_0031.pt,p1_win,0.0,45
4098,runs\models_9x9_scratch\checkpoints\cycle_0031.pt,runs\models_9x9_scratch\best.pt,runs\models_9x9_scratch\best.pt,runs\models_9x9_scratch\checkpoints\cycle_0031.pt,p1_win,0.0,45
4099,runs\models_9x9_scratch\checkpoints\cycle_0031.pt,runs\models_9x9_scratch\best.pt,runs\models_9x9_scratch\checkpoints\cycle_0031.pt,runs\models_9x9_scratch\best.pt,p2_win,0.0,46
4100,runs\models_9x9_scratch\checkpoints\cycle_0031.pt,runs\models_9x9_scratch\best.pt,runs\models_9x9_scratch\best.pt,runs\models_9x9_scratch\checkpoints\cycle_0031.pt,p1_win,0.0,45
4101,runs\models_9x9_scratch\checkpoints\cycle_0031.pt,runs\models_9x9_scratch\best.pt,runs\models_9x9_scratch\checkpoints\cycle_0031.pt,runs\models_9x9_scratch\best.pt,p2_win,0.0,48
4102,runs\models_9x9_scratch\checkpoints\cycle_0031.pt,runs\models_9x9_scratch\best.pt,runs\models_9x9_scratch\checkpoints\cycle_0031.pt,runs\models_9x9_scratch\best.pt,p2_win,0.0,44
4103,runs\models_9x9_scratch\checkpoints\cycle_0031.pt,runs\models_9x9_scratch\best.pt,runs\models_9x9_scratch\best.pt,runs\models_9x9_scratch\checkpoints\cycle_0031.pt,p1_win,0.0,45
4104,runs\models_9x9_scratch\checkpoints\cycle_0031.pt,runs\models_9x9_scratch\best.pt,runs\models_9x9_scratch\checkpoints\cycle_0031.pt,runs\models_9x9_scratch\best.pt,p2_win,0.0,44
4105,runs\models_9x9_scratch\checkpoints\cycle_0031.pt,runs\models_9x9_scratch\best.pt,runs\models_9x9_scratch\checkpoints\cycle_0031.pt,runs\models_9x9_scratch\best.pt,p2_win,0.0,44
4106,runs\models_9x9_scratch\checkpoints\cycle_0031.pt,runs\models_9x9_scratch\best.pt,runs\models_9x9_scratch\checkpoints\cycle_0031.pt,runs\models_9x9_scratch\best.pt,p2_win,0.0,48
4107,runs\models_9x9_scratch\checkpoints\cycle_0031.pt,runs\models_9x9_scratch\best.pt,runs\models_9x9_scratch\best.pt,runs\models_9x9_scratch\checkpoints\cycle_0031.pt,p1_win,0.0,45
4108,runs\models_9x9_scratch\checkpoints\cycle_0031.pt,runs\models_9x9_scratch\best.pt,runs\models_9x9_scratch\checkpoints\cycle_0031.pt,runs\models_9x9_scratch\best.pt,p2_win,0.0,50
4109,runs\models_9x9_scratch\checkpoints\cycle_0031.pt,runs\models_9x9_scratch\best.pt,runs\models_9x9_scratch\checkpoints\cycle_0031.pt,runs\models_9x9_scratch\best.pt,p2_win,0.0,46
4110,runs\models_9x9_scratch\checkpoints\cycle_0031.pt,runs\models_9x9_scratch\best.pt,runs\models_9x9_scratch\checkpoints\cycle_0031.pt,runs\models_9x9_scratch\best.pt,p2_win,0.0,48
4111,runs\models_9x9_scratch\checkpoints\cycle_0031.pt,runs\models_9x9_scratch\best.pt,runs\models_9x9_scratch\best.pt,runs\models_9x9_scratch\checkpoints\cycle_0031.pt,p1_win,0.0,45
4112,runs\models_9x9_scratch\checkpoints\cycle_0031.pt,runs\models_9x9_scratch\best.pt,runs\models_9x9_scratch\best.pt,runs\models_9x9_scratch\checkpoints\cycle_0031.pt,p1_win,0.0,45
4113,runs\models_9x9_scratch\checkpoints\cycle_0031.pt,runs\models_9x9_scratch\best.pt,runs\models_9x9_scratch\best.pt,runs\models_9x9_scratch\checkpoints\cycle_0031.pt,p1_win,0.0,45
4114,runs\models_9x9_scratch\checkpoints\cycle_0031.pt,runs\models_9x9_scratch\best.pt,runs\models_9x9_scratch\best.pt,runs\models_9x9_scratch\checkpoints\cycle_0031.pt,p1_win,0.0,45
4115,runs\models_9x9_scratch\checkpoints\cycle_0031.pt,runs\models_9x9_scratch\best.pt,runs\models_9x9_scratch\checkpoints\cycle_0031.pt,runs\models_9x9_scratch\best.pt,p2_win,0.0,48
4116,runs\models_9x9_scratch\checkpoints\cycle_0031.pt,runs\models_9x9_scratch\best.pt,runs\models_9x9_scratch\checkpoints\cycle_0031.pt,runs\models_9x9_scratch\best.pt,p2_win,0.0,48
4117,runs\models_9x9_scratch\checkpoints\cycle_0031.pt,runs\models_9x9_scratch\best.pt,runs\models_9x9_scratch\checkpoints\cycle_0031.pt,runs\models_9x9_scratch\best.pt,p2_win,0.0,46
4118,runs\models_9x9_scratch\checkpoints\cycle_0031.pt,runs\models_9x9_scratch\best.pt,runs\models_9x9_scratch\best.pt,runs\models_9x9_scratch\checkpoints\cycle_0031.pt,p1_win,0.0,45
4119,runs\models_9x9_scratch\checkpoints\cycle_0031.pt,runs\models_9x9_scratch\best.pt,runs\models_9x9_scratch\best.pt,runs\models_9x9_scratch\checkpoints\cycle_0031.pt,p1_win,0.0,45
4120,runs\models_9x9_scratch\checkpoints\cycle_0031.pt,runs\models_9x9_scratch\best.pt,runs\models_9x9_scratch\checkpoints\cycle_0031.pt,runs\models_9x9_scratch\best.pt,p2_win,0.0,46
4121,runs\models_9x9_scratch\checkpoints\cycle_0031.pt,runs\models_9x9_scratch\best.pt,runs\models_9x9_scratch\checkpoints\cycle_0031.pt,runs\models_9x9_scratch\best.pt,p2_win,0.0,48
4122,runs\models_9x9_scratch\checkpoints\cycle_0031.pt,runs\models_9x9_scratch\best.pt,runs\models_9x9_scratch\best.pt,runs\models_9x9_scratch\checkpoints\cycle_0031.pt,p1_win,0.0,47
4123,runs\models_9x9_scratch\checkpoints\cycle_0031.pt,runs\models_9x9_scratch\best.pt,runs\models_9x9_scratch\best.pt,runs\models_9x9_scratch\checkpoints\cycle_0031.pt,p1_win,0.0,49
4124,runs\models_9x9_scratch\checkpoints\cycle_0031.pt,runs\models_9x9_scratch\best.pt,runs\models_9x9_scratch\checkpoints\cycle_0031.pt,runs\models_9x9_scratch\best.pt,p2_win,0.0,46
4125,runs\models_9x9_scratch\checkpoints\cycle_0031.pt,runs\models_9x9_scratch\best.pt,runs\models_9x9_scratch\checkpoints\cycle_0031.pt,runs\models_9x9_scratch\best.pt,p2_win,0.0,46
4126,runs\models_9x9_scratch\checkpoints\cycle_0031.pt,runs\models_9x9_scratch\best.pt,runs\models_9x9_scratch\checkpoints\cycle_0031.pt,runs\models_9x9_scratch\best.pt,p2_win,0.0,46
4127,runs\models_9x9_scratch\checkpoints\cycle_0031.pt,runs\models_9x9_scratch\best.pt,runs\models_9x9_scratch\checkpoints\cycle_0031.pt,runs\models_9x9_scratch\best.pt,p2_win,0.0,50
4128,runs\models_9x9_scratch\checkpoints\cycle_0031.pt,runs\models_9x9_scratch\best.pt,runs\models_9x9_scratch\best.pt,runs\models_9x9_scratch\checkpoints\cycle_0031.pt,p1_win,0.0,49
4129,runs\models_9x9_scratch\checkpoints\cycle_0031.pt,runs\models_9x9_scratch\best.pt,runs\models_9x9_scratch\best.pt,runs\models_9x9_scratch\checkpoints\cycle_0031.pt,p1_win,0.0,47
4130,runs\models_9x9_scratch\checkpoints\cycle_0031.pt,runs\models_9x9_scratch\best.pt,runs\models_9x9_scratch\checkpoints\cycle_0031.pt,runs\models_9x9_scratch\best.pt,p2_win,0.0,48
4131,runs\models_9x9_scratch\checkpoints\cycle_0031.pt,runs\models_9x9_scratch\best.pt,runs\models_9x9_scratch\checkpoints\cycle_0031.pt,runs\models_9x9_scratch\best.pt,p2_win,0.0,48
4132,runs\models_9x9_scratch\checkpoints\cycle_0031.pt,runs\models_9x9_scratch\best.pt,runs\models_9x9_scratch\best.pt,runs\models_9x9_scratch\checkpoints\cycle_0031.pt,p1_win,0.0,47
4133,runs\models_9x9_scratch\checkpoints\cycle_0031.pt,runs\models_9x9_scratch\best.pt,runs\models_9x9_scratch\checkpoints\cycle_0031.pt,runs\models_9x9_scratch\best.pt,p2_win,0.0,46
4134,runs\models_9x9_scratch\checkpoints\cycle_0031.pt,runs\models_9x9_scratch\best.pt,runs\models_9x9_scratch\best.pt,runs\models_9x9_scratch\checkpoints\cycle_0031.pt,p1_win,0.0,47
4135,runs\models_9x9_scratch\checkpoints\cycle_0031.pt,runs\models_9x9_scratch\best.pt,runs\models_9x9_scratch\best.pt,runs\models_9x9_scratch\checkpoints\cycle_0031.pt,p1_win,0.0,47
4136,runs\models_9x9_scratch\checkpoints\cycle_0031.pt,runs\models_9x9_scratch\best.pt,runs\models_9x9_scratch\checkpoints\cycle_0031.pt,runs\models_9x9_scratch\best.pt,p2_win,0.0,46
4137,runs\models_9x9_scratch\checkpoints\cycle_0031.pt,runs\models_9x9_scratch\best.pt,runs\models_9x9_scratch\best.pt,runs\models_9x9_scratch\checkpoints\cycle_0031.pt,p1_win,0.0,47
4138,runs\models_9x9_scratch\checkpoints\cycle_0031.pt,runs\models_9x9_scratch\best.pt,runs\models_9x9_scratch\checkpoints\cycle_0031.pt,runs\models_9x9_scratch\best.pt,p2_win,0.0,48
4139,runs\models_9x9_scratch\checkpoints\cycle_0031.pt,runs\models_9x9_scratch\best.pt,runs\models_9x9_scratch\checkpoints\cycle_0031.pt,runs\models_9x9_scratch\best.pt,p2_win,0.0,48
4140,runs\models_9x9_scratch\checkpoints\cycle_0031.pt,runs\models_9x9_scratch\best.pt,runs\models_9x9_scratch\best.pt,runs\models_9x9_scratch\checkpoints\cycle_0031.pt,p1_win,0.0,47
4141,runs\models_9x9_scratch\checkpoints\cycle_0031.pt,runs\models_9x9_scratch\best.pt,runs\models_9x9_scratch\checkpoints\cycle_0031.pt,runs\models_9x9_scratch\best.pt,p2_win,0.0,50
4142,runs\models_9x9_scratch\checkpoints\cycle_0031.pt,runs\models_9x9_scratch\best.pt,runs\models_9x9_scratch\best.pt,runs\models_9x9_scratch\checkpoints\cycle_0031.pt,p1_win,0.0,47
4143,runs\models_9x9_scratch\checkpoints\cycle_0031.pt,runs\models_9x9_scratch\best.pt,runs\models_9x9_scratch\best.pt,runs\models_9x9_scratch\checkpoints\cycle_0031.pt,p1_win,0.0,51
4144,runs\models_9x9_scratch\checkpoints\cycle_0031.pt,runs\models_9x9_scratch\best.pt,runs\models_9x9_scratch\best.pt,runs\models_9x9_scratch\checkpoints\cycle_0031.pt,p1_win,0.0,47
4145,runs\models_9x9_scratch\checkpoints\cycle_0031.pt,runs\models_9x9_scratch\best.pt,runs\models_9x9_scratch\checkpoints\cycle_0031.pt,runs\models_9x9_scratch\best.pt,p2_win,0.0,46
4146,runs\models_9x9_scratch\checkpoints\cycle_0031.pt,runs\models_9x9_scratch\best.pt,runs\models_9x9_scratch\checkpoints\cycle_0031.pt,runs\models_9x9_scratch\best.pt,p2_win,0.0,48
4147,runs\models_9x9_scratch\checkpoints\cycle_0031.pt,runs\models_9x9_scratch\best.pt,runs\models_9x9_scratch\best.pt,runs\models_9x9_scratch\checkpoints\cycle_0031.pt,p1_win,0.0,47
4148,runs\models_9x9_scratch\checkpoints\cycle_0031.pt,runs\models_9x9_scratch\best.pt,runs\models_9x9_scratch\checkpoints\cycle_0031.pt,runs\models_9x9_scratch\best.pt,p2_win,0.0,48
4149,runs\models_9x9_scratch\checkpoints\cycle_0031.pt,runs\models_9x9_scratch\best.pt,runs\models_9x9_scratch\best.pt,runs\models_9x9_scratch\checkpoints\cycle_0031.pt,p1_win,0.0,47
4150,runs\models_9x9_scratch\checkpoints\cycle_0031.pt,runs\models_9x9_scratch\best.pt,runs\models_9x9_scratch\checkpoints\cycle_0031.pt,runs\models_9x9_scratch\best.pt,p2_win,0.0,46
4151,runs\models_9x9_scratch\checkpoints\cycle_0031.pt,runs\models_9x9_scratch\best.pt,runs\models_9x9_scratch\checkpoints\cycle_0031.pt,runs\models_9x9_scratch\best.pt,p2_win,0.0,48
4152,runs\models_9x9_scratch\checkpoints\cycle_0031.pt,runs\models_9x9_scratch\best.pt,runs\models_9x9_scratch\best.pt,runs\models_9x9_scratch\checkpoints\cycle_0031.pt,p1_win,0.0,47
4153,runs\models_9x9_scratch\checkpoints\cycle_0031.pt,runs\models_9x9_scratch\best.pt,runs\models_9x9_scratch\checkpoints\cycle_0031.pt,runs\models_9x9_scratch\best.pt,p2_win,0.0,48
4154,runs\models_9x9_scratch\checkpoints\cycle_0031.pt,runs\models_9x9_scratch\best.pt,runs\models_9x9_scratch\best.pt,runs\models_9x9_scratch\checkpoints\cycle_0031.pt,p1_win,0.0,47
4155,runs\models_9x9_scratch\checkpoints\cycle_0031.pt,runs\models_9x9_scratch\best.pt,runs\models_9x9_scratch\checkpoints\cycle_0031.pt,runs\models_9x9_scratch\best.pt,p2_win,0.0,48
4156,runs\models_9x9_scratch\checkpoints\cycle_0031.pt,runs\models_9x9_scratch\best.pt,runs\models_9x9_scratch\best.pt,runs\models_9x9_scratch\checkpoints\cycle_0031.pt,p1_win,0.0,49
4157,runs\models_9x9_scratch\checkpoints\cycle_0031.pt,runs\models_9x9_scratch\best.pt,runs\models_9x9_scratch\best.pt,runs\models_9x9_scratch\checkpoints\cycle_0031.pt,p1_win,0.0,47
4158,runs\models_9x9_scratch\checkpoints\cycle_0031.pt,runs\models_9x9_scratch\best.pt,runs\models_9x9_scratch\best.pt,runs\models_9x9_scratch\checkpoints\cycle_0031.pt,p1_win,0.0,49
4159,runs\models_9x9_scratch\checkpoints\cycle_0031.pt,runs\models_9x9_scratch\best.pt,runs\models_9x9_scratch\checkpoints\cycle_0031.pt,runs\models_9x9_scratch\best.pt,p2_win,0.0,48
4160,runs\models_9x9_scratch\checkpoints\cycle_0031.pt,runs\models_9x9_scratch\best.pt,runs\models_9x9_scratch\checkpoints\cycle_0031.pt,runs\models_9x9_scratch\best.pt,p2_win,0.0,48
4161,runs\models_9x9_scratch\checkpoints\cycle_0031.pt,runs\models_9x9_scratch\best.pt,runs\models_9x9_scratch\checkpoints\cycle_0031.pt,runs\models_9x9_scratch\best.pt,p2_win,0.0,52
4162,runs\models_9x9_scratch\checkpoints\cycle_0031.pt,runs\models_9x9_scratch\best.pt,runs\models_9x9_scratch\best.pt,runs\models_9x9_scratch\checkpoints\cycle_0031.pt,p1_win,0.0,51
4163,runs\models_9x9_scratch\checkpoints\cycle_0031.pt,runs\models_9x9_scratch\best.pt,runs\models_9x9_scratch\checkpoints\cycle_0031.pt,runs\models_9x9_scratch\best.pt,p2_win,0.0,48
4164,runs\models_9x9_scratch\checkpoints\cycle_0031.pt,runs\models_9x9_scratch\best.pt,runs\models_9x9_scratch\checkpoints\cycle_0031.pt,runs\models_9x9_scratch\best.pt,p2_win,0.0,52
4165,runs\models_9x9_scratch\checkpoints\cycle_0031.pt,runs\models_9x9_scratch\best.pt,runs\models_9x9_scratch\best.pt,runs\models_9x9_scratch\checkpoints\cycle_0031.pt,p1_win,0.0,49
4166,runs\models_9x9_scratch\checkpoints\cycle_0031.pt,runs\models_9x9_scratch\best.pt,runs\models_9x9_scratch\checkpoints\cycle_0031.pt,runs\models_9x9_scratch\best.pt,p2_win,0.0,48
4167,runs\models_9x9_scratch\checkpoints\cycle_0031.pt,runs\models_9x9_scratch\best.pt,runs\models_9x9_scratch\checkpoints\cycle_0031.pt,runs\models_9x9_scratch\best.pt,p2_win,0.0,48
4168,runs\models_9x9_scratch\checkpoints\cycle_0031.pt,runs\models_9x9_scratch\best.pt,runs\models_9x9_scratch\checkpoints\cycle_0031.pt,runs\models_9x9_scratch\best.pt,p2_win,0.0,48
4169,runs\models_9x9_scratch\checkpoints\cycle_0031.pt,runs\models_9x9_scratch\best.pt,runs\models_9x9_scratch\best.pt,runs\models_9x9_scratch\checkpoints\cycle_0031.pt,p1_win,0.0,51
4170,runs\models_9x9_scratch\checkpoints\cycle_0031.pt,runs\models_9x9_scratch\best.pt,runs\models_9x9_scratch\checkpoints\cycle_0031.pt,runs\models_9x9_scratch\best.pt,p2_win,0.0,48
4171,runs\models_9x9_scratch\checkpoints\cycle_0031.pt,runs\models_9x9_scratch\best.pt,runs\models_9x9_scratch\best.pt,runs\models_9x9_scratch\checkpoints\cycle_0031.pt,p1_win,0.0,51
4172,runs\models_9x9_scratch\checkpoints\cycle_0031.pt,runs\models_9x9_scratch\best.pt,runs\models_9x9_scratch\checkpoints\cycle_0031.pt,runs\models_9x9_scratch\best.pt,p2_win,0.0,48
4173,runs\models_9x9_scratch\checkpoints\cycle_0031.pt,runs\models_9x9_scratch\best.pt,runs\models_9x9_scratch\checkpoints\cycle_0031.pt,runs\models_9x9_scratch\best.pt,p2_win,0.0,48
4174,runs\models_9x9_scratch\checkpoints\cycle_0031.pt,runs\models_9x9_scratch\best.pt,runs\models_9x9_scratch\checkpoints\cycle_0031.pt,runs\models_9x9_scratch\best.pt,p2_win,0.0,48
4175,runs\models_9x9_scratch\checkpoints\cycle_0031.pt,runs\models_9x9_scratch\best.pt,runs\models_9x9_scratch\checkpoints\cycle_0031.pt,runs\models_9x9_scratch\best.pt,p2_win,0.0,48
4176,runs\models_9x9_scratch\checkpoints\cycle_0031.pt,runs\models_9x9_scratch\best.pt,runs\models_9x9_scratch\checkpoints\cycle_0031.pt,runs\models_9x9_scratch\best.pt,p2_win,0.0,50
4177,runs\models_9x9_scratch\checkpoints\cycle_0031.pt,runs\models_9x9_scratch\best.pt,runs\models_9x9_scratch\checkpoints\cycle_0031.pt,runs\models_9x9_scratch\best.pt,p2_win,0.0,48
4178,runs\models_9x9_scratch\checkpoints\cycle_0031.pt,runs\models_9x9_scratch\best.pt,runs\models_9x9_scratch\checkpoints\cycle_0031.pt,runs\models_9x9_scratch\best.pt,p2_win,0.0,50
4179,runs\models_9x9_scratch\checkpoints\cycle_0031.pt,runs\models_9x9_scratch\best.pt,runs\models_9x9_scratch\checkpoints\cycle_0031.pt,runs\models_9x9_scratch\best.pt,p2_win,0.0,52
4180,runs\models_9x9_scratch\checkpoints\cycle_0031.pt,runs\models_9x9_scratch\best.pt,runs\models_9x9_scratch\checkpoints\cycle_0031.pt,runs\models_9x9_scratch\best.pt,p2_win,0.0,48
4181,runs\models_9x9_scratch\checkpoints\cycle_0031.pt,runs\models_9x9_scratch\best.pt,runs\models_9x9_scratch\best.pt,runs\models_9x9_scratch\checkpoints\cycle_0031.pt,p1_win,0.0,51
4182,runs\models_9x9_scratch\checkpoints\cycle_0031.pt,runs\models_9x9_scratch\best.pt,runs\models_9x9_scratch\checkpoints\cycle_0031.pt,runs\models_9x9_scratch\best.pt,p2_win,0.0,50
4183,runs\models_9x9_scratch\checkpoints\cycle_0031.pt,runs\models_9x9_scratch\best.pt,runs\models_9x9_scratch\best.pt,runs\models_9x9_scratch\checkpoints\cycle_0031.pt,p1_win,0.0,49
4184,runs\models_9x9_scratch\checkpoints\cycle_0031.pt,runs\models_9x9_scratch\best.pt,runs\models_9x9_scratch\best.pt,runs\models_9x9_scratch\checkpoints\cycle_0031.pt,p1_win,0.0,49
4185,runs\models_9x9_scratch\checkpoints\cycle_0031.pt,runs\models_9x9_scratch\best.pt,runs\models_9x9_scratch\best.pt,runs\models_9x9_scratch\checkpoints\cycle_0031.pt,p1_win,0.0,49
4186,runs\models_9x9_scratch\checkpoints\cycle_0031.pt,runs\models_9x9_scratch\best.pt,runs\models_9x9_scratch\best.pt,runs\models_9x9_scratch\checkpoints\cycle_0031.pt,p1_win,0.0,49
4187,runs\models_9x9_scratch\checkpoints\cycle_0031.pt,runs\models_9x9_scratch\best.pt,runs\models_9x9_scratch\best.pt,runs\models_9x9_scratch\checkpoints\cycle_0031.pt,p1_win,0.0,49
4188,runs\models_9x9_scratch\checkpoints\cycle_0031.pt,runs\models_9x9_scratch\best.pt,runs\models_9x9_scratch\best.pt,runs\models_9x9_scratch\checkpoints\cycle_0031.pt,p1_win,0.0,51
4189,runs\models_9x9_scratch\checkpoints\cycle_0031.pt,runs\models_9x9_scratch\best.pt,runs\models_9x9_scratch\checkpoints\cycle_0031.pt,runs\models_9x9_scratch\best.pt,p2_win,0.0,48
4190,runs\models_9x9_scratch\checkpoints\cycle_0031.pt,runs\models_9x9_scratch\best.pt,runs\models_9x9_scratch\checkpoints\cycle_0031.pt,runs\models_9x9_scratch\best.pt,p2_win,0.0,50
4191,runs\models_9x9_scratch\checkpoints\cycle_0031.pt,runs\models_9x9_scratch\best.pt,runs\models_9x9_scratch\best.pt,runs\models_9x9_scratch\checkpoints\cycle_0031.pt,p1_win,0.0,49
4192,runs\models_9x9_scratch\checkpoints\cycle_0031.pt,runs\models_9x9_scratch\best.pt,runs\models_9x9_scratch\best.pt,runs\models_9x9_scratch\checkpoints\cycle_0031.pt,p1_win,0.0,49
4193,runs\models_9x9_scratch\checkpoints\cycle_0031.pt,runs\models_9x9_scratch\best.pt,runs\models_9x9_scratch\best.pt,runs\models_9x9_scratch\checkpoints\cycle_0031.pt,p1_win,0.0,49
4194,runs\models_9x9_scratch\checkpoints\cycle_0031.pt,runs\models_9x9_scratch\best.pt,runs\models_9x9_scratch\best.pt,runs\models_9x9_scratch\checkpoints\cycle_0031.pt,p1_win,0.0,51
4195,runs\models_9x9_scratch\checkpoints\cycle_0031.pt,runs\models_9x9_scratch\best.pt,runs\models_9x9_scratch\best.pt,runs\models_9x9_scratch\checkpoints\cycle_0031.pt,p1_win,0.0,49
4196,runs\models_9x9_scratch\checkpoints\cycle_0031.pt,runs\models_9x9_scratch\best.pt,runs\models_9x9_scratch\best.pt,runs\models_9x9_scratch\checkpoints\cycle_0031.pt,p1_win,0.0,51
4197,runs\models_9x9_scratch\checkpoints\cycle_0031.pt,runs\models_9x9_scratch\best.pt,runs\models_9x9_scratch\best.pt,runs\models_9x9_scratch\checkpoints\cycle_0031.pt,p1_win,0.0,49
4198,runs\models_9x9_scratch\checkpoints\cycle_0031.pt,runs\models_9x9_scratch\best.pt,runs\models_9x9_scratch\best.pt,runs\models_9x9_scratch\checkpoints\cycle_0031.pt,p1_win,0.0,49
4199,runs\models_9x9_scratch\checkpoints\cycle_0031.pt,runs\models_9x9_scratch\best.pt,runs\models_9x9_scratch\checkpoints\cycle_0031.pt,runs\models_9x9_scratch\best.pt,p2_win,0.0,52
4200,runs\models_9x9_scratch\checkpoints\cycle_0031.pt,runs\models_9x9_scratch\best.pt,runs\models_9x9_scratch\best.pt,runs\models_9x9_scratch\checkpoints\cycle_0031.pt,p1_win,0.0,53
4201,runs\models_9x9_scratch\checkpoints\cycle_0031.pt,runs\models_9x9_scratch\best.pt,runs\models_9x9_scratch\checkpoints\cycle_0031.pt,runs\models_9x9_scratch\best.pt,p2_win,0.0,50
4202,runs\models_9x9_scratch\checkpoints\cycle_0031.pt,runs\models_9x9_scratch\best.pt,runs\models_9x9_scratch\best.pt,runs\models_9x9_scratch\checkpoints\cycle_0031.pt,p1_win,0.0,49
4203,runs\models_9x9_scratch\checkpoints\cycle_0031.pt,runs\models_9x9_scratch\best.pt,runs\models_9x9_scratch\checkpoints\cycle_0031.pt,runs\models_9x9_scratch\best.pt,p2_win,0.0,50
4204,runs\models_9x9_scratch\checkpoints\cycle_0031.pt,runs\models_9x9_scratch\best.pt,runs\models_9x9_scratch\checkpoints\cycle_0031.pt,runs\models_9x9_scratch\best.pt,p2_win,0.0,54
4205,runs\models_9x9_scratch\checkpoints\cycle_0031.pt,runs\models_9x9_scratch\best.pt,runs\models_9x9_scratch\best.pt,runs\models_9x9_scratch\checkpoints\cycle_0031.pt,p1_win,0.0,53
4206,runs\models_9x9_scratch\checkpoints\cycle_0031.pt,runs\models_9x9_scratch\best.pt,runs\models_9x9_scratch\checkpoints\cycle_0031.pt,runs\models_9x9_scratch\best.pt,p2_win,0.0,48
4207,runs\models_9x9_scratch\checkpoints\cycle_0031.pt,runs\models_9x9_scratch\best.pt,runs\models_9x9_scratch\best.pt,runs\models_9x9_scratch\checkpoints\cycle_0031.pt,p1_win,0.0,53
4208,runs\models_9x9_scratch\checkpoints\cycle_0031.pt,runs\models_9x9_scratch\best.pt,runs\models_9x9_scratch\checkpoints\cycle_0031.pt,runs\models_9x9_scratch\best.pt,p2_win,0.0,50
4209,runs\models_9x9_scratch\checkpoints\cycle_0031.pt,runs\models_9x9_scratch\best.pt,runs\models_9x9_scratch\best.pt,runs\models_9x9_scratch\checkpoints\cycle_0031.pt,p1_win,0.0,49
4210,runs\models_9x9_scratch\checkpoints\cycle_0031.pt,runs\models_9x9_scratch\best.pt,runs\models_9x9_scratch\best.pt,runs\models_9x9_scratch\checkpoints\cycle_0031.pt,p1_win,0.0,53
4211,runs\models_9x9_scratch\checkpoints\cycle_0031.pt,runs\models_9x9_scratch\best.pt,runs\models_9x9_scratch\best.pt,runs\models_9x9_scratch\checkpoints\cycle_0031.pt,p1_win,0.0,53
4212,runs\models_9x9_scratch\checkpoints\cycle_0031.pt,runs\models_9x9_scratch\best.pt,runs\models_9x9_scratch\best.pt,runs\models_9x9_scratch\checkpoints\cycle_0031.pt,p1_win,0.0,51
4213,runs\models_9x9_scratch\checkpoints\cycle_0031.pt,runs\models_9x9_scratch\best.pt,runs\models_9x9_scratch\best.pt,runs\models_9x9_scratch\checkpoints\cycle_0031.pt,p1_win,0.0,53
4214,runs\models_9x9_scratch\checkpoints\cycle_0031.pt,runs\models_9x9_scratch\best.pt,runs\models_9x9_scratch\checkpoints\cycle_0031.pt,runs\models_9x9_scratch\best.pt,p2_win,0.0,50
4215,runs\models_9x9_scratch\checkpoints\cycle_0031.pt,runs\models_9x9_scratch\best.pt,runs\models_9x9_scratch\best.pt,runs\models_9x9_scratch\checkpoints\cycle_0031.pt,p1_win,0.0,51
4216,runs\models_9x9_scratch\checkpoints\cycle_0031.pt,runs\models_9x9_scratch\best.pt,runs\models_9x9_scratch\best.pt,runs\models_9x9_scratch\checkpoints\cycle_0031.pt,p1_win,0.0,51
4217,runs\models_9x9_scratch\checkpoints\cycle_0031.pt,runs\models_9x9_scratch\best.pt,runs\models_9x9_scratch\checkpoints\cycle_0031.pt,runs\models_9x9_scratch\best.pt,p2_win,0.0,52
4218,runs\models_9x9_scratch\checkpoints\cycle_0031.pt,runs\models_9x9_scratch\best.pt,runs\models_9x9_scratch\best.pt,runs\models_9x9_scratch\checkpoints\cycle_0031.pt,p1_win,0.0,53
4219,runs\models_9x9_scratch\checkpoints\cycle_0031.pt,runs\models_9x9_scratch\best.pt,runs\models_9x9_scratch\checkpoints\cycle_0031.pt,runs\models_9x9_scratch\best.pt,p2_win,0.0,50
4220,runs\models_9x9_scratch\checkpoints\cycle_0031.pt,runs\models_9x9_scratch\best.pt,runs\models_9x9_scratch\best.pt,runs\models_9x9_scratch\checkpoints\cycle_0031.pt,p1_win,0.0,51
4221,runs\models_9x9_scratch\checkpoints\cycle_0031.pt,runs\models_9x9_scratch\best.pt,runs\models_9x9_scratch\best.pt,runs\models_9x9_scratch\checkpoints\cycle_0031.pt,p1_win,0.0,51
4222,runs\models_9x9_scratch\checkpoints\cycle_0031.pt,runs\models_9x9_scratch\best.pt,runs\models_9x9_scratch\checkpoints\cycle_0031.pt,runs\models_9x9_scratch\best.pt,p2_win,0.0,52
4223,runs\models_9x9_scratch\checkpoints\cycle_0031.pt,runs\models_9x9_scratch\best.pt,runs\models_9x9_scratch\best.pt,runs\models_9x9_scratch\checkpoints\cycle_0031.pt,p1_win,0.0,49
4224,runs\models_9x9_scratch\checkpoints\cycle_0031.pt,runs\models_9x9_scratch\best.pt,runs\models_9x9_scratch\best.pt,runs\models_9x9_scratch\checkpoints\cycle_0031.pt,p1_win,0.0,51
4225,runs\models_9x9_scratch\checkpoints\cycle_0031.pt,runs\models_9x9_scratch\best.pt,runs\models_9x9_scratch\best.pt,runs\models_9x9_scratch\checkpoints\cycle_0031.pt,p1_win,0.0,53
4226,runs\models_9x9_scratch\checkpoints\cycle_0031.pt,runs\models_9x9_scratch\best.pt,runs\models_9x9_scratch\best.pt,runs\models_9x9_scratch\checkpoints\cycle_0031.pt,p1_win,0.0,51
4227,runs\models_9x9_scratch\checkpoints\cycle_0031.pt,runs\models_9x9_scratch\best.pt,runs\models_9x9_scratch\best.pt,runs\models_9x9_scratch\checkpoints\cycle_0031.pt,p1_win,0.0,53
4228,runs\models_9x9_scratch\checkpoints\cycle_0031.pt,runs\models_9x9_scratch\best.pt,runs\models_9x9_scratch\checkpoints\cycle_0031.pt,runs\models_9x9_scratch\best.pt,p2_win,0.0,50
4229,runs\models_9x9_scratch\checkpoints\cycle_0031.pt,runs\models_9x9_scratch\best.pt,runs\models_9x9_scratch\checkpoints\cycle_0031.pt,runs\models_9x9_scratch\best.pt,p2_win,0.0,54
4230,runs\models_9x9_scratch\checkpoints\cycle_0031.pt,runs\models_9x9_scratch\best.pt,runs\models_9x9_scratch\checkpoints\cycle_0031.pt,runs\models_9x9_scratch\best.pt,p2_win,0.0,56
4231,runs\models_9x9_scratch\checkpoints\cycle_0031.pt,runs\models_9x9_scratch\best.pt,runs\models_9x9_scratch\best.pt,runs\models_9x9_scratch\checkpoints\cycle_0031.pt,p1_win,0.0,53
4232,runs\models_9x9_scratch\checkpoints\cycle_0031.pt,runs\models_9x9_scratch\best.pt,runs\models_9x9_scratch\checkpoints\cycle_0031.pt,runs\models_9x9_scratch\best.pt,p2_win,0.0,52
4233,runs\models_9x9_scratch\checkpoints\cycle_0031.pt,runs\models_9x9_scratch\best.pt,runs\models_9x9_scratch\checkpoints\cycle_0031.pt,runs\models_9x9_scratch\best.pt,p2_win,0.0,50
4234,runs\models_9x9_scratch\checkpoints\cycle_0031.pt,runs\models_9x9_scratch\best.pt,runs\models_9x9_scratch\checkpoints\cycle_0031.pt,runs\models_9x9_scratch\best.pt,p2_win,0.0,50
4235,runs\models_9x9_scratch\checkpoints\cycle_0031.pt,runs\models_9x9_scratch\best.pt,runs\models_9x9_scratch\checkpoints\cycle_0031.pt,runs\models_9x9_scratch\best.pt,p2_win,0.0,52
4236,runs\models_9x9_scratch\checkpoints\cycle_0031.pt,runs\models_9x9_scratch\best.pt,runs\models_9x9_scratch\checkpoints\cycle_0031.pt,runs\models_9x9_scratch\best.pt,p2_win,0.0,52
4237,runs\models_9x9_scratch\checkpoints\cycle_0031.pt,runs\models_9x9_scratch\best.pt,runs\models_9x9_scratch\checkpoints\cycle_0031.pt,runs\models_9x9_scratch\best.pt,p2_win,0.0,54
4238,runs\models_9x9_scratch\checkpoints\cycle_0031.pt,runs\models_9x9_scratch\best.pt,runs\models_9x9_scratch\best.pt,runs\models_9x9_scratch\checkpoints\cycle_0031.pt,p1_win,0.0,53
4239,runs\models_9x9_scratch\checkpoints\cycle_0031.pt,runs\models_9x9_scratch\best.pt,runs\models_9x9_scratch\best.pt,runs\models_9x9_scratch\checkpoints\cycle_0031.pt,p1_win,0.0,53
4240,runs\models_9x9_scratch\checkpoints\cycle_0031.pt,runs\models_9x9_scratch\best.pt,runs\models_9x9_scratch\checkpoints\cycle_0031.pt,runs\models_9x9_scratch\best.pt,p2_win,0.0,50
4241,runs\models_9x9_scratch\checkpoints\cycle_0031.pt,runs\models_9x9_scratch\best.pt,runs\models_9x9_scratch\best.pt,runs\models_9x9_scratch\checkpoints\cycle_0031.pt,p1_win,0.0,51
4242,runs\models_9x9_scratch\checkpoints\cycle_0031.pt,runs\models_9x9_scratch\best.pt,runs\models_9x9_scratch\checkpoints\cycle_0031.pt,runs\models_9x9_scratch\best.pt,p2_win,0.0,52
4243,runs\models_9x9_scratch\checkpoints\cycle_0031.pt,runs\models_9x9_scratch\best.pt,runs\models_9x9_scratch\checkpoints\cycle_0031.pt,runs\models_9x9_scratch\best.pt,p2_win,0.0,52
4244,runs\models_9x9_scratch\checkpoints\cycle_0031.pt,runs\models_9x9_scratch\best.pt,runs\models_9x9_scratch\checkpoints\cycle_0031.pt,runs\models_9x9_scratch\best.pt,p2_win,0.0,54
4245,runs\models_9x9_scratch\checkpoints\cycle_0031.pt,runs\models_9x9_scratch\best.pt,runs\models_9x9_scratch\checkpoints\cycle_0031.pt,runs\models_9x9_scratch\best.pt,p2_win,0.0,52
4246,runs\models_9x9_scratch\checkpoints\cycle_0031.pt,runs\models_9x9_scratch\best.pt,runs\models_9x9_scratch\checkpoints\cycle_0031.pt,runs\models_9x9_scratch\best.pt,p2_win,0.0,54
4247,runs\models_9x9_scratch\checkpoints\cycle_0031.pt,runs\models_9x9_scratch\best.pt,runs\models_9x9_scratch\best.pt,runs\models_9x9_scratch\checkpoints\cycle_0031.pt,p1_win,0.0,51
4248,runs\models_9x9_scratch\checkpoints\cycle_0031.pt,runs\models_9x9_scratch\best.pt,runs\models_9x9_scratch\best.pt,runs\models_9x9_scratch\checkpoints\cycle_0031.pt,p1_win,0.0,51
4249,runs\models_9x9_scratch\checkpoints\cycle_0031.pt,runs\models_9x9_scratch\best.pt,runs\models_9x9_scratch\checkpoints\cycle_0031.pt,runs\models_9x9_scratch\best.pt,p2_win,0.0,54
4250,runs\models_9x9_scratch\checkpoints\cycle_0031.pt,runs\models_9x9_scratch\best.pt,runs\models_9x9_scratch\best.pt,runs\models_9x9_scratch\checkpoints\cycle_0031.pt,p1_win,0.0,51
4251,runs\models_9x9_scratch\checkpoints\cycle_0031.pt,runs\models_9x9_scratch\best.pt,runs\models_9x9_scratch\checkpoints\cycle_0031.pt,runs\models_9x9_scratch\best.pt,p2_win,0.0,54
4252,runs\models_9x9_scratch\checkpoints\cycle_0031.pt,runs\models_9x9_scratch\best.pt,runs\models_9x9_scratch\checkpoints\cycle_0031.pt,runs\models_9x9_scratch\best.pt,p2_win,0.0,54
4253,runs\models_9x9_scratch\checkpoints\cycle_0031.pt,runs\models_9x9_scratch\best.pt,runs\models_9x9_scratch\checkpoints\cycle_0031.pt,runs\models_9x9_scratch\best.pt,p2_win,0.0,52
4254,runs\models_9x9_scratch\checkpoints\cycle_0031.pt,runs\models_9x9_scratch\best.pt,runs\models_9x9_scratch\best.pt,runs\models_9x9_scratch\checkpoints\cycle_0031.pt,p1_win,0.0,51
4255,runs\models_9x9_scratch\checkpoints\cycle_0031.pt,runs\models_9x9_scratch\best.pt,runs\models_9x9_scratch\best.pt,runs\models_9x9_scratch\checkpoints\cycle_0031.pt,p1_win,0.0,53
4256,runs\models_9x9_scratch\checkpoints\cycle_0031.pt,runs\models_9x9_scratch\best.pt,runs\models_9x9_scratch\best.pt,runs\models_9x9_scratch\checkpoints\cycle_0031.pt,p1_win,0.0,53
4257,runs\models_9x9_scratch\checkpoints\cycle_0031.pt,runs\models_9x9_scratch\best.pt,runs\models_9x9_scratch\best.pt,runs\models_9x9_scratch\checkpoints\cycle_0031.pt,p1_win,0.0,55
4258,runs\models_9x9_scratch\checkpoints\cycle_0031.pt,runs\models_9x9_scratch\best.pt,runs\models_9x9_scratch\best.pt,runs\models_9x9_scratch\checkpoints\cycle_0031.pt,p1_win,0.0,53
4259,runs\models_9x9_scratch\checkpoints\cycle_0031.pt,runs\models_9x9_scratch\best.pt,runs\models_9x9_scratch\best.pt,runs\models_9x9_scratch\checkpoints\cycle_0031.pt,p1_win,0.0,55
4260,runs\models_9x9_scratch\checkpoints\cycle_0031.pt,runs\models_9x9_scratch\best.pt,runs\models_9x9_scratch\checkpoints\cycle_0031.pt,runs\models_9x9_scratch\best.pt,p2_win,0.0,52
4261,runs\models_9x9_scratch\checkpoints\cycle_0031.pt,runs\models_9x9_scratch\best.pt,runs\models_9x9_scratch\checkpoints\cycle_0031.pt,runs\models_9x9_scratch\best.pt,p2_win,0.0,52
4262,runs\models_9x9_scratch\checkpoints\cycle_0031.pt,runs\models_9x9_scratch\best.pt,runs\models_9x9_scratch\checkpoints\cycle_0031.pt,runs\models_9x9_scratch\best.pt,p2_win,0.0,52
4263,runs\models_9x9_scratch\checkpoints\cycle_0031.pt,runs\models_9x9_scratch\best.pt,runs\models_9x9_scratch\checkpoints\cycle_0031.pt,runs\models_9x9_scratch\best.pt,p2_win,0.0,52
4264,runs\models_9x9_scratch\checkpoints\cycle_0031.pt,runs\models_9x9_scratch\best.pt,runs\models_9x9_scratch\checkpoints\cycle_0031.pt,runs\models_9x9_scratch\best.pt,p2_win,0.0,54
4265,runs\models_9x9_scratch\checkpoints\cycle_0031.pt,runs\models_9x9_scratch\best.pt,runs\models_9x9_scratch\best.pt,runs\models_9x9_scratch\checkpoints\cycle_0031.pt,p1_win,0.0,53
4266,runs\models_9x9_scratch\checkpoints\cycle_0031.pt,runs\models_9x9_scratch\best.pt,runs\models_9x9_scratch\best.pt,runs\models_9x9_scratch\checkpoints\cycle_0031.pt,p1_win,0.0,55
4267,runs\models_9x9_scratch\checkpoints\cycle_0031.pt,runs\models_9x9_scratch\best.pt,runs\models_9x9_scratch\best.pt,runs\models_9x9_scratch\checkpoints\cycle_0031.pt,p1_win,0.0,57
4268,runs\models_9x9_scratch\checkpoints\cycle_0031.pt,runs\models_9x9_scratch\best.pt,runs\models_9x9_scratch\checkpoints\cycle_0031.pt,runs\models_9x9_scratch\best.pt,p2_win,0.0,56
4269,runs\models_9x9_scratch\checkpoints\cycle_0031.pt,runs\models_9x9_scratch\best.pt,runs\models_9x9_scratch\checkpoints\cycle_0031.pt,runs\models_9x9_scratch\best.pt,p2_win,0.0,52
4270,runs\models_9x9_scratch\checkpoints\cycle_0031.pt,runs\models_9x9_scratch\best.pt,runs\models_9x9_scratch\checkpoints\cycle_0031.pt,runs\models_9x9_scratch\best.pt,p2_win,0.0,56
4271,runs\models_9x9_scratch\checkpoints\cycle_0031.pt,runs\models_9x9_scratch\best.pt,runs\models_9x9_scratch\checkpoints\cycle_0031.pt,runs\models_9x9_scratch\best.pt,p2_win,0.0,54
4272,runs\models_9x9_scratch\checkpoints\cycle_0031.pt,runs\models_9x9_scratch\best.pt,runs\models_9x9_scratch\best.pt,runs\models_9x9_scratch\checkpoints\cycle_0031.pt,p1_win,0.0,53
4273,runs\models_9x9_scratch\checkpoints\cycle_0031.pt,runs\models_9x9_scratch\best.pt,runs\models_9x9_scratch\best.pt,runs\models_9x9_scratch\checkpoints\cycle_0031.pt,p1_win,0.0,53
4274,runs\models_9x9_scratch\checkpoints\cycle_0031.pt,runs\models_9x9_scratch\best.pt,runs\models_9x9_scratch\best.pt,runs\models_9x9_scratch\checkpoints\cycle_0031.pt,p1_win,0.0,55
4275,runs\models_9x9_scratch\checkpoints\cycle_0031.pt,runs\models_9x9_scratch\best.pt,runs\models_9x9_scratch\best.pt,runs\models_9x9_scratch\checkpoints\cycle_0031.pt,p1_win,0.0,55
4276,runs\models_9x9_scratch\checkpoints\cycle_0031.pt,runs\models_9x9_scratch\best.pt,runs\models_9x9_scratch\checkpoints\cycle_0031.pt,runs\models_9x9_scratch\best.pt,p2_win,0.0,54
4277,runs\models_9x9_scratch\checkpoints\cycle_0031.pt,runs\models_9x9_scratch\best.pt,runs\models_9x9_scratch\best.pt,runs\models_9x9_scratch\checkpoints\cycle_0031.pt,p1_win,0.0,53
4278,runs\models_9x9_scratch\checkpoints\cycle_0031.pt,runs\models_9x9_scratch\best.pt,runs\models_9x9_scratch\best.pt,runs\models_9x9_scratch\checkpoints\cycle_0031.pt,p1_win,0.0,53
4279,runs\models_9x9_scratch\checkpoints\cycle_0031.pt,runs\models_9x9_scratch\best.pt,runs\models_9x9_scratch\checkpoints\cycle_0031.pt,runs\models_9x9_scratch\best.pt,p2_win,0.0,54
4280,runs\models_9x9_scratch\checkpoints\cycle_0031.pt,runs\models_9x9_scratch\best.pt,runs\models_9x9_scratch\best.pt,runs\models_9x9_scratch\checkpoints\cycle_0031.pt,p1_win,0.0,53
4281,runs\models_9x9_scratch\checkpoints\cycle_0031.pt,runs\models_9x9_scratch\best.pt,runs\models_9x9_scratch\best.pt,runs\models_9x9_scratch\checkpoints\cycle_0031.pt,p1_win,0.0,55
4282,runs\models_9x9_scratch\checkpoints\cycle_0031.pt,runs\models_9x9_scratch\best.pt,runs\models_9x9_scratch\best.pt,runs\models_9x9_scratch\checkpoints\cycle_0031.pt,p1_win,0.0,55
4283,runs\models_9x9_scratch\checkpoints\cycle_0031.pt,runs\models_9x9_scratch\best.pt,runs\models_9x9_scratch\best.pt,runs\models_9x9_scratch\checkpoints\cycle_0031.pt,p1_win,0.0,53
4284,runs\models_9x9_scratch\checkpoints\cycle_0031.pt,runs\models_9x9_scratch\best.pt,runs\models_9x9_scratch\best.pt,runs\models_9x9_scratch\checkpoints\cycle_0031.pt,p1_win,0.0,55
4285,runs\models_9x9_scratch\checkpoints\cycle_0031.pt,runs\models_9x9_scratch\best.pt,runs\models_9x9_scratch\checkpoints\cycle_0031.pt,runs\models_9x9_scratch\best.pt,p2_win,0.0,56
4286,runs\models_9x9_scratch\checkpoints\cycle_0031.pt,runs\models_9x9_scratch\best.pt,runs\models_9x9_scratch\checkpoints\cycle_0031.pt,runs\models_9x9_scratch\best.pt,p2_win,0.0,54
4287,runs\models_9x9_scratch\checkpoints\cycle_0031.pt,runs\models_9x9_scratch\best.pt,runs\models_9x9_scratch\best.pt,runs\models_9x9_scratch\checkpoints\cycle_0031.pt,p1_win,0.0,57
4288,runs\models_9x9_scratch\checkpoints\cycle_0031.pt,runs\models_9x9_scratch\best.pt,runs\models_9x9_scratch\best.pt,runs\models_9x9_scratch\checkpoints\cycle_0031.pt,p1_win,0.0,57
4289,runs\models_9x9_scratch\checkpoints\cycle_0031.pt,runs\models_9x9_scratch\best.pt,runs\models_9x9_scratch\best.pt,runs\models_9x9_scratch\checkpoints\cycle_0031.pt,p1_win,0.0,53
4290,runs\models_9x9_scratch\checkpoints\cycle_0031.pt,runs\models_9x9_scratch\best.pt,runs\models_9x9_scratch\best.pt,runs\models_9x9_scratch\checkpoints\cycle_0031.pt,p1_win,0.0,57
4291,runs\models_9x9_scratch\checkpoints\cycle_0031.pt,runs\models_9x9_scratch\best.pt,runs\models_9x9_scratch\checkpoints\cycle_0031.pt,runs\models_9x9_scratch\best.pt,p2_win,0.0,54
4292,runs\models_9x9_scratch\checkpoints\cycle_0031.pt,runs\models_9x9_scratch\best.pt,runs\models_9x9_scratch\best.pt,runs\models_9x9_scratch\checkpoints\cycle_0031.pt,p1_win,0.0,55
4293,runs\models_9x9_scratch\checkpoints\cycle_0031.pt,runs\models_9x9_scratch\best.pt,runs\models_9x9_scratch\checkpoints\cycle_0031.pt,runs\models_9x9_scratch\best.pt,p2_win,0.0,54
4294,runs\models_9x9_scratch\checkpoints\cycle_0031.pt,runs\models_9x9_scratch\best.pt,runs\models_9x9_scratch\checkpoints\cycle_0031.pt,runs\models_9x9_scratch\best.pt,p2_win,0.0,54
4295,runs\models_9x9_scratch\checkpoints\cycle_0031.pt,runs\models_9x9_scratch\best.pt,runs\models_9x9_scratch\checkpoints\cycle_0031.pt,runs\models_9x9_scratch\best.pt,p2_win,0.0,56
4296,runs\models_9x9_scratch\checkpoints\cycle_0031.pt,runs\models_9x9_scratch\best.pt,runs\models_9x9_scratch\best.pt,runs\models_9x9_scratch\checkpoints\cycle_0031.pt,p1_win,0.0,53
4297,runs\models_9x9_scratch\checkpoints\cycle_0031.pt,runs\models_9x9_scratch\best.pt,runs\models_9x9_scratch\checkpoints\cycle_0031.pt,runs\models_9x9_scratch\best.pt,p2_win,0.0,54
4298,runs\models_9x9_scratch\checkpoints\cycle_0031.pt,runs\models_9x9_scratch\best.pt,runs\models_9x9_scratch\checkpoints\cycle_0031.pt,runs\models_9x9_scratch\best.pt,p2_win,0.0,54
4299,runs\models_9x9_scratch\checkpoints\cycle_0031.pt,runs\models_9x9_scratch\best.pt,runs\models_9x9_scratch\best.pt,runs\models_9x9_scratch\checkpoints\cycle_0031.pt,p1_win,0.0,55
4300,runs\models_9x9_scratch\checkpoints\cycle_0031.pt,runs\models_9x9_scratch\best.pt,runs\models_9x9_scratch\best.pt,runs\models_9x9_scratch\checkpoints\cycle_0031.pt,p1_win,0.0,55
4301,runs\models_9x9_scratch\checkpoints\cycle_0031.pt,runs\models_9x9_scratch\best.pt,runs\models_9x9_scratch\checkpoints\cycle_0031.pt,runs\models_9x9_scratch\best.pt,p2_win,0.0,56
4302,runs\models_9x9_scratch\checkpoints\cycle_0031.pt,runs\models_9x9_scratch\best.pt,runs\models_9x9_scratch\best.pt,runs\models_9x9_scratch\checkpoints\cycle_0031.pt,p1_win,0.0,53
4303,runs\models_9x9_scratch\checkpoints\cycle_0031.pt,runs\models_9x9_scratch\best.pt,runs\models_9x9_scratch\best.pt,runs\models_9x9_scratch\checkpoints\cycle_0031.pt,p1_win,0.0,57
4304,runs\models_9x9_scratch\checkpoints\cycle_0031.pt,runs\models_9x9_scratch\best.pt,runs\models_9x9_scratch\checkpoints\cycle_0031.pt,runs\models_9x9_scratch\best.pt,p2_win,0.0,54
4305,runs\models_9x9_scratch\checkpoints\cycle_0031.pt,runs\models_9x9_scratch\best.pt,runs\models_9x9_scratch\checkpoints\cycle_0031.pt,runs\models_9x9_scratch\best.pt,p2_win,0.0,58
4306,runs\models_9x9_scratch\checkpoints\cycle_0031.pt,runs\models_9x9_scratch\best.pt,runs\models_9x9_scratch\checkpoints\cycle_0031.pt,runs\models_9x9_scratch\best.pt,p2_win,0.0,58
4307,runs\models_9x9_scratch\checkpoints\cycle_0031.pt,runs\models_9x9_scratch\best.pt,runs\models_9x9_scratch\checkpoints\cycle_0031.pt,runs\models_9x9_scratch\best.pt,p2_win,0.0,54
4308,runs\models_9x9_scratch\checkpoints\cycle_0031.pt,runs\models_9x9_scratch\best.pt,runs\models_9x9_scratch\checkpoints\cycle_0031.pt,runs\models_9x9_scratch\best.pt,p2_win,0.0,56
4309,runs\models_9x9_scratch\checkpoints\cycle_0031.pt,runs\models_9x9_scratch\best.pt,runs\models_9x9_scratch\checkpoints\cycle_0031.pt,runs\models_9x9_scratch\best.pt,p2_win,0.0,60
4310,runs\models_9x9_scratch\checkpoints\cycle_0031.pt,runs\models_9x9_scratch\best.pt,runs\models_9x9_scratch\checkpoints\cycle_0031.pt,runs\models_9x9_scratch\best.pt,p2_win,0.0,56
4311,runs\models_9x9_scratch\checkpoints\cycle_0031.pt,runs\models_9x9_scratch\best.pt,runs\models_9x9_scratch\checkpoints\cycle_0031.pt,runs\models_9x9_scratch\best.pt,p2_win,0.0,54
4312,runs\models_9x9_scratch\checkpoints\cycle_0031.pt,runs\models_9x9_scratch\best.pt,runs\models_9x9_scratch\checkpoints\cycle_0031.pt,runs\models_9x9_scratch\best.pt,p2_win,0.0,56
4313,runs\models_9x9_scratch\checkpoints\cycle_0031.pt,runs\models_9x9_scratch\best.pt,runs\models_9x9_scratch\best.pt,runs\models_9x9_scratch\checkpoints\cycle_0031.pt,p1_win,0.0,59
4314,runs\models_9x9_scratch\checkpoints\cycle_0031.pt,runs\models_9x9_scratch\best.pt,runs\models_9x9_scratch\checkpoints\cycle_0031.pt,runs\models_9x9_scratch\best.pt,p2_win,0.0,56
4315,runs\models_9x9_scratch\checkpoints\cycle_0031.pt,runs\models_9x9_scratch\best.pt,runs\models_9x9_scratch\best.pt,runs\models_9x9_scratch\checkpoints\cycle_0031.pt,p1_win,0.0,57
4316,runs\models_9x9_scratch\checkpoints\cycle_0031.pt,runs\models_9x9_scratch\best.pt,runs\models_9x9_scratch\checkpoints\cycle_0031.pt,runs\models_9x9_scratch\best.pt,p2_win,0.0,56
4317,runs\models_9x9_scratch\checkpoints\cycle_0031.pt,runs\models_9x9_scratch\best.pt,runs\models_9x9_scratch\best.pt,runs\models_9x9_scratch\checkpoints\cycle_0031.pt,p1_win,0.0,55
4318,runs\models_9x9_scratch\checkpoints\cycle_0031.pt,runs\models_9x9_scratch\best.pt,runs\models_9x9_scratch\checkpoints\cycle_0031.pt,runs\models_9x9_scratch\best.pt,p2_win,0.0,58
4319,runs\models_9x9_scratch\checkpoints\cycle_0031.pt,runs\models_9x9_scratch\best.pt,runs\models_9x9_scratch\checkpoints\cycle_0031.pt,runs\models_9x9_scratch\best.pt,p2_win,0.0,54
4320,runs\models_9x9_scratch\checkpoints\cycle_0031.pt,runs\models_9x9_scratch\best.pt,runs\models_9x9_scratch\best.pt,runs\models_9x9_scratch\checkpoints\cycle_0031.pt,p1_win,0.0,55
4321,runs\models_9x9_scratch\checkpoints\cycle_0031.pt,runs\models_9x9_scratch\best.pt,runs\models_9x9_scratch\best.pt,runs\models_9x9_scratch\checkpoints\cycle_0031.pt,p1_win,0.0,59
4322,runs\models_9x9_scratch\checkpoints\cycle_0031.pt,runs\models_9x9_scratch\best.pt,runs\models_9x9_scratch\best.pt,runs\models_9x9_scratch\checkpoints\cycle_0031.pt,p1_win,0.0,57
4323,runs\models_9x9_scratch\checkpoints\cycle_0031.pt,runs\models_9x9_scratch\best.pt,runs\models_9x9_scratch\checkpoints\cycle_0031.pt,runs\models_9x9_scratch\best.pt,p2_win,0.0,54
4324,runs\models_9x9_scratch\checkpoints\cycle_0031.pt,runs\models_9x9_scratch\best.pt,runs\models_9x9_scratch\checkpoints\cycle_0031.pt,runs\models_9x9_scratch\best.pt,p2_win,0.0,56
4325,runs\models_9x9_scratch\checkpoints\cycle_0031.pt,runs\models_9x9_scratch\best.pt,runs\models_9x9_scratch\checkpoints\cycle_0031.pt,runs\models_9x9_scratch\best.pt,p2_win,0.0,56
4326,runs\models_9x9_scratch\checkpoints\cycle_0031.pt,runs\models_9x9_scratch\best.pt,runs\models_9x9_scratch\best.pt,runs\models_9x9_scratch\checkpoints\cycle_0031.pt,p1_win,0.0,59
4327,runs\models_9x9_scratch\checkpoints\cycle_0031.pt,runs\models_9x9_scratch\best.pt,runs\models_9x9_scratch\checkpoints\cycle_0031.pt,runs\models_9x9_scratch\best.pt,p2_win,0.0,56
4328,runs\models_9x9_scratch\checkpoints\cycle_0031.pt,runs\models_9x9_scratch\best.pt,runs\models_9x9_scratch\checkpoints\cycle_0031.pt,runs\models_9x9_scratch\best.pt,p2_win,0.0,56
4329,runs\models_9x9_scratch\checkpoints\cycle_0031.pt,runs\models_9x9_scratch\best.pt,runs\models_9x9_scratch\best.pt,runs\models_9x9_scratch\checkpoints\cycle_0031.pt,p1_win,0.0,57
4330,runs\models_9x9_scratch\checkpoints\cycle_0031.pt,runs\models_9x9_scratch\best.pt,runs\models_9x9_scratch\checkpoints\cycle_0031.pt,runs\models_9x9_scratch\best.pt,p2_win,0.0,58
4331,runs\models_9x9_scratch\checkpoints\cycle_0031.pt,runs\models_9x9_scratch\best.pt,runs\models_9x9_scratch\best.pt,runs\models_9x9_scratch\checkpoints\cycle_0031.pt,p1_win,0.0,57
4332,runs\models_9x9_scratch\checkpoints\cycle_0031.pt,runs\models_9x9_scratch\best.pt,runs\models_9x9_scratch\checkpoints\cycle_0031.pt,runs\models_9x9_scratch\best.pt,p2_win,0.0,56
4333,runs\models_9x9_scratch\checkpoints\cycle_0031.pt,runs\models_9x9_scratch\best.pt,runs\models_9x9_scratch\best.pt,runs\models_9x9_scratch\checkpoints\cycle_0031.pt,p1_win,0.0,57
4334,runs\models_9x9_scratch\checkpoints\cycle_0031.pt,runs\models_9x9_scratch\best.pt,runs\models_9x9_scratch\best.pt,runs\models_9x9_scratch\checkpoints\cycle_0031.pt,p1_win,0.0,55
4335,runs\models_9x9_scratch\checkpoints\cycle_0031.pt,runs\models_9x9_scratch\best.pt,runs\models_9x9_scratch\best.pt,runs\models_9x9_scratch\checkpoints\cycle_0031.pt,p1_win,0.0,55
4336,runs\models_9x9_scratch\checkpoints\cycle_0031.pt,runs\models_9x9_scratch\best.pt,runs\models_9x9_scratch\checkpoints\cycle_0031.pt,runs\models_9x9_scratch\best.pt,p2_win,0.0,56
4337,runs\models_9x9_scratch\checkpoints\cycle_0031.pt,runs\models_9x9_scratch\best.pt,runs\models_9x9_scratch\checkpoints\cycle_0031.pt,runs\models_9x9_scratch\best.pt,p2_win,0.0,58
4338,runs\models_9x9_scratch\checkpoints\cycle_0031.pt,runs\models_9x9_scratch\best.pt,runs\models_9x9_scratch\checkpoints\cycle_0031.pt,runs\models_9x9_scratch\best.pt,p2_win,0.0,56
4339,runs\models_9x9_scratch\checkpoints\cycle_0031.pt,runs\models_9x9_scratch\best.pt,runs\models_9x9_scratch\checkpoints\cycle_0031.pt,runs\models_9x9_scratch\best.pt,p2_win,0.0,56
4340,runs\models_9x9_scratch\checkpoints\cycle_0031.pt,runs\models_9x9_scratch\best.pt,runs\models_9x9_scratch\checkpoints\cycle_0031.pt,runs\models_9x9_scratch\best.pt,p2_win,0.0,56
4341,runs\models_9x9_scratch\checkpoints\cycle_0031.pt,runs\models_9x9_scratch\best.pt,runs\models_9x9_scratch\checkpoints\cycle_0031.pt,runs\models_9x9_scratch\best.pt,p2_win,0.0,60
4342,runs\models_9x9_scratch\checkpoints\cycle_0031.pt,runs\models_9x9_scratch\best.pt,runs\models_9x9_scratch\best.pt,runs\models_9x9_scratch\checkpoints\cycle_0031.pt,p1_win,0.0,57
4343,runs\models_9x9_scratch\checkpoints\cycle_0031.pt,runs\models_9x9_scratch\best.pt,runs\models_9x9_scratch\checkpoints\cycle_0031.pt,runs\models_9x9_scratch\best.pt,p2_win,0.0,56
4344,runs\models_9x9_scratch\checkpoints\cycle_0031.pt,runs\models_9x9_scratch\best.pt,runs\models_9x9_scratch\checkpoints\cycle_0031.pt,runs\models_9x9_scratch\best.pt,p2_win,0.0,56
4345,runs\models_9x9_scratch\checkpoints\cycle_0031.pt,runs\models_9x9_scratch\best.pt,runs\models_9x9_scratch\best.pt,runs\models_9x9_scratch\checkpoints\cycle_0031.pt,p1_win,0.0,63
4346,runs\models_9x9_scratch\checkpoints\cycle_0031.pt,runs\models_9x9_scratch\best.pt,runs\models_9x9_scratch\best.pt,runs\models_9x9_scratch\checkpoints\cycle_0031.pt,p1_win,0.0,57
4347,runs\models_9x9_scratch\checkpoints\cycle_0031.pt,runs\models_9x9_scratch\best.pt,runs\models_9x9_scratch\best.pt,runs\models_9x9_scratch\checkpoints\cycle_0031.pt,p1_win,0.0,59
4348,runs\models_9x9_scratch\checkpoints\cycle_0031.pt,runs\models_9x9_scratch\best.pt,runs\models_9x9_scratch\checkpoints\cycle_0031.pt,runs\models_9x9_scratch\best.pt,p2_win,0.0,56
4349,runs\models_9x9_scratch\checkpoints\cycle_0031.pt,runs\models_9x9_scratch\best.pt,runs\models_9x9_scratch\checkpoints\cycle_0031.pt,runs\models_9x9_scratch\best.pt,p2_win,0.0,58
4350,runs\models_9x9_scratch\checkpoints\cycle_0031.pt,runs\models_9x9_scratch\best.pt,runs\models_9x9_scratch\best.pt,runs\models_9x9_scratch\checkpoints\cycle_0031.pt,p1_win,0.0,63
4351,runs\models_9x9_scratch\checkpoints\cycle_0031.pt,runs\models_9x9_scratch\best.pt,runs\models_9x9_scratch\checkpoints\cycle_0031.pt,runs\models_9x9_scratch\best.pt,p2_win,0.0,56
4352,runs\models_9x9_scratch\checkpoints\cycle_0031.pt,runs\models_9x9_scratch\best.pt,runs\models_9x9_scratch\best.pt,runs\models_9x9_scratch\checkpoints\cycle_0031.pt,p1_win,0.0,57
4353,runs\models_9x9_scratch\checkpoints\cycle_0031.pt,runs\models_9x9_scratch\best.pt,runs\models_9x9_scratch\best.pt,runs\models_9x9_scratch\checkpoints\cycle_0031.pt,p1_win,0.0,61
4354,runs\models_9x9_scratch\checkpoints\cycle_0031.pt,runs\models_9x9_scratch\best.pt,runs\models_9x9_scratch\best.pt,runs\models_9x9_scratch\checkpoints\cycle_0031.pt,p1_win,0.0,59
4355,runs\models_9x9_scratch\checkpoints\cycle_0031.pt,runs\models_9x9_scratch\best.pt,runs\models_9x9_scratch\checkpoints\cycle_0031.pt,runs\models_9x9_scratch\best.pt,p2_win,0.0,60
4356,runs\models_9x9_scratch\checkpoints\cycle_0031.pt,runs\models_9x9_scratch\best.pt,runs\models_9x9_scratch\checkpoints\cycle_0031.pt,runs\models_9x9_scratch\best.pt,p2_win,0.0,60
4357,runs\models_9x9_scratch\checkpoints\cycle_0031.pt,runs\models_9x9_scratch\best.pt,runs\models_9x9_scratch\best.pt,runs\models_9x9_scratch\checkpoints\cycle_0031.pt,p1_win,0.0,63
4358,runs\models_9x9_scratch\checkpoints\cycle_0031.pt,runs\models_9x9_scratch\best.pt,runs\models_9x9_scratch\checkpoints\cycle_0031.pt,runs\models_9x9_scratch\best.pt,p2_win,0.0,58
4359,runs\models_9x9_scratch\checkpoints\cycle_0031.pt,runs\models_9x9_scratch\best.pt,runs\models_9x9_scratch\best.pt,runs\models_9x9_scratch\checkpoints\cycle_0031.pt,p1_win,0.0,61
4360,runs\models_9x9_scratch\checkpoints\cycle_0031.pt,runs\models_9x9_scratch\best.pt,runs\models_9x9_scratch\checkpoints\cycle_0031.pt,runs\models_9x9_scratch\best.pt,p2_win,0.0,56
4361,runs\models_9x9_scratch\checkpoints\cycle_0031.pt,runs\models_9x9_scratch\best.pt,runs\models_9x9_scratch\checkpoints\cycle_0031.pt,runs\models_9x9_scratch\best.pt,p2_win,0.0,62
4362,runs\models_9x9_scratch\checkpoints\cycle_0031.pt,runs\models_9x9_scratch\best.pt,runs\models_9x9_scratch\best.pt,runs\models_9x9_scratch\checkpoints\cycle_0031.pt,p1_win,0.0,61
4363,runs\models_9x9_scratch\checkpoints\cycle_0031.pt,runs\models_9x9_scratch\best.pt,runs\models_9x9_scratch\checkpoints\cycle_0031.pt,runs\models_9x9_scratch\best.pt,p2_win,0.0,60
4364,runs\models_9x9_scratch\checkpoints\cycle_0031.pt,runs\models_9x9_scratch\best.pt,runs\models_9x9_scratch\best.pt,runs\models_9x9_scratch\checkpoints\cycle_0031.pt,p1_win,0.0,59
4365,runs\models_9x9_scratch\checkpoints\cycle_0031.pt,runs\models_9x9_scratch\best.pt,runs\models_9x9_scratch\best.pt,runs\models_9x9_scratch\checkpoints\cycle_0031.pt,p1_win,0.0,59
4366,runs\models_9x9_scratch\checkpoints\cycle_0031.pt,runs\models_9x9_scratch\best.pt,runs\models_9x9_scratch\checkpoints\cycle_0031.pt,runs\models_9x9_scratch\best.pt,p2_win,0.0,60
4367,runs\models_9x9_scratch\checkpoints\cycle_0031.pt,runs\models_9x9_scratch\best.pt,runs\models_9x9_scratch\best.pt,runs\models_9x9_scratch\checkpoints\cycle_0031.pt,p1_win,0.0,59
4368,runs\models_9x9_scratch\checkpoints\cycle_0031.pt,runs\models_9x9_scratch\best.pt,runs\models_9x9_scratch\best.pt,runs\models_9x9_scratch\checkpoints\cycle_0031.pt,p1_win,0.0,59
4369,runs\models_9x9_scratch\checkpoints\cycle_0031.pt,runs\models_9x9_scratch\best.pt,runs\models_9x9_scratch\best.pt,runs\models_9x9_scratch\checkpoints\cycle_0031.pt,p1_win,0.0,57
4370,runs\models_9x9_scratch\checkpoints\cycle_0031.pt,runs\models_9x9_scratch\best.pt,runs\models_9x9_scratch\checkpoints\cycle_0031.pt,runs\models_9x9_scratch\best.pt,p2_win,0.0,60
4371,runs\models_9x9_scratch\checkpoints\cycle_0031.pt,runs\models_9x9_scratch\best.pt,runs\models_9x9_scratch\checkpoints\cycle_0031.pt,runs\models_9x9_scratch\best.pt,p2_win,0.0,58
4372,runs\models_9x9_scratch\checkpoints\cycle_0031.pt,runs\models_9x9_scratch\best.pt,runs\models_9x9_scratch\checkpoints\cycle_0031.pt,runs\models_9x9_scratch\best.pt,p2_win,0.0,60
4373,runs\models_9x9_scratch\checkpoints\cycle_0031.pt,runs\models_9x9_scratch\best.pt,runs\models_9x9_scratch\best.pt,runs\models_9x9_scratch\checkpoints\cycle_0031.pt,p1_win,0.0,61
4374,runs\models_9x9_scratch\checkpoints\cycle_0031.pt,runs\models_9x9_scratch\best.pt,runs\models_9x9_scratch\best.pt,runs\models_9x9_scratch\checkpoints\cycle_0031.pt,p1_win,0.0,59
4375,runs\models_9x9_scratch\checkpoints\cycle_0031.pt,runs\models_9x9_scratch\best.pt,runs\models_9x9_scratch\checkpoints\cycle_0031.pt,runs\models_9x9_scratch\best.pt,p2_win,0.0,58
4376,runs\models_9x9_scratch\checkpoints\cycle_0031.pt,runs\models_9x9_scratch\best.pt,runs\models_9x9_scratch\best.pt,runs\models_9x9_scratch\checkpoints\cycle_0031.pt,p1_win,0.0,61
4377,runs\models_9x9_scratch\checkpoints\cycle_0031.pt,runs\models_9x9_scratch\best.pt,runs\models_9x9_scratch\best.pt,runs\models_9x9_scratch\checkpoints\cycle_0031.pt,p1_win,0.0,61
4378,runs\models_9x9_scratch\checkpoints\cycle_0031.pt,runs\models_9x9_scratch\best.pt,runs\models_9x9_scratch\best.pt,runs\models_9x9_scratch\checkpoints\cycle_0031.pt,p1_win,0.0,61
4379,runs\models_9x9_scratch\checkpoints\cycle_0031.pt,runs\models_9x9_scratch\best.pt,runs\models_9x9_scratch\checkpoints\cycle_0031.pt,runs\models_9x9_scratch\best.pt,p2_win,0.0,60
4380,runs\models_9x9_scratch\checkpoints\cycle_0031.pt,runs\models_9x9_scratch\best.pt,runs\models_9x9_scratch\best.pt,runs\models_9x9_scratch\checkpoints\cycle_0031.pt,p1_win,0.0,61
4381,runs\models_9x9_scratch\checkpoints\cycle_0031.pt,runs\models_9x9_scratch\best.pt,runs\models_9x9_scratch\checkpoints\cycle_0031.pt,runs\models_9x9_scratch\best.pt,p2_win,0.0,60
4382,runs\models_9x9_scratch\checkpoints\cycle_0031.pt,runs\models_9x9_scratch\best.pt,runs\models_9x9_scratch\checkpoints\cycle_0031.pt,runs\models_9x9_scratch\best.pt,p2_win,0.0,60
4383,runs\models_9x9_scratch\checkpoints\cycle_0031.pt,runs\models_9x9_scratch\best.pt,runs\models_9x9_scratch\checkpoints\cycle_0031.pt,runs\models_9x9_scratch\best.pt,p2_win,0.0,58
4384,runs\models_9x9_scratch\checkpoints\cycle_0031.pt,runs\models_9x9_scratch\best.pt,runs\models_9x9_scratch\best.pt,runs\models_9x9_scratch\checkpoints\cycle_0031.pt,p1_win,0.0,61
4385,runs\models_9x9_scratch\checkpoints\cycle_0031.pt,runs\models_9x9_scratch\best.pt,runs\models_9x9_scratch\best.pt,runs\models_9x9_scratch\checkpoints\cycle_0031.pt,p1_win,0.0,61
4386,runs\models_9x9_scratch\checkpoints\cycle_0031.pt,runs\models_9x9_scratch\best.pt,runs\models_9x9_scratch\best.pt,runs\models_9x9_scratch\checkpoints\cycle_0031.pt,p1_win,0.0,61
4387,runs\models_9x9_scratch\checkpoints\cycle_0031.pt,runs\models_9x9_scratch\best.pt,runs\models_9x9_scratch\best.pt,runs\models_9x9_scratch\checkpoints\cycle_0031.pt,p1_win,0.0,61
4388,runs\models_9x9_scratch\checkpoints\cycle_0031.pt,runs\models_9x9_scratch\best.pt,runs\models_9x9_scratch\best.pt,runs\models_9x9_scratch\checkpoints\cycle_0031.pt,p1_win,0.0,65
4389,runs\models_9x9_scratch\checkpoints\cycle_0031.pt,runs\models_9x9_scratch\best.pt,runs\models_9x9_scratch\best.pt,runs\models_9x9_scratch\checkpoints\cycle_0031.pt,p1_win,0.0,61
4390,runs\models_9x9_scratch\checkpoints\cycle_0031.pt,runs\models_9x9_scratch\best.pt,runs\models_9x9_scratch\checkpoints\cycle_0031.pt,runs\models_9x9_scratch\best.pt,p2_win,0.0,58
4391,runs\models_9x9_scratch\checkpoints\cycle_0031.pt,runs\models_9x9_scratch\best.pt,runs\models_9x9_scratch\best.pt,runs\models_9x9_scratch\checkpoints\cycle_0031.pt,p1_win,0.0,67
4392,runs\models_9x9_scratch\checkpoints\cycle_0031.pt,runs\models_9x9_scratch\best.pt,runs\models_9x9_scratch\best.pt,runs\models_9x9_scratch\checkpoints\cycle_0031.pt,p1_win,0.0,61
4393,runs\models_9x9_scratch\checkpoints\cycle_0031.pt,runs\models_9x9_scratch\best.pt,runs\models_9x9_scratch\best.pt,runs\models_9x9_scratch\checkpoints\cycle_0031.pt,p1_win,0.0,59
4394,runs\models_9x9_scratch\checkpoints\cycle_0031.pt,runs\models_9x9_scratch\best.pt,runs\models_9x9_scratch\best.pt,runs\models_9x9_scratch\checkpoints\cycle_0031.pt,p1_win,0.0,59
4395,runs\models_9x9_scratch\checkpoints\cycle_0031.pt,runs\models_9x9_scratch\best.pt,runs\models_9x9_scratch\checkpoints\cycle_0031.pt,runs\models_9x9_scratch\best.pt,p2_win,0.0,64
4396,runs\models_9x9_scratch\checkpoints\cycle_0031.pt,runs\models_9x9_scratch\best.pt,runs\models_9x9_scratch\best.pt,runs\models_9x9_scratch\checkpoints\cycle_0031.pt,p1_win,0.0,63
4397,runs\models_9x9_scratch\checkpoints\cycle_0031.pt,runs\models_9x9_scratch\best.pt,runs\models_9x9_scratch\best.pt,runs\models_9x9_scratch\checkpoints\cycle_0031.pt,p1_win,0.0,61
4398,runs\models_9x9_scratch\checkpoints\cycle_0031.pt,runs\models_9x9_scratch\best.pt,runs\models_9x9_scratch\checkpoints\cycle_0031.pt,runs\models_9x9_scratch\best.pt,p2_win,0.0,64
4399,runs\models_9x9_scratch\checkpoints\cycle_0031.pt,runs\models_9x9_scratch\best.pt,runs\models_9x9_scratch\best.pt,runs\models_9x9_scratch\checkpoints\cycle_0031.pt,p1_win,0.0,63
4400,runs\models_9x9_scratch\checkpoints\cycle_0031.pt,runs\models_9x9_scratch\best.pt,runs\models_9x9_scratch\best.pt,runs\models_9x9_scratch\checkpoints\cycle_0031.pt,p1_win,0.0,63
4401,runs\models_9x9_scratch\checkpoints\cycle_0031.pt,runs\models_9x9_scratch\best.pt,runs\models_9x9_scratch\checkpoints\cycle_0031.pt,runs\models_9x9_scratch\best.pt,p2_win,0.0,60
4402,runs\models_9x9_scratch\checkpoints\cycle_0031.pt,runs\models_9x9_scratch\best.pt,runs\models_9x9_scratch\best.pt,runs\models_9x9_scratch\checkpoints\cycle_0031.pt,p1_win,0.0,63
4403,runs\models_9x9_scratch\checkpoints\cycle_0031.pt,runs\models_9x9_scratch\best.pt,runs\models_9x9_scratch\best.pt,runs\models_9x9_scratch\checkpoints\cycle_0031.pt,p1_win,0.0,63
4404,runs\models_9x9_scratch\checkpoints\cycle_0031.pt,runs\models_9x9_scratch\best.pt,runs\models_9x9_scratch\checkpoints\cycle_0031.pt,runs\models_9x9_scratch\best.pt,p2_win,0.0,62
4405,runs\models_9x9_scratch\checkpoints\cycle_0031.pt,runs\models_9x9_scratch\best.pt,runs\models_9x9_scratch\checkpoints\cycle_0031.pt,runs\models_9x9_scratch\best.pt,p2_win,0.0,62
4406,runs\models_9x9_scratch\checkpoints\cycle_0031.pt,runs\models_9x9_scratch\best.pt,runs\models_9x9_scratch\checkpoints\cycle_0031.pt,runs\models_9x9_scratch\best.pt,p2_win,0.0,62
4407,runs\models_9x9_scratch\checkpoints\cycle_0031.pt,runs\models_9x9_scratch\best.pt,runs\models_9x9_scratch\best.pt,runs\models_9x9_scratch\checkpoints\cycle_0031.pt,p1_win,0.0,63
4408,runs\models_9x9_scratch\checkpoints\cycle_0031.pt,runs\models_9x9_scratch\best.pt,runs\models_9x9_scratch\best.pt,runs\models_9x9_scratch\checkpoints\cycle_0031.pt,p1_win,0.0,61
4409,runs\models_9x9_scratch\checkpoints\cycle_0031.pt,runs\models_9x9_scratch\best.pt,runs\models_9x9_scratch\checkpoints\cycle_0031.pt,runs\models_9x9_scratch\best.pt,p2_win,0.0,60
4410,runs\models_9x9_scratch\checkpoints\cycle_0031.pt,runs\models_9x9_scratch\best.pt,runs\models_9x9_scratch\best.pt,runs\models_9x9_scratch\checkpoints\cycle_0031.pt,p1_win,0.0,65
4411,runs\models_9x9_scratch\checkpoints\cycle_0031.pt,runs\models_9x9_scratch\best.pt,runs\models_9x9_scratch\best.pt,runs\models_9x9_scratch\checkpoints\cycle_0031.pt,p1_win,0.0,63
4412,runs\models_9x9_scratch\checkpoints\cycle_0031.pt,runs\models_9x9_scratch\best.pt,runs\models_9x9_scratch\checkpoints\cycle_0031.pt,runs\models_9x9_scratch\best.pt,p2_win,0.0,62
4413,runs\models_9x9_scratch\checkpoints\cycle_0031.pt,runs\models_9x9_scratch\best.pt,runs\models_9x9_scratch\best.pt,runs\models_9x9_scratch\checkpoints\cycle_0031.pt,p1_win,0.0,65
4414,runs\models_9x9_scratch\checkpoints\cycle_0031.pt,runs\models_9x9_scratch\best.pt,runs\models_9x9_scratch\best.pt,runs\models_9x9_scratch\checkpoints\cycle_0031.pt,p1_win,0.0,63
4415,runs\models_9x9_scratch\checkpoints\cycle_0031.pt,runs\models_9x9_scratch\best.pt,runs\models_9x9_scratch\best.pt,runs\models_9x9_scratch\checkpoints\cycle_0031.pt,p1_win,0.0,65
4416,runs\models_9x9_scratch\checkpoints\cycle_0031.pt,runs\models_9x9_scratch\best.pt,runs\models_9x9_scratch\best.pt,runs\models_9x9_scratch\checkpoints\cycle_0031.pt,p1_win,0.0,65
4417,runs\models_9x9_scratch\checkpoints\cycle_0031.pt,runs\models_9x9_scratch\best.pt,runs\models_9x9_scratch\best.pt,runs\models_9x9_scratch\checkpoints\cycle_0031.pt,p1_win,0.0,63
4418,runs\models_9x9_scratch\checkpoints\cycle_0031.pt,runs\models_9x9_scratch\best.pt,runs\models_9x9_scratch\checkpoints\cycle_0031.pt,runs\models_9x9_scratch\best.pt,p2_win,0.0,66
4419,runs\models_9x9_scratch\checkpoints\cycle_0031.pt,runs\models_9x9_scratch\best.pt,runs\models_9x9_scratch\best.pt,runs\models_9x9_scratch\checkpoints\cycle_0031.pt,p1_win,0.0,65
4420,runs\models_9x9_scratch\checkpoints\cycle_0031.pt,runs\models_9x9_scratch\best.pt,runs\models_9x9_scratch\checkpoints\cycle_0031.pt,runs\models_9x9_scratch\best.pt,p2_win,0.0,64
4421,runs\models_9x9_scratch\checkpoints\cycle_0031.pt,runs\models_9x9_scratch\best.pt,runs\models_9x9_scratch\best.pt,runs\models_9x9_scratch\checkpoints\cycle_0031.pt,p1_win,0.0,65
4422,runs\models_9x9_scratch\checkpoints\cycle_0031.pt,runs\models_9x9_scratch\best.pt,runs\models_9x9_scratch\best.pt,runs\models_9x9_scratch\checkpoints\cycle_0031.pt,p1_win,0.0,69
4423,runs\models_9x9_scratch\checkpoints\cycle_0031.pt,runs\models_9x9_scratch\best.pt,runs\models_9x9_scratch\checkpoints\cycle_0031.pt,runs\models_9x9_scratch\best.pt,p2_win,0.0,64
4424,runs\models_9x9_scratch\checkpoints\cycle_0031.pt,runs\models_9x9_scratch\best.pt,runs\models_9x9_scratch\best.pt,runs\models_9x9_scratch\checkpoints\cycle_0031.pt,p1_win,0.0,65
4425,runs\models_9x9_scratch\checkpoints\cycle_0031.pt,runs\models_9x9_scratch\best.pt,runs\models_9x9_scratch\best.pt,runs\models_9x9_scratch\checkpoints\cycle_0031.pt,p1_win,0.0,65
4426,runs\models_9x9_scratch\checkpoints\cycle_0031.pt,runs\models_9x9_scratch\best.pt,runs\models_9x9_scratch\best.pt,runs\models_9x9_scratch\checkpoints\cycle_0031.pt,p1_win,0.0,65
4427,runs\models_9x9_scratch\checkpoints\cycle_0031.pt,runs\models_9x9_scratch\best.pt,runs\models_9x9_scratch\checkpoints\cycle_0031.pt,runs\models_9x9_scratch\best.pt,p2_win,0.0,62
4428,runs\models_9x9_scratch\checkpoints\cycle_0031.pt,runs\models_9x9_scratch\best.pt,runs\models_9x9_scratch\best.pt,runs\models_9x9_scratch\checkpoints\cycle_0031.pt,p1_win,0.0,65
4429,runs\models_9x9_scratch\checkpoints\cycle_0031.pt,runs\models_9x9_scratch\best.pt,runs\models_9x9_scratch\best.pt,runs\models_9x9_scratch\checkpoints\cycle_0031.pt,p1_win,0.0,65
4430,runs\models_9x9_scratch\checkpoints\cycle_0031.pt,runs\models_9x9_scratch\best.pt,runs\models_9x9_scratch\best.pt,runs\models_9x9_scratch\checkpoints\cycle_0031.pt,p1_win,0.0,67
4431,runs\models_9x9_scratch\checkpoints\cycle_0031.pt,runs\models_9x9_scratch\best.pt,runs\models_9x9_scratch\checkpoints\cycle_0031.pt,runs\models_9x9_scratch\best.pt,p2_win,0.0,66
4432,runs\models_9x9_scratch\checkpoints\cycle_0031.pt,runs\models_9x9_scratch\best.pt,runs\models_9x9_scratch\checkpoints\cycle_0031.pt,runs\models_9x9_scratch\best.pt,p2_win,0.0,68
4433,runs\models_9x9_scratch\checkpoints\cycle_0031.pt,runs\models_9x9_scratch\best.pt,runs\models_9x9_scratch\checkpoints\cycle_0031.pt,runs\models_9x9_scratch\best.pt,p2_win,0.0,66
4434,runs\models_9x9_scratch\checkpoints\cycle_0031.pt,runs\models_9x9_scratch\best.pt,runs\models_9x9_scratch\checkpoints\cycle_0031.pt,runs\models_9x9_scratch\best.pt,p2_win,0.0,72
4435,runs\models_9x9_scratch\checkpoints\cycle_0031.pt,runs\models_9x9_scratch\best.pt,runs\models_9x9_scratch\best.pt,runs\models_9x9_scratch\checkpoints\cycle_0031.pt,p1_win,0.0,65
4436,runs\models_9x9_scratch\checkpoints\cycle_0031.pt,runs\models_9x9_scratch\best.pt,runs\models_9x9_scratch\best.pt,runs\models_9x9_scratch\checkpoints\cycle_0031.pt,p1_win,0.0,67
4437,runs\models_9x9_scratch\checkpoints\cycle_0031.pt,runs\models_9x9_scratch\best.pt,runs\models_9x9_scratch\best.pt,runs\models_9x9_scratch\checkpoints\cycle_0031.pt,p1_win,0.0,67
4438,runs\models_9x9_scratch\checkpoints\cycle_0031.pt,runs\models_9x9_scratch\best.pt,runs\models_9x9_scratch\checkpoints\cycle_0031.pt,runs\models_9x9_scratch\best.pt,p2_win,0.0,66
4439,runs\models_9x9_scratch\checkpoints\cycle_0031.pt,runs\models_9x9_scratch\best.pt,runs\models_9x9_scratch\best.pt,runs\models_9x9_scratch\checkpoints\cycle_0031.pt,p1_win,0.0,67
4440,runs\models_9x9_scratch\checkpoints\cycle_0031.pt,runs\models_9x9_scratch\best.pt,runs\models_9x9_scratch\best.pt,runs\models_9x9_scratch\checkpoints\cycle_0031.pt,p1_win,0.0,67
4441,runs\models_9x9_scratch\checkpoints\cycle_0031.pt,runs\models_9x9_scratch\best.pt,runs\models_9x9_scratch\checkpoints\cycle_0031.pt,runs\models_9x9_scratch\best.pt,p2_win,0.0,64
4442,runs\models_9x9_scratch\checkpoints\cycle_0031.pt,runs\models_9x9_scratch\best.pt,runs\models_9x9_scratch\best.pt,runs\models_9x9_scratch\checkpoints\cycle_0031.pt,p1_win,0.0,67
4443,runs\models_9x9_scratch\checkpoints\cycle_0031.pt,runs\models_9x9_scratch\best.pt,runs\models_9x9_scratch\best.pt,runs\models_9x9_scratch\checkpoints\cycle_0031.pt,p1_win,0.0,73
4444,runs\models_9x9_scratch\checkpoints\cycle_0031.pt,runs\models_9x9_scratch\best.pt,runs\models_9x9_scratch\checkpoints\cycle_0031.pt,runs\models_9x9_scratch\best.pt,p2_win,0.0,66
4445,runs\models_9x9_scratch\checkpoints\cycle_0031.pt,runs\models_9x9_scratch\best.pt,runs\models_9x9_scratch\checkpoints\cycle_0031.pt,runs\models_9x9_scratch\best.pt,p2_win,0.0,66
4446,runs\models_9x9_scratch\checkpoints\cycle_0031.pt,runs\models_9x9_scratch\best.pt,runs\models_9x9_scratch\checkpoints\cycle_0031.pt,runs\models_9x9_scratch\best.pt,p2_win,0.0,66
4447,runs\models_9x9_scratch\checkpoints\cycle_0031.pt,runs\models_9x9_scratch\best.pt,runs\models_9x9_scratch\checkpoints\cycle_0031.pt,runs\models_9x9_scratch\best.pt,p2_win,0.0,70
4448,runs\models_9x9_scratch\checkpoints\cycle_0031.pt,runs\models_9x9_scratch\best.pt,runs\models_9x9_scratch\checkpoints\cycle_0031.pt,runs\models_9x9_scratch\best.pt,p2_win,0.0,66
4449,runs\models_9x9_scratch\checkpoints\cycle_0031.pt,runs\models_9x9_scratch\best.pt,runs\models_9x9_scratch\best.pt,runs\models_9x9_scratch\checkpoints\cycle_0031.pt,p1_win,0.0,69
4450,runs\models_9x9_scratch\checkpoints\cycle_0031.pt,runs\models_9x9_scratch\best.pt,runs\models_9x9_scratch\best.pt,runs\models_9x9_scratch\checkpoints\cycle_0031.pt,p1_win,0.0,67
4451,runs\models_9x9_scratch\checkpoints\cycle_0031.pt,runs\models_9x9_scratch\best.pt,runs\models_9x9_scratch\checkpoints\cycle_0031.pt,runs\models_9x9_scratch\best.pt,p2_win,0.0,68
4452,runs\models_9x9_scratch\checkpoints\cycle_0031.pt,runs\models_9x9_scratch\best.pt,runs\models_9x9_scratch\checkpoints\cycle_0031.pt,runs\models_9x9_scratch\best.pt,p2_win,0.0,66
4453,runs\models_9x9_scratch\checkpoints\cycle_0031.pt,runs\models_9x9_scratch\best.pt,runs\models_9x9_scratch\checkpoints\cycle_0031.pt,runs\models_9x9_scratch\best.pt,p2_win,0.0,68
4454,runs\models_9x9_scratch\checkpoints\cycle_0031.pt,runs\models_9x9_scratch\best.pt,runs\models_9x9_scratch\checkpoints\cycle_0031.pt,runs\models_9x9_scratch\best.pt,p2_win,0.0,70
4455,runs\models_9x9_scratch\checkpoints\cycle_0031.pt,runs\models_9x9_scratch\best.pt,runs\models_9x9_scratch\best.pt,runs\models_9x9_scratch\checkpoints\cycle_0031.pt,p1_win,0.0,71
4456,runs\models_9x9_scratch\checkpoints\cycle_0031.pt,runs\models_9x9_scratch\best.pt,runs\models_9x9_scratch\checkpoints\cycle_0031.pt,runs\models_9x9_scratch\best.pt,p2_win,0.0,70
4457,runs\models_9x9_scratch\checkpoints\cycle_0031.pt,runs\models_9x9_scratch\best.pt,runs\models_9x9_scratch\best.pt,runs\models_9x9_scratch\checkpoints\cycle_0031.pt,p1_win,0.0,69
4458,runs\models_9x9_scratch\checkpoints\cycle_0031.pt,runs\models_9x9_scratch\best.pt,runs\models_9x9_scratch\best.pt,runs\models_9x9_scratch\checkpoints\cycle_0031.pt,p1_win,0.0,69
4459,runs\models_9x9_scratch\checkpoints\cycle_0031.pt,runs\models_9x9_scratch\best.pt,runs\models_9x9_scratch\best.pt,runs\models_9x9_scratch\checkpoints\cycle_0031.pt,p1_win,0.0,71
4460,runs\models_9x9_scratch\checkpoints\cycle_0031.pt,runs\models_9x9_scratch\best.pt,runs\models_9x9_scratch\checkpoints\cycle_0031.pt,runs\models_9x9_scratch\best.pt,p2_win,0.0,70
4461,runs\models_9x9_scratch\checkpoints\cycle_0031.pt,runs\models_9x9_scratch\best.pt,runs\models_9x9_scratch\checkpoints\cycle_0031.pt,runs\models_9x9_scratch\best.pt,p2_win,0.0,68
4462,runs\models_9x9_scratch\checkpoints\cycle_0031.pt,runs\models_9x9_scratch\best.pt,runs\models_9x9_scratch\best.pt,runs\models_9x9_scratch\checkpoints\cycle_0031.pt,p1_win,0.0,69
4463,runs\models_9x9_scratch\checkpoints\cycle_0031.pt,runs\models_9x9_scratch\best.pt,runs\models_9x9_scratch\best.pt,runs\models_9x9_scratch\checkpoints\cycle_0031.pt,p1_win,0.0,71
4464,runs\models_9x9_scratch\checkpoints\cycle_0031.pt,runs\models_9x9_scratch\best.pt,runs\models_9x9_scratch\checkpoints\cycle_0031.pt,runs\models_9x9_scratch\best.pt,p2_win,0.0,74
4465,runs\models_9x9_scratch\checkpoints\cycle_0031.pt,runs\models_9x9_scratch\best.pt,runs\models_9x9_scratch\best.pt,runs\models_9x9_scratch\checkpoints\cycle_0031.pt,p1_win,0.0,71
4466,runs\models_9x9_scratch\checkpoints\cycle_0031.pt,runs\models_9x9_scratch\best.pt,runs\models_9x9_scratch\checkpoints\cycle_0031.pt,runs\models_9x9_scratch\best.pt,p2_win,0.0,74
4467,runs\models_9x9_scratch\checkpoints\cycle_0031.pt,runs\models_9x9_scratch\best.pt,runs\models_9x9_scratch\checkpoints\cycle_0031.pt,runs\models_9x9_scratch\best.pt,p2_win,0.0,72
4468,runs\models_9x9_scratch\checkpoints\cycle_0031.pt,runs\models_9x9_scratch\best.pt,runs\models_9x9_scratch\best.pt,runs\models_9x9_scratch\checkpoints\cycle_0031.pt,p1_win,0.0,73
4469,runs\models_9x9_scratch\checkpoints\cycle_0031.pt,runs\models_9x9_scratch\best.pt,runs\models_9x9_scratch\best.pt,runs\models_9x9_scratch\checkpoints\cycle_0031.pt,p1_win,0.0,73
4470,runs\models_9x9_scratch\checkpoints\cycle_0031.pt,runs\models_9x9_scratch\best.pt,runs\models_9x9_scratch\checkpoints\cycle_0031.pt,runs\models_9x9_scratch\best.pt,p2_win,0.0,72
4471,runs\models_9x9_scratch\checkpoints\cycle_0031.pt,runs\models_9x9_scratch\best.pt,runs\models_9x9_scratch\best.pt,runs\models_9x9_scratch\checkpoints\cycle_0031.pt,p1_win,0.0,73
4472,runs\models_9x9_scratch\checkpoints\cycle_0031.pt,runs\models_9x9_scratch\best.pt,runs\models_9x9_scratch\best.pt,runs\models_9x9_scratch\checkpoints\cycle_0031.pt,p1_win,0.0,75
4473,runs\models_9x9_scratch\checkpoints\cycle_0031.pt,runs\models_9x9_scratch\best.pt,runs\models_9x9_scratch\best.pt,runs\models_9x9_scratch\checkpoints\cycle_0031.pt,p1_win,0.0,79
4474,runs\models_9x9_scratch\checkpoints\cycle_0031.pt,runs\models_9x9_scratch\best.pt,runs\models_9x9_scratch\best.pt,runs\models_9x9_scratch\checkpoints\cycle_0031.pt,p1_win,0.0,75
4475,runs\models_9x9_scratch\checkpoints\cycle_0031.pt,runs\models_9x9_scratch\best.pt,runs\models_9x9_scratch\checkpoints\cycle_0031.pt,runs\models_9x9_scratch\best.pt,p2_win,0.0,74
4476,runs\models_9x9_scratch\checkpoints\cycle_0031.pt,runs\models_9x9_scratch\best.pt,runs\models_9x9_scratch\checkpoints\cycle_0031.pt,runs\models_9x9_scratch\best.pt,p2_win,0.0,74
4477,runs\models_9x9_scratch\checkpoints\cycle_0031.pt,runs\models_9x9_scratch\best.pt,runs\models_9x9_scratch\checkpoints\cycle_0031.pt,runs\models_9x9_scratch\best.pt,p2_win,0.0,74
4478,runs\models_9x9_scratch\checkpoints\cycle_0031.pt,runs\models_9x9_scratch\best.pt,runs\models_9x9_scratch\best.pt,runs\models_9x9_scratch\checkpoints\cycle_0031.pt,p1_win,0.0,79
4479,runs\models_9x9_scratch\checkpoints\cycle_0031.pt,runs\models_9x9_scratch\best.pt,runs\models_9x9_scratch\best.pt,runs\models_9x9_scratch\checkpoints\cycle_0031.pt,p1_win,0.0,75
4480,runs\models_9x9_scratch\checkpoints\cycle_0031.pt,runs\models_9x9_scratch\best.pt,runs\models_9x9_scratch\best.pt,runs\models_9x9_scratch\checkpoints\cycle_0031.pt,p1_win,0.0,77
4481,runs\models_9x9_scratch\checkpoints\cycle_0031.pt,runs\models_9x9_scratch\best.pt,runs\models_9x9_scratch\checkpoints\cycle_0031.pt,runs\models_9x9_scratch\best.pt,p2_win,0.0,78
4482,runs\models_9x9_scratch\checkpoints\cycle_0031.pt,runs\models_9x9_scratch\best.pt,runs\models_9x9_scratch\checkpoints\cycle_0031.pt,runs\models_9x9_scratch\best.pt,p2_win,0.0,76
4483,runs\models_9x9_scratch\checkpoints\cycle_0031.pt,runs\models_9x9_scratch\best.pt,runs\models_9x9_scratch\checkpoints\cycle_0031.pt,runs\models_9x9_scratch\best.pt,p2_win,0.0,76
4484,runs\models_9x9_scratch\checkpoints\cycle_0031.pt,runs\models_9x9_scratch\best.pt,runs\models_9x9_scratch\best.pt,runs\models_9x9_scratch\checkpoints\cycle_0031.pt,p1_win,0.0,79
4485,runs\models_9x9_scratch\checkpoints\cycle_0031.pt,runs\models_9x9_scratch\best.pt,runs\models_9x9_scratch\checkpoints\cycle_0031.pt,runs\models_9x9_scratch\best.pt,p2_win,0.0,76
4486,runs\models_9x9_scratch\checkpoints\cycle_0031.pt,runs\models_9x9_scratch\best.pt,runs\models_9x9_scratch\best.pt,runs\models_9x9_scratch\checkpoints\cycle_0031.pt,p1_win,0.0,81
4487,runs\models_9x9_scratch\checkpoints\cycle_0031.pt,runs\models_9x9_scratch\best.pt,runs\models_9x9_scratch\best.pt,runs\models_9x9_scratch\checkpoints\cycle_0031.pt,p1_win,0.0,77
4488,runs\models_9x9_scratch\checkpoints\cycle_0031.pt,runs\models_9x9_scratch\best.pt,runs\models_9x9_scratch\checkpoints\cycle_0031.pt,runs\models_9x9_scratch\best.pt,p2_win,0.0,78
4489,runs\models_9x9_scratch\checkpoints\cycle_0031.pt,runs\models_9x9_scratch\best.pt,runs\models_9x9_scratch\best.pt,runs\models_9x9_scratch\checkpoints\cycle_0031.pt,p2_win,1.0,80
4490,runs\models_9x9_scratch\checkpoints\cycle_0031.pt,runs\models_9x9_scratch\best.pt,runs\models_9x9_scratch\best.pt,runs\models_9x9_scratch\checkpoints\cycle_0031.pt,p1_win,0.0,83
4491,runs\models_9x9_scratch\checkpoints\cycle_0031.pt,runs\models_9x9_scratch\best.pt,runs\models_9x9_scratch\checkpoints\cycle_0031.pt,runs\models_9x9_scratch\best.pt,p2_win,0.0,86
4492,runs\models_9x9_scratch\checkpoints\cycle_0031.pt,runs\models_9x9_scratch\best.pt,runs\models_9x9_scratch\best.pt,runs\models_9x9_scratch\checkpoints\cycle_0031.pt,p1_win,0.0,89
4493,runs\models_9x9_scratch\checkpoints\cycle_0031.pt,runs\models_9x9_scratch\best.pt,runs\models_9x9_scratch\best.pt,runs\models_9x9_scratch\checkpoints\cycle_0031.pt,p1_win,0.0,93
4494,runs\models_9x9_scratch\checkpoints\cycle_0031.pt,runs\models_9x9_scratch\best.pt,runs\models_9x9_scratch\best.pt,runs\models_9x9_scratch\checkpoints\cycle_0031.pt,draw,0.5,99
4495,runs\models_9x9_scratch\checkpoints\cycle_0031.pt,runs\models_9x9_scratch\best.pt,runs\models_9x9_scratch\checkpoints\cycle_0031.pt,runs\models_9x9_scratch\best.pt,p2_win,0.0,94
4496,runs\models_9x9_scratch\checkpoints\cycle_0031.pt,runs\models_9x9_scratch\best.pt,runs\models_9x9_scratch\checkpoints\cycle_0031.pt,runs\models_9x9_scratch\best.pt,draw,0.5,100
4497,runs\models_9x9_scratch\checkpoints\cycle_0031.pt,runs\models_9x9_scratch\best.pt,runs\models_9x9_scratch\checkpoints\cycle_0031.pt,runs\models_9x9_scratch\best.pt,draw,0.5,100
4498,runs\models_9x9_scratch\checkpoints\cycle_0031.pt,runs\models_9x9_scratch\best.pt,runs\models_9x9_scratch\best.pt,runs\models_9x9_scratch\checkpoints\cycle_0031.pt,draw,0.5,100
4499,runs\models_9x9_scratch\checkpoints\cycle_0031.pt,runs\models_9x9_scratch\best.pt,runs\models_9x9_scratch\best.pt,runs\models_9x9_scratch\checkpoints\cycle_0031.pt,draw,0.5,100
4500,runs\models_9x9_scratch\checkpoints\cycle_0031.pt,runs\models_9x9_scratch\best.pt,runs\models_9x9_scratch\best.pt,runs\models_9x9_scratch\checkpoints\cycle_0031.pt,draw,0.5,100
4501,runs\models_9x9_scratch\checkpoints\cycle_0061.pt,runs\models_9x9_scratch\best.pt,runs\models_9x9_scratch\best.pt,runs\models_9x9_scratch\checkpoints\cycle_0061.pt,p1_win,0.0,27
4502,runs\models_9x9_scratch\checkpoints\cycle_0061.pt,runs\models_9x9_scratch\best.pt,runs\models_9x9_scratch\best.pt,runs\models_9x9_scratch\checkpoints\cycle_0061.pt,p1_win,0.0,31
4503,runs\models_9x9_scratch\checkpoints\cycle_0061.pt,runs\models_9x9_scratch\best.pt,runs\models_9x9_scratch\best.pt,runs\models_9x9_scratch\checkpoints\cycle_0061.pt,p1_win,0.0,33
4504,runs\models_9x9_scratch\checkpoints\cycle_0061.pt,runs\models_9x9_scratch\best.pt,runs\models_9x9_scratch\best.pt,runs\models_9x9_scratch\checkpoints\cycle_0061.pt,p1_win,0.0,35
4505,runs\models_9x9_scratch\checkpoints\cycle_0061.pt,runs\models_9x9_scratch\best.pt,runs\models_9x9_scratch\best.pt,runs\models_9x9_scratch\checkpoints\cycle_0061.pt,p1_win,0.0,35
4506,runs\models_9x9_scratch\checkpoints\cycle_0061.pt,runs\models_9x9_scratch\best.pt,runs\models_9x9_scratch\best.pt,runs\models_9x9_scratch\checkpoints\cycle_0061.pt,p1_win,0.0,35
4507,runs\models_9x9_scratch\checkpoints\cycle_0061.pt,runs\models_9x9_scratch\best.pt,runs\models_9x9_scratch\best.pt,runs\models_9x9_scratch\checkpoints\cycle_0061.pt,p1_win,0.0,35
4508,runs\models_9x9_scratch\checkpoints\cycle_0061.pt,runs\models_9x9_scratch\best.pt,runs\models_9x9_scratch\checkpoints\cycle_0061.pt,runs\models_9x9_scratch\best.pt,p2_win,0.0,36
4509,runs\models_9x9_scratch\checkpoints\cycle_0061.pt,runs\models_9x9_scratch\best.pt,runs\models_9x9_scratch\best.pt,runs\models_9x9_scratch\checkpoints\cycle_0061.pt,p1_win,0.0,35
4510,runs\models_9x9_scratch\checkpoints\cycle_0061.pt,runs\models_9x9_scratch\best.pt,runs\models_9x9_scratch\best.pt,runs\models_9x9_scratch\checkpoints\cycle_0061.pt,p1_win,0.0,37
4511,runs\models_9x9_scratch\checkpoints\cycle_0061.pt,runs\models_9x9_scratch\best.pt,runs\models_9x9_scratch\best.pt,runs\models_9x9_scratch\checkpoints\cycle_0061.pt,p1_win,0.0,43
4512,runs\models_9x9_scratch\checkpoints\cycle_0061.pt,runs\models_9x9_scratch\best.pt,runs\models_9x9_scratch\best.pt,runs\models_9x9_scratch\checkpoints\cycle_0061.pt,p1_win,0.0,37
4513,runs\models_9x9_scratch\checkpoints\cycle_0061.pt,runs\models_9x9_scratch\best.pt,runs\models_9x9_scratch\best.pt,runs\models_9x9_scratch\checkpoints\cycle_0061.pt,p1_win,0.0,37
4514,runs\models_9x9_scratch\checkpoints\cycle_0061.pt,runs\models_9x9_scratch\best.pt,runs\models_9x9_scratch\best.pt,runs\models_9x9_scratch\checkpoints\cycle_0061.pt,p1_win,0.0,37
4515,runs\models_9x9_scratch\checkpoints\cycle_0061.pt,runs\models_9x9_scratch\best.pt,runs\models_9x9_scratch\best.pt,runs\models_9x9_scratch\checkpoints\cycle_0061.pt,p1_win,0.0,39
4516,runs\models_9x9_scratch\checkpoints\cycle_0061.pt,runs\models_9x9_scratch\best.pt,runs\models_9x9_scratch\best.pt,runs\models_9x9_scratch\checkpoints\cycle_0061.pt,p1_win,0.0,39
4517,runs\models_9x9_scratch\checkpoints\cycle_0061.pt,runs\models_9x9_scratch\best.pt,runs\models_9x9_scratch\checkpoints\cycle_0061.pt,runs\models_9x9_scratch\best.pt,p1_win,1.0,39
4518,runs\models_9x9_scratch\checkpoints\cycle_0061.pt,runs\models_9x9_scratch\best.pt,runs\models_9x9_scratch\best.pt,runs\models_9x9_scratch\checkpoints\cycle_0061.pt,p1_win,0.0,39
4519,runs\models_9x9_scratch\checkpoints\cycle_0061.pt,runs\models_9x9_scratch\best.pt,runs\models_9x9_scratch\checkpoints\cycle_0061.pt,runs\models_9x9_scratch\best.pt,p2_win,0.0,42
4520,runs\models_9x9_scratch\checkpoints\cycle_0061.pt,runs\models_9x9_scratch\best.pt,runs\models_9x9_scratch\best.pt,runs\models_9x9_scratch\checkpoints\cycle_0061.pt,p1_win,0.0,45
4521,runs\models_9x9_scratch\checkpoints\cycle_0061.pt,runs\models_9x9_scratch\best.pt,runs\models_9x9_scratch\checkpoints\cycle_0061.pt,runs\models_9x9_scratch\best.pt,p2_win,0.0,42
4522,runs\models_9x9_scratch\checkpoints\cycle_0061.pt,runs\models_9x9_scratch\best.pt,runs\models_9x9_scratch\best.pt,runs\models_9x9_scratch\checkpoints\cycle_0061.pt,p1_win,0.0,43
4523,runs\models_9x9_scratch\checkpoints\cycle_0061.pt,runs\models_9x9_scratch\best.pt,runs\models_9x9_scratch\best.pt,runs\models_9x9_scratch\checkpoints\cycle_0061.pt,p1_win,0.0,43
4524,runs\models_9x9_scratch\checkpoints\cycle_0061.pt,runs\models_9x9_scratch\best.pt,runs\models_9x9_scratch\best.pt,runs\models_9x9_scratch\checkpoints\cycle_0061.pt,p1_win,0.0,41
4525,runs\models_9x9_scratch\checkpoints\cycle_0061.pt,runs\models_9x9_scratch\best.pt,runs\models_9x9_scratch\checkpoints\cycle_0061.pt,runs\models_9x9_scratch\best.pt,p2_win,0.0,42
4526,runs\models_9x9_scratch\checkpoints\cycle_0061.pt,runs\models_9x9_scratch\best.pt,runs\models_9x9_scratch\best.pt,runs\models_9x9_scratch\checkpoints\cycle_0061.pt,p1_win,0.0,43
4527,runs\models_9x9_scratch\checkpoints\cycle_0061.pt,runs\models_9x9_scratch\best.pt,runs\models_9x9_scratch\best.pt,runs\models_9x9_scratch\checkpoints\cycle_0061.pt,p1_win,0.0,45
4528,runs\models_9x9_scratch\checkpoints\cycle_0061.pt,runs\models_9x9_scratch\best.pt,runs\models_9x9_scratch\best.pt,runs\models_9x9_scratch\checkpoints\cycle_0061.pt,p1_win,0.0,43
4529,runs\models_9x9_scratch\checkpoints\cycle_0061.pt,runs\models_9x9_scratch\best.pt,runs\models_9x9_scratch\checkpoints\cycle_0061.pt,runs\models_9x9_scratch\best.pt,p2_win,0.0,46
4530,runs\models_9x9_scratch\checkpoints\cycle_0061.pt,runs\models_9x9_scratch\best.pt,runs\models_9x9_scratch\best.pt,runs\models_9x9_scratch\checkpoints\cycle_0061.pt,p1_win,0.0,43
4531,runs\models_9x9_scratch\checkpoints\cycle_0061.pt,runs\models_9x9_scratch\best.pt,runs\models_9x9_scratch\best.pt,runs\models_9x9_scratch\checkpoints\cycle_0061.pt,p1_win,0.0,45
4532,runs\models_9x9_scratch\checkpoints\cycle_0061.pt,runs\models_9x9_scratch\best.pt,runs\models_9x9_scratch\best.pt,runs\models_9x9_scratch\checkpoints\cycle_0061.pt,p1_win,0.0,43
4533,runs\models_9x9_scratch\checkpoints\cycle_0061.pt,runs\models_9x9_scratch\best.pt,runs\models_9x9_scratch\checkpoints\cycle_0061.pt,runs\models_9x9_scratch\best.pt,p2_win,0.0,44
4534,runs\models_9x9_scratch\checkpoints\cycle_0061.pt,runs\models_9x9_scratch\best.pt,runs\models_9x9_scratch\checkpoints\cycle_0061.pt,runs\models_9x9_scratch\best.pt,p1_win,1.0,49
4535,runs\models_9x9_scratch\checkpoints\cycle_0061.pt,runs\models_9x9_scratch\best.pt,runs\models_9x9_scratch\checkpoints\cycle_0061.pt,runs\models_9x9_scratch\best.pt,p2_win,0.0,44
4536,runs\models_9x9_scratch\checkpoints\cycle_0061.pt,runs\models_9x9_scratch\best.pt,runs\models_9x9_scratch\best.pt,runs\models_9x9_scratch\checkpoints\cycle_0061.pt,p1_win,0.0,43
4537,runs\models_9x9_scratch\checkpoints\cycle_0061.pt,runs\models_9x9_scratch\best.pt,runs\models_9x9_scratch\best.pt,runs\models_9x9_scratch\checkpoints\cycle_0061.pt,p1_win,0.0,43
4538,runs\models_9x9_scratch\checkpoints\cycle_0061.pt,runs\models_9x9_scratch\best.pt,runs\models_9x9_scratch\best.pt,runs\models_9x9_scratch\checkpoints\cycle_0061.pt,p1_win,0.0,45
4539,runs\models_9x9_scratch\checkpoints\cycle_0061.pt,runs\models_9x9_scratch\best.pt,runs\models_9x9_scratch\best.pt,runs\models_9x9_scratch\checkpoints\cycle_0061.pt,p1_win,0.0,45
4540,runs\models_9x9_scratch\checkpoints\cycle_0061.pt,runs\models_9x9_scratch\best.pt,runs\models_9x9_scratch\checkpoints\cycle_0061.pt,runs\models_9x9_scratch\best.pt,p2_win,0.0,44
4541,runs\models_9x9_scratch\checkpoints\cycle_0061.pt,runs\models_9x9_scratch\best.pt,runs\models_9x9_scratch\checkpoints\cycle_0061.pt,runs\models_9x9_scratch\best.pt,p1_win,1.0,47
4542,runs\models_9x9_scratch\checkpoints\cycle_0061.pt,runs\models_9x9_scratch\best.pt,runs\models_9x9_scratch\checkpoints\cycle_0061.pt,runs\models_9x9_scratch\best.pt,p2_win,0.0,44
4543,runs\models_9x9_scratch\checkpoints\cycle_0061.pt,runs\models_9x9_scratch\best.pt,runs\models_9x9_scratch\checkpoints\cycle_0061.pt,runs\models_9x9_scratch\best.pt,p2_win,0.0,48
4544,runs\models_9x9_scratch\checkpoints\cycle_0061.pt,runs\models_9x9_scratch\best.pt,runs\models_9x9_scratch\best.pt,runs\models_9x9_scratch\checkpoints\cycle_0061.pt,p1_win,0.0,45
4545,runs\models_9x9_scratch\checkpoints\cycle_0061.pt,runs\models_9x9_scratch\best.pt,runs\models_9x9_scratch\checkpoints\cycle_0061.pt,runs\models_9x9_scratch\best.pt,p2_win,0.0,48
4546,runs\models_9x9_scratch\checkpoints\cycle_0061.pt,runs\models_9x9_scratch\best.pt,runs\models_9x9_scratch\checkpoints\cycle_0061.pt,runs\models_9x9_scratch\best.pt,p2_win,0.0,46
4547,runs\models_9x9_scratch\checkpoints\cycle_0061.pt,runs\models_9x9_scratch\best.pt,runs\models_9x9_scratch\best.pt,runs\models_9x9_scratch\checkpoints\cycle_0061.pt,p1_win,0.0,47
4548,runs\models_9x9_scratch\checkpoints\cycle_0061.pt,runs\models_9x9_scratch\best.pt,runs\models_9x9_scratch\checkpoints\cycle_0061.pt,runs\models_9x9_scratch\best.pt,p2_win,0.0,46
4549,runs\models_9x9_scratch\checkpoints\cycle_0061.pt,runs\models_9x9_scratch\best.pt,runs\models_9x9_scratch\best.pt,runs\models_9x9_scratch\checkpoints\cycle_0061.pt,p1_win,0.0,45
4550,runs\models_9x9_scratch\checkpoints\cycle_0061.pt,runs\models_9x9_scratch\best.pt,runs\models_9x9_scratch\best.pt,runs\models_9x9_scratch\checkpoints\cycle_0061.pt,p1_win,0.0,45
4551,runs\models_9x9_scratch\checkpoints\cycle_0061.pt,runs\models_9x9_scratch\best.pt,runs\models_9x9_scratch\best.pt,runs\models_9x9_scratch\checkpoints\cycle_0061.pt,p1_win,0.0,47
4552,runs\models_9x9_scratch\checkpoints\cycle_0061.pt,runs\models_9x9_scratch\best.pt,runs\models_9x9_scratch\best.pt,runs\models_9x9_scratch\checkpoints\cycle_0061.pt,p1_win,0.0,45
4553,runs\models_9x9_scratch\checkpoints\cycle_0061.pt,runs\models_9x9_scratch\best.pt,runs\models_9x9_scratch\best.pt,runs\models_9x9_scratch\checkpoints\cycle_0061.pt,p1_win,0.0,45
4554,runs\models_9x9_scratch\checkpoints\cycle_0061.pt,runs\models_9x9_scratch\best.pt,runs\models_9x9_scratch\best.pt,runs\models_9x9_scratch\checkpoints\cycle_0061.pt,p1_win,0.0,47
4555,runs\models_9x9_scratch\checkpoints\cycle_0061.pt,runs\models_9x9_scratch\best.pt,runs\models_9x9_scratch\checkpoints\cycle_0061.pt,runs\models_9x9_scratch\best.pt,p2_win,0.0,46
4556,runs\models_9x9_scratch\checkpoints\cycle_0061.pt,runs\models_9x9_scratch\best.pt,runs\models_9x9_scratch\best.pt,runs\models_9x9_scratch\checkpoints\cycle_0061.pt,p1_win,0.0,47
4557,runs\models_9x9_scratch\checkpoints\cycle_0061.pt,runs\models_9x9_scratch\best.pt,runs\models_9x9_scratch\best.pt,runs\models_9x9_scratch\checkpoints\cycle_0061.pt,p1_win,0.0,47
4558,runs\models_9x9_scratch\checkpoints\cycle_0061.pt,runs\models_9x9_scratch\best.pt,runs\models_9x9_scratch\checkpoints\cycle_0061.pt,runs\models_9x9_scratch\best.pt,p2_win,0.0,46
4559,runs\models_9x9_scratch\checkpoints\cycle_0061.pt,runs\models_9x9_scratch\best.pt,runs\models_9x9_scratch\best.pt,runs\models_9x9_scratch\checkpoints\cycle_0061.pt,p1_win,0.0,45
4560,runs\models_9x9_scratch\checkpoints\cycle_0061.pt,runs\models_9x9_scratch\best.pt,runs\models_9x9_scratch\best.pt,runs\models_9x9_scratch\checkpoints\cycle_0061.pt,p1_win,0.0,47
4561,runs\models_9x9_scratch\checkpoints\cycle_0061.pt,runs\models_9x9_scratch\best.pt,runs\models_9x9_scratch\best.pt,runs\models_9x9_scratch\checkpoints\cycle_0061.pt,p1_win,0.0,47
4562,runs\models_9x9_scratch\checkpoints\cycle_0061.pt,runs\models_9x9_scratch\best.pt,runs\models_9x9_scratch\checkpoints\cycle_0061.pt,runs\models_9x9_scratch\best.pt,p2_win,0.0,46
4563,runs\models_9x9_scratch\checkpoints\cycle_0061.pt,runs\models_9x9_scratch\best.pt,runs\models_9x9_scratch\best.pt,runs\models_9x9_scratch\checkpoints\cycle_0061.pt,p1_win,0.0,47
4564,runs\models_9x9_scratch\checkpoints\cycle_0061.pt,runs\models_9x9_scratch\best.pt,runs\models_9x9_scratch\best.pt,runs\models_9x9_scratch\checkpoints\cycle_0061.pt,p1_win,0.0,47
4565,runs\models_9x9_scratch\checkpoints\cycle_0061.pt,runs\models_9x9_scratch\best.pt,runs\models_9x9_scratch\best.pt,runs\models_9x9_scratch\checkpoints\cycle_0061.pt,p1_win,0.0,49
4566,runs\models_9x9_scratch\checkpoints\cycle_0061.pt,runs\models_9x9_scratch\best.pt,runs\models_9x9_scratch\checkpoints\cycle_0061.pt,runs\models_9x9_scratch\best.pt,p2_win,0.0,48
4567,runs\models_9x9_scratch\checkpoints\cycle_0061.pt,runs\models_9x9_scratch\best.pt,runs\models_9x9_scratch\best.pt,runs\models_9x9_scratch\checkpoints\cycle_0061.pt,p1_win,0.0,49
4568,runs\models_9x9_scratch\checkpoints\cycle_0061.pt,runs\models_9x9_scratch\best.pt,runs\models_9x9_scratch\best.pt,runs\models_9x9_scratch\checkpoints\cycle_0061.pt,p1_win,0.0,47
4569,runs\models_9x9_scratch\checkpoints\cycle_0061.pt,runs\models_9x9_scratch\best.pt,runs\models_9x9_scratch\checkpoints\cycle_0061.pt,runs\models_9x9_scratch\best.pt,p2_win,0.0,48
4570,runs\models_9x9_scratch\checkpoints\cycle_0061.pt,runs\models_9x9_scratch\best.pt,runs\models_9x9_scratch\best.pt,runs\models_9x9_scratch\checkpoints\cycle_0061.pt,p2_win,1.0,52
4571,runs\models_9x9_scratch\checkpoints\cycle_0061.pt,runs\models_9x9_scratch\best.pt,runs\models_9x9_scratch\best.pt,runs\models_9x9_scratch\checkpoints\cycle_0061.pt,p1_win,0.0,47
4572,runs\models_9x9_scratch\checkpoints\cycle_0061.pt,runs\models_9x9_scratch\best.pt,runs\models_9x9_scratch\checkpoints\cycle_0061.pt,runs\models_9x9_scratch\best.pt,p2_win,0.0,50
4573,runs\models_9x9_scratch\checkpoints\cycle_0061.pt,runs\models_9x9_scratch\best.pt,runs\models_9x9_scratch\checkpoints\cycle_0061.pt,runs\models_9x9_scratch\best.pt,p2_win,0.0,48
4574,runs\models_9x9_scratch\checkpoints\cycle_0061.pt,runs\models_9x9_scratch\best.pt,runs\models_9x9_scratch\checkpoints\cycle_0061.pt,runs\models_9x9_scratch\best.pt,p2_win,0.0,48
4575,runs\models_9x9_scratch\checkpoints\cycle_0061.pt,runs\models_9x9_scratch\best.pt,runs\models_9x9_scratch\best.pt,runs\models_9x9_scratch\checkpoints\cycle_0061.pt,p1_win,0.0,47
4576,runs\models_9x9_scratch\checkpoints\cycle_0061.pt,runs\models_9x9_scratch\best.pt,runs\models_9x9_scratch\best.pt,runs\models_9x9_scratch\checkpoints\cycle_0061.pt,p1_win,0.0,47
4577,runs\models_9x9_scratch\checkpoints\cycle_0061.pt,runs\models_9x9_scratch\best.pt,runs\models_9x9_scratch\checkpoints\cycle_0061.pt,runs\models_9x9_scratch\best.pt,p2_win,0.0,48
4578,runs\models_9x9_scratch\checkpoints\cycle_0061.pt,runs\models_9x9_scratch\best.pt,runs\models_9x9_scratch\best.pt,runs\models_9x9_scratch\checkpoints\cycle_0061.pt,p1_win,0.0,51
4579,runs\models_9x9_scratch\checkpoints\cycle_0061.pt,runs\models_9x9_scratch\best.pt,runs\models_9x9_scratch\checkpoints\cycle_0061.pt,runs\models_9x9_scratch\best.pt,p2_win,0.0,48
4580,runs\models_9x9_scratch\checkpoints\cycle_0061.pt,runs\models_9x9_scratch\best.pt,runs\models_9x9_scratch\best.pt,runs\models_9x9_scratch\checkpoints\cycle_0061.pt,p1_win,0.0,49
4581,runs\models_9x9_scratch\checkpoints\cycle_0061.pt,runs\models_9x9_scratch\best.pt,runs\models_9x9_scratch\best.pt,runs\models_9x9_scratch\checkpoints\cycle_0061.pt,p1_win,0.0,49
4582,runs\models_9x9_scratch\checkpoints\cycle_0061.pt,runs\models_9x9_scratch\best.pt,runs\models_9x9_scratch\best.pt,runs\models_9x9_scratch\checkpoints\cycle_0061.pt,p1_win,0.0,49
4583,runs\models_9x9_scratch\checkpoints\cycle_0061.pt,runs\models_9x9_scratch\best.pt,runs\models_9x9_scratch\best.pt,runs\models_9x9_scratch\checkpoints\cycle_0061.pt,p2_win,1.0,52
4584,runs\models_9x9_scratch\checkpoints\cycle_0061.pt,runs\models_9x9_scratch\best.pt,runs\models_9x9_scratch\checkpoints\cycle_0061.pt,runs\models_9x9_scratch\best.pt,p1_win,1.0,57
4585,runs\models_9x9_scratch\checkpoints\cycle_0061.pt,runs\models_9x9_scratch\best.pt,runs\models_9x9_scratch\best.pt,runs\models_9x9_scratch\checkpoints\cycle_0061.pt,p1_win,0.0,47
4586,runs\models_9x9_scratch\checkpoints\cycle_0061.pt,runs\models_9x9_scratch\best.pt,runs\models_9x9_scratch\checkpoints\cycle_0061.pt,runs\models_9x9_scratch\best.pt,p2_win,0.0,50
4587,runs\models_9x9_scratch\checkpoints\cycle_0061.pt,runs\models_9x9_scratch\best.pt,runs\models_9x9_scratch\checkpoints\cycle_0061.pt,runs\models_9x9_scratch\best.pt,p2_win,0.0,50
4588,runs\models_9x9_scratch\checkpoints\cycle_0061.pt,runs\models_9x9_scratch\best.pt,runs\models_9x9_scratch\checkpoints\cycle_0061.pt,runs\models_9x9_scratch\best.pt,p2_win,0.0,48
4589,runs\models_9x9_scratch\checkpoints\cycle_0061.pt,runs\models_9x9_scratch\best.pt,runs\models_9x9_scratch\checkpoints\cycle_0061.pt,runs\models_9x9_scratch\best.pt,p2_win,0.0,54
4590,runs\models_9x9_scratch\checkpoints\cycle_0061.pt,runs\models_9x9_scratch\best.pt,runs\models_9x9_scratch\best.pt,runs\models_9x9_scratch\checkpoints\cycle_0061.pt,p1_win,0.0,49
4591,runs\models_9x9_scratch\checkpoints\cycle_0061.pt,runs\models_9x9_scratch\best.pt,runs\models_9x9_scratch\best.pt,runs\models_9x9_scratch\checkpoints\cycle_0061.pt,p1_win,0.0,51
4592,runs\models_9x9_scratch\checkpoints\cycle_0061.pt,runs\models_9x9_scratch\best.pt,runs\models_9x9_scratch\best.pt,runs\models_9x9_scratch\checkpoints\cycle_0061.pt,p1_win,0.0,49
4593,runs\models_9x9_scratch\checkpoints\cycle_0061.pt,runs\models_9x9_scratch\best.pt,runs\models_9x9_scratch\best.pt,runs\models_9x9_scratch\checkpoints\cycle_0061.pt,p1_win,0.0,49
4594,runs\models_9x9_scratch\checkpoints\cycle_0061.pt,runs\models_9x9_scratch\best.pt,runs\models_9x9_scratch\checkpoints\cycle_0061.pt,runs\models_9x9_scratch\best.pt,p2_win,0.0,50
4595,runs\models_9x9_scratch\checkpoints\cycle_0061.pt,runs\models_9x9_scratch\best.pt,runs\models_9x9_scratch\best.pt,runs\models_9x9_scratch\checkpoints\cycle_0061.pt,p1_win,0.0,51
4596,runs\models_9x9_scratch\checkpoints\cycle_0061.pt,runs\models_9x9_scratch\best.pt,runs\models_9x9_scratch\checkpoints\cycle_0061.pt,runs\models_9x9_scratch\best.pt,p2_win,0.0,50
4597,runs\models_9x9_scratch\checkpoints\cycle_0061.pt,runs\models_9x9_scratch\best.pt,runs\models_9x9_scratch\best.pt,runs\models_9x9_scratch\checkpoints\cycle_0061.pt,p1_win,0.0,51
4598,runs\models_9x9_scratch\checkpoints\cycle_0061.pt,runs\models_9x9_scratch\best.pt,runs\models_9x9_scratch\best.pt,runs\models_9x9_scratch\checkpoints\cycle_0061.pt,p1_win,0.0,49
4599,runs\models_9x9_scratch\checkpoints\cycle_0061.pt,runs\models_9x9_scratch\best.pt,runs\models_9x9_scratch\checkpoints\cycle_0061.pt,runs\models_9x9_scratch\best.pt,p2_win,0.0,50
4600,runs\models_9x9_scratch\checkpoints\cycle_0061.pt,runs\models_9x9_scratch\best.pt,runs\models_9x9_scratch\best.pt,runs\models_9x9_scratch\checkpoints\cycle_0061.pt,p1_win,0.0,53
4601,runs\models_9x9_scratch\checkpoints\cycle_0061.pt,runs\models_9x9_scratch\best.pt,runs\models_9x9_scratch\checkpoints\cycle_0061.pt,runs\models_9x9_scratch\best.pt,p2_win,0.0,52
4602,runs\models_9x9_scratch\checkpoints\cycle_0061.pt,runs\models_9x9_scratch\best.pt,runs\models_9x9_scratch\best.pt,runs\models_9x9_scratch\checkpoints\cycle_0061.pt,p1_win,0.0,49
4603,runs\models_9x9_scratch\checkpoints\cycle_0061.pt,runs\models_9x9_scratch\best.pt,runs\models_9x9_scratch\best.pt,runs\models_9x9_scratch\checkpoints\cycle_0061.pt,p1_win,0.0,53
4604,runs\models_9x9_scratch\checkpoints\cycle_0061.pt,runs\models_9x9_scratch\best.pt,runs\models_9x9_scratch\checkpoints\cycle_0061.pt,runs\models_9x9_scratch\best.pt,p1_win,1.0,51
4605,runs\models_9x9_scratch\checkpoints\cycle_0061.pt,runs\models_9x9_scratch\best.pt,runs\models_9x9_scratch\best.pt,runs\models_9x9_scratch\checkpoints\cycle_0061.pt,p1_win,0.0,49
4606,runs\models_9x9_scratch\checkpoints\cycle_0061.pt,runs\models_9x9_scratch\best.pt,runs\models_9x9_scratch\checkpoints\cycle_0061.pt,runs\models_9x9_scratch\best.pt,p2_win,0.0,50
4607,runs\models_9x9_scratch\checkpoints\cycle_0061.pt,runs\models_9x9_scratch\best.pt,runs\models_9x9_scratch\checkpoints\cycle_0061.pt,runs\models_9x9_scratch\best.pt,p2_win,0.0,52
4608,runs\models_9x9_scratch\checkpoints\cycle_0061.pt,runs\models_9x9_scratch\best.pt,runs\models_9x9_scratch\best.pt,runs\models_9x9_scratch\checkpoints\cycle_0061.pt,p1_win,0.0,49
4609,runs\models_9x9_scratch\checkpoints\cycle_0061.pt,runs\models_9x9_scratch\best.pt,runs\models_9x9_scratch\checkpoints\cycle_0061.pt,runs\models_9x9_scratch\best.pt,p2_win,0.0,52
4610,runs\models_9x9_scratch\checkpoints\cycle_0061.pt,runs\models_9x9_scratch\best.pt,runs\models_9x9_scratch\checkpoints\cycle_0061.pt,runs\models_9x9_scratch\best.pt,p2_win,0.0,52
4611,runs\models_9x9_scratch\checkpoints\cycle_0061.pt,runs\models_9x9_scratch\best.pt,runs\models_9x9_scratch\best.pt,runs\models_9x9_scratch\checkpoints\cycle_0061.pt,p1_win,0.0,51
4612,runs\models_9x9_scratch\checkpoints\cycle_0061.pt,runs\models_9x9_scratch\best.pt,runs\models_9x9_scratch\checkpoints\cycle_0061.pt,runs\models_9x9_scratch\best.pt,p2_win,0.0,54
4613,runs\models_9x9_scratch\checkpoints\cycle_0061.pt,runs\models_9x9_scratch\best.pt,runs\models_9x9_scratch\checkpoints\cycle_0061.pt,runs\models_9x9_scratch\best.pt,p2_win,0.0,50
4614,runs\models_9x9_scratch\checkpoints\cycle_0061.pt,runs\models_9x9_scratch\best.pt,runs\models_9x9_scratch\checkpoints\cycle_0061.pt,runs\models_9x9_scratch\best.pt,p2_win,0.0,54
4615,runs\models_9x9_scratch\checkpoints\cycle_0061.pt,runs\models_9x9_scratch\best.pt,runs\models_9x9_scratch\checkpoints\cycle_0061.pt,runs\models_9x9_scratch\best.pt,p2_win,0.0,52
4616,runs\models_9x9_scratch\checkpoints\cycle_0061.pt,runs\models_9x9_scratch\best.pt,runs\models_9x9_scratch\best.pt,runs\models_9x9_scratch\checkpoints\cycle_0061.pt,p1_win,0.0,57
4617,runs\models_9x9_scratch\checkpoints\cycle_0061.pt,runs\models_9x9_scratch\best.pt,runs\models_9x9_scratch\checkpoints\cycle_0061.pt,runs\models_9x9_scratch\best.pt,p2_win,0.0,52
4618,runs\models_9x9_scratch\checkpoints\cycle_0061.pt,runs\models_9x9_scratch\best.pt,runs\models_9x9_scratch\checkpoints\cycle_0061.pt,runs\models_9x9_scratch\best.pt,p2_win,0.0,52
4619,runs\models_9x9_scratch\checkpoints\cycle_0061.pt,runs\models_9x9_scratch\best.pt,runs\models_9x9_scratch\best.pt,runs\models_9x9_scratch\checkpoints\cycle_0061.pt,p1_win,0.0,53
4620,runs\models_9x9_scratch\checkpoints\cycle_0061.pt,runs\models_9x9_scratch\best.pt,runs\models_9x9_scratch\checkpoints\cycle_0061.pt,runs\models_9x9_scratch\best.pt,p2_win,0.0,52
4621,runs\models_9x9_scratch\checkpoints\cycle_0061.pt,runs\models_9x9_scratch\best.pt,runs\models_9x9_scratch\checkpoints\cycle_0061.pt,runs\models_9x9_scratch\best.pt,p2_win,0.0,54
4622,runs\models_9x9_scratch\checkpoints\cycle_0061.pt,runs\models_9x9_scratch\best.pt,runs\models_9x9_scratch\checkpoints\cycle_0061.pt,runs\models_9x9_scratch\best.pt,p2_win,0.0,52
4623,runs\models_9x9_scratch\checkpoints\cycle_0061.pt,runs\models_9x9_scratch\best.pt,runs\models_9x9_scratch\best.pt,runs\models_9x9_scratch\checkpoints\cycle_0061.pt,p1_win,0.0,49
4624,runs\models_9x9_scratch\checkpoints\cycle_0061.pt,runs\models_9x9_scratch\best.pt,runs\models_9x9_scratch\checkpoints\cycle_0061.pt,runs\models_9x9_scratch\best.pt,p2_win,0.0,52
4625,runs\models_9x9_scratch\checkpoints\cycle_0061.pt,runs\models_9x9_scratch\best.pt,runs\models_9x9_scratch\checkpoints\cycle_0061.pt,runs\models_9x9_scratch\best.pt,p2_win,0.0,52
4626,runs\models_9x9_scratch\checkpoints\cycle_0061.pt,runs\models_9x9_scratch\best.pt,runs\models_9x9_scratch\checkpoints\cycle_0061.pt,runs\models_9x9_scratch\best.pt,p2_win,0.0,52
4627,runs\models_9x9_scratch\checkpoints\cycle_0061.pt,runs\models_9x9_scratch\best.pt,runs\models_9x9_scratch\checkpoints\cycle_0061.pt,runs\models_9x9_scratch\best.pt,p2_win,0.0,52
4628,runs\models_9x9_scratch\checkpoints\cycle_0061.pt,runs\models_9x9_scratch\best.pt,runs\models_9x9_scratch\checkpoints\cycle_0061.pt,runs\models_9x9_scratch\best.pt,p2_win,0.0,52
4629,runs\models_9x9_scratch\checkpoints\cycle_0061.pt,runs\models_9x9_scratch\best.pt,runs\models_9x9_scratch\best.pt,runs\models_9x9_scratch\checkpoints\cycle_0061.pt,p1_win,0.0,57
4630,runs\models_9x9_scratch\checkpoints\cycle_0061.pt,runs\models_9x9_scratch\best.pt,runs\models_9x9_scratch\best.pt,runs\models_9x9_scratch\checkpoints\cycle_0061.pt,p1_win,0.0,53
4631,runs\models_9x9_scratch\checkpoints\cycle_0061.pt,runs\models_9x9_scratch\best.pt,runs\models_9x9_scratch\best.pt,runs\models_9x9_scratch\checkpoints\cycle_0061.pt,p1_win,0.0,51
4632,runs\models_9x9_scratch\checkpoints\cycle_0061.pt,runs\models_9x9_scratch\best.pt,runs\models_9x9_scratch\best.pt,runs\models_9x9_scratch\checkpoints\cycle_0061.pt,p1_win,0.0,55
4633,runs\models_9x9_scratch\checkpoints\cycle_0061.pt,runs\models_9x9_scratch\best.pt,runs\models_9x9_scratch\checkpoints\cycle_0061.pt,runs\models_9x9_scratch\best.pt,p1_win,1.0,55
4634,runs\models_9x9_scratch\checkpoints\cycle_0061.pt,runs\models_9x9_scratch\best.pt,runs\models_9x9_scratch\best.pt,runs\models_9x9_scratch\checkpoints\cycle_0061.pt,p1_win,0.0,53
4635,runs\models_9x9_scratch\checkpoints\cycle_0061.pt,runs\models_9x9_scratch\best.pt,runs\models_9x9_scratch\best.pt,runs\models_9x9_scratch\checkpoints\cycle_0061.pt,p1_win,0.0,51
4636,runs\models_9x9_scratch\checkpoints\cycle_0061.pt,runs\models_9x9_scratch\best.pt,runs\models_9x9_scratch\checkpoints\cycle_0061.pt,runs\models_9x9_scratch\best.pt,p2_win,0.0,54
4637,runs\models_9x9_scratch\checkpoints\cycle_0061.pt,runs\models_9x9_scratch\best.pt,runs\models_9x9_scratch\best.pt,runs\models_9x9_scratch\checkpoints\cycle_0061.pt,p1_win,0.0,51
4638,runs\models_9x9_scratch\checkpoints\cycle_0061.pt,runs\models_9x9_scratch\best.pt,runs\models_9x9_scratch\best.pt,runs\models_9x9_scratch\checkpoints\cycle_0061.pt,p1_win,0.0,51
4639,runs\models_9x9_scratch\checkpoints\cycle_0061.pt,runs\models_9x9_scratch\best.pt,runs\models_9x9_scratch\best.pt,runs\models_9x9_scratch\checkpoints\cycle_0061.pt,p1_win,0.0,51
4640,runs\models_9x9_scratch\checkpoints\cycle_0061.pt,runs\models_9x9_scratch\best.pt,runs\models_9x9_scratch\checkpoints\cycle_0061.pt,runs\models_9x9_scratch\best.pt,p2_win,0.0,52
4641,runs\models_9x9_scratch\checkpoints\cycle_0061.pt,runs\models_9x9_scratch\best.pt,runs\models_9x9_scratch\checkpoints\cycle_0061.pt,runs\models_9x9_scratch\best.pt,p2_win,0.0,54
4642,runs\models_9x9_scratch\checkpoints\cycle_0061.pt,runs\models_9x9_scratch\best.pt,runs\models_9x9_scratch\best.pt,runs\models_9x9_scratch\checkpoints\cycle_0061.pt,p1_win,0.0,51
4643,runs\models_9x9_scratch\checkpoints\cycle_0061.pt,runs\models_9x9_scratch\best.pt,runs\models_9x9_scratch\checkpoints\cycle_0061.pt,runs\models_9x9_scratch\best.pt,p2_win,0.0,52
4644,runs\models_9x9_scratch\checkpoints\cycle_0061.pt,runs\models_9x9_scratch\best.pt,runs\models_9x9_scratch\best.pt,runs\models_9x9_scratch\checkpoints\cycle_0061.pt,p1_win,0.0,51
4645,runs\models_9x9_scratch\checkpoints\cycle_0061.pt,runs\models_9x9_scratch\best.pt,runs\models_9x9_scratch\best.pt,runs\models_9x9_scratch\checkpoints\cycle_0061.pt,p1_win,0.0,53
4646,runs\models_9x9_scratch\checkpoints\cycle_0061.pt,runs\models_9x9_scratch\best.pt,runs\models_9x9_scratch\best.pt,runs\models_9x9_scratch\checkpoints\cycle_0061.pt,p1_win,0.0,51
4647,runs\models_9x9_scratch\checkpoints\cycle_0061.pt,runs\models_9x9_scratch\best.pt,runs\models_9x9_scratch\checkpoints\cycle_0061.pt,runs\models_9x9_scratch\best.pt,p2_win,0.0,54
4648,runs\models_9x9_scratch\checkpoints\cycle_0061.pt,runs\models_9x9_scratch\best.pt,runs\models_9x9_scratch\best.pt,runs\models_9x9_scratch\checkpoints\cycle_0061.pt,p2_win,1.0,52
4649,runs\models_9x9_scratch\checkpoints\cycle_0061.pt,runs\models_9x9_scratch\best.pt,runs\models_9x9_scratch\checkpoints\cycle_0061.pt,runs\models_9x9_scratch\best.pt,p2_win,0.0,54
4650,runs\models_9x9_scratch\checkpoints\cycle_0061.pt,runs\models_9x9_scratch\best.pt,runs\models_9x9_scratch\best.pt,runs\models_9x9_scratch\checkpoints\cycle_0061.pt,p1_win,0.0,53
4651,runs\models_9x9_scratch\checkpoints\cycle_0061.pt,runs\models_9x9_scratch\best.pt,runs\models_9x9_scratch\best.pt,runs\models_9x9_scratch\checkpoints\cycle_0061.pt,p2_win,1.0,60
4652,runs\models_9x9_scratch\checkpoints\cycle_0061.pt,runs\models_9x9_scratch\best.pt,runs\models_9x9_scratch\checkpoints\cycle_0061.pt,runs\models_9x9_scratch\best.pt,p2_win,0.0,54
4653,runs\models_9x9_scratch\checkpoints\cycle_0061.pt,runs\models_9x9_scratch\best.pt,runs\models_9x9_scratch\checkpoints\cycle_0061.pt,runs\models_9x9_scratch\best.pt,p2_win,0.0,56
4654,runs\models_9x9_scratch\checkpoints\cycle_0061.pt,runs\models_9x9_scratch\best.pt,runs\models_9x9_scratch\checkpoints\cycle_0061.pt,runs\models_9x9_scratch\best.pt,p2_win,0.0,54
4655,runs\models_9x9_scratch\checkpoints\cycle_0061.pt,runs\models_9x9_scratch\best.pt,runs\models_9x9_scratch\best.pt,runs\models_9x9_scratch\checkpoints\cycle_0061.pt,p1_win,0.0,53
4656,runs\models_9x9_scratch\checkpoints\cycle_0061.pt,runs\models_9x9_scratch\best.pt,runs\models_9x9_scratch\best.pt,runs\models_9x9_scratch\checkpoints\cycle_0061.pt,p1_win,0.0,53
4657,runs\models_9x9_scratch\checkpoints\cycle_0061.pt,runs\models_9x9_scratch\best.pt,runs\models_9x9_scratch\checkpoints\cycle_0061.pt,runs\models_9x9_scratch\best.pt,p2_win,0.0,56
4658,runs\models_9x9_scratch\checkpoints\cycle_0061.pt,runs\models_9x9_scratch\best.pt,runs\models_9x9_scratch\best.pt,runs\models_9x9_scratch\checkpoints\cycle_0061.pt,p1_win,0.0,53
4659,runs\models_9x9_scratch\checkpoints\cycle_0061.pt,runs\models_9x9_scratch\best.pt,runs\models_9x9_scratch\checkpoints\cycle_0061.pt,runs\models_9x9_scratch\best.pt,p2_win,0.0,52
4660,runs\models_9x9_scratch\checkpoints\cycle_0061.pt,runs\models_9x9_scratch\best.pt,runs\models_9x9_scratch\checkpoints\cycle_0061.pt,runs\models_9x9_scratch\best.pt,p2_win,0.0,60
4661,runs\models_9x9_scratch\checkpoints\cycle_0061.pt,runs\models_9x9_scratch\best.pt,runs\models_9x9_scratch\best.pt,runs\models_9x9_scratch\checkpoints\cycle_0061.pt,p1_win,0.0,57
4662,runs\models_9x9_scratch\checkpoints\cycle_0061.pt,runs\models_9x9_scratch\best.pt,runs\models_9x9_scratch\checkpoints\cycle_0061.pt,runs\models_9x9_scratch\best.pt,p2_win,0.0,54
4663,runs\models_9x9_scratch\checkpoints\cycle_0061.pt,runs\models_9x9_scratch\best.pt,runs\models_9x9_scratch\best.pt,runs\models_9x9_scratch\checkpoints\cycle_0061.pt,p1_win,0.0,53
4664,runs\models_9x9_scratch\checkpoints\cycle_0061.pt,runs\models_9x9_scratch\best.pt,runs\models_9x9_scratch\checkpoints\cycle_0061.pt,runs\models_9x9_scratch\best.pt,p2_win,0.0,56
4665,runs\models_9x9_scratch\checkpoints\cycle_0061.pt,runs\models_9x9_scratch\best.pt,runs\models_9x9_scratch\best.pt,runs\models_9x9_scratch\checkpoints\cycle_0061.pt,p1_win,0.0,57
4666,runs\models_9x9_scratch\checkpoints\cycle_0061.pt,runs\models_9x9_scratch\best.pt,runs\models_9x9_scratch\checkpoints\cycle_0061.pt,runs\models_9x9_scratch\best.pt,p2_win,0.0,58
4667,runs\models_9x9_scratch\checkpoints\cycle_0061.pt,runs\models_9x9_scratch\best.pt,runs\models_9x9_scratch\best.pt,runs\models_9x9_scratch\checkpoints\cycle_0061.pt,p1_win,0.0,57
4668,runs\models_9x9_scratch\checkpoints\cycle_0061.pt,runs\models_9x9_scratch\best.pt,runs\models_9x9_scratch\checkpoints\cycle_0061.pt,runs\models_9x9_scratch\best.pt,p2_win,0.0,54
4669,runs\models_9x9_scratch\checkpoints\cycle_0061.pt,runs\models_9x9_scratch\best.pt,runs\models_9x9_scratch\checkpoints\cycle_0061.pt,runs\models_9x9_scratch\best.pt,p2_win,0.0,54
4670,runs\models_9x9_scratch\checkpoints\cycle_0061.pt,runs\models_9x9_scratch\best.pt,runs\models_9x9_scratch\checkpoints\cycle_0061.pt,runs\models_9x9_scratch\best.pt,p2_win,0.0,56
4671,runs\models_9x9_scratch\checkpoints\cycle_0061.pt,runs\models_9x9_scratch\best.pt,runs\models_9x9_scratch\checkpoints\cycle_0061.pt,runs\models_9x9_scratch\best.pt,p2_win,0.0,54
4672,runs\models_9x9_scratch\checkpoints\cycle_0061.pt,runs\models_9x9_scratch\best.pt,runs\models_9x9_scratch\best.pt,runs\models_9x9_scratch\checkpoints\cycle_0061.pt,p1_win,0.0,57
4673,runs\models_9x9_scratch\checkpoints\cycle_0061.pt,runs\models_9x9_scratch\best.pt,runs\models_9x9_scratch\checkpoints\cycle_0061.pt,runs\models_9x9_scratch\best.pt,p2_win,0.0,54
4674,runs\models_9x9_scratch\checkpoints\cycle_0061.pt,runs\models_9x9_scratch\best.pt,runs\models_9x9_scratch\best.pt,runs\models_9x9_scratch\checkpoints\cycle_0061.pt,p2_win,1.0,54
4675,runs\models_9x9_scratch\checkpoints\cycle_0061.pt,runs\models_9x9_scratch\best.pt,runs\models_9x9_scratch\best.pt,runs\models_9x9_scratch\checkpoints\cycle_0061.pt,p1_win,0.0,57
4676,runs\models_9x9_scratch\checkpoints\cycle_0061.pt,runs\models_9x9_scratch\best.pt,runs\models_9x9_scratch\checkpoints\cycle_0061.pt,runs\models_9x9_scratch\best.pt,p2_win,0.0,54
4677,runs\models_9x9_scratch\checkpoints\cycle_0061.pt,runs\models_9x9_scratch\best.pt,runs\models_9x9_scratch\best.pt,runs\models_9x9_scratch\checkpoints\cycle_0061.pt,p1_win,0.0,55
4678,runs\models_9x9_scratch\checkpoints\cycle_0061.pt,runs\models_9x9_scratch\best.pt,runs\models_9x9_scratch\checkpoints\cycle_0061.pt,runs\models_9x9_scratch\best.pt,p2_win,0.0,60
4679,runs\models_9x9_scratch\checkpoints\cycle_0061.pt,runs\models_9x9_scratch\best.pt,runs\models_9x9_scratch\checkpoints\cycle_0061.pt,runs\models_9x9_scratch\best.pt,p2_win,0.0,54
4680,runs\models_9x9_scratch\checkpoints\cycle_0061.pt,runs\models_9x9_scratch\best.pt,runs\models_9x9_scratch\checkpoints\cycle_0061.pt,runs\models_9x9_scratch\best.pt,p2_win,0.0,56
4681,runs\models_9x9_scratch\checkpoints\cycle_0061.pt,runs\models_9x9_scratch\best.pt,runs\models_9x9_scratch\checkpoints\cycle_0061.pt,runs\models_9x9_scratch\best.pt,p2_win,0.0,54
4682,runs\models_9x9_scratch\checkpoints\cycle_0061.pt,runs\models_9x9_scratch\best.pt,runs\models_9x9_scratch\best.pt,runs\models_9x9_scratch\checkpoints\cycle_0061.pt,p2_win,1.0,56
4683,runs\models_9x9_scratch\checkpoints\cycle_0061.pt,runs\models_9x9_scratch\best.pt,runs\models_9x9_scratch\checkpoints\cycle_0061.pt,runs\models_9x9_scratch\best.pt,p2_win,0.0,56
4684,runs\models_9x9_scratch\checkpoints\cycle_0061.pt,runs\models_9x9_scratch\best.pt,runs\models_9x9_scratch\best.pt,runs\models_9x9_scratch\checkpoints\cycle_0061.pt,p1_win,0.0,57
4685,runs\models_9x9_scratch\checkpoints\cycle_0061.pt,runs\models_9x9_scratch\best.pt,runs\models_9x9_scratch\checkpoints\cycle_0061.pt,runs\models_9x9_scratch\best.pt,p2_win,0.0,54
4686,runs\models_9x9_scratch\checkpoints\cycle_0061.pt,runs\models_9x9_scratch\best.pt,runs\models_9x9_scratch\best.pt,runs\models_9x9_scratch\checkpoints\cycle_0061.pt,p2_win,1.0,66
4687,runs\models_9x9_scratch\checkpoints\cycle_0061.pt,runs\models_9x9_scratch\best.pt,runs\models_9x9_scratch\best.pt,runs\models_9x9_scratch\checkpoints\cycle_0061.pt,p1_win,0.0,53
4688,runs\models_9x9_scratch\checkpoints\cycle_0061.pt,runs\models_9x9_scratch\best.pt,runs\models_9x9_scratch\best.pt,runs\models_9x9_scratch\checkpoints\cycle_0061.pt,p1_win,0.0,57
4689,runs\models_9x9_scratch\checkpoints\cycle_0061.pt,runs\models_9x9_scratch\best.pt,runs\models_9x9_scratch\best.pt,runs\models_9x9_scratch\checkpoints\cycle_0061.pt,p1_win,0.0,57
4690,runs\models_9x9_scratch\checkpoints\cycle_0061.pt,runs\models_9x9_scratch\best.pt,runs\models_9x9_scratch\best.pt,runs\models_9x9_scratch\checkpoints\cycle_0061.pt,p1_win,0.0,57
4691,runs\models_9x9_scratch\checkpoints\cycle_0061.pt,runs\models_9x9_scratch\best.pt,runs\models_9x9_scratch\checkpoints\cycle_0061.pt,runs\models_9x9_scratch\best.pt,p2_win,0.0,58
4692,runs\models_9x9_scratch\checkpoints\cycle_0061.pt,runs\models_9x9_scratch\best.pt,runs\models_9x9_scratch\checkpoints\cycle_0061.pt,runs\models_9x9_scratch\best.pt,p2_win,0.0,54
4693,runs\models_9x9_scratch\checkpoints\cycle_0061.pt,runs\models_9x9_scratch\best.pt,runs\models_9x9_scratch\best.pt,runs\models_9x9_scratch\checkpoints\cycle_0061.pt,p1_win,0.0,59
4694,runs\models_9x9_scratch\checkpoints\cycle_0061.pt,runs\models_9x9_scratch\best.pt,runs\models_9x9_scratch\checkpoints\cycle_0061.pt,runs\models_9x9_scratch\best.pt,p1_win,1.0,55
4695,runs\models_9x9_scratch\checkpoints\cycle_0061.pt,runs\models_9x9_scratch\best.pt,runs\models_9x9_scratch\checkpoints\cycle_0061.pt,runs\models_9x9_scratch\best.pt,p2_win,0.0,54
4696,runs\models_9x9_scratch\checkpoints\cycle_0061.pt,runs\models_9x9_scratch\best.pt,runs\models_9x9_scratch\best.pt,runs\models_9x9_scratch\checkpoints\cycle_0061.pt,p1_win,0.0,55
4697,runs\models_9x9_scratch\checkpoints\cycle_0061.pt,runs\models_9x9_scratch\best.pt,runs\models_9x9_scratch\best.pt,runs\models_9x9_scratch\checkpoints\cycle_0061.pt,p1_win,0.0,57
4698,runs\models_9x9_scratch\checkpoints\cycle_0061.pt,runs\models_9x9_scratch\best.pt,runs\models_9x9_scratch\best.pt,runs\models_9x9_scratch\checkpoints\cycle_0061.pt,p1_win,0.0,55
4699,runs\models_9x9_scratch\checkpoints\cycle_0061.pt,runs\models_9x9_scratch\best.pt,runs\models_9x9_scratch\checkpoints\cycle_0061.pt,runs\models_9x9_scratch\best.pt,p2_win,0.0,58
4700,runs\models_9x9_scratch\checkpoints\cycle_0061.pt,runs\models_9x9_scratch\best.pt,runs\models_9x9_scratch\checkpoints\cycle_0061.pt,runs\models_9x9_scratch\best.pt,p1_win,1.0,59
4701,runs\models_9x9_scratch\checkpoints\cycle_0061.pt,runs\models_9x9_scratch\best.pt,runs\models_9x9_scratch\checkpoints\cycle_0061.pt,runs\models_9x9_scratch\best.pt,p2_win,0.0,56
4702,runs\models_9x9_scratch\checkpoints\cycle_0061.pt,runs\models_9x9_scratch\best.pt,runs\models_9x9_scratch\best.pt,runs\models_9x9_scratch\checkpoints\cycle_0061.pt,p1_win,0.0,55
4703,runs\models_9x9_scratch\checkpoints\cycle_0061.pt,runs\models_9x9_scratch\best.pt,runs\models_9x9_scratch\best.pt,runs\models_9x9_scratch\checkpoints\cycle_0061.pt,p1_win,0.0,57
4704,runs\models_9x9_scratch\checkpoints\cycle_0061.pt,runs\models_9x9_scratch\best.pt,runs\models_9x9_scratch\checkpoints\cycle_0061.pt,runs\models_9x9_scratch\best.pt,p2_win,0.0,58
4705,runs\models_9x9_scratch\checkpoints\cycle_0061.pt,runs\models_9x9_scratch\best.pt,runs\models_9x9_scratch\best.pt,runs\models_9x9_scratch\checkpoints\cycle_0061.pt,p1_win,0.0,59
4706,runs\models_9x9_scratch\checkpoints\cycle_0061.pt,runs\models_9x9_scratch\best.pt,runs\models_9x9_scratch\best.pt,runs\models_9x9_scratch\checkpoints\cycle_0061.pt,p2_win,1.0,66
4707,runs\models_9x9_scratch\checkpoints\cycle_0061.pt,runs\models_9x9_scratch\best.pt,runs\models_9x9_scratch\checkpoints\cycle_0061.pt,runs\models_9x9_scratch\best.pt,p2_win,0.0,54
4708,runs\models_9x9_scratch\checkpoints\cycle_0061.pt,runs\models_9x9_scratch\best.pt,runs\models_9x9_scratch\checkpoints\cycle_0061.pt,runs\models_9x9_scratch\best.pt,p2_win,0.0,56
4709,runs\models_9x9_scratch\checkpoints\cycle_0061.pt,runs\models_9x9_scratch\best.pt,runs\models_9x9_scratch\checkpoints\cycle_0061.pt,runs\models_9x9_scratch\best.pt,p2_win,0.0,56
4710,runs\models_9x9_scratch\checkpoints\cycle_0061.pt,runs\models_9x9_scratch\best.pt,runs\models_9x9_scratch\checkpoints\cycle_0061.pt,runs\models_9x9_scratch\best.pt,p2_win,0.0,58
4711,runs\models_9x9_scratch\checkpoints\cycle_0061.pt,runs\models_9x9_scratch\best.pt,runs\models_9x9_scratch\checkpoints\cycle_0061.pt,runs\models_9x9_scratch\best.pt,p1_win,1.0,65
4712,runs\models_9x9_scratch\checkpoints\cycle_0061.pt,runs\models_9x9_scratch\best.pt,runs\models_9x9_scratch\best.pt,runs\models_9x9_scratch\checkpoints\cycle_0061.pt,p1_win,0.0,55
4713,runs\models_9x9_scratch\checkpoints\cycle_0061.pt,runs\models_9x9_scratch\best.pt,runs\models_9x9_scratch\checkpoints\cycle_0061.pt,runs\models_9x9_scratch\best.pt,p2_win,0.0,54
4714,runs\models_9x9_scratch\checkpoints\cycle_0061.pt,runs\models_9x9_scratch\best.pt,runs\models_9x9_scratch\best.pt,runs\models_9x9_scratch\checkpoints\cycle_0061.pt,p1_win,0.0,55
4715,runs\models_9x9_scratch\checkpoints\cycle_0061.pt,runs\models_9x9_scratch\best.pt,runs\models_9x9_scratch\best.pt,runs\models_9x9_scratch\checkpoints\cycle_0061.pt,p1_win,0.0,55
4716,runs\models_9x9_scratch\checkpoints\cycle_0061.pt,runs\models_9x9_scratch\best.pt,runs\models_9x9_scratch\best.pt,runs\models_9x9_scratch\checkpoints\cycle_0061.pt,p2_win,1.0,68
4717,runs\models_9x9_scratch\checkpoints\cycle_0061.pt,runs\models_9x9_scratch\best.pt,runs\models_9x9_scratch\best.pt,runs\models_9x9_scratch\checkpoints\cycle_0061.pt,p1_win,0.0,61
4718,runs\models_9x9_scratch\checkpoints\cycle_0061.pt,runs\models_9x9_scratch\best.pt,runs\models_9x9_scratch\checkpoints\cycle_0061.pt,runs\models_9x9_scratch\best.pt,p1_win,1.0,61
4719,runs\models_9x9_scratch\checkpoints\cycle_0061.pt,runs\models_9x9_scratch\best.pt,runs\models_9x9_scratch\checkpoints\cycle_0061.pt,runs\models_9x9_scratch\best.pt,p2_win,0.0,56
4720,runs\models_9x9_scratch\checkpoints\cycle_0061.pt,runs\models_9x9_scratch\best.pt,runs\models_9x9_scratch\best.pt,runs\models_9x9_scratch\checkpoints\cycle_0061.pt,p2_win,1.0,56
4721,runs\models_9x9_scratch\checkpoints\cycle_0061.pt,runs\models_9x9_scratch\best.pt,runs\models_9x9_scratch\checkpoints\cycle_0061.pt,runs\models_9x9_scratch\best.pt,p2_win,0.0,56
4722,runs\models_9x9_scratch\checkpoints\cycle_0061.pt,runs\models_9x9_scratch\best.pt,runs\models_9x9_scratch\checkpoints\cycle_0061.pt,runs\models_9x9_scratch\best.pt,p2_win,0.0,58
4723,runs\models_9x9_scratch\checkpoints\cycle_0061.pt,runs\models_9x9_scratch\best.pt,runs\models_9x9_scratch\best.pt,runs\models_9x9_scratch\checkpoints\cycle_0061.pt,p1_win,0.0,57
4724,runs\models_9x9_scratch\checkpoints\cycle_0061.pt,runs\models_9x9_scratch\best.pt,runs\models_9x9_scratch\best.pt,runs\models_9x9_scratch\checkpoints\cycle_0061.pt,p1_win,0.0,59
4725,runs\models_9x9_scratch\checkpoints\cycle_0061.pt,runs\models_9x9_scratch\best.pt,runs\models_9x9_scratch\checkpoints\cycle_0061.pt,runs\models_9x9_scratch\best.pt,p2_win,0.0,56
4726,runs\models_9x9_scratch\checkpoints\cycle_0061.pt,runs\models_9x9_scratch\best.pt,runs\models_9x9_scratch\checkpoints\cycle_0061.pt,runs\models_9x9_scratch\best.pt,p2_win,0.0,56
4727,runs\models_9x9_scratch\checkpoints\cycle_0061.pt,runs\models_9x9_scratch\best.pt,runs\models_9x9_scratch\best.pt,runs\models_9x9_scratch\checkpoints\cycle_0061.pt,p1_win,0.0,61
4728,runs\models_9x9_scratch\checkpoints\cycle_0061.pt,runs\models_9x9_scratch\best.pt,runs\models_9x9_scratch\best.pt,runs\models_9x9_scratch\checkpoints\cycle_0061.pt,p1_win,0.0,57
4729,runs\models_9x9_scratch\checkpoints\cycle_0061.pt,runs\models_9x9_scratch\best.pt,runs\models_9x9_scratch\best.pt,runs\models_9x9_scratch\checkpoints\cycle_0061.pt,p1_win,0.0,59
4730,runs\models_9x9_scratch\checkpoints\cycle_0061.pt,runs\models_9x9_scratch\best.pt,runs\models_9x9_scratch\checkpoints\cycle_0061.pt,runs\models_9x9_scratch\best.pt,p2_win,0.0,56
4731,runs\models_9x9_scratch\checkpoints\cycle_0061.pt,runs\models_9x9_scratch\best.pt,runs\models_9x9_scratch\checkpoints\cycle_0061.pt,runs\models_9x9_scratch\best.pt,p2_win,0.0,58
4732,runs\models_9x9_scratch\checkpoints\cycle_0061.pt,runs\models_9x9_scratch\best.pt,runs\models_9x9_scratch\best.pt,runs\models_9x9_scratch\checkpoints\cycle_0061.pt,p1_win,0.0,55
4733,runs\models_9x9_scratch\checkpoints\cycle_0061.pt,runs\models_9x9_scratch\best.pt,runs\models_9x9_scratch\best.pt,runs\models_9x9_scratch\checkpoints\cycle_0061.pt,p2_win,1.0,66
4734,runs\models_9x9_scratch\checkpoints\cycle_0061.pt,runs\models_9x9_scratch\best.pt,runs\models_9x9_scratch\checkpoints\cycle_0061.pt,runs\models_9x9_scratch\best.pt,p2_win,0.0,56
4735,runs\models_9x9_scratch\checkpoints\cycle_0061.pt,runs\models_9x9_scratch\best.pt,runs\models_9x9_scratch\checkpoints\cycle_0061.pt,runs\models_9x9_scratch\best.pt,p1_win,1.0,63
4736,runs\models_9x9_scratch\checkpoints\cycle_0061.pt,runs\models_9x9_scratch\best.pt,runs\models_9x9_scratch\best.pt,runs\models_9x9_scratch\checkpoints\cycle_0061.pt,p1_win,0.0,57
4737,runs\models_9x9_scratch\checkpoints\cycle_0061.pt,runs\models_9x9_scratch\best.pt,runs\models_9x9_scratch\checkpoints\cycle_0061.pt,runs\models_9x9_scratch\best.pt,p2_win,0.0,58
4738,runs\models_9x9_scratch\checkpoints\cycle_0061.pt,runs\models_9x9_scratch\best.pt,runs\models_9x9_scratch\best.pt,runs\models_9x9_scratch\checkpoints\cycle_0061.pt,p1_win,0.0,59
4739,runs\models_9x9_scratch\checkpoints\cycle_0061.pt,runs\models_9x9_scratch\best.pt,runs\models_9x9_scratch\checkpoints\cycle_0061.pt,runs\models_9x9_scratch\best.pt,p2_win,0.0,60
4740,runs\models_9x9_scratch\checkpoints\cycle_0061.pt,runs\models_9x9_scratch\best.pt,runs\models_9x9_scratch\best.pt,runs\models_9x9_scratch\checkpoints\cycle_0061.pt,p1_win,0.0,61
4741,runs\models_9x9_scratch\checkpoints\cycle_0061.pt,runs\models_9x9_scratch\best.pt,runs\models_9x9_scratch\best.pt,runs\models_9x9_scratch\checkpoints\cycle_0061.pt,p1_win,0.0,61
4742,runs\models_9x9_scratch\checkpoints\cycle_0061.pt,runs\models_9x9_scratch\best.pt,runs\models_9x9_scratch\best.pt,runs\models_9x9_scratch\checkpoints\cycle_0061.pt,p1_win,0.0,61
4743,runs\models_9x9_scratch\checkpoints\cycle_0061.pt,runs\models_9x9_scratch\best.pt,runs\models_9x9_scratch\best.pt,runs\models_9x9_scratch\checkpoints\cycle_0061.pt,p1_win,0.0,61
4744,runs\models_9x9_scratch\checkpoints\cycle_0061.pt,runs\models_9x9_scratch\best.pt,runs\models_9x9_scratch\best.pt,runs\models_9x9_scratch\checkpoints\cycle_0061.pt,p1_win,0.0,63
4745,runs\models_9x9_scratch\checkpoints\cycle_0061.pt,runs\models_9x9_scratch\best.pt,runs\models_9x9_scratch\checkpoints\cycle_0061.pt,runs\models_9x9_scratch\best.pt,p2_win,0.0,58
4746,runs\models_9x9_scratch\checkpoints\cycle_0061.pt,runs\models_9x9_scratch\best.pt,runs\models_9x9_scratch\checkpoints\cycle_0061.pt,runs\models_9x9_scratch\best.pt,p2_win,0.0,64
4747,runs\models_9x9_scratch\checkpoints\cycle_0061.pt,runs\models_9x9_scratch\best.pt,runs\models_9x9_scratch\best.pt,runs\models_9x9_scratch\checkpoints\cycle_0061.pt,p1_win,0.0,59
4748,runs\models_9x9_scratch\checkpoints\cycle_0061.pt,runs\models_9x9_scratch\best.pt,runs\models_9x9_scratch\best.pt,runs\models_9x9_scratch\checkpoints\cycle_0061.pt,p1_win,0.0,61
4749,runs\models_9x9_scratch\checkpoints\cycle_0061.pt,runs\models_9x9_scratch\best.pt,runs\models_9x9_scratch\best.pt,runs\models_9x9_scratch\checkpoints\cycle_0061.pt,p1_win,0.0,61
4750,runs\models_9x9_scratch\checkpoints\cycle_0061.pt,runs\models_9x9_scratch\best.pt,runs\models_9x9_scratch\checkpoints\cycle_0061.pt,runs\models_9x9_scratch\best.pt,p2_win,0.0,58
4751,runs\models_9x9_scratch\checkpoints\cycle_0061.pt,runs\models_9x9_scratch\best.pt,runs\models_9x9_scratch\best.pt,runs\models_9x9_scratch\checkpoints\cycle_0061.pt,p2_win,1.0,62
4752,runs\models_9x9_scratch\checkpoints\cycle_0061.pt,runs\models_9x9_scratch\best.pt,runs\models_9x9_scratch\best.pt,runs\models_9x9_scratch\checkpoints\cycle_0061.pt,p1_win,0.0,61
4753,runs\models_9x9_scratch\checkpoints\cycle_0061.pt,runs\models_9x9_scratch\best.pt,runs\models_9x9_scratch\best.pt,runs\models_9x9_scratch\checkpoints\cycle_0061.pt,p1_win,0.0,59
4754,runs\models_9x9_scratch\checkpoints\cycle_0061.pt,runs\models_9x9_scratch\best.pt,runs\models_9x9_scratch\best.pt,runs\models_9x9_scratch\checkpoints\cycle_0061.pt,p1_win,0.0,61
4755,runs\models_9x9_scratch\checkpoints\cycle_0061.pt,runs\models_9x9_scratch\best.pt,runs\models_9x9_scratch\best.pt,runs\models_9x9_scratch\checkpoints\cycle_0061.pt,p1_win,0.0,61
4756,runs\models_9x9_scratch\checkpoints\cycle_0061.pt,runs\models_9x9_scratch\best.pt,runs\models_9x9_scratch\best.pt,runs\models_9x9_scratch\checkpoints\cycle_0061.pt,p1_win,0.0,65
4757,runs\models_9x9_scratch\checkpoints\cycle_0061.pt,runs\models_9x9_scratch\best.pt,runs\models_9x9_scratch\best.pt,runs\models_9x9_scratch\checkpoints\cycle_0061.pt,p2_win,1.0,62
4758,runs\models_9x9_scratch\checkpoints\cycle_0061.pt,runs\models_9x9_scratch\best.pt,runs\models_9x9_scratch\best.pt,runs\models_9x9_scratch\checkpoints\cycle_0061.pt,p1_win,0.0,65
4759,runs\models_9x9_scratch\checkpoints\cycle_0061.pt,runs\models_9x9_scratch\best.pt,runs\models_9x9_scratch\checkpoints\cycle_0061.pt,runs\models_9x9_scratch\best.pt,p1_win,1.0,63
4760,runs\models_9x9_scratch\checkpoints\cycle_0061.pt,runs\models_9x9_scratch\best.pt,runs\models_9x9_scratch\best.pt,runs\models_9x9_scratch\checkpoints\cycle_0061.pt,p1_win,0.0,61
4761,runs\models_9x9_scratch\checkpoints\cycle_0061.pt,runs\models_9x9_scratch\best.pt,runs\models_9x9_scratch\checkpoints\cycle_0061.pt,runs\models_9x9_scratch\best.pt,p2_win,0.0,60
4762,runs\models_9x9_scratch\checkpoints\cycle_0061.pt,runs\models_9x9_scratch\best.pt,runs\models_9x9_scratch\best.pt,runs\models_9x9_scratch\checkpoints\cycle_0061.pt,p1_win,0.0,59
4763,runs\models_9x9_scratch\checkpoints\cycle_0061.pt,runs\models_9x9_scratch\best.pt,runs\models_9x9_scratch\best.pt,runs\models_9x9_scratch\checkpoints\cycle_0061.pt,p1_win,0.0,59
4764,runs\models_9x9_scratch\checkpoints\cycle_0061.pt,runs\models_9x9_scratch\best.pt,runs\models_9x9_scratch\best.pt,runs\models_9x9_scratch\checkpoints\cycle_0061.pt,p1_win,0.0,63
4765,runs\models_9x9_scratch\checkpoints\cycle_0061.pt,runs\models_9x9_scratch\best.pt,runs\models_9x9_scratch\checkpoints\cycle_0061.pt,runs\models_9x9_scratch\best.pt,p2_win,0.0,62
4766,runs\models_9x9_scratch\checkpoints\cycle_0061.pt,runs\models_9x9_scratch\best.pt,runs\models_9x9_scratch\checkpoints\cycle_0061.pt,runs\models_9x9_scratch\best.pt,p2_win,0.0,60
4767,runs\models_9x9_scratch\checkpoints\cycle_0061.pt,runs\models_9x9_scratch\best.pt,runs\models_9x9_scratch\checkpoints\cycle_0061.pt,runs\models_9x9_scratch\best.pt,p2_win,0.0,60
4768,runs\models_9x9_scratch\checkpoints\cycle_0061.pt,runs\models_9x9_scratch\best.pt,runs\models_9x9_scratch\best.pt,runs\models_9x9_scratch\checkpoints\cycle_0061.pt,p1_win,0.0,63
4769,runs\models_9x9_scratch\checkpoints\cycle_0061.pt,runs\models_9x9_scratch\best.pt,runs\models_9x9_scratch\best.pt,runs\models_9x9_scratch\checkpoints\cycle_0061.pt,p1_win,0.0,61
4770,runs\models_9x9_scratch\checkpoints\cycle_0061.pt,runs\models_9x9_scratch\best.pt,runs\models_9x9_scratch\best.pt,runs\models_9x9_scratch\checkpoints\cycle_0061.pt,p1_win,0.0,61
4771,runs\models_9x9_scratch\checkpoints\cycle_0061.pt,runs\models_9x9_scratch\best.pt,runs\models_9x9_scratch\best.pt,runs\models_9x9_scratch\checkpoints\cycle_0061.pt,p2_win,1.0,62
4772,runs\models_9x9_scratch\checkpoints\cycle_0061.pt,runs\models_9x9_scratch\best.pt,runs\models_9x9_scratch\best.pt,runs\models_9x9_scratch\checkpoints\cycle_0061.pt,p1_win,0.0,61
4773,runs\models_9x9_scratch\checkpoints\cycle_0061.pt,runs\models_9x9_scratch\best.pt,runs\models_9x9_scratch\best.pt,runs\models_9x9_scratch\checkpoints\cycle_0061.pt,p2_win,1.0,68
4774,runs\models_9x9_scratch\checkpoints\cycle_0061.pt,runs\models_9x9_scratch\best.pt,runs\models_9x9_scratch\checkpoints\cycle_0061.pt,runs\models_9x9_scratch\best.pt,p2_win,0.0,62
4775,runs\models_9x9_scratch\checkpoints\cycle_0061.pt,runs\models_9x9_scratch\best.pt,runs\models_9x9_scratch\best.pt,runs\models_9x9_scratch\checkpoints\cycle_0061.pt,p1_win,0.0,59
4776,runs\models_9x9_scratch\checkpoints\cycle_0061.pt,runs\models_9x9_scratch\best.pt,runs\models_9x9_scratch\best.pt,runs\models_9x9_scratch\checkpoints\cycle_0061.pt,p2_win,1.0,64
4777,runs\models_9x9_scratch\checkpoints\cycle_0061.pt,runs\models_9x9_scratch\best.pt,runs\models_9x9_scratch\best.pt,runs\models_9x9_scratch\checkpoints\cycle_0061.pt,p1_win,0.0,59
4778,runs\models_9x9_scratch\checkpoints\cycle_0061.pt,runs\models_9x9_scratch\best.pt,runs\models_9x9_scratch\checkpoints\cycle_0061.pt,runs\models_9x9_scratch\best.pt,p2_win,0.0,64
4779,runs\models_9x9_scratch\checkpoints\cycle_0061.pt,runs\models_9x9_scratch\best.pt,runs\models_9x9_scratch\best.pt,runs\models_9x9_scratch\checkpoints\cycle_0061.pt,p1_win,0.0,59
4780,runs\models_9x9_scratch\checkpoints\cycle_0061.pt,runs\models_9x9_scratch\best.pt,runs\models_9x9_scratch\checkpoints\cycle_0061.pt,runs\models_9x9_scratch\best.pt,p2_win,0.0,60
4781,runs\models_9x9_scratch\checkpoints\cycle_0061.pt,runs\models_9x9_scratch\best.pt,runs\models_9x9_scratch\checkpoints\cycle_0061.pt,runs\models_9x9_scratch\best.pt,p1_win,1.0,65
4782,runs\models_9x9_scratch\checkpoints\cycle_0061.pt,runs\models_9x9_scratch\best.pt,runs\models_9x9_scratch\checkpoints\cycle_0061.pt,runs\models_9x9_scratch\best.pt,p1_win,1.0,63
4783,runs\models_9x9_scratch\checkpoints\cycle_0061.pt,runs\models_9x9_scratch\best.pt,runs\models_9x9_scratch\checkpoints\cycle_0061.pt,runs\models_9x9_scratch\best.pt,p1_win,1.0,63
4784,runs\models_9x9_scratch\checkpoints\cycle_0061.pt,runs\models_9x9_scratch\best.pt,runs\models_9x9_scratch\best.pt,runs\models_9x9_scratch\checkpoints\cycle_0061.pt,p1_win,0.0,71
4785,runs\models_9x9_scratch\checkpoints\cycle_0061.pt,runs\models_9x9_scratch\best.pt,runs\models_9x9_scratch\best.pt,runs\models_9x9_scratch\checkpoints\cycle_0061.pt,p1_win,0.0,59
4786,runs\models_9x9_scratch\checkpoints\cycle_0061.pt,runs\models_9x9_scratch\best.pt,runs\models_9x9_scratch\best.pt,runs\models_9x9_scratch\checkpoints\cycle_0061.pt,p1_win,0.0,65
4787,runs\models_9x9_scratch\checkpoints\cycle_0061.pt,runs\models_9x9_scratch\best.pt,runs\models_9x9_scratch\checkpoints\cycle_0061.pt,runs\models_9x9_scratch\best.pt,p2_win,0.0,62
4788,runs\models_9x9_scratch\checkpoints\cycle_0061.pt,runs\models_9x9_scratch\best.pt,runs\models_9x9_scratch\checkpoints\cycle_0061.pt,runs\models_9x9_scratch\best.pt,p2_win,0.0,68
4789,runs\models_9x9_scratch\checkpoints\cycle_0061.pt,runs\models_9x9_scratch\best.pt,runs\models_9x9_scratch\best.pt,runs\models_9x9_scratch\checkpoints\cycle_0061.pt,p1_win,0.0,61
4790,runs\models_9x9_scratch\checkpoints\cycle_0061.pt,runs\models_9x9_scratch\best.pt,runs\models_9x9_scratch\best.pt,runs\models_9x9_scratch\checkpoints\cycle_0061.pt,p2_win,1.0,66
4791,runs\models_9x9_scratch\checkpoints\cycle_0061.pt,runs\models_9x9_scratch\best.pt,runs\models_9x9_scratch\best.pt,runs\models_9x9_scratch\checkpoints\cycle_0061.pt,p1_win,0.0,63
4792,runs\models_9x9_scratch\checkpoints\cycle_0061.pt,runs\models_9x9_scratch\best.pt,runs\models_9x9_scratch\best.pt,runs\models_9x9_scratch\checkpoints\cycle_0061.pt,p1_win,0.0,61
4793,runs\models_9x9_scratch\checkpoints\cycle_0061.pt,runs\models_9x9_scratch\best.pt,runs\models_9x9_scratch\checkpoints\cycle_0061.pt,runs\models_9x9_scratch\best.pt,p2_win,0.0,60
4794,runs\models_9x9_scratch\checkpoints\cycle_0061.pt,runs\models_9x9_scratch\best.pt,runs\models_9x9_scratch\checkpoints\cycle_0061.pt,runs\models_9x9_scratch\best.pt,p2_win,0.0,62
4795,runs\models_9x9_scratch\checkpoints\cycle_0061.pt,runs\models_9x9_scratch\best.pt,runs\models_9x9_scratch\checkpoints\cycle_0061.pt,runs\models_9x9_scratch\best.pt,p2_win,0.0,64
4796,runs\models_9x9_scratch\checkpoints\cycle_0061.pt,runs\models_9x9_scratch\best.pt,runs\models_9x9_scratch\checkpoints\cycle_0061.pt,runs\models_9x9_scratch\best.pt,p2_win,0.0,60
4797,runs\models_9x9_scratch\checkpoints\cycle_0061.pt,runs\models_9x9_scratch\best.pt,runs\models_9x9_scratch\checkpoints\cycle_0061.pt,runs\models_9x9_scratch\best.pt,p2_win,0.0,64
4798,runs\models_9x9_scratch\checkpoints\cycle_0061.pt,runs\models_9x9_scratch\best.pt,runs\models_9x9_scratch\best.pt,runs\models_9x9_scratch\checkpoints\cycle_0061.pt,p1_win,0.0,63
4799,runs\models_9x9_scratch\checkpoints\cycle_0061.pt,runs\models_9x9_scratch\best.pt,runs\models_9x9_scratch\best.pt,runs\models_9x9_scratch\checkpoints\cycle_0061.pt,p2_win,1.0,62
4800,runs\models_9x9_scratch\checkpoints\cycle_0061.pt,runs\models_9x9_scratch\best.pt,runs\models_9x9_scratch\best.pt,runs\models_9x9_scratch\checkpoints\cycle_0061.pt,p1_win,0.0,67
4801,runs\models_9x9_scratch\checkpoints\cycle_0061.pt,runs\models_9x9_scratch\best.pt,runs\models_9x9_scratch\checkpoints\cycle_0061.pt,runs\models_9x9_scratch\best.pt,p2_win,0.0,60
4802,runs\models_9x9_scratch\checkpoints\cycle_0061.pt,runs\models_9x9_scratch\best.pt,runs\models_9x9_scratch\checkpoints\cycle_0061.pt,runs\models_9x9_scratch\best.pt,p2_win,0.0,64
4803,runs\models_9x9_scratch\checkpoints\cycle_0061.pt,runs\models_9x9_scratch\best.pt,runs\models_9x9_scratch\checkpoints\cycle_0061.pt,runs\models_9x9_scratch\best.pt,p2_win,0.0,60
4804,runs\models_9x9_scratch\checkpoints\cycle_0061.pt,runs\models_9x9_scratch\best.pt,runs\models_9x9_scratch\checkpoints\cycle_0061.pt,runs\models_9x9_scratch\best.pt,p2_win,0.0,60
4805,runs\models_9x9_scratch\checkpoints\cycle_0061.pt,runs\models_9x9_scratch\best.pt,runs\models_9x9_scratch\best.pt,runs\models_9x9_scratch\checkpoints\cycle_0061.pt,p1_win,0.0,67
4806,runs\models_9x9_scratch\checkpoints\cycle_0061.pt,runs\models_9x9_scratch\best.pt,runs\models_9x9_scratch\checkpoints\cycle_0061.pt,runs\models_9x9_scratch\best.pt,p2_win,0.0,62
4807,runs\models_9x9_scratch\checkpoints\cycle_0061.pt,runs\models_9x9_scratch\best.pt,runs\models_9x9_scratch\checkpoints\cycle_0061.pt,runs\models_9x9_scratch\best.pt,p2_win,0.0,62
4808,runs\models_9x9_scratch\checkpoints\cycle_0061.pt,runs\models_9x9_scratch\best.pt,runs\models_9x9_scratch\best.pt,runs\models_9x9_scratch\checkpoints\cycle_0061.pt,p1_win,0.0,65
4809,runs\models_9x9_scratch\checkpoints\cycle_0061.pt,runs\models_9x9_scratch\best.pt,runs\models_9x9_scratch\checkpoints\cycle_0061.pt,runs\models_9x9_scratch\best.pt,p1_win,1.0,67
4810,runs\models_9x9_scratch\checkpoints\cycle_0061.pt,runs\models_9x9_scratch\best.pt,runs\models_9x9_scratch\best.pt,runs\models_9x9_scratch\checkpoints\cycle_0061.pt,p2_win,1.0,76
4811,runs\models_9x9_scratch\checkpoints\cycle_0061.pt,runs\models_9x9_scratch\best.pt,runs\models_9x9_scratch\checkpoints\cycle_0061.pt,runs\models_9x9_scratch\best.pt,p2_win,0.0,62
4812,runs\models_9x9_scratch\checkpoints\cycle_0061.pt,runs\models_9x9_scratch\best.pt,runs\models_9x9_scratch\best.pt,runs\models_9x9_scratch\checkpoints\cycle_0061.pt,p1_win,0.0,65
4813,runs\models_9x9_scratch\checkpoints\cycle_0061.pt,runs\models_9x9_scratch\best.pt,runs\models_9x9_scratch\best.pt,runs\models_9x9_scratch\checkpoints\cycle_0061.pt,p2_win,1.0,66
4814,runs\models_9x9_scratch\checkpoints\cycle_0061.pt,runs\models_9x9_scratch\best.pt,runs\models_9x9_scratch\best.pt,runs\models_9x9_scratch\checkpoints\cycle_0061.pt,p1_win,0.0,65
4815,runs\models_9x9_scratch\checkpoints\cycle_0061.pt,runs\models_9x9_scratch\best.pt,runs\models_9x9_scratch\best.pt,runs\models_9x9_scratch\checkpoints\cycle_0061.pt,p1_win,0.0,67
4816,runs\models_9x9_scratch\checkpoints\cycle_0061.pt,runs\models_9x9_scratch\best.pt,runs\models_9x9_scratch\checkpoints\cycle_0061.pt,runs\models_9x9_scratch\best.pt,p2_win,0.0,64
4817,runs\models_9x9_scratch\checkpoints\cycle_0061.pt,runs\models_9x9_scratch\best.pt,runs\models_9x9_scratch\checkpoints\cycle_0061.pt,runs\models_9x9_scratch\best.pt,p2_win,0.0,66
4818,runs\models_9x9_scratch\checkpoints\cycle_0061.pt,runs\models_9x9_scratch\best.pt,runs\models_9x9_scratch\checkpoints\cycle_0061.pt,runs\models_9x9_scratch\best.pt,p1_win,1.0,69
4819,runs\models_9x9_scratch\checkpoints\cycle_0061.pt,runs\models_9x9_scratch\best.pt,runs\models_9x9_scratch\best.pt,runs\models_9x9_scratch\checkpoints\cycle_0061.pt,p1_win,0.0,65
4820,runs\models_9x9_scratch\checkpoints\cycle_0061.pt,runs\models_9x9_scratch\best.pt,runs\models_9x9_scratch\best.pt,runs\models_9x9_scratch\checkpoints\cycle_0061.pt,p1_win,0.0,63
4821,runs\models_9x9_scratch\checkpoints\cycle_0061.pt,runs\models_9x9_scratch\best.pt,runs\models_9x9_scratch\checkpoints\cycle_0061.pt,runs\models_9x9_scratch\best.pt,p2_win,0.0,64
4822,runs\models_9x9_scratch\checkpoints\cycle_0061.pt,runs\models_9x9_scratch\best.pt,runs\models_9x9_scratch\checkpoints\cycle_0061.pt,runs\models_9x9_scratch\best.pt,p2_win,0.0,62
4823,runs\models_9x9_scratch\checkpoints\cycle_0061.pt,runs\models_9x9_scratch\best.pt,runs\models_9x9_scratch\checkpoints\cycle_0061.pt,runs\models_9x9_scratch\best.pt,p2_win,0.0,64
4824,runs\models_9x9_scratch\checkpoints\cycle_0061.pt,runs\models_9x9_scratch\best.pt,runs\models_9x9_scratch\checkpoints\cycle_0061.pt,runs\models_9x9_scratch\best.pt,p2_win,0.0,66
4825,runs\models_9x9_scratch\checkpoints\cycle_0061.pt,runs\models_9x9_scratch\best.pt,runs\models_9x9_scratch\checkpoints\cycle_0061.pt,runs\models_9x9_scratch\best.pt,p2_win,0.0,64
4826,runs\models_9x9_scratch\checkpoints\cycle_0061.pt,runs\models_9x9_scratch\best.pt,runs\models_9x9_scratch\best.pt,runs\models_9x9_scratch\checkpoints\cycle_0061.pt,p1_win,0.0,65
4827,runs\models_9x9_scratch\checkpoints\cycle_0061.pt,runs\models_9x9_scratch\best.pt,runs\models_9x9_scratch\best.pt,runs\models_9x9_scratch\checkpoints\cycle_0061.pt,p1_win,0.0,65
4828,runs\models_9x9_scratch\checkpoints\cycle_0061.pt,runs\models_9x9_scratch\best.pt,runs\models_9x9_scratch\best.pt,runs\models_9x9_scratch\checkpoints\cycle_0061.pt,p1_win,0.0,65
4829,runs\models_9x9_scratch\checkpoints\cycle_0061.pt,runs\models_9x9_scratch\best.pt,runs\models_9x9_scratch\checkpoints\cycle_0061.pt,runs\models_9x9_scratch\best.pt,p2_win,0.0,62
4830,runs\models_9x9_scratch\checkpoints\cycle_0061.pt,runs\models_9x9_scratch\best.pt,runs\models_9x9_scratch\best.pt,runs\models_9x9_scratch\checkpoints\cycle_0061.pt,p1_win,0.0,65
4831,runs\models_9x9_scratch\checkpoints\cycle_0061.pt,runs\models_9x9_scratch\best.pt,runs\models_9x9_scratch\checkpoints\cycle_0061.pt,runs\models_9x9_scratch\best.pt,p2_win,0.0,68
4832,runs\models_9x9_scratch\checkpoints\cycle_0061.pt,runs\models_9x9_scratch\best.pt,runs\models_9x9_scratch\checkpoints\cycle_0061.pt,runs\models_9x9_scratch\best.pt,p2_win,0.0,66
4833,runs\models_9x9_scratch\checkpoints\cycle_0061.pt,runs\models_9x9_scratch\best.pt,runs\models_9x9_scratch\checkpoints\cycle_0061.pt,runs\models_9x9_scratch\best.pt,p2_win,0.0,64
4834,runs\models_9x9_scratch\checkpoints\cycle_0061.pt,runs\models_9x9_scratch\best.pt,runs\models_9x9_scratch\checkpoints\cycle_0061.pt,runs\models_9x9_scratch\best.pt,p2_win,0.0,62
4835,runs\models_9x9_scratch\checkpoints\cycle_0061.pt,runs\models_9x9_scratch\best.pt,runs\models_9x9_scratch\best.pt,runs\models_9x9_scratch\checkpoints\cycle_0061.pt,p1_win,0.0,63
4836,runs\models_9x9_scratch\checkpoints\cycle_0061.pt,runs\models_9x9_scratch\best.pt,runs\models_9x9_scratch\best.pt,runs\models_9x9_scratch\checkpoints\cycle_0061.pt,p1_win,0.0,65
4837,runs\models_9x9_scratch\checkpoints\cycle_0061.pt,runs\models_9x9_scratch\best.pt,runs\models_9x9_scratch\best.pt,runs\models_9x9_scratch\checkpoints\cycle_0061.pt,p2_win,1.0,66
4838,runs\models_9x9_scratch\checkpoints\cycle_0061.pt,runs\models_9x9_scratch\best.pt,runs\models_9x9_scratch\best.pt,runs\models_9x9_scratch\checkpoints\cycle_0061.pt,p1_win,0.0,71
4839,runs\models_9x9_scratch\checkpoints\cycle_0061.pt,runs\models_9x9_scratch\best.pt,runs\models_9x9_scratch\checkpoints\cycle_0061.pt,runs\models_9x9_scratch\best.pt,p1_win,1.0,69
4840,runs\models_9x9_scratch\checkpoints\cycle_0061.pt,runs\models_9x9_scratch\best.pt,runs\models_9x9_scratch\best.pt,runs\models_9x9_scratch\checkpoints\cycle_0061.pt,p1_win,0.0,67
4841,runs\models_9x9_scratch\checkpoints\cycle_0061.pt,runs\models_9x9_scratch\best.pt,runs\models_9x9_scratch\best.pt,runs\models_9x9_scratch\checkpoints\cycle_0061.pt,p1_win,0.0,63
4842,runs\models_9x9_scratch\checkpoints\cycle_0061.pt,runs\models_9x9_scratch\best.pt,runs\models_9x9_scratch\best.pt,runs\models_9x9_scratch\checkpoints\cycle_0061.pt,p2_win,1.0,74
4843,runs\models_9x9_scratch\checkpoints\cycle_0061.pt,runs\models_9x9_scratch\best.pt,runs\models_9x9_scratch\checkpoints\cycle_0061.pt,runs\models_9x9_scratch\best.pt,p2_win,0.0,66
4844,runs\models_9x9_scratch\checkpoints\cycle_0061.pt,runs\models_9x9_scratch\best.pt,runs\models_9x9_scratch\checkpoints\cycle_0061.pt,runs\models_9x9_scratch\best.pt,p2_win,0.0,64
4845,runs\models_9x9_scratch\checkpoints\cycle_0061.pt,runs\models_9x9_scratch\best.pt,runs\models_9x9_scratch\best.pt,runs\models_9x9_scratch\checkpoints\cycle_0061.pt,p1_win,0.0,69
4846,runs\models_9x9_scratch\checkpoints\cycle_0061.pt,runs\models_9x9_scratch\best.pt,runs\models_9x9_scratch\best.pt,runs\models_9x9_scratch\checkpoints\cycle_0061.pt,p1_win,0.0,67
4847,runs\models_9x9_scratch\checkpoints\cycle_0061.pt,runs\models_9x9_scratch\best.pt,runs\models_9x9_scratch\best.pt,runs\models_9x9_scratch\checkpoints\cycle_0061.pt,p1_win,0.0,67
4848,runs\models_9x9_scratch\checkpoints\cycle_0061.pt,runs\models_9x9_scratch\best.pt,runs\models_9x9_scratch\best.pt,runs\models_9x9_scratch\checkpoints\cycle_0061.pt,p1_win,0.0,67
4849,runs\models_9x9_scratch\checkpoints\cycle_0061.pt,runs\models_9x9_scratch\best.pt,runs\models_9x9_scratch\checkpoints\cycle_0061.pt,runs\models_9x9_scratch\best.pt,p2_win,0.0,68
4850,runs\models_9x9_scratch\checkpoints\cycle_0061.pt,runs\models_9x9_scratch\best.pt,runs\models_9x9_scratch\best.pt,runs\models_9x9_scratch\checkpoints\cycle_0061.pt,p1_win,0.0,67
4851,runs\models_9x9_scratch\checkpoints\cycle_0061.pt,runs\models_9x9_scratch\best.pt,runs\models_9x9_scratch\checkpoints\cycle_0061.pt,runs\models_9x9_scratch\best.pt,p2_win,0.0,68
4852,runs\models_9x9_scratch\checkpoints\cycle_0061.pt,runs\models_9x9_scratch\best.pt,runs\models_9x9_scratch\checkpoints\cycle_0061.pt,runs\models_9x9_scratch\best.pt,p2_win,0.0,68
4853,runs\models_9x9_scratch\checkpoints\cycle_0061.pt,runs\models_9x9_scratch\best.pt,runs\models_9x9_scratch\best.pt,runs\models_9x9_scratch\checkpoints\cycle_0061.pt,p1_win,0.0,71
4854,runs\models_9x9_scratch\checkpoints\cycle_0061.pt,runs\models_9x9_scratch\best.pt,runs\models_9x9_scratch\checkpoints\cycle_0061.pt,runs\models_9x9_scratch\best.pt,p2_win,0.0,68
4855,runs\models_9x9_scratch\checkpoints\cycle_0061.pt,runs\models_9x9_scratch\best.pt,runs\models_9x9_scratch\checkpoints\cycle_0061.pt,runs\models_9x9_scratch\best.pt,p2_win,0.0,70
4856,runs\models_9x9_scratch\checkpoints\cycle_0061.pt,runs\models_9x9_scratch\best.pt,runs\models_9x9_scratch\checkpoints\cycle_0061.pt,runs\models_9x9_scratch\best.pt,p1_win,1.0,77
4857,runs\models_9x9_scratch\checkpoints\cycle_0061.pt,runs\models_9x9_scratch\best.pt,runs\models_9x9_scratch\best.pt,runs\models_9x9_scratch\checkpoints\cycle_0061.pt,p2_win,1.0,74
4858,runs\models_9x9_scratch\checkpoints\cycle_0061.pt,runs\models_9x9_scratch\best.pt,runs\models_9x9_scratch\checkpoints\cycle_0061.pt,runs\models_9x9_scratch\best.pt,p2_win,0.0,66
4859,runs\models_9x9_scratch\checkpoints\cycle_0061.pt,runs\models_9x9_scratch\best.pt,runs\models_9x9_scratch\checkpoints\cycle_0061.pt,runs\models_9x9_scratch\best.pt,p2_win,0.0,66
4860,runs\models_9x9_scratch\checkpoints\cycle_0061.pt,runs\models_9x9_scratch\best.pt,runs\models_9x9_scratch\checkpoints\cycle_0061.pt,runs\models_9x9_scratch\best.pt,p2_win,0.0,70
4861,runs\models_9x9_scratch\checkpoints\cycle_0061.pt,runs\models_9x9_scratch\best.pt,runs\models_9x9_scratch\checkpoints\cycle_0061.pt,runs\models_9x9_scratch\best.pt,p2_win,0.0,66
4862,runs\models_9x9_scratch\checkpoints\cycle_0061.pt,runs\models_9x9_scratch\best.pt,runs\models_9x9_scratch\checkpoints\cycle_0061.pt,runs\models_9x9_scratch\best.pt,p1_win,1.0,69
4863,runs\models_9x9_scratch\checkpoints\cycle_0061.pt,runs\models_9x9_scratch\best.pt,runs\models_9x9_scratch\checkpoints\cycle_0061.pt,runs\models_9x9_scratch\best.pt,p1_win,1.0,77
4864,runs\models_9x9_scratch\checkpoints\cycle_0061.pt,runs\models_9x9_scratch\best.pt,runs\models_9x9_scratch\checkpoints\cycle_0061.pt,runs\models_9x9_scratch\best.pt,p1_win,1.0,67
4865,runs\models_9x9_scratch\checkpoints\cycle_0061.pt,runs\models_9x9_scratch\best.pt,runs\models_9x9_scratch\checkpoints\cycle_0061.pt,runs\models_9x9_scratch\best.pt,p2_win,0.0,70
4866,runs\models_9x9_scratch\checkpoints\cycle_0061.pt,runs\models_9x9_scratch\best.pt,runs\models_9x9_scratch\best.pt,runs\models_9x9_scratch\checkpoints\cycle_0061.pt,p1_win,0.0,71
4867,runs\models_9x9_scratch\checkpoints\cycle_0061.pt,runs\models_9x9_scratch\best.pt,runs\models_9x9_scratch\checkpoints\cycle_0061.pt,runs\models_9x9_scratch\best.pt,p2_win,0.0,70
4868,runs\models_9x9_scratch\checkpoints\cycle_0061.pt,runs\models_9x9_scratch\best.pt,runs\models_9x9_scratch\best.pt,runs\models_9x9_scratch\checkpoints\cycle_0061.pt,p1_win,0.0,75
4869,runs\models_9x9_scratch\checkpoints\cycle_0061.pt,runs\models_9x9_scratch\best.pt,runs\models_9x9_scratch\checkpoints\cycle_0061.pt,runs\models_9x9_scratch\best.pt,p2_win,0.0,68
4870,runs\models_9x9_scratch\checkpoints\cycle_0061.pt,runs\models_9x9_scratch\best.pt,runs\models_9x9_scratch\checkpoints\cycle_0061.pt,runs\models_9x9_scratch\best.pt,p2_win,0.0,70
4871,runs\models_9x9_scratch\checkpoints\cycle_0061.pt,runs\models_9x9_scratch\best.pt,runs\models_9x9_scratch\checkpoints\cycle_0061.pt,runs\models_9x9_scratch\best.pt,p2_win,0.0,70
4872,runs\models_9x9_scratch\checkpoints\cycle_0061.pt,runs\models_9x9_scratch\best.pt,runs\models_9x9_scratch\checkpoints\cycle_0061.pt,runs\models_9x9_scratch\best.pt,p2_win,0.0,68
4873,runs\models_9x9_scratch\checkpoints\cycle_0061.pt,runs\models_9x9_scratch\best.pt,runs\models_9x9_scratch\best.pt,runs\models_9x9_scratch\checkpoints\cycle_0061.pt,p1_win,0.0,69
4874,runs\models_9x9_scratch\checkpoints\cycle_0061.pt,runs\models_9x9_scratch\best.pt,runs\models_9x9_scratch\checkpoints\cycle_0061.pt,runs\models_9x9_scratch\best.pt,p2_win,0.0,70
4875,runs\models_9x9_scratch\checkpoints\cycle_0061.pt,runs\models_9x9_scratch\best.pt,runs\models_9x9_scratch\checkpoints\cycle_0061.pt,runs\models_9x9_scratch\best.pt,p1_win,1.0,75
4876,runs\models_9x9_scratch\checkpoints\cycle_0061.pt,runs\models_9x9_scratch\best.pt,runs\models_9x9_scratch\checkpoints\cycle_0061.pt,runs\models_9x9_scratch\best.pt,p2_win,0.0,70
4877,runs\models_9x9_scratch\checkpoints\cycle_0061.pt,runs\models_9x9_scratch\best.pt,runs\models_9x9_scratch\checkpoints\cycle_0061.pt,runs\models_9x9_scratch\best.pt,p2_win,0.0,68
4878,runs\models_9x9_scratch\checkpoints\cycle_0061.pt,runs\models_9x9_scratch\best.pt,runs\models_9x9_scratch\best.pt,runs\models_9x9_scratch\checkpoints\cycle_0061.pt,p1_win,0.0,71
4879,runs\models_9x9_scratch\checkpoints\cycle_0061.pt,runs\models_9x9_scratch\best.pt,runs\models_9x9_scratch\best.pt,runs\models_9x9_scratch\checkpoints\cycle_0061.pt,p1_win,0.0,67
4880,runs\models_9x9_scratch\checkpoints\cycle_0061.pt,runs\models_9x9_scratch\best.pt,runs\models_9x9_scratch\checkpoints\cycle_0061.pt,runs\models_9x9_scratch\best.pt,p2_win,0.0,72
4881,runs\models_9x9_scratch\checkpoints\cycle_0061.pt,runs\models_9x9_scratch\best.pt,runs\models_9x9_scratch\checkpoints\cycle_0061.pt,runs\models_9x9_scratch\best.pt,p2_win,0.0,72
4882,runs\models_9x9_scratch\checkpoints\cycle_0061.pt,runs\models_9x9_scratch\best.pt,runs\models_9x9_scratch\best.pt,runs\models_9x9_scratch\checkpoints\cycle_0061.pt,p1_win,0.0,67
4883,runs\models_9x9_scratch\checkpoints\cycle_0061.pt,runs\models_9x9_scratch\best.pt,runs\models_9x9_scratch\checkpoints\cycle_0061.pt,runs\models_9x9_scratch\best.pt,p1_win,1.0,69
4884,runs\models_9x9_scratch\checkpoints\cycle_0061.pt,runs\models_9x9_scratch\best.pt,runs\models_9x9_scratch\checkpoints\cycle_0061.pt,runs\models_9x9_scratch\best.pt,p2_win,0.0,74
4885,runs\models_9x9_scratch\checkpoints\cycle_0061.pt,runs\models_9x9_scratch\best.pt,runs\models_9x9_scratch\best.pt,runs\models_9x9_scratch\checkpoints\cycle_0061.pt,p1_win,0.0,71
4886,runs\models_9x9_scratch\checkpoints\cycle_0061.pt,runs\models_9x9_scratch\best.pt,runs\models_9x9_scratch\checkpoints\cycle_0061.pt,runs\models_9x9_scratch\best.pt,p2_win,0.0,68
4887,runs\models_9x9_scratch\checkpoints\cycle_0061.pt,runs\models_9x9_scratch\best.pt,runs\models_9x9_scratch\best.pt,runs\models_9x9_scratch\checkpoints\cycle_0061.pt,p2_win,1.0,70
4888,runs\models_9x9_scratch\checkpoints\cycle_0061.pt,runs\models_9x9_scratch\best.pt,runs\models_9x9_scratch\best.pt,runs\models_9x9_scratch\checkpoints\cycle_0061.pt,p1_win,0.0,69
4889,runs\models_9x9_scratch\checkpoints\cycle_0061.pt,runs\models_9x9_scratch\best.pt,runs\models_9x9_scratch\checkpoints\cycle_0061.pt,runs\models_9x9_scratch\best.pt,p2_win,0.0,70
4890,runs\models_9x9_scratch\checkpoints\cycle_0061.pt,runs\models_9x9_scratch\best.pt,runs\models_9x9_scratch\best.pt,runs\models_9x9_scratch\checkpoints\cycle_0061.pt,p1_win,0.0,71
4891,runs\models_9x9_scratch\checkpoints\cycle_0061.pt,runs\models_9x9_scratch\best.pt,runs\models_9x9_scratch\checkpoints\cycle_0061.pt,runs\models_9x9_scratch\best.pt,p2_win,0.0,70
4892,runs\models_9x9_scratch\checkpoints\cycle_0061.pt,runs\models_9x9_scratch\best.pt,runs\models_9x9_scratch\best.pt,runs\models_9x9_scratch\checkpoints\cycle_0061.pt,p1_win,0.0,69
4893,runs\models_9x9_scratch\checkpoints\cycle_0061.pt,runs\models_9x9_scratch\best.pt,runs\models_9x9_scratch\best.pt,runs\models_9x9_scratch\checkpoints\cycle_0061.pt,p1_win,0.0,69
4894,runs\models_9x9_scratch\checkpoints\cycle_0061.pt,runs\models_9x9_scratch\best.pt,runs\models_9x9_scratch\best.pt,runs\models_9x9_scratch\checkpoints\cycle_0061.pt,p1_win,0.0,73
4895,runs\models_9x9_scratch\checkpoints\cycle_0061.pt,runs\models_9x9_scratch\best.pt,runs\models_9x9_scratch\checkpoints\cycle_0061.pt,runs\models_9x9_scratch\best.pt,p2_win,0.0,72
4896,runs\models_9x9_scratch\checkpoints\cycle_0061.pt,runs\models_9x9_scratch\best.pt,runs\models_9x9_scratch\best.pt,runs\models_9x9_scratch\checkpoints\cycle_0061.pt,p2_win,1.0,72
4897,runs\models_9x9_scratch\checkpoints\cycle_0061.pt,runs\models_9x9_scratch\best.pt,runs\models_9x9_scratch\best.pt,runs\models_9x9_scratch\checkpoints\cycle_0061.pt,p1_win,0.0,71
4898,runs\models_9x9_scratch\checkpoints\cycle_0061.pt,runs\models_9x9_scratch\best.pt,runs\models_9x9_scratch\checkpoints\cycle_0061.pt,runs\models_9x9_scratch\best.pt,p1_win,1.0,77
4899,runs\models_9x9_scratch\checkpoints\cycle_0061.pt,runs\models_9x9_scratch\best.pt,runs\models_9x9_scratch\checkpoints\cycle_0061.pt,runs\models_9x9_scratch\best.pt,p2_win,0.0,70
4900,runs\models_9x9_scratch\checkpoints\cycle_0061.pt,runs\models_9x9_scratch\best.pt,runs\models_9x9_scratch\best.pt,runs\models_9x9_scratch\checkpoints\cycle_0061.pt,p1_win,0.0,79
4901,runs\models_9x9_scratch\checkpoints\cycle_0061.pt,runs\models_9x9_scratch\best.pt,runs\models_9x9_scratch\best.pt,runs\models_9x9_scratch\checkpoints\cycle_0061.pt,p1_win,0.0,73
4902,runs\models_9x9_scratch\checkpoints\cycle_0061.pt,runs\models_9x9_scratch\best.pt,runs\models_9x9_scratch\checkpoints\cycle_0061.pt,runs\models_9x9_scratch\best.pt,p2_win,0.0,70
4903,runs\models_9x9_scratch\checkpoints\cycle_0061.pt,runs\models_9x9_scratch\best.pt,runs\models_9x9_scratch\best.pt,runs\models_9x9_scratch\checkpoints\cycle_0061.pt,p1_win,0.0,73
4904,runs\models_9x9_scratch\checkpoints\cycle_0061.pt,runs\models_9x9_scratch\best.pt,runs\models_9x9_scratch\best.pt,runs\models_9x9_scratch\checkpoints\cycle_0061.pt,p2_win,1.0,72
4905,runs\models_9x9_scratch\checkpoints\cycle_0061.pt,runs\models_9x9_scratch\best.pt,runs\models_9x9_scratch\best.pt,runs\models_9x9_scratch\checkpoints\cycle_0061.pt,p1_win,0.0,71
4906,runs\models_9x9_scratch\checkpoints\cycle_0061.pt,runs\models_9x9_scratch\best.pt,runs\models_9x9_scratch\checkpoints\cycle_0061.pt,runs\models_9x9_scratch\best.pt,p2_win,0.0,70
4907,runs\models_9x9_scratch\checkpoints\cycle_0061.pt,runs\models_9x9_scratch\best.pt,runs\models_9x9_scratch\checkpoints\cycle_0061.pt,runs\models_9x9_scratch\best.pt,p1_win,1.0,71
4908,runs\models_9x9_scratch\checkpoints\cycle_0061.pt,runs\models_9x9_scratch\best.pt,runs\models_9x9_scratch\checkpoints\cycle_0061.pt,runs\models_9x9_scratch\best.pt,p1_win,1.0,77
4909,runs\models_9x9_scratch\checkpoints\cycle_0061.pt,runs\models_9x9_scratch\best.pt,runs\models_9x9_scratch\checkpoints\cycle_0061.pt,runs\models_9x9_scratch\best.pt,p2_win,0.0,72
4910,runs\models_9x9_scratch\checkpoints\cycle_0061.pt,runs\models_9x9_scratch\best.pt,runs\models_9x9_scratch\checkpoints\cycle_0061.pt,runs\models_9x9_scratch\best.pt,p1_win,1.0,73
4911,runs\models_9x9_scratch\checkpoints\cycle_0061.pt,runs\models_9x9_scratch\best.pt,runs\models_9x9_scratch\best.pt,runs\models_9x9_scratch\checkpoints\cycle_0061.pt,p1_win,0.0,77
4912,runs\models_9x9_scratch\checkpoints\cycle_0061.pt,runs\models_9x9_scratch\best.pt,runs\models_9x9_scratch\best.pt,runs\models_9x9_scratch\checkpoints\cycle_0061.pt,p1_win,0.0,71
4913,runs\models_9x9_scratch\checkpoints\cycle_0061.pt,runs\models_9x9_scratch\best.pt,runs\models_9x9_scratch\best.pt,runs\models_9x9_scratch\checkpoints\cycle_0061.pt,p1_win,0.0,79
4914,runs\models_9x9_scratch\checkpoints\cycle_0061.pt,runs\models_9x9_scratch\best.pt,runs\models_9x9_scratch\checkpoints\cycle_0061.pt,runs\models_9x9_scratch\best.pt,p1_win,1.0,71
4915,runs\models_9x9_scratch\checkpoints\cycle_0061.pt,runs\models_9x9_scratch\best.pt,runs\models_9x9_scratch\checkpoints\cycle_0061.pt,runs\models_9x9_scratch\best.pt,p1_win,1.0,77
4916,runs\models_9x9_scratch\checkpoints\cycle_0061.pt,runs\models_9x9_scratch\best.pt,runs\models_9x9_scratch\checkpoints\cycle_0061.pt,runs\models_9x9_scratch\best.pt,p2_win,0.0,76
4917,runs\models_9x9_scratch\checkpoints\cycle_0061.pt,runs\models_9x9_scratch\best.pt,runs\models_9x9_scratch\checkpoints\cycle_0061.pt,runs\models_9x9_scratch\best.pt,p2_win,0.0,72
4918,runs\models_9x9_scratch\checkpoints\cycle_0061.pt,runs\models_9x9_scratch\best.pt,runs\models_9x9_scratch\checkpoints\cycle_0061.pt,runs\models_9x9_scratch\best.pt,p2_win,0.0,76
4919,runs\models_9x9_scratch\checkpoints\cycle_0061.pt,runs\models_9x9_scratch\best.pt,runs\models_9x9_scratch\checkpoints\cycle_0061.pt,runs\models_9x9_scratch\best.pt,p2_win,0.0,72
4920,runs\models_9x9_scratch\checkpoints\cycle_0061.pt,runs\models_9x9_scratch\best.pt,runs\models_9x9_scratch\best.pt,runs\models_9x9_scratch\checkpoints\cycle_0061.pt,p2_win,1.0,80
4921,runs\models_9x9_scratch\checkpoints\cycle_0061.pt,runs\models_9x9_scratch\best.pt,runs\models_9x9_scratch\checkpoints\cycle_0061.pt,runs\models_9x9_scratch\best.pt,p2_win,0.0,70
4922,runs\models_9x9_scratch\checkpoints\cycle_0061.pt,runs\models_9x9_scratch\best.pt,runs\models_9x9_scratch\checkpoints\cycle_0061.pt,runs\models_9x9_scratch\best.pt,p1_win,1.0,73
4923,runs\models_9x9_scratch\checkpoints\cycle_0061.pt,runs\models_9x9_scratch\best.pt,runs\models_9x9_scratch\best.pt,runs\models_9x9_scratch\checkpoints\cycle_0061.pt,p1_win,0.0,77
4924,runs\models_9x9_scratch\checkpoints\cycle_0061.pt,runs\models_9x9_scratch\best.pt,runs\models_9x9_scratch\checkpoints\cycle_0061.pt,runs\models_9x9_scratch\best.pt,p2_win,0.0,72
4925,runs\models_9x9_scratch\checkpoints\cycle_0061.pt,runs\models_9x9_scratch\best.pt,runs\models_9x9_scratch\checkpoints\cycle_0061.pt,runs\models_9x9_scratch\best.pt,p2_win,0.0,76
4926,runs\models_9x9_scratch\checkpoints\cycle_0061.pt,runs\models_9x9_scratch\best.pt,runs\models_9x9_scratch\best.pt,runs\models_9x9_scratch\checkpoints\cycle_0061.pt,p2_win,1.0,78
4927,runs\models_9x9_scratch\checkpoints\cycle_0061.pt,runs\models_9x9_scratch\best.pt,runs\models_9x9_scratch\checkpoints\cycle_0061.pt,runs\models_9x9_scratch\best.pt,p2_win,0.0,72
4928,runs\models_9x9_scratch\checkpoints\cycle_0061.pt,runs\models_9x9_scratch\best.pt,runs\models_9x9_scratch\checkpoints\cycle_0061.pt,runs\models_9x9_scratch\best.pt,p2_win,0.0,72
4929,runs\models_9x9_scratch\checkpoints\cycle_0061.pt,runs\models_9x9_scratch\best.pt,runs\models_9x9_scratch\checkpoints\cycle_0061.pt,runs\models_9x9_scratch\best.pt,p2_win,0.0,76
4930,runs\models_9x9_scratch\checkpoints\cycle_0061.pt,runs\models_9x9_scratch\best.pt,runs\models_9x9_scratch\best.pt,runs\models_9x9_scratch\checkpoints\cycle_0061.pt,p1_win,0.0,77
4931,runs\models_9x9_scratch\checkpoints\cycle_0061.pt,runs\models_9x9_scratch\best.pt,runs\models_9x9_scratch\checkpoints\cycle_0061.pt,runs\models_9x9_scratch\best.pt,p2_win,0.0,74
4932,runs\models_9x9_scratch\checkpoints\cycle_0061.pt,runs\models_9x9_scratch\best.pt,runs\models_9x9_scratch\checkpoints\cycle_0061.pt,runs\models_9x9_scratch\best.pt,p2_win,0.0,70
4933,runs\models_9x9_scratch\checkpoints\cycle_0061.pt,runs\models_9x9_scratch\best.pt,runs\models_9x9_scratch\best.pt,runs\models_9x9_scratch\checkpoints\cycle_0061.pt,p1_win,0.0,77
4934,runs\models_9x9_scratch\checkpoints\cycle_0061.pt,runs\models_9x9_scratch\best.pt,runs\models_9x9_scratch\best.pt,runs\models_9x9_scratch\checkpoints\cycle_0061.pt,p1_win,0.0,77
4935,runs\models_9x9_scratch\checkpoints\cycle_0061.pt,runs\models_9x9_scratch\best.pt,runs\models_9x9_scratch\best.pt,runs\models_9x9_scratch\checkpoints\cycle_0061.pt,p1_win,0.0,71
4936,runs\models_9x9_scratch\checkpoints\cycle_0061.pt,runs\models_9x9_scratch\best.pt,runs\models_9x9_scratch\checkpoints\cycle_0061.pt,runs\models_9x9_scratch\best.pt,p2_win,0.0,72
4937,runs\models_9x9_scratch\checkpoints\cycle_0061.pt,runs\models_9x9_scratch\best.pt,runs\models_9x9_scratch\checkpoints\cycle_0061.pt,runs\models_9x9_scratch\best.pt,p2_win,0.0,76
4938,runs\models_9x9_scratch\checkpoints\cycle_0061.pt,runs\models_9x9_scratch\best.pt,runs\models_9x9_scratch\checkpoints\cycle_0061.pt,runs\models_9x9_scratch\best.pt,p2_win,0.0,72
4939,runs\models_9x9_scratch\checkpoints\cycle_0061.pt,runs\models_9x9_scratch\best.pt,runs\models_9x9_scratch\checkpoints\cycle_0061.pt,runs\models_9x9_scratch\best.pt,p2_win,0.0,74
4940,runs\models_9x9_scratch\checkpoints\cycle_0061.pt,runs\models_9x9_scratch\best.pt,runs\models_9x9_scratch\checkpoints\cycle_0061.pt,runs\models_9x9_scratch\best.pt,p2_win,0.0,74
4941,runs\models_9x9_scratch\checkpoints\cycle_0061.pt,runs\models_9x9_scratch\best.pt,runs\models_9x9_scratch\best.pt,runs\models_9x9_scratch\checkpoints\cycle_0061.pt,p1_win,0.0,75
4942,runs\models_9x9_scratch\checkpoints\cycle_0061.pt,runs\models_9x9_scratch\best.pt,runs\models_9x9_scratch\best.pt,runs\models_9x9_scratch\checkpoints\cycle_0061.pt,p1_win,0.0,75
4943,runs\models_9x9_scratch\checkpoints\cycle_0061.pt,runs\models_9x9_scratch\best.pt,runs\models_9x9_scratch\checkpoints\cycle_0061.pt,runs\models_9x9_scratch\best.pt,p2_win,0.0,72
4944,runs\models_9x9_scratch\checkpoints\cycle_0061.pt,runs\models_9x9_scratch\best.pt,runs\models_9x9_scratch\best.pt,runs\models_9x9_scratch\checkpoints\cycle_0061.pt,p2_win,1.0,76
4945,runs\models_9x9_scratch\checkpoints\cycle_0061.pt,runs\models_9x9_scratch\best.pt,runs\models_9x9_scratch\checkpoints\cycle_0061.pt,runs\models_9x9_scratch\best.pt,p2_win,0.0,72
4946,runs\models_9x9_scratch\checkpoints\cycle_0061.pt,runs\models_9x9_scratch\best.pt,runs\models_9x9_scratch\best.pt,runs\models_9x9_scratch\checkpoints\cycle_0061.pt,p1_win,0.0,77
4947,runs\models_9x9_scratch\checkpoints\cycle_0061.pt,runs\models_9x9_scratch\best.pt,runs\models_9x9_scratch\best.pt,runs\models_9x9_scratch\checkpoints\cycle_0061.pt,p1_win,0.0,73
4948,runs\models_9x9_scratch\checkpoints\cycle_0061.pt,runs\models_9x9_scratch\best.pt,runs\models_9x9_scratch\checkpoints\cycle_0061.pt,runs\models_9x9_scratch\best.pt,p2_win,0.0,74
4949,runs\models_9x9_scratch\checkpoints\cycle_0061.pt,runs\models_9x9_scratch\best.pt,runs\models_9x9_scratch\checkpoints\cycle_0061.pt,runs\models_9x9_scratch\best.pt,p2_win,0.0,74
4950,runs\models_9x9_scratch\checkpoints\cycle_0061.pt,runs\models_9x9_scratch\best.pt,runs\models_9x9_scratch\best.pt,runs\models_9x9_scratch\checkpoints\cycle_0061.pt,p2_win,1.0,78
4951,runs\models_9x9_scratch\checkpoints\cycle_0061.pt,runs\models_9x9_scratch\best.pt,runs\models_9x9_scratch\best.pt,runs\models_9x9_scratch\checkpoints\cycle_0061.pt,p1_win,0.0,77
4952,runs\models_9x9_scratch\checkpoints\cycle_0061.pt,runs\models_9x9_scratch\best.pt,runs\models_9x9_scratch\checkpoints\cycle_0061.pt,runs\models_9x9_scratch\best.pt,p2_win,0.0,76
4953,runs\models_9x9_scratch\checkpoints\cycle_0061.pt,runs\models_9x9_scratch\best.pt,runs\models_9x9_scratch\best.pt,runs\models_9x9_scratch\checkpoints\cycle_0061.pt,p2_win,1.0,74
4954,runs\models_9x9_scratch\checkpoints\cycle_0061.pt,runs\models_9x9_scratch\best.pt,runs\models_9x9_scratch\checkpoints\cycle_0061.pt,runs\models_9x9_scratch\best.pt,p2_win,0.0,78
4955,runs\models_9x9_scratch\checkpoints\cycle_0061.pt,runs\models_9x9_scratch\best.pt,runs\models_9x9_scratch\best.pt,runs\models_9x9_scratch\checkpoints\cycle_0061.pt,p1_win,0.0,77
4956,runs\models_9x9_scratch\checkpoints\cycle_0061.pt,runs\models_9x9_scratch\best.pt,runs\models_9x9_scratch\best.pt,runs\models_9x9_scratch\checkpoints\cycle_0061.pt,p1_win,0.0,73
4957,runs\models_9x9_scratch\checkpoints\cycle_0061.pt,runs\models_9x9_scratch\best.pt,runs\models_9x9_scratch\checkpoints\cycle_0061.pt,runs\models_9x9_scratch\best.pt,p2_win,0.0,76
4958,runs\models_9x9_scratch\checkpoints\cycle_0061.pt,runs\models_9x9_scratch\best.pt,runs\models_9x9_scratch\best.pt,runs\models_9x9_scratch\checkpoints\cycle_0061.pt,p1_win,0.0,77
4959,runs\models_9x9_scratch\checkpoints\cycle_0061.pt,runs\models_9x9_scratch\best.pt,runs\models_9x9_scratch\checkpoints\cycle_0061.pt,runs\models_9x9_scratch\best.pt,p1_win,1.0,79
4960,runs\models_9x9_scratch\checkpoints\cycle_0061.pt,runs\models_9x9_scratch\best.pt,runs\models_9x9_scratch\checkpoints\cycle_0061.pt,runs\models_9x9_scratch\best.pt,p2_win,0.0,78
4961,runs\models_9x9_scratch\checkpoints\cycle_0061.pt,runs\models_9x9_scratch\best.pt,runs\models_9x9_scratch\checkpoints\cycle_0061.pt,runs\models_9x9_scratch\best.pt,p2_win,0.0,78
4962,runs\models_9x9_scratch\checkpoints\cycle_0061.pt,runs\models_9x9_scratch\best.pt,runs\models_9x9_scratch\checkpoints\cycle_0061.pt,runs\models_9x9_scratch\best.pt,p2_win,0.0,84
4963,runs\models_9x9_scratch\checkpoints\cycle_0061.pt,runs\models_9x9_scratch\best.pt,runs\models_9x9_scratch\checkpoints\cycle_0061.pt,runs\models_9x9_scratch\best.pt,p2_win,0.0,78
4964,runs\models_9x9_scratch\checkpoints\cycle_0061.pt,runs\models_9x9_scratch\best.pt,runs\models_9x9_scratch\best.pt,runs\models_9x9_scratch\checkpoints\cycle_0061.pt,p1_win,0.0,81
4965,runs\models_9x9_scratch\checkpoints\cycle_0061.pt,runs\models_9x9_scratch\best.pt,runs\models_9x9_scratch\checkpoints\cycle_0061.pt,runs\models_9x9_scratch\best.pt,p2_win,0.0,78
4966,runs\models_9x9_scratch\checkpoints\cycle_0061.pt,runs\models_9x9_scratch\best.pt,runs\models_9x9_scratch\checkpoints\cycle_0061.pt,runs\models_9x9_scratch\best.pt,p2_win,0.0,80
4967,runs\models_9x9_scratch\checkpoints\cycle_0061.pt,runs\models_9x9_scratch\best.pt,runs\models_9x9_scratch\checkpoints\cycle_0061.pt,runs\models_9x9_scratch\best.pt,p2_win,0.0,78
4968,runs\models_9x9_scratch\checkpoints\cycle_0061.pt,runs\models_9x9_scratch\best.pt,runs\models_9x9_scratch\checkpoints\cycle_0061.pt,runs\models_9x9_scratch\best.pt,p2_win,0.0,80
4969,runs\models_9x9_scratch\checkpoints\cycle_0061.pt,runs\models_9x9_scratch\best.pt,runs\models_9x9_scratch\checkpoints\cycle_0061.pt,runs\models_9x9_scratch\best.pt,p2_win,0.0,80
4970,runs\models_9x9_scratch\checkpoints\cycle_0061.pt,runs\models_9x9_scratch\best.pt,runs\models_9x9_scratch\best.pt,runs\models_9x9_scratch\checkpoints\cycle_0061.pt,p1_win,0.0,79
4971,runs\models_9x9_scratch\checkpoints\cycle_0061.pt,runs\models_9x9_scratch\best.pt,runs\models_9x9_scratch\best.pt,runs\models_9x9_scratch\checkpoints\cycle_0061.pt,p1_win,0.0,79
4972,runs\models_9x9_scratch\checkpoints\cycle_0061.pt,runs\models_9x9_scratch\best.pt,runs\models_9x9_scratch\checkpoints\cycle_0061.pt,runs\models_9x9_scratch\best.pt,p2_win,0.0,78
4973,runs\models_9x9_scratch\checkpoints\cycle_0061.pt,runs\models_9x9_scratch\best.pt,runs\models_9x9_scratch\best.pt,runs\models_9x9_scratch\checkpoints\cycle_0061.pt,p1_win,0.0,77
4974,runs\models_9x9_scratch\checkpoints\cycle_0061.pt,runs\models_9x9_scratch\best.pt,runs\models_9x9_scratch\checkpoints\cycle_0061.pt,runs\models_9x9_scratch\best.pt,p2_win,0.0,78
4975,runs\models_9x9_scratch\checkpoints\cycle_0061.pt,runs\models_9x9_scratch\best.pt,runs\models_9x9_scratch\checkpoints\cycle_0061.pt,runs\models_9x9_scratch\best.pt,p2_win,0.0,78
4976,runs\models_9x9_scratch\checkpoints\cycle_0061.pt,runs\models_9x9_scratch\best.pt,runs\models_9x9_scratch\best.pt,runs\models_9x9_scratch\checkpoints\cycle_0061.pt,p1_win,0.0,79
4977,runs\models_9x9_scratch\checkpoints\cycle_0061.pt,runs\models_9x9_scratch\best.pt,runs\models_9x9_scratch\checkpoints\cycle_0061.pt,runs\models_9x9_scratch\best.pt,p1_win,1.0,79
4978,runs\models_9x9_scratch\checkpoints\cycle_0061.pt,runs\models_9x9_scratch\best.pt,runs\models_9x9_scratch\best.pt,runs\models_9x9_scratch\checkpoints\cycle_0061.pt,p1_win,0.0,77
4979,runs\models_9x9_scratch\checkpoints\cycle_0061.pt,runs\models_9x9_scratch\best.pt,runs\models_9x9_scratch\checkpoints\cycle_0061.pt,runs\models_9x9_scratch\best.pt,p2_win,0.0,84
4980,runs\models_9x9_scratch\checkpoints\cycle_0061.pt,runs\models_9x9_scratch\best.pt,runs\models_9x9_scratch\checkpoints\cycle_0061.pt,runs\models_9x9_scratch\best.pt,p1_win,1.0,85
4981,runs\models_9x9_scratch\checkpoints\cycle_0061.pt,runs\models_9x9_scratch\best.pt,runs\models_9x9_scratch\best.pt,runs\models_9x9_scratch\checkpoints\cycle_0061.pt,p1_win,0.0,79
4982,runs\models_9x9_scratch\checkpoints\cycle_0061.pt,runs\models_9x9_scratch\best.pt,runs\models_9x9_scratch\best.pt,runs\models_9x9_scratch\checkpoints\cycle_0061.pt,p1_win,0.0,77
4983,runs\models_9x9_scratch\checkpoints\cycle_0061.pt,runs\models_9x9_scratch\best.pt,runs\models_9x9_scratch\checkpoints\cycle_0061.pt,runs\models_9x9_scratch\best.pt,p2_win,0.0,80
4984,runs\models_9x9_scratch\checkpoints\cycle_0061.pt,runs\models_9x9_scratch\best.pt,runs\models_9x9_scratch\checkpoints\cycle_0061.pt,runs\models_9x9_scratch\best.pt,p2_win,0.0,82
4985,runs\models_9x9_scratch\checkpoints\cycle_0061.pt,runs\models_9x9_scratch\best.pt,runs\models_9x9_scratch\best.pt,runs\models_9x9_scratch\checkpoints\cycle_0061.pt,p1_win,0.0,81
4986,runs\models_9x9_scratch\checkpoints\cycle_0061.pt,runs\models_9x9_scratch\best.pt,runs\models_9x9_scratch\best.pt,runs\models_9x9_scratch\checkpoints\cycle_0061.pt,p1_win,0.0,85
4987,runs\models_9x9_scratch\checkpoints\cycle_0061.pt,runs\models_9x9_scratch\best.pt,runs\models_9x9_scratch\checkpoints\cycle_0061.pt,runs\models_9x9_scratch\best.pt,p2_win,0.0,80
4988,runs\models_9x9_scratch\checkpoints\cycle_0061.pt,runs\models_9x9_scratch\best.pt,runs\models_9x9_scratch\checkpoints\cycle_0061.pt,runs\models_9x9_scratch\best.pt,p2_win,0.0,82
4989,runs\models_9x9_scratch\checkpoints\cycle_0061.pt,runs\models_9x9_scratch\best.pt,runs\models_9x9_scratch\checkpoints\cycle_0061.pt,runs\models_9x9_scratch\best.pt,p2_win,0.0,84
4990,runs\models_9x9_scratch\checkpoints\cycle_0061.pt,runs\models_9x9_scratch\best.pt,runs\models_9x9_scratch\checkpoints\cycle_0061.pt,runs\models_9x9_scratch\best.pt,p2_win,0.0,84
4991,runs\models_9x9_scratch\checkpoints\cycle_0061.pt,runs\models_9x9_scratch\best.pt,runs\models_9x9_scratch\checkpoints\cycle_0061.pt,runs\models_9x9_scratch\best.pt,p2_win,0.0,84
4992,runs\models_9x9_scratch\checkpoints\cycle_0061.pt,runs\models_9x9_scratch\best.pt,runs\models_9x9_scratch\checkpoints\cycle_0061.pt,runs\models_9x9_scratch\best.pt,p2_win,0.0,92
4993,runs\models_9x9_scratch\checkpoints\cycle_0061.pt,runs\models_9x9_scratch\best.pt,runs\models_9x9_scratch\checkpoints\cycle_0061.pt,runs\models_9x9_scratch\best.pt,p2_win,0.0,88
4994,runs\models_9x9_scratch\checkpoints\cycle_0061.pt,runs\models_9x9_scratch\best.pt,runs\models_9x9_scratch\checkpoints\cycle_0061.pt,runs\models_9x9_scratch\best.pt,p1_win,1.0,89
4995,runs\models_9x9_scratch\checkpoints\cycle_0061.pt,runs\models_9x9_scratch\best.pt,runs\models_9x9_scratch\checkpoints\cycle_0061.pt,runs\models_9x9_scratch\best.pt,p2_win,0.0,90
4996,runs\models_9x9_scratch\checkpoints\cycle_0061.pt,runs\models_9x9_scratch\best.pt,runs\models_9x9_scratch\checkpoints\cycle_0061.pt,runs\models_9x9_scratch\best.pt,p2_win,0.0,96
4997,runs\models_9x9_scratch\checkpoints\cycle_0061.pt,runs\models_9x9_scratch\best.pt,runs\models_9x9_scratch\checkpoints\cycle_0061.pt,runs\models_9x9_scratch\best.pt,p2_win,0.0,88
4998,runs\models_9x9_scratch\checkpoints\cycle_0061.pt,runs\models_9x9_scratch\best.pt,runs\models_9x9_scratch\best.pt,runs\models_9x9_scratch\checkpoints\cycle_0061.pt,p1_win,0.0,99
4999,runs\models_9x9_scratch\checkpoints\cycle_0061.pt,runs\models_9x9_scratch\best.pt,runs\models_9x9_scratch\checkpoints\cycle_0061.pt,runs\models_9x9_scratch\best.pt,p2_win,0.0,100
5000,runs\models_9x9_scratch\checkpoints\cycle_0061.pt,runs\models_9x9_scratch\best.pt,runs\models_9x9_scratch\checkpoints\cycle_0061.pt,runs\models_9x9_scratch\best.pt,draw,0.5,100
