game,agent_a,agent_b,player1,player2,result,score_for_a,plies
1,runs\models_9x9\best.pt,runs\models_9x9_heads\best.pt,runs\models_9x9\best.pt,runs\models_9x9_heads\best.pt,p2_win,0.0,16
2,runs\models_9x9\best.pt,runs\models_9x9_heads\best.pt,runs\models_9x9_heads\best.pt,runs\models_9x9\best.pt,p2_win,1.0,46
3,runs\models_9x9\best.pt,runs\models_9x9_heads\best.pt,runs\models_9x9_heads\best.pt,runs\models_9x9\best.pt,p1_win,0.0,35
4,runs\models_9x9\best.pt,runs\models_9x9_heads\best.pt,runs\models_9x9\best.pt,runs\models_9x9_heads\best.pt,p1_win,1.0,33
5,runs\models_9x9\best.pt,runs\models_9x9_heads\best.pt,runs\models_9x9_heads\best.pt,runs\models_9x9\best.pt,p1_win,0.0,43
6,runs\models_9x9\best.pt,runs\models_9x9_heads\best.pt,runs\models_9x9\best.pt,runs\models_9x9_heads\best.pt,p1_win,1.0,35
7,runs\models_9x9\best.pt,runs\models_9x9_heads\best.pt,runs\models_9x9\best.pt,runs\models_9x9_heads\best.pt,p2_win,0.0,38
8,runs\models_9x9\best.pt,runs\models_9x9_heads\best.pt,runs\models_9x9\best.pt,runs\models_9x9_heads\best.pt,p1_win,1.0,35
9,runs\models_9x9\best.pt,runs\models_9x9_heads\best.pt,runs\models_9x9_heads\best.pt,runs\models_9x9\best.pt,p1_win,0.0,43
10,runs\models_9x9\best.pt,runs\models_9x9_heads\best.pt,runs\models_9x9\best.pt,runs\models_9x9_heads\best.pt,p2_win,0.0,42
11,runs\models_9x9\best.pt,runs\models_9x9_heads\best.pt,runs\models_9x9_heads\best.pt,runs\models_9x9\best.pt,p1_win,0.0,49
12,runs\models_9x9\best.pt,runs\models_9x9_heads\best.pt,runs\models_9x9\best.pt,runs\models_9x9_heads\best.pt,p1_win,1.0,37
13,runs\models_9x9\best.pt,runs\models_9x9_heads\best.pt,runs\models_9x9_heads\best.pt,runs\models_9x9\best.pt,p1_win,0.0,37
14,runs\models_9x9\best.pt,runs\models_9x9_heads\best.pt,runs\models_9x9\best.pt,runs\models_9x9_heads\best.pt,p1_win,1.0,39
15,runs\models_9x9\best.pt,runs\models_9x9_heads\best.pt,runs\models_9x9_heads\best.pt,runs\models_9x9\best.pt,p2_win,1.0,56
16,runs\models_9x9\best.pt,runs\models_9x9_heads\best.pt,runs\models_9x9_heads\best.pt,runs\models_9x9\best.pt,p1_win,0.0,39
17,runs\models_9x9\best.pt,runs\models_9x9_heads\best.pt,runs\models_9x9_heads\best.pt,runs\models_9x9\best.pt,p2_win,1.0,36
18,runs\models_9x9\best.pt,runs\models_9x9_heads\best.pt,runs\models_9x9\best.pt,runs\models_9x9_heads\best.pt,p1_win,1.0,37
19,runs\models_9x9\best.pt,runs\models_9x9_heads\best.pt,runs\models_9x9_heads\best.pt,runs\models_9x9\best.pt,p1_win,0.0,39
20,runs\models_9x9\best.pt,runs\models_9x9_heads\best.pt,runs\models_9x9\best.pt,runs\models_9x9_heads\best.pt,p2_win,0.0,48
21,runs\models_9x9\best.pt,runs\models_9x9_heads\best.pt,runs\models_9x9\best.pt,runs\models_9x9_heads\best.pt,p1_win,1.0,43
22,runs\models_9x9\best.pt,runs\models_9x9_heads\best.pt,runs\models_9x9\best.pt,runs\models_9x9_heads\best.pt,p1_win,1.0,41
23,runs\models_9x9\best.pt,runs\models_9x9_heads\best.pt,runs\models_9x9\best.pt,runs\models_9x9_heads\best.pt,p2_win,0.0,38
24,runs\models_9x9\best.pt,runs\models_9x9_heads\best.pt,runs\models_9x9\best.pt,runs\models_9x9_heads\best.pt,p2_win,0.0,42
25,runs\models_9x9\best.pt,runs\models_9x9_heads\best.pt,runs\models_9x9\best.pt,runs\models_9x9_heads\best.pt,p2_win,0.0,40
26,runs\models_9x9\best.pt,runs\models_9x9_heads\best.pt,runs\models_9x9\best.pt,runs\models_9x9_heads\best.pt,p2_win,0.0,42
27,runs\models_9x9\best.pt,runs\models_9x9_heads\best.pt,runs\models_9x9_heads\best.pt,runs\models_9x9\best.pt,p2_win,1.0,52
28,runs\models_9x9\best.pt,runs\models_9x9_heads\best.pt,runs\models_9x9_heads\best.pt,runs\models_9x9\best.pt,p2_win,1.0,52
29,runs\models_9x9\best.pt,runs\models_9x9_heads\best.pt,runs\models_9x9_heads\best.pt,runs\models_9x9\best.pt,p1_win,0.0,41
30,runs\models_9x9\best.pt,runs\models_9x9_heads\best.pt,runs\models_9x9_heads\best.pt,runs\models_9x9\best.pt,p1_win,0.0,41
31,runs\models_9x9\best.pt,runs\models_9x9_heads\best.pt,runs\models_9x9_heads\best.pt,runs\models_9x9\best.pt,p1_win,0.0,53
32,runs\models_9x9\best.pt,runs\models_9x9_heads\best.pt,runs\models_9x9\best.pt,runs\models_9x9_heads\best.pt,p2_win,0.0,42
33,runs\models_9x9\best.pt,runs\models_9x9_heads\best.pt,runs\models_9x9\best.pt,runs\models_9x9_heads\best.pt,p2_win,0.0,46
34,runs\models_9x9\best.pt,runs\models_9x9_heads\best.pt,runs\models_9x9\best.pt,runs\models_9x9_heads\best.pt,p2_win,0.0,46
35,runs\models_9x9\best.pt,runs\models_9x9_heads\best.pt,runs\models_9x9_heads\best.pt,runs\models_9x9\best.pt,p1_win,0.0,39
36,runs\models_9x9\best.pt,runs\models_9x9_heads\best.pt,runs\models_9x9_heads\best.pt,runs\models_9x9\best.pt,p2_win,1.0,52
37,runs\models_9x9\best.pt,runs\models_9x9_heads\best.pt,runs\models_9x9_heads\best.pt,runs\models_9x9\best.pt,p1_win,0.0,41
38,runs\models_9x9\best.pt,runs\models_9x9_heads\best.pt,runs\models_9x9\best.pt,runs\models_9x9_heads\best.pt,p1_win,1.0,41
39,runs\models_9x9\best.pt,runs\models_9x9_heads\best.pt,runs\models_9x9_heads\best.pt,runs\models_9x9\best.pt,p1_win,0.0,49
40,runs\models_9x9\best.pt,runs\models_9x9_heads\best.pt,runs\models_9x9_heads\best.pt,runs\models_9x9\best.pt,p1_win,0.0,43
41,runs\models_9x9\best.pt,runs\models_9x9_heads\best.pt,runs\models_9x9\best.pt,runs\models_9x9_heads\best.pt,p2_win,0.0,52
42,runs\models_9x9\best.pt,runs\models_9x9_heads\best.pt,runs\models_9x9\best.pt,runs\models_9x9_heads\best.pt,p1_win,1.0,45
43,runs\models_9x9\best.pt,runs\models_9x9_heads\best.pt,runs\models_9x9_heads\best.pt,runs\models_9x9\best.pt,p1_win,0.0,41
44,runs\models_9x9\best.pt,runs\models_9x9_heads\best.pt,runs\models_9x9_heads\best.pt,runs\models_9x9\best.pt,p1_win,0.0,41
45,runs\models_9x9\best.pt,runs\models_9x9_heads\best.pt,runs\models_9x9\best.pt,runs\models_9x9_heads\best.pt,p2_win,0.0,46
46,runs\models_9x9\best.pt,runs\models_9x9_heads\best.pt,runs\models_9x9_heads\best.pt,runs\models_9x9\best.pt,p1_win,0.0,43
47,runs\models_9x9\best.pt,runs\models_9x9_heads\best.pt,runs\models_9x9\best.pt,runs\models_9x9_heads\best.pt,p1_win,1.0,41
48,runs\models_9x9\best.pt,runs\models_9x9_heads\best.pt,runs\models_9x9_heads\best.pt,runs\models_9x9\best.pt,p2_win,1.0,44
49,runs\models_9x9\best.pt,runs\models_9x9_heads\best.pt,runs\models_9x9_heads\best.pt,runs\models_9x9\best.pt,p1_win,0.0,45
50,runs\models_9x9\best.pt,runs\models_9x9_heads\best.pt,runs\models_9x9_heads\best.pt,runs\models_9x9\best.pt,p1_win,0.0,51
51,runs\models_9x9\best.pt,runs\models_9x9_heads\best.pt,runs\models_9x9_heads\best.pt,runs\models_9x9\best.pt,p2_win,1.0,40
52,runs\models_9x9\best.pt,runs\models_9x9_heads\best.pt,runs\models_9x9\best.pt,runs\models_9x9_heads\best.pt,p2_win,0.0,60
53,runs\models_9x9\best.pt,runs\models_9x9_heads\best.pt,runs\models_9x9_heads\best.pt,runs\models_9x9\best.pt,p1_win,0.0,43
54,runs\models_9x9\best.pt,runs\models_9x9_heads\best.pt,runs\models_9x9_heads\best.pt,runs\models_9x9\best.pt,p2_win,1.0,56
55,runs\models_9x9\best.pt,runs\models_9x9_heads\best.pt,runs\models_9x9\best.pt,runs\models_9x9_heads\best.pt,p2_win,0.0,48
56,runs\models_9x9\best.pt,runs\models_9x9_heads\best.pt,runs\models_9x9_heads\best.pt,runs\models_9x9\best.pt,p2_win,1.0,48
57,runs\models_9x9\best.pt,runs\models_9x9_heads\best.pt,runs\models_9x9_heads\best.pt,runs\models_9x9\best.pt,p2_win,1.0,50
58,runs\models_9x9\best.pt,runs\models_9x9_heads\best.pt,runs\models_9x9_heads\best.pt,runs\models_9x9\best.pt,p1_win,0.0,47
59,runs\models_9x9\best.pt,runs\models_9x9_heads\best.pt,runs\models_9x9\best.pt,runs\models_9x9_heads\best.pt,p2_win,0.0,50
60,runs\models_9x9\best.pt,runs\models_9x9_heads\best.pt,runs\models_9x9\best.pt,runs\models_9x9_heads\best.pt,p2_win,0.0,50
61,runs\models_9x9\best.pt,runs\models_9x9_heads\best.pt,runs\models_9x9_heads\best.pt,runs\models_9x9\best.pt,p1_win,0.0,43
62,runs\models_9x9\best.pt,runs\models_9x9_heads\best.pt,runs\models_9x9_heads\best.pt,runs\models_9x9\best.pt,p1_win,0.0,41
63,runs\models_9x9\best.pt,runs\models_9x9_heads\best.pt,runs\models_9x9\best.pt,runs\models_9x9_heads\best.pt,p2_win,0.0,52
64,runs\models_9x9\best.pt,runs\models_9x9_heads\best.pt,runs\models_9x9\best.pt,runs\models_9x9_heads\best.pt,p2_win,0.0,50
65,runs\models_9x9\best.pt,runs\models_9x9_heads\best.pt,runs\models_9x9_heads\best.pt,runs\models_9x9\best.pt,p1_win,0.0,41
66,runs\models_9x9\best.pt,runs\models_9x9_heads\best.pt,runs\models_9x9\best.pt,runs\models_9x9_heads\best.pt,p1_win,1.0,41
67,runs\models_9x9\best.pt,runs\models_9x9_heads\best.pt,runs\models_9x9_heads\best.pt,runs\models_9x9\best.pt,p2_win,1.0,52
68,runs\models_9x9\best.pt,runs\models_9x9_heads\best.pt,runs\models_9x9\best.pt,runs\models_9x9_heads\best.pt,p1_win,1.0,41
69,runs\models_9x9\best.pt,runs\models_9x9_heads\best.pt,runs\models_9x9\best.pt,runs\models_9x9_heads\best.pt,p1_win,1.0,41
70,runs\models_9x9\best.pt,runs\models_9x9_heads\best.pt,runs\models_9x9\best.pt,runs\models_9x9_heads\best.pt,p2_win,0.0,56
71,runs\models_9x9\best.pt,runs\models_9x9_heads\best.pt,runs\models_9x9\best.pt,runs\models_9x9_heads\best.pt,p1_win,1.0,41
72,runs\models_9x9\best.pt,runs\models_9x9_heads\best.pt,runs\models_9x9_heads\best.pt,runs\models_9x9\best.pt,p1_win,0.0,43
73,runs\models_9x9\best.pt,runs\models_9x9_heads\best.pt,runs\models_9x9\best.pt,runs\models_9x9_heads\best.pt,p1_win,1.0,51
74,runs\models_9x9\best.pt,runs\models_9x9_heads\best.pt,runs\models_9x9\best.pt,runs\models_9x9_heads\best.pt,p1_win,1.0,45
75,runs\models_9x9\best.pt,runs\models_9x9_heads\best.pt,runs\models_9x9\best.pt,runs\models_9x9_heads\best.pt,p2_win,0.0,60
76,runs\models_9x9\best.pt,runs\models_9x9_heads\best.pt,runs\models_9x9\best.pt,runs\models_9x9_heads\best.pt,p2_win,0.0,52
77,runs\models_9x9\best.pt,runs\models_9x9_heads\best.pt,runs\models_9x9_heads\best.pt,runs\models_9x9\best.pt,p1_win,0.0,47
78,runs\models_9x9\best.pt,runs\models_9x9_heads\best.pt,runs\models_9x9\best.pt,runs\models_9x9_heads\best.pt,p2_win,0.0,44
79,runs\models_9x9\best.pt,runs\models_9x9_heads\best.pt,runs\models_9x9\best.pt,runs\models_9x9_heads\best.pt,p2_win,0.0,52
80,runs\models_9x9\best.pt,runs\models_9x9_heads\best.pt,runs\models_9x9_heads\best.pt,runs\models_9x9\best.pt,p1_win,0.0,59
81,runs\models_9x9\best.pt,runs\models_9x9_heads\best.pt,runs\models_9x9\best.pt,runs\models_9x9_heads\best.pt,p1_win,1.0,57
82,runs\models_9x9\best.pt,runs\models_9x9_heads\best.pt,runs\models_9x9_heads\best.pt,runs\models_9x9\best.pt,p1_win,0.0,53
83,runs\models_9x9\best.pt,runs\models_9x9_heads\best.pt,runs\models_9x9\best.pt,runs\models_9x9_heads\best.pt,p1_win,1.0,45
84,runs\models_9x9\best.pt,runs\models_9x9_heads\best.pt,runs\models_9x9_heads\best.pt,runs\models_9x9\best.pt,p2_win,1.0,50
85,runs\models_9x9\best.pt,runs\models_9x9_heads\best.pt,runs\models_9x9\best.pt,runs\models_9x9_heads\best.pt,p2_win,0.0,46
86,runs\models_9x9\best.pt,runs\models_9x9_heads\best.pt,runs\models_9x9\best.pt,runs\models_9x9_heads\best.pt,p1_win,1.0,43
87,runs\models_9x9\best.pt,runs\models_9x9_heads\best.pt,runs\models_9x9_heads\best.pt,runs\models_9x9\best.pt,p1_win,0.0,45
88,runs\models_9x9\best.pt,runs\models_9x9_heads\best.pt,runs\models_9x9_heads\best.pt,runs\models_9x9\best.pt,p2_win,1.0,42
89,runs\models_9x9\best.pt,runs\models_9x9_heads\best.pt,runs\models_9x9\best.pt,runs\models_9x9_heads\best.pt,p1_win,1.0,49
90,runs\models_9x9\best.pt,runs\models_9x9_heads\best.pt,runs\models_9x9_heads\best.pt,runs\models_9x9\best.pt,p1_win,0.0,51
91,runs\models_9x9\best.pt,runs\models_9x9_heads\best.pt,runs\models_9x9_heads\best.pt,runs\models_9x9\best.pt,p1_win,0.0,47
92,runs\models_9x9\best.pt,runs\models_9x9_heads\best.pt,runs\models_9x9\best.pt,runs\models_9x9_heads\best.pt,p2_win,0.0,42
93,runs\models_9x9\best.pt,runs\models_9x9_heads\best.pt,runs\models_9x9\best.pt,runs\models_9x9_heads\best.pt,p2_win,0.0,54
94,runs\models_9x9\best.pt,runs\models_9x9_heads\best.pt,runs\models_9x9_heads\best.pt,runs\models_9x9\best.pt,p1_win,0.0,47
95,runs\models_9x9\best.pt,runs\models_9x9_heads\best.pt,runs\models_9x9\best.pt,runs\models_9x9_heads\best.pt,p1_win,1.0,45
96,runs\models_9x9\best.pt,runs\models_9x9_heads\best.pt,runs\models_9x9\best.pt,runs\models_9x9_heads\best.pt,p2_win,0.0,48
97,runs\models_9x9\best.pt,runs\models_9x9_heads\best.pt,runs\models_9x9\best.pt,runs\models_9x9_heads\best.pt,p2_win,0.0,48
98,runs\models_9x9\best.pt,runs\models_9x9_heads\best.pt,runs\models_9x9_heads\best.pt,runs\models_9x9\best.pt,p1_win,0.0,63
99,runs\models_9x9\best.pt,runs\models_9x9_heads\best.pt,runs\models_9x9_heads\best.pt,runs\models_9x9\best.pt,p1_win,0.0,43
100,runs\models_9x9\best.pt,runs\models_9x9_heads\best.pt,runs\models_9x9_heads\best.pt,runs\models_9x9\best.pt,p1_win,0.0,45
101,runs\models_9x9\best.pt,runs\models_9x9_heads\best.pt,runs\models_9x9_heads\best.pt,runs\models_9x9\best.pt,p1_win,0.0,47
102,runs\models_9x9\best.pt,runs\models_9x9_heads\best.pt,runs\models_9x9\best.pt,runs\models_9x9_heads\best.pt,p2_win,0.0,52
103,runs\models_9x9\best.pt,runs\models_9x9_heads\best.pt,runs\models_9x9\best.pt,runs\models_9x9_heads\best.pt,p2_win,0.0,46
104,runs\models_9x9\best.pt,runs\models_9x9_heads\best.pt,runs\models_9x9\best.pt,runs\models_9x9_heads\best.pt,p1_win,1.0,49
105,runs\models_9x9\best.pt,runs\models_9x9_heads\best.pt,runs\models_9x9\best.pt,runs\models_9x9_heads\best.pt,p2_win,0.0,58
106,runs\models_9x9\best.pt,runs\models_9x9_heads\best.pt,runs\models_9x9_heads\best.pt,runs\models_9x9\best.pt,p2_win,1.0,54
107,runs\models_9x9\best.pt,runs\models_9x9_heads\best.pt,runs\models_9x9\best.pt,runs\models_9x9_heads\best.pt,p2_win,0.0,44
108,runs\models_9x9\best.pt,runs\models_9x9_heads\best.pt,runs\models_9x9\best.pt,runs\models_9x9_heads\best.pt,p2_win,0.0,42
109,runs\models_9x9\best.pt,runs\models_9x9_heads\best.pt,runs\models_9x9_heads\best.pt,runs\models_9x9\best.pt,p2_win,1.0,54
110,runs\models_9x9\best.pt,runs\models_9x9_heads\best.pt,runs\models_9x9_heads\best.pt,runs\models_9x9\best.pt,p1_win,0.0,49
111,runs\models_9x9\best.pt,runs\models_9x9_heads\best.pt,runs\models_9x9\best.pt,runs\models_9x9_heads\best.pt,p2_win,0.0,50
112,runs\models_9x9\best.pt,runs\models_9x9_heads\best.pt,runs\models_9x9_heads\best.pt,runs\models_9x9\best.pt,p2_win,1.0,68
113,runs\models_9x9\best.pt,runs\models_9x9_heads\best.pt,runs\models_9x9\best.pt,runs\models_9x9_heads\best.pt,p2_win,0.0,56
114,runs\models_9x9\best.pt,runs\models_9x9_heads\best.pt,runs\models_9x9_heads\best.pt,runs\models_9x9\best.pt,p1_win,0.0,47
115,runs\models_9x9\best.pt,runs\models_9x9_heads\best.pt,runs\models_9x9_heads\best.pt,runs\models_9x9\best.pt,p1_win,0.0,45
116,runs\models_9x9\best.pt,runs\models_9x9_heads\best.pt,runs\models_9x9_heads\best.pt,runs\models_9x9\best.pt,p2_win,1.0,48
117,runs\models_9x9\best.pt,runs\models_9x9_heads\best.pt,runs\models_9x9\best.pt,runs\models_9x9_heads\best.pt,p1_win,1.0,45
118,runs\models_9x9\best.pt,runs\models_9x9_heads\best.pt,runs\models_9x9_heads\best.pt,runs\models_9x9\best.pt,p2_win,1.0,48
119,runs\models_9x9\best.pt,runs\models_9x9_heads\best.pt,runs\models_9x9_heads\best.pt,runs\models_9x9\best.pt,p1_win,0.0,45
120,runs\models_9x9\best.pt,runs\models_9x9_heads\best.pt,runs\models_9x9\best.pt,runs\models_9x9_heads\best.pt,p1_win,1.0,57
121,runs\models_9x9\best.pt,runs\models_9x9_heads\best.pt,runs\models_9x9_heads\best.pt,runs\models_9x9\best.pt,p1_win,0.0,45
122,runs\models_9x9\best.pt,runs\models_9x9_heads\best.pt,runs\models_9x9\best.pt,runs\models_9x9_heads\best.pt,p1_win,1.0,49
123,runs\models_9x9\best.pt,runs\models_9x9_heads\best.pt,runs\models_9x9\best.pt,runs\models_9x9_heads\best.pt,p1_win,1.0,43
124,runs\models_9x9\best.pt,runs\models_9x9_heads\best.pt,runs\models_9x9\best.pt,runs\models_9x9_heads\best.pt,p2_win,0.0,52
125,runs\models_9x9\best.pt,runs\models_9x9_heads\best.pt,runs\models_9x9\best.pt,runs\models_9x9_heads\best.pt,p2_win,0.0,48
126,runs\models_9x9\best.pt,runs\models_9x9_heads\best.pt,runs\models_9x9_heads\best.pt,runs\models_9x9\best.pt,p1_win,0.0,49
127,runs\models_9x9\best.pt,runs\models_9x9_heads\best.pt,runs\models_9x9_heads\best.pt,runs\models_9x9\best.pt,p1_win,0.0,51
128,runs\models_9x9\best.pt,runs\models_9x9_heads\best.pt,runs\models_9x9\best.pt,runs\models_9x9_heads\best.pt,p2_win,0.0,50
129,runs\models_9x9\best.pt,runs\models_9x9_heads\best.pt,runs\models_9x9_heads\best.pt,runs\models_9x9\best.pt,p1_win,0.0,51
130,runs\models_9x9\best.pt,runs\models_9x9_heads\best.pt,runs\models_9x9_heads\best.pt,runs\models_9x9\best.pt,p1_win,0.0,53
131,runs\models_9x9\best.pt,runs\models_9x9_heads\best.pt,runs\models_9x9_heads\best.pt,runs\models_9x9\best.pt,p1_win,0.0,45
132,runs\models_9x9\best.pt,runs\models_9x9_heads\best.pt,runs\models_9x9_heads\best.pt,runs\models_9x9\best.pt,p1_win,0.0,61
133,runs\models_9x9\best.pt,runs\models_9x9_heads\best.pt,runs\models_9x9\best.pt,runs\models_9x9_heads\best.pt,p1_win,1.0,51
134,runs\models_9x9\best.pt,runs\models_9x9_heads\best.pt,runs\models_9x9\best.pt,runs\models_9x9_heads\best.pt,p2_win,0.0,50
135,runs\models_9x9\best.pt,runs\models_9x9_heads\best.pt,runs\models_9x9_heads\best.pt,runs\models_9x9\best.pt,p1_win,0.0,47
136,runs\models_9x9\best.pt,runs\models_9x9_heads\best.pt,runs\models_9x9_heads\best.pt,runs\models_9x9\best.pt,p1_win,0.0,47
137,runs\models_9x9\best.pt,runs\models_9x9_heads\best.pt,runs\models_9x9_heads\best.pt,runs\models_9x9\best.pt,p2_win,1.0,52
138,runs\models_9x9\best.pt,runs\models_9x9_heads\best.pt,runs\models_9x9_heads\best.pt,runs\models_9x9\best.pt,p1_win,0.0,55
139,runs\models_9x9\best.pt,runs\models_9x9_heads\best.pt,runs\models_9x9_heads\best.pt,runs\models_9x9\best.pt,p1_win,0.0,55
140,runs\models_9x9\best.pt,runs\models_9x9_heads\best.pt,runs\models_9x9\best.pt,runs\models_9x9_heads\best.pt,p1_win,1.0,49
141,runs\models_9x9\best.pt,runs\models_9x9_heads\best.pt,runs\models_9x9_heads\best.pt,runs\models_9x9\best.pt,p1_win,0.0,47
142,runs\models_9x9\best.pt,runs\models_9x9_heads\best.pt,runs\models_9x9\best.pt,runs\models_9x9_heads\best.pt,p1_win,1.0,49
143,runs\models_9x9\best.pt,runs\models_9x9_heads\best.pt,runs\models_9x9\best.pt,runs\models_9x9_heads\best.pt,p1_win,1.0,49
144,runs\models_9x9\best.pt,runs\models_9x9_heads\best.pt,runs\models_9x9\best.pt,runs\models_9x9_heads\best.pt,p2_win,0.0,46
145,runs\models_9x9\best.pt,runs\models_9x9_heads\best.pt,runs\models_9x9\best.pt,runs\models_9x9_heads\best.pt,p1_win,1.0,49
146,runs\models_9x9\best.pt,runs\models_9x9_heads\best.pt,runs\models_9x9_heads\best.pt,runs\models_9x9\best.pt,p1_win,0.0,47
147,runs\models_9x9\best.pt,runs\models_9x9_heads\best.pt,runs\models_9x9_heads\best.pt,runs\models_9x9\best.pt,p1_win,0.0,47
148,runs\models_9x9\best.pt,runs\models_9x9_heads\best.pt,runs\models_9x9\best.pt,runs\models_9x9_heads\best.pt,p2_win,0.0,60
149,runs\models_9x9\best.pt,runs\models_9x9_heads\best.pt,runs\models_9x9_heads\best.pt,runs\models_9x9\best.pt,p1_win,0.0,47
150,runs\models_9x9\best.pt,runs\models_9x9_heads\best.pt,runs\models_9x9\best.pt,runs\models_9x9_heads\best.pt,p1_win,1.0,47
151,runs\models_9x9\best.pt,runs\models_9x9_heads\best.pt,runs\models_9x9\best.pt,runs\models_9x9_heads\best.pt,p2_win,0.0,52
152,runs\models_9x9\best.pt,runs\models_9x9_heads\best.pt,runs\models_9x9_heads\best.pt,runs\models_9x9\best.pt,p2_win,1.0,52
153,runs\models_9x9\best.pt,runs\models_9x9_heads\best.pt,runs\models_9x9\best.pt,runs\models_9x9_heads\best.pt,p2_win,0.0,50
154,runs\models_9x9\best.pt,runs\models_9x9_heads\best.pt,runs\models_9x9\best.pt,runs\models_9x9_heads\best.pt,p1_win,1.0,55
155,runs\models_9x9\best.pt,runs\models_9x9_heads\best.pt,runs\models_9x9\best.pt,runs\models_9x9_heads\best.pt,p1_win,1.0,49
156,runs\models_9x9\best.pt,runs\models_9x9_heads\best.pt,runs\models_9x9_heads\best.pt,runs\models_9x9\best.pt,p2_win,1.0,46
157,runs\models_9x9\best.pt,runs\models_9x9_heads\best.pt,runs\models_9x9\best.pt,runs\models_9x9_heads\best.pt,p2_win,0.0,48
158,runs\models_9x9\best.pt,runs\models_9x9_heads\best.pt,runs\models_9x9\best.pt,runs\models_9x9_heads\best.pt,p1_win,1.0,49
159,runs\models_9x9\best.pt,runs\models_9x9_heads\best.pt,runs\models_9x9_heads\best.pt,runs\models_9x9\best.pt,p1_win,0.0,49
160,runs\models_9x9\best.pt,runs\models_9x9_heads\best.pt,runs\models_9x9\best.pt,runs\models_9x9_heads\best.pt,p2_win,0.0,48
161,runs\models_9x9\best.pt,runs\models_9x9_heads\best.pt,runs\models_9x9_heads\best.pt,runs\models_9x9\best.pt,p1_win,0.0,47
162,runs\models_9x9\best.pt,runs\models_9x9_heads\best.pt,runs\models_9x9_heads\best.pt,runs\models_9x9\best.pt,p1_win,0.0,45
163,runs\models_9x9\best.pt,runs\models_9x9_heads\best.pt,runs\models_9x9\best.pt,runs\models_9x9_heads\best.pt,p1_win,1.0,53
164,runs\models_9x9\best.pt,runs\models_9x9_heads\best.pt,runs\models_9x9\best.pt,runs\models_9x9_heads\best.pt,p2_win,0.0,58
165,runs\models_9x9\best.pt,runs\models_9x9_heads\best.pt,runs\models_9x9\best.pt,runs\models_9x9_heads\best.pt,p2_win,0.0,48
166,runs\models_9x9\best.pt,runs\models_9x9_heads\best.pt,runs\models_9x9_heads\best.pt,runs\models_9x9\best.pt,p1_win,0.0,55
167,runs\models_9x9\best.pt,runs\models_9x9_heads\best.pt,runs\models_9x9\best.pt,runs\models_9x9_heads\best.pt,p1_win,1.0,55
168,runs\models_9x9\best.pt,runs\models_9x9_heads\best.pt,runs\models_9x9\best.pt,runs\models_9x9_heads\best.pt,p1_win,1.0,59
169,runs\models_9x9\best.pt,runs\models_9x9_heads\best.pt,runs\models_9x9_heads\best.pt,runs\models_9x9\best.pt,p1_win,0.0,55
170,runs\models_9x9\best.pt,runs\models_9x9_heads\best.pt,runs\models_9x9_heads\best.pt,runs\models_9x9\best.pt,p1_win,0.0,47
171,runs\models_9x9\best.pt,runs\models_9x9_heads\best.pt,runs\models_9x9_heads\best.pt,runs\models_9x9\best.pt,p1_win,0.0,49
172,runs\models_9x9\best.pt,runs\models_9x9_heads\best.pt,runs\models_9x9\best.pt,runs\models_9x9_heads\best.pt,p1_win,1.0,53
173,runs\models_9x9\best.pt,runs\models_9x9_heads\best.pt,runs\models_9x9\best.pt,runs\models_9x9_heads\best.pt,p1_win,1.0,51
174,runs\models_9x9\best.pt,runs\models_9x9_heads\best.pt,runs\models_9x9\best.pt,runs\models_9x9_heads\best.pt,p1_win,1.0,53
175,runs\models_9x9\best.pt,runs\models_9x9_heads\best.pt,runs\models_9x9\best.pt,runs\models_9x9_heads\best.pt,p2_win,0.0,52
176,runs\models_9x9\best.pt,runs\models_9x9_heads\best.pt,runs\models_9x9\best.pt,runs\models_9x9_heads\best.pt,p2_win,0.0,54
177,runs\models_9x9\best.pt,runs\models_9x9_heads\best.pt,runs\models_9x9_heads\best.pt,runs\models_9x9\best.pt,p1_win,0.0,59
178,runs\models_9x9\best.pt,runs\models_9x9_heads\best.pt,runs\models_9x9_heads\best.pt,runs\models_9x9\best.pt,p1_win,0.0,49
179,runs\models_9x9\best.pt,runs\models_9x9_heads\best.pt,runs\models_9x9_heads\best.pt,runs\models_9x9\best.pt,p1_win,0.0,55
180,runs\models_9x9\best.pt,runs\models_9x9_heads\best.pt,runs\models_9x9_heads\best.pt,runs\models_9x9\best.pt,p1_win,0.0,55
181,runs\models_9x9\best.pt,runs\models_9x9_heads\best.pt,runs\models_9x9\best.pt,runs\models_9x9_heads\best.pt,p1_win,1.0,55
182,runs\models_9x9\best.pt,runs\models_9x9_heads\best.pt,runs\models_9x9_heads\best.pt,runs\models_9x9\best.pt,p1_win,0.0,51
183,runs\models_9x9\best.pt,runs\models_9x9_heads\best.pt,runs\models_9x9_heads\best.pt,runs\models_9x9\best.pt,p1_win,0.0,51
184,runs\models_9x9\best.pt,runs\models_9x9_heads\best.pt,runs\models_9x9\best.pt,runs\models_9x9_heads\best.pt,p1_win,1.0,53
185,runs\models_9x9\best.pt,runs\models_9x9_heads\best.pt,runs\models_9x9_heads\best.pt,runs\models_9x9\best.pt,p1_win,0.0,47
186,runs\models_9x9\best.pt,runs\models_9x9_heads\best.pt,runs\models_9x9_heads\best.pt,runs\models_9x9\best.pt,p1_win,0.0,53
187,runs\models_9x9\best.pt,runs\models_9x9_heads\best.pt,runs\models_9x9_heads\best.pt,runs\models_9x9\best.pt,p2_win,1.0,54
188,runs\models_9x9\best.pt,runs\models_9x9_heads\best.pt,runs\models_9x9_heads\best.pt,runs\models_9x9\best.pt,p1_win,0.0,47
189,runs\models_9x9\best.pt,runs\models_9x9_heads\best.pt,runs\models_9x9_heads\best.pt,runs\models_9x9\best.pt,p2_win,1.0,50
190,runs\models_9x9\best.pt,runs\models_9x9_heads\best.pt,runs\models_9x9\best.pt,runs\models_9x9_heads\best.pt,p2_win,0.0,50
191,runs\models_9x9\best.pt,runs\models_9x9_heads\best.pt,runs\models_9x9_heads\best.pt,runs\models_9x9\best.pt,p1_win,0.0,55
192,runs\models_9x9\best.pt,runs\models_9x9_heads\best.pt,runs\models_9x9_heads\best.pt,runs\models_9x9\best.pt,p1_win,0.0,57
193,runs\models_9x9\best.pt,runs\models_9x9_heads\best.pt,runs\models_9x9_heads\best.pt,runs\models_9x9\best.pt,p1_win,0.0,53
194,runs\models_9x9\best.pt,runs\models_9x9_heads\best.pt,runs\models_9x9\best.pt,runs\models_9x9_heads\best.pt,p2_win,0.0,56
195,runs\models_9x9\best.pt,runs\models_9x9_heads\best.pt,runs\models_9x9_heads\best.pt,runs\models_9x9\best.pt,p2_win,1.0,50
196,runs\models_9x9\best.pt,runs\models_9x9_heads\best.pt,runs\models_9x9\best.pt,runs\models_9x9_heads\best.pt,p1_win,1.0,61
197,runs\models_9x9\best.pt,runs\models_9x9_heads\best.pt,runs\models_9x9\best.pt,runs\models_9x9_heads\best.pt,p1_win,1.0,55
198,runs\models_9x9\best.pt,runs\models_9x9_heads\best.pt,runs\models_9x9_heads\best.pt,runs\models_9x9\best.pt,p2_win,1.0,58
199,runs\models_9x9\best.pt,runs\models_9x9_heads\best.pt,runs\models_9x9_heads\best.pt,runs\models_9x9\best.pt,p2_win,1.0,48
200,runs\models_9x9\best.pt,runs\models_9x9_heads\best.pt,runs\models_9x9_heads\best.pt,runs\models_9x9\best.pt,p2_win,1.0,48
201,runs\models_9x9\best.pt,runs\models_9x9_heads\best.pt,runs\models_9x9_heads\best.pt,runs\models_9x9\best.pt,p2_win,1.0,48
202,runs\models_9x9\best.pt,runs\models_9x9_heads\best.pt,runs\models_9x9\best.pt,runs\models_9x9_heads\best.pt,p2_win,0.0,56
203,runs\models_9x9\best.pt,runs\models_9x9_heads\best.pt,runs\models_9x9\best.pt,runs\models_9x9_heads\best.pt,p2_win,0.0,50
204,runs\models_9x9\best.pt,runs\models_9x9_heads\best.pt,runs\models_9x9_heads\best.pt,runs\models_9x9\best.pt,p2_win,1.0,58
205,runs\models_9x9\best.pt,runs\models_9x9_heads\best.pt,runs\models_9x9_heads\best.pt,runs\models_9x9\best.pt,p1_win,0.0,51
206,runs\models_9x9\best.pt,runs\models_9x9_heads\best.pt,runs\models_9x9\best.pt,runs\models_9x9_heads\best.pt,p1_win,1.0,49
207,runs\models_9x9\best.pt,runs\models_9x9_heads\best.pt,runs\models_9x9_heads\best.pt,runs\models_9x9\best.pt,p1_win,0.0,49
208,runs\models_9x9\best.pt,runs\models_9x9_heads\best.pt,runs\models_9x9_heads\best.pt,runs\models_9x9\best.pt,p1_win,0.0,51
209,runs\models_9x9\best.pt,runs\models_9x9_heads\best.pt,runs\models_9x9\best.pt,runs\models_9x9_heads\best.pt,p1_win,1.0,47
210,runs\models_9x9\best.pt,runs\models_9x9_heads\best.pt,runs\models_9x9\best.pt,runs\models_9x9_heads\best.pt,p1_win,1.0,57
211,runs\models_9x9\best.pt,runs\models_9x9_heads\best.pt,runs\models_9x9_heads\best.pt,runs\models_9x9\best.pt,p1_win,0.0,49
212,runs\models_9x9\best.pt,runs\models_9x9_heads\best.pt,runs\models_9x9\best.pt,runs\models_9x9_heads\best.pt,p2_win,0.0,64
213,runs\models_9x9\best.pt,runs\models_9x9_heads\best.pt,runs\models_9x9\best.pt,runs\models_9x9_heads\best.pt,p2_win,0.0,54
214,runs\models_9x9\best.pt,runs\models_9x9_heads\best.pt,runs\models_9x9\best.pt,runs\models_9x9_heads\best.pt,p2_win,0.0,58
215,runs\models_9x9\best.pt,runs\models_9x9_heads\best.pt,runs\models_9x9\best.pt,runs\models_9x9_heads\best.pt,p2_win,0.0,60
216,runs\models_9x9\best.pt,runs\models_9x9_heads\best.pt,runs\models_9x9\best.pt,runs\models_9x9_heads\best.pt,p2_win,0.0,60
217,runs\models_9x9\best.pt,runs\models_9x9_heads\best.pt,runs\models_9x9_heads\best.pt,runs\models_9x9\best.pt,p1_win,0.0,63
218,runs\models_9x9\best.pt,runs\models_9x9_heads\best.pt,runs\models_9x9_heads\best.pt,runs\models_9x9\best.pt,p1_win,0.0,51
219,runs\models_9x9\best.pt,runs\models_9x9_heads\best.pt,runs\models_9x9_heads\best.pt,runs\models_9x9\best.pt,p1_win,0.0,49
220,runs\models_9x9\best.pt,runs\models_9x9_heads\best.pt,runs\models_9x9_heads\best.pt,runs\models_9x9\best.pt,p2_win,1.0,56
221,runs\models_9x9\best.pt,runs\models_9x9_heads\best.pt,runs\models_9x9\best.pt,runs\models_9x9_heads\best.pt,p1_win,1.0,55
222,runs\models_9x9\best.pt,runs\models_9x9_heads\best.pt,runs\models_9x9_heads\best.pt,runs\models_9x9\best.pt,p1_win,0.0,57
223,runs\models_9x9\best.pt,runs\models_9x9_heads\best.pt,runs\models_9x9\best.pt,runs\models_9x9_heads\best.pt,p2_win,0.0,56
224,runs\models_9x9\best.pt,runs\models_9x9_heads\best.pt,runs\models_9x9_heads\best.pt,runs\models_9x9\best.pt,p1_win,0.0,51
225,runs\models_9x9\best.pt,runs\models_9x9_heads\best.pt,runs\models_9x9_heads\best.pt,runs\models_9x9\best.pt,p1_win,0.0,55
226,runs\models_9x9\best.pt,runs\models_9x9_heads\best.pt,runs\models_9x9_heads\best.pt,runs\models_9x9\best.pt,p1_win,0.0,59
227,runs\models_9x9\best.pt,runs\models_9x9_heads\best.pt,runs\models_9x9\best.pt,runs\models_9x9_heads\best.pt,p1_win,1.0,59
228,runs\models_9x9\best.pt,runs\models_9x9_heads\best.pt,runs\models_9x9_heads\best.pt,runs\models_9x9\best.pt,p1_win,0.0,55
229,runs\models_9x9\best.pt,runs\models_9x9_heads\best.pt,runs\models_9x9_heads\best.pt,runs\models_9x9\best.pt,p1_win,0.0,55
230,runs\models_9x9\best.pt,runs\models_9x9_heads\best.pt,runs\models_9x9\best.pt,runs\models_9x9_heads\best.pt,p1_win,1.0,55
231,runs\models_9x9\best.pt,runs\models_9x9_heads\best.pt,runs\models_9x9_heads\best.pt,runs\models_9x9\best.pt,p2_win,1.0,56
232,runs\models_9x9\best.pt,runs\models_9x9_heads\best.pt,runs\models_9x9_heads\best.pt,runs\models_9x9\best.pt,p1_win,0.0,53
233,runs\models_9x9\best.pt,runs\models_9x9_heads\best.pt,runs\models_9x9\best.pt,runs\models_9x9_heads\best.pt,p1_win,1.0,55
234,runs\models_9x9\best.pt,runs\models_9x9_heads\best.pt,runs\models_9x9_heads\best.pt,runs\models_9x9\best.pt,p2_win,1.0,54
235,runs\models_9x9\best.pt,runs\models_9x9_heads\best.pt,runs\models_9x9_heads\best.pt,runs\models_9x9\best.pt,p1_win,0.0,59
236,runs\models_9x9\best.pt,runs\models_9x9_heads\best.pt,runs\models_9x9_heads\best.pt,runs\models_9x9\best.pt,p1_win,0.0,59
237,runs\models_9x9\best.pt,runs\models_9x9_heads\best.pt,runs\models_9x9_heads\best.pt,runs\models_9x9\best.pt,p2_win,1.0,50
238,runs\models_9x9\best.pt,runs\models_9x9_heads\best.pt,runs\models_9x9\best.pt,runs\models_9x9_heads\best.pt,p1_win,1.0,53
239,runs\models_9x9\best.pt,runs\models_9x9_heads\best.pt,runs\models_9x9\best.pt,runs\models_9x9_heads\best.pt,p1_win,1.0,51
240,runs\models_9x9\best.pt,runs\models_9x9_heads\best.pt,runs\models_9x9\best.pt,runs\models_9x9_heads\best.pt,p2_win,0.0,54
241,runs\models_9x9\best.pt,runs\models_9x9_heads\best.pt,runs\models_9x9_heads\best.pt,runs\models_9x9\best.pt,p1_win,0.0,55
242,runs\models_9x9\best.pt,runs\models_9x9_heads\best.pt,runs\models_9x9\best.pt,runs\models_9x9_heads\best.pt,p1_win,1.0,55
243,runs\models_9x9\best.pt,runs\models_9x9_heads\best.pt,runs\models_9x9_heads\best.pt,runs\models_9x9\best.pt,p2_win,1.0,62
244,runs\models_9x9\best.pt,runs\models_9x9_heads\best.pt,runs\models_9x9_heads\best.pt,runs\models_9x9\best.pt,p2_win,1.0,62
245,runs\models_9x9\best.pt,runs\models_9x9_heads\best.pt,runs\models_9x9\best.pt,runs\models_9x9_heads\best.pt,p2_win,0.0,52
246,runs\models_9x9\best.pt,runs\models_9x9_heads\best.pt,runs\models_9x9\best.pt,runs\models_9x9_heads\best.pt,p2_win,0.0,68
247,runs\models_9x9\best.pt,runs\models_9x9_heads\best.pt,runs\models_9x9_heads\best.pt,runs\models_9x9\best.pt,p1_win,0.0,67
248,runs\models_9x9\best.pt,runs\models_9x9_heads\best.pt,runs\models_9x9_heads\best.pt,runs\models_9x9\best.pt,p1_win,0.0,51
249,runs\models_9x9\best.pt,runs\models_9x9_heads\best.pt,runs\models_9x9_heads\best.pt,runs\models_9x9\best.pt,p1_win,0.0,63
250,runs\models_9x9\best.pt,runs\models_9x9_heads\best.pt,runs\models_9x9_heads\best.pt,runs\models_9x9\best.pt,p1_win,0.0,55
251,runs\models_9x9\best.pt,runs\models_9x9_heads\best.pt,runs\models_9x9_heads\best.pt,runs\models_9x9\best.pt,p2_win,1.0,54
252,runs\models_9x9\best.pt,runs\models_9x9_heads\best.pt,runs\models_9x9\best.pt,runs\models_9x9_heads\best.pt,p2_win,0.0,64
253,runs\models_9x9\best.pt,runs\models_9x9_heads\best.pt,runs\models_9x9\best.pt,runs\models_9x9_heads\best.pt,p2_win,0.0,52
254,runs\models_9x9\best.pt,runs\models_9x9_heads\best.pt,runs\models_9x9_heads\best.pt,runs\models_9x9\best.pt,p1_win,0.0,51
255,runs\models_9x9\best.pt,runs\models_9x9_heads\best.pt,runs\models_9x9\best.pt,runs\models_9x9_heads\best.pt,p1_win,1.0,51
256,runs\models_9x9\best.pt,runs\models_9x9_heads\best.pt,runs\models_9x9\best.pt,runs\models_9x9_heads\best.pt,p2_win,0.0,54
257,runs\models_9x9\best.pt,runs\models_9x9_heads\best.pt,runs\models_9x9_heads\best.pt,runs\models_9x9\best.pt,p1_win,0.0,55
258,runs\models_9x9\best.pt,runs\models_9x9_heads\best.pt,runs\models_9x9\best.pt,runs\models_9x9_heads\best.pt,p1_win,1.0,61
259,runs\models_9x9\best.pt,runs\models_9x9_heads\best.pt,runs\models_9x9\best.pt,runs\models_9x9_heads\best.pt,p2_win,0.0,64
260,runs\models_9x9\best.pt,runs\models_9x9_heads\best.pt,runs\models_9x9\best.pt,runs\models_9x9_heads\best.pt,draw,0.5,57
261,runs\models_9x9\best.pt,runs\models_9x9_heads\best.pt,runs\models_9x9_heads\best.pt,runs\models_9x9\best.pt,p1_win,0.0,51
262,runs\models_9x9\best.pt,runs\models_9x9_heads\best.pt,runs\models_9x9_heads\best.pt,runs\models_9x9\best.pt,p2_win,1.0,52
263,runs\models_9x9\best.pt,runs\models_9x9_heads\best.pt,runs\models_9x9_heads\best.pt,runs\models_9x9\best.pt,p1_win,0.0,55
264,runs\models_9x9\best.pt,runs\models_9x9_heads\best.pt,runs\models_9x9_heads\best.pt,runs\models_9x9\best.pt,p1_win,0.0,51
265,runs\models_9x9\best.pt,runs\models_9x9_heads\best.pt,runs\models_9x9\best.pt,runs\models_9x9_heads\best.pt,p1_win,1.0,61
266,runs\models_9x9\best.pt,runs\models_9x9_heads\best.pt,runs\models_9x9\best.pt,runs\models_9x9_heads\best.pt,p1_win,1.0,59
267,runs\models_9x9\best.pt,runs\models_9x9_heads\best.pt,runs\models_9x9\best.pt,runs\models_9x9_heads\best.pt,p2_win,0.0,54
268,runs\models_9x9\best.pt,runs\models_9x9_heads\best.pt,runs\models_9x9_heads\best.pt,runs\models_9x9\best.pt,p1_win,0.0,61
269,runs\models_9x9\best.pt,runs\models_9x9_heads\best.pt,runs\models_9x9\best.pt,runs\models_9x9_heads\best.pt,p1_win,1.0,57
270,runs\models_9x9\best.pt,runs\models_9x9_heads\best.pt,runs\models_9x9_heads\best.pt,runs\models_9x9\best.pt,p1_win,0.0,51
271,runs\models_9x9\best.pt,runs\models_9x9_heads\best.pt,runs\models_9x9\best.pt,runs\models_9x9_heads\best.pt,p2_win,0.0,66
272,runs\models_9x9\best.pt,runs\models_9x9_heads\best.pt,runs\models_9x9\best.pt,runs\models_9x9_heads\best.pt,p2_win,0.0,52
273,runs\models_9x9\best.pt,runs\models_9x9_heads\best.pt,runs\models_9x9\best.pt,runs\models_9x9_heads\best.pt,p2_win,0.0,58
274,runs\models_9x9\best.pt,runs\models_9x9_heads\best.pt,runs\models_9x9_heads\best.pt,runs\models_9x9\best.pt,p1_win,0.0,55
275,runs\models_9x9\best.pt,runs\models_9x9_heads\best.pt,runs\models_9x9_heads\best.pt,runs\models_9x9\best.pt,p1_win,0.0,55
276,runs\models_9x9\best.pt,runs\models_9x9_heads\best.pt,runs\models_9x9_heads\best.pt,runs\models_9x9\best.pt,p2_win,1.0,56
277,runs\models_9x9\best.pt,runs\models_9x9_heads\best.pt,runs\models_9x9_heads\best.pt,runs\models_9x9\best.pt,p1_win,0.0,51
278,runs\models_9x9\best.pt,runs\models_9x9_heads\best.pt,runs\models_9x9\best.pt,runs\models_9x9_heads\best.pt,p2_win,0.0,54
279,runs\models_9x9\best.pt,runs\models_9x9_heads\best.pt,runs\models_9x9\best.pt,runs\models_9x9_heads\best.pt,p2_win,0.0,50
280,runs\models_9x9\best.pt,runs\models_9x9_heads\best.pt,runs\models_9x9\best.pt,runs\models_9x9_heads\best.pt,p2_win,0.0,64
281,runs\models_9x9\best.pt,runs\models_9x9_heads\best.pt,runs\models_9x9_heads\best.pt,runs\models_9x9\best.pt,p1_win,0.0,53
282,runs\models_9x9\best.pt,runs\models_9x9_heads\best.pt,runs\models_9x9_heads\best.pt,runs\models_9x9\best.pt,p2_win,1.0,56
283,runs\models_9x9\best.pt,runs\models_9x9_heads\best.pt,runs\models_9x9_heads\best.pt,runs\models_9x9\best.pt,p1_win,0.0,63
284,runs\models_9x9\best.pt,runs\models_9x9_heads\best.pt,runs\models_9x9\best.pt,runs\models_9x9_heads\best.pt,p2_win,0.0,64
285,runs\models_9x9\best.pt,runs\models_9x9_heads\best.pt,runs\models_9x9_heads\best.pt,runs\models_9x9\best.pt,p2_win,1.0,56
286,runs\models_9x9\best.pt,runs\models_9x9_heads\best.pt,runs\models_9x9\best.pt,runs\models_9x9_heads\best.pt,p1_win,1.0,61
287,runs\models_9x9\best.pt,runs\models_9x9_heads\best.pt,runs\models_9x9\best.pt,runs\models_9x9_heads\best.pt,p1_win,1.0,53
288,runs\models_9x9\best.pt,runs\models_9x9_heads\best.pt,runs\models_9x9\best.pt,runs\models_9x9_heads\best.pt,p1_win,1.0,51
289,runs\models_9x9\best.pt,runs\models_9x9_heads\best.pt,runs\models_9x9_heads\best.pt,runs\models_9x9\best.pt,p2_win,1.0,60
290,runs\models_9x9\best.pt,runs\models_9x9_heads\best.pt,runs\models_9x9_heads\best.pt,runs\models_9x9\best.pt,p1_win,0.0,53
291,runs\models_9x9\best.pt,runs\models_9x9_heads\best.pt,runs\models_9x9\best.pt,runs\models_9x9_heads\best.pt,p2_win,0.0,56
292,runs\models_9x9\best.pt,runs\models_9x9_heads\best.pt,runs\models_9x9_heads\best.pt,runs\models_9x9\best.pt,p1_win,0.0,59
293,runs\models_9x9\best.pt,runs\models_9x9_heads\best.pt,runs\models_9x9\best.pt,runs\models_9x9_heads\best.pt,p1_win,1.0,59
294,runs\models_9x9\best.pt,runs\models_9x9_heads\best.pt,runs\models_9x9\best.pt,runs\models_9x9_heads\best.pt,p2_win,0.0,58
295,runs\models_9x9\best.pt,runs\models_9x9_heads\best.pt,runs\models_9x9_heads\best.pt,runs\models_9x9\best.pt,p1_win,0.0,57
296,runs\models_9x9\best.pt,runs\models_9x9_heads\best.pt,runs\models_9x9_heads\best.pt,runs\models_9x9\best.pt,p2_win,1.0,60
297,runs\models_9x9\best.pt,runs\models_9x9_heads\best.pt,runs\models_9x9_heads\best.pt,runs\models_9x9\best.pt,p1_win,0.0,55
298,runs\models_9x9\best.pt,runs\models_9x9_heads\best.pt,runs\models_9x9\best.pt,runs\models_9x9_heads\best.pt,p2_win,0.0,54
299,runs\models_9x9\best.pt,runs\models_9x9_heads\best.pt,runs\models_9x9_heads\best.pt,runs\models_9x9\best.pt,p1_win,0.0,55
300,runs\models_9x9\best.pt,runs\models_9x9_heads\best.pt,runs\models_9x9_heads\best.pt,runs\models_9x9\best.pt,p2_win,1.0,56
301,runs\models_9x9\best.pt,runs\models_9x9_heads\best.pt,runs\models_9x9\best.pt,runs\models_9x9_heads\best.pt,p2_win,0.0,58
302,runs\models_9x9\best.pt,runs\models_9x9_heads\best.pt,runs\models_9x9_heads\best.pt,runs\models_9x9\best.pt,p1_win,0.0,57
303,runs\models_9x9\best.pt,runs\models_9x9_heads\best.pt,runs\models_9x9_heads\best.pt,runs\models_9x9\best.pt,p1_win,0.0,67
304,runs\models_9x9\best.pt,runs\models_9x9_heads\best.pt,runs\models_9x9_heads\best.pt,runs\models_9x9\best.pt,p2_win,1.0,66
305,runs\models_9x9\best.pt,runs\models_9x9_heads\best.pt,runs\models_9x9_heads\best.pt,runs\models_9x9\best.pt,p2_win,1.0,56
306,runs\models_9x9\best.pt,runs\models_9x9_heads\best.pt,runs\models_9x9_heads\best.pt,runs\models_9x9\best.pt,p1_win,0.0,55
307,runs\models_9x9\best.pt,runs\models_9x9_heads\best.pt,runs\models_9x9\best.pt,runs\models_9x9_heads\best.pt,p2_win,0.0,64
308,runs\models_9x9\best.pt,runs\models_9x9_heads\best.pt,runs\models_9x9\best.pt,runs\models_9x9_heads\best.pt,p1_win,1.0,65
309,runs\models_9x9\best.pt,runs\models_9x9_heads\best.pt,runs\models_9x9_heads\best.pt,runs\models_9x9\best.pt,p2_win,1.0,64
310,runs\models_9x9\best.pt,runs\models_9x9_heads\best.pt,runs\models_9x9\best.pt,runs\models_9x9_heads\best.pt,p1_win,1.0,55
311,runs\models_9x9\best.pt,runs\models_9x9_heads\best.pt,runs\models_9x9\best.pt,runs\models_9x9_heads\best.pt,p2_win,0.0,60
312,runs\models_9x9\best.pt,runs\models_9x9_heads\best.pt,runs\models_9x9_heads\best.pt,runs\models_9x9\best.pt,p1_win,0.0,57
313,runs\models_9x9\best.pt,runs\models_9x9_heads\best.pt,runs\models_9x9\best.pt,runs\models_9x9_heads\best.pt,p1_win,1.0,61
314,runs\models_9x9\best.pt,runs\models_9x9_heads\best.pt,runs\models_9x9\best.pt,runs\models_9x9_heads\best.pt,p1_win,1.0,63
315,runs\models_9x9\best.pt,runs\models_9x9_heads\best.pt,runs\models_9x9_heads\best.pt,runs\models_9x9\best.pt,p2_win,1.0,58
316,runs\models_9x9\best.pt,runs\models_9x9_heads\best.pt,runs\models_9x9_heads\best.pt,runs\models_9x9\best.pt,p1_win,0.0,59
317,runs\models_9x9\best.pt,runs\models_9x9_heads\best.pt,runs\models_9x9_heads\best.pt,runs\models_9x9\best.pt,p1_win,0.0,55
318,runs\models_9x9\best.pt,runs\models_9x9_heads\best.pt,runs\models_9x9_heads\best.pt,runs\models_9x9\best.pt,p1_win,0.0,55
319,runs\models_9x9\best.pt,runs\models_9x9_heads\best.pt,runs\models_9x9_heads\best.pt,runs\models_9x9\best.pt,p1_win,0.0,59
320,runs\models_9x9\best.pt,runs\models_9x9_heads\best.pt,runs\models_9x9_heads\best.pt,runs\models_9x9\best.pt,p1_win,0.0,55
321,runs\models_9x9\best.pt,runs\models_9x9_heads\best.pt,runs\models_9x9_heads\best.pt,runs\models_9x9\best.pt,p1_win,0.0,67
322,runs\models_9x9\best.pt,runs\models_9x9_heads\best.pt,runs\models_9x9_heads\best.pt,runs\models_9x9\best.pt,draw,0.5,60
323,runs\models_9x9\best.pt,runs\models_9x9_heads\best.pt,runs\models_9x9_heads\best.pt,runs\models_9x9\best.pt,p1_win,0.0,59
324,runs\models_9x9\best.pt,runs\models_9x9_heads\best.pt,runs\models_9x9\best.pt,runs\models_9x9_heads\best.pt,p2_win,0.0,54
325,runs\models_9x9\best.pt,runs\models_9x9_heads\best.pt,runs\models_9x9\best.pt,runs\models_9x9_heads\best.pt,p2_win,0.0,52
326,runs\models_9x9\best.pt,runs\models_9x9_heads\best.pt,runs\models_9x9\best.pt,runs\models_9x9_heads\best.pt,p2_win,0.0,60
327,runs\models_9x9\best.pt,runs\models_9x9_heads\best.pt,runs\models_9x9\best.pt,runs\models_9x9_heads\best.pt,p2_win,0.0,58
328,runs\models_9x9\best.pt,runs\models_9x9_heads\best.pt,runs\models_9x9\best.pt,runs\models_9x9_heads\best.pt,p2_win,0.0,60
329,runs\models_9x9\best.pt,runs\models_9x9_heads\best.pt,runs\models_9x9\best.pt,runs\models_9x9_heads\best.pt,p1_win,1.0,55
330,runs\models_9x9\best.pt,runs\models_9x9_heads\best.pt,runs\models_9x9_heads\best.pt,runs\models_9x9\best.pt,p2_win,1.0,58
331,runs\models_9x9\best.pt,runs\models_9x9_heads\best.pt,runs\models_9x9_heads\best.pt,runs\models_9x9\best.pt,p1_win,0.0,63
332,runs\models_9x9\best.pt,runs\models_9x9_heads\best.pt,runs\models_9x9\best.pt,runs\models_9x9_heads\best.pt,p1_win,1.0,61
333,runs\models_9x9\best.pt,runs\models_9x9_heads\best.pt,runs\models_9x9\best.pt,runs\models_9x9_heads\best.pt,p2_win,0.0,58
334,runs\models_9x9\best.pt,runs\models_9x9_heads\best.pt,runs\models_9x9_heads\best.pt,runs\models_9x9\best.pt,p1_win,0.0,65
335,runs\models_9x9\best.pt,runs\models_9x9_heads\best.pt,runs\models_9x9\best.pt,runs\models_9x9_heads\best.pt,p1_win,1.0,65
336,runs\models_9x9\best.pt,runs\models_9x9_heads\best.pt,runs\models_9x9\best.pt,runs\models_9x9_heads\best.pt,p2_win,0.0,60
337,runs\models_9x9\best.pt,runs\models_9x9_heads\best.pt,runs\models_9x9_heads\best.pt,runs\models_9x9\best.pt,p1_win,0.0,59
338,runs\models_9x9\best.pt,runs\models_9x9_heads\best.pt,runs\models_9x9\best.pt,runs\models_9x9_heads\best.pt,p2_win,0.0,68
339,runs\models_9x9\best.pt,runs\models_9x9_heads\best.pt,runs\models_9x9\best.pt,runs\models_9x9_heads\best.pt,p1_win,1.0,63
340,runs\models_9x9\best.pt,runs\models_9x9_heads\best.pt,runs\models_9x9\best.pt,runs\models_9x9_heads\best.pt,p2_win,0.0,62
341,runs\models_9x9\best.pt,runs\models_9x9_heads\best.pt,runs\models_9x9_heads\best.pt,runs\models_9x9\best.pt,p1_win,0.0,55
342,runs\models_9x9\best.pt,runs\models_9x9_heads\best.pt,runs\models_9x9_heads\best.pt,runs\models_9x9\best.pt,p1_win,0.0,63
343,runs\models_9x9\best.pt,runs\models_9x9_heads\best.pt,runs\models_9x9_heads\best.pt,runs\models_9x9\best.pt,p2_win,1.0,60
344,runs\models_9x9\best.pt,runs\models_9x9_heads\best.pt,runs\models_9x9_heads\best.pt,runs\models_9x9\best.pt,p2_win,1.0,60
345,runs\models_9x9\best.pt,runs\models_9x9_heads\best.pt,runs\models_9x9\best.pt,runs\models_9x9_heads\best.pt,p2_win,0.0,70
346,runs\models_9x9\best.pt,runs\models_9x9_heads\best.pt,runs\models_9x9\best.pt,runs\models_9x9_heads\best.pt,p2_win,0.0,60
347,runs\models_9x9\best.pt,runs\models_9x9_heads\best.pt,runs\models_9x9\best.pt,runs\models_9x9_heads\best.pt,p1_win,1.0,65
348,runs\models_9x9\best.pt,runs\models_9x9_heads\best.pt,runs\models_9x9\best.pt,runs\models_9x9_heads\best.pt,p2_win,0.0,56
349,runs\models_9x9\best.pt,runs\models_9x9_heads\best.pt,runs\models_9x9_heads\best.pt,runs\models_9x9\best.pt,p2_win,1.0,80
350,runs\models_9x9\best.pt,runs\models_9x9_heads\best.pt,runs\models_9x9_heads\best.pt,runs\models_9x9\best.pt,p2_win,1.0,66
351,runs\models_9x9\best.pt,runs\models_9x9_heads\best.pt,runs\models_9x9\best.pt,runs\models_9x9_heads\best.pt,p2_win,0.0,58
352,runs\models_9x9\best.pt,runs\models_9x9_heads\best.pt,runs\models_9x9\best.pt,runs\models_9x9_heads\best.pt,p1_win,1.0,59
353,runs\models_9x9\best.pt,runs\models_9x9_heads\best.pt,runs\models_9x9\best.pt,runs\models_9x9_heads\best.pt,p2_win,0.0,58
354,runs\models_9x9\best.pt,runs\models_9x9_heads\best.pt,runs\models_9x9_heads\best.pt,runs\models_9x9\best.pt,p1_win,0.0,55
355,runs\models_9x9\best.pt,runs\models_9x9_heads\best.pt,runs\models_9x9_heads\best.pt,runs\models_9x9\best.pt,p2_win,1.0,54
356,runs\models_9x9\best.pt,runs\models_9x9_heads\best.pt,runs\models_9x9_heads\best.pt,runs\models_9x9\best.pt,p2_win,1.0,62
357,runs\models_9x9\best.pt,runs\models_9x9_heads\best.pt,runs\models_9x9\best.pt,runs\models_9x9_heads\best.pt,p2_win,0.0,56
358,runs\models_9x9\best.pt,runs\models_9x9_heads\best.pt,runs\models_9x9\best.pt,runs\models_9x9_heads\best.pt,p2_win,0.0,58
359,runs\models_9x9\best.pt,runs\models_9x9_heads\best.pt,runs\models_9x9_heads\best.pt,runs\models_9x9\best.pt,p2_win,1.0,60
360,runs\models_9x9\best.pt,runs\models_9x9_heads\best.pt,runs\models_9x9\best.pt,runs\models_9x9_heads\best.pt,p2_win,0.0,64
361,runs\models_9x9\best.pt,runs\models_9x9_heads\best.pt,runs\models_9x9_heads\best.pt,runs\models_9x9\best.pt,p1_win,0.0,67
362,runs\models_9x9\best.pt,runs\models_9x9_heads\best.pt,runs\models_9x9\best.pt,runs\models_9x9_heads\best.pt,p2_win,0.0,54
363,runs\models_9x9\best.pt,runs\models_9x9_heads\best.pt,runs\models_9x9\best.pt,runs\models_9x9_heads\best.pt,p2_win,0.0,56
364,runs\models_9x9\best.pt,runs\models_9x9_heads\best.pt,runs\models_9x9_heads\best.pt,runs\models_9x9\best.pt,p1_win,0.0,55
365,runs\models_9x9\best.pt,runs\models_9x9_heads\best.pt,runs\models_9x9_heads\best.pt,runs\models_9x9\best.pt,p1_win,0.0,59
366,runs\models_9x9\best.pt,runs\models_9x9_heads\best.pt,runs\models_9x9\best.pt,runs\models_9x9_heads\best.pt,p2_win,0.0,58
367,runs\models_9x9\best.pt,runs\models_9x9_heads\best.pt,runs\models_9x9_heads\best.pt,runs\models_9x9\best.pt,p1_win,0.0,59
368,runs\models_9x9\best.pt,runs\models_9x9_heads\best.pt,runs\models_9x9\best.pt,runs\models_9x9_heads\best.pt,p2_win,0.0,72
369,runs\models_9x9\best.pt,runs\models_9x9_heads\best.pt,runs\models_9x9\best.pt,runs\models_9x9_heads\best.pt,p2_win,0.0,56
370,runs\models_9x9\best.pt,runs\models_9x9_heads\best.pt,runs\models_9x9\best.pt,runs\models_9x9_heads\best.pt,p2_win,0.0,62
371,runs\models_9x9\best.pt,runs\models_9x9_heads\best.pt,runs\models_9x9_heads\best.pt,runs\models_9x9\best.pt,p2_win,1.0,70
372,runs\models_9x9\best.pt,runs\models_9x9_heads\best.pt,runs\models_9x9\best.pt,runs\models_9x9_heads\best.pt,p1_win,1.0,55
373,runs\models_9x9\best.pt,runs\models_9x9_heads\best.pt,runs\models_9x9\best.pt,runs\models_9x9_heads\best.pt,p1_win,1.0,57
374,runs\models_9x9\best.pt,runs\models_9x9_heads\best.pt,runs\models_9x9\best.pt,runs\models_9x9_heads\best.pt,p2_win,0.0,64
375,runs\models_9x9\best.pt,runs\models_9x9_heads\best.pt,runs\models_9x9_heads\best.pt,runs\models_9x9\best.pt,p1_win,0.0,59
376,runs\models_9x9\best.pt,runs\models_9x9_heads\best.pt,runs\models_9x9_heads\best.pt,runs\models_9x9\best.pt,p1_win,0.0,63
377,runs\models_9x9\best.pt,runs\models_9x9_heads\best.pt,runs\models_9x9\best.pt,runs\models_9x9_heads\best.pt,p2_win,0.0,70
378,runs\models_9x9\best.pt,runs\models_9x9_heads\best.pt,runs\models_9x9\best.pt,runs\models_9x9_heads\best.pt,p2_win,0.0,66
379,runs\models_9x9\best.pt,runs\models_9x9_heads\best.pt,runs\models_9x9_heads\best.pt,runs\models_9x9\best.pt,p1_win,0.0,59
380,runs\models_9x9\best.pt,runs\models_9x9_heads\best.pt,runs\models_9x9\best.pt,runs\models_9x9_heads\best.pt,p1_win,1.0,55
381,runs\models_9x9\best.pt,runs\models_9x9_heads\best.pt,runs\models_9x9\best.pt,runs\models_9x9_heads\best.pt,p2_win,0.0,56
382,runs\models_9x9\best.pt,runs\models_9x9_heads\best.pt,runs\models_9x9_heads\best.pt,runs\models_9x9\best.pt,p1_win,0.0,57
383,runs\models_9x9\best.pt,runs\models_9x9_heads\best.pt,runs\models_9x9\best.pt,runs\models_9x9_heads\best.pt,p2_win,0.0,58
384,runs\models_9x9\best.pt,runs\models_9x9_heads\best.pt,runs\models_9x9_heads\best.pt,runs\models_9x9\best.pt,p2_win,1.0,58
385,runs\models_9x9\best.pt,runs\models_9x9_heads\best.pt,runs\models_9x9_heads\best.pt,runs\models_9x9\best.pt,p2_win,1.0,56
386,runs\models_9x9\best.pt,runs\models_9x9_heads\best.pt,runs\models_9x9_heads\best.pt,runs\models_9x9\best.pt,p2_win,1.0,66
387,runs\models_9x9\best.pt,runs\models_9x9_heads\best.pt,runs\models_9x9_heads\best.pt,runs\models_9x9\best.pt,p1_win,0.0,63
388,runs\models_9x9\best.pt,runs\models_9x9_heads\best.pt,runs\models_9x9_heads\best.pt,runs\models_9x9\best.pt,p1_win,0.0,57
389,runs\models_9x9\best.pt,runs\models_9x9_heads\best.pt,runs\models_9x9\best.pt,runs\models_9x9_heads\best.pt,p2_win,0.0,56
390,runs\models_9x9\best.pt,runs\models_9x9_heads\best.pt,runs\models_9x9_heads\best.pt,runs\models_9x9\best.pt,p2_win,1.0,58
391,runs\models_9x9\best.pt,runs\models_9x9_heads\best.pt,runs\models_9x9_heads\best.pt,runs\models_9x9\best.pt,p1_win,0.0,61
392,runs\models_9x9\best.pt,runs\models_9x9_heads\best.pt,runs\models_9x9\best.pt,runs\models_9x9_heads\best.pt,p2_win,0.0,60
393,runs\models_9x9\best.pt,runs\models_9x9_heads\best.pt,runs\models_9x9_heads\best.pt,runs\models_9x9\best.pt,p2_win,1.0,64
394,runs\models_9x9\best.pt,runs\models_9x9_heads\best.pt,runs\models_9x9\best.pt,runs\models_9x9_heads\best.pt,p1_win,1.0,55
395,runs\models_9x9\best.pt,runs\models_9x9_heads\best.pt,runs\models_9x9_heads\best.pt,runs\models_9x9\best.pt,p1_win,0.0,55
396,runs\models_9x9\best.pt,runs\models_9x9_heads\best.pt,runs\models_9x9\best.pt,runs\models_9x9_heads\best.pt,p1_win,1.0,59
397,runs\models_9x9\best.pt,runs\models_9x9_heads\best.pt,runs\models_9x9\best.pt,runs\models_9x9_heads\best.pt,p1_win,1.0,65
398,runs\models_9x9\best.pt,runs\models_9x9_heads\best.pt,runs\models_9x9\best.pt,runs\models_9x9_heads\best.pt,p1_win,1.0,59
399,runs\models_9x9\best.pt,runs\models_9x9_heads\best.pt,runs\models_9x9_heads\best.pt,runs\models_9x9\best.pt,p2_win,1.0,66
400,runs\models_9x9\best.pt,runs\models_9x9_heads\best.pt,runs\models_9x9_heads\best.pt,runs\models_9x9\best.pt,p1_win,0.0,67
401,runs\models_9x9\best.pt,runs\models_9x9_heads\best.pt,runs\models_9x9\best.pt,runs\models_9x9_heads\best.pt,p2_win,0.0,62
402,runs\models_9x9\best.pt,runs\models_9x9_heads\best.pt,runs\models_9x9\best.pt,runs\models_9x9_heads\best.pt,p2_win,0.0,64
403,runs\models_9x9\best.pt,runs\models_9x9_heads\best.pt,runs\models_9x9\best.pt,runs\models_9x9_heads\best.pt,p2_win,0.0,60
404,runs\models_9x9\best.pt,runs\models_9x9_heads\best.pt,runs\models_9x9\best.pt,runs\models_9x9_heads\best.pt,p2_win,0.0,58
405,runs\models_9x9\best.pt,runs\models_9x9_heads\best.pt,runs\models_9x9\best.pt,runs\models_9x9_heads\best.pt,p2_win,0.0,68
406,runs\models_9x9\best.pt,runs\models_9x9_heads\best.pt,runs\models_9x9\best.pt,runs\models_9x9_heads\best.pt,p2_win,0.0,66
407,runs\models_9x9\best.pt,runs\models_9x9_heads\best.pt,runs\models_9x9_heads\best.pt,runs\models_9x9\best.pt,p1_win,0.0,59
408,runs\models_9x9\best.pt,runs\models_9x9_heads\best.pt,runs\models_9x9\best.pt,runs\models_9x9_heads\best.pt,p2_win,0.0,56
409,runs\models_9x9\best.pt,runs\models_9x9_heads\best.pt,runs\models_9x9_heads\best.pt,runs\models_9x9\best.pt,p1_win,0.0,61
410,runs\models_9x9\best.pt,runs\models_9x9_heads\best.pt,runs\models_9x9\best.pt,runs\models_9x9_heads\best.pt,p1_win,1.0,59
411,runs\models_9x9\best.pt,runs\models_9x9_heads\best.pt,runs\models_9x9_heads\best.pt,runs\models_9x9\best.pt,p1_win,0.0,57
412,runs\models_9x9\best.pt,runs\models_9x9_heads\best.pt,runs\models_9x9_heads\best.pt,runs\models_9x9\best.pt,p2_win,1.0,60
413,runs\models_9x9\best.pt,runs\models_9x9_heads\best.pt,runs\models_9x9\best.pt,runs\models_9x9_heads\best.pt,p2_win,0.0,62
414,runs\models_9x9\best.pt,runs\models_9x9_heads\best.pt,runs\models_9x9_heads\best.pt,runs\models_9x9\best.pt,p2_win,1.0,64
415,runs\models_9x9\best.pt,runs\models_9x9_heads\best.pt,runs\models_9x9\best.pt,runs\models_9x9_heads\best.pt,p2_win,0.0,56
416,runs\models_9x9\best.pt,runs\models_9x9_heads\best.pt,runs\models_9x9\best.pt,runs\models_9x9_heads\best.pt,p2_win,0.0,60
417,runs\models_9x9\best.pt,runs\models_9x9_heads\best.pt,runs\models_9x9\best.pt,runs\models_9x9_heads\best.pt,p2_win,0.0,60
418,runs\models_9x9\best.pt,runs\models_9x9_heads\best.pt,runs\models_9x9_heads\best.pt,runs\models_9x9\best.pt,p2_win,1.0,70
419,runs\models_9x9\best.pt,runs\models_9x9_heads\best.pt,runs\models_9x9\best.pt,runs\models_9x9_heads\best.pt,p1_win,1.0,61
420,runs\models_9x9\best.pt,runs\models_9x9_heads\best.pt,runs\models_9x9_heads\best.pt,runs\models_9x9\best.pt,p1_win,0.0,63
421,runs\models_9x9\best.pt,runs\models_9x9_heads\best.pt,runs\models_9x9_heads\best.pt,runs\models_9x9\best.pt,p1_win,0.0,61
422,runs\models_9x9\best.pt,runs\models_9x9_heads\best.pt,runs\models_9x9_heads\best.pt,runs\models_9x9\best.pt,p1_win,0.0,65
423,runs\models_9x9\best.pt,runs\models_9x9_heads\best.pt,runs\models_9x9\best.pt,runs\models_9x9_heads\best.pt,p2_win,0.0,70
424,runs\models_9x9\best.pt,runs\models_9x9_heads\best.pt,runs\models_9x9\best.pt,runs\models_9x9_heads\best.pt,p1_win,1.0,61
425,runs\models_9x9\best.pt,runs\models_9x9_heads\best.pt,runs\models_9x9\best.pt,runs\models_9x9_heads\best.pt,p2_win,0.0,66
426,runs\models_9x9\best.pt,runs\models_9x9_heads\best.pt,runs\models_9x9_heads\best.pt,runs\models_9x9\best.pt,p2_win,1.0,58
427,runs\models_9x9\best.pt,runs\models_9x9_heads\best.pt,runs\models_9x9\best.pt,runs\models_9x9_heads\best.pt,p2_win,0.0,68
428,runs\models_9x9\best.pt,runs\models_9x9_heads\best.pt,runs\models_9x9_heads\best.pt,runs\models_9x9\best.pt,p2_win,1.0,64
429,runs\models_9x9\best.pt,runs\models_9x9_heads\best.pt,runs\models_9x9\best.pt,runs\models_9x9_heads\best.pt,p1_win,1.0,63
430,runs\models_9x9\best.pt,runs\models_9x9_heads\best.pt,runs\models_9x9\best.pt,runs\models_9x9_heads\best.pt,p1_win,1.0,63
431,runs\models_9x9\best.pt,runs\models_9x9_heads\best.pt,runs\models_9x9\best.pt,runs\models_9x9_heads\best.pt,p2_win,0.0,62
432,runs\models_9x9\best.pt,runs\models_9x9_heads\best.pt,runs\models_9x9_heads\best.pt,runs\models_9x9\best.pt,p2_win,1.0,60
433,runs\models_9x9\best.pt,runs\models_9x9_heads\best.pt,runs\models_9x9\best.pt,runs\models_9x9_heads\best.pt,p1_win,1.0,61
434,runs\models_9x9\best.pt,runs\models_9x9_heads\best.pt,runs\models_9x9\best.pt,runs\models_9x9_heads\best.pt,p2_win,0.0,64
435,runs\models_9x9\best.pt,runs\models_9x9_heads\best.pt,runs\models_9x9\best.pt,runs\models_9x9_heads\best.pt,p2_win,0.0,60
436,runs\models_9x9\best.pt,runs\models_9x9_heads\best.pt,runs\models_9x9_heads\best.pt,runs\models_9x9\best.pt,p2_win,1.0,64
437,runs\models_9x9\best.pt,runs\models_9x9_heads\best.pt,runs\models_9x9_heads\best.pt,runs\models_9x9\best.pt,p1_win,0.0,61
438,runs\models_9x9\best.pt,runs\models_9x9_heads\best.pt,runs\models_9x9\best.pt,runs\models_9x9_heads\best.pt,p2_win,0.0,58
439,runs\models_9x9\best.pt,runs\models_9x9_heads\best.pt,runs\models_9x9_heads\best.pt,runs\models_9x9\best.pt,p1_win,0.0,57
440,runs\models_9x9\best.pt,runs\models_9x9_heads\best.pt,runs\models_9x9\best.pt,runs\models_9x9_heads\best.pt,p2_win,0.0,64
441,runs\models_9x9\best.pt,runs\models_9x9_heads\best.pt,runs\models_9x9\best.pt,runs\models_9x9_heads\best.pt,p2_win,0.0,60
442,runs\models_9x9\best.pt,runs\models_9x9_heads\best.pt,runs\models_9x9_heads\best.pt,runs\models_9x9\best.pt,p1_win,0.0,65
443,runs\models_9x9\best.pt,runs\models_9x9_heads\best.pt,runs\models_9x9\best.pt,runs\models_9x9_heads\best.pt,p2_win,0.0,68
444,runs\models_9x9\best.pt,runs\models_9x9_heads\best.pt,runs\models_9x9\best.pt,runs\models_9x9_heads\best.pt,p1_win,1.0,61
445,runs\models_9x9\best.pt,runs\models_9x9_heads\best.pt,runs\models_9x9\best.pt,runs\models_9x9_heads\best.pt,p2_win,0.0,60
446,runs\models_9x9\best.pt,runs\models_9x9_heads\best.pt,runs\models_9x9_heads\best.pt,runs\models_9x9\best.pt,p1_win,0.0,61
447,runs\models_9x9\best.pt,runs\models_9x9_heads\best.pt,runs\models_9x9\best.pt,runs\models_9x9_heads\best.pt,p2_win,0.0,62
448,runs\models_9x9\best.pt,runs\models_9x9_heads\best.pt,runs\models_9x9_heads\best.pt,runs\models_9x9\best.pt,p1_win,0.0,59
449,runs\models_9x9\best.pt,runs\models_9x9_heads\best.pt,runs\models_9x9\best.pt,runs\models_9x9_heads\best.pt,p1_win,1.0,59
450,runs\models_9x9\best.pt,runs\models_9x9_heads\best.pt,runs\models_9x9\best.pt,runs\models_9x9_heads\best.pt,p1_win,1.0,67
451,runs\models_9x9\best.pt,runs\models_9x9_heads\best.pt,runs\models_9x9_heads\best.pt,runs\models_9x9\best.pt,p1_win,0.0,61
452,runs\models_9x9\best.pt,runs\models_9x9_heads\best.pt,runs\models_9x9\best.pt,runs\models_9x9_heads\best.pt,p2_win,0.0,60
453,runs\models_9x9\best.pt,runs\models_9x9_heads\best.pt,runs\models_9x9_heads\best.pt,runs\models_9x9\best.pt,p1_win,0.0,59
454,runs\models_9x9\best.pt,runs\models_9x9_heads\best.pt,runs\models_9x9\best.pt,runs\models_9x9_heads\best.pt,p2_win,0.0,68
455,runs\models_9x9\best.pt,runs\models_9x9_heads\best.pt,runs\models_9x9_heads\best.pt,runs\models_9x9\best.pt,p1_win,0.0,59
456,runs\models_9x9\best.pt,runs\models_9x9_heads\best.pt,runs\models_9x9\best.pt,runs\models_9x9_heads\best.pt,p1_win,1.0,65
457,runs\models_9x9\best.pt,runs\models_9x9_heads\best.pt,runs\models_9x9\best.pt,runs\models_9x9_heads\best.pt,p2_win,0.0,66
458,runs\models_9x9\best.pt,runs\models_9x9_heads\best.pt,runs\models_9x9_heads\best.pt,runs\models_9x9\best.pt,p1_win,0.0,59
459,runs\models_9x9\best.pt,runs\models_9x9_heads\best.pt,runs\models_9x9\best.pt,runs\models_9x9_heads\best.pt,p1_win,1.0,63
460,runs\models_9x9\best.pt,runs\models_9x9_heads\best.pt,runs\models_9x9\best.pt,runs\models_9x9_heads\best.pt,p1_win,1.0,67
461,runs\models_9x9\best.pt,runs\models_9x9_heads\best.pt,runs\models_9x9_heads\best.pt,runs\models_9x9\best.pt,p1_win,0.0,59
462,runs\models_9x9\best.pt,runs\models_9x9_heads\best.pt,runs\models_9x9\best.pt,runs\models_9x9_heads\best.pt,p1_win,1.0,63
463,runs\models_9x9\best.pt,runs\models_9x9_heads\best.pt,runs\models_9x9\best.pt,runs\models_9x9_heads\best.pt,p1_win,1.0,69
464,runs\models_9x9\best.pt,runs\models_9x9_heads\best.pt,runs\models_9x9\best.pt,runs\models_9x9_heads\best.pt,p2_win,0.0,68
465,runs\models_9x9\best.pt,runs\models_9x9_heads\best.pt,runs\models_9x9\best.pt,runs\models_9x9_heads\best.pt,p1_win,1.0,63
466,runs\models_9x9\best.pt,runs\models_9x9_heads\best.pt,runs\models_9x9\best.pt,runs\models_9x9_heads\best.pt,p2_win,0.0,58
467,runs\models_9x9\best.pt,runs\models_9x9_heads\best.pt,runs\models_9x9_heads\best.pt,runs\models_9x9\best.pt,p2_win,1.0,60
468,runs\models_9x9\best.pt,runs\models_9x9_heads\best.pt,runs\models_9x9_heads\best.pt,runs\models_9x9\best.pt,p1_win,0.0,67
469,runs\models_9x9\best.pt,runs\models_9x9_heads\best.pt,runs\models_9x9_heads\best.pt,runs\models_9x9\best.pt,p1_win,0.0,63
470,runs\models_9x9\best.pt,runs\models_9x9_heads\best.pt,runs\models_9x9\best.pt,runs\models_9x9_heads\best.pt,p2_win,0.0,56
471,runs\models_9x9\best.pt,runs\models_9x9_heads\best.pt,runs\models_9x9_heads\best.pt,runs\models_9x9\best.pt,p2_win,1.0,68
472,runs\models_9x9\best.pt,runs\models_9x9_heads\best.pt,runs\models_9x9\best.pt,runs\models_9x9_heads\best.pt,p1_win,1.0,57
473,runs\models_9x9\best.pt,runs\models_9x9_heads\best.pt,runs\models_9x9\best.pt,runs\models_9x9_heads\best.pt,p1_win,1.0,67
474,runs\models_9x9\best.pt,runs\models_9x9_heads\best.pt,runs\models_9x9_heads\best.pt,runs\models_9x9\best.pt,p1_win,0.0,59
475,runs\models_9x9\best.pt,runs\models_9x9_heads\best.pt,runs\models_9x9\best.pt,runs\models_9x9_heads\best.pt,p2_win,0.0,60
476,runs\models_9x9\best.pt,runs\models_9x9_heads\best.pt,runs\models_9x9_heads\best.pt,runs\models_9x9\best.pt,p1_win,0.0,59
477,runs\models_9x9\best.pt,runs\models_9x9_heads\best.pt,runs\models_9x9\best.pt,runs\models_9x9_heads\best.pt,p1_win,1.0,63
478,runs\models_9x9\best.pt,runs\models_9x9_heads\best.pt,runs\models_9x9\best.pt,runs\models_9x9_heads\best.pt,p2_win,0.0,60
479,runs\models_9x9\best.pt,runs\models_9x9_heads\best.pt,runs\models_9x9_heads\best.pt,runs\models_9x9\best.pt,p1_win,0.0,65
480,runs\models_9x9\best.pt,runs\models_9x9_heads\best.pt,runs\models_9x9_heads\best.pt,runs\models_9x9\best.pt,p2_win,1.0,62
481,runs\models_9x9\best.pt,runs\models_9x9_heads\best.pt,runs\models_9x9\best.pt,runs\models_9x9_heads\best.pt,p2_win,0.0,64
482,runs\models_9x9\best.pt,runs\models_9x9_heads\best.pt,runs\models_9x9\best.pt,runs\models_9x9_heads\best.pt,p1_win,1.0,63
483,runs\models_9x9\best.pt,runs\models_9x9_heads\best.pt,runs\models_9x9\best.pt,runs\models_9x9_heads\best.pt,p2_win,0.0,66
484,runs\models_9x9\best.pt,runs\models_9x9_heads\best.pt,runs\models_9x9\best.pt,runs\models_9x9_heads\best.pt,p2_win,0.0,60
485,runs\models_9x9\best.pt,runs\models_9x9_heads\best.pt,runs\models_9x9\best.pt,runs\models_9x9_heads\best.pt,p1_win,1.0,71
486,runs\models_9x9\best.pt,runs\models_9x9_heads\best.pt,runs\models_9x9_heads\best.pt,runs\models_9x9\best.pt,p1_win,0.0,61
487,runs\models_9x9\best.pt,runs\models_9x9_heads\best.pt,runs\models_9x9\best.pt,runs\models_9x9_heads\best.pt,p2_win,0.0,72
488,runs\models_9x9\best.pt,runs\models_9x9_heads\best.pt,runs\models_9x9\best.pt,runs\models_9x9_heads\best.pt,p2_win,0.0,60
489,runs\models_9x9\best.pt,runs\models_9x9_heads\best.pt,runs\models_9x9\best.pt,runs\models_9x9_heads\best.pt,p2_win,0.0,70
490,runs\models_9x9\best.pt,runs\models_9x9_heads\best.pt,runs\models_9x9_heads\best.pt,runs\models_9x9\best.pt,p1_win,0.0,59
491,runs\models_9x9\best.pt,runs\models_9x9_heads\best.pt,runs\models_9x9\best.pt,runs\models_9x9_heads\best.pt,p2_win,0.0,62
492,runs\models_9x9\best.pt,runs\models_9x9_heads\best.pt,runs\models_9x9_heads\best.pt,runs\models_9x9\best.pt,p2_win,1.0,76
493,runs\models_9x9\best.pt,runs\models_9x9_heads\best.pt,runs\models_9x9\best.pt,runs\models_9x9_heads\best.pt,p2_win,0.0,58
494,runs\models_9x9\best.pt,runs\models_9x9_heads\best.pt,runs\models_9x9\best.pt,runs\models_9x9_heads\best.pt,p1_win,1.0,63
495,runs\models_9x9\best.pt,runs\models_9x9_heads\best.pt,runs\models_9x9_heads\best.pt,runs\models_9x9\best.pt,p1_win,0.0,61
496,runs\models_9x9\best.pt,runs\models_9x9_heads\best.pt,runs\models_9x9_heads\best.pt,runs\models_9x9\best.pt,p1_win,0.0,61
497,runs\models_9x9\best.pt,runs\models_9x9_heads\best.pt,runs\models_9x9\best.pt,runs\models_9x9_heads\best.pt,p2_win,0.0,62
498,runs\models_9x9\best.pt,runs\models_9x9_heads\best.pt,runs\models_9x9_heads\best.pt,runs\models_9x9\best.pt,p1_win,0.0,63
499,runs\models_9x9\best.pt,runs\models_9x9_heads\best.pt,runs\models_9x9_heads\best.pt,runs\models_9x9\best.pt,p2_win,1.0,66
500,runs\models_9x9\best.pt,runs\models_9x9_heads\best.pt,runs\models_9x9\best.pt,runs\models_9x9_heads\best.pt,p1_win,1.0,57
501,runs\models_9x9\best.pt,runs\models_9x9_heads\best.pt,runs\models_9x9\best.pt,runs\models_9x9_heads\best.pt,p1_win,1.0,63
502,runs\models_9x9\best.pt,runs\models_9x9_heads\best.pt,runs\models_9x9_heads\best.pt,runs\models_9x9\best.pt,p1_win,0.0,63
503,runs\models_9x9\best.pt,runs\models_9x9_heads\best.pt,runs\models_9x9_heads\best.pt,runs\models_9x9\best.pt,p1_win,0.0,65
504,runs\models_9x9\best.pt,runs\models_9x9_heads\best.pt,runs\models_9x9\best.pt,runs\models_9x9_heads\best.pt,p2_win,0.0,66
505,runs\models_9x9\best.pt,runs\models_9x9_heads\best.pt,runs\models_9x9_heads\best.pt,runs\models_9x9\best.pt,p1_win,0.0,59
506,runs\models_9x9\best.pt,runs\models_9x9_heads\best.pt,runs\models_9x9_heads\best.pt,runs\models_9x9\best.pt,p1_win,0.0,59
507,runs\models_9x9\best.pt,runs\models_9x9_heads\best.pt,runs\models_9x9_heads\best.pt,runs\models_9x9\best.pt,p1_win,0.0,65
508,runs\models_9x9\best.pt,runs\models_9x9_heads\best.pt,runs\models_9x9\best.pt,runs\models_9x9_heads\best.pt,p1_win,1.0,59
509,runs\models_9x9\best.pt,runs\models_9x9_heads\best.pt,runs\models_9x9_heads\best.pt,runs\models_9x9\best.pt,p1_win,0.0,67
510,runs\models_9x9\best.pt,runs\models_9x9_heads\best.pt,runs\models_9x9\best.pt,runs\models_9x9_heads\best.pt,p1_win,1.0,69
511,runs\models_9x9\best.pt,runs\models_9x9_heads\best.pt,runs\models_9x9_heads\best.pt,runs\models_9x9\best.pt,p2_win,1.0,58
512,runs\models_9x9\best.pt,runs\models_9x9_heads\best.pt,runs\models_9x9\best.pt,runs\models_9x9_heads\best.pt,draw,0.5,58
513,runs\models_9x9\best.pt,runs\models_9x9_heads\best.pt,runs\models_9x9\best.pt,runs\models_9x9_heads\best.pt,p2_win,0.0,64
514,runs\models_9x9\best.pt,runs\models_9x9_heads\best.pt,runs\models_9x9\best.pt,runs\models_9x9_heads\best.pt,p2_win,0.0,60
515,runs\models_9x9\best.pt,runs\models_9x9_heads\best.pt,runs\models_9x9\best.pt,runs\models_9x9_heads\best.pt,p2_win,0.0,72
516,runs\models_9x9\best.pt,runs\models_9x9_heads\best.pt,runs\models_9x9\best.pt,runs\models_9x9_heads\best.pt,p1_win,1.0,71
517,runs\models_9x9\best.pt,runs\models_9x9_heads\best.pt,runs\models_9x9_heads\best.pt,runs\models_9x9\best.pt,p1_win,0.0,67
518,runs\models_9x9\best.pt,runs\models_9x9_heads\best.pt,runs\models_9x9_heads\best.pt,runs\models_9x9\best.pt,p1_win,0.0,67
519,runs\models_9x9\best.pt,runs\models_9x9_heads\best.pt,runs\models_9x9\best.pt,runs\models_9x9_heads\best.pt,p2_win,0.0,66
520,runs\models_9x9\best.pt,runs\models_9x9_heads\best.pt,runs\models_9x9_heads\best.pt,runs\models_9x9\best.pt,p1_win,0.0,71
521,runs\models_9x9\best.pt,runs\models_9x9_heads\best.pt,runs\models_9x9\best.pt,runs\models_9x9_heads\best.pt,p2_win,0.0,58
522,runs\models_9x9\best.pt,runs\models_9x9_heads\best.pt,runs\models_9x9_heads\best.pt,runs\models_9x9\best.pt,p1_win,0.0,63
523,runs\models_9x9\best.pt,runs\models_9x9_heads\best.pt,runs\models_9x9\best.pt,runs\models_9x9_heads\best.pt,p2_win,0.0,64
524,runs\models_9x9\best.pt,runs\models_9x9_heads\best.pt,runs\models_9x9_heads\best.pt,runs\models_9x9\best.pt,p1_win,0.0,67
525,runs\models_9x9\best.pt,runs\models_9x9_heads\best.pt,runs\models_9x9\best.pt,runs\models_9x9_heads\best.pt,p2_win,0.0,70
526,runs\models_9x9\best.pt,runs\models_9x9_heads\best.pt,runs\models_9x9\best.pt,runs\models_9x9_heads\best.pt,p1_win,1.0,63
527,runs\models_9x9\best.pt,runs\models_9x9_heads\best.pt,runs\models_9x9_heads\best.pt,runs\models_9x9\best.pt,p1_win,0.0,71
528,runs\models_9x9\best.pt,runs\models_9x9_heads\best.pt,runs\models_9x9\best.pt,runs\models_9x9_heads\best.pt,p2_win,0.0,66
529,runs\models_9x9\best.pt,runs\models_9x9_heads\best.pt,runs\models_9x9\best.pt,runs\models_9x9_heads\best.pt,p2_win,0.0,68
530,runs\models_9x9\best.pt,runs\models_9x9_heads\best.pt,runs\models_9x9_heads\best.pt,runs\models_9x9\best.pt,p1_win,0.0,63
531,runs\models_9x9\best.pt,runs\models_9x9_heads\best.pt,runs\models_9x9\best.pt,runs\models_9x9_heads\best.pt,p2_win,0.0,60
532,runs\models_9x9\best.pt,runs\models_9x9_heads\best.pt,runs\models_9x9\best.pt,runs\models_9x9_heads\best.pt,p2_win,0.0,72
533,runs\models_9x9\best.pt,runs\models_9x9_heads\best.pt,runs\models_9x9_heads\best.pt,runs\models_9x9\best.pt,p2_win,1.0,72
534,runs\models_9x9\best.pt,runs\models_9x9_heads\best.pt,runs\models_9x9\best.pt,runs\models_9x9_heads\best.pt,p2_win,0.0,70
535,runs\models_9x9\best.pt,runs\models_9x9_heads\best.pt,runs\models_9x9_heads\best.pt,runs\models_9x9\best.pt,p1_win,0.0,71
536,runs\models_9x9\best.pt,runs\models_9x9_heads\best.pt,runs\models_9x9\best.pt,runs\models_9x9_heads\best.pt,p2_win,0.0,62
537,runs\models_9x9\best.pt,runs\models_9x9_heads\best.pt,runs\models_9x9\best.pt,runs\models_9x9_heads\best.pt,p2_win,0.0,64
538,runs\models_9x9\best.pt,runs\models_9x9_heads\best.pt,runs\models_9x9_heads\best.pt,runs\models_9x9\best.pt,p1_win,0.0,61
539,runs\models_9x9\best.pt,runs\models_9x9_heads\best.pt,runs\models_9x9_heads\best.pt,runs\models_9x9\best.pt,p1_win,0.0,61
540,runs\models_9x9\best.pt,runs\models_9x9_heads\best.pt,runs\models_9x9_heads\best.pt,runs\models_9x9\best.pt,p1_win,0.0,63
541,runs\models_9x9\best.pt,runs\models_9x9_heads\best.pt,runs\models_9x9_heads\best.pt,runs\models_9x9\best.pt,p2_win,1.0,58
542,runs\models_9x9\best.pt,runs\models_9x9_heads\best.pt,runs\models_9x9_heads\best.pt,runs\models_9x9\best.pt,p1_win,0.0,69
543,runs\models_9x9\best.pt,runs\models_9x9_heads\best.pt,runs\models_9x9\best.pt,runs\models_9x9_heads\best.pt,p1_win,1.0,65
544,runs\models_9x9\best.pt,runs\models_9x9_heads\best.pt,runs\models_9x9_heads\best.pt,runs\models_9x9\best.pt,p1_win,0.0,61
545,runs\models_9x9\best.pt,runs\models_9x9_heads\best.pt,runs\models_9x9_heads\best.pt,runs\models_9x9\best.pt,p1_win,0.0,63
546,runs\models_9x9\best.pt,runs\models_9x9_heads\best.pt,runs\models_9x9_heads\best.pt,runs\models_9x9\best.pt,p2_win,1.0,66
547,runs\models_9x9\best.pt,runs\models_9x9_heads\best.pt,runs\models_9x9_heads\best.pt,runs\models_9x9\best.pt,p2_win,1.0,72
548,runs\models_9x9\best.pt,runs\models_9x9_heads\best.pt,runs\models_9x9_heads\best.pt,runs\models_9x9\best.pt,p2_win,1.0,64
549,runs\models_9x9\best.pt,runs\models_9x9_heads\best.pt,runs\models_9x9\best.pt,runs\models_9x9_heads\best.pt,p2_win,0.0,66
550,runs\models_9x9\best.pt,runs\models_9x9_heads\best.pt,runs\models_9x9\best.pt,runs\models_9x9_heads\best.pt,p2_win,0.0,64
551,runs\models_9x9\best.pt,runs\models_9x9_heads\best.pt,runs\models_9x9_heads\best.pt,runs\models_9x9\best.pt,p1_win,0.0,63
552,runs\models_9x9\best.pt,runs\models_9x9_heads\best.pt,runs\models_9x9\best.pt,runs\models_9x9_heads\best.pt,p2_win,0.0,72
553,runs\models_9x9\best.pt,runs\models_9x9_heads\best.pt,runs\models_9x9_heads\best.pt,runs\models_9x9\best.pt,p1_win,0.0,67
554,runs\models_9x9\best.pt,runs\models_9x9_heads\best.pt,runs\models_9x9\best.pt,runs\models_9x9_heads\best.pt,p1_win,1.0,69
555,runs\models_9x9\best.pt,runs\models_9x9_heads\best.pt,runs\models_9x9_heads\best.pt,runs\models_9x9\best.pt,p1_win,0.0,65
556,runs\models_9x9\best.pt,runs\models_9x9_heads\best.pt,runs\models_9x9\best.pt,runs\models_9x9_heads\best.pt,p2_win,0.0,64
557,runs\models_9x9\best.pt,runs\models_9x9_heads\best.pt,runs\models_9x9\best.pt,runs\models_9x9_heads\best.pt,p2_win,0.0,74
558,runs\models_9x9\best.pt,runs\models_9x9_heads\best.pt,runs\models_9x9_heads\best.pt,runs\models_9x9\best.pt,p1_win,0.0,63
559,runs\models_9x9\best.pt,runs\models_9x9_heads\best.pt,runs\models_9x9_heads\best.pt,runs\models_9x9\best.pt,p1_win,0.0,65
560,runs\models_9x9\best.pt,runs\models_9x9_heads\best.pt,runs\models_9x9_heads\best.pt,runs\models_9x9\best.pt,p1_win,0.0,65
561,runs\models_9x9\best.pt,runs\models_9x9_heads\best.pt,runs\models_9x9\best.pt,runs\models_9x9_heads\best.pt,p2_win,0.0,60
562,runs\models_9x9\best.pt,runs\models_9x9_heads\best.pt,runs\models_9x9\best.pt,runs\models_9x9_heads\best.pt,p2_win,0.0,64
563,runs\models_9x9\best.pt,runs\models_9x9_heads\best.pt,runs\models_9x9_heads\best.pt,runs\models_9x9\best.pt,p2_win,1.0,60
564,runs\models_9x9\best.pt,runs\models_9x9_heads\best.pt,runs\models_9x9\best.pt,runs\models_9x9_heads\best.pt,p1_win,1.0,67
565,runs\models_9x9\best.pt,runs\models_9x9_heads\best.pt,runs\models_9x9_heads\best.pt,runs\models_9x9\best.pt,p1_win,0.0,63
566,runs\models_9x9\best.pt,runs\models_9x9_heads\best.pt,runs\models_9x9\best.pt,runs\models_9x9_heads\best.pt,p2_win,0.0,70
567,runs\models_9x9\best.pt,runs\models_9x9_heads\best.pt,runs\models_9x9_heads\best.pt,runs\models_9x9\best.pt,p2_win,1.0,64
568,runs\models_9x9\best.pt,runs\models_9x9_heads\best.pt,runs\models_9x9\best.pt,runs\models_9x9_heads\best.pt,p2_win,0.0,62
569,runs\models_9x9\best.pt,runs\models_9x9_heads\best.pt,runs\models_9x9\best.pt,runs\models_9x9_heads\best.pt,p1_win,1.0,59
570,runs\models_9x9\best.pt,runs\models_9x9_heads\best.pt,runs\models_9x9_heads\best.pt,runs\models_9x9\best.pt,p2_win,1.0,68
571,runs\models_9x9\best.pt,runs\models_9x9_heads\best.pt,runs\models_9x9\best.pt,runs\models_9x9_heads\best.pt,p1_win,1.0,71
572,runs\models_9x9\best.pt,runs\models_9x9_heads\best.pt,runs\models_9x9\best.pt,runs\models_9x9_heads\best.pt,p2_win,0.0,68
573,runs\models_9x9\best.pt,runs\models_9x9_heads\best.pt,runs\models_9x9_heads\best.pt,runs\models_9x9\best.pt,p1_win,0.0,75
574,runs\models_9x9\best.pt,runs\models_9x9_heads\best.pt,runs\models_9x9\best.pt,runs\models_9x9_heads\best.pt,p2_win,0.0,66
575,runs\models_9x9\best.pt,runs\models_9x9_heads\best.pt,runs\models_9x9_heads\best.pt,runs\models_9x9\best.pt,p1_win,0.0,61
576,runs\models_9x9\best.pt,runs\models_9x9_heads\best.pt,runs\models_9x9\best.pt,runs\models_9x9_heads\best.pt,p2_win,0.0,66
577,runs\models_9x9\best.pt,runs\models_9x9_heads\best.pt,runs\models_9x9_heads\best.pt,runs\models_9x9\best.pt,p1_win,0.0,65
578,runs\models_9x9\best.pt,runs\models_9x9_heads\best.pt,runs\models_9x9\best.pt,runs\models_9x9_heads\best.pt,p2_win,0.0,66
579,runs\models_9x9\best.pt,runs\models_9x9_heads\best.pt,runs\models_9x9\best.pt,runs\models_9x9_heads\best.pt,p1_win,1.0,63
580,runs\models_9x9\best.pt,runs\models_9x9_heads\best.pt,runs\models_9x9_heads\best.pt,runs\models_9x9\best.pt,p1_win,0.0,65
581,runs\models_9x9\best.pt,runs\models_9x9_heads\best.pt,runs\models_9x9_heads\best.pt,runs\models_9x9\best.pt,p1_win,0.0,73
582,runs\models_9x9\best.pt,runs\models_9x9_heads\best.pt,runs\models_9x9\best.pt,runs\models_9x9_heads\best.pt,p2_win,0.0,66
583,runs\models_9x9\best.pt,runs\models_9x9_heads\best.pt,runs\models_9x9_heads\best.pt,runs\models_9x9\best.pt,p1_win,0.0,71
584,runs\models_9x9\best.pt,runs\models_9x9_heads\best.pt,runs\models_9x9_heads\best.pt,runs\models_9x9\best.pt,p1_win,0.0,65
585,runs\models_9x9\best.pt,runs\models_9x9_heads\best.pt,runs\models_9x9\best.pt,runs\models_9x9_heads\best.pt,p2_win,0.0,66
586,runs\models_9x9\best.pt,runs\models_9x9_heads\best.pt,runs\models_9x9_heads\best.pt,runs\models_9x9\best.pt,p1_win,0.0,71
587,runs\models_9x9\best.pt,runs\models_9x9_heads\best.pt,runs\models_9x9\best.pt,runs\models_9x9_heads\best.pt,p2_win,0.0,76
588,runs\models_9x9\best.pt,runs\models_9x9_heads\best.pt,runs\models_9x9_heads\best.pt,runs\models_9x9\best.pt,p1_win,0.0,67
589,runs\models_9x9\best.pt,runs\models_9x9_heads\best.pt,runs\models_9x9_heads\best.pt,runs\models_9x9\best.pt,p1_win,0.0,67
590,runs\models_9x9\best.pt,runs\models_9x9_heads\best.pt,runs\models_9x9_heads\best.pt,runs\models_9x9\best.pt,p1_win,0.0,67
591,runs\models_9x9\best.pt,runs\models_9x9_heads\best.pt,runs\models_9x9_heads\best.pt,runs\models_9x9\best.pt,p1_win,0.0,75
592,runs\models_9x9\best.pt,runs\models_9x9_heads\best.pt,runs\models_9x9_heads\best.pt,runs\models_9x9\best.pt,p1_win,0.0,67
593,runs\models_9x9\best.pt,runs\models_9x9_heads\best.pt,runs\models_9x9_heads\best.pt,runs\models_9x9\best.pt,p1_win,0.0,67
594,runs\models_9x9\best.pt,runs\models_9x9_heads\best.pt,runs\models_9x9\best.pt,runs\models_9x9_heads\best.pt,p2_win,0.0,72
595,runs\models_9x9\best.pt,runs\models_9x9_heads\best.pt,runs\models_9x9_heads\best.pt,runs\models_9x9\best.pt,p1_win,0.0,63
596,runs\models_9x9\best.pt,runs\models_9x9_heads\best.pt,runs\models_9x9_heads\best.pt,runs\models_9x9\best.pt,p2_win,1.0,72
597,runs\models_9x9\best.pt,runs\models_9x9_heads\best.pt,runs\models_9x9\best.pt,runs\models_9x9_heads\best.pt,p1_win,1.0,75
598,runs\models_9x9\best.pt,runs\models_9x9_heads\best.pt,runs\models_9x9_heads\best.pt,runs\models_9x9\best.pt,p1_win,0.0,65
599,runs\models_9x9\best.pt,runs\models_9x9_heads\best.pt,runs\models_9x9_heads\best.pt,runs\models_9x9\best.pt,p2_win,1.0,58
600,runs\models_9x9\best.pt,runs\models_9x9_heads\best.pt,runs\models_9x9_heads\best.pt,runs\models_9x9\best.pt,p1_win,0.0,87
601,runs\models_9x9\best.pt,runs\models_9x9_heads\best.pt,runs\models_9x9\best.pt,runs\models_9x9_heads\best.pt,p2_win,0.0,70
602,runs\models_9x9\best.pt,runs\models_9x9_heads\best.pt,runs\models_9x9\best.pt,runs\models_9x9_heads\best.pt,p2_win,0.0,62
603,runs\models_9x9\best.pt,runs\models_9x9_heads\best.pt,runs\models_9x9\best.pt,runs\models_9x9_heads\best.pt,p2_win,0.0,66
604,runs\models_9x9\best.pt,runs\models_9x9_heads\best.pt,runs\models_9x9\best.pt,runs\models_9x9_heads\best.pt,p2_win,0.0,66
605,runs\models_9x9\best.pt,runs\models_9x9_heads\best.pt,runs\models_9x9\best.pt,runs\models_9x9_heads\best.pt,p2_win,0.0,68
606,runs\models_9x9\best.pt,runs\models_9x9_heads\best.pt,runs\models_9x9\best.pt,runs\models_9x9_heads\best.pt,p2_win,0.0,66
607,runs\models_9x9\best.pt,runs\models_9x9_heads\best.pt,runs\models_9x9_heads\best.pt,runs\models_9x9\best.pt,p1_win,0.0,79
608,runs\models_9x9\best.pt,runs\models_9x9_heads\best.pt,runs\models_9x9\best.pt,runs\models_9x9_heads\best.pt,p1_win,1.0,63
609,runs\models_9x9\best.pt,runs\models_9x9_heads\best.pt,runs\models_9x9_heads\best.pt,runs\models_9x9\best.pt,p1_win,0.0,67
610,runs\models_9x9\best.pt,runs\models_9x9_heads\best.pt,runs\models_9x9_heads\best.pt,runs\models_9x9\best.pt,p1_win,0.0,61
611,runs\models_9x9\best.pt,runs\models_9x9_heads\best.pt,runs\models_9x9\best.pt,runs\models_9x9_heads\best.pt,p2_win,0.0,64
612,runs\models_9x9\best.pt,runs\models_9x9_heads\best.pt,runs\models_9x9_heads\best.pt,runs\models_9x9\best.pt,p1_win,0.0,67
613,runs\models_9x9\best.pt,runs\models_9x9_heads\best.pt,runs\models_9x9_heads\best.pt,runs\models_9x9\best.pt,p1_win,0.0,63
614,runs\models_9x9\best.pt,runs\models_9x9_heads\best.pt,runs\models_9x9_heads\best.pt,runs\models_9x9\best.pt,p1_win,0.0,69
615,runs\models_9x9\best.pt,runs\models_9x9_heads\best.pt,runs\models_9x9_heads\best.pt,runs\models_9x9\best.pt,p1_win,0.0,65
616,runs\models_9x9\best.pt,runs\models_9x9_heads\best.pt,runs\models_9x9_heads\best.pt,runs\models_9x9\best.pt,p1_win,0.0,69
617,runs\models_9x9\best.pt,runs\models_9x9_heads\best.pt,runs\models_9x9_heads\best.pt,runs\models_9x9\best.pt,p1_win,0.0,67
618,runs\models_9x9\best.pt,runs\models_9x9_heads\best.pt,runs\models_9x9_heads\best.pt,runs\models_9x9\best.pt,p1_win,0.0,73
619,runs\models_9x9\best.pt,runs\models_9x9_heads\best.pt,runs\models_9x9\best.pt,runs\models_9x9_heads\best.pt,p2_win,0.0,64
620,runs\models_9x9\best.pt,runs\models_9x9_heads\best.pt,runs\models_9x9_heads\best.pt,runs\models_9x9\best.pt,p1_win,0.0,63
621,runs\models_9x9\best.pt,runs\models_9x9_heads\best.pt,runs\models_9x9_heads\best.pt,runs\models_9x9\best.pt,p2_win,1.0,74
622,runs\models_9x9\best.pt,runs\models_9x9_heads\best.pt,runs\models_9x9\best.pt,runs\models_9x9_heads\best.pt,p2_win,0.0,64
623,runs\models_9x9\best.pt,runs\models_9x9_heads\best.pt,runs\models_9x9\best.pt,runs\models_9x9_heads\best.pt,p2_win,0.0,72
624,runs\models_9x9\best.pt,runs\models_9x9_heads\best.pt,runs\models_9x9\best.pt,runs\models_9x9_heads\best.pt,p2_win,0.0,70
625,runs\models_9x9\best.pt,runs\models_9x9_heads\best.pt,runs\models_9x9\best.pt,runs\models_9x9_heads\best.pt,p2_win,0.0,62
626,runs\models_9x9\best.pt,runs\models_9x9_heads\best.pt,runs\models_9x9_heads\best.pt,runs\models_9x9\best.pt,p2_win,1.0,68
627,runs\models_9x9\best.pt,runs\models_9x9_heads\best.pt,runs\models_9x9_heads\best.pt,runs\models_9x9\best.pt,p1_win,0.0,69
628,runs\models_9x9\best.pt,runs\models_9x9_heads\best.pt,runs\models_9x9\best.pt,runs\models_9x9_heads\best.pt,p1_win,1.0,73
629,runs\models_9x9\best.pt,runs\models_9x9_heads\best.pt,runs\models_9x9_heads\best.pt,runs\models_9x9\best.pt,p1_win,0.0,65
630,runs\models_9x9\best.pt,runs\models_9x9_heads\best.pt,runs\models_9x9\best.pt,runs\models_9x9_heads\best.pt,p2_win,0.0,68
631,runs\models_9x9\best.pt,runs\models_9x9_heads\best.pt,runs\models_9x9\best.pt,runs\models_9x9_heads\best.pt,p2_win,0.0,72
632,runs\models_9x9\best.pt,runs\models_9x9_heads\best.pt,runs\models_9x9\best.pt,runs\models_9x9_heads\best.pt,p2_win,0.0,72
633,runs\models_9x9\best.pt,runs\models_9x9_heads\best.pt,runs\models_9x9\best.pt,runs\models_9x9_heads\best.pt,p2_win,0.0,74
634,runs\models_9x9\best.pt,runs\models_9x9_heads\best.pt,runs\models_9x9\best.pt,runs\models_9x9_heads\best.pt,p1_win,1.0,67
635,runs\models_9x9\best.pt,runs\models_9x9_heads\best.pt,runs\models_9x9_heads\best.pt,runs\models_9x9\best.pt,p1_win,0.0,71
636,runs\models_9x9\best.pt,runs\models_9x9_heads\best.pt,runs\models_9x9_heads\best.pt,runs\models_9x9\best.pt,p2_win,1.0,62
637,runs\models_9x9\best.pt,runs\models_9x9_heads\best.pt,runs\models_9x9\best.pt,runs\models_9x9_heads\best.pt,p1_win,1.0,67
638,runs\models_9x9\best.pt,runs\models_9x9_heads\best.pt,runs\models_9x9_heads\best.pt,runs\models_9x9\best.pt,p2_win,1.0,72
639,runs\models_9x9\best.pt,runs\models_9x9_heads\best.pt,runs\models_9x9_heads\best.pt,runs\models_9x9\best.pt,p2_win,1.0,64
640,runs\models_9x9\best.pt,runs\models_9x9_heads\best.pt,runs\models_9x9\best.pt,runs\models_9x9_heads\best.pt,p1_win,1.0,73
641,runs\models_9x9\best.pt,runs\models_9x9_heads\best.pt,runs\models_9x9_heads\best.pt,runs\models_9x9\best.pt,p1_win,0.0,67
642,runs\models_9x9\best.pt,runs\models_9x9_heads\best.pt,runs\models_9x9_heads\best.pt,runs\models_9x9\best.pt,p1_win,0.0,65
643,runs\models_9x9\best.pt,runs\models_9x9_heads\best.pt,runs\models_9x9_heads\best.pt,runs\models_9x9\best.pt,p1_win,0.0,67
644,runs\models_9x9\best.pt,runs\models_9x9_heads\best.pt,runs\models_9x9_heads\best.pt,runs\models_9x9\best.pt,p1_win,0.0,67
645,runs\models_9x9\best.pt,runs\models_9x9_heads\best.pt,runs\models_9x9\best.pt,runs\models_9x9_heads\best.pt,p1_win,1.0,65
646,runs\models_9x9\best.pt,runs\models_9x9_heads\best.pt,runs\models_9x9\best.pt,runs\models_9x9_heads\best.pt,p2_win,0.0,66
647,runs\models_9x9\best.pt,runs\models_9x9_heads\best.pt,runs\models_9x9\best.pt,runs\models_9x9_heads\best.pt,p2_win,0.0,64
648,runs\models_9x9\best.pt,runs\models_9x9_heads\best.pt,runs\models_9x9_heads\best.pt,runs\models_9x9\best.pt,p2_win,1.0,68
649,runs\models_9x9\best.pt,runs\models_9x9_heads\best.pt,runs\models_9x9_heads\best.pt,runs\models_9x9\best.pt,p1_win,0.0,79
650,runs\models_9x9\best.pt,runs\models_9x9_heads\best.pt,runs\models_9x9\best.pt,runs\models_9x9_heads\best.pt,p2_win,0.0,66
651,runs\models_9x9\best.pt,runs\models_9x9_heads\best.pt,runs\models_9x9_heads\best.pt,runs\models_9x9\best.pt,p1_win,0.0,69
652,runs\models_9x9\best.pt,runs\models_9x9_heads\best.pt,runs\models_9x9\best.pt,runs\models_9x9_heads\best.pt,p1_win,1.0,71
653,runs\models_9x9\best.pt,runs\models_9x9_heads\best.pt,runs\models_9x9\best.pt,runs\models_9x9_heads\best.pt,p2_win,0.0,66
654,runs\models_9x9\best.pt,runs\models_9x9_heads\best.pt,runs\models_9x9\best.pt,runs\models_9x9_heads\best.pt,p1_win,1.0,75
655,runs\models_9x9\best.pt,runs\models_9x9_heads\best.pt,runs\models_9x9_heads\best.pt,runs\models_9x9\best.pt,p1_win,0.0,63
656,runs\models_9x9\best.pt,runs\models_9x9_heads\best.pt,runs\models_9x9\best.pt,runs\models_9x9_heads\best.pt,p2_win,0.0,64
657,runs\models_9x9\best.pt,runs\models_9x9_heads\best.pt,runs\models_9x9\best.pt,runs\models_9x9_heads\best.pt,p1_win,1.0,77
658,runs\models_9x9\best.pt,runs\models_9x9_heads\best.pt,runs\models_9x9_heads\best.pt,runs\models_9x9\best.pt,p1_win,0.0,63
659,runs\models_9x9\best.pt,runs\models_9x9_heads\best.pt,runs\models_9x9\best.pt,runs\models_9x9_heads\best.pt,p1_win,1.0,65
660,runs\models_9x9\best.pt,runs\models_9x9_heads\best.pt,runs\models_9x9_heads\best.pt,runs\models_9x9\best.pt,p1_win,0.0,67
661,runs\models_9x9\best.pt,runs\models_9x9_heads\best.pt,runs\models_9x9\best.pt,runs\models_9x9_heads\best.pt,p1_win,1.0,65
662,runs\models_9x9\best.pt,runs\models_9x9_heads\best.pt,runs\models_9x9\best.pt,runs\models_9x9_heads\best.pt,p2_win,0.0,72
663,runs\models_9x9\best.pt,runs\models_9x9_heads\best.pt,runs\models_9x9_heads\best.pt,runs\models_9x9\best.pt,p2_win,1.0,66
664,runs\models_9x9\best.pt,runs\models_9x9_heads\best.pt,runs\models_9x9_heads\best.pt,runs\models_9x9\best.pt,p1_win,0.0,69
665,runs\models_9x9\best.pt,runs\models_9x9_heads\best.pt,runs\models_9x9_heads\best.pt,runs\models_9x9\best.pt,p2_win,1.0,68
666,runs\models_9x9\best.pt,runs\models_9x9_heads\best.pt,runs\models_9x9_heads\best.pt,runs\models_9x9\best.pt,p2_win,1.0,76
667,runs\models_9x9\best.pt,runs\models_9x9_heads\best.pt,runs\models_9x9_heads\best.pt,runs\models_9x9\best.pt,p1_win,0.0,63
668,runs\models_9x9\best.pt,runs\models_9x9_heads\best.pt,runs\models_9x9\best.pt,runs\models_9x9_heads\best.pt,p2_win,0.0,68
669,runs\models_9x9\best.pt,runs\models_9x9_heads\best.pt,runs\models_9x9\best.pt,runs\models_9x9_heads\best.pt,p2_win,0.0,66
670,runs\models_9x9\best.pt,runs\models_9x9_heads\best.pt,runs\models_9x9_heads\best.pt,runs\models_9x9\best.pt,p1_win,0.0,65
671,runs\models_9x9\best.pt,runs\models_9x9_heads\best.pt,runs\models_9x9_heads\best.pt,runs\models_9x9\best.pt,p1_win,0.0,73
672,runs\models_9x9\best.pt,runs\models_9x9_heads\best.pt,runs\models_9x9_heads\best.pt,runs\models_9x9\best.pt,p1_win,0.0,71
673,runs\models_9x9\best.pt,runs\models_9x9_heads\best.pt,runs\models_9x9_heads\best.pt,runs\models_9x9\best.pt,p1_win,0.0,65
674,runs\models_9x9\best.pt,runs\models_9x9_heads\best.pt,runs\models_9x9\best.pt,runs\models_9x9_heads\best.pt,p2_win,0.0,64
675,runs\models_9x9\best.pt,runs\models_9x9_heads\best.pt,runs\models_9x9\best.pt,runs\models_9x9_heads\best.pt,p2_win,0.0,74
676,runs\models_9x9\best.pt,runs\models_9x9_heads\best.pt,runs\models_9x9_heads\best.pt,runs\models_9x9\best.pt,p2_win,1.0,64
677,runs\models_9x9\best.pt,runs\models_9x9_heads\best.pt,runs\models_9x9\best.pt,runs\models_9x9_heads\best.pt,p2_win,0.0,72
678,runs\models_9x9\best.pt,runs\models_9x9_heads\best.pt,runs\models_9x9\best.pt,runs\models_9x9_heads\best.pt,p2_win,0.0,78
679,runs\models_9x9\best.pt,runs\models_9x9_heads\best.pt,runs\models_9x9\best.pt,runs\models_9x9_heads\best.pt,p1_win,1.0,67
680,runs\models_9x9\best.pt,runs\models_9x9_heads\best.pt,runs\models_9x9_heads\best.pt,runs\models_9x9\best.pt,p1_win,0.0,73
681,runs\models_9x9\best.pt,runs\models_9x9_heads\best.pt,runs\models_9x9\best.pt,runs\models_9x9_heads\best.pt,p2_win,0.0,68
682,runs\models_9x9\best.pt,runs\models_9x9_heads\best.pt,runs\models_9x9_heads\best.pt,runs\models_9x9\best.pt,p1_win,0.0,73
683,runs\models_9x9\best.pt,runs\models_9x9_heads\best.pt,runs\models_9x9_heads\best.pt,runs\models_9x9\best.pt,p2_win,1.0,68
684,runs\models_9x9\best.pt,runs\models_9x9_heads\best.pt,runs\models_9x9\best.pt,runs\models_9x9_heads\best.pt,p1_win,1.0,71
685,runs\models_9x9\best.pt,runs\models_9x9_heads\best.pt,runs\models_9x9_heads\best.pt,runs\models_9x9\best.pt,p2_win,1.0,68
686,runs\models_9x9\best.pt,runs\models_9x9_heads\best.pt,runs\models_9x9\best.pt,runs\models_9x9_heads\best.pt,p2_win,0.0,68
687,runs\models_9x9\best.pt,runs\models_9x9_heads\best.pt,runs\models_9x9_heads\best.pt,runs\models_9x9\best.pt,p1_win,0.0,65
688,runs\models_9x9\best.pt,runs\models_9x9_heads\best.pt,runs\models_9x9_heads\best.pt,runs\models_9x9\best.pt,draw,0.5,63
689,runs\models_9x9\best.pt,runs\models_9x9_heads\best.pt,runs\models_9x9\best.pt,runs\models_9x9_heads\best.pt,p2_win,0.0,72
690,runs\models_9x9\best.pt,runs\models_9x9_heads\best.pt,runs\models_9x9_heads\best.pt,runs\models_9x9\best.pt,p1_win,0.0,73
691,runs\models_9x9\best.pt,runs\models_9x9_heads\best.pt,runs\models_9x9_heads\best.pt,runs\models_9x9\best.pt,p1_win,0.0,69
692,runs\models_9x9\best.pt,runs\models_9x9_heads\best.pt,runs\models_9x9\best.pt,runs\models_9x9_heads\best.pt,p2_win,0.0,68
693,runs\models_9x9\best.pt,runs\models_9x9_heads\best.pt,runs\models_9x9\best.pt,runs\models_9x9_heads\best.pt,p2_win,0.0,72
694,runs\models_9x9\best.pt,runs\models_9x9_heads\best.pt,runs\models_9x9_heads\best.pt,runs\models_9x9\best.pt,p1_win,0.0,83
695,runs\models_9x9\best.pt,runs\models_9x9_heads\best.pt,runs\models_9x9\best.pt,runs\models_9x9_heads\best.pt,p2_win,0.0,76
696,runs\models_9x9\best.pt,runs\models_9x9_heads\best.pt,runs\models_9x9\best.pt,runs\models_9x9_heads\best.pt,p1_win,1.0,67
697,runs\models_9x9\best.pt,runs\models_9x9_heads\best.pt,runs\models_9x9\best.pt,runs\models_9x9_heads\best.pt,p2_win,0.0,68
698,runs\models_9x9\best.pt,runs\models_9x9_heads\best.pt,runs\models_9x9\best.pt,runs\models_9x9_heads\best.pt,p2_win,0.0,66
699,runs\models_9x9\best.pt,runs\models_9x9_heads\best.pt,runs\models_9x9\best.pt,runs\models_9x9_heads\best.pt,p2_win,0.0,80
700,runs\models_9x9\best.pt,runs\models_9x9_heads\best.pt,runs\models_9x9_heads\best.pt,runs\models_9x9\best.pt,p2_win,1.0,68
701,runs\models_9x9\best.pt,runs\models_9x9_heads\best.pt,runs\models_9x9\best.pt,runs\models_9x9_heads\best.pt,p2_win,0.0,68
702,runs\models_9x9\best.pt,runs\models_9x9_heads\best.pt,runs\models_9x9\best.pt,runs\models_9x9_heads\best.pt,p2_win,0.0,68
703,runs\models_9x9\best.pt,runs\models_9x9_heads\best.pt,runs\models_9x9\best.pt,runs\models_9x9_heads\best.pt,p2_win,0.0,68
704,runs\models_9x9\best.pt,runs\models_9x9_heads\best.pt,runs\models_9x9_heads\best.pt,runs\models_9x9\best.pt,p1_win,0.0,63
705,runs\models_9x9\best.pt,runs\models_9x9_heads\best.pt,runs\models_9x9\best.pt,runs\models_9x9_heads\best.pt,p2_win,0.0,72
706,runs\models_9x9\best.pt,runs\models_9x9_heads\best.pt,runs\models_9x9\best.pt,runs\models_9x9_heads\best.pt,p2_win,0.0,72
707,runs\models_9x9\best.pt,runs\models_9x9_heads\best.pt,runs\models_9x9\best.pt,runs\models_9x9_heads\best.pt,p2_win,0.0,68
708,runs\models_9x9\best.pt,runs\models_9x9_heads\best.pt,runs\models_9x9_heads\best.pt,runs\models_9x9\best.pt,p2_win,1.0,68
709,runs\models_9x9\best.pt,runs\models_9x9_heads\best.pt,runs\models_9x9\best.pt,runs\models_9x9_heads\best.pt,p2_win,0.0,72
710,runs\models_9x9\best.pt,runs\models_9x9_heads\best.pt,runs\models_9x9_heads\best.pt,runs\models_9x9\best.pt,p1_win,0.0,67
711,runs\models_9x9\best.pt,runs\models_9x9_heads\best.pt,runs\models_9x9_heads\best.pt,runs\models_9x9\best.pt,p1_win,0.0,69
712,runs\models_9x9\best.pt,runs\models_9x9_heads\best.pt,runs\models_9x9_heads\best.pt,runs\models_9x9\best.pt,p1_win,0.0,69
713,runs\models_9x9\best.pt,runs\models_9x9_heads\best.pt,runs\models_9x9\best.pt,runs\models_9x9_heads\best.pt,p2_win,0.0,72
714,runs\models_9x9\best.pt,runs\models_9x9_heads\best.pt,runs\models_9x9\best.pt,runs\models_9x9_heads\best.pt,p2_win,0.0,68
715,runs\models_9x9\best.pt,runs\models_9x9_heads\best.pt,runs\models_9x9\best.pt,runs\models_9x9_heads\best.pt,p1_win,1.0,73
716,runs\models_9x9\best.pt,runs\models_9x9_heads\best.pt,runs\models_9x9\best.pt,runs\models_9x9_heads\best.pt,p2_win,0.0,72
717,runs\models_9x9\best.pt,runs\models_9x9_heads\best.pt,runs\models_9x9_heads\best.pt,runs\models_9x9\best.pt,p2_win,1.0,72
718,runs\models_9x9\best.pt,runs\models_9x9_heads\best.pt,runs\models_9x9_heads\best.pt,runs\models_9x9\best.pt,p1_win,0.0,73
719,runs\models_9x9\best.pt,runs\models_9x9_heads\best.pt,runs\models_9x9_heads\best.pt,runs\models_9x9\best.pt,p1_win,0.0,69
720,runs\models_9x9\best.pt,runs\models_9x9_heads\best.pt,runs\models_9x9_heads\best.pt,runs\models_9x9\best.pt,p1_win,0.0,75
721,runs\models_9x9\best.pt,runs\models_9x9_heads\best.pt,runs\models_9x9\best.pt,runs\models_9x9_heads\best.pt,p2_win,0.0,74
722,runs\models_9x9\best.pt,runs\models_9x9_heads\best.pt,runs\models_9x9_heads\best.pt,runs\models_9x9\best.pt,p1_win,0.0,69
723,runs\models_9x9\best.pt,runs\models_9x9_heads\best.pt,runs\models_9x9_heads\best.pt,runs\models_9x9\best.pt,p1_win,0.0,79
724,runs\models_9x9\best.pt,runs\models_9x9_heads\best.pt,runs\models_9x9\best.pt,runs\models_9x9_heads\best.pt,p2_win,0.0,72
725,runs\models_9x9\best.pt,runs\models_9x9_heads\best.pt,runs\models_9x9\best.pt,runs\models_9x9_heads\best.pt,p2_win,0.0,68
726,runs\models_9x9\best.pt,runs\models_9x9_heads\best.pt,runs\models_9x9_heads\best.pt,runs\models_9x9\best.pt,p2_win,1.0,66
727,runs\models_9x9\best.pt,runs\models_9x9_heads\best.pt,runs\models_9x9_heads\best.pt,runs\models_9x9\best.pt,p1_win,0.0,67
728,runs\models_9x9\best.pt,runs\models_9x9_heads\best.pt,runs\models_9x9_heads\best.pt,runs\models_9x9\best.pt,p2_win,1.0,86
729,runs\models_9x9\best.pt,runs\models_9x9_heads\best.pt,runs\models_9x9\best.pt,runs\models_9x9_heads\best.pt,p2_win,0.0,70
730,runs\models_9x9\best.pt,runs\models_9x9_heads\best.pt,runs\models_9x9\best.pt,runs\models_9x9_heads\best.pt,p2_win,0.0,80
731,runs\models_9x9\best.pt,runs\models_9x9_heads\best.pt,runs\models_9x9\best.pt,runs\models_9x9_heads\best.pt,p1_win,1.0,67
732,runs\models_9x9\best.pt,runs\models_9x9_heads\best.pt,runs\models_9x9\best.pt,runs\models_9x9_heads\best.pt,p2_win,0.0,80
733,runs\models_9x9\best.pt,runs\models_9x9_heads\best.pt,runs\models_9x9_heads\best.pt,runs\models_9x9\best.pt,p1_win,0.0,75
734,runs\models_9x9\best.pt,runs\models_9x9_heads\best.pt,runs\models_9x9\best.pt,runs\models_9x9_heads\best.pt,p1_win,1.0,75
735,runs\models_9x9\best.pt,runs\models_9x9_heads\best.pt,runs\models_9x9_heads\best.pt,runs\models_9x9\best.pt,p2_win,1.0,78
736,runs\models_9x9\best.pt,runs\models_9x9_heads\best.pt,runs\models_9x9\best.pt,runs\models_9x9_heads\best.pt,p2_win,0.0,66
737,runs\models_9x9\best.pt,runs\models_9x9_heads\best.pt,runs\models_9x9_heads\best.pt,runs\models_9x9\best.pt,p1_win,0.0,71
738,runs\models_9x9\best.pt,runs\models_9x9_heads\best.pt,runs\models_9x9\best.pt,runs\models_9x9_heads\best.pt,p2_win,0.0,76
739,runs\models_9x9\best.pt,runs\models_9x9_heads\best.pt,runs\models_9x9\best.pt,runs\models_9x9_heads\best.pt,p2_win,0.0,72
740,runs\models_9x9\best.pt,runs\models_9x9_heads\best.pt,runs\models_9x9_heads\best.pt,runs\models_9x9\best.pt,p1_win,0.0,73
741,runs\models_9x9\best.pt,runs\models_9x9_heads\best.pt,runs\models_9x9\best.pt,runs\models_9x9_heads\best.pt,p1_win,1.0,73
742,runs\models_9x9\best.pt,runs\models_9x9_heads\best.pt,runs\models_9x9_heads\best.pt,runs\models_9x9\best.pt,p1_win,0.0,79
743,runs\models_9x9\best.pt,runs\models_9x9_heads\best.pt,runs\models_9x9\best.pt,runs\models_9x9_heads\best.pt,p2_win,0.0,80
744,runs\models_9x9\best.pt,runs\models_9x9_heads\best.pt,runs\models_9x9\best.pt,runs\models_9x9_heads\best.pt,p1_win,1.0,71
745,runs\models_9x9\best.pt,runs\models_9x9_heads\best.pt,runs\models_9x9\best.pt,runs\models_9x9_heads\best.pt,p1_win,1.0,79
746,runs\models_9x9\best.pt,runs\models_9x9_heads\best.pt,runs\models_9x9\best.pt,runs\models_9x9_heads\best.pt,p1_win,1.0,67
747,runs\models_9x9\best.pt,runs\models_9x9_heads\best.pt,runs\models_9x9\best.pt,runs\models_9x9_heads\best.pt,p1_win,1.0,73
748,runs\models_9x9\best.pt,runs\models_9x9_heads\best.pt,runs\models_9x9\best.pt,runs\models_9x9_heads\best.pt,p2_win,0.0,72
749,runs\models_9x9\best.pt,runs\models_9x9_heads\best.pt,runs\models_9x9_heads\best.pt,runs\models_9x9\best.pt,p2_win,1.0,70
750,runs\models_9x9\best.pt,runs\models_9x9_heads\best.pt,runs\models_9x9\best.pt,runs\models_9x9_heads\best.pt,p2_win,0.0,80
751,runs\models_9x9\best.pt,runs\models_9x9_heads\best.pt,runs\models_9x9\best.pt,runs\models_9x9_heads\best.pt,p2_win,0.0,74
752,runs\models_9x9\best.pt,runs\models_9x9_heads\best.pt,runs\models_9x9\best.pt,runs\models_9x9_heads\best.pt,p1_win,1.0,71
753,runs\models_9x9\best.pt,runs\models_9x9_heads\best.pt,runs\models_9x9\best.pt,runs\models_9x9_heads\best.pt,p1_win,1.0,75
754,runs\models_9x9\best.pt,runs\models_9x9_heads\best.pt,runs\models_9x9\best.pt,runs\models_9x9_heads\best.pt,p2_win,0.0,72
755,runs\models_9x9\best.pt,runs\models_9x9_heads\best.pt,runs\models_9x9\best.pt,runs\models_9x9_heads\best.pt,p1_win,1.0,75
756,runs\models_9x9\best.pt,runs\models_9x9_heads\best.pt,runs\models_9x9_heads\best.pt,runs\models_9x9\best.pt,p1_win,0.0,75
757,runs\models_9x9\best.pt,runs\models_9x9_heads\best.pt,runs\models_9x9\best.pt,runs\models_9x9_heads\best.pt,p1_win,1.0,71
758,runs\models_9x9\best.pt,runs\models_9x9_heads\best.pt,runs\models_9x9\best.pt,runs\models_9x9_heads\best.pt,p2_win,0.0,68
759,runs\models_9x9\best.pt,runs\models_9x9_heads\best.pt,runs\models_9x9_heads\best.pt,runs\models_9x9\best.pt,p1_win,0.0,71
760,runs\models_9x9\best.pt,runs\models_9x9_heads\best.pt,runs\models_9x9_heads\best.pt,runs\models_9x9\best.pt,p2_win,1.0,78
761,runs\models_9x9\best.pt,runs\models_9x9_heads\best.pt,runs\models_9x9_heads\best.pt,runs\models_9x9\best.pt,p1_win,0.0,71
762,runs\models_9x9\best.pt,runs\models_9x9_heads\best.pt,runs\models_9x9\best.pt,runs\models_9x9_heads\best.pt,p2_win,0.0,80
763,runs\models_9x9\best.pt,runs\models_9x9_heads\best.pt,runs\models_9x9\best.pt,runs\models_9x9_heads\best.pt,p2_win,0.0,78
764,runs\models_9x9\best.pt,runs\models_9x9_heads\best.pt,runs\models_9x9_heads\best.pt,runs\models_9x9\best.pt,p2_win,1.0,80
765,runs\models_9x9\best.pt,runs\models_9x9_heads\best.pt,runs\models_9x9\best.pt,runs\models_9x9_heads\best.pt,p2_win,0.0,76
766,runs\models_9x9\best.pt,runs\models_9x9_heads\best.pt,runs\models_9x9_heads\best.pt,runs\models_9x9\best.pt,p2_win,1.0,74
767,runs\models_9x9\best.pt,runs\models_9x9_heads\best.pt,runs\models_9x9\best.pt,runs\models_9x9_heads\best.pt,p2_win,0.0,74
768,runs\models_9x9\best.pt,runs\models_9x9_heads\best.pt,runs\models_9x9\best.pt,runs\models_9x9_heads\best.pt,p2_win,0.0,74
769,runs\models_9x9\best.pt,runs\models_9x9_heads\best.pt,runs\models_9x9_heads\best.pt,runs\models_9x9\best.pt,p2_win,1.0,76
770,runs\models_9x9\best.pt,runs\models_9x9_heads\best.pt,runs\models_9x9\best.pt,runs\models_9x9_heads\best.pt,p2_win,0.0,76
771,runs\models_9x9\best.pt,runs\models_9x9_heads\best.pt,runs\models_9x9\best.pt,runs\models_9x9_heads\best.pt,p1_win,1.0,73
772,runs\models_9x9\best.pt,runs\models_9x9_heads\best.pt,runs\models_9x9\best.pt,runs\models_9x9_heads\best.pt,p2_win,0.0,74
773,runs\models_9x9\best.pt,runs\models_9x9_heads\best.pt,runs\models_9x9\best.pt,runs\models_9x9_heads\best.pt,p2_win,0.0,72
774,runs\models_9x9\best.pt,runs\models_9x9_heads\best.pt,runs\models_9x9\best.pt,runs\models_9x9_heads\best.pt,p2_win,0.0,72
775,runs\models_9x9\best.pt,runs\models_9x9_heads\best.pt,runs\models_9x9_heads\best.pt,runs\models_9x9\best.pt,p2_win,1.0,74
776,runs\models_9x9\best.pt,runs\models_9x9_heads\best.pt,runs\models_9x9_heads\best.pt,runs\models_9x9\best.pt,p2_win,1.0,68
777,runs\models_9x9\best.pt,runs\models_9x9_heads\best.pt,runs\models_9x9_heads\best.pt,runs\models_9x9\best.pt,p1_win,0.0,69
778,runs\models_9x9\best.pt,runs\models_9x9_heads\best.pt,runs\models_9x9_heads\best.pt,runs\models_9x9\best.pt,p1_win,0.0,75
779,runs\models_9x9\best.pt,runs\models_9x9_heads\best.pt,runs\models_9x9\best.pt,runs\models_9x9_heads\best.pt,p2_win,0.0,72
780,runs\models_9x9\best.pt,runs\models_9x9_heads\best.pt,runs\models_9x9_heads\best.pt,runs\models_9x9\best.pt,p2_win,1.0,74
781,runs\models_9x9\best.pt,runs\models_9x9_heads\best.pt,runs\models_9x9\best.pt,runs\models_9x9_heads\best.pt,p1_win,1.0,75
782,runs\models_9x9\best.pt,runs\models_9x9_heads\best.pt,runs\models_9x9_heads\best.pt,runs\models_9x9\best.pt,p1_win,0.0,73
783,runs\models_9x9\best.pt,runs\models_9x9_heads\best.pt,runs\models_9x9\best.pt,runs\models_9x9_heads\best.pt,p1_win,1.0,79
784,runs\models_9x9\best.pt,runs\models_9x9_heads\best.pt,runs\models_9x9_heads\best.pt,runs\models_9x9\best.pt,p1_win,0.0,77
785,runs\models_9x9\best.pt,runs\models_9x9_heads\best.pt,runs\models_9x9\best.pt,runs\models_9x9_heads\best.pt,p1_win,1.0,79
786,runs\models_9x9\best.pt,runs\models_9x9_heads\best.pt,runs\models_9x9_heads\best.pt,runs\models_9x9\best.pt,p2_win,1.0,74
787,runs\models_9x9\best.pt,runs\models_9x9_heads\best.pt,runs\models_9x9\best.pt,runs\models_9x9_heads\best.pt,p2_win,0.0,78
788,runs\models_9x9\best.pt,runs\models_9x9_heads\best.pt,runs\models_9x9\best.pt,runs\models_9x9_heads\best.pt,p1_win,1.0,71
789,runs\models_9x9\best.pt,runs\models_9x9_heads\best.pt,runs\models_9x9_heads\best.pt,runs\models_9x9\best.pt,p2_win,1.0,86
790,runs\models_9x9\best.pt,runs\models_9x9_heads\best.pt,runs\models_9x9_heads\best.pt,runs\models_9x9\best.pt,p2_win,1.0,76
791,runs\models_9x9\best.pt,runs\models_9x9_heads\best.pt,runs\models_9x9_heads\best.pt,runs\models_9x9\best.pt,p1_win,0.0,73
792,runs\models_9x9\best.pt,runs\models_9x9_heads\best.pt,runs\models_9x9_heads\best.pt,runs\models_9x9\best.pt,p2_win,1.0,84
793,runs\models_9x9\best.pt,runs\models_9x9_heads\best.pt,runs\models_9x9_heads\best.pt,runs\models_9x9\best.pt,p1_win,0.0,71
794,runs\models_9x9\best.pt,runs\models_9x9_heads\best.pt,runs\models_9x9_heads\best.pt,runs\models_9x9\best.pt,p2_win,1.0,84
795,runs\models_9x9\best.pt,runs\models_9x9_heads\best.pt,runs\models_9x9_heads\best.pt,runs\models_9x9\best.pt,p2_win,1.0,90
796,runs\models_9x9\best.pt,runs\models_9x9_heads\best.pt,runs\models_9x9_heads\best.pt,runs\models_9x9\best.pt,p1_win,0.0,79
797,runs\models_9x9\best.pt,runs\models_9x9_heads\best.pt,runs\models_9x9\best.pt,runs\models_9x9_heads\best.pt,p2_win,0.0,70
798,runs\models_9x9\best.pt,runs\models_9x9_heads\best.pt,runs\models_9x9\best.pt,runs\models_9x9_heads\best.pt,p1_win,1.0,71
799,runs\models_9x9\best.pt,runs\models_9x9_heads\best.pt,runs\models_9x9_heads\best.pt,runs\models_9x9\best.pt,p2_win,1.0,72
800,runs\models_9x9\best.pt,runs\models_9x9_heads\best.pt,runs\models_9x9_heads\best.pt,runs\models_9x9\best.pt,p2_win,1.0,76
801,runs\models_9x9\best.pt,runs\models_9x9_heads\best.pt,runs\models_9x9\best.pt,runs\models_9x9_heads\best.pt,p2_win,0.0,72
802,runs\models_9x9\best.pt,runs\models_9x9_heads\best.pt,runs\models_9x9\best.pt,runs\models_9x9_heads\best.pt,p2_win,0.0,78
803,runs\models_9x9\best.pt,runs\models_9x9_heads\best.pt,runs\models_9x9_heads\best.pt,runs\models_9x9\best.pt,p1_win,0.0,77
804,runs\models_9x9\best.pt,runs\models_9x9_heads\best.pt,runs\models_9x9\best.pt,runs\models_9x9_heads\best.pt,p2_win,0.0,80
805,runs\models_9x9\best.pt,runs\models_9x9_heads\best.pt,runs\models_9x9\best.pt,runs\models_9x9_heads\best.pt,p2_win,0.0,80
806,runs\models_9x9\best.pt,runs\models_9x9_heads\best.pt,runs\models_9x9\best.pt,runs\models_9x9_heads\best.pt,p2_win,0.0,80
807,runs\models_9x9\best.pt,runs\models_9x9_heads\best.pt,runs\models_9x9_heads\best.pt,runs\models_9x9\best.pt,p2_win,1.0,74
808,runs\models_9x9\best.pt,runs\models_9x9_heads\best.pt,runs\models_9x9_heads\best.pt,runs\models_9x9\best.pt,p2_win,1.0,84
809,runs\models_9x9\best.pt,runs\models_9x9_heads\best.pt,runs\models_9x9_heads\best.pt,runs\models_9x9\best.pt,p2_win,1.0,72
810,runs\models_9x9\best.pt,runs\models_9x9_heads\best.pt,runs\models_9x9_heads\best.pt,runs\models_9x9\best.pt,p1_win,0.0,83
811,runs\models_9x9\best.pt,runs\models_9x9_heads\best.pt,runs\models_9x9\best.pt,runs\models_9x9_heads\best.pt,draw,0.5,92
812,runs\models_9x9\best.pt,runs\models_9x9_heads\best.pt,runs\models_9x9_heads\best.pt,runs\models_9x9\best.pt,p1_win,0.0,73
813,runs\models_9x9\best.pt,runs\models_9x9_heads\best.pt,runs\models_9x9_heads\best.pt,runs\models_9x9\best.pt,p1_win,0.0,71
814,runs\models_9x9\best.pt,runs\models_9x9_heads\best.pt,runs\models_9x9_heads\best.pt,runs\models_9x9\best.pt,p1_win,0.0,73
815,runs\models_9x9\best.pt,runs\models_9x9_heads\best.pt,runs\models_9x9_heads\best.pt,runs\models_9x9\best.pt,p1_win,0.0,87
816,runs\models_9x9\best.pt,runs\models_9x9_heads\best.pt,runs\models_9x9_heads\best.pt,runs\models_9x9\best.pt,p2_win,1.0,74
817,runs\models_9x9\best.pt,runs\models_9x9_heads\best.pt,runs\models_9x9_heads\best.pt,runs\models_9x9\best.pt,p1_win,0.0,79
818,runs\models_9x9\best.pt,runs\models_9x9_heads\best.pt,runs\models_9x9\best.pt,runs\models_9x9_heads\best.pt,p1_win,1.0,77
819,runs\models_9x9\best.pt,runs\models_9x9_heads\best.pt,runs\models_9x9\best.pt,runs\models_9x9_heads\best.pt,p1_win,1.0,83
820,runs\models_9x9\best.pt,runs\models_9x9_heads\best.pt,runs\models_9x9\best.pt,runs\models_9x9_heads\best.pt,p2_win,0.0,72
821,runs\models_9x9\best.pt,runs\models_9x9_heads\best.pt,runs\models_9x9\best.pt,runs\models_9x9_heads\best.pt,p2_win,0.0,76
822,runs\models_9x9\best.pt,runs\models_9x9_heads\best.pt,runs\models_9x9_heads\best.pt,runs\models_9x9\best.pt,p2_win,1.0,84
823,runs\models_9x9\best.pt,runs\models_9x9_heads\best.pt,runs\models_9x9_heads\best.pt,runs\models_9x9\best.pt,p1_win,0.0,79
824,runs\models_9x9\best.pt,runs\models_9x9_heads\best.pt,runs\models_9x9_heads\best.pt,runs\models_9x9\best.pt,p2_win,1.0,78
825,runs\models_9x9\best.pt,runs\models_9x9_heads\best.pt,runs\models_9x9\best.pt,runs\models_9x9_heads\best.pt,p1_win,1.0,79
826,runs\models_9x9\best.pt,runs\models_9x9_heads\best.pt,runs\models_9x9_heads\best.pt,runs\models_9x9\best.pt,p1_win,0.0,75
827,runs\models_9x9\best.pt,runs\models_9x9_heads\best.pt,runs\models_9x9\best.pt,runs\models_9x9_heads\best.pt,p2_win,0.0,78
828,runs\models_9x9\best.pt,runs\models_9x9_heads\best.pt,runs\models_9x9\best.pt,runs\models_9x9_heads\best.pt,p2_win,0.0,86
829,runs\models_9x9\best.pt,runs\models_9x9_heads\best.pt,runs\models_9x9_heads\best.pt,runs\models_9x9\best.pt,p2_win,1.0,82
830,runs\models_9x9\best.pt,runs\models_9x9_heads\best.pt,runs\models_9x9\best.pt,runs\models_9x9_heads\best.pt,p1_win,1.0,83
831,runs\models_9x9\best.pt,runs\models_9x9_heads\best.pt,runs\models_9x9_heads\best.pt,runs\models_9x9\best.pt,p2_win,1.0,78
832,runs\models_9x9\best.pt,runs\models_9x9_heads\best.pt,runs\models_9x9_heads\best.pt,runs\models_9x9\best.pt,p1_win,0.0,77
833,runs\models_9x9\best.pt,runs\models_9x9_heads\best.pt,runs\models_9x9\best.pt,runs\models_9x9_heads\best.pt,p2_win,0.0,82
834,runs\models_9x9\best.pt,runs\models_9x9_heads\best.pt,runs\models_9x9_heads\best.pt,runs\models_9x9\best.pt,p1_win,0.0,75
835,runs\models_9x9\best.pt,runs\models_9x9_heads\best.pt,runs\models_9x9_heads\best.pt,runs\models_9x9\best.pt,p1_win,0.0,81
836,runs\models_9x9\best.pt,runs\models_9x9_heads\best.pt,runs\models_9x9_heads\best.pt,runs\models_9x9\best.pt,p1_win,0.0,89
837,runs\models_9x9\best.pt,runs\models_9x9_heads\best.pt,runs\models_9x9\best.pt,runs\models_9x9_heads\best.pt,p1_win,1.0,77
838,runs\models_9x9\best.pt,runs\models_9x9_heads\best.pt,runs\models_9x9\best.pt,runs\models_9x9_heads\best.pt,p2_win,0.0,80
839,runs\models_9x9\best.pt,runs\models_9x9_heads\best.pt,runs\models_9x9\best.pt,runs\models_9x9_heads\best.pt,p2_win,0.0,76
840,runs\models_9x9\best.pt,runs\models_9x9_heads\best.pt,runs\models_9x9_heads\best.pt,runs\models_9x9\best.pt,p1_win,0.0,73
841,runs\models_9x9\best.pt,runs\models_9x9_heads\best.pt,runs\models_9x9_heads\best.pt,runs\models_9x9\best.pt,p2_win,1.0,76
842,runs\models_9x9\best.pt,runs\models_9x9_heads\best.pt,runs\models_9x9_heads\best.pt,runs\models_9x9\best.pt,p2_win,1.0,76
843,runs\models_9x9\best.pt,runs\models_9x9_heads\best.pt,runs\models_9x9\best.pt,runs\models_9x9_heads\best.pt,p2_win,0.0,76
844,runs\models_9x9\best.pt,runs\models_9x9_heads\best.pt,runs\models_9x9\best.pt,runs\models_9x9_heads\best.pt,p1_win,1.0,83
845,runs\models_9x9\best.pt,runs\models_9x9_heads\best.pt,runs\models_9x9\best.pt,runs\models_9x9_heads\best.pt,p1_win,1.0,85
846,runs\models_9x9\best.pt,runs\models_9x9_heads\best.pt,runs\models_9x9\best.pt,runs\models_9x9_heads\best.pt,p1_win,1.0,83
847,runs\models_9x9\best.pt,runs\models_9x9_heads\best.pt,runs\models_9x9_heads\best.pt,runs\models_9x9\best.pt,p2_win,1.0,74
848,runs\models_9x9\best.pt,runs\models_9x9_heads\best.pt,runs\models_9x9_heads\best.pt,runs\models_9x9\best.pt,p2_win,1.0,78
849,runs\models_9x9\best.pt,runs\models_9x9_heads\best.pt,runs\models_9x9\best.pt,runs\models_9x9_heads\best.pt,p2_win,0.0,88
850,runs\models_9x9\best.pt,runs\models_9x9_heads\best.pt,runs\models_9x9_heads\best.pt,runs\models_9x9\best.pt,p2_win,1.0,80
851,runs\models_9x9\best.pt,runs\models_9x9_heads\best.pt,runs\models_9x9\best.pt,runs\models_9x9_heads\best.pt,p2_win,0.0,84
852,runs\models_9x9\best.pt,runs\models_9x9_heads\best.pt,runs\models_9x9\best.pt,runs\models_9x9_heads\best.pt,p1_win,1.0,85
853,runs\models_9x9\best.pt,runs\models_9x9_heads\best.pt,runs\models_9x9\best.pt,runs\models_9x9_heads\best.pt,p2_win,0.0,76
854,runs\models_9x9\best.pt,runs\models_9x9_heads\best.pt,runs\models_9x9_heads\best.pt,runs\models_9x9\best.pt,p2_win,1.0,76
855,runs\models_9x9\best.pt,runs\models_9x9_heads\best.pt,runs\models_9x9_heads\best.pt,runs\models_9x9\best.pt,p1_win,0.0,83
856,runs\models_9x9\best.pt,runs\models_9x9_heads\best.pt,runs\models_9x9\best.pt,runs\models_9x9_heads\best.pt,p1_win,1.0,83
857,runs\models_9x9\best.pt,runs\models_9x9_heads\best.pt,runs\models_9x9_heads\best.pt,runs\models_9x9\best.pt,p1_win,0.0,79
858,runs\models_9x9\best.pt,runs\models_9x9_heads\best.pt,runs\models_9x9_heads\best.pt,runs\models_9x9\best.pt,p2_win,1.0,76
859,runs\models_9x9\best.pt,runs\models_9x9_heads\best.pt,runs\models_9x9_heads\best.pt,runs\models_9x9\best.pt,p1_win,0.0,77
860,runs\models_9x9\best.pt,runs\models_9x9_heads\best.pt,runs\models_9x9\best.pt,runs\models_9x9_heads\best.pt,p2_win,0.0,76
861,runs\models_9x9\best.pt,runs\models_9x9_heads\best.pt,runs\models_9x9_heads\best.pt,runs\models_9x9\best.pt,p1_win,0.0,81
862,runs\models_9x9\best.pt,runs\models_9x9_heads\best.pt,runs\models_9x9\best.pt,runs\models_9x9_heads\best.pt,p1_win,1.0,79
863,runs\models_9x9\best.pt,runs\models_9x9_heads\best.pt,runs\models_9x9_heads\best.pt,runs\models_9x9\best.pt,p1_win,0.0,81
864,runs\models_9x9\best.pt,runs\models_9x9_heads\best.pt,runs\models_9x9_heads\best.pt,runs\models_9x9\best.pt,p1_win,0.0,81
865,runs\models_9x9\best.pt,runs\models_9x9_heads\best.pt,runs\models_9x9_heads\best.pt,runs\models_9x9\best.pt,p2_win,1.0,88
866,runs\models_9x9\best.pt,runs\models_9x9_heads\best.pt,runs\models_9x9\best.pt,runs\models_9x9_heads\best.pt,p1_win,1.0,73
867,runs\models_9x9\best.pt,runs\models_9x9_heads\best.pt,runs\models_9x9_heads\best.pt,runs\models_9x9\best.pt,p1_win,0.0,85
868,runs\models_9x9\best.pt,runs\models_9x9_heads\best.pt,runs\models_9x9\best.pt,runs\models_9x9_heads\best.pt,p2_win,0.0,82
869,runs\models_9x9\best.pt,runs\models_9x9_heads\best.pt,runs\models_9x9\best.pt,runs\models_9x9_heads\best.pt,p1_win,1.0,75
870,runs\models_9x9\best.pt,runs\models_9x9_heads\best.pt,runs\models_9x9_heads\best.pt,runs\models_9x9\best.pt,p1_win,0.0,83
871,runs\models_9x9\best.pt,runs\models_9x9_heads\best.pt,runs\models_9x9\best.pt,runs\models_9x9_heads\best.pt,p1_win,1.0,79
872,runs\models_9x9\best.pt,runs\models_9x9_heads\best.pt,runs\models_9x9\best.pt,runs\models_9x9_heads\best.pt,p1_win,1.0,77
873,runs\models_9x9\best.pt,runs\models_9x9_heads\best.pt,runs\models_9x9_heads\best.pt,runs\models_9x9\best.pt,p1_win,0.0,79
874,runs\models_9x9\best.pt,runs\models_9x9_heads\best.pt,runs\models_9x9\best.pt,runs\models_9x9_heads\best.pt,p2_win,0.0,94
875,runs\models_9x9\best.pt,runs\models_9x9_heads\best.pt,runs\models_9x9\best.pt,runs\models_9x9_heads\best.pt,p1_win,1.0,77
876,runs\models_9x9\best.pt,runs\models_9x9_heads\best.pt,runs\models_9x9\best.pt,runs\models_9x9_heads\best.pt,p2_win,0.0,80
877,runs\models_9x9\best.pt,runs\models_9x9_heads\best.pt,runs\models_9x9_heads\best.pt,runs\models_9x9\best.pt,p1_win,0.0,79
878,runs\models_9x9\best.pt,runs\models_9x9_heads\best.pt,runs\models_9x9\best.pt,runs\models_9x9_heads\best.pt,p1_win,1.0,81
879,runs\models_9x9\best.pt,runs\models_9x9_heads\best.pt,runs\models_9x9\best.pt,runs\models_9x9_heads\best.pt,p2_win,0.0,82
880,runs\models_9x9\best.pt,runs\models_9x9_heads\best.pt,runs\models_9x9_heads\best.pt,runs\models_9x9\best.pt,p1_win,0.0,77
881,runs\models_9x9\best.pt,runs\models_9x9_heads\best.pt,runs\models_9x9_heads\best.pt,runs\models_9x9\best.pt,p2_win,1.0,82
882,runs\models_9x9\best.pt,runs\models_9x9_heads\best.pt,runs\models_9x9\best.pt,runs\models_9x9_heads\best.pt,p1_win,1.0,77
883,runs\models_9x9\best.pt,runs\models_9x9_heads\best.pt,runs\models_9x9_heads\best.pt,runs\models_9x9\best.pt,p1_win,0.0,85
884,runs\models_9x9\best.pt,runs\models_9x9_heads\best.pt,runs\models_9x9\best.pt,runs\models_9x9_heads\best.pt,p1_win,1.0,77
885,runs\models_9x9\best.pt,runs\models_9x9_heads\best.pt,runs\models_9x9\best.pt,runs\models_9x9_heads\best.pt,p1_win,1.0,81
886,runs\models_9x9\best.pt,runs\models_9x9_heads\best.pt,runs\models_9x9\best.pt,runs\models_9x9_heads\best.pt,p1_win,1.0,85
887,runs\models_9x9\best.pt,runs\models_9x9_heads\best.pt,runs\models_9x9_heads\best.pt,runs\models_9x9\best.pt,p2_win,1.0,84
888,runs\models_9x9\best.pt,runs\models_9x9_heads\best.pt,runs\models_9x9\best.pt,runs\models_9x9_heads\best.pt,p1_win,1.0,83
889,runs\models_9x9\best.pt,runs\models_9x9_heads\best.pt,runs\models_9x9_heads\best.pt,runs\models_9x9\best.pt,p1_win,0.0,79
890,runs\models_9x9\best.pt,runs\models_9x9_heads\best.pt,runs\models_9x9_heads\best.pt,runs\models_9x9\best.pt,p1_win,0.0,77
891,runs\models_9x9\best.pt,runs\models_9x9_heads\best.pt,runs\models_9x9\best.pt,runs\models_9x9_heads\best.pt,p2_win,0.0,82
892,runs\models_9x9\best.pt,runs\models_9x9_heads\best.pt,runs\models_9x9_heads\best.pt,runs\models_9x9\best.pt,p1_win,0.0,81
893,runs\models_9x9\best.pt,runs\models_9x9_heads\best.pt,runs\models_9x9_heads\best.pt,runs\models_9x9\best.pt,p2_win,1.0,84
894,runs\models_9x9\best.pt,runs\models_9x9_heads\best.pt,runs\models_9x9_heads\best.pt,runs\models_9x9\best.pt,p1_win,0.0,83
895,runs\models_9x9\best.pt,runs\models_9x9_heads\best.pt,runs\models_9x9_heads\best.pt,runs\models_9x9\best.pt,p2_win,1.0,86
896,runs\models_9x9\best.pt,runs\models_9x9_heads\best.pt,runs\models_9x9\best.pt,runs\models_9x9_heads\best.pt,p2_win,0.0,86
897,runs\models_9x9\best.pt,runs\models_9x9_heads\best.pt,runs\models_9x9\best.pt,runs\models_9x9_heads\best.pt,p2_win,0.0,94
898,runs\models_9x9\best.pt,runs\models_9x9_heads\best.pt,runs\models_9x9\best.pt,runs\models_9x9_heads\best.pt,p1_win,1.0,93
899,runs\models_9x9\best.pt,runs\models_9x9_heads\best.pt,runs\models_9x9\best.pt,runs\models_9x9_heads\best.pt,p2_win,0.0,80
900,runs\models_9x9\best.pt,runs\models_9x9_heads\best.pt,runs\models_9x9\best.pt,runs\models_9x9_heads\best.pt,p2_win,0.0,82
901,runs\models_9x9\best.pt,runs\models_9x9_heads\best.pt,runs\models_9x9\best.pt,runs\models_9x9_heads\best.pt,p2_win,0.0,82
902,runs\models_9x9\best.pt,runs\models_9x9_heads\best.pt,runs\models_9x9\best.pt,runs\models_9x9_heads\best.pt,p1_win,1.0,87
903,runs\models_9x9\best.pt,runs\models_9x9_heads\best.pt,runs\models_9x9_heads\best.pt,runs\models_9x9\best.pt,p1_win,0.0,93
904,runs\models_9x9\best.pt,runs\models_9x9_heads\best.pt,runs\models_9x9_heads\best.pt,runs\models_9x9\best.pt,p2_win,1.0,86
905,runs\models_9x9\best.pt,runs\models_9x9_heads\best.pt,runs\models_9x9\best.pt,runs\models_9x9_heads\best.pt,p1_win,1.0,91
906,runs\models_9x9\best.pt,runs\models_9x9_heads\best.pt,runs\models_9x9\best.pt,runs\models_9x9_heads\best.pt,p2_win,0.0,82
907,runs\models_9x9\best.pt,runs\models_9x9_heads\best.pt,runs\models_9x9\best.pt,runs\models_9x9_heads\best.pt,p1_win,1.0,83
908,runs\models_9x9\best.pt,runs\models_9x9_heads\best.pt,runs\models_9x9\best.pt,runs\models_9x9_heads\best.pt,p2_win,0.0,84
909,runs\models_9x9\best.pt,runs\models_9x9_heads\best.pt,runs\models_9x9\best.pt,runs\models_9x9_heads\best.pt,p2_win,0.0,84
910,runs\models_9x9\best.pt,runs\models_9x9_heads\best.pt,runs\models_9x9_heads\best.pt,runs\models_9x9\best.pt,p2_win,1.0,80
911,runs\models_9x9\best.pt,runs\models_9x9_heads\best.pt,runs\models_9x9_heads\best.pt,runs\models_9x9\best.pt,p1_win,0.0,89
912,runs\models_9x9\best.pt,runs\models_9x9_heads\best.pt,runs\models_9x9\best.pt,runs\models_9x9_heads\best.pt,p2_win,0.0,84
913,runs\models_9x9\best.pt,runs\models_9x9_heads\best.pt,runs\models_9x9_heads\best.pt,runs\models_9x9\best.pt,p1_win,0.0,89
914,runs\models_9x9\best.pt,runs\models_9x9_heads\best.pt,runs\models_9x9\best.pt,runs\models_9x9_heads\best.pt,p1_win,1.0,87
915,runs\models_9x9\best.pt,runs\models_9x9_heads\best.pt,runs\models_9x9\best.pt,runs\models_9x9_heads\best.pt,p2_win,0.0,86
916,runs\models_9x9\best.pt,runs\models_9x9_heads\best.pt,runs\models_9x9_heads\best.pt,runs\models_9x9\best.pt,p1_win,0.0,87
917,runs\models_9x9\best.pt,runs\models_9x9_heads\best.pt,runs\models_9x9_heads\best.pt,runs\models_9x9\best.pt,p2_win,1.0,86
918,runs\models_9x9\best.pt,runs\models_9x9_heads\best.pt,runs\models_9x9\best.pt,runs\models_9x9_heads\best.pt,p1_win,1.0,89
919,runs\models_9x9\best.pt,runs\models_9x9_heads\best.pt,runs\models_9x9_heads\best.pt,runs\models_9x9\best.pt,p2_win,1.0,86
920,runs\models_9x9\best.pt,runs\models_9x9_heads\best.pt,runs\models_9x9_heads\best.pt,runs\models_9x9\best.pt,p2_win,1.0,90
921,runs\models_9x9\best.pt,runs\models_9x9_heads\best.pt,runs\models_9x9_heads\best.pt,runs\models_9x9\best.pt,p1_win,0.0,87
922,runs\models_9x9\best.pt,runs\models_9x9_heads\best.pt,runs\models_9x9_heads\best.pt,runs\models_9x9\best.pt,p2_win,1.0,94
923,runs\models_9x9\best.pt,runs\models_9x9_heads\best.pt,runs\models_9x9\best.pt,runs\models_9x9_heads\best.pt,p2_win,0.0,86
924,runs\models_9x9\best.pt,runs\models_9x9_heads\best.pt,runs\models_9x9_heads\best.pt,runs\models_9x9\best.pt,p2_win,1.0,86
925,runs\models_9x9\best.pt,runs\models_9x9_heads\best.pt,runs\models_9x9_heads\best.pt,runs\models_9x9\best.pt,p1_win,0.0,83
926,runs\models_9x9\best.pt,runs\models_9x9_heads\best.pt,runs\models_9x9\best.pt,runs\models_9x9_heads\best.pt,p1_win,1.0,85
927,runs\models_9x9\best.pt,runs\models_9x9_heads\best.pt,runs\models_9x9\best.pt,runs\models_9x9_heads\best.pt,p2_win,0.0,86
928,runs\models_9x9\best.pt,runs\models_9x9_heads\best.pt,runs\models_9x9_heads\best.pt,runs\models_9x9\best.pt,p1_win,0.0,89
929,runs\models_9x9\best.pt,runs\models_9x9_heads\best.pt,runs\models_9x9_heads\best.pt,runs\models_9x9\best.pt,p2_win,1.0,90
930,runs\models_9x9\best.pt,runs\models_9x9_heads\best.pt,runs\models_9x9_heads\best.pt,runs\models_9x9\best.pt,p1_win,0.0,85
931,runs\models_9x9\best.pt,runs\models_9x9_heads\best.pt,runs\models_9x9\best.pt,runs\models_9x9_heads\best.pt,p2_win,0.0,86
932,runs\models_9x9\best.pt,runs\models_9x9_heads\best.pt,runs\models_9x9\best.pt,runs\models_9x9_heads\best.pt,p2_win,0.0,86
933,runs\models_9x9\best.pt,runs\models_9x9_heads\best.pt,runs\models_9x9_heads\best.pt,runs\models_9x9\best.pt,p1_win,0.0,87
934,runs\models_9x9\best.pt,runs\models_9x9_heads\best.pt,runs\models_9x9_heads\best.pt,runs\models_9x9\best.pt,p2_win,1.0,90
935,runs\models_9x9\best.pt,runs\models_9x9_heads\best.pt,runs\models_9x9_heads\best.pt,runs\models_9x9\best.pt,p2_win,1.0,92
936,runs\models_9x9\best.pt,runs\models_9x9_heads\best.pt,runs\models_9x9_heads\best.pt,runs\models_9x9\best.pt,p1_win,0.0,87
937,runs\models_9x9\best.pt,runs\models_9x9_heads\best.pt,runs\models_9x9\best.pt,runs\models_9x9_heads\best.pt,p1_win,1.0,83
938,runs\models_9x9\best.pt,runs\models_9x9_heads\best.pt,runs\models_9x9\best.pt,runs\models_9x9_heads\best.pt,p2_win,0.0,88
939,runs\models_9x9\best.pt,runs\models_9x9_heads\best.pt,runs\models_9x9_heads\best.pt,runs\models_9x9\best.pt,p1_win,0.0,93
940,runs\models_9x9\best.pt,runs\models_9x9_heads\best.pt,runs\models_9x9_heads\best.pt,runs\models_9x9\best.pt,p1_win,0.0,93
941,runs\models_9x9\best.pt,runs\models_9x9_heads\best.pt,runs\models_9x9_heads\best.pt,runs\models_9x9\best.pt,p2_win,1.0,100
942,runs\models_9x9\best.pt,runs\models_9x9_heads\best.pt,runs\models_9x9_heads\best.pt,runs\models_9x9\best.pt,p2_win,1.0,86
943,runs\models_9x9\best.pt,runs\models_9x9_heads\best.pt,runs\models_9x9_heads\best.pt,runs\models_9x9\best.pt,p2_win,1.0,98
944,runs\models_9x9\best.pt,runs\models_9x9_heads\best.pt,runs\models_9x9_heads\best.pt,runs\models_9x9\best.pt,p1_win,0.0,87
945,runs\models_9x9\best.pt,runs\models_9x9_heads\best.pt,runs\models_9x9\best.pt,runs\models_9x9_heads\best.pt,p2_win,0.0,92
946,runs\models_9x9\best.pt,runs\models_9x9_heads\best.pt,runs\models_9x9_heads\best.pt,runs\models_9x9\best.pt,p1_win,0.0,87
947,runs\models_9x9\best.pt,runs\models_9x9_heads\best.pt,runs\models_9x9\best.pt,runs\models_9x9_heads\best.pt,p1_win,1.0,97
948,runs\models_9x9\best.pt,runs\models_9x9_heads\best.pt,runs\models_9x9\best.pt,runs\models_9x9_heads\best.pt,p2_win,0.0,90
949,runs\models_9x9\best.pt,runs\models_9x9_heads\best.pt,runs\models_9x9\best.pt,runs\models_9x9_heads\best.pt,p1_win,1.0,93
950,runs\models_9x9\best.pt,runs\models_9x9_heads\best.pt,runs\models_9x9\best.pt,runs\models_9x9_heads\best.pt,p1_win,1.0,85
951,runs\models_9x9\best.pt,runs\models_9x9_heads\best.pt,runs\models_9x9_heads\best.pt,runs\models_9x9\best.pt,p1_win,0.0,89
952,runs\models_9x9\best.pt,runs\models_9x9_heads\best.pt,runs\models_9x9\best.pt,runs\models_9x9_heads\best.pt,p1_win,1.0,95
953,runs\models_9x9\best.pt,runs\models_9x9_heads\best.pt,runs\models_9x9_heads\best.pt,runs\models_9x9\best.pt,p1_win,0.0,87
954,runs\models_9x9\best.pt,runs\models_9x9_heads\best.pt,runs\models_9x9\best.pt,runs\models_9x9_heads\best.pt,draw,0.5,100
955,runs\models_9x9\best.pt,runs\models_9x9_heads\best.pt,runs\models_9x9\best.pt,runs\models_9x9_heads\best.pt,draw,0.5,87
956,runs\models_9x9\best.pt,runs\models_9x9_heads\best.pt,runs\models_9x9\best.pt,runs\models_9x9_heads\best.pt,draw,0.5,94
957,runs\models_9x9\best.pt,runs\models_9x9_heads\best.pt,runs\models_9x9\best.pt,runs\models_9x9_heads\best.pt,p2_win,0.0,98
958,runs\models_9x9\best.pt,runs\models_9x9_heads\best.pt,runs\models_9x9\best.pt,runs\models_9x9_heads\best.pt,p2_win,0.0,90
959,runs\models_9x9\best.pt,runs\models_9x9_heads\best.pt,runs\models_9x9\best.pt,runs\models_9x9_heads\best.pt,p2_win,0.0,88
960,runs\models_9x9\best.pt,runs\models_9x9_heads\best.pt,runs\models_9x9_heads\best.pt,runs\models_9x9\best.pt,p2_win,1.0,96
961,runs\models_9x9\best.pt,runs\models_9x9_heads\best.pt,runs\models_9x9_heads\best.pt,runs\models_9x9\best.pt,p1_win,0.0,99
962,runs\models_9x9\best.pt,runs\models_9x9_heads\best.pt,runs\models_9x9_heads\best.pt,runs\models_9x9\best.pt,p1_win,0.0,89
963,runs\models_9x9\best.pt,runs\models_9x9_heads\best.pt,runs\models_9x9_heads\best.pt,runs\models_9x9\best.pt,p2_win,1.0,94
964,runs\models_9x9\best.pt,runs\models_9x9_heads\best.pt,runs\models_9x9_heads\best.pt,runs\models_9x9\best.pt,p2_win,1.0,94
965,runs\models_9x9\best.pt,runs\models_9x9_heads\best.pt,runs\models_9x9_heads\best.pt,runs\models_9x9\best.pt,p2_win,1.0,88
966,runs\models_9x9\best.pt,runs\models_9x9_heads\best.pt,runs\models_9x9\best.pt,runs\models_9x9_heads\best.pt,p1_win,1.0,93
967,runs\models_9x9\best.pt,runs\models_9x9_heads\best.pt,runs\models_9x9\best.pt,runs\models_9x9_heads\best.pt,p2_win,0.0,90
968,runs\models_9x9\best.pt,runs\models_9x9_heads\best.pt,runs\models_9x9\best.pt,runs\models_9x9_heads\best.pt,p1_win,1.0,95
969,runs\models_9x9\best.pt,runs\models_9x9_heads\best.pt,runs\models_9x9\best.pt,runs\models_9x9_heads\best.pt,p2_win,0.0,90
970,runs\models_9x9\best.pt,runs\models_9x9_heads\best.pt,runs\models_9x9\best.pt,runs\models_9x9_heads\best.pt,p1_win,1.0,91
971,runs\models_9x9\best.pt,runs\models_9x9_heads\best.pt,runs\models_9x9_heads\best.pt,runs\models_9x9\best.pt,p1_win,0.0,99
972,runs\models_9x9\best.pt,runs\models_9x9_heads\best.pt,runs\models_9x9_heads\best.pt,runs\models_9x9\best.pt,p2_win,1.0,96
973,runs\models_9x9\best.pt,runs\models_9x9_heads\best.pt,runs\models_9x9\best.pt,runs\models_9x9_heads\best.pt,p1_win,1.0,97
974,runs\models_9x9\best.pt,runs\models_9x9_heads\best.pt,runs\models_9x9\best.pt,runs\models_9x9_heads\best.pt,p2_win,0.0,92
975,runs\models_9x9\best.pt,runs\models_9x9_heads\best.pt,runs\models_9x9_heads\best.pt,runs\models_9x9\best.pt,draw,0.5,100
976,runs\models_9x9\best.pt,runs\models_9x9_heads\best.pt,runs\models_9x9_heads\best.pt,runs\models_9x9\best.pt,p1_win,0.0,95
977,runs\models_9x9\best.pt,runs\models_9x9_heads\best.pt,runs\models_9x9_heads\best.pt,runs\models_9x9\best.pt,p1_win,0.0,91
978,runs\models_9x9\best.pt,runs\models_9x9_heads\best.pt,runs\models_9x9_heads\best.pt,runs\models_9x9\best.pt,p1_win,0.0,93
979,runs\models_9x9\best.pt,runs\models_9x9_heads\best.pt,runs\models_9x9_heads\best.pt,runs\models_9x9\best.pt,p1_win,0.0,95
980,runs\models_9x9\best.pt,runs\models_9x9_heads\best.pt,runs\models_9x9\best.pt,runs\models_9x9_heads\best.pt,p1_win,1.0,97
981,runs\models_9x9\best.pt,runs\models_9x9_heads\best.pt,runs\models_9x9\best.pt,runs\models_9x9_heads\best.pt,draw,0.5,100
982,runs\models_9x9\best.pt,runs\models_9x9_heads\best.pt,runs\models_9x9_heads\best.pt,runs\models_9x9\best.pt,draw,0.5,100
983,runs\models_9x9\best.pt,runs\models_9x9_heads\best.pt,runs\models_9x9_heads\best.pt,runs\models_9x9\best.pt,draw,0.5,100
984,runs\models_9x9\best.pt,runs\models_9x9_heads\best.pt,runs\models_9x9_heads\best.pt,runs\models_9x9\best.pt,draw,0.5,100
985,runs\models_9x9\best.pt,runs\models_9x9_heads\best.pt,runs\models_9x9\best.pt,runs\models_9x9_heads\best.pt,draw,0.5,100
986,runs\models_9x9\best.pt,runs\models_9x9_heads\best.pt,runs\models_9x9_heads\best.pt,runs\models_9x9\best.pt,draw,0.5,100
987,runs\models_9x9\best.pt,runs\models_9x9_heads\best.pt,runs\models_9x9_heads\best.pt,runs\models_9x9\best.pt,draw,0.5,100
988,runs\models_9x9\best.pt,runs\models_9x9_heads\best.pt,runs\models_9x9_heads\best.pt,runs\models_9x9\best.pt,p1_win,0.0,91
989,runs\models_9x9\best.pt,runs\models_9x9_heads\best.pt,runs\models_9x9_heads\best.pt,runs\models_9x9\best.pt,draw,0.5,100
990,runs\models_9x9\best.pt,runs\models_9x9_heads\best.pt,runs\models_9x9\best.pt,runs\models_9x9_heads\best.pt,draw,0.5,100
991,runs\models_9x9\best.pt,runs\models_9x9_heads\best.pt,runs\models_9x9_heads\best.pt,runs\models_9x9\best.pt,p1_win,0.0,95
992,runs\models_9x9\best.pt,runs\models_9x9_heads\best.pt,runs\models_9x9\best.pt,runs\models_9x9_heads\best.pt,draw,0.5,98
993,runs\models_9x9\best.pt,runs\models_9x9_heads\best.pt,runs\models_9x9_heads\best.pt,runs\models_9x9\best.pt,draw,0.5,100
994,runs\models_9x9\best.pt,runs\models_9x9_heads\best.pt,runs\models_9x9_heads\best.pt,runs\models_9x9\best.pt,p2_win,1.0,100
995,runs\models_9x9\best.pt,runs\models_9x9_heads\best.pt,runs\models_9x9_heads\best.pt,runs\models_9x9\best.pt,p1_win,0.0,95
996,runs\models_9x9\best.pt,runs\models_9x9_heads\best.pt,runs\models_9x9_heads\best.pt,runs\models_9x9\best.pt,draw,0.5,100
997,runs\models_9x9\best.pt,runs\models_9x9_heads\best.pt,runs\models_9x9\best.pt,runs\models_9x9_heads\best.pt,draw,0.5,100
998,runs\models_9x9\best.pt,runs\models_9x9_heads\best.pt,runs\models_9x9\best.pt,runs\models_9x9_heads\best.pt,draw,0.5,100
999,runs\models_9x9\best.pt,runs\models_9x9_heads\best.pt,runs\models_9x9\best.pt,runs\models_9x9_heads\best.pt,draw,0.5,100
1000,runs\models_9x9\best.pt,runs\models_9x9_heads\best.pt,runs\models_9x9_heads\best.pt,runs\models_9x9\best.pt,p1_win,0.0,95
1001,runs\models_9x9\best.pt,runs\models_9x9_heads\best.pt,runs\models_9x9_heads\best.pt,runs\models_9x9\best.pt,draw,0.5,100
1002,runs\models_9x9\best.pt,runs\models_9x9_heads\best.pt,runs\models_9x9\best.pt,runs\models_9x9_heads\best.pt,p1_win,1.0,93
1003,runs\models_9x9\best.pt,runs\models_9x9_heads\best.pt,runs\models_9x9\best.pt,runs\models_9x9_heads\best.pt,draw,0.5,100
1004,runs\models_9x9\best.pt,runs\models_9x9_heads\best.pt,runs\models_9x9_heads\best.pt,runs\models_9x9\best.pt,draw,0.5,100
1005,runs\models_9x9\best.pt,runs\models_9x9_heads\best.pt,runs\models_9x9_heads\best.pt,runs\models_9x9\best.pt,draw,0.5,100
1006,runs\models_9x9\best.pt,runs\models_9x9_heads\best.pt,runs\models_9x9\best.pt,runs\models_9x9_heads\best.pt,draw,0.5,100
1007,runs\models_9x9\best.pt,runs\models_9x9_heads\best.pt,runs\models_9x9_heads\best.pt,runs\models_9x9\best.pt,draw,0.5,100
1008,runs\models_9x9\best.pt,runs\models_9x9_heads\best.pt,runs\models_9x9_heads\best.pt,runs\models_9x9\best.pt,draw,0.5,100
1009,runs\models_9x9\best.pt,runs\models_9x9_heads\best.pt,runs\models_9x9_heads\best.pt,runs\models_9x9\best.pt,draw,0.5,100
1010,runs\models_9x9\best.pt,runs\models_9x9_heads\best.pt,runs\models_9x9\best.pt,runs\models_9x9_heads\best.pt,p2_win,0.0,98
1011,runs\models_9x9\best.pt,runs\models_9x9_heads\best.pt,runs\models_9x9\best.pt,runs\models_9x9_heads\best.pt,draw,0.5,100
1012,runs\models_9x9\best.pt,runs\models_9x9_heads\best.pt,runs\models_9x9_heads\best.pt,runs\models_9x9\best.pt,draw,0.5,100
1013,runs\models_9x9\best.pt,runs\models_9x9_heads\best.pt,runs\models_9x9_heads\best.pt,runs\models_9x9\best.pt,draw,0.5,100
1014,runs\models_9x9\best.pt,runs\models_9x9_heads\best.pt,runs\models_9x9_heads\best.pt,runs\models_9x9\best.pt,p2_win,1.0,100
1015,runs\models_9x9\best.pt,runs\models_9x9_heads\best.pt,runs\models_9x9_heads\best.pt,runs\models_9x9\best.pt,p1_win,0.0,99
1016,runs\models_9x9\best.pt,runs\models_9x9_heads\best.pt,runs\models_9x9\best.pt,runs\models_9x9_heads\best.pt,draw,0.5,100
1017,runs\models_9x9\best.pt,runs\models_9x9_heads\best.pt,runs\models_9x9_heads\best.pt,runs\models_9x9\best.pt,draw,0.5,100
1018,runs\models_9x9\best.pt,runs\models_9x9_heads\best.pt,runs\models_9x9_heads\best.pt,runs\models_9x9\best.pt,draw,0.5,100
1019,runs\models_9x9\best.pt,runs\models_9x9_heads\best.pt,runs\models_9x9\best.pt,runs\models_9x9_heads\best.pt,draw,0.5,100
1020,runs\models_9x9\best.pt,runs\models_9x9_heads\best.pt,runs\models_9x9\best.pt,runs\models_9x9_heads\best.pt,draw,0.5,100
1021,runs\models_9x9\best.pt,runs\models_9x9_heads\best.pt,runs\models_9x9\best.pt,runs\models_9x9_heads\best.pt,draw,0.5,100
1022,runs\models_9x9\best.pt,runs\models_9x9_heads\best.pt,runs\models_9x9_heads\best.pt,runs\models_9x9\best.pt,draw,0.5,100
1023,runs\models_9x9\best.pt,runs\models_9x9_heads\best.pt,runs\models_9x9_heads\best.pt,runs\models_9x9\best.pt,draw,0.5,100
1024,runs\models_9x9\best.pt,runs\models_9x9_heads\best.pt,runs\models_9x9\best.pt,runs\models_9x9_heads\best.pt,p2_win,0.0,100
