game,agent_a,agent_b,player1,player2,result,score_for_a,plies
1,best_sim1,best_sim10,best_sim10,best_sim1,p1_win,0.0,49
2,best_sim1,best_sim10,best_sim1,best_sim10,p1_win,1.0,51
3,best_sim1,best_sim10,best_sim1,best_sim10,p1_win,1.0,53
4,best_sim1,best_sim10,best_sim10,best_sim1,p1_win,0.0,55
5,best_sim1,best_sim10,best_sim1,best_sim10,p1_win,1.0,57
6,best_sim1,best_sim10,best_sim1,best_sim10,p1_win,1.0,59
7,best_sim1,best_sim10,best_sim10,best_sim1,p1_win,0.0,59
8,best_sim1,best_sim10,best_sim10,best_sim1,p1_win,0.0,59
9,best_sim1,best_sim10,best_sim10,best_sim1,p1_win,0.0,59
10,best_sim1,best_sim10,best_sim10,best_sim1,p1_win,0.0,59
11,best_sim1,best_sim10,best_sim1,best_sim10,p1_win,1.0,61
12,best_sim1,best_sim10,best_sim10,best_sim1,p1_win,0.0,61
13,best_sim1,best_sim10,best_sim1,best_sim10,p1_win,1.0,61
14,best_sim1,best_sim10,best_sim10,best_sim1,p2_win,1.0,62
15,best_sim1,best_sim10,best_sim10,best_sim1,p2_win,1.0,62
16,best_sim1,best_sim10,best_sim10,best_sim1,p2_win,1.0,62
17,best_sim1,best_sim10,best_sim10,best_sim1,p2_win,1.0,62
18,best_sim1,best_sim10,best_sim10,best_sim1,p2_win,1.0,62
19,best_sim1,best_sim10,best_sim10,best_sim1,p2_win,1.0,62
20,best_sim1,best_sim10,best_sim10,best_sim1,p2_win,1.0,62
21,best_sim1,best_sim10,best_sim10,best_sim1,p2_win,1.0,62
22,best_sim1,best_sim10,best_sim10,best_sim1,p2_win,1.0,62
23,best_sim1,best_sim10,best_sim10,best_sim1,p2_win,1.0,62
24,best_sim1,best_sim10,best_sim10,best_sim1,p2_win,1.0,62
25,best_sim1,best_sim10,best_sim1,best_sim10,p1_win,1.0,63
26,best_sim1,best_sim10,best_sim10,best_sim1,p1_win,0.0,63
27,best_sim1,best_sim10,best_sim10,best_sim1,p1_win,0.0,63
28,best_sim1,best_sim10,best_sim10,best_sim1,p1_win,0.0,63
29,best_sim1,best_sim10,best_sim1,best_sim10,p1_win,1.0,65
30,best_sim1,best_sim10,best_sim10,best_sim1,p2_win,1.0,66
31,best_sim1,best_sim10,best_sim10,best_sim1,p1_win,0.0,65
32,best_sim1,best_sim10,best_sim1,best_sim10,p1_win,1.0,65
33,best_sim1,best_sim10,best_sim10,best_sim1,p1_win,0.0,65
34,best_sim1,best_sim10,best_sim10,best_sim1,p1_win,0.0,65
35,best_sim1,best_sim10,best_sim10,best_sim1,p1_win,0.0,65
36,best_sim1,best_sim10,best_sim10,best_sim1,p1_win,0.0,65
37,best_sim1,best_sim10,best_sim10,best_sim1,p1_win,0.0,65
38,best_sim1,best_sim10,best_sim10,best_sim1,p1_win,0.0,65
39,best_sim1,best_sim10,best_sim10,best_sim1,p1_win,0.0,65
40,best_sim1,best_sim10,best_sim10,best_sim1,p1_win,0.0,65
41,best_sim1,best_sim10,best_sim10,best_sim1,p1_win,0.0,65
42,best_sim1,best_sim10,best_sim10,best_sim1,p1_win,0.0,65
43,best_sim1,best_sim10,best_sim10,best_sim1,p1_win,0.0,67
44,best_sim1,best_sim10,best_sim10,best_sim1,p1_win,0.0,65
45,best_sim1,best_sim10,best_sim10,best_sim1,p1_win,0.0,65
46,best_sim1,best_sim10,best_sim10,best_sim1,p1_win,0.0,65
47,best_sim1,best_sim10,best_sim10,best_sim1,p1_win,0.0,67
48,best_sim1,best_sim10,best_sim10,best_sim1,p1_win,0.0,67
49,best_sim1,best_sim10,best_sim10,best_sim1,p1_win,0.0,67
50,best_sim1,best_sim10,best_sim10,best_sim1,p1_win,0.0,67
51,best_sim1,best_sim10,best_sim10,best_sim1,p1_win,0.0,67
52,best_sim1,best_sim10,best_sim10,best_sim1,p1_win,0.0,67
53,best_sim1,best_sim10,best_sim1,best_sim10,p1_win,1.0,67
54,best_sim1,best_sim10,best_sim10,best_sim1,p2_win,1.0,66
55,best_sim1,best_sim10,best_sim10,best_sim1,p1_win,0.0,67
56,best_sim1,best_sim10,best_sim10,best_sim1,p1_win,0.0,67
57,best_sim1,best_sim10,best_sim10,best_sim1,p1_win,0.0,67
58,best_sim1,best_sim10,best_sim10,best_sim1,p1_win,0.0,67
59,best_sim1,best_sim10,best_sim10,best_sim1,p1_win,0.0,67
60,best_sim1,best_sim10,best_sim10,best_sim1,p1_win,0.0,67
61,best_sim1,best_sim10,best_sim10,best_sim1,p1_win,0.0,67
62,best_sim1,best_sim10,best_sim10,best_sim1,p1_win,0.0,67
63,best_sim1,best_sim10,best_sim10,best_sim1,p1_win,0.0,67
64,best_sim1,best_sim10,best_sim10,best_sim1,p1_win,0.0,67
65,best_sim1,best_sim10,best_sim10,best_sim1,p1_win,0.0,67
66,best_sim1,best_sim10,best_sim10,best_sim1,p1_win,0.0,67
67,best_sim1,best_sim10,best_sim10,best_sim1,p1_win,0.0,67
68,best_sim1,best_sim10,best_sim10,best_sim1,p1_win,0.0,67
69,best_sim1,best_sim10,best_sim10,best_sim1,p1_win,0.0,67
70,best_sim1,best_sim10,best_sim10,best_sim1,p1_win,0.0,67
71,best_sim1,best_sim10,best_sim10,best_sim1,p1_win,0.0,67
72,best_sim1,best_sim10,best_sim10,best_sim1,p1_win,0.0,67
73,best_sim1,best_sim10,best_sim10,best_sim1,p1_win,0.0,67
74,best_sim1,best_sim10,best_sim10,best_sim1,p1_win,0.0,67
75,best_sim1,best_sim10,best_sim10,best_sim1,p2_win,1.0,66
76,best_sim1,best_sim10,best_sim10,best_sim1,p1_win,0.0,67
77,best_sim1,best_sim10,best_sim10,best_sim1,p1_win,0.0,67
78,best_sim1,best_sim10,best_sim10,best_sim1,p1_win,0.0,67
79,best_sim1,best_sim10,best_sim10,best_sim1,p1_win,0.0,67
80,best_sim1,best_sim10,best_sim10,best_sim1,p1_win,0.0,67
81,best_sim1,best_sim10,best_sim10,best_sim1,p1_win,0.0,67
82,best_sim1,best_sim10,best_sim10,best_sim1,p1_win,0.0,67
83,best_sim1,best_sim10,best_sim10,best_sim1,p1_win,0.0,67
84,best_sim1,best_sim10,best_sim10,best_sim1,p1_win,0.0,67
85,best_sim1,best_sim10,best_sim10,best_sim1,p1_win,0.0,67
86,best_sim1,best_sim10,best_sim10,best_sim1,p1_win,0.0,67
87,best_sim1,best_sim10,best_sim10,best_sim1,p1_win,0.0,67
88,best_sim1,best_sim10,best_sim10,best_sim1,p1_win,0.0,67
89,best_sim1,best_sim10,best_sim10,best_sim1,p2_win,1.0,66
90,best_sim1,best_sim10,best_sim10,best_sim1,p1_win,0.0,67
91,best_sim1,best_sim10,best_sim10,best_sim1,p2_win,1.0,66
92,best_sim1,best_sim10,best_sim1,best_sim10,p1_win,1.0,67
93,best_sim1,best_sim10,best_sim10,best_sim1,p2_win,1.0,66
94,best_sim1,best_sim10,best_sim1,best_sim10,p1_win,1.0,67
95,best_sim1,best_sim10,best_sim1,best_sim10,p2_win,0.0,68
96,best_sim1,best_sim10,best_sim1,best_sim10,p2_win,0.0,68
97,best_sim1,best_sim10,best_sim1,best_sim10,p2_win,0.0,68
98,best_sim1,best_sim10,best_sim1,best_sim10,p2_win,0.0,68
99,best_sim1,best_sim10,best_sim1,best_sim10,p2_win,0.0,68
100,best_sim1,best_sim10,best_sim1,best_sim10,p2_win,0.0,68
101,best_sim1,best_sim10,best_sim1,best_sim10,p2_win,0.0,68
102,best_sim1,best_sim10,best_sim1,best_sim10,p2_win,0.0,68
103,best_sim1,best_sim10,best_sim1,best_sim10,p2_win,0.0,68
104,best_sim1,best_sim10,best_sim1,best_sim10,p2_win,0.0,68
105,best_sim1,best_sim10,best_sim1,best_sim10,p2_win,0.0,68
106,best_sim1,best_sim10,best_sim1,best_sim10,p2_win,0.0,68
107,best_sim1,best_sim10,best_sim1,best_sim10,p2_win,0.0,68
108,best_sim1,best_sim10,best_sim1,best_sim10,p2_win,0.0,68
109,best_sim1,best_sim10,best_sim1,best_sim10,p2_win,0.0,68
110,best_sim1,best_sim10,best_sim1,best_sim10,p2_win,0.0,68
111,best_sim1,best_sim10,best_sim1,best_sim10,p2_win,0.0,68
112,best_sim1,best_sim10,best_sim1,best_sim10,p2_win,0.0,68
113,best_sim1,best_sim10,best_sim1,best_sim10,p2_win,0.0,68
114,best_sim1,best_sim10,best_sim1,best_sim10,p2_win,0.0,68
115,best_sim1,best_sim10,best_sim1,best_sim10,p2_win,0.0,68
116,best_sim1,best_sim10,best_sim1,best_sim10,p2_win,0.0,68
117,best_sim1,best_sim10,best_sim1,best_sim10,p2_win,0.0,68
118,best_sim1,best_sim10,best_sim1,best_sim10,p2_win,0.0,68
119,best_sim1,best_sim10,best_sim1,best_sim10,p2_win,0.0,68
120,best_sim1,best_sim10,best_sim1,best_sim10,p2_win,0.0,68
121,best_sim1,best_sim10,best_sim1,best_sim10,p2_win,0.0,68
122,best_sim1,best_sim10,best_sim1,best_sim10,p2_win,0.0,68
123,best_sim1,best_sim10,best_sim1,best_sim10,p2_win,0.0,68
124,best_sim1,best_sim10,best_sim1,best_sim10,p2_win,0.0,68
125,best_sim1,best_sim10,best_sim1,best_sim10,p2_win,0.0,68
126,best_sim1,best_sim10,best_sim1,best_sim10,p2_win,0.0,68
127,best_sim1,best_sim10,best_sim1,best_sim10,p2_win,0.0,68
128,best_sim1,best_sim10,best_sim1,best_sim10,p2_win,0.0,68
129,best_sim1,best_sim10,best_sim1,best_sim10,p2_win,0.0,68
130,best_sim1,best_sim10,best_sim1,best_sim10,p2_win,0.0,68
131,best_sim1,best_sim10,best_sim1,best_sim10,p2_win,0.0,68
132,best_sim1,best_sim10,best_sim1,best_sim10,p2_win,0.0,68
133,best_sim1,best_sim10,best_sim1,best_sim10,p2_win,0.0,68
134,best_sim1,best_sim10,best_sim10,best_sim1,p2_win,1.0,68
135,best_sim1,best_sim10,best_sim1,best_sim10,p1_win,1.0,69
136,best_sim1,best_sim10,best_sim1,best_sim10,p1_win,1.0,69
137,best_sim1,best_sim10,best_sim10,best_sim1,p2_win,1.0,68
138,best_sim1,best_sim10,best_sim1,best_sim10,p1_win,1.0,69
139,best_sim1,best_sim10,best_sim10,best_sim1,p2_win,1.0,70
140,best_sim1,best_sim10,best_sim10,best_sim1,p2_win,1.0,70
141,best_sim1,best_sim10,best_sim10,best_sim1,p2_win,1.0,70
142,best_sim1,best_sim10,best_sim10,best_sim1,p2_win,1.0,70
143,best_sim1,best_sim10,best_sim10,best_sim1,p2_win,1.0,70
144,best_sim1,best_sim10,best_sim10,best_sim1,p2_win,1.0,70
145,best_sim1,best_sim10,best_sim1,best_sim10,p1_win,1.0,71
146,best_sim1,best_sim10,best_sim10,best_sim1,p2_win,1.0,70
147,best_sim1,best_sim10,best_sim10,best_sim1,p2_win,1.0,70
148,best_sim1,best_sim10,best_sim10,best_sim1,p2_win,1.0,70
149,best_sim1,best_sim10,best_sim1,best_sim10,p1_win,1.0,71
150,best_sim1,best_sim10,best_sim1,best_sim10,p1_win,1.0,71
151,best_sim1,best_sim10,best_sim1,best_sim10,p2_win,0.0,72
152,best_sim1,best_sim10,best_sim1,best_sim10,p2_win,0.0,72
153,best_sim1,best_sim10,best_sim1,best_sim10,p2_win,0.0,72
154,best_sim1,best_sim10,best_sim1,best_sim10,p2_win,0.0,72
155,best_sim1,best_sim10,best_sim1,best_sim10,p1_win,1.0,73
156,best_sim1,best_sim10,best_sim10,best_sim1,p2_win,1.0,72
157,best_sim1,best_sim10,best_sim1,best_sim10,p1_win,1.0,73
158,best_sim1,best_sim10,best_sim1,best_sim10,p1_win,1.0,73
159,best_sim1,best_sim10,best_sim10,best_sim1,p1_win,0.0,73
160,best_sim1,best_sim10,best_sim1,best_sim10,p1_win,1.0,73
161,best_sim1,best_sim10,best_sim10,best_sim1,p2_win,1.0,76
162,best_sim1,best_sim10,best_sim1,best_sim10,p2_win,0.0,76
163,best_sim1,best_sim10,best_sim1,best_sim10,p2_win,0.0,76
164,best_sim1,best_sim10,best_sim1,best_sim10,p2_win,0.0,76
165,best_sim1,best_sim10,best_sim1,best_sim10,p2_win,0.0,76
166,best_sim1,best_sim10,best_sim1,best_sim10,p2_win,0.0,76
167,best_sim1,best_sim10,best_sim1,best_sim10,p2_win,0.0,76
168,best_sim1,best_sim10,best_sim1,best_sim10,p2_win,0.0,76
169,best_sim1,best_sim10,best_sim1,best_sim10,p2_win,0.0,76
170,best_sim1,best_sim10,best_sim1,best_sim10,p2_win,0.0,76
171,best_sim1,best_sim10,best_sim1,best_sim10,p2_win,0.0,76
172,best_sim1,best_sim10,best_sim1,best_sim10,p2_win,0.0,76
173,best_sim1,best_sim10,best_sim1,best_sim10,p2_win,0.0,76
174,best_sim1,best_sim10,best_sim1,best_sim10,p2_win,0.0,76
175,best_sim1,best_sim10,best_sim1,best_sim10,p2_win,0.0,76
176,best_sim1,best_sim10,best_sim1,best_sim10,p2_win,0.0,76
177,best_sim1,best_sim10,best_sim1,best_sim10,p2_win,0.0,76
178,best_sim1,best_sim10,best_sim1,best_sim10,p2_win,0.0,76
179,best_sim1,best_sim10,best_sim1,best_sim10,p2_win,0.0,76
180,best_sim1,best_sim10,best_sim1,best_sim10,p2_win,0.0,76
181,best_sim1,best_sim10,best_sim1,best_sim10,p2_win,0.0,76
182,best_sim1,best_sim10,best_sim1,best_sim10,p1_win,1.0,75
183,best_sim1,best_sim10,best_sim1,best_sim10,p2_win,0.0,76
184,best_sim1,best_sim10,best_sim1,best_sim10,p2_win,0.0,76
185,best_sim1,best_sim10,best_sim1,best_sim10,p1_win,1.0,77
186,best_sim1,best_sim10,best_sim10,best_sim1,p1_win,0.0,77
187,best_sim1,best_sim10,best_sim1,best_sim10,p1_win,1.0,77
188,best_sim1,best_sim10,best_sim10,best_sim1,p1_win,0.0,77
189,best_sim1,best_sim10,best_sim10,best_sim1,p1_win,0.0,79
190,best_sim1,best_sim10,best_sim1,best_sim10,p2_win,0.0,80
191,best_sim1,best_sim10,best_sim10,best_sim1,p1_win,0.0,79
192,best_sim1,best_sim10,best_sim1,best_sim10,p1_win,1.0,81
193,best_sim1,best_sim10,best_sim1,best_sim10,p1_win,1.0,81
194,best_sim1,best_sim10,best_sim1,best_sim10,p2_win,0.0,82
195,best_sim1,best_sim10,best_sim1,best_sim10,p2_win,0.0,82
196,best_sim1,best_sim10,best_sim1,best_sim10,p2_win,0.0,86
197,best_sim1,best_sim10,best_sim1,best_sim10,p1_win,1.0,85
198,best_sim1,best_sim10,best_sim1,best_sim10,p1_win,1.0,85
199,best_sim1,best_sim10,best_sim1,best_sim10,p2_win,0.0,88
200,best_sim1,best_sim10,best_sim1,best_sim10,p2_win,0.0,94
201,best_sim1,best_sim50,best_sim1,best_sim50,p2_win,0.0,46
202,best_sim1,best_sim50,best_sim1,best_sim50,p2_win,0.0,48
203,best_sim1,best_sim50,best_sim1,best_sim50,p2_win,0.0,52
204,best_sim1,best_sim50,best_sim50,best_sim1,p1_win,0.0,55
205,best_sim1,best_sim50,best_sim1,best_sim50,p2_win,0.0,56
206,best_sim1,best_sim50,best_sim50,best_sim1,p1_win,0.0,57
207,best_sim1,best_sim50,best_sim50,best_sim1,p1_win,0.0,57
208,best_sim1,best_sim50,best_sim1,best_sim50,p1_win,1.0,59
209,best_sim1,best_sim50,best_sim50,best_sim1,p1_win,0.0,61
210,best_sim1,best_sim50,best_sim50,best_sim1,p1_win,0.0,59
211,best_sim1,best_sim50,best_sim50,best_sim1,p1_win,0.0,59
212,best_sim1,best_sim50,best_sim50,best_sim1,p1_win,0.0,59
213,best_sim1,best_sim50,best_sim1,best_sim50,p2_win,0.0,60
214,best_sim1,best_sim50,best_sim50,best_sim1,p1_win,0.0,63
215,best_sim1,best_sim50,best_sim50,best_sim1,p1_win,0.0,63
216,best_sim1,best_sim50,best_sim50,best_sim1,p1_win,0.0,61
217,best_sim1,best_sim50,best_sim50,best_sim1,p1_win,0.0,61
218,best_sim1,best_sim50,best_sim50,best_sim1,p1_win,0.0,61
219,best_sim1,best_sim50,best_sim50,best_sim1,p1_win,0.0,61
220,best_sim1,best_sim50,best_sim50,best_sim1,p1_win,0.0,61
221,best_sim1,best_sim50,best_sim50,best_sim1,p1_win,0.0,61
222,best_sim1,best_sim50,best_sim50,best_sim1,p1_win,0.0,61
223,best_sim1,best_sim50,best_sim50,best_sim1,p1_win,0.0,61
224,best_sim1,best_sim50,best_sim50,best_sim1,p1_win,0.0,61
225,best_sim1,best_sim50,best_sim50,best_sim1,p1_win,0.0,61
226,best_sim1,best_sim50,best_sim50,best_sim1,p1_win,0.0,61
227,best_sim1,best_sim50,best_sim50,best_sim1,p1_win,0.0,61
228,best_sim1,best_sim50,best_sim50,best_sim1,p1_win,0.0,61
229,best_sim1,best_sim50,best_sim50,best_sim1,p1_win,0.0,65
230,best_sim1,best_sim50,best_sim50,best_sim1,p1_win,0.0,65
231,best_sim1,best_sim50,best_sim50,best_sim1,p1_win,0.0,61
232,best_sim1,best_sim50,best_sim50,best_sim1,p1_win,0.0,61
233,best_sim1,best_sim50,best_sim50,best_sim1,p1_win,0.0,61
234,best_sim1,best_sim50,best_sim50,best_sim1,p1_win,0.0,63
235,best_sim1,best_sim50,best_sim50,best_sim1,p1_win,0.0,63
236,best_sim1,best_sim50,best_sim50,best_sim1,p1_win,0.0,61
237,best_sim1,best_sim50,best_sim50,best_sim1,p1_win,0.0,63
238,best_sim1,best_sim50,best_sim1,best_sim50,p2_win,0.0,64
239,best_sim1,best_sim50,best_sim1,best_sim50,p2_win,0.0,64
240,best_sim1,best_sim50,best_sim1,best_sim50,p2_win,0.0,64
241,best_sim1,best_sim50,best_sim1,best_sim50,p2_win,0.0,64
242,best_sim1,best_sim50,best_sim1,best_sim50,p2_win,0.0,64
243,best_sim1,best_sim50,best_sim1,best_sim50,p2_win,0.0,64
244,best_sim1,best_sim50,best_sim1,best_sim50,p2_win,0.0,64
245,best_sim1,best_sim50,best_sim50,best_sim1,p1_win,0.0,63
246,best_sim1,best_sim50,best_sim1,best_sim50,p2_win,0.0,68
247,best_sim1,best_sim50,best_sim1,best_sim50,p2_win,0.0,68
248,best_sim1,best_sim50,best_sim1,best_sim50,p2_win,0.0,68
249,best_sim1,best_sim50,best_sim1,best_sim50,p2_win,0.0,68
250,best_sim1,best_sim50,best_sim1,best_sim50,p2_win,0.0,68
251,best_sim1,best_sim50,best_sim1,best_sim50,p2_win,0.0,68
252,best_sim1,best_sim50,best_sim1,best_sim50,p2_win,0.0,68
253,best_sim1,best_sim50,best_sim1,best_sim50,p2_win,0.0,68
254,best_sim1,best_sim50,best_sim1,best_sim50,p2_win,0.0,68
255,best_sim1,best_sim50,best_sim1,best_sim50,p2_win,0.0,68
256,best_sim1,best_sim50,best_sim1,best_sim50,p2_win,0.0,68
257,best_sim1,best_sim50,best_sim1,best_sim50,p2_win,0.0,68
258,best_sim1,best_sim50,best_sim1,best_sim50,p2_win,0.0,68
259,best_sim1,best_sim50,best_sim1,best_sim50,p2_win,0.0,68
260,best_sim1,best_sim50,best_sim1,best_sim50,p2_win,0.0,68
261,best_sim1,best_sim50,best_sim1,best_sim50,p2_win,0.0,68
262,best_sim1,best_sim50,best_sim1,best_sim50,p2_win,0.0,68
263,best_sim1,best_sim50,best_sim1,best_sim50,p2_win,0.0,68
264,best_sim1,best_sim50,best_sim1,best_sim50,p2_win,0.0,68
265,best_sim1,best_sim50,best_sim1,best_sim50,p2_win,0.0,68
266,best_sim1,best_sim50,best_sim1,best_sim50,p2_win,0.0,68
267,best_sim1,best_sim50,best_sim1,best_sim50,p2_win,0.0,68
268,best_sim1,best_sim50,best_sim50,best_sim1,p1_win,0.0,67
269,best_sim1,best_sim50,best_sim50,best_sim1,p1_win,0.0,67
270,best_sim1,best_sim50,best_sim50,best_sim1,p1_win,0.0,67
271,best_sim1,best_sim50,best_sim1,best_sim50,p2_win,0.0,68
272,best_sim1,best_sim50,best_sim50,best_sim1,p1_win,0.0,67
273,best_sim1,best_sim50,best_sim50,best_sim1,p1_win,0.0,67
274,best_sim1,best_sim50,best_sim50,best_sim1,p1_win,0.0,67
275,best_sim1,best_sim50,best_sim50,best_sim1,p1_win,0.0,67
276,best_sim1,best_sim50,best_sim50,best_sim1,p1_win,0.0,65
277,best_sim1,best_sim50,best_sim50,best_sim1,p1_win,0.0,65
278,best_sim1,best_sim50,best_sim50,best_sim1,p1_win,0.0,65
279,best_sim1,best_sim50,best_sim50,best_sim1,p1_win,0.0,67
280,best_sim1,best_sim50,best_sim50,best_sim1,p1_win,0.0,67
281,best_sim1,best_sim50,best_sim50,best_sim1,p1_win,0.0,65
282,best_sim1,best_sim50,best_sim50,best_sim1,p1_win,0.0,63
283,best_sim1,best_sim50,best_sim50,best_sim1,p1_win,0.0,63
284,best_sim1,best_sim50,best_sim50,best_sim1,p2_win,1.0,64
285,best_sim1,best_sim50,best_sim50,best_sim1,p1_win,0.0,63
286,best_sim1,best_sim50,best_sim50,best_sim1,p1_win,0.0,63
287,best_sim1,best_sim50,best_sim50,best_sim1,p1_win,0.0,65
288,best_sim1,best_sim50,best_sim50,best_sim1,p1_win,0.0,65
289,best_sim1,best_sim50,best_sim50,best_sim1,p1_win,0.0,65
290,best_sim1,best_sim50,best_sim50,best_sim1,p1_win,0.0,65
291,best_sim1,best_sim50,best_sim50,best_sim1,p1_win,0.0,65
292,best_sim1,best_sim50,best_sim50,best_sim1,p1_win,0.0,65
293,best_sim1,best_sim50,best_sim50,best_sim1,p1_win,0.0,65
294,best_sim1,best_sim50,best_sim50,best_sim1,p1_win,0.0,65
295,best_sim1,best_sim50,best_sim1,best_sim50,p1_win,1.0,67
296,best_sim1,best_sim50,best_sim1,best_sim50,p1_win,1.0,75
297,best_sim1,best_sim50,best_sim1,best_sim50,p2_win,0.0,72
298,best_sim1,best_sim50,best_sim50,best_sim1,p1_win,0.0,71
299,best_sim1,best_sim50,best_sim50,best_sim1,p1_win,0.0,71
300,best_sim1,best_sim50,best_sim1,best_sim50,p2_win,0.0,68
301,best_sim1,best_sim50,best_sim50,best_sim1,p2_win,1.0,76
302,best_sim1,best_sim50,best_sim50,best_sim1,p1_win,0.0,71
303,best_sim1,best_sim50,best_sim50,best_sim1,p1_win,0.0,67
304,best_sim1,best_sim50,best_sim50,best_sim1,p1_win,0.0,71
305,best_sim1,best_sim50,best_sim50,best_sim1,p1_win,0.0,71
306,best_sim1,best_sim50,best_sim50,best_sim1,p1_win,0.0,71
307,best_sim1,best_sim50,best_sim50,best_sim1,p1_win,0.0,71
308,best_sim1,best_sim50,best_sim50,best_sim1,p1_win,0.0,71
309,best_sim1,best_sim50,best_sim50,best_sim1,p1_win,0.0,71
310,best_sim1,best_sim50,best_sim1,best_sim50,p2_win,0.0,72
311,best_sim1,best_sim50,best_sim50,best_sim1,p1_win,0.0,71
312,best_sim1,best_sim50,best_sim50,best_sim1,p1_win,0.0,71
313,best_sim1,best_sim50,best_sim50,best_sim1,p2_win,1.0,74
314,best_sim1,best_sim50,best_sim1,best_sim50,p1_win,1.0,75
315,best_sim1,best_sim50,best_sim50,best_sim1,p1_win,0.0,73
316,best_sim1,best_sim50,best_sim50,best_sim1,p2_win,1.0,70
317,best_sim1,best_sim50,best_sim50,best_sim1,p2_win,1.0,74
318,best_sim1,best_sim50,best_sim50,best_sim1,p1_win,0.0,73
319,best_sim1,best_sim50,best_sim1,best_sim50,p2_win,0.0,76
320,best_sim1,best_sim50,best_sim1,best_sim50,p2_win,0.0,76
321,best_sim1,best_sim50,best_sim1,best_sim50,p2_win,0.0,76
322,best_sim1,best_sim50,best_sim1,best_sim50,p2_win,0.0,76
323,best_sim1,best_sim50,best_sim50,best_sim1,p2_win,1.0,74
324,best_sim1,best_sim50,best_sim50,best_sim1,p1_win,0.0,75
325,best_sim1,best_sim50,best_sim50,best_sim1,p1_win,0.0,73
326,best_sim1,best_sim50,best_sim50,best_sim1,p1_win,0.0,77
327,best_sim1,best_sim50,best_sim50,best_sim1,p2_win,1.0,74
328,best_sim1,best_sim50,best_sim50,best_sim1,p2_win,1.0,74
329,best_sim1,best_sim50,best_sim50,best_sim1,p2_win,1.0,74
330,best_sim1,best_sim50,best_sim50,best_sim1,p1_win,0.0,75
331,best_sim1,best_sim50,best_sim50,best_sim1,p1_win,0.0,75
332,best_sim1,best_sim50,best_sim50,best_sim1,p2_win,1.0,80
333,best_sim1,best_sim50,best_sim50,best_sim1,p1_win,0.0,77
334,best_sim1,best_sim50,best_sim50,best_sim1,p2_win,1.0,74
335,best_sim1,best_sim50,best_sim50,best_sim1,p1_win,0.0,77
336,best_sim1,best_sim50,best_sim1,best_sim50,p2_win,0.0,78
337,best_sim1,best_sim50,best_sim50,best_sim1,p1_win,0.0,79
338,best_sim1,best_sim50,best_sim50,best_sim1,p1_win,0.0,81
339,best_sim1,best_sim50,best_sim50,best_sim1,p1_win,0.0,79
340,best_sim1,best_sim50,best_sim50,best_sim1,p1_win,0.0,81
341,best_sim1,best_sim50,best_sim50,best_sim1,p1_win,0.0,81
342,best_sim1,best_sim50,best_sim50,best_sim1,p1_win,0.0,83
343,best_sim1,best_sim50,best_sim1,best_sim50,p1_win,1.0,81
344,best_sim1,best_sim50,best_sim50,best_sim1,p1_win,0.0,83
345,best_sim1,best_sim50,best_sim50,best_sim1,p1_win,0.0,83
346,best_sim1,best_sim50,best_sim50,best_sim1,p1_win,0.0,83
347,best_sim1,best_sim50,best_sim1,best_sim50,p2_win,0.0,86
348,best_sim1,best_sim50,best_sim1,best_sim50,p2_win,0.0,82
349,best_sim1,best_sim50,best_sim1,best_sim50,p2_win,0.0,82
350,best_sim1,best_sim50,best_sim1,best_sim50,p2_win,0.0,82
351,best_sim1,best_sim50,best_sim1,best_sim50,p2_win,0.0,86
352,best_sim1,best_sim50,best_sim1,best_sim50,p2_win,0.0,86
353,best_sim1,best_sim50,best_sim1,best_sim50,p2_win,0.0,86
354,best_sim1,best_sim50,best_sim1,best_sim50,p2_win,0.0,86
355,best_sim1,best_sim50,best_sim1,best_sim50,p2_win,0.0,86
356,best_sim1,best_sim50,best_sim1,best_sim50,p2_win,0.0,86
357,best_sim1,best_sim50,best_sim1,best_sim50,p2_win,0.0,86
358,best_sim1,best_sim50,best_sim1,best_sim50,p2_win,0.0,86
359,best_sim1,best_sim50,best_sim1,best_sim50,p2_win,0.0,86
360,best_sim1,best_sim50,best_sim1,best_sim50,p2_win,0.0,86
361,best_sim1,best_sim50,best_sim1,best_sim50,p2_win,0.0,86
362,best_sim1,best_sim50,best_sim1,best_sim50,p2_win,0.0,86
363,best_sim1,best_sim50,best_sim1,best_sim50,p2_win,0.0,86
364,best_sim1,best_sim50,best_sim1,best_sim50,p2_win,0.0,86
365,best_sim1,best_sim50,best_sim1,best_sim50,p2_win,0.0,86
366,best_sim1,best_sim50,best_sim1,best_sim50,p2_win,0.0,86
367,best_sim1,best_sim50,best_sim1,best_sim50,p2_win,0.0,86
368,best_sim1,best_sim50,best_sim1,best_sim50,p2_win,0.0,86
369,best_sim1,best_sim50,best_sim1,best_sim50,p2_win,0.0,86
370,best_sim1,best_sim50,best_sim1,best_sim50,p1_win,1.0,85
371,best_sim1,best_sim50,best_sim1,best_sim50,p2_win,0.0,86
372,best_sim1,best_sim50,best_sim1,best_sim50,p1_win,1.0,85
373,best_sim1,best_sim50,best_sim1,best_sim50,p2_win,0.0,86
374,best_sim1,best_sim50,best_sim1,best_sim50,p2_win,0.0,86
375,best_sim1,best_sim50,best_sim1,best_sim50,p2_win,0.0,86
376,best_sim1,best_sim50,best_sim1,best_sim50,p2_win,0.0,86
377,best_sim1,best_sim50,best_sim1,best_sim50,p1_win,1.0,85
378,best_sim1,best_sim50,best_sim1,best_sim50,p2_win,0.0,86
379,best_sim1,best_sim50,best_sim1,best_sim50,p2_win,0.0,86
380,best_sim1,best_sim50,best_sim1,best_sim50,p2_win,0.0,86
381,best_sim1,best_sim50,best_sim1,best_sim50,p2_win,0.0,86
382,best_sim1,best_sim50,best_sim1,best_sim50,p2_win,0.0,86
383,best_sim1,best_sim50,best_sim1,best_sim50,p2_win,0.0,86
384,best_sim1,best_sim50,best_sim1,best_sim50,p2_win,0.0,86
385,best_sim1,best_sim50,best_sim1,best_sim50,p2_win,0.0,86
386,best_sim1,best_sim50,best_sim1,best_sim50,p2_win,0.0,86
387,best_sim1,best_sim50,best_sim1,best_sim50,p2_win,0.0,86
388,best_sim1,best_sim50,best_sim1,best_sim50,p2_win,0.0,86
389,best_sim1,best_sim50,best_sim1,best_sim50,p2_win,0.0,86
390,best_sim1,best_sim50,best_sim1,best_sim50,p2_win,0.0,86
391,best_sim1,best_sim50,best_sim1,best_sim50,p2_win,0.0,86
392,best_sim1,best_sim50,best_sim1,best_sim50,p2_win,0.0,86
393,best_sim1,best_sim50,best_sim1,best_sim50,p2_win,0.0,86
394,best_sim1,best_sim50,best_sim1,best_sim50,p2_win,0.0,86
395,best_sim1,best_sim50,best_sim1,best_sim50,p2_win,0.0,86
396,best_sim1,best_sim50,best_sim1,best_sim50,p2_win,0.0,86
397,best_sim1,best_sim50,best_sim1,best_sim50,p1_win,1.0,85
398,best_sim1,best_sim50,best_sim50,best_sim1,p1_win,0.0,85
399,best_sim1,best_sim50,best_sim50,best_sim1,p1_win,0.0,83
400,best_sim1,best_sim50,best_sim1,best_sim50,p2_win,0.0,86
401,best_sim1,best_sim100,best_sim100,best_sim1,p1_win,0.0,51
402,best_sim1,best_sim100,best_sim1,best_sim100,p2_win,0.0,58
403,best_sim1,best_sim100,best_sim1,best_sim100,p2_win,0.0,66
404,best_sim1,best_sim100,best_sim100,best_sim1,p1_win,0.0,57
405,best_sim1,best_sim100,best_sim1,best_sim100,p2_win,0.0,58
406,best_sim1,best_sim100,best_sim1,best_sim100,p2_win,0.0,58
407,best_sim1,best_sim100,best_sim1,best_sim100,p2_win,0.0,58
408,best_sim1,best_sim100,best_sim1,best_sim100,p2_win,0.0,68
409,best_sim1,best_sim100,best_sim1,best_sim100,p2_win,0.0,68
410,best_sim1,best_sim100,best_sim1,best_sim100,p2_win,0.0,68
411,best_sim1,best_sim100,best_sim1,best_sim100,p2_win,0.0,68
412,best_sim1,best_sim100,best_sim1,best_sim100,p2_win,0.0,68
413,best_sim1,best_sim100,best_sim1,best_sim100,p2_win,0.0,68
414,best_sim1,best_sim100,best_sim1,best_sim100,p2_win,0.0,68
415,best_sim1,best_sim100,best_sim1,best_sim100,p2_win,0.0,68
416,best_sim1,best_sim100,best_sim1,best_sim100,p2_win,0.0,68
417,best_sim1,best_sim100,best_sim1,best_sim100,p2_win,0.0,68
418,best_sim1,best_sim100,best_sim1,best_sim100,p2_win,0.0,68
419,best_sim1,best_sim100,best_sim1,best_sim100,p2_win,0.0,68
420,best_sim1,best_sim100,best_sim1,best_sim100,p2_win,0.0,68
421,best_sim1,best_sim100,best_sim1,best_sim100,p2_win,0.0,68
422,best_sim1,best_sim100,best_sim1,best_sim100,p2_win,0.0,68
423,best_sim1,best_sim100,best_sim1,best_sim100,p2_win,0.0,68
424,best_sim1,best_sim100,best_sim1,best_sim100,p2_win,0.0,68
425,best_sim1,best_sim100,best_sim1,best_sim100,p2_win,0.0,68
426,best_sim1,best_sim100,best_sim1,best_sim100,p2_win,0.0,68
427,best_sim1,best_sim100,best_sim1,best_sim100,p2_win,0.0,68
428,best_sim1,best_sim100,best_sim1,best_sim100,p2_win,0.0,68
429,best_sim1,best_sim100,best_sim1,best_sim100,p2_win,0.0,68
430,best_sim1,best_sim100,best_sim1,best_sim100,p2_win,0.0,68
431,best_sim1,best_sim100,best_sim1,best_sim100,p2_win,0.0,68
432,best_sim1,best_sim100,best_sim100,best_sim1,p1_win,0.0,59
433,best_sim1,best_sim100,best_sim100,best_sim1,p1_win,0.0,65
434,best_sim1,best_sim100,best_sim1,best_sim100,p2_win,0.0,62
435,best_sim1,best_sim100,best_sim1,best_sim100,p2_win,0.0,64
436,best_sim1,best_sim100,best_sim1,best_sim100,p2_win,0.0,64
437,best_sim1,best_sim100,best_sim1,best_sim100,p2_win,0.0,64
438,best_sim1,best_sim100,best_sim1,best_sim100,p2_win,0.0,64
439,best_sim1,best_sim100,best_sim1,best_sim100,p2_win,0.0,64
440,best_sim1,best_sim100,best_sim1,best_sim100,p2_win,0.0,64
441,best_sim1,best_sim100,best_sim1,best_sim100,p2_win,0.0,64
442,best_sim1,best_sim100,best_sim1,best_sim100,p2_win,0.0,64
443,best_sim1,best_sim100,best_sim1,best_sim100,p2_win,0.0,64
444,best_sim1,best_sim100,best_sim1,best_sim100,p2_win,0.0,64
445,best_sim1,best_sim100,best_sim1,best_sim100,p2_win,0.0,64
446,best_sim1,best_sim100,best_sim1,best_sim100,p2_win,0.0,64
447,best_sim1,best_sim100,best_sim1,best_sim100,p2_win,0.0,64
448,best_sim1,best_sim100,best_sim1,best_sim100,p2_win,0.0,64
449,best_sim1,best_sim100,best_sim1,best_sim100,p2_win,0.0,64
450,best_sim1,best_sim100,best_sim1,best_sim100,p2_win,0.0,64
451,best_sim1,best_sim100,best_sim1,best_sim100,p2_win,0.0,64
452,best_sim1,best_sim100,best_sim1,best_sim100,p2_win,0.0,64
453,best_sim1,best_sim100,best_sim1,best_sim100,p2_win,0.0,64
454,best_sim1,best_sim100,best_sim1,best_sim100,p2_win,0.0,64
455,best_sim1,best_sim100,best_sim100,best_sim1,p2_win,1.0,72
456,best_sim1,best_sim100,best_sim100,best_sim1,p1_win,0.0,67
457,best_sim1,best_sim100,best_sim100,best_sim1,p1_win,0.0,67
458,best_sim1,best_sim100,best_sim100,best_sim1,p1_win,0.0,67
459,best_sim1,best_sim100,best_sim100,best_sim1,p1_win,0.0,67
460,best_sim1,best_sim100,best_sim100,best_sim1,p1_win,0.0,67
461,best_sim1,best_sim100,best_sim100,best_sim1,p1_win,0.0,67
462,best_sim1,best_sim100,best_sim1,best_sim100,p1_win,1.0,63
463,best_sim1,best_sim100,best_sim100,best_sim1,p1_win,0.0,61
464,best_sim1,best_sim100,best_sim1,best_sim100,p2_win,0.0,68
465,best_sim1,best_sim100,best_sim100,best_sim1,p1_win,0.0,65
466,best_sim1,best_sim100,best_sim100,best_sim1,p1_win,0.0,65
467,best_sim1,best_sim100,best_sim1,best_sim100,p2_win,0.0,68
468,best_sim1,best_sim100,best_sim1,best_sim100,p2_win,0.0,68
469,best_sim1,best_sim100,best_sim1,best_sim100,p2_win,0.0,68
470,best_sim1,best_sim100,best_sim100,best_sim1,p1_win,0.0,63
471,best_sim1,best_sim100,best_sim1,best_sim100,p1_win,1.0,71
472,best_sim1,best_sim100,best_sim100,best_sim1,p1_win,0.0,65
473,best_sim1,best_sim100,best_sim1,best_sim100,p2_win,0.0,68
474,best_sim1,best_sim100,best_sim100,best_sim1,p1_win,0.0,71
475,best_sim1,best_sim100,best_sim1,best_sim100,p1_win,1.0,71
476,best_sim1,best_sim100,best_sim1,best_sim100,p1_win,1.0,71
477,best_sim1,best_sim100,best_sim1,best_sim100,p1_win,1.0,71
478,best_sim1,best_sim100,best_sim1,best_sim100,p2_win,0.0,66
479,best_sim1,best_sim100,best_sim1,best_sim100,p2_win,0.0,66
480,best_sim1,best_sim100,best_sim1,best_sim100,p2_win,0.0,66
481,best_sim1,best_sim100,best_sim1,best_sim100,p1_win,1.0,71
482,best_sim1,best_sim100,best_sim100,best_sim1,p1_win,0.0,75
483,best_sim1,best_sim100,best_sim100,best_sim1,p1_win,0.0,67
484,best_sim1,best_sim100,best_sim100,best_sim1,p1_win,0.0,81
485,best_sim1,best_sim100,best_sim1,best_sim100,p1_win,1.0,71
486,best_sim1,best_sim100,best_sim1,best_sim100,p1_win,1.0,71
487,best_sim1,best_sim100,best_sim100,best_sim1,p1_win,0.0,65
488,best_sim1,best_sim100,best_sim1,best_sim100,p1_win,1.0,71
489,best_sim1,best_sim100,best_sim100,best_sim1,p1_win,0.0,71
490,best_sim1,best_sim100,best_sim100,best_sim1,p1_win,0.0,67
491,best_sim1,best_sim100,best_sim100,best_sim1,p1_win,0.0,67
492,best_sim1,best_sim100,best_sim100,best_sim1,p1_win,0.0,71
493,best_sim1,best_sim100,best_sim100,best_sim1,p2_win,1.0,74
494,best_sim1,best_sim100,best_sim100,best_sim1,p2_win,1.0,70
495,best_sim1,best_sim100,best_sim1,best_sim100,p1_win,1.0,73
496,best_sim1,best_sim100,best_sim1,best_sim100,p2_win,0.0,70
497,best_sim1,best_sim100,best_sim100,best_sim1,p2_win,1.0,78
498,best_sim1,best_sim100,best_sim100,best_sim1,p2_win,1.0,78
499,best_sim1,best_sim100,best_sim100,best_sim1,p1_win,0.0,71
500,best_sim1,best_sim100,best_sim100,best_sim1,p2_win,1.0,74
501,best_sim1,best_sim100,best_sim1,best_sim100,p2_win,0.0,76
502,best_sim1,best_sim100,best_sim1,best_sim100,p2_win,0.0,76
503,best_sim1,best_sim100,best_sim1,best_sim100,p2_win,0.0,76
504,best_sim1,best_sim100,best_sim100,best_sim1,p1_win,0.0,77
505,best_sim1,best_sim100,best_sim100,best_sim1,p2_win,1.0,74
506,best_sim1,best_sim100,best_sim100,best_sim1,p1_win,0.0,77
507,best_sim1,best_sim100,best_sim100,best_sim1,p1_win,0.0,77
508,best_sim1,best_sim100,best_sim100,best_sim1,p1_win,0.0,77
509,best_sim1,best_sim100,best_sim100,best_sim1,p1_win,0.0,77
510,best_sim1,best_sim100,best_sim100,best_sim1,p1_win,0.0,77
511,best_sim1,best_sim100,best_sim100,best_sim1,p1_win,0.0,77
512,best_sim1,best_sim100,best_sim100,best_sim1,p2_win,1.0,76
513,best_sim1,best_sim100,best_sim100,best_sim1,p2_win,1.0,80
514,best_sim1,best_sim100,best_sim100,best_sim1,p1_win,0.0,77
515,best_sim1,best_sim100,best_sim100,best_sim1,p1_win,0.0,77
516,best_sim1,best_sim100,best_sim100,best_sim1,p1_win,0.0,77
517,best_sim1,best_sim100,best_sim100,best_sim1,p1_win,0.0,77
518,best_sim1,best_sim100,best_sim100,best_sim1,p1_win,0.0,77
519,best_sim1,best_sim100,best_sim100,best_sim1,p1_win,0.0,77
520,best_sim1,best_sim100,best_sim100,best_sim1,p1_win,0.0,77
521,best_sim1,best_sim100,best_sim100,best_sim1,p1_win,0.0,77
522,best_sim1,best_sim100,best_sim100,best_sim1,p1_win,0.0,77
523,best_sim1,best_sim100,best_sim100,best_sim1,p1_win,0.0,77
524,best_sim1,best_sim100,best_sim100,best_sim1,p1_win,0.0,77
525,best_sim1,best_sim100,best_sim100,best_sim1,p1_win,0.0,77
526,best_sim1,best_sim100,best_sim1,best_sim100,p1_win,1.0,75
527,best_sim1,best_sim100,best_sim100,best_sim1,p2_win,1.0,74
528,best_sim1,best_sim100,best_sim100,best_sim1,p2_win,1.0,74
529,best_sim1,best_sim100,best_sim100,best_sim1,p2_win,1.0,74
530,best_sim1,best_sim100,best_sim100,best_sim1,p2_win,1.0,74
531,best_sim1,best_sim100,best_sim100,best_sim1,p2_win,1.0,74
532,best_sim1,best_sim100,best_sim100,best_sim1,p2_win,1.0,74
533,best_sim1,best_sim100,best_sim100,best_sim1,p2_win,1.0,74
534,best_sim1,best_sim100,best_sim100,best_sim1,p2_win,1.0,74
535,best_sim1,best_sim100,best_sim100,best_sim1,p2_win,1.0,74
536,best_sim1,best_sim100,best_sim100,best_sim1,p2_win,1.0,74
537,best_sim1,best_sim100,best_sim100,best_sim1,p2_win,1.0,74
538,best_sim1,best_sim100,best_sim100,best_sim1,p2_win,1.0,74
539,best_sim1,best_sim100,best_sim1,best_sim100,p2_win,0.0,76
540,best_sim1,best_sim100,best_sim100,best_sim1,p1_win,0.0,79
541,best_sim1,best_sim100,best_sim100,best_sim1,p1_win,0.0,75
542,best_sim1,best_sim100,best_sim100,best_sim1,p1_win,0.0,77
543,best_sim1,best_sim100,best_sim100,best_sim1,p1_win,0.0,77
544,best_sim1,best_sim100,best_sim100,best_sim1,p1_win,0.0,77
545,best_sim1,best_sim100,best_sim100,best_sim1,p1_win,0.0,75
546,best_sim1,best_sim100,best_sim100,best_sim1,p1_win,0.0,79
547,best_sim1,best_sim100,best_sim100,best_sim1,p1_win,0.0,79
548,best_sim1,best_sim100,best_sim100,best_sim1,p1_win,0.0,79
549,best_sim1,best_sim100,best_sim100,best_sim1,p1_win,0.0,79
550,best_sim1,best_sim100,best_sim100,best_sim1,p1_win,0.0,79
551,best_sim1,best_sim100,best_sim100,best_sim1,p1_win,0.0,79
552,best_sim1,best_sim100,best_sim100,best_sim1,p1_win,0.0,79
553,best_sim1,best_sim100,best_sim100,best_sim1,p1_win,0.0,79
554,best_sim1,best_sim100,best_sim100,best_sim1,p1_win,0.0,79
555,best_sim1,best_sim100,best_sim100,best_sim1,p1_win,0.0,79
556,best_sim1,best_sim100,best_sim100,best_sim1,p1_win,0.0,79
557,best_sim1,best_sim100,best_sim100,best_sim1,p1_win,0.0,79
558,best_sim1,best_sim100,best_sim100,best_sim1,p1_win,0.0,79
559,best_sim1,best_sim100,best_sim100,best_sim1,p1_win,0.0,79
560,best_sim1,best_sim100,best_sim100,best_sim1,p1_win,0.0,79
561,best_sim1,best_sim100,best_sim100,best_sim1,p1_win,0.0,79
562,best_sim1,best_sim100,best_sim100,best_sim1,p1_win,0.0,79
563,best_sim1,best_sim100,best_sim100,best_sim1,p1_win,0.0,79
564,best_sim1,best_sim100,best_sim100,best_sim1,p1_win,0.0,79
565,best_sim1,best_sim100,best_sim100,best_sim1,p1_win,0.0,83
566,best_sim1,best_sim100,best_sim100,best_sim1,p1_win,0.0,79
567,best_sim1,best_sim100,best_sim1,best_sim100,p2_win,0.0,78
568,best_sim1,best_sim100,best_sim1,best_sim100,p2_win,0.0,78
569,best_sim1,best_sim100,best_sim100,best_sim1,p1_win,0.0,83
570,best_sim1,best_sim100,best_sim1,best_sim100,p2_win,0.0,80
571,best_sim1,best_sim100,best_sim100,best_sim1,p1_win,0.0,81
572,best_sim1,best_sim100,best_sim100,best_sim1,p1_win,0.0,79
573,best_sim1,best_sim100,best_sim100,best_sim1,p1_win,0.0,83
574,best_sim1,best_sim100,best_sim100,best_sim1,p1_win,0.0,83
575,best_sim1,best_sim100,best_sim100,best_sim1,p1_win,0.0,83
576,best_sim1,best_sim100,best_sim1,best_sim100,p2_win,0.0,86
577,best_sim1,best_sim100,best_sim1,best_sim100,p2_win,0.0,86
578,best_sim1,best_sim100,best_sim1,best_sim100,p2_win,0.0,86
579,best_sim1,best_sim100,best_sim1,best_sim100,p2_win,0.0,82
580,best_sim1,best_sim100,best_sim1,best_sim100,p2_win,0.0,80
581,best_sim1,best_sim100,best_sim1,best_sim100,p2_win,0.0,82
582,best_sim1,best_sim100,best_sim1,best_sim100,p2_win,0.0,82
583,best_sim1,best_sim100,best_sim1,best_sim100,p2_win,0.0,82
584,best_sim1,best_sim100,best_sim1,best_sim100,p2_win,0.0,86
585,best_sim1,best_sim100,best_sim1,best_sim100,p2_win,0.0,84
586,best_sim1,best_sim100,best_sim1,best_sim100,p2_win,0.0,86
587,best_sim1,best_sim100,best_sim1,best_sim100,p2_win,0.0,86
588,best_sim1,best_sim100,best_sim1,best_sim100,p2_win,0.0,86
589,best_sim1,best_sim100,best_sim1,best_sim100,p2_win,0.0,86
590,best_sim1,best_sim100,best_sim1,best_sim100,p2_win,0.0,86
591,best_sim1,best_sim100,best_sim1,best_sim100,p2_win,0.0,86
592,best_sim1,best_sim100,best_sim1,best_sim100,p2_win,0.0,86
593,best_sim1,best_sim100,best_sim1,best_sim100,p2_win,0.0,82
594,best_sim1,best_sim100,best_sim1,best_sim100,p2_win,0.0,82
595,best_sim1,best_sim100,best_sim1,best_sim100,p2_win,0.0,86
596,best_sim1,best_sim100,best_sim1,best_sim100,p2_win,0.0,82
597,best_sim1,best_sim100,best_sim100,best_sim1,p1_win,0.0,81
598,best_sim1,best_sim100,best_sim100,best_sim1,p1_win,0.0,87
599,best_sim1,best_sim100,best_sim1,best_sim100,p2_win,0.0,90
600,best_sim1,best_sim100,best_sim1,best_sim100,p2_win,0.0,86
601,best_sim1,best_sim200,best_sim1,best_sim200,p2_win,0.0,48
602,best_sim1,best_sim200,best_sim1,best_sim200,p2_win,0.0,48
603,best_sim1,best_sim200,best_sim200,best_sim1,p1_win,0.0,51
604,best_sim1,best_sim200,best_sim200,best_sim1,p1_win,0.0,49
605,best_sim1,best_sim200,best_sim1,best_sim200,p2_win,0.0,56
606,best_sim1,best_sim200,best_sim200,best_sim1,p1_win,0.0,51
607,best_sim1,best_sim200,best_sim1,best_sim200,p2_win,0.0,54
608,best_sim1,best_sim200,best_sim1,best_sim200,p2_win,0.0,68
609,best_sim1,best_sim200,best_sim1,best_sim200,p2_win,0.0,68
610,best_sim1,best_sim200,best_sim1,best_sim200,p2_win,0.0,68
611,best_sim1,best_sim200,best_sim1,best_sim200,p2_win,0.0,68
612,best_sim1,best_sim200,best_sim1,best_sim200,p2_win,0.0,68
613,best_sim1,best_sim200,best_sim1,best_sim200,p2_win,0.0,68
614,best_sim1,best_sim200,best_sim1,best_sim200,p2_win,0.0,68
615,best_sim1,best_sim200,best_sim1,best_sim200,p2_win,0.0,68
616,best_sim1,best_sim200,best_sim1,best_sim200,p2_win,0.0,68
617,best_sim1,best_sim200,best_sim1,best_sim200,p2_win,0.0,68
618,best_sim1,best_sim200,best_sim1,best_sim200,p2_win,0.0,68
619,best_sim1,best_sim200,best_sim1,best_sim200,p2_win,0.0,68
620,best_sim1,best_sim200,best_sim1,best_sim200,p2_win,0.0,68
621,best_sim1,best_sim200,best_sim1,best_sim200,p2_win,0.0,68
622,best_sim1,best_sim200,best_sim1,best_sim200,p2_win,0.0,68
623,best_sim1,best_sim200,best_sim1,best_sim200,p2_win,0.0,68
624,best_sim1,best_sim200,best_sim1,best_sim200,p2_win,0.0,68
625,best_sim1,best_sim200,best_sim1,best_sim200,p2_win,0.0,68
626,best_sim1,best_sim200,best_sim1,best_sim200,p2_win,0.0,68
627,best_sim1,best_sim200,best_sim1,best_sim200,p2_win,0.0,68
628,best_sim1,best_sim200,best_sim1,best_sim200,p2_win,0.0,68
629,best_sim1,best_sim200,best_sim1,best_sim200,p2_win,0.0,68
630,best_sim1,best_sim200,best_sim1,best_sim200,p2_win,0.0,68
631,best_sim1,best_sim200,best_sim1,best_sim200,p2_win,0.0,68
632,best_sim1,best_sim200,best_sim1,best_sim200,p2_win,0.0,68
633,best_sim1,best_sim200,best_sim1,best_sim200,p2_win,0.0,66
634,best_sim1,best_sim200,best_sim1,best_sim200,p2_win,0.0,66
635,best_sim1,best_sim200,best_sim1,best_sim200,p2_win,0.0,68
636,best_sim1,best_sim200,best_sim1,best_sim200,p2_win,0.0,68
637,best_sim1,best_sim200,best_sim1,best_sim200,p2_win,0.0,68
638,best_sim1,best_sim200,best_sim1,best_sim200,p2_win,0.0,68
639,best_sim1,best_sim200,best_sim1,best_sim200,p2_win,0.0,68
640,best_sim1,best_sim200,best_sim1,best_sim200,p2_win,0.0,68
641,best_sim1,best_sim200,best_sim1,best_sim200,p2_win,0.0,68
642,best_sim1,best_sim200,best_sim1,best_sim200,p2_win,0.0,68
643,best_sim1,best_sim200,best_sim1,best_sim200,p2_win,0.0,68
644,best_sim1,best_sim200,best_sim1,best_sim200,p2_win,0.0,68
645,best_sim1,best_sim200,best_sim1,best_sim200,p2_win,0.0,68
646,best_sim1,best_sim200,best_sim1,best_sim200,p2_win,0.0,68
647,best_sim1,best_sim200,best_sim1,best_sim200,p2_win,0.0,68
648,best_sim1,best_sim200,best_sim1,best_sim200,p2_win,0.0,68
649,best_sim1,best_sim200,best_sim1,best_sim200,p2_win,0.0,68
650,best_sim1,best_sim200,best_sim1,best_sim200,p2_win,0.0,56
651,best_sim1,best_sim200,best_sim1,best_sim200,p2_win,0.0,56
652,best_sim1,best_sim200,best_sim1,best_sim200,p2_win,0.0,58
653,best_sim1,best_sim200,best_sim200,best_sim1,p1_win,0.0,57
654,best_sim1,best_sim200,best_sim200,best_sim1,p1_win,0.0,57
655,best_sim1,best_sim200,best_sim1,best_sim200,p2_win,0.0,60
656,best_sim1,best_sim200,best_sim1,best_sim200,p2_win,0.0,58
657,best_sim1,best_sim200,best_sim1,best_sim200,p2_win,0.0,58
658,best_sim1,best_sim200,best_sim200,best_sim1,p1_win,0.0,65
659,best_sim1,best_sim200,best_sim1,best_sim200,p1_win,1.0,67
660,best_sim1,best_sim200,best_sim200,best_sim1,p1_win,0.0,67
661,best_sim1,best_sim200,best_sim200,best_sim1,p1_win,0.0,67
662,best_sim1,best_sim200,best_sim200,best_sim1,p1_win,0.0,67
663,best_sim1,best_sim200,best_sim200,best_sim1,p1_win,0.0,67
664,best_sim1,best_sim200,best_sim200,best_sim1,p1_win,0.0,67
665,best_sim1,best_sim200,best_sim200,best_sim1,p1_win,0.0,67
666,best_sim1,best_sim200,best_sim1,best_sim200,p2_win,0.0,60
667,best_sim1,best_sim200,best_sim1,best_sim200,p2_win,0.0,64
668,best_sim1,best_sim200,best_sim1,best_sim200,p2_win,0.0,64
669,best_sim1,best_sim200,best_sim1,best_sim200,p2_win,0.0,64
670,best_sim1,best_sim200,best_sim1,best_sim200,p2_win,0.0,64
671,best_sim1,best_sim200,best_sim1,best_sim200,p2_win,0.0,64
672,best_sim1,best_sim200,best_sim1,best_sim200,p2_win,0.0,64
673,best_sim1,best_sim200,best_sim1,best_sim200,p2_win,0.0,64
674,best_sim1,best_sim200,best_sim1,best_sim200,p2_win,0.0,64
675,best_sim1,best_sim200,best_sim1,best_sim200,p2_win,0.0,64
676,best_sim1,best_sim200,best_sim1,best_sim200,p2_win,0.0,64
677,best_sim1,best_sim200,best_sim1,best_sim200,p2_win,0.0,64
678,best_sim1,best_sim200,best_sim1,best_sim200,p2_win,0.0,64
679,best_sim1,best_sim200,best_sim1,best_sim200,p2_win,0.0,64
680,best_sim1,best_sim200,best_sim1,best_sim200,p2_win,0.0,64
681,best_sim1,best_sim200,best_sim1,best_sim200,p2_win,0.0,64
682,best_sim1,best_sim200,best_sim1,best_sim200,p2_win,0.0,64
683,best_sim1,best_sim200,best_sim1,best_sim200,p2_win,0.0,64
684,best_sim1,best_sim200,best_sim1,best_sim200,p2_win,0.0,64
685,best_sim1,best_sim200,best_sim1,best_sim200,p2_win,0.0,64
686,best_sim1,best_sim200,best_sim1,best_sim200,p2_win,0.0,64
687,best_sim1,best_sim200,best_sim1,best_sim200,p2_win,0.0,64
688,best_sim1,best_sim200,best_sim1,best_sim200,p2_win,0.0,64
689,best_sim1,best_sim200,best_sim200,best_sim1,p1_win,0.0,59
690,best_sim1,best_sim200,best_sim1,best_sim200,p2_win,0.0,68
691,best_sim1,best_sim200,best_sim1,best_sim200,p2_win,0.0,68
692,best_sim1,best_sim200,best_sim1,best_sim200,p1_win,1.0,75
693,best_sim1,best_sim200,best_sim1,best_sim200,p2_win,0.0,62
694,best_sim1,best_sim200,best_sim1,best_sim200,p1_win,1.0,63
695,best_sim1,best_sim200,best_sim1,best_sim200,p1_win,1.0,71
696,best_sim1,best_sim200,best_sim200,best_sim1,p1_win,0.0,63
697,best_sim1,best_sim200,best_sim1,best_sim200,p1_win,1.0,71
698,best_sim1,best_sim200,best_sim200,best_sim1,p1_win,0.0,65
699,best_sim1,best_sim200,best_sim1,best_sim200,p1_win,1.0,71
700,best_sim1,best_sim200,best_sim1,best_sim200,p1_win,1.0,71
701,best_sim1,best_sim200,best_sim1,best_sim200,p2_win,0.0,68
702,best_sim1,best_sim200,best_sim1,best_sim200,p1_win,1.0,75
703,best_sim1,best_sim200,best_sim1,best_sim200,p1_win,1.0,71
704,best_sim1,best_sim200,best_sim1,best_sim200,p2_win,0.0,68
705,best_sim1,best_sim200,best_sim200,best_sim1,p2_win,1.0,74
706,best_sim1,best_sim200,best_sim200,best_sim1,p2_win,1.0,74
707,best_sim1,best_sim200,best_sim200,best_sim1,p2_win,1.0,74
708,best_sim1,best_sim200,best_sim200,best_sim1,p1_win,0.0,65
709,best_sim1,best_sim200,best_sim200,best_sim1,p1_win,0.0,69
710,best_sim1,best_sim200,best_sim200,best_sim1,p2_win,1.0,74
711,best_sim1,best_sim200,best_sim200,best_sim1,p2_win,1.0,78
712,best_sim1,best_sim200,best_sim200,best_sim1,p2_win,1.0,78
713,best_sim1,best_sim200,best_sim1,best_sim200,p1_win,1.0,75
714,best_sim1,best_sim200,best_sim200,best_sim1,p2_win,1.0,78
715,best_sim1,best_sim200,best_sim200,best_sim1,p2_win,1.0,78
716,best_sim1,best_sim200,best_sim200,best_sim1,p2_win,1.0,78
717,best_sim1,best_sim200,best_sim200,best_sim1,p2_win,1.0,78
718,best_sim1,best_sim200,best_sim200,best_sim1,p2_win,1.0,78
719,best_sim1,best_sim200,best_sim200,best_sim1,p2_win,1.0,78
720,best_sim1,best_sim200,best_sim200,best_sim1,p2_win,1.0,78
721,best_sim1,best_sim200,best_sim200,best_sim1,p2_win,1.0,78
722,best_sim1,best_sim200,best_sim200,best_sim1,p1_win,0.0,77
723,best_sim1,best_sim200,best_sim200,best_sim1,p1_win,0.0,77
724,best_sim1,best_sim200,best_sim200,best_sim1,p1_win,0.0,77
725,best_sim1,best_sim200,best_sim200,best_sim1,p1_win,0.0,77
726,best_sim1,best_sim200,best_sim200,best_sim1,p1_win,0.0,77
727,best_sim1,best_sim200,best_sim200,best_sim1,p1_win,0.0,77
728,best_sim1,best_sim200,best_sim200,best_sim1,p1_win,0.0,77
729,best_sim1,best_sim200,best_sim200,best_sim1,p1_win,0.0,77
730,best_sim1,best_sim200,best_sim200,best_sim1,p1_win,0.0,77
731,best_sim1,best_sim200,best_sim200,best_sim1,p1_win,0.0,77
732,best_sim1,best_sim200,best_sim200,best_sim1,p1_win,0.0,77
733,best_sim1,best_sim200,best_sim200,best_sim1,p2_win,1.0,74
734,best_sim1,best_sim200,best_sim200,best_sim1,p2_win,1.0,74
735,best_sim1,best_sim200,best_sim200,best_sim1,p1_win,0.0,73
736,best_sim1,best_sim200,best_sim200,best_sim1,p1_win,0.0,75
737,best_sim1,best_sim200,best_sim200,best_sim1,p2_win,1.0,74
738,best_sim1,best_sim200,best_sim200,best_sim1,p2_win,1.0,74
739,best_sim1,best_sim200,best_sim200,best_sim1,p1_win,0.0,77
740,best_sim1,best_sim200,best_sim1,best_sim200,p2_win,0.0,84
741,best_sim1,best_sim200,best_sim200,best_sim1,p2_win,1.0,74
742,best_sim1,best_sim200,best_sim200,best_sim1,p2_win,1.0,74
743,best_sim1,best_sim200,best_sim200,best_sim1,p2_win,1.0,74
744,best_sim1,best_sim200,best_sim200,best_sim1,p2_win,1.0,74
745,best_sim1,best_sim200,best_sim200,best_sim1,p2_win,1.0,74
746,best_sim1,best_sim200,best_sim1,best_sim200,p1_win,1.0,83
747,best_sim1,best_sim200,best_sim200,best_sim1,p1_win,0.0,79
748,best_sim1,best_sim200,best_sim1,best_sim200,p1_win,1.0,77
749,best_sim1,best_sim200,best_sim200,best_sim1,p1_win,0.0,79
750,best_sim1,best_sim200,best_sim200,best_sim1,p1_win,0.0,79
751,best_sim1,best_sim200,best_sim200,best_sim1,p1_win,0.0,79
752,best_sim1,best_sim200,best_sim200,best_sim1,p1_win,0.0,79
753,best_sim1,best_sim200,best_sim200,best_sim1,p1_win,0.0,79
754,best_sim1,best_sim200,best_sim200,best_sim1,p1_win,0.0,79
755,best_sim1,best_sim200,best_sim200,best_sim1,p1_win,0.0,79
756,best_sim1,best_sim200,best_sim200,best_sim1,p1_win,0.0,79
757,best_sim1,best_sim200,best_sim200,best_sim1,p1_win,0.0,79
758,best_sim1,best_sim200,best_sim200,best_sim1,p1_win,0.0,79
759,best_sim1,best_sim200,best_sim200,best_sim1,p1_win,0.0,79
760,best_sim1,best_sim200,best_sim200,best_sim1,p1_win,0.0,79
761,best_sim1,best_sim200,best_sim200,best_sim1,p1_win,0.0,79
762,best_sim1,best_sim200,best_sim200,best_sim1,p1_win,0.0,79
763,best_sim1,best_sim200,best_sim200,best_sim1,p1_win,0.0,79
764,best_sim1,best_sim200,best_sim200,best_sim1,p1_win,0.0,79
765,best_sim1,best_sim200,best_sim200,best_sim1,p1_win,0.0,79
766,best_sim1,best_sim200,best_sim200,best_sim1,p1_win,0.0,79
767,best_sim1,best_sim200,best_sim200,best_sim1,p1_win,0.0,79
768,best_sim1,best_sim200,best_sim200,best_sim1,p1_win,0.0,79
769,best_sim1,best_sim200,best_sim200,best_sim1,p1_win,0.0,79
770,best_sim1,best_sim200,best_sim200,best_sim1,p1_win,0.0,79
771,best_sim1,best_sim200,best_sim200,best_sim1,p1_win,0.0,79
772,best_sim1,best_sim200,best_sim200,best_sim1,p1_win,0.0,79
773,best_sim1,best_sim200,best_sim200,best_sim1,p1_win,0.0,79
774,best_sim1,best_sim200,best_sim200,best_sim1,p1_win,0.0,79
775,best_sim1,best_sim200,best_sim200,best_sim1,p1_win,0.0,79
776,best_sim1,best_sim200,best_sim200,best_sim1,p1_win,0.0,79
777,best_sim1,best_sim200,best_sim200,best_sim1,p1_win,0.0,79
778,best_sim1,best_sim200,best_sim200,best_sim1,p1_win,0.0,79
779,best_sim1,best_sim200,best_sim200,best_sim1,p1_win,0.0,79
780,best_sim1,best_sim200,best_sim200,best_sim1,p1_win,0.0,79
781,best_sim1,best_sim200,best_sim200,best_sim1,p1_win,0.0,79
782,best_sim1,best_sim200,best_sim200,best_sim1,p1_win,0.0,83
783,best_sim1,best_sim200,best_sim1,best_sim200,p2_win,0.0,78
784,best_sim1,best_sim200,best_sim200,best_sim1,p1_win,0.0,79
785,best_sim1,best_sim200,best_sim200,best_sim1,p1_win,0.0,83
786,best_sim1,best_sim200,best_sim1,best_sim200,p2_win,0.0,78
787,best_sim1,best_sim200,best_sim200,best_sim1,p1_win,0.0,83
788,best_sim1,best_sim200,best_sim200,best_sim1,p1_win,0.0,83
789,best_sim1,best_sim200,best_sim200,best_sim1,p1_win,0.0,83
790,best_sim1,best_sim200,best_sim200,best_sim1,p1_win,0.0,83
791,best_sim1,best_sim200,best_sim1,best_sim200,p2_win,0.0,86
792,best_sim1,best_sim200,best_sim1,best_sim200,p2_win,0.0,86
793,best_sim1,best_sim200,best_sim200,best_sim1,p1_win,0.0,83
794,best_sim1,best_sim200,best_sim1,best_sim200,p2_win,0.0,82
795,best_sim1,best_sim200,best_sim1,best_sim200,p2_win,0.0,80
796,best_sim1,best_sim200,best_sim200,best_sim1,p1_win,0.0,83
797,best_sim1,best_sim200,best_sim200,best_sim1,p1_win,0.0,89
798,best_sim1,best_sim200,best_sim200,best_sim1,p1_win,0.0,93
799,best_sim1,best_sim200,best_sim1,best_sim200,draw,0.5,100
800,best_sim1,best_sim200,best_sim200,best_sim1,p1_win,0.0,95
801,best_sim1,best_sim400,best_sim1,best_sim400,p2_win,0.0,42
802,best_sim1,best_sim400,best_sim1,best_sim400,p2_win,0.0,44
803,best_sim1,best_sim400,best_sim1,best_sim400,p2_win,0.0,44
804,best_sim1,best_sim400,best_sim1,best_sim400,p2_win,0.0,44
805,best_sim1,best_sim400,best_sim1,best_sim400,p2_win,0.0,46
806,best_sim1,best_sim400,best_sim1,best_sim400,p2_win,0.0,46
807,best_sim1,best_sim400,best_sim1,best_sim400,p2_win,0.0,46
808,best_sim1,best_sim400,best_sim1,best_sim400,p2_win,0.0,50
809,best_sim1,best_sim400,best_sim1,best_sim400,p2_win,0.0,48
810,best_sim1,best_sim400,best_sim1,best_sim400,p2_win,0.0,52
811,best_sim1,best_sim400,best_sim1,best_sim400,p2_win,0.0,48
812,best_sim1,best_sim400,best_sim1,best_sim400,p2_win,0.0,48
813,best_sim1,best_sim400,best_sim400,best_sim1,p1_win,0.0,49
814,best_sim1,best_sim400,best_sim1,best_sim400,p2_win,0.0,50
815,best_sim1,best_sim400,best_sim1,best_sim400,p2_win,0.0,50
816,best_sim1,best_sim400,best_sim400,best_sim1,p1_win,0.0,53
817,best_sim1,best_sim400,best_sim1,best_sim400,p2_win,0.0,52
818,best_sim1,best_sim400,best_sim1,best_sim400,p2_win,0.0,50
819,best_sim1,best_sim400,best_sim1,best_sim400,p2_win,0.0,54
820,best_sim1,best_sim400,best_sim1,best_sim400,p2_win,0.0,68
821,best_sim1,best_sim400,best_sim1,best_sim400,p2_win,0.0,68
822,best_sim1,best_sim400,best_sim1,best_sim400,p2_win,0.0,68
823,best_sim1,best_sim400,best_sim1,best_sim400,p2_win,0.0,68
824,best_sim1,best_sim400,best_sim1,best_sim400,p2_win,0.0,68
825,best_sim1,best_sim400,best_sim1,best_sim400,p2_win,0.0,68
826,best_sim1,best_sim400,best_sim1,best_sim400,p2_win,0.0,68
827,best_sim1,best_sim400,best_sim1,best_sim400,p2_win,0.0,68
828,best_sim1,best_sim400,best_sim1,best_sim400,p2_win,0.0,68
829,best_sim1,best_sim400,best_sim1,best_sim400,p2_win,0.0,68
830,best_sim1,best_sim400,best_sim1,best_sim400,p2_win,0.0,68
831,best_sim1,best_sim400,best_sim1,best_sim400,p2_win,0.0,54
832,best_sim1,best_sim400,best_sim1,best_sim400,p2_win,0.0,56
833,best_sim1,best_sim400,best_sim1,best_sim400,p2_win,0.0,52
834,best_sim1,best_sim400,best_sim1,best_sim400,p2_win,0.0,56
835,best_sim1,best_sim400,best_sim400,best_sim1,p1_win,0.0,55
836,best_sim1,best_sim400,best_sim1,best_sim400,p2_win,0.0,54
837,best_sim1,best_sim400,best_sim1,best_sim400,p2_win,0.0,56
838,best_sim1,best_sim400,best_sim1,best_sim400,p2_win,0.0,56
839,best_sim1,best_sim400,best_sim1,best_sim400,p2_win,0.0,56
840,best_sim1,best_sim400,best_sim1,best_sim400,p2_win,0.0,56
841,best_sim1,best_sim400,best_sim1,best_sim400,p2_win,0.0,60
842,best_sim1,best_sim400,best_sim400,best_sim1,p1_win,0.0,57
843,best_sim1,best_sim400,best_sim1,best_sim400,p2_win,0.0,58
844,best_sim1,best_sim400,best_sim1,best_sim400,p2_win,0.0,56
845,best_sim1,best_sim400,best_sim1,best_sim400,p2_win,0.0,64
846,best_sim1,best_sim400,best_sim1,best_sim400,p2_win,0.0,58
847,best_sim1,best_sim400,best_sim1,best_sim400,p2_win,0.0,58
848,best_sim1,best_sim400,best_sim1,best_sim400,p2_win,0.0,60
849,best_sim1,best_sim400,best_sim1,best_sim400,p2_win,0.0,60
850,best_sim1,best_sim400,best_sim1,best_sim400,p2_win,0.0,60
851,best_sim1,best_sim400,best_sim1,best_sim400,p2_win,0.0,60
852,best_sim1,best_sim400,best_sim1,best_sim400,p2_win,0.0,60
853,best_sim1,best_sim400,best_sim1,best_sim400,p2_win,0.0,60
854,best_sim1,best_sim400,best_sim1,best_sim400,p2_win,0.0,64
855,best_sim1,best_sim400,best_sim1,best_sim400,p2_win,0.0,64
856,best_sim1,best_sim400,best_sim1,best_sim400,p2_win,0.0,60
857,best_sim1,best_sim400,best_sim1,best_sim400,p2_win,0.0,60
858,best_sim1,best_sim400,best_sim1,best_sim400,p2_win,0.0,60
859,best_sim1,best_sim400,best_sim400,best_sim1,p1_win,0.0,59
860,best_sim1,best_sim400,best_sim1,best_sim400,p2_win,0.0,60
861,best_sim1,best_sim400,best_sim1,best_sim400,p2_win,0.0,60
862,best_sim1,best_sim400,best_sim1,best_sim400,p2_win,0.0,66
863,best_sim1,best_sim400,best_sim1,best_sim400,p2_win,0.0,60
864,best_sim1,best_sim400,best_sim1,best_sim400,p2_win,0.0,60
865,best_sim1,best_sim400,best_sim1,best_sim400,p2_win,0.0,60
866,best_sim1,best_sim400,best_sim1,best_sim400,p1_win,1.0,75
867,best_sim1,best_sim400,best_sim1,best_sim400,p1_win,1.0,75
868,best_sim1,best_sim400,best_sim1,best_sim400,p1_win,1.0,71
869,best_sim1,best_sim400,best_sim1,best_sim400,p2_win,0.0,72
870,best_sim1,best_sim400,best_sim1,best_sim400,p1_win,1.0,75
871,best_sim1,best_sim400,best_sim1,best_sim400,p2_win,0.0,68
872,best_sim1,best_sim400,best_sim400,best_sim1,p1_win,0.0,63
873,best_sim1,best_sim400,best_sim1,best_sim400,p2_win,0.0,62
874,best_sim1,best_sim400,best_sim1,best_sim400,p1_win,1.0,75
875,best_sim1,best_sim400,best_sim1,best_sim400,p2_win,0.0,62
876,best_sim1,best_sim400,best_sim1,best_sim400,p1_win,1.0,71
877,best_sim1,best_sim400,best_sim1,best_sim400,p1_win,1.0,69
878,best_sim1,best_sim400,best_sim1,best_sim400,p1_win,1.0,75
879,best_sim1,best_sim400,best_sim1,best_sim400,p1_win,1.0,73
880,best_sim1,best_sim400,best_sim1,best_sim400,p1_win,1.0,75
881,best_sim1,best_sim400,best_sim1,best_sim400,p1_win,1.0,75
882,best_sim1,best_sim400,best_sim400,best_sim1,p2_win,1.0,74
883,best_sim1,best_sim400,best_sim400,best_sim1,p2_win,1.0,74
884,best_sim1,best_sim400,best_sim1,best_sim400,p1_win,1.0,75
885,best_sim1,best_sim400,best_sim1,best_sim400,p2_win,0.0,64
886,best_sim1,best_sim400,best_sim1,best_sim400,p1_win,1.0,75
887,best_sim1,best_sim400,best_sim1,best_sim400,p2_win,0.0,68
888,best_sim1,best_sim400,best_sim1,best_sim400,p2_win,0.0,68
889,best_sim1,best_sim400,best_sim1,best_sim400,p2_win,0.0,68
890,best_sim1,best_sim400,best_sim1,best_sim400,p2_win,0.0,68
891,best_sim1,best_sim400,best_sim1,best_sim400,p2_win,0.0,68
892,best_sim1,best_sim400,best_sim1,best_sim400,p2_win,0.0,72
893,best_sim1,best_sim400,best_sim1,best_sim400,p2_win,0.0,68
894,best_sim1,best_sim400,best_sim1,best_sim400,p2_win,0.0,68
895,best_sim1,best_sim400,best_sim1,best_sim400,p2_win,0.0,68
896,best_sim1,best_sim400,best_sim1,best_sim400,p2_win,0.0,70
897,best_sim1,best_sim400,best_sim400,best_sim1,p1_win,0.0,67
898,best_sim1,best_sim400,best_sim1,best_sim400,p2_win,0.0,72
899,best_sim1,best_sim400,best_sim1,best_sim400,p2_win,0.0,72
900,best_sim1,best_sim400,best_sim400,best_sim1,p2_win,1.0,78
901,best_sim1,best_sim400,best_sim400,best_sim1,p2_win,1.0,78
902,best_sim1,best_sim400,best_sim400,best_sim1,p2_win,1.0,78
903,best_sim1,best_sim400,best_sim1,best_sim400,p2_win,0.0,70
904,best_sim1,best_sim400,best_sim1,best_sim400,p2_win,0.0,68
905,best_sim1,best_sim400,best_sim400,best_sim1,p1_win,0.0,73
906,best_sim1,best_sim400,best_sim1,best_sim400,p1_win,1.0,73
907,best_sim1,best_sim400,best_sim1,best_sim400,p2_win,0.0,72
908,best_sim1,best_sim400,best_sim400,best_sim1,p1_win,0.0,77
909,best_sim1,best_sim400,best_sim400,best_sim1,p1_win,0.0,77
910,best_sim1,best_sim400,best_sim400,best_sim1,p1_win,0.0,77
911,best_sim1,best_sim400,best_sim400,best_sim1,p1_win,0.0,77
912,best_sim1,best_sim400,best_sim400,best_sim1,p1_win,0.0,77
913,best_sim1,best_sim400,best_sim400,best_sim1,p1_win,0.0,77
914,best_sim1,best_sim400,best_sim400,best_sim1,p1_win,0.0,77
915,best_sim1,best_sim400,best_sim400,best_sim1,p1_win,0.0,77
916,best_sim1,best_sim400,best_sim400,best_sim1,p1_win,0.0,77
917,best_sim1,best_sim400,best_sim400,best_sim1,p1_win,0.0,77
918,best_sim1,best_sim400,best_sim400,best_sim1,p1_win,0.0,77
919,best_sim1,best_sim400,best_sim400,best_sim1,p1_win,0.0,77
920,best_sim1,best_sim400,best_sim400,best_sim1,p1_win,0.0,77
921,best_sim1,best_sim400,best_sim400,best_sim1,p1_win,0.0,77
922,best_sim1,best_sim400,best_sim400,best_sim1,p1_win,0.0,77
923,best_sim1,best_sim400,best_sim400,best_sim1,p1_win,0.0,77
924,best_sim1,best_sim400,best_sim400,best_sim1,p1_win,0.0,77
925,best_sim1,best_sim400,best_sim400,best_sim1,p1_win,0.0,77
926,best_sim1,best_sim400,best_sim400,best_sim1,p1_win,0.0,77
927,best_sim1,best_sim400,best_sim400,best_sim1,p1_win,0.0,77
928,best_sim1,best_sim400,best_sim400,best_sim1,p1_win,0.0,77
929,best_sim1,best_sim400,best_sim400,best_sim1,p2_win,1.0,74
930,best_sim1,best_sim400,best_sim1,best_sim400,p2_win,0.0,74
931,best_sim1,best_sim400,best_sim400,best_sim1,p1_win,0.0,81
932,best_sim1,best_sim400,best_sim1,best_sim400,p2_win,0.0,74
933,best_sim1,best_sim400,best_sim400,best_sim1,p2_win,1.0,74
934,best_sim1,best_sim400,best_sim400,best_sim1,p2_win,1.0,74
935,best_sim1,best_sim400,best_sim1,best_sim400,p2_win,0.0,72
936,best_sim1,best_sim400,best_sim400,best_sim1,p2_win,1.0,74
937,best_sim1,best_sim400,best_sim1,best_sim400,p2_win,0.0,72
938,best_sim1,best_sim400,best_sim400,best_sim1,p1_win,0.0,77
939,best_sim1,best_sim400,best_sim400,best_sim1,p1_win,0.0,79
940,best_sim1,best_sim400,best_sim400,best_sim1,p1_win,0.0,81
941,best_sim1,best_sim400,best_sim400,best_sim1,p1_win,0.0,81
942,best_sim1,best_sim400,best_sim400,best_sim1,p1_win,0.0,81
943,best_sim1,best_sim400,best_sim400,best_sim1,p1_win,0.0,79
944,best_sim1,best_sim400,best_sim400,best_sim1,p1_win,0.0,79
945,best_sim1,best_sim400,best_sim400,best_sim1,p1_win,0.0,79
946,best_sim1,best_sim400,best_sim400,best_sim1,p1_win,0.0,79
947,best_sim1,best_sim400,best_sim400,best_sim1,p1_win,0.0,79
948,best_sim1,best_sim400,best_sim400,best_sim1,p1_win,0.0,79
949,best_sim1,best_sim400,best_sim400,best_sim1,p1_win,0.0,79
950,best_sim1,best_sim400,best_sim400,best_sim1,p1_win,0.0,79
951,best_sim1,best_sim400,best_sim400,best_sim1,p1_win,0.0,79
952,best_sim1,best_sim400,best_sim400,best_sim1,p1_win,0.0,79
953,best_sim1,best_sim400,best_sim400,best_sim1,p1_win,0.0,79
954,best_sim1,best_sim400,best_sim400,best_sim1,p1_win,0.0,79
955,best_sim1,best_sim400,best_sim400,best_sim1,p1_win,0.0,79
956,best_sim1,best_sim400,best_sim400,best_sim1,p1_win,0.0,79
957,best_sim1,best_sim400,best_sim400,best_sim1,p1_win,0.0,79
958,best_sim1,best_sim400,best_sim400,best_sim1,p1_win,0.0,79
959,best_sim1,best_sim400,best_sim400,best_sim1,p1_win,0.0,79
960,best_sim1,best_sim400,best_sim400,best_sim1,p1_win,0.0,79
961,best_sim1,best_sim400,best_sim400,best_sim1,p1_win,0.0,79
962,best_sim1,best_sim400,best_sim400,best_sim1,p1_win,0.0,79
963,best_sim1,best_sim400,best_sim400,best_sim1,p1_win,0.0,79
964,best_sim1,best_sim400,best_sim400,best_sim1,p1_win,0.0,79
965,best_sim1,best_sim400,best_sim400,best_sim1,p1_win,0.0,79
966,best_sim1,best_sim400,best_sim400,best_sim1,p1_win,0.0,79
967,best_sim1,best_sim400,best_sim400,best_sim1,p1_win,0.0,79
968,best_sim1,best_sim400,best_sim400,best_sim1,p1_win,0.0,79
969,best_sim1,best_sim400,best_sim400,best_sim1,p1_win,0.0,79
970,best_sim1,best_sim400,best_sim400,best_sim1,p1_win,0.0,79
971,best_sim1,best_sim400,best_sim400,best_sim1,p1_win,0.0,79
972,best_sim1,best_sim400,best_sim400,best_sim1,p1_win,0.0,79
973,best_sim1,best_sim400,best_sim400,best_sim1,p1_win,0.0,79
974,best_sim1,best_sim400,best_sim400,best_sim1,p1_win,0.0,79
975,best_sim1,best_sim400,best_sim400,best_sim1,p1_win,0.0,79
976,best_sim1,best_sim400,best_sim1,best_sim400,p2_win,0.0,80
977,best_sim1,best_sim400,best_sim400,best_sim1,p1_win,0.0,79
978,best_sim1,best_sim400,best_sim400,best_sim1,p1_win,0.0,79
979,best_sim1,best_sim400,best_sim400,best_sim1,p1_win,0.0,79
980,best_sim1,best_sim400,best_sim400,best_sim1,p1_win,0.0,79
981,best_sim1,best_sim400,best_sim400,best_sim1,p1_win,0.0,79
982,best_sim1,best_sim400,best_sim400,best_sim1,p1_win,0.0,79
983,best_sim1,best_sim400,best_sim400,best_sim1,p1_win,0.0,79
984,best_sim1,best_sim400,best_sim400,best_sim1,p1_win,0.0,79
985,best_sim1,best_sim400,best_sim400,best_sim1,p1_win,0.0,79
986,best_sim1,best_sim400,best_sim400,best_sim1,p1_win,0.0,79
987,best_sim1,best_sim400,best_sim400,best_sim1,p1_win,0.0,79
988,best_sim1,best_sim400,best_sim400,best_sim1,p1_win,0.0,79
989,best_sim1,best_sim400,best_sim400,best_sim1,p1_win,0.0,79
990,best_sim1,best_sim400,best_sim400,best_sim1,p1_win,0.0,79
991,best_sim1,best_sim400,best_sim400,best_sim1,p1_win,0.0,79
992,best_sim1,best_sim400,best_sim400,best_sim1,p1_win,0.0,79
993,best_sim1,best_sim400,best_sim400,best_sim1,p1_win,0.0,83
994,best_sim1,best_sim400,best_sim400,best_sim1,p1_win,0.0,83
995,best_sim1,best_sim400,best_sim400,best_sim1,p1_win,0.0,83
996,best_sim1,best_sim400,best_sim400,best_sim1,p1_win,0.0,83
997,best_sim1,best_sim400,best_sim400,best_sim1,p1_win,0.0,83
998,best_sim1,best_sim400,best_sim400,best_sim1,p1_win,0.0,83
999,best_sim1,best_sim400,best_sim400,best_sim1,p1_win,0.0,83
1000,best_sim1,best_sim400,best_sim1,best_sim400,p1_win,1.0,85
1001,best_sim10,best_sim50,best_sim50,best_sim10,p1_win,0.0,41
1002,best_sim10,best_sim50,best_sim50,best_sim10,p1_win,0.0,45
1003,best_sim10,best_sim50,best_sim10,best_sim50,p2_win,0.0,52
1004,best_sim10,best_sim50,best_sim10,best_sim50,p2_win,0.0,48
1005,best_sim10,best_sim50,best_sim10,best_sim50,p2_win,0.0,50
1006,best_sim10,best_sim50,best_sim10,best_sim50,p2_win,0.0,50
1007,best_sim10,best_sim50,best_sim10,best_sim50,p1_win,1.0,51
1008,best_sim10,best_sim50,best_sim10,best_sim50,p2_win,0.0,56
1009,best_sim10,best_sim50,best_sim10,best_sim50,p2_win,0.0,56
1010,best_sim10,best_sim50,best_sim10,best_sim50,p2_win,0.0,56
1011,best_sim10,best_sim50,best_sim50,best_sim10,p1_win,0.0,51
1012,best_sim10,best_sim50,best_sim10,best_sim50,p2_win,0.0,52
1013,best_sim10,best_sim50,best_sim50,best_sim10,p1_win,0.0,59
1014,best_sim10,best_sim50,best_sim50,best_sim10,p1_win,0.0,59
1015,best_sim10,best_sim50,best_sim50,best_sim10,p1_win,0.0,53
1016,best_sim10,best_sim50,best_sim10,best_sim50,p2_win,0.0,64
1017,best_sim10,best_sim50,best_sim50,best_sim10,p1_win,0.0,55
1018,best_sim10,best_sim50,best_sim10,best_sim50,p2_win,0.0,60
1019,best_sim10,best_sim50,best_sim50,best_sim10,p1_win,0.0,59
1020,best_sim10,best_sim50,best_sim50,best_sim10,p1_win,0.0,59
1021,best_sim10,best_sim50,best_sim10,best_sim50,p2_win,0.0,54
1022,best_sim10,best_sim50,best_sim10,best_sim50,p2_win,0.0,54
1023,best_sim10,best_sim50,best_sim50,best_sim10,p1_win,0.0,61
1024,best_sim10,best_sim50,best_sim50,best_sim10,p1_win,0.0,57
1025,best_sim10,best_sim50,best_sim10,best_sim50,p2_win,0.0,56
1026,best_sim10,best_sim50,best_sim50,best_sim10,p1_win,0.0,55
1027,best_sim10,best_sim50,best_sim50,best_sim10,p1_win,0.0,55
1028,best_sim10,best_sim50,best_sim50,best_sim10,p1_win,0.0,55
1029,best_sim10,best_sim50,best_sim50,best_sim10,p1_win,0.0,55
1030,best_sim10,best_sim50,best_sim50,best_sim10,p1_win,0.0,55
1031,best_sim10,best_sim50,best_sim50,best_sim10,p1_win,0.0,55
1032,best_sim10,best_sim50,best_sim10,best_sim50,p2_win,0.0,56
1033,best_sim10,best_sim50,best_sim10,best_sim50,p2_win,0.0,56
1034,best_sim10,best_sim50,best_sim50,best_sim10,p1_win,0.0,63
1035,best_sim10,best_sim50,best_sim50,best_sim10,p1_win,0.0,63
1036,best_sim10,best_sim50,best_sim10,best_sim50,p2_win,0.0,56
1037,best_sim10,best_sim50,best_sim50,best_sim10,p1_win,0.0,57
1038,best_sim10,best_sim50,best_sim50,best_sim10,p1_win,0.0,59
1039,best_sim10,best_sim50,best_sim10,best_sim50,p2_win,0.0,60
1040,best_sim10,best_sim50,best_sim50,best_sim10,p1_win,0.0,59
1041,best_sim10,best_sim50,best_sim50,best_sim10,p1_win,0.0,57
1042,best_sim10,best_sim50,best_sim10,best_sim50,p2_win,0.0,60
1043,best_sim10,best_sim50,best_sim10,best_sim50,p2_win,0.0,60
1044,best_sim10,best_sim50,best_sim50,best_sim10,p1_win,0.0,59
1045,best_sim10,best_sim50,best_sim10,best_sim50,p2_win,0.0,64
1046,best_sim10,best_sim50,best_sim50,best_sim10,p1_win,0.0,59
1047,best_sim10,best_sim50,best_sim50,best_sim10,p1_win,0.0,59
1048,best_sim10,best_sim50,best_sim10,best_sim50,p2_win,0.0,58
1049,best_sim10,best_sim50,best_sim50,best_sim10,p1_win,0.0,59
1050,best_sim10,best_sim50,best_sim50,best_sim10,p1_win,0.0,59
1051,best_sim10,best_sim50,best_sim50,best_sim10,p1_win,0.0,59
1052,best_sim10,best_sim50,best_sim10,best_sim50,p2_win,0.0,60
1053,best_sim10,best_sim50,best_sim10,best_sim50,p1_win,1.0,61
1054,best_sim10,best_sim50,best_sim50,best_sim10,p1_win,0.0,59
1055,best_sim10,best_sim50,best_sim50,best_sim10,p1_win,0.0,59
1056,best_sim10,best_sim50,best_sim50,best_sim10,p1_win,0.0,59
1057,best_sim10,best_sim50,best_sim50,best_sim10,p1_win,0.0,59
1058,best_sim10,best_sim50,best_sim50,best_sim10,p1_win,0.0,59
1059,best_sim10,best_sim50,best_sim10,best_sim50,p2_win,0.0,62
1060,best_sim10,best_sim50,best_sim10,best_sim50,p2_win,0.0,60
1061,best_sim10,best_sim50,best_sim50,best_sim10,p1_win,0.0,63
1062,best_sim10,best_sim50,best_sim10,best_sim50,p2_win,0.0,62
1063,best_sim10,best_sim50,best_sim10,best_sim50,p2_win,0.0,62
1064,best_sim10,best_sim50,best_sim10,best_sim50,p2_win,0.0,62
1065,best_sim10,best_sim50,best_sim10,best_sim50,p1_win,1.0,67
1066,best_sim10,best_sim50,best_sim10,best_sim50,p1_win,1.0,67
1067,best_sim10,best_sim50,best_sim50,best_sim10,p1_win,0.0,61
1068,best_sim10,best_sim50,best_sim10,best_sim50,p1_win,1.0,67
1069,best_sim10,best_sim50,best_sim10,best_sim50,p1_win,1.0,67
1070,best_sim10,best_sim50,best_sim10,best_sim50,p1_win,1.0,67
1071,best_sim10,best_sim50,best_sim50,best_sim10,p1_win,0.0,65
1072,best_sim10,best_sim50,best_sim50,best_sim10,p1_win,0.0,61
1073,best_sim10,best_sim50,best_sim10,best_sim50,p2_win,0.0,64
1074,best_sim10,best_sim50,best_sim10,best_sim50,p2_win,0.0,68
1075,best_sim10,best_sim50,best_sim50,best_sim10,p1_win,0.0,61
1076,best_sim10,best_sim50,best_sim10,best_sim50,p2_win,0.0,64
1077,best_sim10,best_sim50,best_sim50,best_sim10,p1_win,0.0,63
1078,best_sim10,best_sim50,best_sim50,best_sim10,p2_win,1.0,64
1079,best_sim10,best_sim50,best_sim10,best_sim50,p2_win,0.0,66
1080,best_sim10,best_sim50,best_sim50,best_sim10,p1_win,0.0,63
1081,best_sim10,best_sim50,best_sim10,best_sim50,p2_win,0.0,68
1082,best_sim10,best_sim50,best_sim50,best_sim10,p1_win,0.0,65
1083,best_sim10,best_sim50,best_sim50,best_sim10,p1_win,0.0,67
1084,best_sim10,best_sim50,best_sim10,best_sim50,p1_win,1.0,67
1085,best_sim10,best_sim50,best_sim50,best_sim10,p2_win,1.0,64
1086,best_sim10,best_sim50,best_sim50,best_sim10,p1_win,0.0,63
1087,best_sim10,best_sim50,best_sim50,best_sim10,p2_win,1.0,68
1088,best_sim10,best_sim50,best_sim10,best_sim50,p2_win,0.0,64
1089,best_sim10,best_sim50,best_sim50,best_sim10,p1_win,0.0,65
1090,best_sim10,best_sim50,best_sim50,best_sim10,p1_win,0.0,67
1091,best_sim10,best_sim50,best_sim50,best_sim10,p1_win,0.0,67
1092,best_sim10,best_sim50,best_sim50,best_sim10,p1_win,0.0,63
1093,best_sim10,best_sim50,best_sim10,best_sim50,p2_win,0.0,76
1094,best_sim10,best_sim50,best_sim50,best_sim10,p1_win,0.0,65
1095,best_sim10,best_sim50,best_sim10,best_sim50,p1_win,1.0,67
1096,best_sim10,best_sim50,best_sim50,best_sim10,p1_win,0.0,65
1097,best_sim10,best_sim50,best_sim50,best_sim10,p1_win,0.0,67
1098,best_sim10,best_sim50,best_sim50,best_sim10,p1_win,0.0,65
1099,best_sim10,best_sim50,best_sim50,best_sim10,p1_win,0.0,67
1100,best_sim10,best_sim50,best_sim50,best_sim10,p1_win,0.0,65
1101,best_sim10,best_sim50,best_sim10,best_sim50,p2_win,0.0,66
1102,best_sim10,best_sim50,best_sim10,best_sim50,p2_win,0.0,66
1103,best_sim10,best_sim50,best_sim50,best_sim10,p2_win,1.0,66
1104,best_sim10,best_sim50,best_sim50,best_sim10,p1_win,0.0,71
1105,best_sim10,best_sim50,best_sim50,best_sim10,p1_win,0.0,67
1106,best_sim10,best_sim50,best_sim50,best_sim10,p1_win,0.0,65
1107,best_sim10,best_sim50,best_sim50,best_sim10,p1_win,0.0,65
1108,best_sim10,best_sim50,best_sim50,best_sim10,p1_win,0.0,65
1109,best_sim10,best_sim50,best_sim50,best_sim10,p1_win,0.0,65
1110,best_sim10,best_sim50,best_sim10,best_sim50,p1_win,1.0,67
1111,best_sim10,best_sim50,best_sim50,best_sim10,p2_win,1.0,68
1112,best_sim10,best_sim50,best_sim50,best_sim10,p1_win,0.0,67
1113,best_sim10,best_sim50,best_sim10,best_sim50,p2_win,0.0,68
1114,best_sim10,best_sim50,best_sim50,best_sim10,p1_win,0.0,67
1115,best_sim10,best_sim50,best_sim50,best_sim10,p1_win,0.0,67
1116,best_sim10,best_sim50,best_sim50,best_sim10,p1_win,0.0,71
1117,best_sim10,best_sim50,best_sim50,best_sim10,p1_win,0.0,71
1118,best_sim10,best_sim50,best_sim10,best_sim50,p2_win,0.0,72
1119,best_sim10,best_sim50,best_sim10,best_sim50,p2_win,0.0,72
1120,best_sim10,best_sim50,best_sim50,best_sim10,p1_win,0.0,67
1121,best_sim10,best_sim50,best_sim50,best_sim10,p1_win,0.0,71
1122,best_sim10,best_sim50,best_sim10,best_sim50,p2_win,0.0,72
1123,best_sim10,best_sim50,best_sim10,best_sim50,p2_win,0.0,70
1124,best_sim10,best_sim50,best_sim50,best_sim10,p2_win,1.0,68
1125,best_sim10,best_sim50,best_sim50,best_sim10,p2_win,1.0,68
1126,best_sim10,best_sim50,best_sim10,best_sim50,p1_win,1.0,73
1127,best_sim10,best_sim50,best_sim10,best_sim50,p1_win,1.0,73
1128,best_sim10,best_sim50,best_sim10,best_sim50,p1_win,1.0,73
1129,best_sim10,best_sim50,best_sim50,best_sim10,p1_win,0.0,71
1130,best_sim10,best_sim50,best_sim10,best_sim50,p2_win,0.0,70
1131,best_sim10,best_sim50,best_sim50,best_sim10,p1_win,0.0,75
1132,best_sim10,best_sim50,best_sim10,best_sim50,p2_win,0.0,72
1133,best_sim10,best_sim50,best_sim10,best_sim50,p1_win,1.0,75
1134,best_sim10,best_sim50,best_sim10,best_sim50,p2_win,0.0,72
1135,best_sim10,best_sim50,best_sim10,best_sim50,p1_win,1.0,75
1136,best_sim10,best_sim50,best_sim10,best_sim50,p1_win,1.0,73
1137,best_sim10,best_sim50,best_sim50,best_sim10,p1_win,0.0,75
1138,best_sim10,best_sim50,best_sim10,best_sim50,p2_win,0.0,72
1139,best_sim10,best_sim50,best_sim50,best_sim10,p1_win,0.0,71
1140,best_sim10,best_sim50,best_sim10,best_sim50,p2_win,0.0,72
1141,best_sim10,best_sim50,best_sim10,best_sim50,p2_win,0.0,72
1142,best_sim10,best_sim50,best_sim50,best_sim10,p1_win,0.0,71
1143,best_sim10,best_sim50,best_sim10,best_sim50,p1_win,1.0,75
1144,best_sim10,best_sim50,best_sim50,best_sim10,p1_win,0.0,71
1145,best_sim10,best_sim50,best_sim10,best_sim50,p2_win,0.0,76
1146,best_sim10,best_sim50,best_sim50,best_sim10,p1_win,0.0,75
1147,best_sim10,best_sim50,best_sim50,best_sim10,p1_win,0.0,75
1148,best_sim10,best_sim50,best_sim10,best_sim50,p2_win,0.0,78
1149,best_sim10,best_sim50,best_sim50,best_sim10,p1_win,0.0,73
1150,best_sim10,best_sim50,best_sim10,best_sim50,p2_win,0.0,74
1151,best_sim10,best_sim50,best_sim10,best_sim50,p2_win,0.0,74
1152,best_sim10,best_sim50,best_sim50,best_sim10,p1_win,0.0,75
1153,best_sim10,best_sim50,best_sim50,best_sim10,p1_win,0.0,75
1154,best_sim10,best_sim50,best_sim10,best_sim50,p2_win,0.0,74
1155,best_sim10,best_sim50,best_sim50,best_sim10,p1_win,0.0,79
1156,best_sim10,best_sim50,best_sim50,best_sim10,p1_win,0.0,73
1157,best_sim10,best_sim50,best_sim10,best_sim50,p1_win,1.0,79
1158,best_sim10,best_sim50,best_sim50,best_sim10,p1_win,0.0,75
1159,best_sim10,best_sim50,best_sim10,best_sim50,p2_win,0.0,78
1160,best_sim10,best_sim50,best_sim50,best_sim10,p1_win,0.0,75
1161,best_sim10,best_sim50,best_sim50,best_sim10,p1_win,0.0,81
1162,best_sim10,best_sim50,best_sim10,best_sim50,p2_win,0.0,76
1163,best_sim10,best_sim50,best_sim10,best_sim50,p2_win,0.0,82
1164,best_sim10,best_sim50,best_sim50,best_sim10,p1_win,0.0,75
1165,best_sim10,best_sim50,best_sim10,best_sim50,p1_win,1.0,79
1166,best_sim10,best_sim50,best_sim50,best_sim10,p2_win,1.0,78
1167,best_sim10,best_sim50,best_sim50,best_sim10,p1_win,0.0,79
1168,best_sim10,best_sim50,best_sim50,best_sim10,p1_win,0.0,79
1169,best_sim10,best_sim50,best_sim50,best_sim10,p1_win,0.0,77
1170,best_sim10,best_sim50,best_sim10,best_sim50,p2_win,0.0,80
1171,best_sim10,best_sim50,best_sim10,best_sim50,p1_win,1.0,77
1172,best_sim10,best_sim50,best_sim50,best_sim10,p1_win,0.0,79
1173,best_sim10,best_sim50,best_sim10,best_sim50,p1_win,1.0,79
1174,best_sim10,best_sim50,best_sim50,best_sim10,p1_win,0.0,77
1175,best_sim10,best_sim50,best_sim50,best_sim10,p1_win,0.0,79
1176,best_sim10,best_sim50,best_sim10,best_sim50,p2_win,0.0,78
1177,best_sim10,best_sim50,best_sim10,best_sim50,p2_win,0.0,80
1178,best_sim10,best_sim50,best_sim10,best_sim50,p2_win,0.0,82
1179,best_sim10,best_sim50,best_sim10,best_sim50,p1_win,1.0,81
1180,best_sim10,best_sim50,best_sim10,best_sim50,p1_win,1.0,87
1181,best_sim10,best_sim50,best_sim10,best_sim50,p1_win,1.0,83
1182,best_sim10,best_sim50,best_sim10,best_sim50,p2_win,0.0,82
1183,best_sim10,best_sim50,best_sim10,best_sim50,p1_win,1.0,83
1184,best_sim10,best_sim50,best_sim50,best_sim10,p1_win,0.0,83
1185,best_sim10,best_sim50,best_sim10,best_sim50,p1_win,1.0,81
1186,best_sim10,best_sim50,best_sim10,best_sim50,p1_win,1.0,91
1187,best_sim10,best_sim50,best_sim10,best_sim50,p2_win,0.0,84
1188,best_sim10,best_sim50,best_sim10,best_sim50,p2_win,0.0,86
1189,best_sim10,best_sim50,best_sim10,best_sim50,p2_win,0.0,86
1190,best_sim10,best_sim50,best_sim10,best_sim50,p2_win,0.0,86
1191,best_sim10,best_sim50,best_sim50,best_sim10,p2_win,1.0,90
1192,best_sim10,best_sim50,best_sim10,best_sim50,p2_win,0.0,90
1193,best_sim10,best_sim50,best_sim10,best_sim50,p2_win,0.0,92
1194,best_sim10,best_sim50,best_sim10,best_sim50,p2_win,0.0,92
1195,best_sim10,best_sim50,best_sim10,best_sim50,p1_win,1.0,93
1196,best_sim10,best_sim50,best_sim10,best_sim50,p2_win,0.0,100
1197,best_sim10,best_sim50,best_sim10,best_sim50,p2_win,0.0,98
1198,best_sim10,best_sim50,best_sim10,best_sim50,p1_win,1.0,97
1199,best_sim10,best_sim50,best_sim10,best_sim50,draw,0.5,100
1200,best_sim10,best_sim50,best_sim10,best_sim50,p1_win,1.0,99
1201,best_sim10,best_sim100,best_sim10,best_sim100,p2_win,0.0,46
1202,best_sim10,best_sim100,best_sim100,best_sim10,p1_win,0.0,45
1203,best_sim10,best_sim100,best_sim100,best_sim10,p1_win,0.0,51
1204,best_sim10,best_sim100,best_sim100,best_sim10,p1_win,0.0,51
1205,best_sim10,best_sim100,best_sim100,best_sim10,p1_win,0.0,47
1206,best_sim10,best_sim100,best_sim100,best_sim10,p1_win,0.0,59
1207,best_sim10,best_sim100,best_sim10,best_sim100,p2_win,0.0,50
1208,best_sim10,best_sim100,best_sim100,best_sim10,p1_win,0.0,49
1209,best_sim10,best_sim100,best_sim10,best_sim100,p2_win,0.0,56
1210,best_sim10,best_sim100,best_sim10,best_sim100,p2_win,0.0,56
1211,best_sim10,best_sim100,best_sim100,best_sim10,p1_win,0.0,51
1212,best_sim10,best_sim100,best_sim100,best_sim10,p1_win,0.0,59
1213,best_sim10,best_sim100,best_sim10,best_sim100,p2_win,0.0,60
1214,best_sim10,best_sim100,best_sim10,best_sim100,p2_win,0.0,52
1215,best_sim10,best_sim100,best_sim100,best_sim10,p1_win,0.0,59
1216,best_sim10,best_sim100,best_sim100,best_sim10,p1_win,0.0,55
1217,best_sim10,best_sim100,best_sim10,best_sim100,p2_win,0.0,56
1218,best_sim10,best_sim100,best_sim100,best_sim10,p1_win,0.0,53
1219,best_sim10,best_sim100,best_sim10,best_sim100,p1_win,1.0,55
1220,best_sim10,best_sim100,best_sim100,best_sim10,p1_win,0.0,61
1221,best_sim10,best_sim100,best_sim100,best_sim10,p1_win,0.0,53
1222,best_sim10,best_sim100,best_sim100,best_sim10,p1_win,0.0,53
1223,best_sim10,best_sim100,best_sim100,best_sim10,p1_win,0.0,57
1224,best_sim10,best_sim100,best_sim100,best_sim10,p1_win,0.0,63
1225,best_sim10,best_sim100,best_sim100,best_sim10,p1_win,0.0,55
1226,best_sim10,best_sim100,best_sim100,best_sim10,p1_win,0.0,55
1227,best_sim10,best_sim100,best_sim10,best_sim100,p2_win,0.0,56
1228,best_sim10,best_sim100,best_sim100,best_sim10,p1_win,0.0,55
1229,best_sim10,best_sim100,best_sim100,best_sim10,p1_win,0.0,55
1230,best_sim10,best_sim100,best_sim100,best_sim10,p1_win,0.0,55
1231,best_sim10,best_sim100,best_sim10,best_sim100,p2_win,0.0,56
1232,best_sim10,best_sim100,best_sim100,best_sim10,p1_win,0.0,57
1233,best_sim10,best_sim100,best_sim10,best_sim100,p2_win,0.0,56
1234,best_sim10,best_sim100,best_sim10,best_sim100,p2_win,0.0,56
1235,best_sim10,best_sim100,best_sim10,best_sim100,p1_win,1.0,59
1236,best_sim10,best_sim100,best_sim10,best_sim100,p2_win,0.0,58
1237,best_sim10,best_sim100,best_sim100,best_sim10,p1_win,0.0,57
1238,best_sim10,best_sim100,best_sim100,best_sim10,p1_win,0.0,61
1239,best_sim10,best_sim100,best_sim100,best_sim10,p1_win,0.0,59
1240,best_sim10,best_sim100,best_sim100,best_sim10,p1_win,0.0,59
1241,best_sim10,best_sim100,best_sim100,best_sim10,p1_win,0.0,59
1242,best_sim10,best_sim100,best_sim100,best_sim10,p1_win,0.0,59
1243,best_sim10,best_sim100,best_sim100,best_sim10,p1_win,0.0,59
1244,best_sim10,best_sim100,best_sim10,best_sim100,p2_win,0.0,62
1245,best_sim10,best_sim100,best_sim10,best_sim100,p2_win,0.0,60
1246,best_sim10,best_sim100,best_sim100,best_sim10,p1_win,0.0,59
1247,best_sim10,best_sim100,best_sim100,best_sim10,p1_win,0.0,59
1248,best_sim10,best_sim100,best_sim100,best_sim10,p1_win,0.0,59
1249,best_sim10,best_sim100,best_sim100,best_sim10,p1_win,0.0,67
1250,best_sim10,best_sim100,best_sim100,best_sim10,p1_win,0.0,59
1251,best_sim10,best_sim100,best_sim100,best_sim10,p1_win,0.0,59
1252,best_sim10,best_sim100,best_sim100,best_sim10,p1_win,0.0,59
1253,best_sim10,best_sim100,best_sim100,best_sim10,p1_win,0.0,59
1254,best_sim10,best_sim100,best_sim10,best_sim100,p2_win,0.0,60
1255,best_sim10,best_sim100,best_sim100,best_sim10,p1_win,0.0,59
1256,best_sim10,best_sim100,best_sim100,best_sim10,p1_win,0.0,59
1257,best_sim10,best_sim100,best_sim100,best_sim10,p1_win,0.0,59
1258,best_sim10,best_sim100,best_sim100,best_sim10,p1_win,0.0,59
1259,best_sim10,best_sim100,best_sim100,best_sim10,p1_win,0.0,59
1260,best_sim10,best_sim100,best_sim100,best_sim10,p1_win,0.0,59
1261,best_sim10,best_sim100,best_sim100,best_sim10,p1_win,0.0,59
1262,best_sim10,best_sim100,best_sim10,best_sim100,p2_win,0.0,60
1263,best_sim10,best_sim100,best_sim100,best_sim10,p1_win,0.0,59
1264,best_sim10,best_sim100,best_sim10,best_sim100,p2_win,0.0,66
1265,best_sim10,best_sim100,best_sim10,best_sim100,p2_win,0.0,60
1266,best_sim10,best_sim100,best_sim100,best_sim10,p1_win,0.0,63
1267,best_sim10,best_sim100,best_sim10,best_sim100,p1_win,1.0,65
1268,best_sim10,best_sim100,best_sim10,best_sim100,p2_win,0.0,60
1269,best_sim10,best_sim100,best_sim10,best_sim100,p2_win,0.0,60
1270,best_sim10,best_sim100,best_sim100,best_sim10,p1_win,0.0,63
1271,best_sim10,best_sim100,best_sim10,best_sim100,p2_win,0.0,62
1272,best_sim10,best_sim100,best_sim10,best_sim100,p2_win,0.0,64
1273,best_sim10,best_sim100,best_sim100,best_sim10,p1_win,0.0,61
1274,best_sim10,best_sim100,best_sim10,best_sim100,p2_win,0.0,62
1275,best_sim10,best_sim100,best_sim10,best_sim100,p1_win,1.0,61
1276,best_sim10,best_sim100,best_sim100,best_sim10,p1_win,0.0,61
1277,best_sim10,best_sim100,best_sim10,best_sim100,p2_win,0.0,66
1278,best_sim10,best_sim100,best_sim100,best_sim10,p1_win,0.0,65
1279,best_sim10,best_sim100,best_sim100,best_sim10,p1_win,0.0,63
1280,best_sim10,best_sim100,best_sim10,best_sim100,p2_win,0.0,62
1281,best_sim10,best_sim100,best_sim100,best_sim10,p1_win,0.0,61
1282,best_sim10,best_sim100,best_sim100,best_sim10,p1_win,0.0,63
1283,best_sim10,best_sim100,best_sim100,best_sim10,p1_win,0.0,63
1284,best_sim10,best_sim100,best_sim100,best_sim10,p1_win,0.0,71
1285,best_sim10,best_sim100,best_sim100,best_sim10,p1_win,0.0,67
1286,best_sim10,best_sim100,best_sim10,best_sim100,p2_win,0.0,68
1287,best_sim10,best_sim100,best_sim10,best_sim100,p1_win,1.0,63
1288,best_sim10,best_sim100,best_sim100,best_sim10,p1_win,0.0,65
1289,best_sim10,best_sim100,best_sim10,best_sim100,p2_win,0.0,66
1290,best_sim10,best_sim100,best_sim10,best_sim100,p2_win,0.0,64
1291,best_sim10,best_sim100,best_sim10,best_sim100,p2_win,0.0,64
1292,best_sim10,best_sim100,best_sim10,best_sim100,p2_win,0.0,64
1293,best_sim10,best_sim100,best_sim100,best_sim10,p1_win,0.0,67
1294,best_sim10,best_sim100,best_sim10,best_sim100,p2_win,0.0,66
1295,best_sim10,best_sim100,best_sim100,best_sim10,p1_win,0.0,61
1296,best_sim10,best_sim100,best_sim100,best_sim10,p1_win,0.0,63
1297,best_sim10,best_sim100,best_sim10,best_sim100,p1_win,1.0,63
1298,best_sim10,best_sim100,best_sim10,best_sim100,p2_win,0.0,64
1299,best_sim10,best_sim100,best_sim10,best_sim100,p1_win,1.0,67
1300,best_sim10,best_sim100,best_sim100,best_sim10,p1_win,0.0,61
1301,best_sim10,best_sim100,best_sim100,best_sim10,p1_win,0.0,65
1302,best_sim10,best_sim100,best_sim100,best_sim10,p1_win,0.0,63
1303,best_sim10,best_sim100,best_sim10,best_sim100,p2_win,0.0,76
1304,best_sim10,best_sim100,best_sim10,best_sim100,p2_win,0.0,66
1305,best_sim10,best_sim100,best_sim100,best_sim10,p1_win,0.0,65
1306,best_sim10,best_sim100,best_sim100,best_sim10,p1_win,0.0,63
1307,best_sim10,best_sim100,best_sim100,best_sim10,p1_win,0.0,65
1308,best_sim10,best_sim100,best_sim100,best_sim10,p1_win,0.0,65
1309,best_sim10,best_sim100,best_sim100,best_sim10,p1_win,0.0,65
1310,best_sim10,best_sim100,best_sim100,best_sim10,p1_win,0.0,65
1311,best_sim10,best_sim100,best_sim10,best_sim100,p2_win,0.0,68
1312,best_sim10,best_sim100,best_sim100,best_sim10,p1_win,0.0,71
1313,best_sim10,best_sim100,best_sim10,best_sim100,p1_win,1.0,65
1314,best_sim10,best_sim100,best_sim10,best_sim100,p2_win,0.0,70
1315,best_sim10,best_sim100,best_sim10,best_sim100,p2_win,0.0,72
1316,best_sim10,best_sim100,best_sim10,best_sim100,p2_win,0.0,76
1317,best_sim10,best_sim100,best_sim100,best_sim10,p1_win,0.0,75
1318,best_sim10,best_sim100,best_sim10,best_sim100,p2_win,0.0,72
1319,best_sim10,best_sim100,best_sim10,best_sim100,p2_win,0.0,64
1320,best_sim10,best_sim100,best_sim100,best_sim10,p1_win,0.0,71
1321,best_sim10,best_sim100,best_sim100,best_sim10,p1_win,0.0,67
1322,best_sim10,best_sim100,best_sim100,best_sim10,p1_win,0.0,65
1323,best_sim10,best_sim100,best_sim10,best_sim100,p2_win,0.0,68
1324,best_sim10,best_sim100,best_sim100,best_sim10,p1_win,0.0,65
1325,best_sim10,best_sim100,best_sim10,best_sim100,p2_win,0.0,66
1326,best_sim10,best_sim100,best_sim10,best_sim100,p1_win,1.0,73
1327,best_sim10,best_sim100,best_sim10,best_sim100,p2_win,0.0,72
1328,best_sim10,best_sim100,best_sim100,best_sim10,p1_win,0.0,65
1329,best_sim10,best_sim100,best_sim10,best_sim100,p2_win,0.0,72
1330,best_sim10,best_sim100,best_sim100,best_sim10,p1_win,0.0,67
1331,best_sim10,best_sim100,best_sim10,best_sim100,p2_win,0.0,72
1332,best_sim10,best_sim100,best_sim100,best_sim10,p2_win,1.0,68
1333,best_sim10,best_sim100,best_sim10,best_sim100,p2_win,0.0,72
1334,best_sim10,best_sim100,best_sim10,best_sim100,p2_win,0.0,72
1335,best_sim10,best_sim100,best_sim10,best_sim100,p2_win,0.0,68
1336,best_sim10,best_sim100,best_sim10,best_sim100,p1_win,1.0,69
1337,best_sim10,best_sim100,best_sim100,best_sim10,p1_win,0.0,69
1338,best_sim10,best_sim100,best_sim100,best_sim10,p1_win,0.0,69
1339,best_sim10,best_sim100,best_sim10,best_sim100,p2_win,0.0,70
1340,best_sim10,best_sim100,best_sim10,best_sim100,p2_win,0.0,72
1341,best_sim10,best_sim100,best_sim100,best_sim10,p1_win,0.0,67
1342,best_sim10,best_sim100,best_sim100,best_sim10,p1_win,0.0,69
1343,best_sim10,best_sim100,best_sim10,best_sim100,p1_win,1.0,81
1344,best_sim10,best_sim100,best_sim100,best_sim10,p1_win,0.0,75
1345,best_sim10,best_sim100,best_sim10,best_sim100,p2_win,0.0,70
1346,best_sim10,best_sim100,best_sim10,best_sim100,p2_win,0.0,70
1347,best_sim10,best_sim100,best_sim10,best_sim100,p2_win,0.0,72
1348,best_sim10,best_sim100,best_sim100,best_sim10,p1_win,0.0,71
1349,best_sim10,best_sim100,best_sim10,best_sim100,p2_win,0.0,74
1350,best_sim10,best_sim100,best_sim10,best_sim100,p2_win,0.0,72
1351,best_sim10,best_sim100,best_sim100,best_sim10,p1_win,0.0,69
1352,best_sim10,best_sim100,best_sim100,best_sim10,p1_win,0.0,69
1353,best_sim10,best_sim100,best_sim10,best_sim100,p2_win,0.0,76
1354,best_sim10,best_sim100,best_sim10,best_sim100,p2_win,0.0,82
1355,best_sim10,best_sim100,best_sim10,best_sim100,p1_win,1.0,71
1356,best_sim10,best_sim100,best_sim10,best_sim100,p2_win,0.0,70
1357,best_sim10,best_sim100,best_sim100,best_sim10,p1_win,0.0,71
1358,best_sim10,best_sim100,best_sim10,best_sim100,p2_win,0.0,76
1359,best_sim10,best_sim100,best_sim100,best_sim10,p1_win,0.0,71
1360,best_sim10,best_sim100,best_sim10,best_sim100,p1_win,1.0,75
1361,best_sim10,best_sim100,best_sim10,best_sim100,p1_win,1.0,77
1362,best_sim10,best_sim100,best_sim10,best_sim100,p1_win,1.0,75
1363,best_sim10,best_sim100,best_sim10,best_sim100,p2_win,0.0,72
1364,best_sim10,best_sim100,best_sim100,best_sim10,p1_win,0.0,71
1365,best_sim10,best_sim100,best_sim10,best_sim100,p2_win,0.0,76
1366,best_sim10,best_sim100,best_sim100,best_sim10,p1_win,0.0,75
1367,best_sim10,best_sim100,best_sim100,best_sim10,p1_win,0.0,75
1368,best_sim10,best_sim100,best_sim10,best_sim100,p2_win,0.0,72
1369,best_sim10,best_sim100,best_sim10,best_sim100,p2_win,0.0,72
1370,best_sim10,best_sim100,best_sim10,best_sim100,p2_win,0.0,72
1371,best_sim10,best_sim100,best_sim100,best_sim10,p1_win,0.0,81
1372,best_sim10,best_sim100,best_sim10,best_sim100,p2_win,0.0,74
1373,best_sim10,best_sim100,best_sim10,best_sim100,p2_win,0.0,80
1374,best_sim10,best_sim100,best_sim100,best_sim10,p1_win,0.0,71
1375,best_sim10,best_sim100,best_sim100,best_sim10,p1_win,0.0,73
1376,best_sim10,best_sim100,best_sim10,best_sim100,p1_win,1.0,77
1377,best_sim10,best_sim100,best_sim10,best_sim100,p2_win,0.0,82
1378,best_sim10,best_sim100,best_sim10,best_sim100,p2_win,0.0,76
1379,best_sim10,best_sim100,best_sim100,best_sim10,p1_win,0.0,77
1380,best_sim10,best_sim100,best_sim100,best_sim10,p2_win,1.0,78
1381,best_sim10,best_sim100,best_sim100,best_sim10,p2_win,1.0,80
1382,best_sim10,best_sim100,best_sim10,best_sim100,p2_win,0.0,82
1383,best_sim10,best_sim100,best_sim10,best_sim100,p2_win,0.0,78
1384,best_sim10,best_sim100,best_sim10,best_sim100,p1_win,1.0,81
1385,best_sim10,best_sim100,best_sim10,best_sim100,p2_win,0.0,82
1386,best_sim10,best_sim100,best_sim10,best_sim100,p2_win,0.0,84
1387,best_sim10,best_sim100,best_sim100,best_sim10,p1_win,0.0,83
1388,best_sim10,best_sim100,best_sim10,best_sim100,p2_win,0.0,82
1389,best_sim10,best_sim100,best_sim10,best_sim100,p2_win,0.0,90
1390,best_sim10,best_sim100,best_sim10,best_sim100,p2_win,0.0,86
1391,best_sim10,best_sim100,best_sim10,best_sim100,p1_win,1.0,91
1392,best_sim10,best_sim100,best_sim10,best_sim100,p1_win,1.0,93
1393,best_sim10,best_sim100,best_sim10,best_sim100,p2_win,0.0,88
1394,best_sim10,best_sim100,best_sim100,best_sim10,p1_win,0.0,91
1395,best_sim10,best_sim100,best_sim10,best_sim100,p2_win,0.0,94
1396,best_sim10,best_sim100,best_sim100,best_sim10,p1_win,0.0,99
1397,best_sim10,best_sim100,best_sim10,best_sim100,p1_win,1.0,99
1398,best_sim10,best_sim100,best_sim10,best_sim100,p2_win,0.0,98
1399,best_sim10,best_sim100,best_sim10,best_sim100,draw,0.5,100
1400,best_sim10,best_sim100,best_sim10,best_sim100,p2_win,0.0,100
1401,best_sim10,best_sim200,best_sim200,best_sim10,p1_win,0.0,47
1402,best_sim10,best_sim200,best_sim10,best_sim200,p2_win,0.0,48
1403,best_sim10,best_sim200,best_sim200,best_sim10,p1_win,0.0,47
1404,best_sim10,best_sim200,best_sim200,best_sim10,p1_win,0.0,51
1405,best_sim10,best_sim200,best_sim200,best_sim10,p1_win,0.0,51
1406,best_sim10,best_sim200,best_sim10,best_sim200,p2_win,0.0,52
1407,best_sim10,best_sim200,best_sim200,best_sim10,p1_win,0.0,59
1408,best_sim10,best_sim200,best_sim10,best_sim200,p2_win,0.0,56
1409,best_sim10,best_sim200,best_sim200,best_sim10,p1_win,0.0,59
1410,best_sim10,best_sim200,best_sim200,best_sim10,p1_win,0.0,59
1411,best_sim10,best_sim200,best_sim200,best_sim10,p1_win,0.0,51
1412,best_sim10,best_sim200,best_sim10,best_sim200,p2_win,0.0,56
1413,best_sim10,best_sim200,best_sim200,best_sim10,p1_win,0.0,51
1414,best_sim10,best_sim200,best_sim200,best_sim10,p1_win,0.0,51
1415,best_sim10,best_sim200,best_sim200,best_sim10,p1_win,0.0,51
1416,best_sim10,best_sim200,best_sim10,best_sim200,p2_win,0.0,60
1417,best_sim10,best_sim200,best_sim10,best_sim200,p2_win,0.0,60
1418,best_sim10,best_sim200,best_sim10,best_sim200,p2_win,0.0,52
1419,best_sim10,best_sim200,best_sim10,best_sim200,p2_win,0.0,56
1420,best_sim10,best_sim200,best_sim200,best_sim10,p1_win,0.0,53
1421,best_sim10,best_sim200,best_sim10,best_sim200,p2_win,0.0,54
1422,best_sim10,best_sim200,best_sim200,best_sim10,p1_win,0.0,61
1423,best_sim10,best_sim200,best_sim10,best_sim200,p2_win,0.0,66
1424,best_sim10,best_sim200,best_sim200,best_sim10,p1_win,0.0,55
1425,best_sim10,best_sim200,best_sim200,best_sim10,p1_win,0.0,53
1426,best_sim10,best_sim200,best_sim200,best_sim10,p1_win,0.0,55
1427,best_sim10,best_sim200,best_sim200,best_sim10,p1_win,0.0,55
1428,best_sim10,best_sim200,best_sim200,best_sim10,p1_win,0.0,55
1429,best_sim10,best_sim200,best_sim200,best_sim10,p1_win,0.0,55
1430,best_sim10,best_sim200,best_sim10,best_sim200,p2_win,0.0,56
1431,best_sim10,best_sim200,best_sim10,best_sim200,p1_win,1.0,59
1432,best_sim10,best_sim200,best_sim200,best_sim10,p1_win,0.0,55
1433,best_sim10,best_sim200,best_sim200,best_sim10,p1_win,0.0,63
1434,best_sim10,best_sim200,best_sim200,best_sim10,p1_win,0.0,57
1435,best_sim10,best_sim200,best_sim200,best_sim10,p1_win,0.0,57
1436,best_sim10,best_sim200,best_sim10,best_sim200,p2_win,0.0,68
1437,best_sim10,best_sim200,best_sim200,best_sim10,p1_win,0.0,61
1438,best_sim10,best_sim200,best_sim200,best_sim10,p1_win,0.0,59
1439,best_sim10,best_sim200,best_sim10,best_sim200,p2_win,0.0,60
1440,best_sim10,best_sim200,best_sim200,best_sim10,p1_win,0.0,57
1441,best_sim10,best_sim200,best_sim10,best_sim200,p2_win,0.0,58
1442,best_sim10,best_sim200,best_sim10,best_sim200,p2_win,0.0,58
1443,best_sim10,best_sim200,best_sim200,best_sim10,p1_win,0.0,57
1444,best_sim10,best_sim200,best_sim200,best_sim10,p1_win,0.0,71
1445,best_sim10,best_sim200,best_sim200,best_sim10,p1_win,0.0,59
1446,best_sim10,best_sim200,best_sim200,best_sim10,p1_win,0.0,59
1447,best_sim10,best_sim200,best_sim200,best_sim10,p1_win,0.0,59
1448,best_sim10,best_sim200,best_sim10,best_sim200,p2_win,0.0,66
1449,best_sim10,best_sim200,best_sim10,best_sim200,p2_win,0.0,58
1450,best_sim10,best_sim200,best_sim200,best_sim10,p1_win,0.0,59
1451,best_sim10,best_sim200,best_sim200,best_sim10,p1_win,0.0,59
1452,best_sim10,best_sim200,best_sim200,best_sim10,p1_win,0.0,59
1453,best_sim10,best_sim200,best_sim200,best_sim10,p1_win,0.0,59
1454,best_sim10,best_sim200,best_sim200,best_sim10,p1_win,0.0,59
1455,best_sim10,best_sim200,best_sim200,best_sim10,p1_win,0.0,59
1456,best_sim10,best_sim200,best_sim200,best_sim10,p1_win,0.0,59
1457,best_sim10,best_sim200,best_sim10,best_sim200,p2_win,0.0,60
1458,best_sim10,best_sim200,best_sim200,best_sim10,p1_win,0.0,59
1459,best_sim10,best_sim200,best_sim10,best_sim200,p2_win,0.0,60
1460,best_sim10,best_sim200,best_sim200,best_sim10,p1_win,0.0,59
1461,best_sim10,best_sim200,best_sim200,best_sim10,p1_win,0.0,59
1462,best_sim10,best_sim200,best_sim200,best_sim10,p1_win,0.0,59
1463,best_sim10,best_sim200,best_sim10,best_sim200,p2_win,0.0,60
1464,best_sim10,best_sim200,best_sim10,best_sim200,p2_win,0.0,60
1465,best_sim10,best_sim200,best_sim10,best_sim200,p2_win,0.0,60
1466,best_sim10,best_sim200,best_sim10,best_sim200,p2_win,0.0,60
1467,best_sim10,best_sim200,best_sim200,best_sim10,p1_win,0.0,59
1468,best_sim10,best_sim200,best_sim10,best_sim200,p2_win,0.0,60
1469,best_sim10,best_sim200,best_sim200,best_sim10,p1_win,0.0,61
1470,best_sim10,best_sim200,best_sim10,best_sim200,p2_win,0.0,58
1471,best_sim10,best_sim200,best_sim200,best_sim10,p1_win,0.0,61
1472,best_sim10,best_sim200,best_sim200,best_sim10,p1_win,0.0,63
1473,best_sim10,best_sim200,best_sim10,best_sim200,p2_win,0.0,60
1474,best_sim10,best_sim200,best_sim10,best_sim200,p2_win,0.0,72
1475,best_sim10,best_sim200,best_sim200,best_sim10,p1_win,0.0,65
1476,best_sim10,best_sim200,best_sim10,best_sim200,p2_win,0.0,62
1477,best_sim10,best_sim200,best_sim10,best_sim200,p2_win,0.0,62
1478,best_sim10,best_sim200,best_sim200,best_sim10,p1_win,0.0,63
1479,best_sim10,best_sim200,best_sim10,best_sim200,p2_win,0.0,66
1480,best_sim10,best_sim200,best_sim10,best_sim200,p1_win,1.0,63
1481,best_sim10,best_sim200,best_sim200,best_sim10,p1_win,0.0,63
1482,best_sim10,best_sim200,best_sim10,best_sim200,p2_win,0.0,62
1483,best_sim10,best_sim200,best_sim200,best_sim10,p1_win,0.0,61
1484,best_sim10,best_sim200,best_sim10,best_sim200,p2_win,0.0,62
1485,best_sim10,best_sim200,best_sim200,best_sim10,p1_win,0.0,63
1486,best_sim10,best_sim200,best_sim200,best_sim10,p1_win,0.0,75
1487,best_sim10,best_sim200,best_sim200,best_sim10,p1_win,0.0,61
1488,best_sim10,best_sim200,best_sim200,best_sim10,p1_win,0.0,63
1489,best_sim10,best_sim200,best_sim10,best_sim200,p2_win,0.0,62
1490,best_sim10,best_sim200,best_sim200,best_sim10,p1_win,0.0,63
1491,best_sim10,best_sim200,best_sim10,best_sim200,p2_win,0.0,62
1492,best_sim10,best_sim200,best_sim10,best_sim200,p2_win,0.0,64
1493,best_sim10,best_sim200,best_sim10,best_sim200,p2_win,0.0,64
1494,best_sim10,best_sim200,best_sim200,best_sim10,p1_win,0.0,67
1495,best_sim10,best_sim200,best_sim10,best_sim200,p2_win,0.0,64
1496,best_sim10,best_sim200,best_sim10,best_sim200,p2_win,0.0,64
1497,best_sim10,best_sim200,best_sim10,best_sim200,p2_win,0.0,66
1498,best_sim10,best_sim200,best_sim10,best_sim200,p2_win,0.0,64
1499,best_sim10,best_sim200,best_sim200,best_sim10,p1_win,0.0,67
1500,best_sim10,best_sim200,best_sim200,best_sim10,p1_win,0.0,65
1501,best_sim10,best_sim200,best_sim200,best_sim10,p1_win,0.0,63
1502,best_sim10,best_sim200,best_sim10,best_sim200,p2_win,0.0,64
1503,best_sim10,best_sim200,best_sim10,best_sim200,p2_win,0.0,72
1504,best_sim10,best_sim200,best_sim200,best_sim10,p1_win,0.0,63
1505,best_sim10,best_sim200,best_sim200,best_sim10,p1_win,0.0,65
1506,best_sim10,best_sim200,best_sim200,best_sim10,p1_win,0.0,65
1507,best_sim10,best_sim200,best_sim200,best_sim10,p1_win,0.0,71
1508,best_sim10,best_sim200,best_sim10,best_sim200,p2_win,0.0,68
1509,best_sim10,best_sim200,best_sim10,best_sim200,p2_win,0.0,62
1510,best_sim10,best_sim200,best_sim10,best_sim200,p2_win,0.0,64
1511,best_sim10,best_sim200,best_sim200,best_sim10,p1_win,0.0,65
1512,best_sim10,best_sim200,best_sim200,best_sim10,p1_win,0.0,65
1513,best_sim10,best_sim200,best_sim10,best_sim200,p1_win,1.0,65
1514,best_sim10,best_sim200,best_sim200,best_sim10,p1_win,0.0,65
1515,best_sim10,best_sim200,best_sim200,best_sim10,p1_win,0.0,63
1516,best_sim10,best_sim200,best_sim200,best_sim10,p1_win,0.0,75
1517,best_sim10,best_sim200,best_sim10,best_sim200,p2_win,0.0,72
1518,best_sim10,best_sim200,best_sim200,best_sim10,p1_win,0.0,63
1519,best_sim10,best_sim200,best_sim200,best_sim10,p1_win,0.0,67
1520,best_sim10,best_sim200,best_sim200,best_sim10,p1_win,0.0,63
1521,best_sim10,best_sim200,best_sim10,best_sim200,p2_win,0.0,72
1522,best_sim10,best_sim200,best_sim10,best_sim200,p2_win,0.0,66
1523,best_sim10,best_sim200,best_sim10,best_sim200,p2_win,0.0,66
1524,best_sim10,best_sim200,best_sim10,best_sim200,p1_win,1.0,65
1525,best_sim10,best_sim200,best_sim10,best_sim200,p2_win,0.0,68
1526,best_sim10,best_sim200,best_sim10,best_sim200,p2_win,0.0,68
1527,best_sim10,best_sim200,best_sim10,best_sim200,p1_win,1.0,65
1528,best_sim10,best_sim200,best_sim200,best_sim10,p1_win,0.0,71
1529,best_sim10,best_sim200,best_sim10,best_sim200,p2_win,0.0,72
1530,best_sim10,best_sim200,best_sim10,best_sim200,p2_win,0.0,72
1531,best_sim10,best_sim200,best_sim10,best_sim200,p2_win,0.0,72
1532,best_sim10,best_sim200,best_sim10,best_sim200,p2_win,0.0,68
1533,best_sim10,best_sim200,best_sim10,best_sim200,p2_win,0.0,72
1534,best_sim10,best_sim200,best_sim10,best_sim200,p2_win,0.0,68
1535,best_sim10,best_sim200,best_sim10,best_sim200,p2_win,0.0,72
1536,best_sim10,best_sim200,best_sim10,best_sim200,p2_win,0.0,72
1537,best_sim10,best_sim200,best_sim10,best_sim200,p2_win,0.0,68
1538,best_sim10,best_sim200,best_sim10,best_sim200,p2_win,0.0,72
1539,best_sim10,best_sim200,best_sim200,best_sim10,p1_win,0.0,67
1540,best_sim10,best_sim200,best_sim10,best_sim200,p2_win,0.0,70
1541,best_sim10,best_sim200,best_sim10,best_sim200,p2_win,0.0,72
1542,best_sim10,best_sim200,best_sim10,best_sim200,p2_win,0.0,72
1543,best_sim10,best_sim200,best_sim200,best_sim10,p1_win,0.0,67
1544,best_sim10,best_sim200,best_sim200,best_sim10,p1_win,0.0,65
1545,best_sim10,best_sim200,best_sim10,best_sim200,p2_win,0.0,72
1546,best_sim10,best_sim200,best_sim10,best_sim200,p1_win,1.0,75
1547,best_sim10,best_sim200,best_sim10,best_sim200,p2_win,0.0,68
1548,best_sim10,best_sim200,best_sim10,best_sim200,p2_win,0.0,68
1549,best_sim10,best_sim200,best_sim200,best_sim10,p1_win,0.0,69
1550,best_sim10,best_sim200,best_sim10,best_sim200,p2_win,0.0,70
1551,best_sim10,best_sim200,best_sim10,best_sim200,p1_win,1.0,77
1552,best_sim10,best_sim200,best_sim200,best_sim10,p1_win,0.0,71
1553,best_sim10,best_sim200,best_sim200,best_sim10,p1_win,0.0,69
1554,best_sim10,best_sim200,best_sim10,best_sim200,p2_win,0.0,68
1555,best_sim10,best_sim200,best_sim10,best_sim200,p2_win,0.0,72
1556,best_sim10,best_sim200,best_sim200,best_sim10,p1_win,0.0,77
1557,best_sim10,best_sim200,best_sim10,best_sim200,p2_win,0.0,70
1558,best_sim10,best_sim200,best_sim10,best_sim200,p2_win,0.0,76
1559,best_sim10,best_sim200,best_sim200,best_sim10,p1_win,0.0,73
1560,best_sim10,best_sim200,best_sim200,best_sim10,p1_win,0.0,75
1561,best_sim10,best_sim200,best_sim200,best_sim10,p1_win,0.0,75
1562,best_sim10,best_sim200,best_sim200,best_sim10,p1_win,0.0,71
1563,best_sim10,best_sim200,best_sim10,best_sim200,p2_win,0.0,70
1564,best_sim10,best_sim200,best_sim10,best_sim200,p1_win,1.0,73
1565,best_sim10,best_sim200,best_sim200,best_sim10,p1_win,0.0,71
1566,best_sim10,best_sim200,best_sim200,best_sim10,p1_win,0.0,77
1567,best_sim10,best_sim200,best_sim10,best_sim200,p2_win,0.0,70
1568,best_sim10,best_sim200,best_sim10,best_sim200,p2_win,0.0,70
1569,best_sim10,best_sim200,best_sim10,best_sim200,p2_win,0.0,74
1570,best_sim10,best_sim200,best_sim10,best_sim200,p1_win,1.0,73
1571,best_sim10,best_sim200,best_sim10,best_sim200,p2_win,0.0,72
1572,best_sim10,best_sim200,best_sim10,best_sim200,p2_win,0.0,72
1573,best_sim10,best_sim200,best_sim200,best_sim10,p1_win,0.0,73
1574,best_sim10,best_sim200,best_sim10,best_sim200,p2_win,0.0,72
1575,best_sim10,best_sim200,best_sim10,best_sim200,p2_win,0.0,72
1576,best_sim10,best_sim200,best_sim10,best_sim200,p2_win,0.0,72
1577,best_sim10,best_sim200,best_sim10,best_sim200,p2_win,0.0,72
1578,best_sim10,best_sim200,best_sim200,best_sim10,p1_win,0.0,73
1579,best_sim10,best_sim200,best_sim200,best_sim10,p1_win,0.0,75
1580,best_sim10,best_sim200,best_sim200,best_sim10,p1_win,0.0,71
1581,best_sim10,best_sim200,best_sim200,best_sim10,p1_win,0.0,77
1582,best_sim10,best_sim200,best_sim200,best_sim10,p1_win,0.0,71
1583,best_sim10,best_sim200,best_sim200,best_sim10,p1_win,0.0,77
1584,best_sim10,best_sim200,best_sim200,best_sim10,p1_win,0.0,73
1585,best_sim10,best_sim200,best_sim10,best_sim200,p1_win,1.0,83
1586,best_sim10,best_sim200,best_sim200,best_sim10,p1_win,0.0,75
1587,best_sim10,best_sim200,best_sim200,best_sim10,p1_win,0.0,79
1588,best_sim10,best_sim200,best_sim200,best_sim10,p1_win,0.0,77
1589,best_sim10,best_sim200,best_sim200,best_sim10,p1_win,0.0,85
1590,best_sim10,best_sim200,best_sim200,best_sim10,p1_win,0.0,81
1591,best_sim10,best_sim200,best_sim200,best_sim10,p1_win,0.0,83
1592,best_sim10,best_sim200,best_sim200,best_sim10,p1_win,0.0,85
1593,best_sim10,best_sim200,best_sim10,best_sim200,p2_win,0.0,86
1594,best_sim10,best_sim200,best_sim10,best_sim200,p2_win,0.0,84
1595,best_sim10,best_sim200,best_sim10,best_sim200,p1_win,1.0,99
1596,best_sim10,best_sim200,best_sim10,best_sim200,p1_win,1.0,85
1597,best_sim10,best_sim200,best_sim10,best_sim200,p1_win,1.0,97
1598,best_sim10,best_sim200,best_sim10,best_sim200,p2_win,0.0,92
1599,best_sim10,best_sim200,best_sim10,best_sim200,p2_win,0.0,98
1600,best_sim10,best_sim200,best_sim10,best_sim200,p2_win,0.0,100
1601,best_sim10,best_sim400,best_sim400,best_sim10,p1_win,0.0,45
1602,best_sim10,best_sim400,best_sim400,best_sim10,p1_win,0.0,47
1603,best_sim10,best_sim400,best_sim400,best_sim10,p1_win,0.0,47
1604,best_sim10,best_sim400,best_sim400,best_sim10,p1_win,0.0,47
1605,best_sim10,best_sim400,best_sim10,best_sim400,p2_win,0.0,48
1606,best_sim10,best_sim400,best_sim400,best_sim10,p1_win,0.0,47
1607,best_sim10,best_sim400,best_sim400,best_sim10,p1_win,0.0,51
1608,best_sim10,best_sim400,best_sim10,best_sim400,p2_win,0.0,52
1609,best_sim10,best_sim400,best_sim400,best_sim10,p1_win,0.0,51
1610,best_sim10,best_sim400,best_sim10,best_sim400,p2_win,0.0,52
1611,best_sim10,best_sim400,best_sim10,best_sim400,p2_win,0.0,56
1612,best_sim10,best_sim400,best_sim10,best_sim400,p2_win,0.0,52
1613,best_sim10,best_sim400,best_sim400,best_sim10,p1_win,0.0,59
1614,best_sim10,best_sim400,best_sim10,best_sim400,p2_win,0.0,54
1615,best_sim10,best_sim400,best_sim400,best_sim10,p1_win,0.0,59
1616,best_sim10,best_sim400,best_sim10,best_sim400,p2_win,0.0,54
1617,best_sim10,best_sim400,best_sim10,best_sim400,p2_win,0.0,54
1618,best_sim10,best_sim400,best_sim10,best_sim400,p2_win,0.0,72
1619,best_sim10,best_sim400,best_sim400,best_sim10,p1_win,0.0,61
1620,best_sim10,best_sim400,best_sim10,best_sim400,p2_win,0.0,56
1621,best_sim10,best_sim400,best_sim400,best_sim10,p1_win,0.0,57
1622,best_sim10,best_sim400,best_sim400,best_sim10,p1_win,0.0,55
1623,best_sim10,best_sim400,best_sim10,best_sim400,p2_win,0.0,56
1624,best_sim10,best_sim400,best_sim400,best_sim10,p1_win,0.0,55
1625,best_sim10,best_sim400,best_sim10,best_sim400,p2_win,0.0,68
1626,best_sim10,best_sim400,best_sim400,best_sim10,p1_win,0.0,55
1627,best_sim10,best_sim400,best_sim400,best_sim10,p1_win,0.0,55
1628,best_sim10,best_sim400,best_sim400,best_sim10,p1_win,0.0,55
1629,best_sim10,best_sim400,best_sim400,best_sim10,p1_win,0.0,55
1630,best_sim10,best_sim400,best_sim400,best_sim10,p1_win,0.0,55
1631,best_sim10,best_sim400,best_sim10,best_sim400,p2_win,0.0,56
1632,best_sim10,best_sim400,best_sim400,best_sim10,p1_win,0.0,57
1633,best_sim10,best_sim400,best_sim400,best_sim10,p1_win,0.0,55
1634,best_sim10,best_sim400,best_sim10,best_sim400,p2_win,0.0,60
1635,best_sim10,best_sim400,best_sim10,best_sim400,p2_win,0.0,60
1636,best_sim10,best_sim400,best_sim400,best_sim10,p1_win,0.0,55
1637,best_sim10,best_sim400,best_sim400,best_sim10,p1_win,0.0,55
1638,best_sim10,best_sim400,best_sim400,best_sim10,p1_win,0.0,59
1639,best_sim10,best_sim400,best_sim400,best_sim10,p1_win,0.0,57
1640,best_sim10,best_sim400,best_sim400,best_sim10,p1_win,0.0,61
1641,best_sim10,best_sim400,best_sim10,best_sim400,p2_win,0.0,56
1642,best_sim10,best_sim400,best_sim10,best_sim400,p2_win,0.0,58
1643,best_sim10,best_sim400,best_sim10,best_sim400,p2_win,0.0,68
1644,best_sim10,best_sim400,best_sim400,best_sim10,p1_win,0.0,57
1645,best_sim10,best_sim400,best_sim10,best_sim400,p2_win,0.0,68
1646,best_sim10,best_sim400,best_sim10,best_sim400,p1_win,1.0,59
1647,best_sim10,best_sim400,best_sim400,best_sim10,p1_win,0.0,59
1648,best_sim10,best_sim400,best_sim10,best_sim400,p2_win,0.0,58
1649,best_sim10,best_sim400,best_sim10,best_sim400,p2_win,0.0,60
1650,best_sim10,best_sim400,best_sim10,best_sim400,p2_win,0.0,58
1651,best_sim10,best_sim400,best_sim10,best_sim400,p2_win,0.0,58
1652,best_sim10,best_sim400,best_sim10,best_sim400,p2_win,0.0,60
1653,best_sim10,best_sim400,best_sim10,best_sim400,p2_win,0.0,58
1654,best_sim10,best_sim400,best_sim400,best_sim10,p1_win,0.0,59
1655,best_sim10,best_sim400,best_sim400,best_sim10,p1_win,0.0,59
1656,best_sim10,best_sim400,best_sim400,best_sim10,p1_win,0.0,59
1657,best_sim10,best_sim400,best_sim400,best_sim10,p1_win,0.0,59
1658,best_sim10,best_sim400,best_sim400,best_sim10,p1_win,0.0,59
1659,best_sim10,best_sim400,best_sim10,best_sim400,p2_win,0.0,60
1660,best_sim10,best_sim400,best_sim400,best_sim10,p1_win,0.0,59
1661,best_sim10,best_sim400,best_sim400,best_sim10,p1_win,0.0,59
1662,best_sim10,best_sim400,best_sim400,best_sim10,p1_win,0.0,59
1663,best_sim10,best_sim400,best_sim10,best_sim400,p2_win,0.0,60
1664,best_sim10,best_sim400,best_sim400,best_sim10,p1_win,0.0,61
1665,best_sim10,best_sim400,best_sim400,best_sim10,p1_win,0.0,59
1666,best_sim10,best_sim400,best_sim400,best_sim10,p1_win,0.0,59
1667,best_sim10,best_sim400,best_sim400,best_sim10,p1_win,0.0,59
1668,best_sim10,best_sim400,best_sim10,best_sim400,p2_win,0.0,60
1669,best_sim10,best_sim400,best_sim400,best_sim10,p1_win,0.0,59
1670,best_sim10,best_sim400,best_sim10,best_sim400,p2_win,0.0,60
1671,best_sim10,best_sim400,best_sim400,best_sim10,p1_win,0.0,59
1672,best_sim10,best_sim400,best_sim10,best_sim400,p2_win,0.0,60
1673,best_sim10,best_sim400,best_sim400,best_sim10,p1_win,0.0,59
1674,best_sim10,best_sim400,best_sim400,best_sim10,p1_win,0.0,59
1675,best_sim10,best_sim400,best_sim400,best_sim10,p1_win,0.0,63
1676,best_sim10,best_sim400,best_sim400,best_sim10,p1_win,0.0,59
1677,best_sim10,best_sim400,best_sim400,best_sim10,p1_win,0.0,59
1678,best_sim10,best_sim400,best_sim400,best_sim10,p1_win,0.0,67
1679,best_sim10,best_sim400,best_sim10,best_sim400,p2_win,0.0,58
1680,best_sim10,best_sim400,best_sim10,best_sim400,p1_win,1.0,63
1681,best_sim10,best_sim400,best_sim400,best_sim10,p1_win,0.0,59
1682,best_sim10,best_sim400,best_sim10,best_sim400,p2_win,0.0,60
1683,best_sim10,best_sim400,best_sim10,best_sim400,p2_win,0.0,60
1684,best_sim10,best_sim400,best_sim400,best_sim10,p1_win,0.0,65
1685,best_sim10,best_sim400,best_sim400,best_sim10,p1_win,0.0,63
1686,best_sim10,best_sim400,best_sim10,best_sim400,p2_win,0.0,64
1687,best_sim10,best_sim400,best_sim10,best_sim400,p2_win,0.0,60
1688,best_sim10,best_sim400,best_sim400,best_sim10,p1_win,0.0,63
1689,best_sim10,best_sim400,best_sim400,best_sim10,p1_win,0.0,61
1690,best_sim10,best_sim400,best_sim400,best_sim10,p1_win,0.0,61
1691,best_sim10,best_sim400,best_sim10,best_sim400,p2_win,0.0,64
1692,best_sim10,best_sim400,best_sim400,best_sim10,p1_win,0.0,63
1693,best_sim10,best_sim400,best_sim10,best_sim400,p2_win,0.0,64
1694,best_sim10,best_sim400,best_sim400,best_sim10,p1_win,0.0,63
1695,best_sim10,best_sim400,best_sim400,best_sim10,p1_win,0.0,61
1696,best_sim10,best_sim400,best_sim400,best_sim10,p1_win,0.0,67
1697,best_sim10,best_sim400,best_sim10,best_sim400,p2_win,0.0,62
1698,best_sim10,best_sim400,best_sim400,best_sim10,p1_win,0.0,71
1699,best_sim10,best_sim400,best_sim400,best_sim10,p1_win,0.0,63
1700,best_sim10,best_sim400,best_sim10,best_sim400,p2_win,0.0,60
1701,best_sim10,best_sim400,best_sim10,best_sim400,p2_win,0.0,64
1702,best_sim10,best_sim400,best_sim10,best_sim400,p2_win,0.0,60
1703,best_sim10,best_sim400,best_sim10,best_sim400,p2_win,0.0,64
1704,best_sim10,best_sim400,best_sim10,best_sim400,p2_win,0.0,60
1705,best_sim10,best_sim400,best_sim400,best_sim10,p1_win,0.0,65
1706,best_sim10,best_sim400,best_sim10,best_sim400,p2_win,0.0,76
1707,best_sim10,best_sim400,best_sim10,best_sim400,p2_win,0.0,76
1708,best_sim10,best_sim400,best_sim400,best_sim10,p1_win,0.0,61
1709,best_sim10,best_sim400,best_sim400,best_sim10,p1_win,0.0,65
1710,best_sim10,best_sim400,best_sim400,best_sim10,p1_win,0.0,65
1711,best_sim10,best_sim400,best_sim10,best_sim400,p2_win,0.0,64
1712,best_sim10,best_sim400,best_sim10,best_sim400,p2_win,0.0,64
1713,best_sim10,best_sim400,best_sim10,best_sim400,p1_win,1.0,81
1714,best_sim10,best_sim400,best_sim400,best_sim10,p1_win,0.0,63
1715,best_sim10,best_sim400,best_sim400,best_sim10,p1_win,0.0,67
1716,best_sim10,best_sim400,best_sim400,best_sim10,p1_win,0.0,65
1717,best_sim10,best_sim400,best_sim400,best_sim10,p1_win,0.0,63
1718,best_sim10,best_sim400,best_sim10,best_sim400,p2_win,0.0,62
1719,best_sim10,best_sim400,best_sim10,best_sim400,p2_win,0.0,66
1720,best_sim10,best_sim400,best_sim10,best_sim400,p2_win,0.0,64
1721,best_sim10,best_sim400,best_sim10,best_sim400,p2_win,0.0,66
1722,best_sim10,best_sim400,best_sim400,best_sim10,p1_win,0.0,63
1723,best_sim10,best_sim400,best_sim10,best_sim400,p2_win,0.0,68
1724,best_sim10,best_sim400,best_sim10,best_sim400,p2_win,0.0,72
1725,best_sim10,best_sim400,best_sim10,best_sim400,p2_win,0.0,68
1726,best_sim10,best_sim400,best_sim10,best_sim400,p2_win,0.0,68
1727,best_sim10,best_sim400,best_sim10,best_sim400,p2_win,0.0,68
1728,best_sim10,best_sim400,best_sim10,best_sim400,p2_win,0.0,68
1729,best_sim10,best_sim400,best_sim10,best_sim400,p2_win,0.0,68
1730,best_sim10,best_sim400,best_sim10,best_sim400,p2_win,0.0,68
1731,best_sim10,best_sim400,best_sim10,best_sim400,p2_win,0.0,72
1732,best_sim10,best_sim400,best_sim10,best_sim400,p2_win,0.0,68
1733,best_sim10,best_sim400,best_sim10,best_sim400,p2_win,0.0,68
1734,best_sim10,best_sim400,best_sim400,best_sim10,p1_win,0.0,67
1735,best_sim10,best_sim400,best_sim400,best_sim10,p1_win,0.0,67
1736,best_sim10,best_sim400,best_sim10,best_sim400,p2_win,0.0,70
1737,best_sim10,best_sim400,best_sim10,best_sim400,p2_win,0.0,74
1738,best_sim10,best_sim400,best_sim400,best_sim10,p1_win,0.0,65
1739,best_sim10,best_sim400,best_sim10,best_sim400,p2_win,0.0,68
1740,best_sim10,best_sim400,best_sim10,best_sim400,p2_win,0.0,70
1741,best_sim10,best_sim400,best_sim400,best_sim10,p1_win,0.0,65
1742,best_sim10,best_sim400,best_sim10,best_sim400,p2_win,0.0,72
1743,best_sim10,best_sim400,best_sim10,best_sim400,p2_win,0.0,74
1744,best_sim10,best_sim400,best_sim400,best_sim10,p1_win,0.0,69
1745,best_sim10,best_sim400,best_sim10,best_sim400,p2_win,0.0,70
1746,best_sim10,best_sim400,best_sim400,best_sim10,p1_win,0.0,69
1747,best_sim10,best_sim400,best_sim10,best_sim400,p2_win,0.0,70
1748,best_sim10,best_sim400,best_sim400,best_sim10,p1_win,0.0,81
1749,best_sim10,best_sim400,best_sim10,best_sim400,p2_win,0.0,72
1750,best_sim10,best_sim400,best_sim10,best_sim400,p1_win,1.0,75
1751,best_sim10,best_sim400,best_sim400,best_sim10,p1_win,0.0,71
1752,best_sim10,best_sim400,best_sim400,best_sim10,p1_win,0.0,75
1753,best_sim10,best_sim400,best_sim10,best_sim400,p2_win,0.0,72
1754,best_sim10,best_sim400,best_sim10,best_sim400,p2_win,0.0,72
1755,best_sim10,best_sim400,best_sim10,best_sim400,p2_win,0.0,72
1756,best_sim10,best_sim400,best_sim10,best_sim400,p2_win,0.0,74
1757,best_sim10,best_sim400,best_sim400,best_sim10,p1_win,0.0,69
1758,best_sim10,best_sim400,best_sim10,best_sim400,p2_win,0.0,72
1759,best_sim10,best_sim400,best_sim400,best_sim10,p1_win,0.0,75
1760,best_sim10,best_sim400,best_sim10,best_sim400,p2_win,0.0,72
1761,best_sim10,best_sim400,best_sim10,best_sim400,p2_win,0.0,72
1762,best_sim10,best_sim400,best_sim400,best_sim10,p1_win,0.0,73
1763,best_sim10,best_sim400,best_sim10,best_sim400,p2_win,0.0,74
1764,best_sim10,best_sim400,best_sim400,best_sim10,p1_win,0.0,77
1765,best_sim10,best_sim400,best_sim10,best_sim400,p2_win,0.0,76
1766,best_sim10,best_sim400,best_sim400,best_sim10,p1_win,0.0,73
1767,best_sim10,best_sim400,best_sim400,best_sim10,p1_win,0.0,75
1768,best_sim10,best_sim400,best_sim10,best_sim400,p2_win,0.0,88
1769,best_sim10,best_sim400,best_sim10,best_sim400,p2_win,0.0,80
1770,best_sim10,best_sim400,best_sim10,best_sim400,p2_win,0.0,80
1771,best_sim10,best_sim400,best_sim10,best_sim400,p2_win,0.0,80
1772,best_sim10,best_sim400,best_sim400,best_sim10,p1_win,0.0,79
1773,best_sim10,best_sim400,best_sim400,best_sim10,p1_win,0.0,77
1774,best_sim10,best_sim400,best_sim10,best_sim400,p2_win,0.0,80
1775,best_sim10,best_sim400,best_sim400,best_sim10,p1_win,0.0,79
1776,best_sim10,best_sim400,best_sim400,best_sim10,p1_win,0.0,83
1777,best_sim10,best_sim400,best_sim400,best_sim10,p1_win,0.0,83
1778,best_sim10,best_sim400,best_sim10,best_sim400,p2_win,0.0,86
1779,best_sim10,best_sim400,best_sim400,best_sim10,p1_win,0.0,85
1780,best_sim10,best_sim400,best_sim400,best_sim10,p1_win,0.0,81
1781,best_sim10,best_sim400,best_sim400,best_sim10,p1_win,0.0,81
1782,best_sim10,best_sim400,best_sim400,best_sim10,p1_win,0.0,83
1783,best_sim10,best_sim400,best_sim400,best_sim10,p1_win,0.0,83
1784,best_sim10,best_sim400,best_sim400,best_sim10,p1_win,0.0,81
1785,best_sim10,best_sim400,best_sim400,best_sim10,p1_win,0.0,83
1786,best_sim10,best_sim400,best_sim10,best_sim400,draw,0.5,100
1787,best_sim10,best_sim400,best_sim400,best_sim10,p1_win,0.0,83
1788,best_sim10,best_sim400,best_sim10,best_sim400,p1_win,1.0,87
1789,best_sim10,best_sim400,best_sim400,best_sim10,p1_win,0.0,89
1790,best_sim10,best_sim400,best_sim10,best_sim400,p2_win,0.0,90
1791,best_sim10,best_sim400,best_sim10,best_sim400,p2_win,0.0,90
1792,best_sim10,best_sim400,best_sim10,best_sim400,p1_win,1.0,89
1793,best_sim10,best_sim400,best_sim400,best_sim10,p1_win,0.0,91
1794,best_sim10,best_sim400,best_sim400,best_sim10,p1_win,0.0,89
1795,best_sim10,best_sim400,best_sim400,best_sim10,p1_win,0.0,91
1796,best_sim10,best_sim400,best_sim10,best_sim400,p2_win,0.0,98
1797,best_sim10,best_sim400,best_sim10,best_sim400,p2_win,0.0,98
1798,best_sim10,best_sim400,best_sim10,best_sim400,draw,0.5,100
1799,best_sim10,best_sim400,best_sim10,best_sim400,draw,0.5,100
1800,best_sim10,best_sim400,best_sim10,best_sim400,p2_win,0.0,100
1801,best_sim50,best_sim100,best_sim50,best_sim100,p2_win,0.0,42
1802,best_sim50,best_sim100,best_sim100,best_sim50,p2_win,1.0,44
1803,best_sim50,best_sim100,best_sim100,best_sim50,p2_win,1.0,48
1804,best_sim50,best_sim100,best_sim50,best_sim100,p2_win,0.0,52
1805,best_sim50,best_sim100,best_sim100,best_sim50,p2_win,1.0,54
1806,best_sim50,best_sim100,best_sim50,best_sim100,p1_win,1.0,59
1807,best_sim50,best_sim100,best_sim50,best_sim100,p2_win,0.0,52
1808,best_sim50,best_sim100,best_sim50,best_sim100,p2_win,0.0,60
1809,best_sim50,best_sim100,best_sim100,best_sim50,p1_win,0.0,49
1810,best_sim50,best_sim100,best_sim100,best_sim50,p2_win,1.0,52
1811,best_sim50,best_sim100,best_sim100,best_sim50,p1_win,0.0,51
1812,best_sim50,best_sim100,best_sim50,best_sim100,p2_win,0.0,54
1813,best_sim50,best_sim100,best_sim50,best_sim100,p2_win,0.0,52
1814,best_sim50,best_sim100,best_sim50,best_sim100,p1_win,1.0,67
1815,best_sim50,best_sim100,best_sim50,best_sim100,p1_win,1.0,51
1816,best_sim50,best_sim100,best_sim100,best_sim50,p2_win,1.0,56
1817,best_sim50,best_sim100,best_sim100,best_sim50,p1_win,0.0,51
1818,best_sim50,best_sim100,best_sim50,best_sim100,p2_win,0.0,52
1819,best_sim50,best_sim100,best_sim100,best_sim50,p1_win,0.0,57
1820,best_sim50,best_sim100,best_sim100,best_sim50,p1_win,0.0,51
1821,best_sim50,best_sim100,best_sim100,best_sim50,p1_win,0.0,67
1822,best_sim50,best_sim100,best_sim100,best_sim50,p2_win,1.0,52
1823,best_sim50,best_sim100,best_sim50,best_sim100,p2_win,0.0,56
1824,best_sim50,best_sim100,best_sim100,best_sim50,p1_win,0.0,53
1825,best_sim50,best_sim100,best_sim50,best_sim100,p1_win,1.0,55
1826,best_sim50,best_sim100,best_sim100,best_sim50,p2_win,1.0,58
1827,best_sim50,best_sim100,best_sim50,best_sim100,p2_win,0.0,56
1828,best_sim50,best_sim100,best_sim100,best_sim50,p1_win,0.0,57
1829,best_sim50,best_sim100,best_sim100,best_sim50,p1_win,0.0,57
1830,best_sim50,best_sim100,best_sim100,best_sim50,p1_win,0.0,55
1831,best_sim50,best_sim100,best_sim50,best_sim100,p1_win,1.0,55
1832,best_sim50,best_sim100,best_sim100,best_sim50,p2_win,1.0,58
1833,best_sim50,best_sim100,best_sim50,best_sim100,p2_win,0.0,56
1834,best_sim50,best_sim100,best_sim50,best_sim100,p2_win,0.0,56
1835,best_sim50,best_sim100,best_sim50,best_sim100,p1_win,1.0,57
1836,best_sim50,best_sim100,best_sim50,best_sim100,p2_win,0.0,58
1837,best_sim50,best_sim100,best_sim50,best_sim100,p2_win,0.0,56
1838,best_sim50,best_sim100,best_sim100,best_sim50,p1_win,0.0,57
1839,best_sim50,best_sim100,best_sim100,best_sim50,p2_win,1.0,56
1840,best_sim50,best_sim100,best_sim100,best_sim50,p2_win,1.0,56
1841,best_sim50,best_sim100,best_sim100,best_sim50,p1_win,0.0,59
1842,best_sim50,best_sim100,best_sim50,best_sim100,p1_win,1.0,59
1843,best_sim50,best_sim100,best_sim100,best_sim50,p1_win,0.0,59
1844,best_sim50,best_sim100,best_sim50,best_sim100,p2_win,0.0,64
1845,best_sim50,best_sim100,best_sim50,best_sim100,p1_win,1.0,59
1846,best_sim50,best_sim100,best_sim100,best_sim50,p2_win,1.0,58
1847,best_sim50,best_sim100,best_sim100,best_sim50,p1_win,0.0,57
1848,best_sim50,best_sim100,best_sim50,best_sim100,p1_win,1.0,67
1849,best_sim50,best_sim100,best_sim50,best_sim100,p2_win,0.0,64
1850,best_sim50,best_sim100,best_sim50,best_sim100,p1_win,1.0,59
1851,best_sim50,best_sim100,best_sim50,best_sim100,p2_win,0.0,62
1852,best_sim50,best_sim100,best_sim100,best_sim50,p1_win,0.0,61
1853,best_sim50,best_sim100,best_sim50,best_sim100,p2_win,0.0,58
1854,best_sim50,best_sim100,best_sim50,best_sim100,p1_win,1.0,65
1855,best_sim50,best_sim100,best_sim100,best_sim50,p1_win,0.0,59
1856,best_sim50,best_sim100,best_sim100,best_sim50,p1_win,0.0,59
1857,best_sim50,best_sim100,best_sim100,best_sim50,p1_win,0.0,59
1858,best_sim50,best_sim100,best_sim100,best_sim50,p1_win,0.0,59
1859,best_sim50,best_sim100,best_sim100,best_sim50,p1_win,0.0,61
1860,best_sim50,best_sim100,best_sim50,best_sim100,p2_win,0.0,60
1861,best_sim50,best_sim100,best_sim100,best_sim50,p2_win,1.0,62
1862,best_sim50,best_sim100,best_sim50,best_sim100,p1_win,1.0,59
1863,best_sim50,best_sim100,best_sim50,best_sim100,p2_win,0.0,60
1864,best_sim50,best_sim100,best_sim100,best_sim50,p1_win,0.0,63
1865,best_sim50,best_sim100,best_sim50,best_sim100,p1_win,1.0,63
1866,best_sim50,best_sim100,best_sim100,best_sim50,p2_win,1.0,60
1867,best_sim50,best_sim100,best_sim100,best_sim50,p1_win,0.0,63
1868,best_sim50,best_sim100,best_sim50,best_sim100,p1_win,1.0,61
1869,best_sim50,best_sim100,best_sim50,best_sim100,p2_win,0.0,64
1870,best_sim50,best_sim100,best_sim50,best_sim100,p1_win,1.0,67
1871,best_sim50,best_sim100,best_sim50,best_sim100,p1_win,1.0,61
1872,best_sim50,best_sim100,best_sim50,best_sim100,p1_win,1.0,63
1873,best_sim50,best_sim100,best_sim50,best_sim100,p2_win,0.0,62
1874,best_sim50,best_sim100,best_sim100,best_sim50,p1_win,0.0,63
1875,best_sim50,best_sim100,best_sim50,best_sim100,p2_win,0.0,68
1876,best_sim50,best_sim100,best_sim50,best_sim100,p2_win,0.0,66
1877,best_sim50,best_sim100,best_sim100,best_sim50,p1_win,0.0,69
1878,best_sim50,best_sim100,best_sim50,best_sim100,p2_win,0.0,64
1879,best_sim50,best_sim100,best_sim50,best_sim100,p1_win,1.0,65
1880,best_sim50,best_sim100,best_sim50,best_sim100,p2_win,0.0,66
1881,best_sim50,best_sim100,best_sim50,best_sim100,p2_win,0.0,68
1882,best_sim50,best_sim100,best_sim50,best_sim100,p1_win,1.0,65
1883,best_sim50,best_sim100,best_sim50,best_sim100,p2_win,0.0,68
1884,best_sim50,best_sim100,best_sim100,best_sim50,p1_win,0.0,67
1885,best_sim50,best_sim100,best_sim100,best_sim50,p1_win,0.0,63
1886,best_sim50,best_sim100,best_sim50,best_sim100,p1_win,1.0,69
1887,best_sim50,best_sim100,best_sim50,best_sim100,p2_win,0.0,64
1888,best_sim50,best_sim100,best_sim50,best_sim100,p2_win,0.0,76
1889,best_sim50,best_sim100,best_sim50,best_sim100,p1_win,1.0,67
1890,best_sim50,best_sim100,best_sim100,best_sim50,p2_win,1.0,64
1891,best_sim50,best_sim100,best_sim100,best_sim50,p2_win,1.0,78
1892,best_sim50,best_sim100,best_sim50,best_sim100,p1_win,1.0,69
1893,best_sim50,best_sim100,best_sim50,best_sim100,p1_win,1.0,65
1894,best_sim50,best_sim100,best_sim50,best_sim100,p1_win,1.0,67
1895,best_sim50,best_sim100,best_sim100,best_sim50,p1_win,0.0,69
1896,best_sim50,best_sim100,best_sim100,best_sim50,p1_win,0.0,65
1897,best_sim50,best_sim100,best_sim50,best_sim100,p1_win,1.0,71
1898,best_sim50,best_sim100,best_sim50,best_sim100,p1_win,1.0,71
1899,best_sim50,best_sim100,best_sim50,best_sim100,p1_win,1.0,67
1900,best_sim50,best_sim100,best_sim100,best_sim50,p1_win,0.0,71
1901,best_sim50,best_sim100,best_sim100,best_sim50,p1_win,0.0,69
1902,best_sim50,best_sim100,best_sim50,best_sim100,p2_win,0.0,68
1903,best_sim50,best_sim100,best_sim100,best_sim50,p1_win,0.0,69
1904,best_sim50,best_sim100,best_sim50,best_sim100,p2_win,0.0,72
1905,best_sim50,best_sim100,best_sim50,best_sim100,p2_win,0.0,76
1906,best_sim50,best_sim100,best_sim50,best_sim100,p2_win,0.0,70
1907,best_sim50,best_sim100,best_sim100,best_sim50,p1_win,0.0,71
1908,best_sim50,best_sim100,best_sim100,best_sim50,p1_win,0.0,67
1909,best_sim50,best_sim100,best_sim50,best_sim100,p2_win,0.0,72
1910,best_sim50,best_sim100,best_sim50,best_sim100,p1_win,1.0,69
1911,best_sim50,best_sim100,best_sim100,best_sim50,p2_win,1.0,68
1912,best_sim50,best_sim100,best_sim50,best_sim100,p2_win,0.0,74
1913,best_sim50,best_sim100,best_sim100,best_sim50,p1_win,0.0,73
1914,best_sim50,best_sim100,best_sim100,best_sim50,p2_win,1.0,76
1915,best_sim50,best_sim100,best_sim50,best_sim100,p1_win,1.0,73
1916,best_sim50,best_sim100,best_sim100,best_sim50,p1_win,0.0,75
1917,best_sim50,best_sim100,best_sim50,best_sim100,p1_win,1.0,69
1918,best_sim50,best_sim100,best_sim100,best_sim50,p1_win,0.0,69
1919,best_sim50,best_sim100,best_sim50,best_sim100,p1_win,1.0,79
1920,best_sim50,best_sim100,best_sim50,best_sim100,p1_win,1.0,79
1921,best_sim50,best_sim100,best_sim100,best_sim50,p2_win,1.0,72
1922,best_sim50,best_sim100,best_sim100,best_sim50,p1_win,0.0,69
1923,best_sim50,best_sim100,best_sim50,best_sim100,p1_win,1.0,73
1924,best_sim50,best_sim100,best_sim50,best_sim100,p1_win,1.0,71
1925,best_sim50,best_sim100,best_sim100,best_sim50,p1_win,0.0,69
1926,best_sim50,best_sim100,best_sim50,best_sim100,p1_win,1.0,71
1927,best_sim50,best_sim100,best_sim100,best_sim50,p2_win,1.0,74
1928,best_sim50,best_sim100,best_sim50,best_sim100,p2_win,0.0,78
1929,best_sim50,best_sim100,best_sim100,best_sim50,p2_win,1.0,70
1930,best_sim50,best_sim100,best_sim100,best_sim50,p1_win,0.0,71
1931,best_sim50,best_sim100,best_sim100,best_sim50,p1_win,0.0,79
1932,best_sim50,best_sim100,best_sim100,best_sim50,p2_win,1.0,74
1933,best_sim50,best_sim100,best_sim100,best_sim50,p1_win,0.0,73
1934,best_sim50,best_sim100,best_sim50,best_sim100,p2_win,0.0,76
1935,best_sim50,best_sim100,best_sim100,best_sim50,p1_win,0.0,71
1936,best_sim50,best_sim100,best_sim50,best_sim100,p1_win,1.0,73
1937,best_sim50,best_sim100,best_sim100,best_sim50,p1_win,0.0,71
1938,best_sim50,best_sim100,best_sim100,best_sim50,p2_win,1.0,78
1939,best_sim50,best_sim100,best_sim100,best_sim50,p2_win,1.0,72
1940,best_sim50,best_sim100,best_sim50,best_sim100,p1_win,1.0,71
1941,best_sim50,best_sim100,best_sim50,best_sim100,p2_win,0.0,74
1942,best_sim50,best_sim100,best_sim100,best_sim50,p1_win,0.0,75
1943,best_sim50,best_sim100,best_sim50,best_sim100,p1_win,1.0,73
1944,best_sim50,best_sim100,best_sim50,best_sim100,p2_win,0.0,78
1945,best_sim50,best_sim100,best_sim50,best_sim100,p1_win,1.0,79
1946,best_sim50,best_sim100,best_sim100,best_sim50,p1_win,0.0,73
1947,best_sim50,best_sim100,best_sim100,best_sim50,p2_win,1.0,76
1948,best_sim50,best_sim100,best_sim50,best_sim100,p2_win,0.0,72
1949,best_sim50,best_sim100,best_sim50,best_sim100,p2_win,0.0,78
1950,best_sim50,best_sim100,best_sim50,best_sim100,p1_win,1.0,75
1951,best_sim50,best_sim100,best_sim100,best_sim50,p1_win,0.0,77
1952,best_sim50,best_sim100,best_sim50,best_sim100,p2_win,0.0,74
1953,best_sim50,best_sim100,best_sim50,best_sim100,p2_win,0.0,76
1954,best_sim50,best_sim100,best_sim50,best_sim100,p1_win,1.0,83
1955,best_sim50,best_sim100,best_sim100,best_sim50,p1_win,0.0,77
1956,best_sim50,best_sim100,best_sim100,best_sim50,p2_win,1.0,76
1957,best_sim50,best_sim100,best_sim100,best_sim50,p1_win,0.0,75
1958,best_sim50,best_sim100,best_sim50,best_sim100,p2_win,0.0,86
1959,best_sim50,best_sim100,best_sim100,best_sim50,p1_win,0.0,73
1960,best_sim50,best_sim100,best_sim50,best_sim100,p1_win,1.0,75
1961,best_sim50,best_sim100,best_sim50,best_sim100,p2_win,0.0,76
1962,best_sim50,best_sim100,best_sim100,best_sim50,p1_win,0.0,77
1963,best_sim50,best_sim100,best_sim100,best_sim50,p2_win,1.0,80
1964,best_sim50,best_sim100,best_sim50,best_sim100,p1_win,1.0,77
1965,best_sim50,best_sim100,best_sim50,best_sim100,p1_win,1.0,77
1966,best_sim50,best_sim100,best_sim100,best_sim50,p1_win,0.0,79
1967,best_sim50,best_sim100,best_sim100,best_sim50,p1_win,0.0,79
1968,best_sim50,best_sim100,best_sim50,best_sim100,p1_win,1.0,77
1969,best_sim50,best_sim100,best_sim50,best_sim100,p2_win,0.0,76
1970,best_sim50,best_sim100,best_sim100,best_sim50,p1_win,0.0,77
1971,best_sim50,best_sim100,best_sim100,best_sim50,p1_win,0.0,77
1972,best_sim50,best_sim100,best_sim100,best_sim50,p1_win,0.0,77
1973,best_sim50,best_sim100,best_sim100,best_sim50,p1_win,0.0,81
1974,best_sim50,best_sim100,best_sim100,best_sim50,p1_win,0.0,85
1975,best_sim50,best_sim100,best_sim50,best_sim100,p2_win,0.0,80
1976,best_sim50,best_sim100,best_sim100,best_sim50,p1_win,0.0,79
1977,best_sim50,best_sim100,best_sim50,best_sim100,p1_win,1.0,83
1978,best_sim50,best_sim100,best_sim50,best_sim100,p1_win,1.0,83
1979,best_sim50,best_sim100,best_sim100,best_sim50,p1_win,0.0,83
1980,best_sim50,best_sim100,best_sim100,best_sim50,p1_win,0.0,81
1981,best_sim50,best_sim100,best_sim100,best_sim50,p1_win,0.0,79
1982,best_sim50,best_sim100,best_sim50,best_sim100,p1_win,1.0,81
1983,best_sim50,best_sim100,best_sim100,best_sim50,p2_win,1.0,84
1984,best_sim50,best_sim100,best_sim50,best_sim100,p1_win,1.0,83
1985,best_sim50,best_sim100,best_sim100,best_sim50,p1_win,0.0,81
1986,best_sim50,best_sim100,best_sim100,best_sim50,p1_win,0.0,85
1987,best_sim50,best_sim100,best_sim100,best_sim50,p2_win,1.0,86
1988,best_sim50,best_sim100,best_sim100,best_sim50,p1_win,0.0,87
1989,best_sim50,best_sim100,best_sim100,best_sim50,p1_win,0.0,93
1990,best_sim50,best_sim100,best_sim100,best_sim50,p2_win,1.0,88
1991,best_sim50,best_sim100,best_sim50,best_sim100,p1_win,1.0,87
1992,best_sim50,best_sim100,best_sim100,best_sim50,p1_win,0.0,87
1993,best_sim50,best_sim100,best_sim100,best_sim50,p1_win,0.0,93
1994,best_sim50,best_sim100,best_sim100,best_sim50,p1_win,0.0,89
1995,best_sim50,best_sim100,best_sim50,best_sim100,p1_win,1.0,91
1996,best_sim50,best_sim100,best_sim100,best_sim50,p1_win,0.0,93
1997,best_sim50,best_sim100,best_sim50,best_sim100,draw,0.5,100
1998,best_sim50,best_sim100,best_sim100,best_sim50,p2_win,1.0,100
1999,best_sim50,best_sim100,best_sim50,best_sim100,draw,0.5,100
2000,best_sim50,best_sim100,best_sim100,best_sim50,draw,0.5,100
2001,best_sim50,best_sim200,best_sim50,best_sim200,p2_win,0.0,38
2002,best_sim50,best_sim200,best_sim50,best_sim200,p2_win,0.0,42
2003,best_sim50,best_sim200,best_sim200,best_sim50,p1_win,0.0,47
2004,best_sim50,best_sim200,best_sim50,best_sim200,p2_win,0.0,50
2005,best_sim50,best_sim200,best_sim200,best_sim50,p1_win,0.0,45
2006,best_sim50,best_sim200,best_sim50,best_sim200,p2_win,0.0,48
2007,best_sim50,best_sim200,best_sim200,best_sim50,p1_win,0.0,49
2008,best_sim50,best_sim200,best_sim50,best_sim200,p2_win,0.0,50
2009,best_sim50,best_sim200,best_sim200,best_sim50,p2_win,1.0,56
2010,best_sim50,best_sim200,best_sim50,best_sim200,p2_win,0.0,50
2011,best_sim50,best_sim200,best_sim200,best_sim50,p1_win,0.0,67
2012,best_sim50,best_sim200,best_sim50,best_sim200,p2_win,0.0,52
2013,best_sim50,best_sim200,best_sim50,best_sim200,p2_win,0.0,52
2014,best_sim50,best_sim200,best_sim200,best_sim50,p1_win,0.0,55
2015,best_sim50,best_sim200,best_sim50,best_sim200,p2_win,0.0,52
2016,best_sim50,best_sim200,best_sim200,best_sim50,p1_win,0.0,67
2017,best_sim50,best_sim200,best_sim200,best_sim50,p1_win,0.0,49
2018,best_sim50,best_sim200,best_sim200,best_sim50,p1_win,0.0,51
2019,best_sim50,best_sim200,best_sim200,best_sim50,p1_win,0.0,51
2020,best_sim50,best_sim200,best_sim200,best_sim50,p1_win,0.0,57
2021,best_sim50,best_sim200,best_sim200,best_sim50,p1_win,0.0,53
2022,best_sim50,best_sim200,best_sim200,best_sim50,p1_win,0.0,55
2023,best_sim50,best_sim200,best_sim50,best_sim200,p2_win,0.0,56
2024,best_sim50,best_sim200,best_sim50,best_sim200,p2_win,0.0,54
2025,best_sim50,best_sim200,best_sim200,best_sim50,p1_win,0.0,61
2026,best_sim50,best_sim200,best_sim50,best_sim200,p1_win,1.0,55
2027,best_sim50,best_sim200,best_sim50,best_sim200,p2_win,0.0,62
2028,best_sim50,best_sim200,best_sim50,best_sim200,p2_win,0.0,60
2029,best_sim50,best_sim200,best_sim50,best_sim200,p2_win,0.0,64
2030,best_sim50,best_sim200,best_sim50,best_sim200,p2_win,0.0,54
2031,best_sim50,best_sim200,best_sim50,best_sim200,p2_win,0.0,56
2032,best_sim50,best_sim200,best_sim200,best_sim50,p1_win,0.0,55
2033,best_sim50,best_sim200,best_sim200,best_sim50,p1_win,0.0,55
2034,best_sim50,best_sim200,best_sim200,best_sim50,p1_win,0.0,57
2035,best_sim50,best_sim200,best_sim50,best_sim200,p2_win,0.0,64
2036,best_sim50,best_sim200,best_sim50,best_sim200,p1_win,1.0,59
2037,best_sim50,best_sim200,best_sim50,best_sim200,p2_win,0.0,60
2038,best_sim50,best_sim200,best_sim50,best_sim200,p2_win,0.0,66
2039,best_sim50,best_sim200,best_sim200,best_sim50,p1_win,0.0,59
2040,best_sim50,best_sim200,best_sim200,best_sim50,p2_win,1.0,58
2041,best_sim50,best_sim200,best_sim200,best_sim50,p1_win,0.0,57
2042,best_sim50,best_sim200,best_sim200,best_sim50,p1_win,0.0,57
2043,best_sim50,best_sim200,best_sim50,best_sim200,p1_win,1.0,67
2044,best_sim50,best_sim200,best_sim50,best_sim200,p2_win,0.0,56
2045,best_sim50,best_sim200,best_sim50,best_sim200,p2_win,0.0,64
2046,best_sim50,best_sim200,best_sim50,best_sim200,p2_win,0.0,60
2047,best_sim50,best_sim200,best_sim200,best_sim50,p1_win,0.0,59
2048,best_sim50,best_sim200,best_sim200,best_sim50,p1_win,0.0,57
2049,best_sim50,best_sim200,best_sim50,best_sim200,p1_win,1.0,59
2050,best_sim50,best_sim200,best_sim200,best_sim50,p1_win,0.0,71
2051,best_sim50,best_sim200,best_sim200,best_sim50,p1_win,0.0,59
2052,best_sim50,best_sim200,best_sim50,best_sim200,p2_win,0.0,62
2053,best_sim50,best_sim200,best_sim50,best_sim200,p2_win,0.0,64
2054,best_sim50,best_sim200,best_sim50,best_sim200,p1_win,1.0,67
2055,best_sim50,best_sim200,best_sim50,best_sim200,p2_win,0.0,68
2056,best_sim50,best_sim200,best_sim50,best_sim200,p1_win,1.0,59
2057,best_sim50,best_sim200,best_sim200,best_sim50,p1_win,0.0,59
2058,best_sim50,best_sim200,best_sim50,best_sim200,p2_win,0.0,60
2059,best_sim50,best_sim200,best_sim50,best_sim200,p1_win,1.0,59
2060,best_sim50,best_sim200,best_sim50,best_sim200,p2_win,0.0,72
2061,best_sim50,best_sim200,best_sim200,best_sim50,p1_win,0.0,67
2062,best_sim50,best_sim200,best_sim50,best_sim200,p2_win,0.0,62
2063,best_sim50,best_sim200,best_sim50,best_sim200,p2_win,0.0,60
2064,best_sim50,best_sim200,best_sim50,best_sim200,p1_win,1.0,63
2065,best_sim50,best_sim200,best_sim50,best_sim200,p2_win,0.0,62
2066,best_sim50,best_sim200,best_sim50,best_sim200,p2_win,0.0,60
2067,best_sim50,best_sim200,best_sim50,best_sim200,p2_win,0.0,68
2068,best_sim50,best_sim200,best_sim50,best_sim200,p2_win,0.0,60
2069,best_sim50,best_sim200,best_sim50,best_sim200,p2_win,0.0,60
2070,best_sim50,best_sim200,best_sim50,best_sim200,p1_win,1.0,65
2071,best_sim50,best_sim200,best_sim200,best_sim50,p1_win,0.0,59
2072,best_sim50,best_sim200,best_sim50,best_sim200,p2_win,0.0,60
2073,best_sim50,best_sim200,best_sim50,best_sim200,p2_win,0.0,66
2074,best_sim50,best_sim200,best_sim200,best_sim50,p1_win,0.0,67
2075,best_sim50,best_sim200,best_sim50,best_sim200,p2_win,0.0,74
2076,best_sim50,best_sim200,best_sim50,best_sim200,p1_win,1.0,61
2077,best_sim50,best_sim200,best_sim200,best_sim50,p1_win,0.0,63
2078,best_sim50,best_sim200,best_sim200,best_sim50,p1_win,0.0,61
2079,best_sim50,best_sim200,best_sim50,best_sim200,p2_win,0.0,64
2080,best_sim50,best_sim200,best_sim50,best_sim200,p2_win,0.0,64
2081,best_sim50,best_sim200,best_sim200,best_sim50,p1_win,0.0,63
2082,best_sim50,best_sim200,best_sim200,best_sim50,p2_win,1.0,78
2083,best_sim50,best_sim200,best_sim50,best_sim200,p1_win,1.0,63
2084,best_sim50,best_sim200,best_sim200,best_sim50,p1_win,0.0,61
2085,best_sim50,best_sim200,best_sim50,best_sim200,p1_win,1.0,63
2086,best_sim50,best_sim200,best_sim50,best_sim200,p2_win,0.0,62
2087,best_sim50,best_sim200,best_sim200,best_sim50,p1_win,0.0,61
2088,best_sim50,best_sim200,best_sim50,best_sim200,p2_win,0.0,62
2089,best_sim50,best_sim200,best_sim50,best_sim200,p2_win,0.0,64
2090,best_sim50,best_sim200,best_sim200,best_sim50,p1_win,0.0,67
2091,best_sim50,best_sim200,best_sim50,best_sim200,p1_win,1.0,63
2092,best_sim50,best_sim200,best_sim50,best_sim200,p2_win,0.0,64
2093,best_sim50,best_sim200,best_sim50,best_sim200,p2_win,0.0,62
2094,best_sim50,best_sim200,best_sim50,best_sim200,p2_win,0.0,64
2095,best_sim50,best_sim200,best_sim200,best_sim50,p1_win,0.0,63
2096,best_sim50,best_sim200,best_sim50,best_sim200,p2_win,0.0,66
2097,best_sim50,best_sim200,best_sim200,best_sim50,p1_win,0.0,63
2098,best_sim50,best_sim200,best_sim50,best_sim200,p2_win,0.0,66
2099,best_sim50,best_sim200,best_sim200,best_sim50,p1_win,0.0,63
2100,best_sim50,best_sim200,best_sim200,best_sim50,p1_win,0.0,63
2101,best_sim50,best_sim200,best_sim200,best_sim50,p1_win,0.0,65
2102,best_sim50,best_sim200,best_sim50,best_sim200,p2_win,0.0,66
2103,best_sim50,best_sim200,best_sim50,best_sim200,p1_win,1.0,75
2104,best_sim50,best_sim200,best_sim200,best_sim50,p1_win,0.0,67
2105,best_sim50,best_sim200,best_sim50,best_sim200,p2_win,0.0,64
2106,best_sim50,best_sim200,best_sim200,best_sim50,p1_win,0.0,71
2107,best_sim50,best_sim200,best_sim200,best_sim50,p1_win,0.0,67
2108,best_sim50,best_sim200,best_sim200,best_sim50,p1_win,0.0,67
2109,best_sim50,best_sim200,best_sim200,best_sim50,p1_win,0.0,63
2110,best_sim50,best_sim200,best_sim200,best_sim50,p1_win,0.0,67
2111,best_sim50,best_sim200,best_sim200,best_sim50,p1_win,0.0,65
2112,best_sim50,best_sim200,best_sim50,best_sim200,p1_win,1.0,69
2113,best_sim50,best_sim200,best_sim50,best_sim200,p2_win,0.0,76
2114,best_sim50,best_sim200,best_sim50,best_sim200,p2_win,0.0,66
2115,best_sim50,best_sim200,best_sim50,best_sim200,p2_win,0.0,72
2116,best_sim50,best_sim200,best_sim50,best_sim200,p2_win,0.0,68
2117,best_sim50,best_sim200,best_sim200,best_sim50,p1_win,0.0,69
2118,best_sim50,best_sim200,best_sim50,best_sim200,p2_win,0.0,68
2119,best_sim50,best_sim200,best_sim200,best_sim50,p1_win,0.0,67
2120,best_sim50,best_sim200,best_sim200,best_sim50,p1_win,0.0,65
2121,best_sim50,best_sim200,best_sim50,best_sim200,p2_win,0.0,74
2122,best_sim50,best_sim200,best_sim50,best_sim200,p2_win,0.0,72
2123,best_sim50,best_sim200,best_sim50,best_sim200,p2_win,0.0,68
2124,best_sim50,best_sim200,best_sim50,best_sim200,p2_win,0.0,72
2125,best_sim50,best_sim200,best_sim200,best_sim50,p1_win,0.0,67
2126,best_sim50,best_sim200,best_sim50,best_sim200,p1_win,1.0,75
2127,best_sim50,best_sim200,best_sim50,best_sim200,p2_win,0.0,72
2128,best_sim50,best_sim200,best_sim200,best_sim50,p1_win,0.0,73
2129,best_sim50,best_sim200,best_sim200,best_sim50,p1_win,0.0,75
2130,best_sim50,best_sim200,best_sim200,best_sim50,p2_win,1.0,72
2131,best_sim50,best_sim200,best_sim50,best_sim200,p2_win,0.0,74
2132,best_sim50,best_sim200,best_sim200,best_sim50,p1_win,0.0,71
2133,best_sim50,best_sim200,best_sim200,best_sim50,p1_win,0.0,69
2134,best_sim50,best_sim200,best_sim50,best_sim200,p1_win,1.0,71
2135,best_sim50,best_sim200,best_sim200,best_sim50,p1_win,0.0,71
2136,best_sim50,best_sim200,best_sim200,best_sim50,p1_win,0.0,71
2137,best_sim50,best_sim200,best_sim50,best_sim200,p2_win,0.0,72
2138,best_sim50,best_sim200,best_sim200,best_sim50,p1_win,0.0,71
2139,best_sim50,best_sim200,best_sim200,best_sim50,p1_win,0.0,71
2140,best_sim50,best_sim200,best_sim50,best_sim200,p1_win,1.0,73
2141,best_sim50,best_sim200,best_sim200,best_sim50,p1_win,0.0,75
2142,best_sim50,best_sim200,best_sim50,best_sim200,p2_win,0.0,82
2143,best_sim50,best_sim200,best_sim50,best_sim200,p2_win,0.0,72
2144,best_sim50,best_sim200,best_sim50,best_sim200,p2_win,0.0,74
2145,best_sim50,best_sim200,best_sim50,best_sim200,p1_win,1.0,77
2146,best_sim50,best_sim200,best_sim200,best_sim50,p1_win,0.0,73
2147,best_sim50,best_sim200,best_sim200,best_sim50,p1_win,0.0,75
2148,best_sim50,best_sim200,best_sim50,best_sim200,p1_win,1.0,75
2149,best_sim50,best_sim200,best_sim50,best_sim200,p2_win,0.0,78
2150,best_sim50,best_sim200,best_sim200,best_sim50,p1_win,0.0,79
2151,best_sim50,best_sim200,best_sim50,best_sim200,p2_win,0.0,86
2152,best_sim50,best_sim200,best_sim50,best_sim200,p2_win,0.0,76
2153,best_sim50,best_sim200,best_sim50,best_sim200,p2_win,0.0,74
2154,best_sim50,best_sim200,best_sim200,best_sim50,p1_win,0.0,75
2155,best_sim50,best_sim200,best_sim200,best_sim50,p1_win,0.0,75
2156,best_sim50,best_sim200,best_sim200,best_sim50,p1_win,0.0,79
2157,best_sim50,best_sim200,best_sim50,best_sim200,p1_win,1.0,77
2158,best_sim50,best_sim200,best_sim200,best_sim50,p1_win,0.0,75
2159,best_sim50,best_sim200,best_sim200,best_sim50,p1_win,0.0,75
2160,best_sim50,best_sim200,best_sim50,best_sim200,p2_win,0.0,84
2161,best_sim50,best_sim200,best_sim200,best_sim50,p1_win,0.0,87
2162,best_sim50,best_sim200,best_sim200,best_sim50,p1_win,0.0,75
2163,best_sim50,best_sim200,best_sim200,best_sim50,p2_win,1.0,80
2164,best_sim50,best_sim200,best_sim200,best_sim50,p1_win,0.0,83
2165,best_sim50,best_sim200,best_sim50,best_sim200,p2_win,0.0,76
2166,best_sim50,best_sim200,best_sim200,best_sim50,p1_win,0.0,77
2167,best_sim50,best_sim200,best_sim200,best_sim50,p1_win,0.0,87
2168,best_sim50,best_sim200,best_sim200,best_sim50,p1_win,0.0,77
2169,best_sim50,best_sim200,best_sim50,best_sim200,p2_win,0.0,86
2170,best_sim50,best_sim200,best_sim50,best_sim200,p2_win,0.0,86
2171,best_sim50,best_sim200,best_sim200,best_sim50,p1_win,0.0,79
2172,best_sim50,best_sim200,best_sim200,best_sim50,p1_win,0.0,79
2173,best_sim50,best_sim200,best_sim200,best_sim50,p1_win,0.0,83
2174,best_sim50,best_sim200,best_sim50,best_sim200,p2_win,0.0,84
2175,best_sim50,best_sim200,best_sim50,best_sim200,p1_win,1.0,79
2176,best_sim50,best_sim200,best_sim200,best_sim50,p1_win,0.0,79
2177,best_sim50,best_sim200,best_sim200,best_sim50,p1_win,0.0,79
2178,best_sim50,best_sim200,best_sim50,best_sim200,p1_win,1.0,83
2179,best_sim50,best_sim200,best_sim200,best_sim50,p2_win,1.0,82
2180,best_sim50,best_sim200,best_sim50,best_sim200,p2_win,0.0,80
2181,best_sim50,best_sim200,best_sim200,best_sim50,p1_win,0.0,81
2182,best_sim50,best_sim200,best_sim200,best_sim50,p1_win,0.0,81
2183,best_sim50,best_sim200,best_sim200,best_sim50,p1_win,0.0,85
2184,best_sim50,best_sim200,best_sim200,best_sim50,p1_win,0.0,85
2185,best_sim50,best_sim200,best_sim200,best_sim50,p1_win,0.0,83
2186,best_sim50,best_sim200,best_sim200,best_sim50,p1_win,0.0,85
2187,best_sim50,best_sim200,best_sim200,best_sim50,p1_win,0.0,85
2188,best_sim50,best_sim200,best_sim200,best_sim50,p1_win,0.0,89
2189,best_sim50,best_sim200,best_sim50,best_sim200,p2_win,0.0,86
2190,best_sim50,best_sim200,best_sim50,best_sim200,p2_win,0.0,90
2191,best_sim50,best_sim200,best_sim200,best_sim50,p1_win,0.0,89
2192,best_sim50,best_sim200,best_sim200,best_sim50,p1_win,0.0,89
2193,best_sim50,best_sim200,best_sim200,best_sim50,p2_win,1.0,98
2194,best_sim50,best_sim200,best_sim200,best_sim50,p1_win,0.0,89
2195,best_sim50,best_sim200,best_sim200,best_sim50,p1_win,0.0,91
2196,best_sim50,best_sim200,best_sim50,best_sim200,p2_win,0.0,98
2197,best_sim50,best_sim200,best_sim200,best_sim50,p1_win,0.0,93
2198,best_sim50,best_sim200,best_sim200,best_sim50,draw,0.5,100
2199,best_sim50,best_sim200,best_sim200,best_sim50,draw,0.5,100
2200,best_sim50,best_sim200,best_sim200,best_sim50,draw,0.5,100
2201,best_sim50,best_sim400,best_sim50,best_sim400,p2_win,0.0,48
2202,best_sim50,best_sim400,best_sim50,best_sim400,p2_win,0.0,52
2203,best_sim50,best_sim400,best_sim400,best_sim50,p1_win,0.0,47
2204,best_sim50,best_sim400,best_sim50,best_sim400,p2_win,0.0,46
2205,best_sim50,best_sim400,best_sim400,best_sim50,p2_win,1.0,54
2206,best_sim50,best_sim400,best_sim50,best_sim400,p2_win,0.0,50
2207,best_sim50,best_sim400,best_sim400,best_sim50,p1_win,0.0,51
2208,best_sim50,best_sim400,best_sim50,best_sim400,p2_win,0.0,48
2209,best_sim50,best_sim400,best_sim400,best_sim50,p1_win,0.0,47
2210,best_sim50,best_sim400,best_sim400,best_sim50,p1_win,0.0,47
2211,best_sim50,best_sim400,best_sim400,best_sim50,p1_win,0.0,47
2212,best_sim50,best_sim400,best_sim50,best_sim400,p2_win,0.0,48
2213,best_sim50,best_sim400,best_sim400,best_sim50,p1_win,0.0,51
2214,best_sim50,best_sim400,best_sim400,best_sim50,p1_win,0.0,57
2215,best_sim50,best_sim400,best_sim400,best_sim50,p1_win,0.0,51
2216,best_sim50,best_sim400,best_sim400,best_sim50,p1_win,0.0,49
2217,best_sim50,best_sim400,best_sim400,best_sim50,p1_win,0.0,51
2218,best_sim50,best_sim400,best_sim400,best_sim50,p1_win,0.0,51
2219,best_sim50,best_sim400,best_sim400,best_sim50,p1_win,0.0,49
2220,best_sim50,best_sim400,best_sim400,best_sim50,p1_win,0.0,49
2221,best_sim50,best_sim400,best_sim400,best_sim50,p1_win,0.0,57
2222,best_sim50,best_sim400,best_sim400,best_sim50,p1_win,0.0,51
2223,best_sim50,best_sim400,best_sim400,best_sim50,p1_win,0.0,59
2224,best_sim50,best_sim400,best_sim400,best_sim50,p1_win,0.0,55
2225,best_sim50,best_sim400,best_sim50,best_sim400,p1_win,1.0,67
2226,best_sim50,best_sim400,best_sim50,best_sim400,p2_win,0.0,54
2227,best_sim50,best_sim400,best_sim50,best_sim400,p2_win,0.0,72
2228,best_sim50,best_sim400,best_sim400,best_sim50,p1_win,0.0,55
2229,best_sim50,best_sim400,best_sim400,best_sim50,p1_win,0.0,55
2230,best_sim50,best_sim400,best_sim400,best_sim50,p1_win,0.0,61
2231,best_sim50,best_sim400,best_sim400,best_sim50,p1_win,0.0,55
2232,best_sim50,best_sim400,best_sim400,best_sim50,p1_win,0.0,55
2233,best_sim50,best_sim400,best_sim400,best_sim50,p1_win,0.0,55
2234,best_sim50,best_sim400,best_sim50,best_sim400,p2_win,0.0,56
2235,best_sim50,best_sim400,best_sim400,best_sim50,p1_win,0.0,55
2236,best_sim50,best_sim400,best_sim400,best_sim50,p1_win,0.0,55
2237,best_sim50,best_sim400,best_sim400,best_sim50,p1_win,0.0,55
2238,best_sim50,best_sim400,best_sim400,best_sim50,p1_win,0.0,55
2239,best_sim50,best_sim400,best_sim50,best_sim400,p1_win,1.0,55
2240,best_sim50,best_sim400,best_sim400,best_sim50,p1_win,0.0,55
2241,best_sim50,best_sim400,best_sim50,best_sim400,p1_win,1.0,65
2242,best_sim50,best_sim400,best_sim400,best_sim50,p1_win,0.0,71
2243,best_sim50,best_sim400,best_sim50,best_sim400,p1_win,1.0,63
2244,best_sim50,best_sim400,best_sim400,best_sim50,p2_win,1.0,66
2245,best_sim50,best_sim400,best_sim400,best_sim50,p1_win,0.0,55
2246,best_sim50,best_sim400,best_sim400,best_sim50,p1_win,0.0,67
2247,best_sim50,best_sim400,best_sim50,best_sim400,p2_win,0.0,64
2248,best_sim50,best_sim400,best_sim50,best_sim400,p2_win,0.0,58
2249,best_sim50,best_sim400,best_sim50,best_sim400,p2_win,0.0,58
2250,best_sim50,best_sim400,best_sim50,best_sim400,p2_win,0.0,64
2251,best_sim50,best_sim400,best_sim50,best_sim400,p2_win,0.0,64
2252,best_sim50,best_sim400,best_sim50,best_sim400,p2_win,0.0,54
2253,best_sim50,best_sim400,best_sim50,best_sim400,p2_win,0.0,64
2254,best_sim50,best_sim400,best_sim50,best_sim400,p2_win,0.0,64
2255,best_sim50,best_sim400,best_sim50,best_sim400,p2_win,0.0,64
2256,best_sim50,best_sim400,best_sim50,best_sim400,p2_win,0.0,64
2257,best_sim50,best_sim400,best_sim50,best_sim400,p2_win,0.0,64
2258,best_sim50,best_sim400,best_sim50,best_sim400,p2_win,0.0,64
2259,best_sim50,best_sim400,best_sim50,best_sim400,p2_win,0.0,54
2260,best_sim50,best_sim400,best_sim50,best_sim400,p2_win,0.0,60
2261,best_sim50,best_sim400,best_sim400,best_sim50,p1_win,0.0,55
2262,best_sim50,best_sim400,best_sim400,best_sim50,p1_win,0.0,57
2263,best_sim50,best_sim400,best_sim50,best_sim400,p2_win,0.0,58
2264,best_sim50,best_sim400,best_sim50,best_sim400,p1_win,1.0,59
2265,best_sim50,best_sim400,best_sim50,best_sim400,p2_win,0.0,62
2266,best_sim50,best_sim400,best_sim50,best_sim400,p2_win,0.0,70
2267,best_sim50,best_sim400,best_sim50,best_sim400,p1_win,1.0,65
2268,best_sim50,best_sim400,best_sim50,best_sim400,p2_win,0.0,58
2269,best_sim50,best_sim400,best_sim50,best_sim400,p2_win,0.0,56
2270,best_sim50,best_sim400,best_sim400,best_sim50,p1_win,0.0,59
2271,best_sim50,best_sim400,best_sim400,best_sim50,p1_win,0.0,61
2272,best_sim50,best_sim400,best_sim50,best_sim400,p2_win,0.0,62
2273,best_sim50,best_sim400,best_sim400,best_sim50,p1_win,0.0,59
2274,best_sim50,best_sim400,best_sim50,best_sim400,p2_win,0.0,60
2275,best_sim50,best_sim400,best_sim400,best_sim50,p1_win,0.0,59
2276,best_sim50,best_sim400,best_sim50,best_sim400,p1_win,1.0,59
2277,best_sim50,best_sim400,best_sim50,best_sim400,p2_win,0.0,60
2278,best_sim50,best_sim400,best_sim400,best_sim50,p1_win,0.0,59
2279,best_sim50,best_sim400,best_sim50,best_sim400,p2_win,0.0,66
2280,best_sim50,best_sim400,best_sim50,best_sim400,p2_win,0.0,60
2281,best_sim50,best_sim400,best_sim50,best_sim400,p2_win,0.0,64
2282,best_sim50,best_sim400,best_sim50,best_sim400,p2_win,0.0,60
2283,best_sim50,best_sim400,best_sim400,best_sim50,p1_win,0.0,67
2284,best_sim50,best_sim400,best_sim400,best_sim50,p1_win,0.0,67
2285,best_sim50,best_sim400,best_sim50,best_sim400,p1_win,1.0,65
2286,best_sim50,best_sim400,best_sim400,best_sim50,p1_win,0.0,67
2287,best_sim50,best_sim400,best_sim400,best_sim50,p1_win,0.0,63
2288,best_sim50,best_sim400,best_sim50,best_sim400,p2_win,0.0,60
2289,best_sim50,best_sim400,best_sim50,best_sim400,p2_win,0.0,62
2290,best_sim50,best_sim400,best_sim400,best_sim50,p1_win,0.0,67
2291,best_sim50,best_sim400,best_sim400,best_sim50,p1_win,0.0,61
2292,best_sim50,best_sim400,best_sim50,best_sim400,p2_win,0.0,68
2293,best_sim50,best_sim400,best_sim400,best_sim50,p1_win,0.0,61
2294,best_sim50,best_sim400,best_sim400,best_sim50,p1_win,0.0,63
2295,best_sim50,best_sim400,best_sim50,best_sim400,p2_win,0.0,62
2296,best_sim50,best_sim400,best_sim50,best_sim400,p2_win,0.0,76
2297,best_sim50,best_sim400,best_sim50,best_sim400,p2_win,0.0,64
2298,best_sim50,best_sim400,best_sim50,best_sim400,p1_win,1.0,63
2299,best_sim50,best_sim400,best_sim50,best_sim400,p2_win,0.0,70
2300,best_sim50,best_sim400,best_sim50,best_sim400,p2_win,0.0,62
2301,best_sim50,best_sim400,best_sim50,best_sim400,p2_win,0.0,66
2302,best_sim50,best_sim400,best_sim50,best_sim400,p2_win,0.0,66
2303,best_sim50,best_sim400,best_sim50,best_sim400,p2_win,0.0,66
2304,best_sim50,best_sim400,best_sim50,best_sim400,p2_win,0.0,66
2305,best_sim50,best_sim400,best_sim50,best_sim400,p2_win,0.0,64
2306,best_sim50,best_sim400,best_sim50,best_sim400,p2_win,0.0,66
2307,best_sim50,best_sim400,best_sim50,best_sim400,p2_win,0.0,62
2308,best_sim50,best_sim400,best_sim50,best_sim400,p2_win,0.0,64
2309,best_sim50,best_sim400,best_sim400,best_sim50,p1_win,0.0,67
2310,best_sim50,best_sim400,best_sim50,best_sim400,p2_win,0.0,66
2311,best_sim50,best_sim400,best_sim400,best_sim50,p1_win,0.0,63
2312,best_sim50,best_sim400,best_sim50,best_sim400,p2_win,0.0,64
2313,best_sim50,best_sim400,best_sim400,best_sim50,p1_win,0.0,63
2314,best_sim50,best_sim400,best_sim400,best_sim50,p1_win,0.0,63
2315,best_sim50,best_sim400,best_sim50,best_sim400,p2_win,0.0,64
2316,best_sim50,best_sim400,best_sim50,best_sim400,p2_win,0.0,72
2317,best_sim50,best_sim400,best_sim50,best_sim400,p2_win,0.0,76
2318,best_sim50,best_sim400,best_sim50,best_sim400,p2_win,0.0,70
2319,best_sim50,best_sim400,best_sim50,best_sim400,p2_win,0.0,68
2320,best_sim50,best_sim400,best_sim400,best_sim50,p1_win,0.0,67
2321,best_sim50,best_sim400,best_sim400,best_sim50,p1_win,0.0,67
2322,best_sim50,best_sim400,best_sim400,best_sim50,p1_win,0.0,65
2323,best_sim50,best_sim400,best_sim50,best_sim400,p2_win,0.0,66
2324,best_sim50,best_sim400,best_sim50,best_sim400,p1_win,1.0,65
2325,best_sim50,best_sim400,best_sim400,best_sim50,p1_win,0.0,67
2326,best_sim50,best_sim400,best_sim50,best_sim400,p2_win,0.0,68
2327,best_sim50,best_sim400,best_sim400,best_sim50,p1_win,0.0,69
2328,best_sim50,best_sim400,best_sim400,best_sim50,p1_win,0.0,65
2329,best_sim50,best_sim400,best_sim400,best_sim50,p1_win,0.0,67
2330,best_sim50,best_sim400,best_sim50,best_sim400,p2_win,0.0,76
2331,best_sim50,best_sim400,best_sim50,best_sim400,p2_win,0.0,68
2332,best_sim50,best_sim400,best_sim50,best_sim400,p2_win,0.0,74
2333,best_sim50,best_sim400,best_sim50,best_sim400,p2_win,0.0,68
2334,best_sim50,best_sim400,best_sim400,best_sim50,p1_win,0.0,69
2335,best_sim50,best_sim400,best_sim400,best_sim50,p1_win,0.0,71
2336,best_sim50,best_sim400,best_sim400,best_sim50,p1_win,0.0,67
2337,best_sim50,best_sim400,best_sim50,best_sim400,p2_win,0.0,72
2338,best_sim50,best_sim400,best_sim50,best_sim400,p2_win,0.0,72
2339,best_sim50,best_sim400,best_sim400,best_sim50,p1_win,0.0,69
2340,best_sim50,best_sim400,best_sim50,best_sim400,p2_win,0.0,76
2341,best_sim50,best_sim400,best_sim50,best_sim400,p1_win,1.0,75
2342,best_sim50,best_sim400,best_sim400,best_sim50,p1_win,0.0,71
2343,best_sim50,best_sim400,best_sim50,best_sim400,p2_win,0.0,70
2344,best_sim50,best_sim400,best_sim50,best_sim400,p2_win,0.0,76
2345,best_sim50,best_sim400,best_sim400,best_sim50,p1_win,0.0,75
2346,best_sim50,best_sim400,best_sim400,best_sim50,p1_win,0.0,71
2347,best_sim50,best_sim400,best_sim400,best_sim50,p1_win,0.0,71
2348,best_sim50,best_sim400,best_sim50,best_sim400,p2_win,0.0,82
2349,best_sim50,best_sim400,best_sim400,best_sim50,p1_win,0.0,69
2350,best_sim50,best_sim400,best_sim50,best_sim400,p2_win,0.0,72
2351,best_sim50,best_sim400,best_sim50,best_sim400,p1_win,1.0,73
2352,best_sim50,best_sim400,best_sim50,best_sim400,p1_win,1.0,73
2353,best_sim50,best_sim400,best_sim50,best_sim400,p2_win,0.0,72
2354,best_sim50,best_sim400,best_sim400,best_sim50,p1_win,0.0,79
2355,best_sim50,best_sim400,best_sim50,best_sim400,p2_win,0.0,74
2356,best_sim50,best_sim400,best_sim50,best_sim400,p2_win,0.0,74
2357,best_sim50,best_sim400,best_sim50,best_sim400,p2_win,0.0,72
2358,best_sim50,best_sim400,best_sim400,best_sim50,p1_win,0.0,75
2359,best_sim50,best_sim400,best_sim50,best_sim400,p1_win,1.0,77
2360,best_sim50,best_sim400,best_sim50,best_sim400,p2_win,0.0,74
2361,best_sim50,best_sim400,best_sim400,best_sim50,p1_win,0.0,75
2362,best_sim50,best_sim400,best_sim50,best_sim400,p2_win,0.0,76
2363,best_sim50,best_sim400,best_sim400,best_sim50,p2_win,1.0,84
2364,best_sim50,best_sim400,best_sim50,best_sim400,p2_win,0.0,76
2365,best_sim50,best_sim400,best_sim50,best_sim400,p1_win,1.0,75
2366,best_sim50,best_sim400,best_sim400,best_sim50,p1_win,0.0,75
2367,best_sim50,best_sim400,best_sim50,best_sim400,p2_win,0.0,76
2368,best_sim50,best_sim400,best_sim400,best_sim50,p1_win,0.0,77
2369,best_sim50,best_sim400,best_sim400,best_sim50,p1_win,0.0,83
2370,best_sim50,best_sim400,best_sim400,best_sim50,p1_win,0.0,77
2371,best_sim50,best_sim400,best_sim400,best_sim50,p1_win,0.0,85
2372,best_sim50,best_sim400,best_sim50,best_sim400,p2_win,0.0,80
2373,best_sim50,best_sim400,best_sim400,best_sim50,p2_win,1.0,86
2374,best_sim50,best_sim400,best_sim400,best_sim50,p1_win,0.0,77
2375,best_sim50,best_sim400,best_sim400,best_sim50,p2_win,1.0,86
2376,best_sim50,best_sim400,best_sim400,best_sim50,p1_win,0.0,81
2377,best_sim50,best_sim400,best_sim50,best_sim400,p2_win,0.0,84
2378,best_sim50,best_sim400,best_sim50,best_sim400,p2_win,0.0,84
2379,best_sim50,best_sim400,best_sim400,best_sim50,p1_win,0.0,79
2380,best_sim50,best_sim400,best_sim400,best_sim50,p1_win,0.0,79
2381,best_sim50,best_sim400,best_sim400,best_sim50,p1_win,0.0,79
2382,best_sim50,best_sim400,best_sim50,best_sim400,p2_win,0.0,84
2383,best_sim50,best_sim400,best_sim400,best_sim50,p1_win,0.0,85
2384,best_sim50,best_sim400,best_sim400,best_sim50,p1_win,0.0,83
2385,best_sim50,best_sim400,best_sim400,best_sim50,p1_win,0.0,79
2386,best_sim50,best_sim400,best_sim400,best_sim50,p2_win,1.0,82
2387,best_sim50,best_sim400,best_sim400,best_sim50,p1_win,0.0,85
2388,best_sim50,best_sim400,best_sim400,best_sim50,p1_win,0.0,81
2389,best_sim50,best_sim400,best_sim400,best_sim50,p1_win,0.0,81
2390,best_sim50,best_sim400,best_sim400,best_sim50,p1_win,0.0,85
2391,best_sim50,best_sim400,best_sim400,best_sim50,p1_win,0.0,83
2392,best_sim50,best_sim400,best_sim400,best_sim50,p1_win,0.0,87
2393,best_sim50,best_sim400,best_sim400,best_sim50,p1_win,0.0,87
2394,best_sim50,best_sim400,best_sim400,best_sim50,p1_win,0.0,87
2395,best_sim50,best_sim400,best_sim400,best_sim50,p1_win,0.0,93
2396,best_sim50,best_sim400,best_sim400,best_sim50,p1_win,0.0,91
2397,best_sim50,best_sim400,best_sim50,best_sim400,p2_win,0.0,100
2398,best_sim50,best_sim400,best_sim400,best_sim50,p1_win,0.0,89
2399,best_sim50,best_sim400,best_sim400,best_sim50,p1_win,0.0,99
2400,best_sim50,best_sim400,best_sim50,best_sim400,draw,0.5,100
2401,best_sim100,best_sim200,best_sim100,best_sim200,p1_win,1.0,47
2402,best_sim100,best_sim200,best_sim200,best_sim100,p2_win,1.0,62
2403,best_sim100,best_sim200,best_sim200,best_sim100,p2_win,1.0,48
2404,best_sim100,best_sim200,best_sim100,best_sim200,p2_win,0.0,42
2405,best_sim100,best_sim200,best_sim100,best_sim200,p2_win,0.0,54
2406,best_sim100,best_sim200,best_sim200,best_sim100,p1_win,0.0,47
2407,best_sim100,best_sim200,best_sim100,best_sim200,p2_win,0.0,44
2408,best_sim100,best_sim200,best_sim100,best_sim200,p2_win,0.0,48
2409,best_sim100,best_sim200,best_sim200,best_sim100,p2_win,1.0,48
2410,best_sim100,best_sim200,best_sim100,best_sim200,p2_win,0.0,48
2411,best_sim100,best_sim200,best_sim100,best_sim200,p1_win,1.0,57
2412,best_sim100,best_sim200,best_sim100,best_sim200,p2_win,0.0,52
2413,best_sim100,best_sim200,best_sim200,best_sim100,p1_win,0.0,49
2414,best_sim100,best_sim200,best_sim200,best_sim100,p1_win,0.0,49
2415,best_sim100,best_sim200,best_sim200,best_sim100,p1_win,0.0,49
2416,best_sim100,best_sim200,best_sim200,best_sim100,p1_win,0.0,49
2417,best_sim100,best_sim200,best_sim100,best_sim200,p2_win,0.0,60
2418,best_sim100,best_sim200,best_sim100,best_sim200,p1_win,1.0,63
2419,best_sim100,best_sim200,best_sim200,best_sim100,p2_win,1.0,52
2420,best_sim100,best_sim200,best_sim200,best_sim100,p1_win,0.0,51
2421,best_sim100,best_sim200,best_sim100,best_sim200,p2_win,0.0,60
2422,best_sim100,best_sim200,best_sim100,best_sim200,p1_win,1.0,59
2423,best_sim100,best_sim200,best_sim100,best_sim200,p2_win,0.0,52
2424,best_sim100,best_sim200,best_sim100,best_sim200,p2_win,0.0,58
2425,best_sim100,best_sim200,best_sim100,best_sim200,p2_win,0.0,50
2426,best_sim100,best_sim200,best_sim200,best_sim100,p1_win,0.0,53
2427,best_sim100,best_sim200,best_sim100,best_sim200,p1_win,1.0,53
2428,best_sim100,best_sim200,best_sim200,best_sim100,p1_win,0.0,55
2429,best_sim100,best_sim200,best_sim100,best_sim200,p2_win,0.0,68
2430,best_sim100,best_sim200,best_sim200,best_sim100,p1_win,0.0,59
2431,best_sim100,best_sim200,best_sim200,best_sim100,p2_win,1.0,64
2432,best_sim100,best_sim200,best_sim100,best_sim200,p2_win,0.0,64
2433,best_sim100,best_sim200,best_sim200,best_sim100,p1_win,0.0,55
2434,best_sim100,best_sim200,best_sim100,best_sim200,p2_win,0.0,54
2435,best_sim100,best_sim200,best_sim100,best_sim200,p2_win,0.0,56
2436,best_sim100,best_sim200,best_sim100,best_sim200,p2_win,0.0,64
2437,best_sim100,best_sim200,best_sim100,best_sim200,p1_win,1.0,55
2438,best_sim100,best_sim200,best_sim200,best_sim100,p1_win,0.0,67
2439,best_sim100,best_sim200,best_sim200,best_sim100,p1_win,0.0,61
2440,best_sim100,best_sim200,best_sim100,best_sim200,p1_win,1.0,59
2441,best_sim100,best_sim200,best_sim100,best_sim200,p2_win,0.0,60
2442,best_sim100,best_sim200,best_sim200,best_sim100,p1_win,0.0,59
2443,best_sim100,best_sim200,best_sim200,best_sim100,p1_win,0.0,61
2444,best_sim100,best_sim200,best_sim100,best_sim200,p2_win,0.0,60
2445,best_sim100,best_sim200,best_sim100,best_sim200,p2_win,0.0,58
2446,best_sim100,best_sim200,best_sim100,best_sim200,p1_win,1.0,67
2447,best_sim100,best_sim200,best_sim100,best_sim200,p1_win,1.0,67
2448,best_sim100,best_sim200,best_sim200,best_sim100,p1_win,0.0,59
2449,best_sim100,best_sim200,best_sim100,best_sim200,p2_win,0.0,68
2450,best_sim100,best_sim200,best_sim100,best_sim200,p1_win,1.0,65
2451,best_sim100,best_sim200,best_sim100,best_sim200,p2_win,0.0,58
2452,best_sim100,best_sim200,best_sim200,best_sim100,p1_win,0.0,59
2453,best_sim100,best_sim200,best_sim200,best_sim100,p1_win,0.0,67
2454,best_sim100,best_sim200,best_sim100,best_sim200,p2_win,0.0,60
2455,best_sim100,best_sim200,best_sim200,best_sim100,p1_win,0.0,59
2456,best_sim100,best_sim200,best_sim200,best_sim100,p1_win,0.0,59
2457,best_sim100,best_sim200,best_sim100,best_sim200,p2_win,0.0,72
2458,best_sim100,best_sim200,best_sim100,best_sim200,p1_win,1.0,63
2459,best_sim100,best_sim200,best_sim200,best_sim100,p1_win,0.0,61
2460,best_sim100,best_sim200,best_sim100,best_sim200,p2_win,0.0,64
2461,best_sim100,best_sim200,best_sim200,best_sim100,p1_win,0.0,61
2462,best_sim100,best_sim200,best_sim100,best_sim200,p1_win,1.0,59
2463,best_sim100,best_sim200,best_sim100,best_sim200,p2_win,0.0,64
2464,best_sim100,best_sim200,best_sim100,best_sim200,p2_win,0.0,64
2465,best_sim100,best_sim200,best_sim100,best_sim200,p2_win,0.0,72
2466,best_sim100,best_sim200,best_sim200,best_sim100,p1_win,0.0,63
2467,best_sim100,best_sim200,best_sim100,best_sim200,p2_win,0.0,64
2468,best_sim100,best_sim200,best_sim200,best_sim100,p1_win,0.0,67
2469,best_sim100,best_sim200,best_sim200,best_sim100,p1_win,0.0,65
2470,best_sim100,best_sim200,best_sim200,best_sim100,p1_win,0.0,63
2471,best_sim100,best_sim200,best_sim200,best_sim100,p2_win,1.0,68
2472,best_sim100,best_sim200,best_sim100,best_sim200,p2_win,0.0,64
2473,best_sim100,best_sim200,best_sim100,best_sim200,p2_win,0.0,64
2474,best_sim100,best_sim200,best_sim200,best_sim100,p1_win,0.0,65
2475,best_sim100,best_sim200,best_sim100,best_sim200,p1_win,1.0,71
2476,best_sim100,best_sim200,best_sim100,best_sim200,p1_win,1.0,71
2477,best_sim100,best_sim200,best_sim100,best_sim200,p2_win,0.0,64
2478,best_sim100,best_sim200,best_sim100,best_sim200,p2_win,0.0,68
2479,best_sim100,best_sim200,best_sim100,best_sim200,p1_win,1.0,65
2480,best_sim100,best_sim200,best_sim100,best_sim200,p2_win,0.0,66
2481,best_sim100,best_sim200,best_sim200,best_sim100,p1_win,0.0,63
2482,best_sim100,best_sim200,best_sim200,best_sim100,p1_win,0.0,63
2483,best_sim100,best_sim200,best_sim200,best_sim100,p1_win,0.0,63
2484,best_sim100,best_sim200,best_sim200,best_sim100,p1_win,0.0,65
2485,best_sim100,best_sim200,best_sim200,best_sim100,p1_win,0.0,63
2486,best_sim100,best_sim200,best_sim100,best_sim200,p1_win,1.0,65
2487,best_sim100,best_sim200,best_sim200,best_sim100,p1_win,0.0,65
2488,best_sim100,best_sim200,best_sim100,best_sim200,p2_win,0.0,68
2489,best_sim100,best_sim200,best_sim200,best_sim100,p1_win,0.0,63
2490,best_sim100,best_sim200,best_sim100,best_sim200,p2_win,0.0,72
2491,best_sim100,best_sim200,best_sim100,best_sim200,p2_win,0.0,64
2492,best_sim100,best_sim200,best_sim100,best_sim200,p1_win,1.0,75
2493,best_sim100,best_sim200,best_sim100,best_sim200,p1_win,1.0,75
2494,best_sim100,best_sim200,best_sim100,best_sim200,p1_win,1.0,75
2495,best_sim100,best_sim200,best_sim100,best_sim200,p1_win,1.0,75
2496,best_sim100,best_sim200,best_sim100,best_sim200,p2_win,0.0,76
2497,best_sim100,best_sim200,best_sim200,best_sim100,p1_win,0.0,65
2498,best_sim100,best_sim200,best_sim200,best_sim100,p1_win,0.0,67
2499,best_sim100,best_sim200,best_sim200,best_sim100,p1_win,0.0,65
2500,best_sim100,best_sim200,best_sim200,best_sim100,p1_win,0.0,65
2501,best_sim100,best_sim200,best_sim200,best_sim100,p1_win,0.0,67
2502,best_sim100,best_sim200,best_sim100,best_sim200,p1_win,1.0,69
2503,best_sim100,best_sim200,best_sim200,best_sim100,p1_win,0.0,71
2504,best_sim100,best_sim200,best_sim200,best_sim100,p1_win,0.0,67
2505,best_sim100,best_sim200,best_sim200,best_sim100,p1_win,0.0,73
2506,best_sim100,best_sim200,best_sim200,best_sim100,p1_win,0.0,67
2507,best_sim100,best_sim200,best_sim100,best_sim200,p1_win,1.0,69
2508,best_sim100,best_sim200,best_sim200,best_sim100,p1_win,0.0,69
2509,best_sim100,best_sim200,best_sim200,best_sim100,p1_win,0.0,69
2510,best_sim100,best_sim200,best_sim200,best_sim100,p1_win,0.0,67
2511,best_sim100,best_sim200,best_sim100,best_sim200,p2_win,0.0,72
2512,best_sim100,best_sim200,best_sim200,best_sim100,p1_win,0.0,67
2513,best_sim100,best_sim200,best_sim200,best_sim100,p1_win,0.0,71
2514,best_sim100,best_sim200,best_sim100,best_sim200,p1_win,1.0,67
2515,best_sim100,best_sim200,best_sim100,best_sim200,p1_win,1.0,67
2516,best_sim100,best_sim200,best_sim200,best_sim100,p1_win,0.0,69
2517,best_sim100,best_sim200,best_sim100,best_sim200,p2_win,0.0,74
2518,best_sim100,best_sim200,best_sim100,best_sim200,p2_win,0.0,74
2519,best_sim100,best_sim200,best_sim100,best_sim200,p2_win,0.0,68
2520,best_sim100,best_sim200,best_sim100,best_sim200,p1_win,1.0,75
2521,best_sim100,best_sim200,best_sim100,best_sim200,p2_win,0.0,68
2522,best_sim100,best_sim200,best_sim100,best_sim200,p2_win,0.0,72
2523,best_sim100,best_sim200,best_sim200,best_sim100,p1_win,0.0,69
2524,best_sim100,best_sim200,best_sim100,best_sim200,p2_win,0.0,72
2525,best_sim100,best_sim200,best_sim200,best_sim100,p1_win,0.0,71
2526,best_sim100,best_sim200,best_sim200,best_sim100,p1_win,0.0,69
2527,best_sim100,best_sim200,best_sim100,best_sim200,p2_win,0.0,78
2528,best_sim100,best_sim200,best_sim100,best_sim200,p1_win,1.0,75
2529,best_sim100,best_sim200,best_sim100,best_sim200,p2_win,0.0,72
2530,best_sim100,best_sim200,best_sim100,best_sim200,p2_win,0.0,78
2531,best_sim100,best_sim200,best_sim200,best_sim100,p1_win,0.0,71
2532,best_sim100,best_sim200,best_sim100,best_sim200,p2_win,0.0,74
2533,best_sim100,best_sim200,best_sim200,best_sim100,p1_win,0.0,71
2534,best_sim100,best_sim200,best_sim200,best_sim100,p1_win,0.0,79
2535,best_sim100,best_sim200,best_sim200,best_sim100,p1_win,0.0,73
2536,best_sim100,best_sim200,best_sim200,best_sim100,p1_win,0.0,75
2537,best_sim100,best_sim200,best_sim200,best_sim100,p1_win,0.0,73
2538,best_sim100,best_sim200,best_sim200,best_sim100,p1_win,0.0,71
2539,best_sim100,best_sim200,best_sim100,best_sim200,p1_win,1.0,73
2540,best_sim100,best_sim200,best_sim100,best_sim200,p2_win,0.0,74
2541,best_sim100,best_sim200,best_sim100,best_sim200,p1_win,1.0,77
2542,best_sim100,best_sim200,best_sim100,best_sim200,p1_win,1.0,73
2543,best_sim100,best_sim200,best_sim100,best_sim200,p2_win,0.0,72
2544,best_sim100,best_sim200,best_sim100,best_sim200,p2_win,0.0,74
2545,best_sim100,best_sim200,best_sim200,best_sim100,p2_win,1.0,76
2546,best_sim100,best_sim200,best_sim200,best_sim100,p2_win,1.0,78
2547,best_sim100,best_sim200,best_sim200,best_sim100,p1_win,0.0,77
2548,best_sim100,best_sim200,best_sim100,best_sim200,p2_win,0.0,80
2549,best_sim100,best_sim200,best_sim100,best_sim200,p2_win,0.0,84
2550,best_sim100,best_sim200,best_sim100,best_sim200,p1_win,1.0,77
2551,best_sim100,best_sim200,best_sim200,best_sim100,p1_win,0.0,73
2552,best_sim100,best_sim200,best_sim200,best_sim100,p1_win,0.0,75
2553,best_sim100,best_sim200,best_sim200,best_sim100,p1_win,0.0,79
2554,best_sim100,best_sim200,best_sim100,best_sim200,p2_win,0.0,76
2555,best_sim100,best_sim200,best_sim200,best_sim100,p1_win,0.0,77
2556,best_sim100,best_sim200,best_sim100,best_sim200,p1_win,1.0,75
2557,best_sim100,best_sim200,best_sim200,best_sim100,p2_win,1.0,78
2558,best_sim100,best_sim200,best_sim100,best_sim200,p1_win,1.0,77
2559,best_sim100,best_sim200,best_sim100,best_sim200,p2_win,0.0,84
2560,best_sim100,best_sim200,best_sim100,best_sim200,p1_win,1.0,75
2561,best_sim100,best_sim200,best_sim200,best_sim100,p2_win,1.0,78
2562,best_sim100,best_sim200,best_sim200,best_sim100,p1_win,0.0,77
2563,best_sim100,best_sim200,best_sim200,best_sim100,p1_win,0.0,77
2564,best_sim100,best_sim200,best_sim200,best_sim100,p1_win,0.0,75
2565,best_sim100,best_sim200,best_sim200,best_sim100,p1_win,0.0,79
2566,best_sim100,best_sim200,best_sim100,best_sim200,p2_win,0.0,80
2567,best_sim100,best_sim200,best_sim100,best_sim200,p1_win,1.0,83
2568,best_sim100,best_sim200,best_sim100,best_sim200,p2_win,0.0,86
2569,best_sim100,best_sim200,best_sim100,best_sim200,p2_win,0.0,86
2570,best_sim100,best_sim200,best_sim100,best_sim200,p2_win,0.0,86
2571,best_sim100,best_sim200,best_sim200,best_sim100,p1_win,0.0,79
2572,best_sim100,best_sim200,best_sim100,best_sim200,p2_win,0.0,84
2573,best_sim100,best_sim200,best_sim200,best_sim100,p1_win,0.0,79
2574,best_sim100,best_sim200,best_sim200,best_sim100,p2_win,1.0,82
2575,best_sim100,best_sim200,best_sim200,best_sim100,p1_win,0.0,87
2576,best_sim100,best_sim200,best_sim100,best_sim200,p2_win,0.0,86
2577,best_sim100,best_sim200,best_sim200,best_sim100,p1_win,0.0,83
2578,best_sim100,best_sim200,best_sim100,best_sim200,p2_win,0.0,82
2579,best_sim100,best_sim200,best_sim200,best_sim100,p1_win,0.0,83
2580,best_sim100,best_sim200,best_sim200,best_sim100,p1_win,0.0,81
2581,best_sim100,best_sim200,best_sim200,best_sim100,p1_win,0.0,87
2582,best_sim100,best_sim200,best_sim100,best_sim200,p2_win,0.0,90
2583,best_sim100,best_sim200,best_sim200,best_sim100,p1_win,0.0,85
2584,best_sim100,best_sim200,best_sim200,best_sim100,p1_win,0.0,87
2585,best_sim100,best_sim200,best_sim100,best_sim200,p2_win,0.0,86
2586,best_sim100,best_sim200,best_sim100,best_sim200,p2_win,0.0,84
2587,best_sim100,best_sim200,best_sim200,best_sim100,p1_win,0.0,85
2588,best_sim100,best_sim200,best_sim200,best_sim100,p1_win,0.0,87
2589,best_sim100,best_sim200,best_sim100,best_sim200,p1_win,1.0,89
2590,best_sim100,best_sim200,best_sim200,best_sim100,p2_win,1.0,94
2591,best_sim100,best_sim200,best_sim200,best_sim100,p1_win,0.0,89
2592,best_sim100,best_sim200,best_sim200,best_sim100,p1_win,0.0,89
2593,best_sim100,best_sim200,best_sim200,best_sim100,p1_win,0.0,93
2594,best_sim100,best_sim200,best_sim200,best_sim100,p2_win,1.0,96
2595,best_sim100,best_sim200,best_sim200,best_sim100,p1_win,0.0,95
2596,best_sim100,best_sim200,best_sim200,best_sim100,p1_win,0.0,95
2597,best_sim100,best_sim200,best_sim200,best_sim100,p1_win,0.0,99
2598,best_sim100,best_sim200,best_sim200,best_sim100,draw,0.5,100
2599,best_sim100,best_sim200,best_sim200,best_sim100,draw,0.5,100
2600,best_sim100,best_sim200,best_sim200,best_sim100,draw,0.5,100
2601,best_sim100,best_sim400,best_sim100,best_sim400,p2_win,0.0,42
2602,best_sim100,best_sim400,best_sim400,best_sim100,p1_win,0.0,47
2603,best_sim100,best_sim400,best_sim400,best_sim100,p1_win,0.0,47
2604,best_sim100,best_sim400,best_sim100,best_sim400,p2_win,0.0,46
2605,best_sim100,best_sim400,best_sim400,best_sim100,p1_win,0.0,47
2606,best_sim100,best_sim400,best_sim100,best_sim400,p2_win,0.0,48
2607,best_sim100,best_sim400,best_sim400,best_sim100,p1_win,0.0,47
2608,best_sim100,best_sim400,best_sim400,best_sim100,p1_win,0.0,47
2609,best_sim100,best_sim400,best_sim400,best_sim100,p1_win,0.0,47
2610,best_sim100,best_sim400,best_sim400,best_sim100,p1_win,0.0,47
2611,best_sim100,best_sim400,best_sim100,best_sim400,p2_win,0.0,62
2612,best_sim100,best_sim400,best_sim100,best_sim400,p2_win,0.0,48
2613,best_sim100,best_sim400,best_sim400,best_sim100,p1_win,0.0,51
2614,best_sim100,best_sim400,best_sim100,best_sim400,p2_win,0.0,60
2615,best_sim100,best_sim400,best_sim400,best_sim100,p1_win,0.0,49
2616,best_sim100,best_sim400,best_sim400,best_sim100,p1_win,0.0,49
2617,best_sim100,best_sim400,best_sim400,best_sim100,p1_win,0.0,49
2618,best_sim100,best_sim400,best_sim400,best_sim100,p1_win,0.0,51
2619,best_sim100,best_sim400,best_sim400,best_sim100,p1_win,0.0,51
2620,best_sim100,best_sim400,best_sim400,best_sim100,p1_win,0.0,49
2621,best_sim100,best_sim400,best_sim400,best_sim100,p1_win,0.0,49
2622,best_sim100,best_sim400,best_sim400,best_sim100,p1_win,0.0,49
2623,best_sim100,best_sim400,best_sim100,best_sim400,p2_win,0.0,50
2624,best_sim100,best_sim400,best_sim100,best_sim400,p2_win,0.0,52
2625,best_sim100,best_sim400,best_sim100,best_sim400,p2_win,0.0,52
2626,best_sim100,best_sim400,best_sim100,best_sim400,p1_win,1.0,59
2627,best_sim100,best_sim400,best_sim400,best_sim100,p2_win,1.0,66
2628,best_sim100,best_sim400,best_sim100,best_sim400,p2_win,0.0,52
2629,best_sim100,best_sim400,best_sim100,best_sim400,p2_win,0.0,60
2630,best_sim100,best_sim400,best_sim400,best_sim100,p2_win,1.0,62
2631,best_sim100,best_sim400,best_sim100,best_sim400,p2_win,0.0,58
2632,best_sim100,best_sim400,best_sim400,best_sim100,p1_win,0.0,53
2633,best_sim100,best_sim400,best_sim100,best_sim400,p2_win,0.0,52
2634,best_sim100,best_sim400,best_sim100,best_sim400,p2_win,0.0,54
2635,best_sim100,best_sim400,best_sim100,best_sim400,p1_win,1.0,53
2636,best_sim100,best_sim400,best_sim100,best_sim400,p2_win,0.0,60
2637,best_sim100,best_sim400,best_sim400,best_sim100,p1_win,0.0,53
2638,best_sim100,best_sim400,best_sim100,best_sim400,p1_win,1.0,55
2639,best_sim100,best_sim400,best_sim400,best_sim100,p1_win,0.0,55
2640,best_sim100,best_sim400,best_sim400,best_sim100,p1_win,0.0,55
2641,best_sim100,best_sim400,best_sim400,best_sim100,p1_win,0.0,55
2642,best_sim100,best_sim400,best_sim400,best_sim100,p1_win,0.0,55
2643,best_sim100,best_sim400,best_sim100,best_sim400,p1_win,1.0,65
2644,best_sim100,best_sim400,best_sim100,best_sim400,p1_win,1.0,55
2645,best_sim100,best_sim400,best_sim400,best_sim100,p1_win,0.0,59
2646,best_sim100,best_sim400,best_sim100,best_sim400,p2_win,0.0,54
2647,best_sim100,best_sim400,best_sim100,best_sim400,p2_win,0.0,54
2648,best_sim100,best_sim400,best_sim100,best_sim400,p2_win,0.0,64
2649,best_sim100,best_sim400,best_sim100,best_sim400,p2_win,0.0,64
2650,best_sim100,best_sim400,best_sim100,best_sim400,p2_win,0.0,64
2651,best_sim100,best_sim400,best_sim100,best_sim400,p1_win,1.0,55
2652,best_sim100,best_sim400,best_sim400,best_sim100,p1_win,0.0,55
2653,best_sim100,best_sim400,best_sim400,best_sim100,p1_win,0.0,67
2654,best_sim100,best_sim400,best_sim100,best_sim400,p2_win,0.0,56
2655,best_sim100,best_sim400,best_sim100,best_sim400,p2_win,0.0,60
2656,best_sim100,best_sim400,best_sim100,best_sim400,p1_win,1.0,59
2657,best_sim100,best_sim400,best_sim400,best_sim100,p1_win,0.0,61
2658,best_sim100,best_sim400,best_sim400,best_sim100,p1_win,0.0,65
2659,best_sim100,best_sim400,best_sim100,best_sim400,p2_win,0.0,56
2660,best_sim100,best_sim400,best_sim100,best_sim400,p1_win,1.0,57
2661,best_sim100,best_sim400,best_sim100,best_sim400,p1_win,1.0,65
2662,best_sim100,best_sim400,best_sim400,best_sim100,p1_win,0.0,59
2663,best_sim100,best_sim400,best_sim100,best_sim400,p2_win,0.0,58
2664,best_sim100,best_sim400,best_sim400,best_sim100,p1_win,0.0,59
2665,best_sim100,best_sim400,best_sim100,best_sim400,p2_win,0.0,62
2666,best_sim100,best_sim400,best_sim400,best_sim100,p1_win,0.0,59
2667,best_sim100,best_sim400,best_sim100,best_sim400,p2_win,0.0,60
2668,best_sim100,best_sim400,best_sim100,best_sim400,p2_win,0.0,58
2669,best_sim100,best_sim400,best_sim100,best_sim400,p2_win,0.0,60
2670,best_sim100,best_sim400,best_sim100,best_sim400,p1_win,1.0,63
2671,best_sim100,best_sim400,best_sim100,best_sim400,p1_win,1.0,59
2672,best_sim100,best_sim400,best_sim400,best_sim100,p1_win,0.0,59
2673,best_sim100,best_sim400,best_sim100,best_sim400,p2_win,0.0,60
2674,best_sim100,best_sim400,best_sim100,best_sim400,p1_win,1.0,61
2675,best_sim100,best_sim400,best_sim100,best_sim400,p1_win,1.0,65
2676,best_sim100,best_sim400,best_sim100,best_sim400,p2_win,0.0,60
2677,best_sim100,best_sim400,best_sim100,best_sim400,p2_win,0.0,60
2678,best_sim100,best_sim400,best_sim400,best_sim100,p1_win,0.0,63
2679,best_sim100,best_sim400,best_sim400,best_sim100,p1_win,0.0,67
2680,best_sim100,best_sim400,best_sim100,best_sim400,p2_win,0.0,66
2681,best_sim100,best_sim400,best_sim100,best_sim400,p2_win,0.0,66
2682,best_sim100,best_sim400,best_sim400,best_sim100,p1_win,0.0,61
2683,best_sim100,best_sim400,best_sim400,best_sim100,p1_win,0.0,59
2684,best_sim100,best_sim400,best_sim400,best_sim100,p1_win,0.0,61
2685,best_sim100,best_sim400,best_sim400,best_sim100,p1_win,0.0,63
2686,best_sim100,best_sim400,best_sim400,best_sim100,p1_win,0.0,63
2687,best_sim100,best_sim400,best_sim400,best_sim100,p1_win,0.0,61
2688,best_sim100,best_sim400,best_sim400,best_sim100,p1_win,0.0,63
2689,best_sim100,best_sim400,best_sim100,best_sim400,p2_win,0.0,66
2690,best_sim100,best_sim400,best_sim100,best_sim400,p2_win,0.0,62
2691,best_sim100,best_sim400,best_sim400,best_sim100,p1_win,0.0,63
2692,best_sim100,best_sim400,best_sim100,best_sim400,p1_win,1.0,61
2693,best_sim100,best_sim400,best_sim100,best_sim400,p2_win,0.0,68
2694,best_sim100,best_sim400,best_sim400,best_sim100,p1_win,0.0,67
2695,best_sim100,best_sim400,best_sim400,best_sim100,p1_win,0.0,67
2696,best_sim100,best_sim400,best_sim400,best_sim100,p1_win,0.0,63
2697,best_sim100,best_sim400,best_sim400,best_sim100,p1_win,0.0,67
2698,best_sim100,best_sim400,best_sim100,best_sim400,p1_win,1.0,63
2699,best_sim100,best_sim400,best_sim100,best_sim400,p2_win,0.0,76
2700,best_sim100,best_sim400,best_sim100,best_sim400,p2_win,0.0,62
2701,best_sim100,best_sim400,best_sim100,best_sim400,p1_win,1.0,63
2702,best_sim100,best_sim400,best_sim100,best_sim400,p2_win,0.0,62
2703,best_sim100,best_sim400,best_sim400,best_sim100,p1_win,0.0,65
2704,best_sim100,best_sim400,best_sim100,best_sim400,p2_win,0.0,70
2705,best_sim100,best_sim400,best_sim400,best_sim100,p1_win,0.0,67
2706,best_sim100,best_sim400,best_sim100,best_sim400,p2_win,0.0,76
2707,best_sim100,best_sim400,best_sim100,best_sim400,p2_win,0.0,76
2708,best_sim100,best_sim400,best_sim100,best_sim400,p2_win,0.0,76
2709,best_sim100,best_sim400,best_sim100,best_sim400,p2_win,0.0,76
2710,best_sim100,best_sim400,best_sim400,best_sim100,p1_win,0.0,67
2711,best_sim100,best_sim400,best_sim100,best_sim400,p2_win,0.0,76
2712,best_sim100,best_sim400,best_sim100,best_sim400,p2_win,0.0,68
2713,best_sim100,best_sim400,best_sim400,best_sim100,p1_win,0.0,67
2714,best_sim100,best_sim400,best_sim400,best_sim100,p1_win,0.0,65
2715,best_sim100,best_sim400,best_sim400,best_sim100,p1_win,0.0,65
2716,best_sim100,best_sim400,best_sim400,best_sim100,p1_win,0.0,67
2717,best_sim100,best_sim400,best_sim100,best_sim400,p1_win,1.0,71
2718,best_sim100,best_sim400,best_sim400,best_sim100,p1_win,0.0,67
2719,best_sim100,best_sim400,best_sim100,best_sim400,p1_win,1.0,69
2720,best_sim100,best_sim400,best_sim100,best_sim400,p2_win,0.0,70
2721,best_sim100,best_sim400,best_sim100,best_sim400,p2_win,0.0,72
2722,best_sim100,best_sim400,best_sim100,best_sim400,p2_win,0.0,74
2723,best_sim100,best_sim400,best_sim100,best_sim400,p2_win,0.0,66
2724,best_sim100,best_sim400,best_sim100,best_sim400,p1_win,1.0,69
2725,best_sim100,best_sim400,best_sim400,best_sim100,p1_win,0.0,65
2726,best_sim100,best_sim400,best_sim100,best_sim400,p1_win,1.0,75
2727,best_sim100,best_sim400,best_sim100,best_sim400,p2_win,0.0,76
2728,best_sim100,best_sim400,best_sim100,best_sim400,p2_win,0.0,66
2729,best_sim100,best_sim400,best_sim100,best_sim400,p2_win,0.0,68
2730,best_sim100,best_sim400,best_sim400,best_sim100,p1_win,0.0,71
2731,best_sim100,best_sim400,best_sim100,best_sim400,p2_win,0.0,72
2732,best_sim100,best_sim400,best_sim100,best_sim400,p2_win,0.0,72
2733,best_sim100,best_sim400,best_sim100,best_sim400,p1_win,1.0,79
2734,best_sim100,best_sim400,best_sim400,best_sim100,p1_win,0.0,71
2735,best_sim100,best_sim400,best_sim400,best_sim100,p1_win,0.0,69
2736,best_sim100,best_sim400,best_sim400,best_sim100,p1_win,0.0,73
2737,best_sim100,best_sim400,best_sim100,best_sim400,p2_win,0.0,72
2738,best_sim100,best_sim400,best_sim100,best_sim400,p2_win,0.0,72
2739,best_sim100,best_sim400,best_sim100,best_sim400,p1_win,1.0,71
2740,best_sim100,best_sim400,best_sim100,best_sim400,p2_win,0.0,72
2741,best_sim100,best_sim400,best_sim100,best_sim400,p2_win,0.0,72
2742,best_sim100,best_sim400,best_sim400,best_sim100,p1_win,0.0,69
2743,best_sim100,best_sim400,best_sim100,best_sim400,p2_win,0.0,72
2744,best_sim100,best_sim400,best_sim400,best_sim100,p1_win,0.0,75
2745,best_sim100,best_sim400,best_sim100,best_sim400,p1_win,1.0,75
2746,best_sim100,best_sim400,best_sim400,best_sim100,p1_win,0.0,71
2747,best_sim100,best_sim400,best_sim400,best_sim100,p1_win,0.0,71
2748,best_sim100,best_sim400,best_sim400,best_sim100,p1_win,0.0,73
2749,best_sim100,best_sim400,best_sim100,best_sim400,p2_win,0.0,70
2750,best_sim100,best_sim400,best_sim100,best_sim400,p2_win,0.0,72
2751,best_sim100,best_sim400,best_sim400,best_sim100,p1_win,0.0,79
2752,best_sim100,best_sim400,best_sim400,best_sim100,p1_win,0.0,71
2753,best_sim100,best_sim400,best_sim100,best_sim400,p1_win,1.0,81
2754,best_sim100,best_sim400,best_sim100,best_sim400,p1_win,1.0,77
2755,best_sim100,best_sim400,best_sim100,best_sim400,p2_win,0.0,72
2756,best_sim100,best_sim400,best_sim100,best_sim400,p2_win,0.0,78
2757,best_sim100,best_sim400,best_sim400,best_sim100,p1_win,0.0,75
2758,best_sim100,best_sim400,best_sim100,best_sim400,p1_win,1.0,77
2759,best_sim100,best_sim400,best_sim400,best_sim100,p1_win,0.0,77
2760,best_sim100,best_sim400,best_sim400,best_sim100,p1_win,0.0,73
2761,best_sim100,best_sim400,best_sim400,best_sim100,p1_win,0.0,75
2762,best_sim100,best_sim400,best_sim400,best_sim100,p1_win,0.0,75
2763,best_sim100,best_sim400,best_sim400,best_sim100,p1_win,0.0,73
2764,best_sim100,best_sim400,best_sim100,best_sim400,p1_win,1.0,75
2765,best_sim100,best_sim400,best_sim100,best_sim400,p2_win,0.0,80
2766,best_sim100,best_sim400,best_sim400,best_sim100,p1_win,0.0,77
2767,best_sim100,best_sim400,best_sim100,best_sim400,p2_win,0.0,76
2768,best_sim100,best_sim400,best_sim400,best_sim100,p2_win,1.0,84
2769,best_sim100,best_sim400,best_sim400,best_sim100,p1_win,0.0,79
2770,best_sim100,best_sim400,best_sim100,best_sim400,p2_win,0.0,82
2771,best_sim100,best_sim400,best_sim400,best_sim100,p1_win,0.0,77
2772,best_sim100,best_sim400,best_sim400,best_sim100,p1_win,0.0,77
2773,best_sim100,best_sim400,best_sim400,best_sim100,p2_win,1.0,76
2774,best_sim100,best_sim400,best_sim400,best_sim100,p1_win,0.0,85
2775,best_sim100,best_sim400,best_sim400,best_sim100,p1_win,0.0,81
2776,best_sim100,best_sim400,best_sim400,best_sim100,p1_win,0.0,87
2777,best_sim100,best_sim400,best_sim100,best_sim400,p2_win,0.0,78
2778,best_sim100,best_sim400,best_sim400,best_sim100,p1_win,0.0,79
2779,best_sim100,best_sim400,best_sim400,best_sim100,p2_win,1.0,78
2780,best_sim100,best_sim400,best_sim100,best_sim400,p2_win,0.0,80
2781,best_sim100,best_sim400,best_sim400,best_sim100,p1_win,0.0,83
2782,best_sim100,best_sim400,best_sim100,best_sim400,p1_win,1.0,81
2783,best_sim100,best_sim400,best_sim400,best_sim100,p1_win,0.0,81
2784,best_sim100,best_sim400,best_sim100,best_sim400,p1_win,1.0,83
2785,best_sim100,best_sim400,best_sim400,best_sim100,p1_win,0.0,81
2786,best_sim100,best_sim400,best_sim400,best_sim100,p1_win,0.0,97
2787,best_sim100,best_sim400,best_sim400,best_sim100,p1_win,0.0,85
2788,best_sim100,best_sim400,best_sim400,best_sim100,p1_win,0.0,83
2789,best_sim100,best_sim400,best_sim100,best_sim400,p1_win,1.0,95
2790,best_sim100,best_sim400,best_sim400,best_sim100,p1_win,0.0,87
2791,best_sim100,best_sim400,best_sim400,best_sim100,draw,0.5,100
2792,best_sim100,best_sim400,best_sim400,best_sim100,p1_win,0.0,99
2793,best_sim100,best_sim400,best_sim400,best_sim100,p1_win,0.0,95
2794,best_sim100,best_sim400,best_sim400,best_sim100,p1_win,0.0,99
2795,best_sim100,best_sim400,best_sim100,best_sim400,p1_win,1.0,99
2796,best_sim100,best_sim400,best_sim400,best_sim100,p1_win,0.0,99
2797,best_sim100,best_sim400,best_sim400,best_sim100,draw,0.5,100
2798,best_sim100,best_sim400,best_sim400,best_sim100,p1_win,0.0,95
2799,best_sim100,best_sim400,best_sim400,best_sim100,draw,0.5,100
2800,best_sim100,best_sim400,best_sim400,best_sim100,draw,0.5,100
2801,best_sim200,best_sim400,best_sim400,best_sim200,p1_win,0.0,39
2802,best_sim200,best_sim400,best_sim400,best_sim200,p1_win,0.0,39
2803,best_sim200,best_sim400,best_sim400,best_sim200,p1_win,0.0,39
2804,best_sim200,best_sim400,best_sim400,best_sim200,p1_win,0.0,39
2805,best_sim200,best_sim400,best_sim400,best_sim200,p1_win,0.0,39
2806,best_sim200,best_sim400,best_sim400,best_sim200,p1_win,0.0,39
2807,best_sim200,best_sim400,best_sim400,best_sim200,p1_win,0.0,45
2808,best_sim200,best_sim400,best_sim400,best_sim200,p1_win,0.0,45
2809,best_sim200,best_sim400,best_sim400,best_sim200,p1_win,0.0,41
2810,best_sim200,best_sim400,best_sim400,best_sim200,p1_win,0.0,45
2811,best_sim200,best_sim400,best_sim400,best_sim200,p1_win,0.0,43
2812,best_sim200,best_sim400,best_sim400,best_sim200,p1_win,0.0,43
2813,best_sim200,best_sim400,best_sim400,best_sim200,p1_win,0.0,41
2814,best_sim200,best_sim400,best_sim400,best_sim200,p1_win,0.0,49
2815,best_sim200,best_sim400,best_sim200,best_sim400,p2_win,0.0,42
2816,best_sim200,best_sim400,best_sim400,best_sim200,p1_win,0.0,47
2817,best_sim200,best_sim400,best_sim200,best_sim400,p1_win,1.0,47
2818,best_sim200,best_sim400,best_sim400,best_sim200,p2_win,1.0,54
2819,best_sim200,best_sim400,best_sim200,best_sim400,p1_win,1.0,49
2820,best_sim200,best_sim400,best_sim400,best_sim200,p1_win,0.0,47
2821,best_sim200,best_sim400,best_sim200,best_sim400,p1_win,1.0,47
2822,best_sim200,best_sim400,best_sim200,best_sim400,p1_win,1.0,49
2823,best_sim200,best_sim400,best_sim200,best_sim400,p1_win,1.0,51
2824,best_sim200,best_sim400,best_sim200,best_sim400,p1_win,1.0,49
2825,best_sim200,best_sim400,best_sim200,best_sim400,p2_win,0.0,48
2826,best_sim200,best_sim400,best_sim400,best_sim200,p1_win,0.0,51
2827,best_sim200,best_sim400,best_sim400,best_sim200,p1_win,0.0,47
2828,best_sim200,best_sim400,best_sim200,best_sim400,p1_win,1.0,49
2829,best_sim200,best_sim400,best_sim200,best_sim400,p1_win,1.0,49
2830,best_sim200,best_sim400,best_sim200,best_sim400,p2_win,0.0,60
2831,best_sim200,best_sim400,best_sim400,best_sim200,p1_win,0.0,49
2832,best_sim200,best_sim400,best_sim400,best_sim200,p1_win,0.0,51
2833,best_sim200,best_sim400,best_sim400,best_sim200,p1_win,0.0,49
2834,best_sim200,best_sim400,best_sim200,best_sim400,p1_win,1.0,51
2835,best_sim200,best_sim400,best_sim200,best_sim400,p2_win,0.0,62
2836,best_sim200,best_sim400,best_sim400,best_sim200,p1_win,0.0,49
2837,best_sim200,best_sim400,best_sim400,best_sim200,p1_win,0.0,51
2838,best_sim200,best_sim400,best_sim200,best_sim400,p2_win,0.0,64
2839,best_sim200,best_sim400,best_sim200,best_sim400,p2_win,0.0,60
2840,best_sim200,best_sim400,best_sim200,best_sim400,p2_win,0.0,62
2841,best_sim200,best_sim400,best_sim200,best_sim400,p2_win,0.0,52
2842,best_sim200,best_sim400,best_sim400,best_sim200,p1_win,0.0,59
2843,best_sim200,best_sim400,best_sim200,best_sim400,p1_win,1.0,57
2844,best_sim200,best_sim400,best_sim200,best_sim400,p1_win,1.0,55
2845,best_sim200,best_sim400,best_sim200,best_sim400,p1_win,1.0,55
2846,best_sim200,best_sim400,best_sim400,best_sim200,p1_win,0.0,61
2847,best_sim200,best_sim400,best_sim200,best_sim400,p2_win,0.0,60
2848,best_sim200,best_sim400,best_sim200,best_sim400,p2_win,0.0,64
2849,best_sim200,best_sim400,best_sim400,best_sim200,p1_win,0.0,55
2850,best_sim200,best_sim400,best_sim400,best_sim200,p1_win,0.0,55
2851,best_sim200,best_sim400,best_sim200,best_sim400,p1_win,1.0,65
2852,best_sim200,best_sim400,best_sim200,best_sim400,p2_win,0.0,66
2853,best_sim200,best_sim400,best_sim400,best_sim200,p1_win,0.0,59
2854,best_sim200,best_sim400,best_sim200,best_sim400,p2_win,0.0,54
2855,best_sim200,best_sim400,best_sim400,best_sim200,p1_win,0.0,67
2856,best_sim200,best_sim400,best_sim400,best_sim200,p2_win,1.0,56
2857,best_sim200,best_sim400,best_sim400,best_sim200,p1_win,0.0,59
2858,best_sim200,best_sim400,best_sim200,best_sim400,p2_win,0.0,64
2859,best_sim200,best_sim400,best_sim200,best_sim400,p2_win,0.0,56
2860,best_sim200,best_sim400,best_sim200,best_sim400,p2_win,0.0,66
2861,best_sim200,best_sim400,best_sim200,best_sim400,p2_win,0.0,66
2862,best_sim200,best_sim400,best_sim200,best_sim400,p2_win,0.0,56
2863,best_sim200,best_sim400,best_sim200,best_sim400,p1_win,1.0,59
2864,best_sim200,best_sim400,best_sim200,best_sim400,p1_win,1.0,59
2865,best_sim200,best_sim400,best_sim200,best_sim400,p1_win,1.0,63
2866,best_sim200,best_sim400,best_sim400,best_sim200,p2_win,1.0,60
2867,best_sim200,best_sim400,best_sim200,best_sim400,p2_win,0.0,60
2868,best_sim200,best_sim400,best_sim200,best_sim400,p1_win,1.0,57
2869,best_sim200,best_sim400,best_sim200,best_sim400,p2_win,0.0,70
2870,best_sim200,best_sim400,best_sim400,best_sim200,p1_win,0.0,63
2871,best_sim200,best_sim400,best_sim400,best_sim200,p1_win,0.0,59
2872,best_sim200,best_sim400,best_sim400,best_sim200,p1_win,0.0,57
2873,best_sim200,best_sim400,best_sim200,best_sim400,p1_win,1.0,59
2874,best_sim200,best_sim400,best_sim400,best_sim200,p1_win,0.0,59
2875,best_sim200,best_sim400,best_sim400,best_sim200,p1_win,0.0,61
2876,best_sim200,best_sim400,best_sim200,best_sim400,p2_win,0.0,66
2877,best_sim200,best_sim400,best_sim400,best_sim200,p2_win,1.0,64
2878,best_sim200,best_sim400,best_sim400,best_sim200,p2_win,1.0,64
2879,best_sim200,best_sim400,best_sim200,best_sim400,p2_win,0.0,74
2880,best_sim200,best_sim400,best_sim400,best_sim200,p2_win,1.0,64
2881,best_sim200,best_sim400,best_sim200,best_sim400,p2_win,0.0,60
2882,best_sim200,best_sim400,best_sim200,best_sim400,p1_win,1.0,61
2883,best_sim200,best_sim400,best_sim400,best_sim200,p2_win,1.0,64
2884,best_sim200,best_sim400,best_sim400,best_sim200,p2_win,1.0,64
2885,best_sim200,best_sim400,best_sim400,best_sim200,p2_win,1.0,64
2886,best_sim200,best_sim400,best_sim400,best_sim200,p2_win,1.0,64
2887,best_sim200,best_sim400,best_sim400,best_sim200,p2_win,1.0,64
2888,best_sim200,best_sim400,best_sim200,best_sim400,p2_win,0.0,68
2889,best_sim200,best_sim400,best_sim400,best_sim200,p2_win,1.0,64
2890,best_sim200,best_sim400,best_sim400,best_sim200,p2_win,1.0,64
2891,best_sim200,best_sim400,best_sim200,best_sim400,p1_win,1.0,61
2892,best_sim200,best_sim400,best_sim200,best_sim400,p1_win,1.0,63
2893,best_sim200,best_sim400,best_sim200,best_sim400,p2_win,0.0,64
2894,best_sim200,best_sim400,best_sim200,best_sim400,p1_win,1.0,61
2895,best_sim200,best_sim400,best_sim200,best_sim400,p2_win,0.0,60
2896,best_sim200,best_sim400,best_sim400,best_sim200,p1_win,0.0,61
2897,best_sim200,best_sim400,best_sim400,best_sim200,p2_win,1.0,62
2898,best_sim200,best_sim400,best_sim200,best_sim400,p1_win,1.0,67
2899,best_sim200,best_sim400,best_sim200,best_sim400,p1_win,1.0,61
2900,best_sim200,best_sim400,best_sim400,best_sim200,p1_win,0.0,61
2901,best_sim200,best_sim400,best_sim400,best_sim200,p1_win,0.0,61
2902,best_sim200,best_sim400,best_sim200,best_sim400,p1_win,1.0,63
2903,best_sim200,best_sim400,best_sim200,best_sim400,p2_win,0.0,82
2904,best_sim200,best_sim400,best_sim200,best_sim400,p2_win,0.0,68
2905,best_sim200,best_sim400,best_sim400,best_sim200,p1_win,0.0,63
2906,best_sim200,best_sim400,best_sim400,best_sim200,p1_win,0.0,65
2907,best_sim200,best_sim400,best_sim200,best_sim400,p1_win,1.0,65
2908,best_sim200,best_sim400,best_sim200,best_sim400,p2_win,0.0,74
2909,best_sim200,best_sim400,best_sim400,best_sim200,p2_win,1.0,70
2910,best_sim200,best_sim400,best_sim200,best_sim400,p2_win,0.0,68
2911,best_sim200,best_sim400,best_sim400,best_sim200,p1_win,0.0,65
2912,best_sim200,best_sim400,best_sim200,best_sim400,p1_win,1.0,63
2913,best_sim200,best_sim400,best_sim400,best_sim200,p1_win,0.0,69
2914,best_sim200,best_sim400,best_sim200,best_sim400,p2_win,0.0,68
2915,best_sim200,best_sim400,best_sim200,best_sim400,p2_win,0.0,68
2916,best_sim200,best_sim400,best_sim400,best_sim200,p2_win,1.0,72
2917,best_sim200,best_sim400,best_sim400,best_sim200,p2_win,1.0,74
2918,best_sim200,best_sim400,best_sim200,best_sim400,p2_win,0.0,64
2919,best_sim200,best_sim400,best_sim200,best_sim400,p2_win,0.0,64
2920,best_sim200,best_sim400,best_sim200,best_sim400,p2_win,0.0,64
2921,best_sim200,best_sim400,best_sim400,best_sim200,p1_win,0.0,65
2922,best_sim200,best_sim400,best_sim400,best_sim200,p1_win,0.0,69
2923,best_sim200,best_sim400,best_sim400,best_sim200,p1_win,0.0,65
2924,best_sim200,best_sim400,best_sim400,best_sim200,p1_win,0.0,71
2925,best_sim200,best_sim400,best_sim400,best_sim200,p1_win,0.0,65
2926,best_sim200,best_sim400,best_sim200,best_sim400,p1_win,1.0,71
2927,best_sim200,best_sim400,best_sim400,best_sim200,p1_win,0.0,67
2928,best_sim200,best_sim400,best_sim200,best_sim400,p2_win,0.0,66
2929,best_sim200,best_sim400,best_sim400,best_sim200,p1_win,0.0,67
2930,best_sim200,best_sim400,best_sim400,best_sim200,p1_win,0.0,71
2931,best_sim200,best_sim400,best_sim200,best_sim400,p1_win,1.0,73
2932,best_sim200,best_sim400,best_sim200,best_sim400,p2_win,0.0,66
2933,best_sim200,best_sim400,best_sim200,best_sim400,p1_win,1.0,67
2934,best_sim200,best_sim400,best_sim400,best_sim200,p1_win,0.0,65
2935,best_sim200,best_sim400,best_sim400,best_sim200,p1_win,0.0,71
2936,best_sim200,best_sim400,best_sim200,best_sim400,p2_win,0.0,68
2937,best_sim200,best_sim400,best_sim200,best_sim400,p2_win,0.0,72
2938,best_sim200,best_sim400,best_sim400,best_sim200,p2_win,1.0,70
2939,best_sim200,best_sim400,best_sim200,best_sim400,p2_win,0.0,70
2940,best_sim200,best_sim400,best_sim200,best_sim400,p2_win,0.0,72
2941,best_sim200,best_sim400,best_sim200,best_sim400,p1_win,1.0,69
2942,best_sim200,best_sim400,best_sim400,best_sim200,p1_win,0.0,69
2943,best_sim200,best_sim400,best_sim400,best_sim200,p1_win,0.0,69
2944,best_sim200,best_sim400,best_sim400,best_sim200,p1_win,0.0,69
2945,best_sim200,best_sim400,best_sim200,best_sim400,p1_win,1.0,71
2946,best_sim200,best_sim400,best_sim400,best_sim200,p2_win,1.0,68
2947,best_sim200,best_sim400,best_sim400,best_sim200,p1_win,0.0,69
2948,best_sim200,best_sim400,best_sim400,best_sim200,p1_win,0.0,71
2949,best_sim200,best_sim400,best_sim200,best_sim400,p2_win,0.0,70
2950,best_sim200,best_sim400,best_sim400,best_sim200,p1_win,0.0,77
2951,best_sim200,best_sim400,best_sim200,best_sim400,p1_win,1.0,73
2952,best_sim200,best_sim400,best_sim400,best_sim200,p1_win,0.0,75
2953,best_sim200,best_sim400,best_sim400,best_sim200,p1_win,0.0,83
2954,best_sim200,best_sim400,best_sim200,best_sim400,p1_win,1.0,71
2955,best_sim200,best_sim400,best_sim200,best_sim400,p1_win,1.0,77
2956,best_sim200,best_sim400,best_sim200,best_sim400,p1_win,1.0,73
2957,best_sim200,best_sim400,best_sim400,best_sim200,p1_win,0.0,73
2958,best_sim200,best_sim400,best_sim400,best_sim200,p1_win,0.0,77
2959,best_sim200,best_sim400,best_sim200,best_sim400,p1_win,1.0,75
2960,best_sim200,best_sim400,best_sim200,best_sim400,p1_win,1.0,77
2961,best_sim200,best_sim400,best_sim400,best_sim200,p1_win,0.0,75
2962,best_sim200,best_sim400,best_sim400,best_sim200,p1_win,0.0,75
2963,best_sim200,best_sim400,best_sim200,best_sim400,p1_win,1.0,75
2964,best_sim200,best_sim400,best_sim400,best_sim200,p1_win,0.0,77
2965,best_sim200,best_sim400,best_sim200,best_sim400,p1_win,1.0,87
2966,best_sim200,best_sim400,best_sim200,best_sim400,p1_win,1.0,81
2967,best_sim200,best_sim400,best_sim200,best_sim400,p2_win,0.0,80
2968,best_sim200,best_sim400,best_sim400,best_sim200,p1_win,0.0,81
2969,best_sim200,best_sim400,best_sim400,best_sim200,p2_win,1.0,84
2970,best_sim200,best_sim400,best_sim400,best_sim200,p1_win,0.0,77
2971,best_sim200,best_sim400,best_sim400,best_sim200,p1_win,0.0,81
2972,best_sim200,best_sim400,best_sim400,best_sim200,p1_win,0.0,81
2973,best_sim200,best_sim400,best_sim400,best_sim200,p1_win,0.0,77
2974,best_sim200,best_sim400,best_sim200,best_sim400,p1_win,1.0,77
2975,best_sim200,best_sim400,best_sim400,best_sim200,p1_win,0.0,77
2976,best_sim200,best_sim400,best_sim400,best_sim200,p1_win,0.0,79
2977,best_sim200,best_sim400,best_sim200,best_sim400,p1_win,1.0,79
2978,best_sim200,best_sim400,best_sim200,best_sim400,p1_win,1.0,81
2979,best_sim200,best_sim400,best_sim200,best_sim400,p1_win,1.0,79
2980,best_sim200,best_sim400,best_sim200,best_sim400,p2_win,0.0,86
2981,best_sim200,best_sim400,best_sim200,best_sim400,p1_win,1.0,79
2982,best_sim200,best_sim400,best_sim200,best_sim400,p1_win,1.0,79
2983,best_sim200,best_sim400,best_sim400,best_sim200,p1_win,0.0,81
2984,best_sim200,best_sim400,best_sim200,best_sim400,p2_win,0.0,90
2985,best_sim200,best_sim400,best_sim200,best_sim400,p1_win,1.0,81
2986,best_sim200,best_sim400,best_sim400,best_sim200,p2_win,1.0,82
2987,best_sim200,best_sim400,best_sim200,best_sim400,p1_win,1.0,81
2988,best_sim200,best_sim400,best_sim200,best_sim400,p1_win,1.0,81
2989,best_sim200,best_sim400,best_sim400,best_sim200,p2_win,1.0,82
2990,best_sim200,best_sim400,best_sim200,best_sim400,p1_win,1.0,85
2991,best_sim200,best_sim400,best_sim400,best_sim200,p1_win,0.0,87
2992,best_sim200,best_sim400,best_sim400,best_sim200,p1_win,0.0,83
2993,best_sim200,best_sim400,best_sim400,best_sim200,p1_win,0.0,87
2994,best_sim200,best_sim400,best_sim200,best_sim400,p1_win,1.0,85
2995,best_sim200,best_sim400,best_sim200,best_sim400,p1_win,1.0,89
2996,best_sim200,best_sim400,best_sim400,best_sim200,p2_win,1.0,90
2997,best_sim200,best_sim400,best_sim200,best_sim400,p2_win,0.0,88
2998,best_sim200,best_sim400,best_sim200,best_sim400,p1_win,1.0,89
2999,best_sim200,best_sim400,best_sim400,best_sim200,draw,0.5,100
3000,best_sim200,best_sim400,best_sim200,best_sim400,p1_win,1.0,95
