game,agent_a,agent_b,player1,player2,result,score_for_a
1,cycle_0001,cycle_0011,cycle_0001,cycle_0011,p2_win,0.0
2,cycle_0001,cycle_0011,cycle_0001,cycle_0011,p1_win,1.0
3,cycle_0001,cycle_0011,cycle_0001,cycle_0011,p2_win,0.0
4,cycle_0001,cycle_0011,cycle_0001,cycle_0011,p1_win,1.0
5,cycle_0001,cycle_0011,cycle_0001,cycle_0011,p2_win,0.0
6,cycle_0001,cycle_0011,cycle_0001,cycle_0011,p2_win,0.0
7,cycle_0001,cycle_0011,cycle_0001,cycle_0011,p2_win,0.0
8,cycle_0001,cycle_0011,cycle_0001,cycle_0011,p2_win,0.0
9,cycle_0001,cycle_0011,cycle_0001,cycle_0011,p2_win,0.0
10,cycle_0001,cycle_0011,cycle_0001,cycle_0011,p2_win,0.0
11,cycle_0001,cycle_0011,cycle_0001,cycle_0011,p1_win,1.0
12,cycle_0001,cycle_0011,cycle_0001,cycle_0011,p2_win,0.0
13,cycle_0001,cycle_0011,cycle_0001,cycle_0011,p2_win,0.0
14,cycle_0001,cycle_0011,cycle_0001,cycle_0011,p1_win,1.0
15,cycle_0001,cycle_0011,cycle_0001,cycle_0011,p2_win,0.0
16,cycle_0001,cycle_0011,cycle_0011,cycle_0001,p1_win,0.0
17,cycle_0001,cycle_0011,cycle_0011,cycle_0001,p2_win,1.0
18,cycle_0001,cycle_0011,cycle_0011,cycle_0001,p1_win,0.0
19,cycle_0001,cycle_0011,cycle_0011,cycle_0001,p1_win,0.0
20,cycle_0001,cycle_0011,cycle_0011,cycle_0001,p2_win,1.0
21,cycle_0001,cycle_0011,cycle_0011,cycle_0001,p1_win,0.0
22,cycle_0001,cycle_0011,cycle_0011,cycle_0001,p1_win,0.0
23,cycle_0001,cycle_0011,cycle_0011,cycle_0001,p1_win,0.0
24,cycle_0001,cycle_0011,cycle_0011,cycle_0001,p2_win,1.0
25,cycle_0001,cycle_0011,cycle_0011,cycle_0001,p1_win,0.0
26,cycle_0001,cycle_0011,cycle_0011,cycle_0001,p1_win,0.0
27,cycle_0001,cycle_0011,cycle_0011,cycle_0001,p1_win,0.0
28,cycle_0001,cycle_0011,cycle_0011,cycle_0001,p1_win,0.0
29,cycle_0001,cycle_0011,cycle_0011,cycle_0001,p2_win,1.0
30,cycle_0001,cycle_0011,cycle_0011,cycle_0001,p2_win,1.0
31,cycle_0001,cycle_0021,cycle_0001,cycle_0021,p2_win,0.0
32,cycle_0001,cycle_0021,cycle_0001,cycle_0021,p2_win,0.0
33,cycle_0001,cycle_0021,cycle_0001,cycle_0021,p2_win,0.0
34,cycle_0001,cycle_0021,cycle_0001,cycle_0021,p2_win,0.0
35,cycle_0001,cycle_0021,cycle_0001,cycle_0021,p2_win,0.0
36,cycle_0001,cycle_0021,cycle_0001,cycle_0021,p2_win,0.0
37,cycle_0001,cycle_0021,cycle_0001,cycle_0021,p2_win,0.0
38,cycle_0001,cycle_0021,cycle_0001,cycle_0021,p2_win,0.0
39,cycle_0001,cycle_0021,cycle_0001,cycle_0021,p2_win,0.0
40,cycle_0001,cycle_0021,cycle_0001,cycle_0021,p2_win,0.0
41,cycle_0001,cycle_0021,cycle_0001,cycle_0021,p2_win,0.0
42,cycle_0001,cycle_0021,cycle_0001,cycle_0021,p2_win,0.0
43,cycle_0001,cycle_0021,cycle_0001,cycle_0021,p2_win,0.0
44,cycle_0001,cycle_0021,cycle_0001,cycle_0021,p2_win,0.0
45,cycle_0001,cycle_0021,cycle_0001,cycle_0021,p1_win,1.0
46,cycle_0001,cycle_0021,cycle_0021,cycle_0001,p1_win,0.0
47,cycle_0001,cycle_0021,cycle_0021,cycle_0001,p1_win,0.0
48,cycle_0001,cycle_0021,cycle_0021,cycle_0001,p1_win,0.0
49,cycle_0001,cycle_0021,cycle_0021,cycle_0001,p1_win,0.0
50,cycle_0001,cycle_0021,cycle_0021,cycle_0001,p1_win,0.0
51,cycle_0001,cycle_0021,cycle_0021,cycle_0001,p1_win,0.0
52,cycle_0001,cycle_0021,cycle_0021,cycle_0001,p1_win,0.0
53,cycle_0001,cycle_0021,cycle_0021,cycle_0001,p1_win,0.0
54,cycle_0001,cycle_0021,cycle_0021,cycle_0001,p1_win,0.0
55,cycle_0001,cycle_0021,cycle_0021,cycle_0001,p2_win,1.0
56,cycle_0001,cycle_0021,cycle_0021,cycle_0001,p1_win,0.0
57,cycle_0001,cycle_0021,cycle_0021,cycle_0001,p1_win,0.0
58,cycle_0001,cycle_0021,cycle_0021,cycle_0001,p1_win,0.0
59,cycle_0001,cycle_0021,cycle_0021,cycle_0001,p1_win,0.0
60,cycle_0001,cycle_0021,cycle_0021,cycle_0001,p1_win,0.0
61,cycle_0001,cycle_0031,cycle_0001,cycle_0031,p2_win,0.0
62,cycle_0001,cycle_0031,cycle_0001,cycle_0031,p2_win,0.0
63,cycle_0001,cycle_0031,cycle_0001,cycle_0031,p2_win,0.0
64,cycle_0001,cycle_0031,cycle_0001,cycle_0031,p2_win,0.0
65,cycle_0001,cycle_0031,cycle_0001,cycle_0031,p2_win,0.0
66,cycle_0001,cycle_0031,cycle_0001,cycle_0031,p2_win,0.0
67,cycle_0001,cycle_0031,cycle_0001,cycle_0031,p2_win,0.0
68,cycle_0001,cycle_0031,cycle_0001,cycle_0031,p2_win,0.0
69,cycle_0001,cycle_0031,cycle_0001,cycle_0031,p2_win,0.0
70,cycle_0001,cycle_0031,cycle_0001,cycle_0031,p2_win,0.0
71,cycle_0001,cycle_0031,cycle_0001,cycle_0031,p2_win,0.0
72,cycle_0001,cycle_0031,cycle_0001,cycle_0031,p2_win,0.0
73,cycle_0001,cycle_0031,cycle_0001,cycle_0031,p2_win,0.0
74,cycle_0001,cycle_0031,cycle_0001,cycle_0031,p2_win,0.0
75,cycle_0001,cycle_0031,cycle_0001,cycle_0031,p2_win,0.0
76,cycle_0001,cycle_0031,cycle_0031,cycle_0001,p1_win,0.0
77,cycle_0001,cycle_0031,cycle_0031,cycle_0001,p1_win,0.0
78,cycle_0001,cycle_0031,cycle_0031,cycle_0001,p1_win,0.0
79,cycle_0001,cycle_0031,cycle_0031,cycle_0001,p1_win,0.0
80,cycle_0001,cycle_0031,cycle_0031,cycle_0001,p1_win,0.0
81,cycle_0001,cycle_0031,cycle_0031,cycle_0001,p1_win,0.0
82,cycle_0001,cycle_0031,cycle_0031,cycle_0001,p1_win,0.0
83,cycle_0001,cycle_0031,cycle_0031,cycle_0001,p1_win,0.0
84,cycle_0001,cycle_0031,cycle_0031,cycle_0001,p1_win,0.0
85,cycle_0001,cycle_0031,cycle_0031,cycle_0001,p1_win,0.0
86,cycle_0001,cycle_0031,cycle_0031,cycle_0001,p1_win,0.0
87,cycle_0001,cycle_0031,cycle_0031,cycle_0001,p1_win,0.0
88,cycle_0001,cycle_0031,cycle_0031,cycle_0001,p1_win,0.0
89,cycle_0001,cycle_0031,cycle_0031,cycle_0001,p1_win,0.0
90,cycle_0001,cycle_0031,cycle_0031,cycle_0001,p1_win,0.0
91,cycle_0001,cycle_0041,cycle_0001,cycle_0041,p2_win,0.0
92,cycle_0001,cycle_0041,cycle_0001,cycle_0041,p2_win,0.0
93,cycle_0001,cycle_0041,cycle_0001,cycle_0041,p2_win,0.0
94,cycle_0001,cycle_0041,cycle_0001,cycle_0041,p2_win,0.0
95,cycle_0001,cycle_0041,cycle_0001,cycle_0041,p2_win,0.0
96,cycle_0001,cycle_0041,cycle_0001,cycle_0041,p2_win,0.0
97,cycle_0001,cycle_0041,cycle_0001,cycle_0041,p2_win,0.0
98,cycle_0001,cycle_0041,cycle_0001,cycle_0041,p2_win,0.0
99,cycle_0001,cycle_0041,cycle_0001,cycle_0041,p2_win,0.0
100,cycle_0001,cycle_0041,cycle_0001,cycle_0041,p2_win,0.0
101,cycle_0001,cycle_0041,cycle_0001,cycle_0041,p2_win,0.0
102,cycle_0001,cycle_0041,cycle_0001,cycle_0041,p2_win,0.0
103,cycle_0001,cycle_0041,cycle_0001,cycle_0041,p2_win,0.0
104,cycle_0001,cycle_0041,cycle_0001,cycle_0041,p2_win,0.0
105,cycle_0001,cycle_0041,cycle_0001,cycle_0041,p2_win,0.0
106,cycle_0001,cycle_0041,cycle_0041,cycle_0001,p1_win,0.0
107,cycle_0001,cycle_0041,cycle_0041,cycle_0001,p1_win,0.0
108,cycle_0001,cycle_0041,cycle_0041,cycle_0001,p1_win,0.0
109,cycle_0001,cycle_0041,cycle_0041,cycle_0001,p1_win,0.0
110,cycle_0001,cycle_0041,cycle_0041,cycle_0001,p1_win,0.0
111,cycle_0001,cycle_0041,cycle_0041,cycle_0001,p1_win,0.0
112,cycle_0001,cycle_0041,cycle_0041,cycle_0001,p1_win,0.0
113,cycle_0001,cycle_0041,cycle_0041,cycle_0001,p1_win,0.0
114,cycle_0001,cycle_0041,cycle_0041,cycle_0001,p1_win,0.0
115,cycle_0001,cycle_0041,cycle_0041,cycle_0001,p1_win,0.0
116,cycle_0001,cycle_0041,cycle_0041,cycle_0001,p1_win,0.0
117,cycle_0001,cycle_0041,cycle_0041,cycle_0001,p1_win,0.0
118,cycle_0001,cycle_0041,cycle_0041,cycle_0001,p1_win,0.0
119,cycle_0001,cycle_0041,cycle_0041,cycle_0001,p1_win,0.0
120,cycle_0001,cycle_0041,cycle_0041,cycle_0001,p1_win,0.0
121,cycle_0001,cycle_0051,cycle_0001,cycle_0051,p2_win,0.0
122,cycle_0001,cycle_0051,cycle_0001,cycle_0051,p2_win,0.0
123,cycle_0001,cycle_0051,cycle_0001,cycle_0051,p2_win,0.0
124,cycle_0001,cycle_0051,cycle_0001,cycle_0051,p2_win,0.0
125,cycle_0001,cycle_0051,cycle_0001,cycle_0051,p2_win,0.0
126,cycle_0001,cycle_0051,cycle_0001,cycle_0051,p2_win,0.0
127,cycle_0001,cycle_0051,cycle_0001,cycle_0051,p2_win,0.0
128,cycle_0001,cycle_0051,cycle_0001,cycle_0051,p2_win,0.0
129,cycle_0001,cycle_0051,cycle_0001,cycle_0051,p2_win,0.0
130,cycle_0001,cycle_0051,cycle_0001,cycle_0051,p2_win,0.0
131,cycle_0001,cycle_0051,cycle_0001,cycle_0051,p2_win,0.0
132,cycle_0001,cycle_0051,cycle_0001,cycle_0051,p2_win,0.0
133,cycle_0001,cycle_0051,cycle_0001,cycle_0051,p2_win,0.0
134,cycle_0001,cycle_0051,cycle_0001,cycle_0051,p2_win,0.0
135,cycle_0001,cycle_0051,cycle_0001,cycle_0051,p2_win,0.0
136,cycle_0001,cycle_0051,cycle_0051,cycle_0001,p1_win,0.0
137,cycle_0001,cycle_0051,cycle_0051,cycle_0001,p1_win,0.0
138,cycle_0001,cycle_0051,cycle_0051,cycle_0001,p1_win,0.0
139,cycle_0001,cycle_0051,cycle_0051,cycle_0001,p1_win,0.0
140,cycle_0001,cycle_0051,cycle_0051,cycle_0001,p1_win,0.0
141,cycle_0001,cycle_0051,cycle_0051,cycle_0001,p1_win,0.0
142,cycle_0001,cycle_0051,cycle_0051,cycle_0001,p1_win,0.0
143,cycle_0001,cycle_0051,cycle_0051,cycle_0001,p1_win,0.0
144,cycle_0001,cycle_0051,cycle_0051,cycle_0001,p1_win,0.0
145,cycle_0001,cycle_0051,cycle_0051,cycle_0001,p1_win,0.0
146,cycle_0001,cycle_0051,cycle_0051,cycle_0001,p1_win,0.0
147,cycle_0001,cycle_0051,cycle_0051,cycle_0001,p1_win,0.0
148,cycle_0001,cycle_0051,cycle_0051,cycle_0001,p1_win,0.0
149,cycle_0001,cycle_0051,cycle_0051,cycle_0001,p1_win,0.0
150,cycle_0001,cycle_0051,cycle_0051,cycle_0001,p1_win,0.0
151,cycle_0001,cycle_0061,cycle_0001,cycle_0061,p2_win,0.0
152,cycle_0001,cycle_0061,cycle_0001,cycle_0061,p2_win,0.0
153,cycle_0001,cycle_0061,cycle_0001,cycle_0061,p2_win,0.0
154,cycle_0001,cycle_0061,cycle_0001,cycle_0061,p2_win,0.0
155,cycle_0001,cycle_0061,cycle_0001,cycle_0061,p2_win,0.0
156,cycle_0001,cycle_0061,cycle_0001,cycle_0061,p2_win,0.0
157,cycle_0001,cycle_0061,cycle_0001,cycle_0061,p2_win,0.0
158,cycle_0001,cycle_0061,cycle_0001,cycle_0061,p2_win,0.0
159,cycle_0001,cycle_0061,cycle_0001,cycle_0061,p2_win,0.0
160,cycle_0001,cycle_0061,cycle_0001,cycle_0061,p2_win,0.0
161,cycle_0001,cycle_0061,cycle_0001,cycle_0061,p2_win,0.0
162,cycle_0001,cycle_0061,cycle_0001,cycle_0061,p2_win,0.0
163,cycle_0001,cycle_0061,cycle_0001,cycle_0061,p2_win,0.0
164,cycle_0001,cycle_0061,cycle_0001,cycle_0061,p2_win,0.0
165,cycle_0001,cycle_0061,cycle_0001,cycle_0061,p2_win,0.0
166,cycle_0001,cycle_0061,cycle_0061,cycle_0001,p1_win,0.0
167,cycle_0001,cycle_0061,cycle_0061,cycle_0001,p1_win,0.0
168,cycle_0001,cycle_0061,cycle_0061,cycle_0001,p1_win,0.0
169,cycle_0001,cycle_0061,cycle_0061,cycle_0001,p1_win,0.0
170,cycle_0001,cycle_0061,cycle_0061,cycle_0001,p1_win,0.0
171,cycle_0001,cycle_0061,cycle_0061,cycle_0001,p1_win,0.0
172,cycle_0001,cycle_0061,cycle_0061,cycle_0001,p1_win,0.0
173,cycle_0001,cycle_0061,cycle_0061,cycle_0001,p1_win,0.0
174,cycle_0001,cycle_0061,cycle_0061,cycle_0001,p1_win,0.0
175,cycle_0001,cycle_0061,cycle_0061,cycle_0001,p1_win,0.0
176,cycle_0001,cycle_0061,cycle_0061,cycle_0001,p1_win,0.0
177,cycle_0001,cycle_0061,cycle_0061,cycle_0001,p1_win,0.0
178,cycle_0001,cycle_0061,cycle_0061,cycle_0001,p1_win,0.0
179,cycle_0001,cycle_0061,cycle_0061,cycle_0001,p1_win,0.0
180,cycle_0001,cycle_0061,cycle_0061,cycle_0001,p1_win,0.0
181,cycle_0001,cycle_0071,cycle_0001,cycle_0071,p2_win,0.0
182,cycle_0001,cycle_0071,cycle_0001,cycle_0071,p2_win,0.0
183,cycle_0001,cycle_0071,cycle_0001,cycle_0071,p2_win,0.0
184,cycle_0001,cycle_0071,cycle_0001,cycle_0071,p2_win,0.0
185,cycle_0001,cycle_0071,cycle_0001,cycle_0071,p2_win,0.0
186,cycle_0001,cycle_0071,cycle_0001,cycle_0071,p2_win,0.0
187,cycle_0001,cycle_0071,cycle_0001,cycle_0071,p2_win,0.0
188,cycle_0001,cycle_0071,cycle_0001,cycle_0071,p2_win,0.0
189,cycle_0001,cycle_0071,cycle_0001,cycle_0071,p2_win,0.0
190,cycle_0001,cycle_0071,cycle_0001,cycle_0071,p2_win,0.0
191,cycle_0001,cycle_0071,cycle_0001,cycle_0071,p2_win,0.0
192,cycle_0001,cycle_0071,cycle_0001,cycle_0071,p2_win,0.0
193,cycle_0001,cycle_0071,cycle_0001,cycle_0071,p2_win,0.0
194,cycle_0001,cycle_0071,cycle_0001,cycle_0071,p2_win,0.0
195,cycle_0001,cycle_0071,cycle_0001,cycle_0071,p2_win,0.0
196,cycle_0001,cycle_0071,cycle_0071,cycle_0001,p1_win,0.0
197,cycle_0001,cycle_0071,cycle_0071,cycle_0001,p1_win,0.0
198,cycle_0001,cycle_0071,cycle_0071,cycle_0001,p1_win,0.0
199,cycle_0001,cycle_0071,cycle_0071,cycle_0001,p1_win,0.0
200,cycle_0001,cycle_0071,cycle_0071,cycle_0001,p1_win,0.0
201,cycle_0001,cycle_0071,cycle_0071,cycle_0001,p1_win,0.0
202,cycle_0001,cycle_0071,cycle_0071,cycle_0001,p1_win,0.0
203,cycle_0001,cycle_0071,cycle_0071,cycle_0001,p1_win,0.0
204,cycle_0001,cycle_0071,cycle_0071,cycle_0001,p1_win,0.0
205,cycle_0001,cycle_0071,cycle_0071,cycle_0001,p1_win,0.0
206,cycle_0001,cycle_0071,cycle_0071,cycle_0001,p1_win,0.0
207,cycle_0001,cycle_0071,cycle_0071,cycle_0001,p1_win,0.0
208,cycle_0001,cycle_0071,cycle_0071,cycle_0001,p1_win,0.0
209,cycle_0001,cycle_0071,cycle_0071,cycle_0001,p1_win,0.0
210,cycle_0001,cycle_0071,cycle_0071,cycle_0001,p1_win,0.0
211,cycle_0001,cycle_0081,cycle_0001,cycle_0081,p2_win,0.0
212,cycle_0001,cycle_0081,cycle_0001,cycle_0081,p2_win,0.0
213,cycle_0001,cycle_0081,cycle_0001,cycle_0081,p2_win,0.0
214,cycle_0001,cycle_0081,cycle_0001,cycle_0081,p2_win,0.0
215,cycle_0001,cycle_0081,cycle_0001,cycle_0081,p2_win,0.0
216,cycle_0001,cycle_0081,cycle_0001,cycle_0081,p2_win,0.0
217,cycle_0001,cycle_0081,cycle_0001,cycle_0081,p2_win,0.0
218,cycle_0001,cycle_0081,cycle_0001,cycle_0081,p2_win,0.0
219,cycle_0001,cycle_0081,cycle_0001,cycle_0081,p2_win,0.0
220,cycle_0001,cycle_0081,cycle_0001,cycle_0081,p2_win,0.0
221,cycle_0001,cycle_0081,cycle_0001,cycle_0081,p2_win,0.0
222,cycle_0001,cycle_0081,cycle_0001,cycle_0081,p2_win,0.0
223,cycle_0001,cycle_0081,cycle_0001,cycle_0081,p2_win,0.0
224,cycle_0001,cycle_0081,cycle_0001,cycle_0081,p2_win,0.0
225,cycle_0001,cycle_0081,cycle_0001,cycle_0081,p2_win,0.0
226,cycle_0001,cycle_0081,cycle_0081,cycle_0001,p1_win,0.0
227,cycle_0001,cycle_0081,cycle_0081,cycle_0001,p1_win,0.0
228,cycle_0001,cycle_0081,cycle_0081,cycle_0001,p1_win,0.0
229,cycle_0001,cycle_0081,cycle_0081,cycle_0001,p1_win,0.0
230,cycle_0001,cycle_0081,cycle_0081,cycle_0001,p1_win,0.0
231,cycle_0001,cycle_0081,cycle_0081,cycle_0001,p1_win,0.0
232,cycle_0001,cycle_0081,cycle_0081,cycle_0001,p1_win,0.0
233,cycle_0001,cycle_0081,cycle_0081,cycle_0001,p1_win,0.0
234,cycle_0001,cycle_0081,cycle_0081,cycle_0001,p1_win,0.0
235,cycle_0001,cycle_0081,cycle_0081,cycle_0001,p1_win,0.0
236,cycle_0001,cycle_0081,cycle_0081,cycle_0001,p1_win,0.0
237,cycle_0001,cycle_0081,cycle_0081,cycle_0001,p1_win,0.0
238,cycle_0001,cycle_0081,cycle_0081,cycle_0001,p1_win,0.0
239,cycle_0001,cycle_0081,cycle_0081,cycle_0001,p1_win,0.0
240,cycle_0001,cycle_0081,cycle_0081,cycle_0001,p1_win,0.0
241,cycle_0001,cycle_0091,cycle_0001,cycle_0091,p2_win,0.0
242,cycle_0001,cycle_0091,cycle_0001,cycle_0091,p2_win,0.0
243,cycle_0001,cycle_0091,cycle_0001,cycle_0091,p2_win,0.0
244,cycle_0001,cycle_0091,cycle_0001,cycle_0091,p2_win,0.0
245,cycle_0001,cycle_0091,cycle_0001,cycle_0091,p2_win,0.0
246,cycle_0001,cycle_0091,cycle_0001,cycle_0091,p2_win,0.0
247,cycle_0001,cycle_0091,cycle_0001,cycle_0091,p2_win,0.0
248,cycle_0001,cycle_0091,cycle_0001,cycle_0091,p2_win,0.0
249,cycle_0001,cycle_0091,cycle_0001,cycle_0091,p2_win,0.0
250,cycle_0001,cycle_0091,cycle_0001,cycle_0091,p2_win,0.0
251,cycle_0001,cycle_0091,cycle_0001,cycle_0091,p2_win,0.0
252,cycle_0001,cycle_0091,cycle_0001,cycle_0091,p2_win,0.0
253,cycle_0001,cycle_0091,cycle_0001,cycle_0091,p2_win,0.0
254,cycle_0001,cycle_0091,cycle_0001,cycle_0091,p2_win,0.0
255,cycle_0001,cycle_0091,cycle_0001,cycle_0091,p2_win,0.0
256,cycle_0001,cycle_0091,cycle_0091,cycle_0001,p1_win,0.0
257,cycle_0001,cycle_0091,cycle_0091,cycle_0001,p1_win,0.0
258,cycle_0001,cycle_0091,cycle_0091,cycle_0001,p1_win,0.0
259,cycle_0001,cycle_0091,cycle_0091,cycle_0001,p1_win,0.0
260,cycle_0001,cycle_0091,cycle_0091,cycle_0001,p1_win,0.0
261,cycle_0001,cycle_0091,cycle_0091,cycle_0001,p1_win,0.0
262,cycle_0001,cycle_0091,cycle_0091,cycle_0001,p1_win,0.0
263,cycle_0001,cycle_0091,cycle_0091,cycle_0001,p1_win,0.0
264,cycle_0001,cycle_0091,cycle_0091,cycle_0001,p1_win,0.0
265,cycle_0001,cycle_0091,cycle_0091,cycle_0001,p1_win,0.0
266,cycle_0001,cycle_0091,cycle_0091,cycle_0001,p1_win,0.0
267,cycle_0001,cycle_0091,cycle_0091,cycle_0001,p1_win,0.0
268,cycle_0001,cycle_0091,cycle_0091,cycle_0001,p1_win,0.0
269,cycle_0001,cycle_0091,cycle_0091,cycle_0001,p1_win,0.0
270,cycle_0001,cycle_0091,cycle_0091,cycle_0001,p1_win,0.0
271,cycle_0001,cycle_0101,cycle_0001,cycle_0101,p2_win,0.0
272,cycle_0001,cycle_0101,cycle_0001,cycle_0101,p2_win,0.0
273,cycle_0001,cycle_0101,cycle_0001,cycle_0101,p2_win,0.0
274,cycle_0001,cycle_0101,cycle_0001,cycle_0101,p2_win,0.0
275,cycle_0001,cycle_0101,cycle_0001,cycle_0101,p2_win,0.0
276,cycle_0001,cycle_0101,cycle_0001,cycle_0101,p2_win,0.0
277,cycle_0001,cycle_0101,cycle_0001,cycle_0101,p2_win,0.0
278,cycle_0001,cycle_0101,cycle_0001,cycle_0101,p2_win,0.0
279,cycle_0001,cycle_0101,cycle_0001,cycle_0101,p2_win,0.0
280,cycle_0001,cycle_0101,cycle_0001,cycle_0101,p2_win,0.0
281,cycle_0001,cycle_0101,cycle_0001,cycle_0101,p2_win,0.0
282,cycle_0001,cycle_0101,cycle_0001,cycle_0101,p2_win,0.0
283,cycle_0001,cycle_0101,cycle_0001,cycle_0101,p2_win,0.0
284,cycle_0001,cycle_0101,cycle_0001,cycle_0101,p2_win,0.0
285,cycle_0001,cycle_0101,cycle_0001,cycle_0101,p2_win,0.0
286,cycle_0001,cycle_0101,cycle_0101,cycle_0001,p1_win,0.0
287,cycle_0001,cycle_0101,cycle_0101,cycle_0001,p1_win,0.0
288,cycle_0001,cycle_0101,cycle_0101,cycle_0001,p1_win,0.0
289,cycle_0001,cycle_0101,cycle_0101,cycle_0001,p1_win,0.0
290,cycle_0001,cycle_0101,cycle_0101,cycle_0001,p1_win,0.0
291,cycle_0001,cycle_0101,cycle_0101,cycle_0001,p1_win,0.0
292,cycle_0001,cycle_0101,cycle_0101,cycle_0001,p1_win,0.0
293,cycle_0001,cycle_0101,cycle_0101,cycle_0001,p1_win,0.0
294,cycle_0001,cycle_0101,cycle_0101,cycle_0001,p1_win,0.0
295,cycle_0001,cycle_0101,cycle_0101,cycle_0001,p1_win,0.0
296,cycle_0001,cycle_0101,cycle_0101,cycle_0001,p1_win,0.0
297,cycle_0001,cycle_0101,cycle_0101,cycle_0001,p1_win,0.0
298,cycle_0001,cycle_0101,cycle_0101,cycle_0001,p1_win,0.0
299,cycle_0001,cycle_0101,cycle_0101,cycle_0001,p1_win,0.0
300,cycle_0001,cycle_0101,cycle_0101,cycle_0001,p1_win,0.0
301,cycle_0001,cycle_0111,cycle_0001,cycle_0111,p2_win,0.0
302,cycle_0001,cycle_0111,cycle_0001,cycle_0111,p2_win,0.0
303,cycle_0001,cycle_0111,cycle_0001,cycle_0111,p2_win,0.0
304,cycle_0001,cycle_0111,cycle_0001,cycle_0111,p2_win,0.0
305,cycle_0001,cycle_0111,cycle_0001,cycle_0111,p2_win,0.0
306,cycle_0001,cycle_0111,cycle_0001,cycle_0111,p2_win,0.0
307,cycle_0001,cycle_0111,cycle_0001,cycle_0111,p2_win,0.0
308,cycle_0001,cycle_0111,cycle_0001,cycle_0111,p2_win,0.0
309,cycle_0001,cycle_0111,cycle_0001,cycle_0111,p2_win,0.0
310,cycle_0001,cycle_0111,cycle_0001,cycle_0111,p2_win,0.0
311,cycle_0001,cycle_0111,cycle_0001,cycle_0111,p2_win,0.0
312,cycle_0001,cycle_0111,cycle_0001,cycle_0111,p2_win,0.0
313,cycle_0001,cycle_0111,cycle_0001,cycle_0111,p2_win,0.0
314,cycle_0001,cycle_0111,cycle_0001,cycle_0111,p2_win,0.0
315,cycle_0001,cycle_0111,cycle_0001,cycle_0111,p2_win,0.0
316,cycle_0001,cycle_0111,cycle_0111,cycle_0001,p1_win,0.0
317,cycle_0001,cycle_0111,cycle_0111,cycle_0001,p1_win,0.0
318,cycle_0001,cycle_0111,cycle_0111,cycle_0001,p1_win,0.0
319,cycle_0001,cycle_0111,cycle_0111,cycle_0001,p1_win,0.0
320,cycle_0001,cycle_0111,cycle_0111,cycle_0001,p1_win,0.0
321,cycle_0001,cycle_0111,cycle_0111,cycle_0001,p1_win,0.0
322,cycle_0001,cycle_0111,cycle_0111,cycle_0001,p1_win,0.0
323,cycle_0001,cycle_0111,cycle_0111,cycle_0001,p1_win,0.0
324,cycle_0001,cycle_0111,cycle_0111,cycle_0001,p1_win,0.0
325,cycle_0001,cycle_0111,cycle_0111,cycle_0001,p1_win,0.0
326,cycle_0001,cycle_0111,cycle_0111,cycle_0001,p1_win,0.0
327,cycle_0001,cycle_0111,cycle_0111,cycle_0001,p1_win,0.0
328,cycle_0001,cycle_0111,cycle_0111,cycle_0001,p1_win,0.0
329,cycle_0001,cycle_0111,cycle_0111,cycle_0001,p1_win,0.0
330,cycle_0001,cycle_0111,cycle_0111,cycle_0001,p1_win,0.0
331,cycle_0001,cycle_0121,cycle_0001,cycle_0121,p2_win,0.0
332,cycle_0001,cycle_0121,cycle_0001,cycle_0121,p2_win,0.0
333,cycle_0001,cycle_0121,cycle_0001,cycle_0121,p2_win,0.0
334,cycle_0001,cycle_0121,cycle_0001,cycle_0121,p2_win,0.0
335,cycle_0001,cycle_0121,cycle_0001,cycle_0121,p2_win,0.0
336,cycle_0001,cycle_0121,cycle_0001,cycle_0121,p2_win,0.0
337,cycle_0001,cycle_0121,cycle_0001,cycle_0121,p2_win,0.0
338,cycle_0001,cycle_0121,cycle_0001,cycle_0121,p2_win,0.0
339,cycle_0001,cycle_0121,cycle_0001,cycle_0121,p2_win,0.0
340,cycle_0001,cycle_0121,cycle_0001,cycle_0121,p2_win,0.0
341,cycle_0001,cycle_0121,cycle_0001,cycle_0121,p2_win,0.0
342,cycle_0001,cycle_0121,cycle_0001,cycle_0121,p2_win,0.0
343,cycle_0001,cycle_0121,cycle_0001,cycle_0121,p2_win,0.0
344,cycle_0001,cycle_0121,cycle_0001,cycle_0121,p2_win,0.0
345,cycle_0001,cycle_0121,cycle_0001,cycle_0121,p2_win,0.0
346,cycle_0001,cycle_0121,cycle_0121,cycle_0001,p1_win,0.0
347,cycle_0001,cycle_0121,cycle_0121,cycle_0001,p1_win,0.0
348,cycle_0001,cycle_0121,cycle_0121,cycle_0001,p1_win,0.0
349,cycle_0001,cycle_0121,cycle_0121,cycle_0001,p1_win,0.0
350,cycle_0001,cycle_0121,cycle_0121,cycle_0001,p1_win,0.0
351,cycle_0001,cycle_0121,cycle_0121,cycle_0001,p1_win,0.0
352,cycle_0001,cycle_0121,cycle_0121,cycle_0001,p1_win,0.0
353,cycle_0001,cycle_0121,cycle_0121,cycle_0001,p1_win,0.0
354,cycle_0001,cycle_0121,cycle_0121,cycle_0001,p1_win,0.0
355,cycle_0001,cycle_0121,cycle_0121,cycle_0001,p1_win,0.0
356,cycle_0001,cycle_0121,cycle_0121,cycle_0001,p1_win,0.0
357,cycle_0001,cycle_0121,cycle_0121,cycle_0001,p1_win,0.0
358,cycle_0001,cycle_0121,cycle_0121,cycle_0001,p1_win,0.0
359,cycle_0001,cycle_0121,cycle_0121,cycle_0001,p1_win,0.0
360,cycle_0001,cycle_0121,cycle_0121,cycle_0001,p1_win,0.0
361,cycle_0001,cycle_0131,cycle_0001,cycle_0131,p2_win,0.0
362,cycle_0001,cycle_0131,cycle_0001,cycle_0131,p2_win,0.0
363,cycle_0001,cycle_0131,cycle_0001,cycle_0131,p2_win,0.0
364,cycle_0001,cycle_0131,cycle_0001,cycle_0131,p2_win,0.0
365,cycle_0001,cycle_0131,cycle_0001,cycle_0131,p2_win,0.0
366,cycle_0001,cycle_0131,cycle_0001,cycle_0131,p2_win,0.0
367,cycle_0001,cycle_0131,cycle_0001,cycle_0131,p2_win,0.0
368,cycle_0001,cycle_0131,cycle_0001,cycle_0131,p2_win,0.0
369,cycle_0001,cycle_0131,cycle_0001,cycle_0131,p2_win,0.0
370,cycle_0001,cycle_0131,cycle_0001,cycle_0131,p2_win,0.0
371,cycle_0001,cycle_0131,cycle_0001,cycle_0131,p2_win,0.0
372,cycle_0001,cycle_0131,cycle_0001,cycle_0131,p2_win,0.0
373,cycle_0001,cycle_0131,cycle_0001,cycle_0131,p2_win,0.0
374,cycle_0001,cycle_0131,cycle_0001,cycle_0131,p2_win,0.0
375,cycle_0001,cycle_0131,cycle_0001,cycle_0131,p2_win,0.0
376,cycle_0001,cycle_0131,cycle_0131,cycle_0001,p1_win,0.0
377,cycle_0001,cycle_0131,cycle_0131,cycle_0001,p1_win,0.0
378,cycle_0001,cycle_0131,cycle_0131,cycle_0001,p1_win,0.0
379,cycle_0001,cycle_0131,cycle_0131,cycle_0001,p1_win,0.0
380,cycle_0001,cycle_0131,cycle_0131,cycle_0001,p1_win,0.0
381,cycle_0001,cycle_0131,cycle_0131,cycle_0001,p1_win,0.0
382,cycle_0001,cycle_0131,cycle_0131,cycle_0001,p1_win,0.0
383,cycle_0001,cycle_0131,cycle_0131,cycle_0001,p1_win,0.0
384,cycle_0001,cycle_0131,cycle_0131,cycle_0001,p1_win,0.0
385,cycle_0001,cycle_0131,cycle_0131,cycle_0001,p1_win,0.0
386,cycle_0001,cycle_0131,cycle_0131,cycle_0001,p1_win,0.0
387,cycle_0001,cycle_0131,cycle_0131,cycle_0001,p1_win,0.0
388,cycle_0001,cycle_0131,cycle_0131,cycle_0001,p1_win,0.0
389,cycle_0001,cycle_0131,cycle_0131,cycle_0001,p1_win,0.0
390,cycle_0001,cycle_0131,cycle_0131,cycle_0001,p1_win,0.0
391,cycle_0001,cycle_0141,cycle_0001,cycle_0141,p2_win,0.0
392,cycle_0001,cycle_0141,cycle_0001,cycle_0141,p2_win,0.0
393,cycle_0001,cycle_0141,cycle_0001,cycle_0141,p2_win,0.0
394,cycle_0001,cycle_0141,cycle_0001,cycle_0141,p2_win,0.0
395,cycle_0001,cycle_0141,cycle_0001,cycle_0141,p2_win,0.0
396,cycle_0001,cycle_0141,cycle_0001,cycle_0141,p2_win,0.0
397,cycle_0001,cycle_0141,cycle_0001,cycle_0141,p2_win,0.0
398,cycle_0001,cycle_0141,cycle_0001,cycle_0141,p2_win,0.0
399,cycle_0001,cycle_0141,cycle_0001,cycle_0141,p2_win,0.0
400,cycle_0001,cycle_0141,cycle_0001,cycle_0141,p2_win,0.0
401,cycle_0001,cycle_0141,cycle_0001,cycle_0141,p2_win,0.0
402,cycle_0001,cycle_0141,cycle_0001,cycle_0141,p2_win,0.0
403,cycle_0001,cycle_0141,cycle_0001,cycle_0141,p2_win,0.0
404,cycle_0001,cycle_0141,cycle_0001,cycle_0141,p2_win,0.0
405,cycle_0001,cycle_0141,cycle_0001,cycle_0141,p2_win,0.0
406,cycle_0001,cycle_0141,cycle_0141,cycle_0001,p1_win,0.0
407,cycle_0001,cycle_0141,cycle_0141,cycle_0001,p1_win,0.0
408,cycle_0001,cycle_0141,cycle_0141,cycle_0001,p1_win,0.0
409,cycle_0001,cycle_0141,cycle_0141,cycle_0001,p1_win,0.0
410,cycle_0001,cycle_0141,cycle_0141,cycle_0001,p1_win,0.0
411,cycle_0001,cycle_0141,cycle_0141,cycle_0001,p1_win,0.0
412,cycle_0001,cycle_0141,cycle_0141,cycle_0001,p1_win,0.0
413,cycle_0001,cycle_0141,cycle_0141,cycle_0001,p1_win,0.0
414,cycle_0001,cycle_0141,cycle_0141,cycle_0001,p1_win,0.0
415,cycle_0001,cycle_0141,cycle_0141,cycle_0001,p1_win,0.0
416,cycle_0001,cycle_0141,cycle_0141,cycle_0001,p1_win,0.0
417,cycle_0001,cycle_0141,cycle_0141,cycle_0001,p1_win,0.0
418,cycle_0001,cycle_0141,cycle_0141,cycle_0001,p1_win,0.0
419,cycle_0001,cycle_0141,cycle_0141,cycle_0001,p1_win,0.0
420,cycle_0001,cycle_0141,cycle_0141,cycle_0001,p1_win,0.0
421,cycle_0001,models_7x7_v2\best.pt,cycle_0001,models_7x7_v2\best.pt,p2_win,0.0
422,cycle_0001,models_7x7_v2\best.pt,cycle_0001,models_7x7_v2\best.pt,p2_win,0.0
423,cycle_0001,models_7x7_v2\best.pt,cycle_0001,models_7x7_v2\best.pt,p2_win,0.0
424,cycle_0001,models_7x7_v2\best.pt,cycle_0001,models_7x7_v2\best.pt,p2_win,0.0
425,cycle_0001,models_7x7_v2\best.pt,cycle_0001,models_7x7_v2\best.pt,p2_win,0.0
426,cycle_0001,models_7x7_v2\best.pt,cycle_0001,models_7x7_v2\best.pt,p2_win,0.0
427,cycle_0001,models_7x7_v2\best.pt,cycle_0001,models_7x7_v2\best.pt,p2_win,0.0
428,cycle_0001,models_7x7_v2\best.pt,cycle_0001,models_7x7_v2\best.pt,p2_win,0.0
429,cycle_0001,models_7x7_v2\best.pt,cycle_0001,models_7x7_v2\best.pt,p2_win,0.0
430,cycle_0001,models_7x7_v2\best.pt,cycle_0001,models_7x7_v2\best.pt,p2_win,0.0
431,cycle_0001,models_7x7_v2\best.pt,cycle_0001,models_7x7_v2\best.pt,p2_win,0.0
432,cycle_0001,models_7x7_v2\best.pt,cycle_0001,models_7x7_v2\best.pt,p2_win,0.0
433,cycle_0001,models_7x7_v2\best.pt,cycle_0001,models_7x7_v2\best.pt,p2_win,0.0
434,cycle_0001,models_7x7_v2\best.pt,cycle_0001,models_7x7_v2\best.pt,p2_win,0.0
435,cycle_0001,models_7x7_v2\best.pt,cycle_0001,models_7x7_v2\best.pt,p2_win,0.0
436,cycle_0001,models_7x7_v2\best.pt,models_7x7_v2\best.pt,cycle_0001,p1_win,0.0
437,cycle_0001,models_7x7_v2\best.pt,models_7x7_v2\best.pt,cycle_0001,p1_win,0.0
438,cycle_0001,models_7x7_v2\best.pt,models_7x7_v2\best.pt,cycle_0001,p1_win,0.0
439,cycle_0001,models_7x7_v2\best.pt,models_7x7_v2\best.pt,cycle_0001,p1_win,0.0
440,cycle_0001,models_7x7_v2\best.pt,models_7x7_v2\best.pt,cycle_0001,p1_win,0.0
441,cycle_0001,models_7x7_v2\best.pt,models_7x7_v2\best.pt,cycle_0001,p1_win,0.0
442,cycle_0001,models_7x7_v2\best.pt,models_7x7_v2\best.pt,cycle_0001,p1_win,0.0
443,cycle_0001,models_7x7_v2\best.pt,models_7x7_v2\best.pt,cycle_0001,p1_win,0.0
444,cycle_0001,models_7x7_v2\best.pt,models_7x7_v2\best.pt,cycle_0001,p1_win,0.0
445,cycle_0001,models_7x7_v2\best.pt,models_7x7_v2\best.pt,cycle_0001,p1_win,0.0
446,cycle_0001,models_7x7_v2\best.pt,models_7x7_v2\best.pt,cycle_0001,p1_win,0.0
447,cycle_0001,models_7x7_v2\best.pt,models_7x7_v2\best.pt,cycle_0001,p1_win,0.0
448,cycle_0001,models_7x7_v2\best.pt,models_7x7_v2\best.pt,cycle_0001,p1_win,0.0
449,cycle_0001,models_7x7_v2\best.pt,models_7x7_v2\best.pt,cycle_0001,p1_win,0.0
450,cycle_0001,models_7x7_v2\best.pt,models_7x7_v2\best.pt,cycle_0001,p1_win,0.0
451,cycle_0001,minimax-2,cycle_0001,minimax-2,p2_win,0.0
452,cycle_0001,minimax-2,cycle_0001,minimax-2,p2_win,0.0
453,cycle_0001,minimax-2,cycle_0001,minimax-2,p2_win,0.0
454,cycle_0001,minimax-2,cycle_0001,minimax-2,p2_win,0.0
455,cycle_0001,minimax-2,cycle_0001,minimax-2,p2_win,0.0
456,cycle_0001,minimax-2,cycle_0001,minimax-2,p2_win,0.0
457,cycle_0001,minimax-2,cycle_0001,minimax-2,p2_win,0.0
458,cycle_0001,minimax-2,cycle_0001,minimax-2,p2_win,0.0
459,cycle_0001,minimax-2,cycle_0001,minimax-2,p2_win,0.0
460,cycle_0001,minimax-2,cycle_0001,minimax-2,p2_win,0.0
461,cycle_0001,minimax-2,cycle_0001,minimax-2,p2_win,0.0
462,cycle_0001,minimax-2,cycle_0001,minimax-2,p2_win,0.0
463,cycle_0001,minimax-2,cycle_0001,minimax-2,p2_win,0.0
464,cycle_0001,minimax-2,cycle_0001,minimax-2,p2_win,0.0
465,cycle_0001,minimax-2,cycle_0001,minimax-2,p2_win,0.0
466,cycle_0001,minimax-2,minimax-2,cycle_0001,p1_win,0.0
467,cycle_0001,minimax-2,minimax-2,cycle_0001,p1_win,0.0
468,cycle_0001,minimax-2,minimax-2,cycle_0001,p1_win,0.0
469,cycle_0001,minimax-2,minimax-2,cycle_0001,p1_win,0.0
470,cycle_0001,minimax-2,minimax-2,cycle_0001,p1_win,0.0
471,cycle_0001,minimax-2,minimax-2,cycle_0001,p1_win,0.0
472,cycle_0001,minimax-2,minimax-2,cycle_0001,p1_win,0.0
473,cycle_0001,minimax-2,minimax-2,cycle_0001,p1_win,0.0
474,cycle_0001,minimax-2,minimax-2,cycle_0001,p1_win,0.0
475,cycle_0001,minimax-2,minimax-2,cycle_0001,p1_win,0.0
476,cycle_0001,minimax-2,minimax-2,cycle_0001,p1_win,0.0
477,cycle_0001,minimax-2,minimax-2,cycle_0001,p1_win,0.0
478,cycle_0001,minimax-2,minimax-2,cycle_0001,p1_win,0.0
479,cycle_0001,minimax-2,minimax-2,cycle_0001,p1_win,0.0
480,cycle_0001,minimax-2,minimax-2,cycle_0001,p1_win,0.0
481,cycle_0001,minimax-3,cycle_0001,minimax-3,p2_win,0.0
482,cycle_0001,minimax-3,cycle_0001,minimax-3,p2_win,0.0
483,cycle_0001,minimax-3,cycle_0001,minimax-3,p2_win,0.0
484,cycle_0001,minimax-3,cycle_0001,minimax-3,p2_win,0.0
485,cycle_0001,minimax-3,cycle_0001,minimax-3,p2_win,0.0
486,cycle_0001,minimax-3,cycle_0001,minimax-3,p2_win,0.0
487,cycle_0001,minimax-3,cycle_0001,minimax-3,p2_win,0.0
488,cycle_0001,minimax-3,cycle_0001,minimax-3,p2_win,0.0
489,cycle_0001,minimax-3,cycle_0001,minimax-3,p2_win,0.0
490,cycle_0001,minimax-3,cycle_0001,minimax-3,p2_win,0.0
491,cycle_0001,minimax-3,cycle_0001,minimax-3,p2_win,0.0
492,cycle_0001,minimax-3,cycle_0001,minimax-3,p2_win,0.0
493,cycle_0001,minimax-3,cycle_0001,minimax-3,p2_win,0.0
494,cycle_0001,minimax-3,cycle_0001,minimax-3,p2_win,0.0
495,cycle_0001,minimax-3,cycle_0001,minimax-3,p2_win,0.0
496,cycle_0001,minimax-3,minimax-3,cycle_0001,p1_win,0.0
497,cycle_0001,minimax-3,minimax-3,cycle_0001,p1_win,0.0
498,cycle_0001,minimax-3,minimax-3,cycle_0001,p1_win,0.0
499,cycle_0001,minimax-3,minimax-3,cycle_0001,p1_win,0.0
500,cycle_0001,minimax-3,minimax-3,cycle_0001,p1_win,0.0
501,cycle_0001,minimax-3,minimax-3,cycle_0001,p1_win,0.0
502,cycle_0001,minimax-3,minimax-3,cycle_0001,p1_win,0.0
503,cycle_0001,minimax-3,minimax-3,cycle_0001,p1_win,0.0
504,cycle_0001,minimax-3,minimax-3,cycle_0001,p1_win,0.0
505,cycle_0001,minimax-3,minimax-3,cycle_0001,p1_win,0.0
506,cycle_0001,minimax-3,minimax-3,cycle_0001,p1_win,0.0
507,cycle_0001,minimax-3,minimax-3,cycle_0001,p1_win,0.0
508,cycle_0001,minimax-3,minimax-3,cycle_0001,p1_win,0.0
509,cycle_0001,minimax-3,minimax-3,cycle_0001,p1_win,0.0
510,cycle_0001,minimax-3,minimax-3,cycle_0001,p1_win,0.0
511,cycle_0011,cycle_0021,cycle_0011,cycle_0021,p1_win,1.0
512,cycle_0011,cycle_0021,cycle_0011,cycle_0021,p2_win,0.0
513,cycle_0011,cycle_0021,cycle_0011,cycle_0021,p1_win,1.0
514,cycle_0011,cycle_0021,cycle_0011,cycle_0021,p2_win,0.0
515,cycle_0011,cycle_0021,cycle_0011,cycle_0021,p2_win,0.0
516,cycle_0011,cycle_0021,cycle_0011,cycle_0021,p1_win,1.0
517,cycle_0011,cycle_0021,cycle_0011,cycle_0021,p2_win,0.0
518,cycle_0011,cycle_0021,cycle_0011,cycle_0021,p2_win,0.0
519,cycle_0011,cycle_0021,cycle_0011,cycle_0021,p2_win,0.0
520,cycle_0011,cycle_0021,cycle_0011,cycle_0021,p2_win,0.0
521,cycle_0011,cycle_0021,cycle_0011,cycle_0021,p1_win,1.0
522,cycle_0011,cycle_0021,cycle_0011,cycle_0021,p2_win,0.0
523,cycle_0011,cycle_0021,cycle_0011,cycle_0021,p2_win,0.0
524,cycle_0011,cycle_0021,cycle_0011,cycle_0021,p2_win,0.0
525,cycle_0011,cycle_0021,cycle_0011,cycle_0021,p2_win,0.0
526,cycle_0011,cycle_0021,cycle_0021,cycle_0011,p2_win,1.0
527,cycle_0011,cycle_0021,cycle_0021,cycle_0011,p1_win,0.0
528,cycle_0011,cycle_0021,cycle_0021,cycle_0011,p1_win,0.0
529,cycle_0011,cycle_0021,cycle_0021,cycle_0011,p1_win,0.0
530,cycle_0011,cycle_0021,cycle_0021,cycle_0011,p2_win,1.0
531,cycle_0011,cycle_0021,cycle_0021,cycle_0011,p2_win,1.0
532,cycle_0011,cycle_0021,cycle_0021,cycle_0011,p1_win,0.0
533,cycle_0011,cycle_0021,cycle_0021,cycle_0011,p1_win,0.0
534,cycle_0011,cycle_0021,cycle_0021,cycle_0011,p2_win,1.0
535,cycle_0011,cycle_0021,cycle_0021,cycle_0011,p2_win,1.0
536,cycle_0011,cycle_0021,cycle_0021,cycle_0011,p1_win,0.0
537,cycle_0011,cycle_0021,cycle_0021,cycle_0011,p2_win,1.0
538,cycle_0011,cycle_0021,cycle_0021,cycle_0011,p2_win,1.0
539,cycle_0011,cycle_0021,cycle_0021,cycle_0011,p1_win,0.0
540,cycle_0011,cycle_0021,cycle_0021,cycle_0011,p2_win,1.0
541,cycle_0011,cycle_0031,cycle_0011,cycle_0031,p2_win,0.0
542,cycle_0011,cycle_0031,cycle_0011,cycle_0031,p2_win,0.0
543,cycle_0011,cycle_0031,cycle_0011,cycle_0031,p2_win,0.0
544,cycle_0011,cycle_0031,cycle_0011,cycle_0031,p2_win,0.0
545,cycle_0011,cycle_0031,cycle_0011,cycle_0031,p2_win,0.0
546,cycle_0011,cycle_0031,cycle_0011,cycle_0031,p2_win,0.0
547,cycle_0011,cycle_0031,cycle_0011,cycle_0031,p2_win,0.0
548,cycle_0011,cycle_0031,cycle_0011,cycle_0031,p2_win,0.0
549,cycle_0011,cycle_0031,cycle_0011,cycle_0031,p2_win,0.0
550,cycle_0011,cycle_0031,cycle_0011,cycle_0031,p2_win,0.0
551,cycle_0011,cycle_0031,cycle_0011,cycle_0031,p2_win,0.0
552,cycle_0011,cycle_0031,cycle_0011,cycle_0031,p2_win,0.0
553,cycle_0011,cycle_0031,cycle_0011,cycle_0031,p2_win,0.0
554,cycle_0011,cycle_0031,cycle_0011,cycle_0031,p2_win,0.0
555,cycle_0011,cycle_0031,cycle_0011,cycle_0031,p2_win,0.0
556,cycle_0011,cycle_0031,cycle_0031,cycle_0011,p1_win,0.0
557,cycle_0011,cycle_0031,cycle_0031,cycle_0011,p1_win,0.0
558,cycle_0011,cycle_0031,cycle_0031,cycle_0011,p1_win,0.0
559,cycle_0011,cycle_0031,cycle_0031,cycle_0011,p1_win,0.0
560,cycle_0011,cycle_0031,cycle_0031,cycle_0011,p1_win,0.0
561,cycle_0011,cycle_0031,cycle_0031,cycle_0011,p1_win,0.0
562,cycle_0011,cycle_0031,cycle_0031,cycle_0011,p1_win,0.0
563,cycle_0011,cycle_0031,cycle_0031,cycle_0011,p1_win,0.0
564,cycle_0011,cycle_0031,cycle_0031,cycle_0011,p1_win,0.0
565,cycle_0011,cycle_0031,cycle_0031,cycle_0011,p1_win,0.0
566,cycle_0011,cycle_0031,cycle_0031,cycle_0011,p1_win,0.0
567,cycle_0011,cycle_0031,cycle_0031,cycle_0011,p1_win,0.0
568,cycle_0011,cycle_0031,cycle_0031,cycle_0011,p1_win,0.0
569,cycle_0011,cycle_0031,cycle_0031,cycle_0011,p1_win,0.0
570,cycle_0011,cycle_0031,cycle_0031,cycle_0011,p1_win,0.0
571,cycle_0011,cycle_0041,cycle_0011,cycle_0041,p2_win,0.0
572,cycle_0011,cycle_0041,cycle_0011,cycle_0041,p2_win,0.0
573,cycle_0011,cycle_0041,cycle_0011,cycle_0041,p2_win,0.0
574,cycle_0011,cycle_0041,cycle_0011,cycle_0041,p2_win,0.0
575,cycle_0011,cycle_0041,cycle_0011,cycle_0041,p2_win,0.0
576,cycle_0011,cycle_0041,cycle_0011,cycle_0041,p2_win,0.0
577,cycle_0011,cycle_0041,cycle_0011,cycle_0041,p2_win,0.0
578,cycle_0011,cycle_0041,cycle_0011,cycle_0041,p2_win,0.0
579,cycle_0011,cycle_0041,cycle_0011,cycle_0041,p2_win,0.0
580,cycle_0011,cycle_0041,cycle_0011,cycle_0041,p2_win,0.0
581,cycle_0011,cycle_0041,cycle_0011,cycle_0041,p2_win,0.0
582,cycle_0011,cycle_0041,cycle_0011,cycle_0041,p2_win,0.0
583,cycle_0011,cycle_0041,cycle_0011,cycle_0041,p2_win,0.0
584,cycle_0011,cycle_0041,cycle_0011,cycle_0041,p2_win,0.0
585,cycle_0011,cycle_0041,cycle_0011,cycle_0041,p2_win,0.0
586,cycle_0011,cycle_0041,cycle_0041,cycle_0011,p1_win,0.0
587,cycle_0011,cycle_0041,cycle_0041,cycle_0011,p1_win,0.0
588,cycle_0011,cycle_0041,cycle_0041,cycle_0011,p1_win,0.0
589,cycle_0011,cycle_0041,cycle_0041,cycle_0011,p1_win,0.0
590,cycle_0011,cycle_0041,cycle_0041,cycle_0011,p1_win,0.0
591,cycle_0011,cycle_0041,cycle_0041,cycle_0011,p1_win,0.0
592,cycle_0011,cycle_0041,cycle_0041,cycle_0011,p1_win,0.0
593,cycle_0011,cycle_0041,cycle_0041,cycle_0011,p1_win,0.0
594,cycle_0011,cycle_0041,cycle_0041,cycle_0011,p1_win,0.0
595,cycle_0011,cycle_0041,cycle_0041,cycle_0011,p1_win,0.0
596,cycle_0011,cycle_0041,cycle_0041,cycle_0011,p1_win,0.0
597,cycle_0011,cycle_0041,cycle_0041,cycle_0011,p1_win,0.0
598,cycle_0011,cycle_0041,cycle_0041,cycle_0011,p1_win,0.0
599,cycle_0011,cycle_0041,cycle_0041,cycle_0011,p1_win,0.0
600,cycle_0011,cycle_0041,cycle_0041,cycle_0011,p1_win,0.0
601,cycle_0011,cycle_0051,cycle_0011,cycle_0051,p2_win,0.0
602,cycle_0011,cycle_0051,cycle_0011,cycle_0051,p2_win,0.0
603,cycle_0011,cycle_0051,cycle_0011,cycle_0051,p2_win,0.0
604,cycle_0011,cycle_0051,cycle_0011,cycle_0051,p2_win,0.0
605,cycle_0011,cycle_0051,cycle_0011,cycle_0051,p2_win,0.0
606,cycle_0011,cycle_0051,cycle_0011,cycle_0051,p2_win,0.0
607,cycle_0011,cycle_0051,cycle_0011,cycle_0051,p2_win,0.0
608,cycle_0011,cycle_0051,cycle_0011,cycle_0051,p2_win,0.0
609,cycle_0011,cycle_0051,cycle_0011,cycle_0051,p2_win,0.0
610,cycle_0011,cycle_0051,cycle_0011,cycle_0051,p2_win,0.0
611,cycle_0011,cycle_0051,cycle_0011,cycle_0051,p2_win,0.0
612,cycle_0011,cycle_0051,cycle_0011,cycle_0051,p2_win,0.0
613,cycle_0011,cycle_0051,cycle_0011,cycle_0051,p2_win,0.0
614,cycle_0011,cycle_0051,cycle_0011,cycle_0051,p2_win,0.0
615,cycle_0011,cycle_0051,cycle_0011,cycle_0051,p2_win,0.0
616,cycle_0011,cycle_0051,cycle_0051,cycle_0011,p1_win,0.0
617,cycle_0011,cycle_0051,cycle_0051,cycle_0011,p1_win,0.0
618,cycle_0011,cycle_0051,cycle_0051,cycle_0011,p1_win,0.0
619,cycle_0011,cycle_0051,cycle_0051,cycle_0011,p1_win,0.0
620,cycle_0011,cycle_0051,cycle_0051,cycle_0011,p1_win,0.0
621,cycle_0011,cycle_0051,cycle_0051,cycle_0011,p1_win,0.0
622,cycle_0011,cycle_0051,cycle_0051,cycle_0011,p1_win,0.0
623,cycle_0011,cycle_0051,cycle_0051,cycle_0011,p1_win,0.0
624,cycle_0011,cycle_0051,cycle_0051,cycle_0011,p1_win,0.0
625,cycle_0011,cycle_0051,cycle_0051,cycle_0011,p1_win,0.0
626,cycle_0011,cycle_0051,cycle_0051,cycle_0011,p1_win,0.0
627,cycle_0011,cycle_0051,cycle_0051,cycle_0011,p1_win,0.0
628,cycle_0011,cycle_0051,cycle_0051,cycle_0011,p1_win,0.0
629,cycle_0011,cycle_0051,cycle_0051,cycle_0011,p1_win,0.0
630,cycle_0011,cycle_0051,cycle_0051,cycle_0011,p1_win,0.0
631,cycle_0011,cycle_0061,cycle_0011,cycle_0061,p2_win,0.0
632,cycle_0011,cycle_0061,cycle_0011,cycle_0061,p2_win,0.0
633,cycle_0011,cycle_0061,cycle_0011,cycle_0061,p2_win,0.0
634,cycle_0011,cycle_0061,cycle_0011,cycle_0061,p2_win,0.0
635,cycle_0011,cycle_0061,cycle_0011,cycle_0061,p2_win,0.0
636,cycle_0011,cycle_0061,cycle_0011,cycle_0061,p2_win,0.0
637,cycle_0011,cycle_0061,cycle_0011,cycle_0061,p2_win,0.0
638,cycle_0011,cycle_0061,cycle_0011,cycle_0061,p2_win,0.0
639,cycle_0011,cycle_0061,cycle_0011,cycle_0061,p2_win,0.0
640,cycle_0011,cycle_0061,cycle_0011,cycle_0061,p2_win,0.0
641,cycle_0011,cycle_0061,cycle_0011,cycle_0061,p2_win,0.0
642,cycle_0011,cycle_0061,cycle_0011,cycle_0061,p2_win,0.0
643,cycle_0011,cycle_0061,cycle_0011,cycle_0061,p2_win,0.0
644,cycle_0011,cycle_0061,cycle_0011,cycle_0061,p2_win,0.0
645,cycle_0011,cycle_0061,cycle_0011,cycle_0061,p2_win,0.0
646,cycle_0011,cycle_0061,cycle_0061,cycle_0011,p1_win,0.0
647,cycle_0011,cycle_0061,cycle_0061,cycle_0011,p1_win,0.0
648,cycle_0011,cycle_0061,cycle_0061,cycle_0011,p1_win,0.0
649,cycle_0011,cycle_0061,cycle_0061,cycle_0011,p1_win,0.0
650,cycle_0011,cycle_0061,cycle_0061,cycle_0011,p1_win,0.0
651,cycle_0011,cycle_0061,cycle_0061,cycle_0011,p1_win,0.0
652,cycle_0011,cycle_0061,cycle_0061,cycle_0011,p1_win,0.0
653,cycle_0011,cycle_0061,cycle_0061,cycle_0011,p1_win,0.0
654,cycle_0011,cycle_0061,cycle_0061,cycle_0011,p1_win,0.0
655,cycle_0011,cycle_0061,cycle_0061,cycle_0011,p1_win,0.0
656,cycle_0011,cycle_0061,cycle_0061,cycle_0011,p1_win,0.0
657,cycle_0011,cycle_0061,cycle_0061,cycle_0011,p1_win,0.0
658,cycle_0011,cycle_0061,cycle_0061,cycle_0011,p1_win,0.0
659,cycle_0011,cycle_0061,cycle_0061,cycle_0011,p1_win,0.0
660,cycle_0011,cycle_0061,cycle_0061,cycle_0011,p1_win,0.0
661,cycle_0011,cycle_0071,cycle_0011,cycle_0071,p2_win,0.0
662,cycle_0011,cycle_0071,cycle_0011,cycle_0071,p2_win,0.0
663,cycle_0011,cycle_0071,cycle_0011,cycle_0071,p2_win,0.0
664,cycle_0011,cycle_0071,cycle_0011,cycle_0071,p2_win,0.0
665,cycle_0011,cycle_0071,cycle_0011,cycle_0071,p2_win,0.0
666,cycle_0011,cycle_0071,cycle_0011,cycle_0071,p2_win,0.0
667,cycle_0011,cycle_0071,cycle_0011,cycle_0071,p2_win,0.0
668,cycle_0011,cycle_0071,cycle_0011,cycle_0071,p2_win,0.0
669,cycle_0011,cycle_0071,cycle_0011,cycle_0071,p2_win,0.0
670,cycle_0011,cycle_0071,cycle_0011,cycle_0071,p2_win,0.0
671,cycle_0011,cycle_0071,cycle_0011,cycle_0071,p2_win,0.0
672,cycle_0011,cycle_0071,cycle_0011,cycle_0071,p2_win,0.0
673,cycle_0011,cycle_0071,cycle_0011,cycle_0071,p2_win,0.0
674,cycle_0011,cycle_0071,cycle_0011,cycle_0071,p2_win,0.0
675,cycle_0011,cycle_0071,cycle_0011,cycle_0071,p2_win,0.0
676,cycle_0011,cycle_0071,cycle_0071,cycle_0011,p1_win,0.0
677,cycle_0011,cycle_0071,cycle_0071,cycle_0011,p1_win,0.0
678,cycle_0011,cycle_0071,cycle_0071,cycle_0011,p1_win,0.0
679,cycle_0011,cycle_0071,cycle_0071,cycle_0011,p1_win,0.0
680,cycle_0011,cycle_0071,cycle_0071,cycle_0011,p1_win,0.0
681,cycle_0011,cycle_0071,cycle_0071,cycle_0011,p1_win,0.0
682,cycle_0011,cycle_0071,cycle_0071,cycle_0011,p1_win,0.0
683,cycle_0011,cycle_0071,cycle_0071,cycle_0011,p1_win,0.0
684,cycle_0011,cycle_0071,cycle_0071,cycle_0011,p1_win,0.0
685,cycle_0011,cycle_0071,cycle_0071,cycle_0011,p1_win,0.0
686,cycle_0011,cycle_0071,cycle_0071,cycle_0011,p1_win,0.0
687,cycle_0011,cycle_0071,cycle_0071,cycle_0011,p1_win,0.0
688,cycle_0011,cycle_0071,cycle_0071,cycle_0011,p1_win,0.0
689,cycle_0011,cycle_0071,cycle_0071,cycle_0011,p1_win,0.0
690,cycle_0011,cycle_0071,cycle_0071,cycle_0011,p1_win,0.0
691,cycle_0011,cycle_0081,cycle_0011,cycle_0081,p2_win,0.0
692,cycle_0011,cycle_0081,cycle_0011,cycle_0081,p2_win,0.0
693,cycle_0011,cycle_0081,cycle_0011,cycle_0081,p2_win,0.0
694,cycle_0011,cycle_0081,cycle_0011,cycle_0081,p2_win,0.0
695,cycle_0011,cycle_0081,cycle_0011,cycle_0081,p2_win,0.0
696,cycle_0011,cycle_0081,cycle_0011,cycle_0081,p2_win,0.0
697,cycle_0011,cycle_0081,cycle_0011,cycle_0081,p2_win,0.0
698,cycle_0011,cycle_0081,cycle_0011,cycle_0081,p2_win,0.0
699,cycle_0011,cycle_0081,cycle_0011,cycle_0081,p2_win,0.0
700,cycle_0011,cycle_0081,cycle_0011,cycle_0081,p2_win,0.0
701,cycle_0011,cycle_0081,cycle_0011,cycle_0081,p2_win,0.0
702,cycle_0011,cycle_0081,cycle_0011,cycle_0081,p2_win,0.0
703,cycle_0011,cycle_0081,cycle_0011,cycle_0081,p2_win,0.0
704,cycle_0011,cycle_0081,cycle_0011,cycle_0081,p2_win,0.0
705,cycle_0011,cycle_0081,cycle_0011,cycle_0081,p2_win,0.0
706,cycle_0011,cycle_0081,cycle_0081,cycle_0011,p1_win,0.0
707,cycle_0011,cycle_0081,cycle_0081,cycle_0011,p1_win,0.0
708,cycle_0011,cycle_0081,cycle_0081,cycle_0011,p1_win,0.0
709,cycle_0011,cycle_0081,cycle_0081,cycle_0011,p1_win,0.0
710,cycle_0011,cycle_0081,cycle_0081,cycle_0011,p1_win,0.0
711,cycle_0011,cycle_0081,cycle_0081,cycle_0011,p1_win,0.0
712,cycle_0011,cycle_0081,cycle_0081,cycle_0011,p1_win,0.0
713,cycle_0011,cycle_0081,cycle_0081,cycle_0011,p1_win,0.0
714,cycle_0011,cycle_0081,cycle_0081,cycle_0011,p1_win,0.0
715,cycle_0011,cycle_0081,cycle_0081,cycle_0011,p1_win,0.0
716,cycle_0011,cycle_0081,cycle_0081,cycle_0011,p1_win,0.0
717,cycle_0011,cycle_0081,cycle_0081,cycle_0011,p1_win,0.0
718,cycle_0011,cycle_0081,cycle_0081,cycle_0011,p1_win,0.0
719,cycle_0011,cycle_0081,cycle_0081,cycle_0011,p1_win,0.0
720,cycle_0011,cycle_0081,cycle_0081,cycle_0011,p1_win,0.0
721,cycle_0011,cycle_0091,cycle_0011,cycle_0091,p2_win,0.0
722,cycle_0011,cycle_0091,cycle_0011,cycle_0091,p2_win,0.0
723,cycle_0011,cycle_0091,cycle_0011,cycle_0091,p2_win,0.0
724,cycle_0011,cycle_0091,cycle_0011,cycle_0091,p2_win,0.0
725,cycle_0011,cycle_0091,cycle_0011,cycle_0091,p2_win,0.0
726,cycle_0011,cycle_0091,cycle_0011,cycle_0091,p2_win,0.0
727,cycle_0011,cycle_0091,cycle_0011,cycle_0091,p2_win,0.0
728,cycle_0011,cycle_0091,cycle_0011,cycle_0091,p2_win,0.0
729,cycle_0011,cycle_0091,cycle_0011,cycle_0091,p2_win,0.0
730,cycle_0011,cycle_0091,cycle_0011,cycle_0091,p2_win,0.0
731,cycle_0011,cycle_0091,cycle_0011,cycle_0091,p2_win,0.0
732,cycle_0011,cycle_0091,cycle_0011,cycle_0091,p2_win,0.0
733,cycle_0011,cycle_0091,cycle_0011,cycle_0091,p2_win,0.0
734,cycle_0011,cycle_0091,cycle_0011,cycle_0091,p2_win,0.0
735,cycle_0011,cycle_0091,cycle_0011,cycle_0091,p2_win,0.0
736,cycle_0011,cycle_0091,cycle_0091,cycle_0011,p1_win,0.0
737,cycle_0011,cycle_0091,cycle_0091,cycle_0011,p1_win,0.0
738,cycle_0011,cycle_0091,cycle_0091,cycle_0011,p1_win,0.0
739,cycle_0011,cycle_0091,cycle_0091,cycle_0011,p1_win,0.0
740,cycle_0011,cycle_0091,cycle_0091,cycle_0011,p1_win,0.0
741,cycle_0011,cycle_0091,cycle_0091,cycle_0011,p1_win,0.0
742,cycle_0011,cycle_0091,cycle_0091,cycle_0011,p1_win,0.0
743,cycle_0011,cycle_0091,cycle_0091,cycle_0011,p1_win,0.0
744,cycle_0011,cycle_0091,cycle_0091,cycle_0011,p1_win,0.0
745,cycle_0011,cycle_0091,cycle_0091,cycle_0011,p1_win,0.0
746,cycle_0011,cycle_0091,cycle_0091,cycle_0011,p1_win,0.0
747,cycle_0011,cycle_0091,cycle_0091,cycle_0011,p1_win,0.0
748,cycle_0011,cycle_0091,cycle_0091,cycle_0011,p1_win,0.0
749,cycle_0011,cycle_0091,cycle_0091,cycle_0011,p1_win,0.0
750,cycle_0011,cycle_0091,cycle_0091,cycle_0011,p1_win,0.0
751,cycle_0011,cycle_0101,cycle_0011,cycle_0101,p2_win,0.0
752,cycle_0011,cycle_0101,cycle_0011,cycle_0101,p2_win,0.0
753,cycle_0011,cycle_0101,cycle_0011,cycle_0101,p2_win,0.0
754,cycle_0011,cycle_0101,cycle_0011,cycle_0101,p2_win,0.0
755,cycle_0011,cycle_0101,cycle_0011,cycle_0101,p2_win,0.0
756,cycle_0011,cycle_0101,cycle_0011,cycle_0101,p2_win,0.0
757,cycle_0011,cycle_0101,cycle_0011,cycle_0101,p2_win,0.0
758,cycle_0011,cycle_0101,cycle_0011,cycle_0101,p2_win,0.0
759,cycle_0011,cycle_0101,cycle_0011,cycle_0101,p2_win,0.0
760,cycle_0011,cycle_0101,cycle_0011,cycle_0101,p2_win,0.0
761,cycle_0011,cycle_0101,cycle_0011,cycle_0101,p2_win,0.0
762,cycle_0011,cycle_0101,cycle_0011,cycle_0101,p2_win,0.0
763,cycle_0011,cycle_0101,cycle_0011,cycle_0101,p2_win,0.0
764,cycle_0011,cycle_0101,cycle_0011,cycle_0101,p2_win,0.0
765,cycle_0011,cycle_0101,cycle_0011,cycle_0101,p2_win,0.0
766,cycle_0011,cycle_0101,cycle_0101,cycle_0011,p1_win,0.0
767,cycle_0011,cycle_0101,cycle_0101,cycle_0011,p1_win,0.0
768,cycle_0011,cycle_0101,cycle_0101,cycle_0011,p1_win,0.0
769,cycle_0011,cycle_0101,cycle_0101,cycle_0011,p1_win,0.0
770,cycle_0011,cycle_0101,cycle_0101,cycle_0011,p1_win,0.0
771,cycle_0011,cycle_0101,cycle_0101,cycle_0011,p1_win,0.0
772,cycle_0011,cycle_0101,cycle_0101,cycle_0011,p1_win,0.0
773,cycle_0011,cycle_0101,cycle_0101,cycle_0011,p1_win,0.0
774,cycle_0011,cycle_0101,cycle_0101,cycle_0011,p1_win,0.0
775,cycle_0011,cycle_0101,cycle_0101,cycle_0011,p1_win,0.0
776,cycle_0011,cycle_0101,cycle_0101,cycle_0011,p1_win,0.0
777,cycle_0011,cycle_0101,cycle_0101,cycle_0011,p1_win,0.0
778,cycle_0011,cycle_0101,cycle_0101,cycle_0011,p1_win,0.0
779,cycle_0011,cycle_0101,cycle_0101,cycle_0011,p1_win,0.0
780,cycle_0011,cycle_0101,cycle_0101,cycle_0011,p1_win,0.0
781,cycle_0011,cycle_0111,cycle_0011,cycle_0111,p2_win,0.0
782,cycle_0011,cycle_0111,cycle_0011,cycle_0111,p2_win,0.0
783,cycle_0011,cycle_0111,cycle_0011,cycle_0111,p2_win,0.0
784,cycle_0011,cycle_0111,cycle_0011,cycle_0111,draw,0.5
785,cycle_0011,cycle_0111,cycle_0011,cycle_0111,p2_win,0.0
786,cycle_0011,cycle_0111,cycle_0011,cycle_0111,p2_win,0.0
787,cycle_0011,cycle_0111,cycle_0011,cycle_0111,p2_win,0.0
788,cycle_0011,cycle_0111,cycle_0011,cycle_0111,p2_win,0.0
789,cycle_0011,cycle_0111,cycle_0011,cycle_0111,p2_win,0.0
790,cycle_0011,cycle_0111,cycle_0011,cycle_0111,p2_win,0.0
791,cycle_0011,cycle_0111,cycle_0011,cycle_0111,p2_win,0.0
792,cycle_0011,cycle_0111,cycle_0011,cycle_0111,p2_win,0.0
793,cycle_0011,cycle_0111,cycle_0011,cycle_0111,p2_win,0.0
794,cycle_0011,cycle_0111,cycle_0011,cycle_0111,p2_win,0.0
795,cycle_0011,cycle_0111,cycle_0011,cycle_0111,p2_win,0.0
796,cycle_0011,cycle_0111,cycle_0111,cycle_0011,p1_win,0.0
797,cycle_0011,cycle_0111,cycle_0111,cycle_0011,p1_win,0.0
798,cycle_0011,cycle_0111,cycle_0111,cycle_0011,p1_win,0.0
799,cycle_0011,cycle_0111,cycle_0111,cycle_0011,p1_win,0.0
800,cycle_0011,cycle_0111,cycle_0111,cycle_0011,p1_win,0.0
801,cycle_0011,cycle_0111,cycle_0111,cycle_0011,p1_win,0.0
802,cycle_0011,cycle_0111,cycle_0111,cycle_0011,p1_win,0.0
803,cycle_0011,cycle_0111,cycle_0111,cycle_0011,p1_win,0.0
804,cycle_0011,cycle_0111,cycle_0111,cycle_0011,p1_win,0.0
805,cycle_0011,cycle_0111,cycle_0111,cycle_0011,p1_win,0.0
806,cycle_0011,cycle_0111,cycle_0111,cycle_0011,p1_win,0.0
807,cycle_0011,cycle_0111,cycle_0111,cycle_0011,p1_win,0.0
808,cycle_0011,cycle_0111,cycle_0111,cycle_0011,p1_win,0.0
809,cycle_0011,cycle_0111,cycle_0111,cycle_0011,p1_win,0.0
810,cycle_0011,cycle_0111,cycle_0111,cycle_0011,p1_win,0.0
811,cycle_0011,cycle_0121,cycle_0011,cycle_0121,p2_win,0.0
812,cycle_0011,cycle_0121,cycle_0011,cycle_0121,p2_win,0.0
813,cycle_0011,cycle_0121,cycle_0011,cycle_0121,p2_win,0.0
814,cycle_0011,cycle_0121,cycle_0011,cycle_0121,p2_win,0.0
815,cycle_0011,cycle_0121,cycle_0011,cycle_0121,p2_win,0.0
816,cycle_0011,cycle_0121,cycle_0011,cycle_0121,p2_win,0.0
817,cycle_0011,cycle_0121,cycle_0011,cycle_0121,p2_win,0.0
818,cycle_0011,cycle_0121,cycle_0011,cycle_0121,p2_win,0.0
819,cycle_0011,cycle_0121,cycle_0011,cycle_0121,p2_win,0.0
820,cycle_0011,cycle_0121,cycle_0011,cycle_0121,p2_win,0.0
821,cycle_0011,cycle_0121,cycle_0011,cycle_0121,p2_win,0.0
822,cycle_0011,cycle_0121,cycle_0011,cycle_0121,p2_win,0.0
823,cycle_0011,cycle_0121,cycle_0011,cycle_0121,p2_win,0.0
824,cycle_0011,cycle_0121,cycle_0011,cycle_0121,p2_win,0.0
825,cycle_0011,cycle_0121,cycle_0011,cycle_0121,p2_win,0.0
826,cycle_0011,cycle_0121,cycle_0121,cycle_0011,p1_win,0.0
827,cycle_0011,cycle_0121,cycle_0121,cycle_0011,p1_win,0.0
828,cycle_0011,cycle_0121,cycle_0121,cycle_0011,p1_win,0.0
829,cycle_0011,cycle_0121,cycle_0121,cycle_0011,p1_win,0.0
830,cycle_0011,cycle_0121,cycle_0121,cycle_0011,p1_win,0.0
831,cycle_0011,cycle_0121,cycle_0121,cycle_0011,p1_win,0.0
832,cycle_0011,cycle_0121,cycle_0121,cycle_0011,p1_win,0.0
833,cycle_0011,cycle_0121,cycle_0121,cycle_0011,p1_win,0.0
834,cycle_0011,cycle_0121,cycle_0121,cycle_0011,p1_win,0.0
835,cycle_0011,cycle_0121,cycle_0121,cycle_0011,p1_win,0.0
836,cycle_0011,cycle_0121,cycle_0121,cycle_0011,p1_win,0.0
837,cycle_0011,cycle_0121,cycle_0121,cycle_0011,p1_win,0.0
838,cycle_0011,cycle_0121,cycle_0121,cycle_0011,p1_win,0.0
839,cycle_0011,cycle_0121,cycle_0121,cycle_0011,p1_win,0.0
840,cycle_0011,cycle_0121,cycle_0121,cycle_0011,p1_win,0.0
841,cycle_0011,cycle_0131,cycle_0011,cycle_0131,p2_win,0.0
842,cycle_0011,cycle_0131,cycle_0011,cycle_0131,p2_win,0.0
843,cycle_0011,cycle_0131,cycle_0011,cycle_0131,p2_win,0.0
844,cycle_0011,cycle_0131,cycle_0011,cycle_0131,p2_win,0.0
845,cycle_0011,cycle_0131,cycle_0011,cycle_0131,p2_win,0.0
846,cycle_0011,cycle_0131,cycle_0011,cycle_0131,p2_win,0.0
847,cycle_0011,cycle_0131,cycle_0011,cycle_0131,p2_win,0.0
848,cycle_0011,cycle_0131,cycle_0011,cycle_0131,p2_win,0.0
849,cycle_0011,cycle_0131,cycle_0011,cycle_0131,p2_win,0.0
850,cycle_0011,cycle_0131,cycle_0011,cycle_0131,p2_win,0.0
851,cycle_0011,cycle_0131,cycle_0011,cycle_0131,p2_win,0.0
852,cycle_0011,cycle_0131,cycle_0011,cycle_0131,p2_win,0.0
853,cycle_0011,cycle_0131,cycle_0011,cycle_0131,p2_win,0.0
854,cycle_0011,cycle_0131,cycle_0011,cycle_0131,p2_win,0.0
855,cycle_0011,cycle_0131,cycle_0011,cycle_0131,p2_win,0.0
856,cycle_0011,cycle_0131,cycle_0131,cycle_0011,p1_win,0.0
857,cycle_0011,cycle_0131,cycle_0131,cycle_0011,p1_win,0.0
858,cycle_0011,cycle_0131,cycle_0131,cycle_0011,p1_win,0.0
859,cycle_0011,cycle_0131,cycle_0131,cycle_0011,p1_win,0.0
860,cycle_0011,cycle_0131,cycle_0131,cycle_0011,p1_win,0.0
861,cycle_0011,cycle_0131,cycle_0131,cycle_0011,p1_win,0.0
862,cycle_0011,cycle_0131,cycle_0131,cycle_0011,p1_win,0.0
863,cycle_0011,cycle_0131,cycle_0131,cycle_0011,p1_win,0.0
864,cycle_0011,cycle_0131,cycle_0131,cycle_0011,p1_win,0.0
865,cycle_0011,cycle_0131,cycle_0131,cycle_0011,p1_win,0.0
866,cycle_0011,cycle_0131,cycle_0131,cycle_0011,p1_win,0.0
867,cycle_0011,cycle_0131,cycle_0131,cycle_0011,p1_win,0.0
868,cycle_0011,cycle_0131,cycle_0131,cycle_0011,p1_win,0.0
869,cycle_0011,cycle_0131,cycle_0131,cycle_0011,p1_win,0.0
870,cycle_0011,cycle_0131,cycle_0131,cycle_0011,p1_win,0.0
871,cycle_0011,cycle_0141,cycle_0011,cycle_0141,p2_win,0.0
872,cycle_0011,cycle_0141,cycle_0011,cycle_0141,p2_win,0.0
873,cycle_0011,cycle_0141,cycle_0011,cycle_0141,p2_win,0.0
874,cycle_0011,cycle_0141,cycle_0011,cycle_0141,p2_win,0.0
875,cycle_0011,cycle_0141,cycle_0011,cycle_0141,p2_win,0.0
876,cycle_0011,cycle_0141,cycle_0011,cycle_0141,p2_win,0.0
877,cycle_0011,cycle_0141,cycle_0011,cycle_0141,p2_win,0.0
878,cycle_0011,cycle_0141,cycle_0011,cycle_0141,p2_win,0.0
879,cycle_0011,cycle_0141,cycle_0011,cycle_0141,p2_win,0.0
880,cycle_0011,cycle_0141,cycle_0011,cycle_0141,p2_win,0.0
881,cycle_0011,cycle_0141,cycle_0011,cycle_0141,p2_win,0.0
882,cycle_0011,cycle_0141,cycle_0011,cycle_0141,p2_win,0.0
883,cycle_0011,cycle_0141,cycle_0011,cycle_0141,p2_win,0.0
884,cycle_0011,cycle_0141,cycle_0011,cycle_0141,p2_win,0.0
885,cycle_0011,cycle_0141,cycle_0011,cycle_0141,p2_win,0.0
886,cycle_0011,cycle_0141,cycle_0141,cycle_0011,p1_win,0.0
887,cycle_0011,cycle_0141,cycle_0141,cycle_0011,p1_win,0.0
888,cycle_0011,cycle_0141,cycle_0141,cycle_0011,p1_win,0.0
889,cycle_0011,cycle_0141,cycle_0141,cycle_0011,p1_win,0.0
890,cycle_0011,cycle_0141,cycle_0141,cycle_0011,p1_win,0.0
891,cycle_0011,cycle_0141,cycle_0141,cycle_0011,p2_win,1.0
892,cycle_0011,cycle_0141,cycle_0141,cycle_0011,p1_win,0.0
893,cycle_0011,cycle_0141,cycle_0141,cycle_0011,p1_win,0.0
894,cycle_0011,cycle_0141,cycle_0141,cycle_0011,p1_win,0.0
895,cycle_0011,cycle_0141,cycle_0141,cycle_0011,p1_win,0.0
896,cycle_0011,cycle_0141,cycle_0141,cycle_0011,p1_win,0.0
897,cycle_0011,cycle_0141,cycle_0141,cycle_0011,p1_win,0.0
898,cycle_0011,cycle_0141,cycle_0141,cycle_0011,p1_win,0.0
899,cycle_0011,cycle_0141,cycle_0141,cycle_0011,p1_win,0.0
900,cycle_0011,cycle_0141,cycle_0141,cycle_0011,p1_win,0.0
901,cycle_0011,models_7x7_v2\best.pt,cycle_0011,models_7x7_v2\best.pt,p2_win,0.0
902,cycle_0011,models_7x7_v2\best.pt,cycle_0011,models_7x7_v2\best.pt,p2_win,0.0
903,cycle_0011,models_7x7_v2\best.pt,cycle_0011,models_7x7_v2\best.pt,p2_win,0.0
904,cycle_0011,models_7x7_v2\best.pt,cycle_0011,models_7x7_v2\best.pt,p2_win,0.0
905,cycle_0011,models_7x7_v2\best.pt,cycle_0011,models_7x7_v2\best.pt,p2_win,0.0
906,cycle_0011,models_7x7_v2\best.pt,cycle_0011,models_7x7_v2\best.pt,p2_win,0.0
907,cycle_0011,models_7x7_v2\best.pt,cycle_0011,models_7x7_v2\best.pt,p2_win,0.0
908,cycle_0011,models_7x7_v2\best.pt,cycle_0011,models_7x7_v2\best.pt,p2_win,0.0
909,cycle_0011,models_7x7_v2\best.pt,cycle_0011,models_7x7_v2\best.pt,p2_win,0.0
910,cycle_0011,models_7x7_v2\best.pt,cycle_0011,models_7x7_v2\best.pt,p2_win,0.0
911,cycle_0011,models_7x7_v2\best.pt,cycle_0011,models_7x7_v2\best.pt,p2_win,0.0
912,cycle_0011,models_7x7_v2\best.pt,cycle_0011,models_7x7_v2\best.pt,p2_win,0.0
913,cycle_0011,models_7x7_v2\best.pt,cycle_0011,models_7x7_v2\best.pt,p2_win,0.0
914,cycle_0011,models_7x7_v2\best.pt,cycle_0011,models_7x7_v2\best.pt,p2_win,0.0
915,cycle_0011,models_7x7_v2\best.pt,cycle_0011,models_7x7_v2\best.pt,p2_win,0.0
916,cycle_0011,models_7x7_v2\best.pt,models_7x7_v2\best.pt,cycle_0011,p1_win,0.0
917,cycle_0011,models_7x7_v2\best.pt,models_7x7_v2\best.pt,cycle_0011,p1_win,0.0
918,cycle_0011,models_7x7_v2\best.pt,models_7x7_v2\best.pt,cycle_0011,p1_win,0.0
919,cycle_0011,models_7x7_v2\best.pt,models_7x7_v2\best.pt,cycle_0011,p1_win,0.0
920,cycle_0011,models_7x7_v2\best.pt,models_7x7_v2\best.pt,cycle_0011,p1_win,0.0
921,cycle_0011,models_7x7_v2\best.pt,models_7x7_v2\best.pt,cycle_0011,p1_win,0.0
922,cycle_0011,models_7x7_v2\best.pt,models_7x7_v2\best.pt,cycle_0011,p1_win,0.0
923,cycle_0011,models_7x7_v2\best.pt,models_7x7_v2\best.pt,cycle_0011,p1_win,0.0
924,cycle_0011,models_7x7_v2\best.pt,models_7x7_v2\best.pt,cycle_0011,p1_win,0.0
925,cycle_0011,models_7x7_v2\best.pt,models_7x7_v2\best.pt,cycle_0011,p1_win,0.0
926,cycle_0011,models_7x7_v2\best.pt,models_7x7_v2\best.pt,cycle_0011,p1_win,0.0
927,cycle_0011,models_7x7_v2\best.pt,models_7x7_v2\best.pt,cycle_0011,p1_win,0.0
928,cycle_0011,models_7x7_v2\best.pt,models_7x7_v2\best.pt,cycle_0011,p1_win,0.0
929,cycle_0011,models_7x7_v2\best.pt,models_7x7_v2\best.pt,cycle_0011,p1_win,0.0
930,cycle_0011,models_7x7_v2\best.pt,models_7x7_v2\best.pt,cycle_0011,p1_win,0.0
931,cycle_0011,minimax-2,cycle_0011,minimax-2,p2_win,0.0
932,cycle_0011,minimax-2,cycle_0011,minimax-2,p2_win,0.0
933,cycle_0011,minimax-2,cycle_0011,minimax-2,p2_win,0.0
934,cycle_0011,minimax-2,cycle_0011,minimax-2,p2_win,0.0
935,cycle_0011,minimax-2,cycle_0011,minimax-2,p2_win,0.0
936,cycle_0011,minimax-2,cycle_0011,minimax-2,p2_win,0.0
937,cycle_0011,minimax-2,cycle_0011,minimax-2,p2_win,0.0
938,cycle_0011,minimax-2,cycle_0011,minimax-2,p2_win,0.0
939,cycle_0011,minimax-2,cycle_0011,minimax-2,p2_win,0.0
940,cycle_0011,minimax-2,cycle_0011,minimax-2,p1_win,1.0
941,cycle_0011,minimax-2,cycle_0011,minimax-2,p2_win,0.0
942,cycle_0011,minimax-2,cycle_0011,minimax-2,p2_win,0.0
943,cycle_0011,minimax-2,cycle_0011,minimax-2,p2_win,0.0
944,cycle_0011,minimax-2,cycle_0011,minimax-2,p2_win,0.0
945,cycle_0011,minimax-2,cycle_0011,minimax-2,p2_win,0.0
946,cycle_0011,minimax-2,minimax-2,cycle_0011,p1_win,0.0
947,cycle_0011,minimax-2,minimax-2,cycle_0011,p1_win,0.0
948,cycle_0011,minimax-2,minimax-2,cycle_0011,p1_win,0.0
949,cycle_0011,minimax-2,minimax-2,cycle_0011,p1_win,0.0
950,cycle_0011,minimax-2,minimax-2,cycle_0011,p1_win,0.0
951,cycle_0011,minimax-2,minimax-2,cycle_0011,p1_win,0.0
952,cycle_0011,minimax-2,minimax-2,cycle_0011,p1_win,0.0
953,cycle_0011,minimax-2,minimax-2,cycle_0011,p1_win,0.0
954,cycle_0011,minimax-2,minimax-2,cycle_0011,p1_win,0.0
955,cycle_0011,minimax-2,minimax-2,cycle_0011,p1_win,0.0
956,cycle_0011,minimax-2,minimax-2,cycle_0011,p1_win,0.0
957,cycle_0011,minimax-2,minimax-2,cycle_0011,p1_win,0.0
958,cycle_0011,minimax-2,minimax-2,cycle_0011,p1_win,0.0
959,cycle_0011,minimax-2,minimax-2,cycle_0011,p1_win,0.0
960,cycle_0011,minimax-2,minimax-2,cycle_0011,p1_win,0.0
961,cycle_0011,minimax-3,cycle_0011,minimax-3,p2_win,0.0
962,cycle_0011,minimax-3,cycle_0011,minimax-3,p2_win,0.0
963,cycle_0011,minimax-3,cycle_0011,minimax-3,p2_win,0.0
964,cycle_0011,minimax-3,cycle_0011,minimax-3,p2_win,0.0
965,cycle_0011,minimax-3,cycle_0011,minimax-3,p2_win,0.0
966,cycle_0011,minimax-3,cycle_0011,minimax-3,p2_win,0.0
967,cycle_0011,minimax-3,cycle_0011,minimax-3,p2_win,0.0
968,cycle_0011,minimax-3,cycle_0011,minimax-3,p2_win,0.0
969,cycle_0011,minimax-3,cycle_0011,minimax-3,p2_win,0.0
970,cycle_0011,minimax-3,cycle_0011,minimax-3,p2_win,0.0
971,cycle_0011,minimax-3,cycle_0011,minimax-3,p2_win,0.0
972,cycle_0011,minimax-3,cycle_0011,minimax-3,p2_win,0.0
973,cycle_0011,minimax-3,cycle_0011,minimax-3,p2_win,0.0
974,cycle_0011,minimax-3,cycle_0011,minimax-3,p2_win,0.0
975,cycle_0011,minimax-3,cycle_0011,minimax-3,p2_win,0.0
976,cycle_0011,minimax-3,minimax-3,cycle_0011,p1_win,0.0
977,cycle_0011,minimax-3,minimax-3,cycle_0011,p1_win,0.0
978,cycle_0011,minimax-3,minimax-3,cycle_0011,p1_win,0.0
979,cycle_0011,minimax-3,minimax-3,cycle_0011,p1_win,0.0
980,cycle_0011,minimax-3,minimax-3,cycle_0011,p1_win,0.0
981,cycle_0011,minimax-3,minimax-3,cycle_0011,p1_win,0.0
982,cycle_0011,minimax-3,minimax-3,cycle_0011,p1_win,0.0
983,cycle_0011,minimax-3,minimax-3,cycle_0011,p1_win,0.0
984,cycle_0011,minimax-3,minimax-3,cycle_0011,p1_win,0.0
985,cycle_0011,minimax-3,minimax-3,cycle_0011,p1_win,0.0
986,cycle_0011,minimax-3,minimax-3,cycle_0011,p1_win,0.0
987,cycle_0011,minimax-3,minimax-3,cycle_0011,p1_win,0.0
988,cycle_0011,minimax-3,minimax-3,cycle_0011,p1_win,0.0
989,cycle_0011,minimax-3,minimax-3,cycle_0011,p1_win,0.0
990,cycle_0011,minimax-3,minimax-3,cycle_0011,p1_win,0.0
991,cycle_0021,cycle_0031,cycle_0021,cycle_0031,p2_win,0.0
992,cycle_0021,cycle_0031,cycle_0021,cycle_0031,p2_win,0.0
993,cycle_0021,cycle_0031,cycle_0021,cycle_0031,p2_win,0.0
994,cycle_0021,cycle_0031,cycle_0021,cycle_0031,p2_win,0.0
995,cycle_0021,cycle_0031,cycle_0021,cycle_0031,p2_win,0.0
996,cycle_0021,cycle_0031,cycle_0021,cycle_0031,p2_win,0.0
997,cycle_0021,cycle_0031,cycle_0021,cycle_0031,p2_win,0.0
998,cycle_0021,cycle_0031,cycle_0021,cycle_0031,p2_win,0.0
999,cycle_0021,cycle_0031,cycle_0021,cycle_0031,p2_win,0.0
1000,cycle_0021,cycle_0031,cycle_0021,cycle_0031,p2_win,0.0
1001,cycle_0021,cycle_0031,cycle_0021,cycle_0031,p2_win,0.0
1002,cycle_0021,cycle_0031,cycle_0021,cycle_0031,p2_win,0.0
1003,cycle_0021,cycle_0031,cycle_0021,cycle_0031,p2_win,0.0
1004,cycle_0021,cycle_0031,cycle_0021,cycle_0031,p2_win,0.0
1005,cycle_0021,cycle_0031,cycle_0021,cycle_0031,p2_win,0.0
1006,cycle_0021,cycle_0031,cycle_0031,cycle_0021,p1_win,0.0
1007,cycle_0021,cycle_0031,cycle_0031,cycle_0021,p1_win,0.0
1008,cycle_0021,cycle_0031,cycle_0031,cycle_0021,p1_win,0.0
1009,cycle_0021,cycle_0031,cycle_0031,cycle_0021,p1_win,0.0
1010,cycle_0021,cycle_0031,cycle_0031,cycle_0021,p1_win,0.0
1011,cycle_0021,cycle_0031,cycle_0031,cycle_0021,p1_win,0.0
1012,cycle_0021,cycle_0031,cycle_0031,cycle_0021,p1_win,0.0
1013,cycle_0021,cycle_0031,cycle_0031,cycle_0021,p1_win,0.0
1014,cycle_0021,cycle_0031,cycle_0031,cycle_0021,p1_win,0.0
1015,cycle_0021,cycle_0031,cycle_0031,cycle_0021,p1_win,0.0
1016,cycle_0021,cycle_0031,cycle_0031,cycle_0021,p1_win,0.0
1017,cycle_0021,cycle_0031,cycle_0031,cycle_0021,p1_win,0.0
1018,cycle_0021,cycle_0031,cycle_0031,cycle_0021,p1_win,0.0
1019,cycle_0021,cycle_0031,cycle_0031,cycle_0021,p1_win,0.0
1020,cycle_0021,cycle_0031,cycle_0031,cycle_0021,p1_win,0.0
1021,cycle_0021,cycle_0041,cycle_0021,cycle_0041,p2_win,0.0
1022,cycle_0021,cycle_0041,cycle_0021,cycle_0041,p2_win,0.0
1023,cycle_0021,cycle_0041,cycle_0021,cycle_0041,p2_win,0.0
1024,cycle_0021,cycle_0041,cycle_0021,cycle_0041,p2_win,0.0
1025,cycle_0021,cycle_0041,cycle_0021,cycle_0041,p2_win,0.0
1026,cycle_0021,cycle_0041,cycle_0021,cycle_0041,p2_win,0.0
1027,cycle_0021,cycle_0041,cycle_0021,cycle_0041,p2_win,0.0
1028,cycle_0021,cycle_0041,cycle_0021,cycle_0041,p2_win,0.0
1029,cycle_0021,cycle_0041,cycle_0021,cycle_0041,p2_win,0.0
1030,cycle_0021,cycle_0041,cycle_0021,cycle_0041,p2_win,0.0
1031,cycle_0021,cycle_0041,cycle_0021,cycle_0041,p2_win,0.0
1032,cycle_0021,cycle_0041,cycle_0021,cycle_0041,p2_win,0.0
1033,cycle_0021,cycle_0041,cycle_0021,cycle_0041,p2_win,0.0
1034,cycle_0021,cycle_0041,cycle_0021,cycle_0041,p2_win,0.0
1035,cycle_0021,cycle_0041,cycle_0021,cycle_0041,p2_win,0.0
1036,cycle_0021,cycle_0041,cycle_0041,cycle_0021,p1_win,0.0
1037,cycle_0021,cycle_0041,cycle_0041,cycle_0021,p1_win,0.0
1038,cycle_0021,cycle_0041,cycle_0041,cycle_0021,p1_win,0.0
1039,cycle_0021,cycle_0041,cycle_0041,cycle_0021,p1_win,0.0
1040,cycle_0021,cycle_0041,cycle_0041,cycle_0021,p1_win,0.0
1041,cycle_0021,cycle_0041,cycle_0041,cycle_0021,p1_win,0.0
1042,cycle_0021,cycle_0041,cycle_0041,cycle_0021,p1_win,0.0
1043,cycle_0021,cycle_0041,cycle_0041,cycle_0021,p1_win,0.0
1044,cycle_0021,cycle_0041,cycle_0041,cycle_0021,p1_win,0.0
1045,cycle_0021,cycle_0041,cycle_0041,cycle_0021,p1_win,0.0
1046,cycle_0021,cycle_0041,cycle_0041,cycle_0021,p1_win,0.0
1047,cycle_0021,cycle_0041,cycle_0041,cycle_0021,p1_win,0.0
1048,cycle_0021,cycle_0041,cycle_0041,cycle_0021,p1_win,0.0
1049,cycle_0021,cycle_0041,cycle_0041,cycle_0021,p1_win,0.0
1050,cycle_0021,cycle_0041,cycle_0041,cycle_0021,p1_win,0.0
1051,cycle_0021,cycle_0051,cycle_0021,cycle_0051,p2_win,0.0
1052,cycle_0021,cycle_0051,cycle_0021,cycle_0051,p2_win,0.0
1053,cycle_0021,cycle_0051,cycle_0021,cycle_0051,p2_win,0.0
1054,cycle_0021,cycle_0051,cycle_0021,cycle_0051,p2_win,0.0
1055,cycle_0021,cycle_0051,cycle_0021,cycle_0051,p2_win,0.0
1056,cycle_0021,cycle_0051,cycle_0021,cycle_0051,p2_win,0.0
1057,cycle_0021,cycle_0051,cycle_0021,cycle_0051,p2_win,0.0
1058,cycle_0021,cycle_0051,cycle_0021,cycle_0051,p2_win,0.0
1059,cycle_0021,cycle_0051,cycle_0021,cycle_0051,p2_win,0.0
1060,cycle_0021,cycle_0051,cycle_0021,cycle_0051,p2_win,0.0
1061,cycle_0021,cycle_0051,cycle_0021,cycle_0051,p2_win,0.0
1062,cycle_0021,cycle_0051,cycle_0021,cycle_0051,p2_win,0.0
1063,cycle_0021,cycle_0051,cycle_0021,cycle_0051,p2_win,0.0
1064,cycle_0021,cycle_0051,cycle_0021,cycle_0051,p2_win,0.0
1065,cycle_0021,cycle_0051,cycle_0021,cycle_0051,p2_win,0.0
1066,cycle_0021,cycle_0051,cycle_0051,cycle_0021,p1_win,0.0
1067,cycle_0021,cycle_0051,cycle_0051,cycle_0021,p1_win,0.0
1068,cycle_0021,cycle_0051,cycle_0051,cycle_0021,p1_win,0.0
1069,cycle_0021,cycle_0051,cycle_0051,cycle_0021,p1_win,0.0
1070,cycle_0021,cycle_0051,cycle_0051,cycle_0021,p1_win,0.0
1071,cycle_0021,cycle_0051,cycle_0051,cycle_0021,p1_win,0.0
1072,cycle_0021,cycle_0051,cycle_0051,cycle_0021,p1_win,0.0
1073,cycle_0021,cycle_0051,cycle_0051,cycle_0021,p1_win,0.0
1074,cycle_0021,cycle_0051,cycle_0051,cycle_0021,p1_win,0.0
1075,cycle_0021,cycle_0051,cycle_0051,cycle_0021,p1_win,0.0
1076,cycle_0021,cycle_0051,cycle_0051,cycle_0021,p1_win,0.0
1077,cycle_0021,cycle_0051,cycle_0051,cycle_0021,p1_win,0.0
1078,cycle_0021,cycle_0051,cycle_0051,cycle_0021,p1_win,0.0
1079,cycle_0021,cycle_0051,cycle_0051,cycle_0021,p1_win,0.0
1080,cycle_0021,cycle_0051,cycle_0051,cycle_0021,p1_win,0.0
1081,cycle_0021,cycle_0061,cycle_0021,cycle_0061,p2_win,0.0
1082,cycle_0021,cycle_0061,cycle_0021,cycle_0061,p2_win,0.0
1083,cycle_0021,cycle_0061,cycle_0021,cycle_0061,p2_win,0.0
1084,cycle_0021,cycle_0061,cycle_0021,cycle_0061,p2_win,0.0
1085,cycle_0021,cycle_0061,cycle_0021,cycle_0061,p2_win,0.0
1086,cycle_0021,cycle_0061,cycle_0021,cycle_0061,p2_win,0.0
1087,cycle_0021,cycle_0061,cycle_0021,cycle_0061,p2_win,0.0
1088,cycle_0021,cycle_0061,cycle_0021,cycle_0061,p2_win,0.0
1089,cycle_0021,cycle_0061,cycle_0021,cycle_0061,p2_win,0.0
1090,cycle_0021,cycle_0061,cycle_0021,cycle_0061,p2_win,0.0
1091,cycle_0021,cycle_0061,cycle_0021,cycle_0061,p2_win,0.0
1092,cycle_0021,cycle_0061,cycle_0021,cycle_0061,p2_win,0.0
1093,cycle_0021,cycle_0061,cycle_0021,cycle_0061,p2_win,0.0
1094,cycle_0021,cycle_0061,cycle_0021,cycle_0061,p2_win,0.0
1095,cycle_0021,cycle_0061,cycle_0021,cycle_0061,p2_win,0.0
1096,cycle_0021,cycle_0061,cycle_0061,cycle_0021,p1_win,0.0
1097,cycle_0021,cycle_0061,cycle_0061,cycle_0021,p1_win,0.0
1098,cycle_0021,cycle_0061,cycle_0061,cycle_0021,p1_win,0.0
1099,cycle_0021,cycle_0061,cycle_0061,cycle_0021,p1_win,0.0
1100,cycle_0021,cycle_0061,cycle_0061,cycle_0021,p1_win,0.0
1101,cycle_0021,cycle_0061,cycle_0061,cycle_0021,p1_win,0.0
1102,cycle_0021,cycle_0061,cycle_0061,cycle_0021,p1_win,0.0
1103,cycle_0021,cycle_0061,cycle_0061,cycle_0021,p1_win,0.0
1104,cycle_0021,cycle_0061,cycle_0061,cycle_0021,p1_win,0.0
1105,cycle_0021,cycle_0061,cycle_0061,cycle_0021,p1_win,0.0
1106,cycle_0021,cycle_0061,cycle_0061,cycle_0021,p1_win,0.0
1107,cycle_0021,cycle_0061,cycle_0061,cycle_0021,p1_win,0.0
1108,cycle_0021,cycle_0061,cycle_0061,cycle_0021,p1_win,0.0
1109,cycle_0021,cycle_0061,cycle_0061,cycle_0021,p1_win,0.0
1110,cycle_0021,cycle_0061,cycle_0061,cycle_0021,p1_win,0.0
1111,cycle_0021,cycle_0071,cycle_0021,cycle_0071,p2_win,0.0
1112,cycle_0021,cycle_0071,cycle_0021,cycle_0071,p2_win,0.0
1113,cycle_0021,cycle_0071,cycle_0021,cycle_0071,p2_win,0.0
1114,cycle_0021,cycle_0071,cycle_0021,cycle_0071,p2_win,0.0
1115,cycle_0021,cycle_0071,cycle_0021,cycle_0071,p2_win,0.0
1116,cycle_0021,cycle_0071,cycle_0021,cycle_0071,p2_win,0.0
1117,cycle_0021,cycle_0071,cycle_0021,cycle_0071,p2_win,0.0
1118,cycle_0021,cycle_0071,cycle_0021,cycle_0071,p2_win,0.0
1119,cycle_0021,cycle_0071,cycle_0021,cycle_0071,p2_win,0.0
1120,cycle_0021,cycle_0071,cycle_0021,cycle_0071,p2_win,0.0
1121,cycle_0021,cycle_0071,cycle_0021,cycle_0071,p2_win,0.0
1122,cycle_0021,cycle_0071,cycle_0021,cycle_0071,p2_win,0.0
1123,cycle_0021,cycle_0071,cycle_0021,cycle_0071,p2_win,0.0
1124,cycle_0021,cycle_0071,cycle_0021,cycle_0071,p2_win,0.0
1125,cycle_0021,cycle_0071,cycle_0021,cycle_0071,p2_win,0.0
1126,cycle_0021,cycle_0071,cycle_0071,cycle_0021,p1_win,0.0
1127,cycle_0021,cycle_0071,cycle_0071,cycle_0021,p1_win,0.0
1128,cycle_0021,cycle_0071,cycle_0071,cycle_0021,p1_win,0.0
1129,cycle_0021,cycle_0071,cycle_0071,cycle_0021,p1_win,0.0
1130,cycle_0021,cycle_0071,cycle_0071,cycle_0021,p1_win,0.0
1131,cycle_0021,cycle_0071,cycle_0071,cycle_0021,p1_win,0.0
1132,cycle_0021,cycle_0071,cycle_0071,cycle_0021,p1_win,0.0
1133,cycle_0021,cycle_0071,cycle_0071,cycle_0021,p1_win,0.0
1134,cycle_0021,cycle_0071,cycle_0071,cycle_0021,p1_win,0.0
1135,cycle_0021,cycle_0071,cycle_0071,cycle_0021,p1_win,0.0
1136,cycle_0021,cycle_0071,cycle_0071,cycle_0021,p1_win,0.0
1137,cycle_0021,cycle_0071,cycle_0071,cycle_0021,p1_win,0.0
1138,cycle_0021,cycle_0071,cycle_0071,cycle_0021,p1_win,0.0
1139,cycle_0021,cycle_0071,cycle_0071,cycle_0021,p1_win,0.0
1140,cycle_0021,cycle_0071,cycle_0071,cycle_0021,p1_win,0.0
1141,cycle_0021,cycle_0081,cycle_0021,cycle_0081,p2_win,0.0
1142,cycle_0021,cycle_0081,cycle_0021,cycle_0081,p2_win,0.0
1143,cycle_0021,cycle_0081,cycle_0021,cycle_0081,p2_win,0.0
1144,cycle_0021,cycle_0081,cycle_0021,cycle_0081,p2_win,0.0
1145,cycle_0021,cycle_0081,cycle_0021,cycle_0081,p2_win,0.0
1146,cycle_0021,cycle_0081,cycle_0021,cycle_0081,p2_win,0.0
1147,cycle_0021,cycle_0081,cycle_0021,cycle_0081,p2_win,0.0
1148,cycle_0021,cycle_0081,cycle_0021,cycle_0081,p2_win,0.0
1149,cycle_0021,cycle_0081,cycle_0021,cycle_0081,p2_win,0.0
1150,cycle_0021,cycle_0081,cycle_0021,cycle_0081,p2_win,0.0
1151,cycle_0021,cycle_0081,cycle_0021,cycle_0081,p2_win,0.0
1152,cycle_0021,cycle_0081,cycle_0021,cycle_0081,p2_win,0.0
1153,cycle_0021,cycle_0081,cycle_0021,cycle_0081,p2_win,0.0
1154,cycle_0021,cycle_0081,cycle_0021,cycle_0081,p2_win,0.0
1155,cycle_0021,cycle_0081,cycle_0021,cycle_0081,p2_win,0.0
1156,cycle_0021,cycle_0081,cycle_0081,cycle_0021,p1_win,0.0
1157,cycle_0021,cycle_0081,cycle_0081,cycle_0021,p1_win,0.0
1158,cycle_0021,cycle_0081,cycle_0081,cycle_0021,p1_win,0.0
1159,cycle_0021,cycle_0081,cycle_0081,cycle_0021,p1_win,0.0
1160,cycle_0021,cycle_0081,cycle_0081,cycle_0021,p1_win,0.0
1161,cycle_0021,cycle_0081,cycle_0081,cycle_0021,p1_win,0.0
1162,cycle_0021,cycle_0081,cycle_0081,cycle_0021,p1_win,0.0
1163,cycle_0021,cycle_0081,cycle_0081,cycle_0021,p1_win,0.0
1164,cycle_0021,cycle_0081,cycle_0081,cycle_0021,p1_win,0.0
1165,cycle_0021,cycle_0081,cycle_0081,cycle_0021,p1_win,0.0
1166,cycle_0021,cycle_0081,cycle_0081,cycle_0021,p1_win,0.0
1167,cycle_0021,cycle_0081,cycle_0081,cycle_0021,p1_win,0.0
1168,cycle_0021,cycle_0081,cycle_0081,cycle_0021,p1_win,0.0
1169,cycle_0021,cycle_0081,cycle_0081,cycle_0021,p1_win,0.0
1170,cycle_0021,cycle_0081,cycle_0081,cycle_0021,p1_win,0.0
1171,cycle_0021,cycle_0091,cycle_0021,cycle_0091,p2_win,0.0
1172,cycle_0021,cycle_0091,cycle_0021,cycle_0091,p2_win,0.0
1173,cycle_0021,cycle_0091,cycle_0021,cycle_0091,p2_win,0.0
1174,cycle_0021,cycle_0091,cycle_0021,cycle_0091,p2_win,0.0
1175,cycle_0021,cycle_0091,cycle_0021,cycle_0091,p2_win,0.0
1176,cycle_0021,cycle_0091,cycle_0021,cycle_0091,p2_win,0.0
1177,cycle_0021,cycle_0091,cycle_0021,cycle_0091,p2_win,0.0
1178,cycle_0021,cycle_0091,cycle_0021,cycle_0091,p2_win,0.0
1179,cycle_0021,cycle_0091,cycle_0021,cycle_0091,p2_win,0.0
1180,cycle_0021,cycle_0091,cycle_0021,cycle_0091,p2_win,0.0
1181,cycle_0021,cycle_0091,cycle_0021,cycle_0091,p2_win,0.0
1182,cycle_0021,cycle_0091,cycle_0021,cycle_0091,p2_win,0.0
1183,cycle_0021,cycle_0091,cycle_0021,cycle_0091,p2_win,0.0
1184,cycle_0021,cycle_0091,cycle_0021,cycle_0091,p2_win,0.0
1185,cycle_0021,cycle_0091,cycle_0021,cycle_0091,p2_win,0.0
1186,cycle_0021,cycle_0091,cycle_0091,cycle_0021,p1_win,0.0
1187,cycle_0021,cycle_0091,cycle_0091,cycle_0021,p1_win,0.0
1188,cycle_0021,cycle_0091,cycle_0091,cycle_0021,p1_win,0.0
1189,cycle_0021,cycle_0091,cycle_0091,cycle_0021,p1_win,0.0
1190,cycle_0021,cycle_0091,cycle_0091,cycle_0021,p1_win,0.0
1191,cycle_0021,cycle_0091,cycle_0091,cycle_0021,p1_win,0.0
1192,cycle_0021,cycle_0091,cycle_0091,cycle_0021,p1_win,0.0
1193,cycle_0021,cycle_0091,cycle_0091,cycle_0021,p1_win,0.0
1194,cycle_0021,cycle_0091,cycle_0091,cycle_0021,p1_win,0.0
1195,cycle_0021,cycle_0091,cycle_0091,cycle_0021,p1_win,0.0
1196,cycle_0021,cycle_0091,cycle_0091,cycle_0021,p1_win,0.0
1197,cycle_0021,cycle_0091,cycle_0091,cycle_0021,p1_win,0.0
1198,cycle_0021,cycle_0091,cycle_0091,cycle_0021,p1_win,0.0
1199,cycle_0021,cycle_0091,cycle_0091,cycle_0021,p1_win,0.0
1200,cycle_0021,cycle_0091,cycle_0091,cycle_0021,p1_win,0.0
1201,cycle_0021,cycle_0101,cycle_0021,cycle_0101,p2_win,0.0
1202,cycle_0021,cycle_0101,cycle_0021,cycle_0101,p2_win,0.0
1203,cycle_0021,cycle_0101,cycle_0021,cycle_0101,p2_win,0.0
1204,cycle_0021,cycle_0101,cycle_0021,cycle_0101,p2_win,0.0
1205,cycle_0021,cycle_0101,cycle_0021,cycle_0101,p2_win,0.0
1206,cycle_0021,cycle_0101,cycle_0021,cycle_0101,p2_win,0.0
1207,cycle_0021,cycle_0101,cycle_0021,cycle_0101,p2_win,0.0
1208,cycle_0021,cycle_0101,cycle_0021,cycle_0101,p2_win,0.0
1209,cycle_0021,cycle_0101,cycle_0021,cycle_0101,p2_win,0.0
1210,cycle_0021,cycle_0101,cycle_0021,cycle_0101,p2_win,0.0
1211,cycle_0021,cycle_0101,cycle_0021,cycle_0101,p2_win,0.0
1212,cycle_0021,cycle_0101,cycle_0021,cycle_0101,p2_win,0.0
1213,cycle_0021,cycle_0101,cycle_0021,cycle_0101,p2_win,0.0
1214,cycle_0021,cycle_0101,cycle_0021,cycle_0101,p2_win,0.0
1215,cycle_0021,cycle_0101,cycle_0021,cycle_0101,p2_win,0.0
1216,cycle_0021,cycle_0101,cycle_0101,cycle_0021,p1_win,0.0
1217,cycle_0021,cycle_0101,cycle_0101,cycle_0021,p1_win,0.0
1218,cycle_0021,cycle_0101,cycle_0101,cycle_0021,p1_win,0.0
1219,cycle_0021,cycle_0101,cycle_0101,cycle_0021,p1_win,0.0
1220,cycle_0021,cycle_0101,cycle_0101,cycle_0021,p1_win,0.0
1221,cycle_0021,cycle_0101,cycle_0101,cycle_0021,p1_win,0.0
1222,cycle_0021,cycle_0101,cycle_0101,cycle_0021,p1_win,0.0
1223,cycle_0021,cycle_0101,cycle_0101,cycle_0021,p1_win,0.0
1224,cycle_0021,cycle_0101,cycle_0101,cycle_0021,p1_win,0.0
1225,cycle_0021,cycle_0101,cycle_0101,cycle_0021,p1_win,0.0
1226,cycle_0021,cycle_0101,cycle_0101,cycle_0021,p1_win,0.0
1227,cycle_0021,cycle_0101,cycle_0101,cycle_0021,p1_win,0.0
1228,cycle_0021,cycle_0101,cycle_0101,cycle_0021,p1_win,0.0
1229,cycle_0021,cycle_0101,cycle_0101,cycle_0021,p1_win,0.0
1230,cycle_0021,cycle_0101,cycle_0101,cycle_0021,p1_win,0.0
1231,cycle_0021,cycle_0111,cycle_0021,cycle_0111,p2_win,0.0
1232,cycle_0021,cycle_0111,cycle_0021,cycle_0111,p2_win,0.0
1233,cycle_0021,cycle_0111,cycle_0021,cycle_0111,p2_win,0.0
1234,cycle_0021,cycle_0111,cycle_0021,cycle_0111,p2_win,0.0
1235,cycle_0021,cycle_0111,cycle_0021,cycle_0111,p2_win,0.0
1236,cycle_0021,cycle_0111,cycle_0021,cycle_0111,p2_win,0.0
1237,cycle_0021,cycle_0111,cycle_0021,cycle_0111,p2_win,0.0
1238,cycle_0021,cycle_0111,cycle_0021,cycle_0111,p2_win,0.0
1239,cycle_0021,cycle_0111,cycle_0021,cycle_0111,p2_win,0.0
1240,cycle_0021,cycle_0111,cycle_0021,cycle_0111,p2_win,0.0
1241,cycle_0021,cycle_0111,cycle_0021,cycle_0111,p2_win,0.0
1242,cycle_0021,cycle_0111,cycle_0021,cycle_0111,p2_win,0.0
1243,cycle_0021,cycle_0111,cycle_0021,cycle_0111,p2_win,0.0
1244,cycle_0021,cycle_0111,cycle_0021,cycle_0111,p2_win,0.0
1245,cycle_0021,cycle_0111,cycle_0021,cycle_0111,p2_win,0.0
1246,cycle_0021,cycle_0111,cycle_0111,cycle_0021,p1_win,0.0
1247,cycle_0021,cycle_0111,cycle_0111,cycle_0021,p1_win,0.0
1248,cycle_0021,cycle_0111,cycle_0111,cycle_0021,p1_win,0.0
1249,cycle_0021,cycle_0111,cycle_0111,cycle_0021,p1_win,0.0
1250,cycle_0021,cycle_0111,cycle_0111,cycle_0021,p1_win,0.0
1251,cycle_0021,cycle_0111,cycle_0111,cycle_0021,p1_win,0.0
1252,cycle_0021,cycle_0111,cycle_0111,cycle_0021,p1_win,0.0
1253,cycle_0021,cycle_0111,cycle_0111,cycle_0021,p1_win,0.0
1254,cycle_0021,cycle_0111,cycle_0111,cycle_0021,p1_win,0.0
1255,cycle_0021,cycle_0111,cycle_0111,cycle_0021,p1_win,0.0
1256,cycle_0021,cycle_0111,cycle_0111,cycle_0021,p1_win,0.0
1257,cycle_0021,cycle_0111,cycle_0111,cycle_0021,p1_win,0.0
1258,cycle_0021,cycle_0111,cycle_0111,cycle_0021,p1_win,0.0
1259,cycle_0021,cycle_0111,cycle_0111,cycle_0021,p1_win,0.0
1260,cycle_0021,cycle_0111,cycle_0111,cycle_0021,p1_win,0.0
1261,cycle_0021,cycle_0121,cycle_0021,cycle_0121,p2_win,0.0
1262,cycle_0021,cycle_0121,cycle_0021,cycle_0121,p2_win,0.0
1263,cycle_0021,cycle_0121,cycle_0021,cycle_0121,p2_win,0.0
1264,cycle_0021,cycle_0121,cycle_0021,cycle_0121,p2_win,0.0
1265,cycle_0021,cycle_0121,cycle_0021,cycle_0121,p2_win,0.0
1266,cycle_0021,cycle_0121,cycle_0021,cycle_0121,p2_win,0.0
1267,cycle_0021,cycle_0121,cycle_0021,cycle_0121,p2_win,0.0
1268,cycle_0021,cycle_0121,cycle_0021,cycle_0121,p2_win,0.0
1269,cycle_0021,cycle_0121,cycle_0021,cycle_0121,p2_win,0.0
1270,cycle_0021,cycle_0121,cycle_0021,cycle_0121,p2_win,0.0
1271,cycle_0021,cycle_0121,cycle_0021,cycle_0121,p2_win,0.0
1272,cycle_0021,cycle_0121,cycle_0021,cycle_0121,p2_win,0.0
1273,cycle_0021,cycle_0121,cycle_0021,cycle_0121,p2_win,0.0
1274,cycle_0021,cycle_0121,cycle_0021,cycle_0121,p2_win,0.0
1275,cycle_0021,cycle_0121,cycle_0021,cycle_0121,p2_win,0.0
1276,cycle_0021,cycle_0121,cycle_0121,cycle_0021,p1_win,0.0
1277,cycle_0021,cycle_0121,cycle_0121,cycle_0021,p1_win,0.0
1278,cycle_0021,cycle_0121,cycle_0121,cycle_0021,p1_win,0.0
1279,cycle_0021,cycle_0121,cycle_0121,cycle_0021,p1_win,0.0
1280,cycle_0021,cycle_0121,cycle_0121,cycle_0021,p1_win,0.0
1281,cycle_0021,cycle_0121,cycle_0121,cycle_0021,p1_win,0.0
1282,cycle_0021,cycle_0121,cycle_0121,cycle_0021,p1_win,0.0
1283,cycle_0021,cycle_0121,cycle_0121,cycle_0021,p1_win,0.0
1284,cycle_0021,cycle_0121,cycle_0121,cycle_0021,p1_win,0.0
1285,cycle_0021,cycle_0121,cycle_0121,cycle_0021,p1_win,0.0
1286,cycle_0021,cycle_0121,cycle_0121,cycle_0021,p1_win,0.0
1287,cycle_0021,cycle_0121,cycle_0121,cycle_0021,p1_win,0.0
1288,cycle_0021,cycle_0121,cycle_0121,cycle_0021,p1_win,0.0
1289,cycle_0021,cycle_0121,cycle_0121,cycle_0021,p1_win,0.0
1290,cycle_0021,cycle_0121,cycle_0121,cycle_0021,p1_win,0.0
1291,cycle_0021,cycle_0131,cycle_0021,cycle_0131,p2_win,0.0
1292,cycle_0021,cycle_0131,cycle_0021,cycle_0131,p2_win,0.0
1293,cycle_0021,cycle_0131,cycle_0021,cycle_0131,p2_win,0.0
1294,cycle_0021,cycle_0131,cycle_0021,cycle_0131,p2_win,0.0
1295,cycle_0021,cycle_0131,cycle_0021,cycle_0131,p2_win,0.0
1296,cycle_0021,cycle_0131,cycle_0021,cycle_0131,p2_win,0.0
1297,cycle_0021,cycle_0131,cycle_0021,cycle_0131,p2_win,0.0
1298,cycle_0021,cycle_0131,cycle_0021,cycle_0131,p2_win,0.0
1299,cycle_0021,cycle_0131,cycle_0021,cycle_0131,p2_win,0.0
1300,cycle_0021,cycle_0131,cycle_0021,cycle_0131,p2_win,0.0
1301,cycle_0021,cycle_0131,cycle_0021,cycle_0131,p2_win,0.0
1302,cycle_0021,cycle_0131,cycle_0021,cycle_0131,p2_win,0.0
1303,cycle_0021,cycle_0131,cycle_0021,cycle_0131,p2_win,0.0
1304,cycle_0021,cycle_0131,cycle_0021,cycle_0131,p2_win,0.0
1305,cycle_0021,cycle_0131,cycle_0021,cycle_0131,p2_win,0.0
1306,cycle_0021,cycle_0131,cycle_0131,cycle_0021,p1_win,0.0
1307,cycle_0021,cycle_0131,cycle_0131,cycle_0021,p1_win,0.0
1308,cycle_0021,cycle_0131,cycle_0131,cycle_0021,p1_win,0.0
1309,cycle_0021,cycle_0131,cycle_0131,cycle_0021,draw,0.5
1310,cycle_0021,cycle_0131,cycle_0131,cycle_0021,p1_win,0.0
1311,cycle_0021,cycle_0131,cycle_0131,cycle_0021,p1_win,0.0
1312,cycle_0021,cycle_0131,cycle_0131,cycle_0021,p1_win,0.0
1313,cycle_0021,cycle_0131,cycle_0131,cycle_0021,p1_win,0.0
1314,cycle_0021,cycle_0131,cycle_0131,cycle_0021,p1_win,0.0
1315,cycle_0021,cycle_0131,cycle_0131,cycle_0021,p1_win,0.0
1316,cycle_0021,cycle_0131,cycle_0131,cycle_0021,p1_win,0.0
1317,cycle_0021,cycle_0131,cycle_0131,cycle_0021,p1_win,0.0
1318,cycle_0021,cycle_0131,cycle_0131,cycle_0021,p1_win,0.0
1319,cycle_0021,cycle_0131,cycle_0131,cycle_0021,p1_win,0.0
1320,cycle_0021,cycle_0131,cycle_0131,cycle_0021,p1_win,0.0
1321,cycle_0021,cycle_0141,cycle_0021,cycle_0141,p2_win,0.0
1322,cycle_0021,cycle_0141,cycle_0021,cycle_0141,p2_win,0.0
1323,cycle_0021,cycle_0141,cycle_0021,cycle_0141,p2_win,0.0
1324,cycle_0021,cycle_0141,cycle_0021,cycle_0141,p2_win,0.0
1325,cycle_0021,cycle_0141,cycle_0021,cycle_0141,p2_win,0.0
1326,cycle_0021,cycle_0141,cycle_0021,cycle_0141,p2_win,0.0
1327,cycle_0021,cycle_0141,cycle_0021,cycle_0141,p2_win,0.0
1328,cycle_0021,cycle_0141,cycle_0021,cycle_0141,p2_win,0.0
1329,cycle_0021,cycle_0141,cycle_0021,cycle_0141,p2_win,0.0
1330,cycle_0021,cycle_0141,cycle_0021,cycle_0141,p2_win,0.0
1331,cycle_0021,cycle_0141,cycle_0021,cycle_0141,p2_win,0.0
1332,cycle_0021,cycle_0141,cycle_0021,cycle_0141,p2_win,0.0
1333,cycle_0021,cycle_0141,cycle_0021,cycle_0141,p2_win,0.0
1334,cycle_0021,cycle_0141,cycle_0021,cycle_0141,p2_win,0.0
1335,cycle_0021,cycle_0141,cycle_0021,cycle_0141,p2_win,0.0
1336,cycle_0021,cycle_0141,cycle_0141,cycle_0021,p1_win,0.0
1337,cycle_0021,cycle_0141,cycle_0141,cycle_0021,p1_win,0.0
1338,cycle_0021,cycle_0141,cycle_0141,cycle_0021,p2_win,1.0
1339,cycle_0021,cycle_0141,cycle_0141,cycle_0021,p2_win,1.0
1340,cycle_0021,cycle_0141,cycle_0141,cycle_0021,p1_win,0.0
1341,cycle_0021,cycle_0141,cycle_0141,cycle_0021,p2_win,1.0
1342,cycle_0021,cycle_0141,cycle_0141,cycle_0021,p1_win,0.0
1343,cycle_0021,cycle_0141,cycle_0141,cycle_0021,p1_win,0.0
1344,cycle_0021,cycle_0141,cycle_0141,cycle_0021,p1_win,0.0
1345,cycle_0021,cycle_0141,cycle_0141,cycle_0021,p1_win,0.0
1346,cycle_0021,cycle_0141,cycle_0141,cycle_0021,p1_win,0.0
1347,cycle_0021,cycle_0141,cycle_0141,cycle_0021,p1_win,0.0
1348,cycle_0021,cycle_0141,cycle_0141,cycle_0021,p1_win,0.0
1349,cycle_0021,cycle_0141,cycle_0141,cycle_0021,p1_win,0.0
1350,cycle_0021,cycle_0141,cycle_0141,cycle_0021,p1_win,0.0
1351,cycle_0021,models_7x7_v2\best.pt,cycle_0021,models_7x7_v2\best.pt,p2_win,0.0
1352,cycle_0021,models_7x7_v2\best.pt,cycle_0021,models_7x7_v2\best.pt,p2_win,0.0
1353,cycle_0021,models_7x7_v2\best.pt,cycle_0021,models_7x7_v2\best.pt,p2_win,0.0
1354,cycle_0021,models_7x7_v2\best.pt,cycle_0021,models_7x7_v2\best.pt,p2_win,0.0
1355,cycle_0021,models_7x7_v2\best.pt,cycle_0021,models_7x7_v2\best.pt,p2_win,0.0
1356,cycle_0021,models_7x7_v2\best.pt,cycle_0021,models_7x7_v2\best.pt,p2_win,0.0
1357,cycle_0021,models_7x7_v2\best.pt,cycle_0021,models_7x7_v2\best.pt,p2_win,0.0
1358,cycle_0021,models_7x7_v2\best.pt,cycle_0021,models_7x7_v2\best.pt,p2_win,0.0
1359,cycle_0021,models_7x7_v2\best.pt,cycle_0021,models_7x7_v2\best.pt,p2_win,0.0
1360,cycle_0021,models_7x7_v2\best.pt,cycle_0021,models_7x7_v2\best.pt,p2_win,0.0
1361,cycle_0021,models_7x7_v2\best.pt,cycle_0021,models_7x7_v2\best.pt,p2_win,0.0
1362,cycle_0021,models_7x7_v2\best.pt,cycle_0021,models_7x7_v2\best.pt,p2_win,0.0
1363,cycle_0021,models_7x7_v2\best.pt,cycle_0021,models_7x7_v2\best.pt,p2_win,0.0
1364,cycle_0021,models_7x7_v2\best.pt,cycle_0021,models_7x7_v2\best.pt,p2_win,0.0
1365,cycle_0021,models_7x7_v2\best.pt,cycle_0021,models_7x7_v2\best.pt,p2_win,0.0
1366,cycle_0021,models_7x7_v2\best.pt,models_7x7_v2\best.pt,cycle_0021,p1_win,0.0
1367,cycle_0021,models_7x7_v2\best.pt,models_7x7_v2\best.pt,cycle_0021,p1_win,0.0
1368,cycle_0021,models_7x7_v2\best.pt,models_7x7_v2\best.pt,cycle_0021,p2_win,1.0
1369,cycle_0021,models_7x7_v2\best.pt,models_7x7_v2\best.pt,cycle_0021,p1_win,0.0
1370,cycle_0021,models_7x7_v2\best.pt,models_7x7_v2\best.pt,cycle_0021,p2_win,1.0
1371,cycle_0021,models_7x7_v2\best.pt,models_7x7_v2\best.pt,cycle_0021,p2_win,1.0
1372,cycle_0021,models_7x7_v2\best.pt,models_7x7_v2\best.pt,cycle_0021,p2_win,1.0
1373,cycle_0021,models_7x7_v2\best.pt,models_7x7_v2\best.pt,cycle_0021,p1_win,0.0
1374,cycle_0021,models_7x7_v2\best.pt,models_7x7_v2\best.pt,cycle_0021,p1_win,0.0
1375,cycle_0021,models_7x7_v2\best.pt,models_7x7_v2\best.pt,cycle_0021,p1_win,0.0
1376,cycle_0021,models_7x7_v2\best.pt,models_7x7_v2\best.pt,cycle_0021,p2_win,1.0
1377,cycle_0021,models_7x7_v2\best.pt,models_7x7_v2\best.pt,cycle_0021,p1_win,0.0
1378,cycle_0021,models_7x7_v2\best.pt,models_7x7_v2\best.pt,cycle_0021,p1_win,0.0
1379,cycle_0021,models_7x7_v2\best.pt,models_7x7_v2\best.pt,cycle_0021,p1_win,0.0
1380,cycle_0021,models_7x7_v2\best.pt,models_7x7_v2\best.pt,cycle_0021,p1_win,0.0
1381,cycle_0021,minimax-2,cycle_0021,minimax-2,p2_win,0.0
1382,cycle_0021,minimax-2,cycle_0021,minimax-2,p2_win,0.0
1383,cycle_0021,minimax-2,cycle_0021,minimax-2,p2_win,0.0
1384,cycle_0021,minimax-2,cycle_0021,minimax-2,p2_win,0.0
1385,cycle_0021,minimax-2,cycle_0021,minimax-2,p2_win,0.0
1386,cycle_0021,minimax-2,cycle_0021,minimax-2,p2_win,0.0
1387,cycle_0021,minimax-2,cycle_0021,minimax-2,p2_win,0.0
1388,cycle_0021,minimax-2,cycle_0021,minimax-2,p2_win,0.0
1389,cycle_0021,minimax-2,cycle_0021,minimax-2,p2_win,0.0
1390,cycle_0021,minimax-2,cycle_0021,minimax-2,p2_win,0.0
1391,cycle_0021,minimax-2,cycle_0021,minimax-2,p2_win,0.0
1392,cycle_0021,minimax-2,cycle_0021,minimax-2,p2_win,0.0
1393,cycle_0021,minimax-2,cycle_0021,minimax-2,p2_win,0.0
1394,cycle_0021,minimax-2,cycle_0021,minimax-2,p2_win,0.0
1395,cycle_0021,minimax-2,cycle_0021,minimax-2,p2_win,0.0
1396,cycle_0021,minimax-2,minimax-2,cycle_0021,p1_win,0.0
1397,cycle_0021,minimax-2,minimax-2,cycle_0021,p1_win,0.0
1398,cycle_0021,minimax-2,minimax-2,cycle_0021,p1_win,0.0
1399,cycle_0021,minimax-2,minimax-2,cycle_0021,p1_win,0.0
1400,cycle_0021,minimax-2,minimax-2,cycle_0021,p1_win,0.0
1401,cycle_0021,minimax-2,minimax-2,cycle_0021,p1_win,0.0
1402,cycle_0021,minimax-2,minimax-2,cycle_0021,p1_win,0.0
1403,cycle_0021,minimax-2,minimax-2,cycle_0021,p1_win,0.0
1404,cycle_0021,minimax-2,minimax-2,cycle_0021,p1_win,0.0
1405,cycle_0021,minimax-2,minimax-2,cycle_0021,p1_win,0.0
1406,cycle_0021,minimax-2,minimax-2,cycle_0021,p1_win,0.0
1407,cycle_0021,minimax-2,minimax-2,cycle_0021,p1_win,0.0
1408,cycle_0021,minimax-2,minimax-2,cycle_0021,p1_win,0.0
1409,cycle_0021,minimax-2,minimax-2,cycle_0021,p1_win,0.0
1410,cycle_0021,minimax-2,minimax-2,cycle_0021,p1_win,0.0
1411,cycle_0021,minimax-3,cycle_0021,minimax-3,p2_win,0.0
1412,cycle_0021,minimax-3,cycle_0021,minimax-3,p2_win,0.0
1413,cycle_0021,minimax-3,cycle_0021,minimax-3,p2_win,0.0
1414,cycle_0021,minimax-3,cycle_0021,minimax-3,p2_win,0.0
1415,cycle_0021,minimax-3,cycle_0021,minimax-3,p2_win,0.0
1416,cycle_0021,minimax-3,cycle_0021,minimax-3,p2_win,0.0
1417,cycle_0021,minimax-3,cycle_0021,minimax-3,p1_win,1.0
1418,cycle_0021,minimax-3,cycle_0021,minimax-3,p2_win,0.0
1419,cycle_0021,minimax-3,cycle_0021,minimax-3,p2_win,0.0
1420,cycle_0021,minimax-3,cycle_0021,minimax-3,p2_win,0.0
1421,cycle_0021,minimax-3,cycle_0021,minimax-3,p1_win,1.0
1422,cycle_0021,minimax-3,cycle_0021,minimax-3,p1_win,1.0
1423,cycle_0021,minimax-3,cycle_0021,minimax-3,p2_win,0.0
1424,cycle_0021,minimax-3,cycle_0021,minimax-3,p2_win,0.0
1425,cycle_0021,minimax-3,cycle_0021,minimax-3,p1_win,1.0
1426,cycle_0021,minimax-3,minimax-3,cycle_0021,p1_win,0.0
1427,cycle_0021,minimax-3,minimax-3,cycle_0021,p1_win,0.0
1428,cycle_0021,minimax-3,minimax-3,cycle_0021,p1_win,0.0
1429,cycle_0021,minimax-3,minimax-3,cycle_0021,p1_win,0.0
1430,cycle_0021,minimax-3,minimax-3,cycle_0021,p1_win,0.0
1431,cycle_0021,minimax-3,minimax-3,cycle_0021,p1_win,0.0
1432,cycle_0021,minimax-3,minimax-3,cycle_0021,p1_win,0.0
1433,cycle_0021,minimax-3,minimax-3,cycle_0021,p1_win,0.0
1434,cycle_0021,minimax-3,minimax-3,cycle_0021,p1_win,0.0
1435,cycle_0021,minimax-3,minimax-3,cycle_0021,p1_win,0.0
1436,cycle_0021,minimax-3,minimax-3,cycle_0021,p1_win,0.0
1437,cycle_0021,minimax-3,minimax-3,cycle_0021,p2_win,1.0
1438,cycle_0021,minimax-3,minimax-3,cycle_0021,p1_win,0.0
1439,cycle_0021,minimax-3,minimax-3,cycle_0021,p2_win,1.0
1440,cycle_0021,minimax-3,minimax-3,cycle_0021,p1_win,0.0
1441,cycle_0031,cycle_0041,cycle_0031,cycle_0041,p2_win,0.0
1442,cycle_0031,cycle_0041,cycle_0031,cycle_0041,p2_win,0.0
1443,cycle_0031,cycle_0041,cycle_0031,cycle_0041,p2_win,0.0
1444,cycle_0031,cycle_0041,cycle_0031,cycle_0041,p2_win,0.0
1445,cycle_0031,cycle_0041,cycle_0031,cycle_0041,p2_win,0.0
1446,cycle_0031,cycle_0041,cycle_0031,cycle_0041,p2_win,0.0
1447,cycle_0031,cycle_0041,cycle_0031,cycle_0041,p2_win,0.0
1448,cycle_0031,cycle_0041,cycle_0031,cycle_0041,p2_win,0.0
1449,cycle_0031,cycle_0041,cycle_0031,cycle_0041,p2_win,0.0
1450,cycle_0031,cycle_0041,cycle_0031,cycle_0041,p2_win,0.0
1451,cycle_0031,cycle_0041,cycle_0031,cycle_0041,p2_win,0.0
1452,cycle_0031,cycle_0041,cycle_0031,cycle_0041,p2_win,0.0
1453,cycle_0031,cycle_0041,cycle_0031,cycle_0041,p2_win,0.0
1454,cycle_0031,cycle_0041,cycle_0031,cycle_0041,p2_win,0.0
1455,cycle_0031,cycle_0041,cycle_0031,cycle_0041,p2_win,0.0
1456,cycle_0031,cycle_0041,cycle_0041,cycle_0031,p1_win,0.0
1457,cycle_0031,cycle_0041,cycle_0041,cycle_0031,p1_win,0.0
1458,cycle_0031,cycle_0041,cycle_0041,cycle_0031,p1_win,0.0
1459,cycle_0031,cycle_0041,cycle_0041,cycle_0031,p1_win,0.0
1460,cycle_0031,cycle_0041,cycle_0041,cycle_0031,p1_win,0.0
1461,cycle_0031,cycle_0041,cycle_0041,cycle_0031,p1_win,0.0
1462,cycle_0031,cycle_0041,cycle_0041,cycle_0031,p1_win,0.0
1463,cycle_0031,cycle_0041,cycle_0041,cycle_0031,p1_win,0.0
1464,cycle_0031,cycle_0041,cycle_0041,cycle_0031,p1_win,0.0
1465,cycle_0031,cycle_0041,cycle_0041,cycle_0031,p1_win,0.0
1466,cycle_0031,cycle_0041,cycle_0041,cycle_0031,p1_win,0.0
1467,cycle_0031,cycle_0041,cycle_0041,cycle_0031,p1_win,0.0
1468,cycle_0031,cycle_0041,cycle_0041,cycle_0031,p1_win,0.0
1469,cycle_0031,cycle_0041,cycle_0041,cycle_0031,p1_win,0.0
1470,cycle_0031,cycle_0041,cycle_0041,cycle_0031,p1_win,0.0
1471,cycle_0031,cycle_0051,cycle_0031,cycle_0051,p2_win,0.0
1472,cycle_0031,cycle_0051,cycle_0031,cycle_0051,p2_win,0.0
1473,cycle_0031,cycle_0051,cycle_0031,cycle_0051,p2_win,0.0
1474,cycle_0031,cycle_0051,cycle_0031,cycle_0051,p2_win,0.0
1475,cycle_0031,cycle_0051,cycle_0031,cycle_0051,p2_win,0.0
1476,cycle_0031,cycle_0051,cycle_0031,cycle_0051,p2_win,0.0
1477,cycle_0031,cycle_0051,cycle_0031,cycle_0051,p2_win,0.0
1478,cycle_0031,cycle_0051,cycle_0031,cycle_0051,p2_win,0.0
1479,cycle_0031,cycle_0051,cycle_0031,cycle_0051,p2_win,0.0
1480,cycle_0031,cycle_0051,cycle_0031,cycle_0051,p2_win,0.0
1481,cycle_0031,cycle_0051,cycle_0031,cycle_0051,p2_win,0.0
1482,cycle_0031,cycle_0051,cycle_0031,cycle_0051,p2_win,0.0
1483,cycle_0031,cycle_0051,cycle_0031,cycle_0051,p2_win,0.0
1484,cycle_0031,cycle_0051,cycle_0031,cycle_0051,p2_win,0.0
1485,cycle_0031,cycle_0051,cycle_0031,cycle_0051,p2_win,0.0
1486,cycle_0031,cycle_0051,cycle_0051,cycle_0031,p1_win,0.0
1487,cycle_0031,cycle_0051,cycle_0051,cycle_0031,p1_win,0.0
1488,cycle_0031,cycle_0051,cycle_0051,cycle_0031,p1_win,0.0
1489,cycle_0031,cycle_0051,cycle_0051,cycle_0031,p1_win,0.0
1490,cycle_0031,cycle_0051,cycle_0051,cycle_0031,p1_win,0.0
1491,cycle_0031,cycle_0051,cycle_0051,cycle_0031,p1_win,0.0
1492,cycle_0031,cycle_0051,cycle_0051,cycle_0031,p1_win,0.0
1493,cycle_0031,cycle_0051,cycle_0051,cycle_0031,p1_win,0.0
1494,cycle_0031,cycle_0051,cycle_0051,cycle_0031,p1_win,0.0
1495,cycle_0031,cycle_0051,cycle_0051,cycle_0031,p1_win,0.0
1496,cycle_0031,cycle_0051,cycle_0051,cycle_0031,p1_win,0.0
1497,cycle_0031,cycle_0051,cycle_0051,cycle_0031,p1_win,0.0
1498,cycle_0031,cycle_0051,cycle_0051,cycle_0031,p1_win,0.0
1499,cycle_0031,cycle_0051,cycle_0051,cycle_0031,p1_win,0.0
1500,cycle_0031,cycle_0051,cycle_0051,cycle_0031,p1_win,0.0
1501,cycle_0031,cycle_0061,cycle_0031,cycle_0061,p2_win,0.0
1502,cycle_0031,cycle_0061,cycle_0031,cycle_0061,p2_win,0.0
1503,cycle_0031,cycle_0061,cycle_0031,cycle_0061,p2_win,0.0
1504,cycle_0031,cycle_0061,cycle_0031,cycle_0061,p2_win,0.0
1505,cycle_0031,cycle_0061,cycle_0031,cycle_0061,p2_win,0.0
1506,cycle_0031,cycle_0061,cycle_0031,cycle_0061,p2_win,0.0
1507,cycle_0031,cycle_0061,cycle_0031,cycle_0061,p2_win,0.0
1508,cycle_0031,cycle_0061,cycle_0031,cycle_0061,p2_win,0.0
1509,cycle_0031,cycle_0061,cycle_0031,cycle_0061,p2_win,0.0
1510,cycle_0031,cycle_0061,cycle_0031,cycle_0061,p2_win,0.0
1511,cycle_0031,cycle_0061,cycle_0031,cycle_0061,p2_win,0.0
1512,cycle_0031,cycle_0061,cycle_0031,cycle_0061,p2_win,0.0
1513,cycle_0031,cycle_0061,cycle_0031,cycle_0061,p2_win,0.0
1514,cycle_0031,cycle_0061,cycle_0031,cycle_0061,p2_win,0.0
1515,cycle_0031,cycle_0061,cycle_0031,cycle_0061,p2_win,0.0
1516,cycle_0031,cycle_0061,cycle_0061,cycle_0031,p1_win,0.0
1517,cycle_0031,cycle_0061,cycle_0061,cycle_0031,p1_win,0.0
1518,cycle_0031,cycle_0061,cycle_0061,cycle_0031,p1_win,0.0
1519,cycle_0031,cycle_0061,cycle_0061,cycle_0031,p1_win,0.0
1520,cycle_0031,cycle_0061,cycle_0061,cycle_0031,p1_win,0.0
1521,cycle_0031,cycle_0061,cycle_0061,cycle_0031,p1_win,0.0
1522,cycle_0031,cycle_0061,cycle_0061,cycle_0031,p1_win,0.0
1523,cycle_0031,cycle_0061,cycle_0061,cycle_0031,p1_win,0.0
1524,cycle_0031,cycle_0061,cycle_0061,cycle_0031,p1_win,0.0
1525,cycle_0031,cycle_0061,cycle_0061,cycle_0031,p1_win,0.0
1526,cycle_0031,cycle_0061,cycle_0061,cycle_0031,p1_win,0.0
1527,cycle_0031,cycle_0061,cycle_0061,cycle_0031,p1_win,0.0
1528,cycle_0031,cycle_0061,cycle_0061,cycle_0031,p2_win,1.0
1529,cycle_0031,cycle_0061,cycle_0061,cycle_0031,p1_win,0.0
1530,cycle_0031,cycle_0061,cycle_0061,cycle_0031,p1_win,0.0
1531,cycle_0031,cycle_0071,cycle_0031,cycle_0071,p2_win,0.0
1532,cycle_0031,cycle_0071,cycle_0031,cycle_0071,p2_win,0.0
1533,cycle_0031,cycle_0071,cycle_0031,cycle_0071,p2_win,0.0
1534,cycle_0031,cycle_0071,cycle_0031,cycle_0071,p2_win,0.0
1535,cycle_0031,cycle_0071,cycle_0031,cycle_0071,p2_win,0.0
1536,cycle_0031,cycle_0071,cycle_0031,cycle_0071,p2_win,0.0
1537,cycle_0031,cycle_0071,cycle_0031,cycle_0071,p2_win,0.0
1538,cycle_0031,cycle_0071,cycle_0031,cycle_0071,p2_win,0.0
1539,cycle_0031,cycle_0071,cycle_0031,cycle_0071,p2_win,0.0
1540,cycle_0031,cycle_0071,cycle_0031,cycle_0071,p2_win,0.0
1541,cycle_0031,cycle_0071,cycle_0031,cycle_0071,p2_win,0.0
1542,cycle_0031,cycle_0071,cycle_0031,cycle_0071,p2_win,0.0
1543,cycle_0031,cycle_0071,cycle_0031,cycle_0071,p2_win,0.0
1544,cycle_0031,cycle_0071,cycle_0031,cycle_0071,p2_win,0.0
1545,cycle_0031,cycle_0071,cycle_0031,cycle_0071,p2_win,0.0
1546,cycle_0031,cycle_0071,cycle_0071,cycle_0031,p1_win,0.0
1547,cycle_0031,cycle_0071,cycle_0071,cycle_0031,p1_win,0.0
1548,cycle_0031,cycle_0071,cycle_0071,cycle_0031,p1_win,0.0
1549,cycle_0031,cycle_0071,cycle_0071,cycle_0031,p1_win,0.0
1550,cycle_0031,cycle_0071,cycle_0071,cycle_0031,p1_win,0.0
1551,cycle_0031,cycle_0071,cycle_0071,cycle_0031,p1_win,0.0
1552,cycle_0031,cycle_0071,cycle_0071,cycle_0031,p1_win,0.0
1553,cycle_0031,cycle_0071,cycle_0071,cycle_0031,p1_win,0.0
1554,cycle_0031,cycle_0071,cycle_0071,cycle_0031,p1_win,0.0
1555,cycle_0031,cycle_0071,cycle_0071,cycle_0031,p1_win,0.0
1556,cycle_0031,cycle_0071,cycle_0071,cycle_0031,p1_win,0.0
1557,cycle_0031,cycle_0071,cycle_0071,cycle_0031,p1_win,0.0
1558,cycle_0031,cycle_0071,cycle_0071,cycle_0031,p1_win,0.0
1559,cycle_0031,cycle_0071,cycle_0071,cycle_0031,p1_win,0.0
1560,cycle_0031,cycle_0071,cycle_0071,cycle_0031,p1_win,0.0
1561,cycle_0031,cycle_0081,cycle_0031,cycle_0081,p2_win,0.0
1562,cycle_0031,cycle_0081,cycle_0031,cycle_0081,p2_win,0.0
1563,cycle_0031,cycle_0081,cycle_0031,cycle_0081,p2_win,0.0
1564,cycle_0031,cycle_0081,cycle_0031,cycle_0081,p2_win,0.0
1565,cycle_0031,cycle_0081,cycle_0031,cycle_0081,draw,0.5
1566,cycle_0031,cycle_0081,cycle_0031,cycle_0081,p2_win,0.0
1567,cycle_0031,cycle_0081,cycle_0031,cycle_0081,p2_win,0.0
1568,cycle_0031,cycle_0081,cycle_0031,cycle_0081,p2_win,0.0
1569,cycle_0031,cycle_0081,cycle_0031,cycle_0081,p2_win,0.0
1570,cycle_0031,cycle_0081,cycle_0031,cycle_0081,p2_win,0.0
1571,cycle_0031,cycle_0081,cycle_0031,cycle_0081,p2_win,0.0
1572,cycle_0031,cycle_0081,cycle_0031,cycle_0081,p2_win,0.0
1573,cycle_0031,cycle_0081,cycle_0031,cycle_0081,p2_win,0.0
1574,cycle_0031,cycle_0081,cycle_0031,cycle_0081,p2_win,0.0
1575,cycle_0031,cycle_0081,cycle_0031,cycle_0081,p2_win,0.0
1576,cycle_0031,cycle_0081,cycle_0081,cycle_0031,p1_win,0.0
1577,cycle_0031,cycle_0081,cycle_0081,cycle_0031,p1_win,0.0
1578,cycle_0031,cycle_0081,cycle_0081,cycle_0031,p1_win,0.0
1579,cycle_0031,cycle_0081,cycle_0081,cycle_0031,p1_win,0.0
1580,cycle_0031,cycle_0081,cycle_0081,cycle_0031,p1_win,0.0
1581,cycle_0031,cycle_0081,cycle_0081,cycle_0031,p1_win,0.0
1582,cycle_0031,cycle_0081,cycle_0081,cycle_0031,p1_win,0.0
1583,cycle_0031,cycle_0081,cycle_0081,cycle_0031,p1_win,0.0
1584,cycle_0031,cycle_0081,cycle_0081,cycle_0031,p1_win,0.0
1585,cycle_0031,cycle_0081,cycle_0081,cycle_0031,p1_win,0.0
1586,cycle_0031,cycle_0081,cycle_0081,cycle_0031,p1_win,0.0
1587,cycle_0031,cycle_0081,cycle_0081,cycle_0031,p1_win,0.0
1588,cycle_0031,cycle_0081,cycle_0081,cycle_0031,p1_win,0.0
1589,cycle_0031,cycle_0081,cycle_0081,cycle_0031,p1_win,0.0
1590,cycle_0031,cycle_0081,cycle_0081,cycle_0031,p1_win,0.0
1591,cycle_0031,cycle_0091,cycle_0031,cycle_0091,p2_win,0.0
1592,cycle_0031,cycle_0091,cycle_0031,cycle_0091,p2_win,0.0
1593,cycle_0031,cycle_0091,cycle_0031,cycle_0091,p2_win,0.0
1594,cycle_0031,cycle_0091,cycle_0031,cycle_0091,p2_win,0.0
1595,cycle_0031,cycle_0091,cycle_0031,cycle_0091,p2_win,0.0
1596,cycle_0031,cycle_0091,cycle_0031,cycle_0091,p2_win,0.0
1597,cycle_0031,cycle_0091,cycle_0031,cycle_0091,p2_win,0.0
1598,cycle_0031,cycle_0091,cycle_0031,cycle_0091,p2_win,0.0
1599,cycle_0031,cycle_0091,cycle_0031,cycle_0091,p2_win,0.0
1600,cycle_0031,cycle_0091,cycle_0031,cycle_0091,p2_win,0.0
1601,cycle_0031,cycle_0091,cycle_0031,cycle_0091,p2_win,0.0
1602,cycle_0031,cycle_0091,cycle_0031,cycle_0091,p2_win,0.0
1603,cycle_0031,cycle_0091,cycle_0031,cycle_0091,p2_win,0.0
1604,cycle_0031,cycle_0091,cycle_0031,cycle_0091,p2_win,0.0
1605,cycle_0031,cycle_0091,cycle_0031,cycle_0091,p2_win,0.0
1606,cycle_0031,cycle_0091,cycle_0091,cycle_0031,p1_win,0.0
1607,cycle_0031,cycle_0091,cycle_0091,cycle_0031,p1_win,0.0
1608,cycle_0031,cycle_0091,cycle_0091,cycle_0031,p1_win,0.0
1609,cycle_0031,cycle_0091,cycle_0091,cycle_0031,p1_win,0.0
1610,cycle_0031,cycle_0091,cycle_0091,cycle_0031,p1_win,0.0
1611,cycle_0031,cycle_0091,cycle_0091,cycle_0031,p1_win,0.0
1612,cycle_0031,cycle_0091,cycle_0091,cycle_0031,p2_win,1.0
1613,cycle_0031,cycle_0091,cycle_0091,cycle_0031,p1_win,0.0
1614,cycle_0031,cycle_0091,cycle_0091,cycle_0031,p1_win,0.0
1615,cycle_0031,cycle_0091,cycle_0091,cycle_0031,p1_win,0.0
1616,cycle_0031,cycle_0091,cycle_0091,cycle_0031,p1_win,0.0
1617,cycle_0031,cycle_0091,cycle_0091,cycle_0031,p1_win,0.0
1618,cycle_0031,cycle_0091,cycle_0091,cycle_0031,p1_win,0.0
1619,cycle_0031,cycle_0091,cycle_0091,cycle_0031,p1_win,0.0
1620,cycle_0031,cycle_0091,cycle_0091,cycle_0031,p1_win,0.0
1621,cycle_0031,cycle_0101,cycle_0031,cycle_0101,p2_win,0.0
1622,cycle_0031,cycle_0101,cycle_0031,cycle_0101,p2_win,0.0
1623,cycle_0031,cycle_0101,cycle_0031,cycle_0101,p2_win,0.0
1624,cycle_0031,cycle_0101,cycle_0031,cycle_0101,p2_win,0.0
1625,cycle_0031,cycle_0101,cycle_0031,cycle_0101,p2_win,0.0
1626,cycle_0031,cycle_0101,cycle_0031,cycle_0101,p2_win,0.0
1627,cycle_0031,cycle_0101,cycle_0031,cycle_0101,p2_win,0.0
1628,cycle_0031,cycle_0101,cycle_0031,cycle_0101,p2_win,0.0
1629,cycle_0031,cycle_0101,cycle_0031,cycle_0101,p2_win,0.0
1630,cycle_0031,cycle_0101,cycle_0031,cycle_0101,p2_win,0.0
1631,cycle_0031,cycle_0101,cycle_0031,cycle_0101,p2_win,0.0
1632,cycle_0031,cycle_0101,cycle_0031,cycle_0101,p2_win,0.0
1633,cycle_0031,cycle_0101,cycle_0031,cycle_0101,p2_win,0.0
1634,cycle_0031,cycle_0101,cycle_0031,cycle_0101,p2_win,0.0
1635,cycle_0031,cycle_0101,cycle_0031,cycle_0101,p2_win,0.0
1636,cycle_0031,cycle_0101,cycle_0101,cycle_0031,p1_win,0.0
1637,cycle_0031,cycle_0101,cycle_0101,cycle_0031,p1_win,0.0
1638,cycle_0031,cycle_0101,cycle_0101,cycle_0031,p1_win,0.0
1639,cycle_0031,cycle_0101,cycle_0101,cycle_0031,p1_win,0.0
1640,cycle_0031,cycle_0101,cycle_0101,cycle_0031,p1_win,0.0
1641,cycle_0031,cycle_0101,cycle_0101,cycle_0031,p1_win,0.0
1642,cycle_0031,cycle_0101,cycle_0101,cycle_0031,p1_win,0.0
1643,cycle_0031,cycle_0101,cycle_0101,cycle_0031,p1_win,0.0
1644,cycle_0031,cycle_0101,cycle_0101,cycle_0031,p1_win,0.0
1645,cycle_0031,cycle_0101,cycle_0101,cycle_0031,p1_win,0.0
1646,cycle_0031,cycle_0101,cycle_0101,cycle_0031,p1_win,0.0
1647,cycle_0031,cycle_0101,cycle_0101,cycle_0031,p1_win,0.0
1648,cycle_0031,cycle_0101,cycle_0101,cycle_0031,p1_win,0.0
1649,cycle_0031,cycle_0101,cycle_0101,cycle_0031,p2_win,1.0
1650,cycle_0031,cycle_0101,cycle_0101,cycle_0031,p1_win,0.0
1651,cycle_0031,cycle_0111,cycle_0031,cycle_0111,draw,0.5
1652,cycle_0031,cycle_0111,cycle_0031,cycle_0111,p2_win,0.0
1653,cycle_0031,cycle_0111,cycle_0031,cycle_0111,p2_win,0.0
1654,cycle_0031,cycle_0111,cycle_0031,cycle_0111,p2_win,0.0
1655,cycle_0031,cycle_0111,cycle_0031,cycle_0111,p2_win,0.0
1656,cycle_0031,cycle_0111,cycle_0031,cycle_0111,p2_win,0.0
1657,cycle_0031,cycle_0111,cycle_0031,cycle_0111,p2_win,0.0
1658,cycle_0031,cycle_0111,cycle_0031,cycle_0111,p2_win,0.0
1659,cycle_0031,cycle_0111,cycle_0031,cycle_0111,p2_win,0.0
1660,cycle_0031,cycle_0111,cycle_0031,cycle_0111,p2_win,0.0
1661,cycle_0031,cycle_0111,cycle_0031,cycle_0111,p2_win,0.0
1662,cycle_0031,cycle_0111,cycle_0031,cycle_0111,p2_win,0.0
1663,cycle_0031,cycle_0111,cycle_0031,cycle_0111,p2_win,0.0
1664,cycle_0031,cycle_0111,cycle_0031,cycle_0111,p2_win,0.0
1665,cycle_0031,cycle_0111,cycle_0031,cycle_0111,p2_win,0.0
1666,cycle_0031,cycle_0111,cycle_0111,cycle_0031,p1_win,0.0
1667,cycle_0031,cycle_0111,cycle_0111,cycle_0031,p1_win,0.0
1668,cycle_0031,cycle_0111,cycle_0111,cycle_0031,p1_win,0.0
1669,cycle_0031,cycle_0111,cycle_0111,cycle_0031,p1_win,0.0
1670,cycle_0031,cycle_0111,cycle_0111,cycle_0031,p1_win,0.0
1671,cycle_0031,cycle_0111,cycle_0111,cycle_0031,p1_win,0.0
1672,cycle_0031,cycle_0111,cycle_0111,cycle_0031,p1_win,0.0
1673,cycle_0031,cycle_0111,cycle_0111,cycle_0031,p1_win,0.0
1674,cycle_0031,cycle_0111,cycle_0111,cycle_0031,p1_win,0.0
1675,cycle_0031,cycle_0111,cycle_0111,cycle_0031,p1_win,0.0
1676,cycle_0031,cycle_0111,cycle_0111,cycle_0031,p1_win,0.0
1677,cycle_0031,cycle_0111,cycle_0111,cycle_0031,p1_win,0.0
1678,cycle_0031,cycle_0111,cycle_0111,cycle_0031,p1_win,0.0
1679,cycle_0031,cycle_0111,cycle_0111,cycle_0031,p1_win,0.0
1680,cycle_0031,cycle_0111,cycle_0111,cycle_0031,p1_win,0.0
1681,cycle_0031,cycle_0121,cycle_0031,cycle_0121,p1_win,1.0
1682,cycle_0031,cycle_0121,cycle_0031,cycle_0121,p2_win,0.0
1683,cycle_0031,cycle_0121,cycle_0031,cycle_0121,p2_win,0.0
1684,cycle_0031,cycle_0121,cycle_0031,cycle_0121,p1_win,1.0
1685,cycle_0031,cycle_0121,cycle_0031,cycle_0121,p2_win,0.0
1686,cycle_0031,cycle_0121,cycle_0031,cycle_0121,p1_win,1.0
1687,cycle_0031,cycle_0121,cycle_0031,cycle_0121,p1_win,1.0
1688,cycle_0031,cycle_0121,cycle_0031,cycle_0121,p2_win,0.0
1689,cycle_0031,cycle_0121,cycle_0031,cycle_0121,p2_win,0.0
1690,cycle_0031,cycle_0121,cycle_0031,cycle_0121,p2_win,0.0
1691,cycle_0031,cycle_0121,cycle_0031,cycle_0121,p1_win,1.0
1692,cycle_0031,cycle_0121,cycle_0031,cycle_0121,p1_win,1.0
1693,cycle_0031,cycle_0121,cycle_0031,cycle_0121,p1_win,1.0
1694,cycle_0031,cycle_0121,cycle_0031,cycle_0121,p2_win,0.0
1695,cycle_0031,cycle_0121,cycle_0031,cycle_0121,p2_win,0.0
1696,cycle_0031,cycle_0121,cycle_0121,cycle_0031,p1_win,0.0
1697,cycle_0031,cycle_0121,cycle_0121,cycle_0031,p1_win,0.0
1698,cycle_0031,cycle_0121,cycle_0121,cycle_0031,p1_win,0.0
1699,cycle_0031,cycle_0121,cycle_0121,cycle_0031,p1_win,0.0
1700,cycle_0031,cycle_0121,cycle_0121,cycle_0031,p2_win,1.0
1701,cycle_0031,cycle_0121,cycle_0121,cycle_0031,p2_win,1.0
1702,cycle_0031,cycle_0121,cycle_0121,cycle_0031,p1_win,0.0
1703,cycle_0031,cycle_0121,cycle_0121,cycle_0031,p1_win,0.0
1704,cycle_0031,cycle_0121,cycle_0121,cycle_0031,p1_win,0.0
1705,cycle_0031,cycle_0121,cycle_0121,cycle_0031,p1_win,0.0
1706,cycle_0031,cycle_0121,cycle_0121,cycle_0031,p1_win,0.0
1707,cycle_0031,cycle_0121,cycle_0121,cycle_0031,p1_win,0.0
1708,cycle_0031,cycle_0121,cycle_0121,cycle_0031,p1_win,0.0
1709,cycle_0031,cycle_0121,cycle_0121,cycle_0031,p1_win,0.0
1710,cycle_0031,cycle_0121,cycle_0121,cycle_0031,p1_win,0.0
1711,cycle_0031,cycle_0131,cycle_0031,cycle_0131,p2_win,0.0
1712,cycle_0031,cycle_0131,cycle_0031,cycle_0131,p2_win,0.0
1713,cycle_0031,cycle_0131,cycle_0031,cycle_0131,p2_win,0.0
1714,cycle_0031,cycle_0131,cycle_0031,cycle_0131,p2_win,0.0
1715,cycle_0031,cycle_0131,cycle_0031,cycle_0131,p2_win,0.0
1716,cycle_0031,cycle_0131,cycle_0031,cycle_0131,p2_win,0.0
1717,cycle_0031,cycle_0131,cycle_0031,cycle_0131,p2_win,0.0
1718,cycle_0031,cycle_0131,cycle_0031,cycle_0131,p2_win,0.0
1719,cycle_0031,cycle_0131,cycle_0031,cycle_0131,p2_win,0.0
1720,cycle_0031,cycle_0131,cycle_0031,cycle_0131,p2_win,0.0
1721,cycle_0031,cycle_0131,cycle_0031,cycle_0131,p2_win,0.0
1722,cycle_0031,cycle_0131,cycle_0031,cycle_0131,p2_win,0.0
1723,cycle_0031,cycle_0131,cycle_0031,cycle_0131,p2_win,0.0
1724,cycle_0031,cycle_0131,cycle_0031,cycle_0131,p2_win,0.0
1725,cycle_0031,cycle_0131,cycle_0031,cycle_0131,p2_win,0.0
1726,cycle_0031,cycle_0131,cycle_0131,cycle_0031,p1_win,0.0
1727,cycle_0031,cycle_0131,cycle_0131,cycle_0031,p1_win,0.0
1728,cycle_0031,cycle_0131,cycle_0131,cycle_0031,p1_win,0.0
1729,cycle_0031,cycle_0131,cycle_0131,cycle_0031,p1_win,0.0
1730,cycle_0031,cycle_0131,cycle_0131,cycle_0031,p1_win,0.0
1731,cycle_0031,cycle_0131,cycle_0131,cycle_0031,p1_win,0.0
1732,cycle_0031,cycle_0131,cycle_0131,cycle_0031,p1_win,0.0
1733,cycle_0031,cycle_0131,cycle_0131,cycle_0031,p1_win,0.0
1734,cycle_0031,cycle_0131,cycle_0131,cycle_0031,p1_win,0.0
1735,cycle_0031,cycle_0131,cycle_0131,cycle_0031,p1_win,0.0
1736,cycle_0031,cycle_0131,cycle_0131,cycle_0031,p1_win,0.0
1737,cycle_0031,cycle_0131,cycle_0131,cycle_0031,p1_win,0.0
1738,cycle_0031,cycle_0131,cycle_0131,cycle_0031,p1_win,0.0
1739,cycle_0031,cycle_0131,cycle_0131,cycle_0031,p1_win,0.0
1740,cycle_0031,cycle_0131,cycle_0131,cycle_0031,p1_win,0.0
1741,cycle_0031,cycle_0141,cycle_0031,cycle_0141,p2_win,0.0
1742,cycle_0031,cycle_0141,cycle_0031,cycle_0141,p2_win,0.0
1743,cycle_0031,cycle_0141,cycle_0031,cycle_0141,p2_win,0.0
1744,cycle_0031,cycle_0141,cycle_0031,cycle_0141,p2_win,0.0
1745,cycle_0031,cycle_0141,cycle_0031,cycle_0141,p2_win,0.0
1746,cycle_0031,cycle_0141,cycle_0031,cycle_0141,p2_win,0.0
1747,cycle_0031,cycle_0141,cycle_0031,cycle_0141,p2_win,0.0
1748,cycle_0031,cycle_0141,cycle_0031,cycle_0141,p2_win,0.0
1749,cycle_0031,cycle_0141,cycle_0031,cycle_0141,p2_win,0.0
1750,cycle_0031,cycle_0141,cycle_0031,cycle_0141,p2_win,0.0
1751,cycle_0031,cycle_0141,cycle_0031,cycle_0141,p2_win,0.0
1752,cycle_0031,cycle_0141,cycle_0031,cycle_0141,p2_win,0.0
1753,cycle_0031,cycle_0141,cycle_0031,cycle_0141,p2_win,0.0
1754,cycle_0031,cycle_0141,cycle_0031,cycle_0141,p2_win,0.0
1755,cycle_0031,cycle_0141,cycle_0031,cycle_0141,p2_win,0.0
1756,cycle_0031,cycle_0141,cycle_0141,cycle_0031,p1_win,0.0
1757,cycle_0031,cycle_0141,cycle_0141,cycle_0031,p1_win,0.0
1758,cycle_0031,cycle_0141,cycle_0141,cycle_0031,p1_win,0.0
1759,cycle_0031,cycle_0141,cycle_0141,cycle_0031,p1_win,0.0
1760,cycle_0031,cycle_0141,cycle_0141,cycle_0031,p1_win,0.0
1761,cycle_0031,cycle_0141,cycle_0141,cycle_0031,p1_win,0.0
1762,cycle_0031,cycle_0141,cycle_0141,cycle_0031,p1_win,0.0
1763,cycle_0031,cycle_0141,cycle_0141,cycle_0031,p1_win,0.0
1764,cycle_0031,cycle_0141,cycle_0141,cycle_0031,p1_win,0.0
1765,cycle_0031,cycle_0141,cycle_0141,cycle_0031,p1_win,0.0
1766,cycle_0031,cycle_0141,cycle_0141,cycle_0031,p1_win,0.0
1767,cycle_0031,cycle_0141,cycle_0141,cycle_0031,p1_win,0.0
1768,cycle_0031,cycle_0141,cycle_0141,cycle_0031,p1_win,0.0
1769,cycle_0031,cycle_0141,cycle_0141,cycle_0031,p1_win,0.0
1770,cycle_0031,cycle_0141,cycle_0141,cycle_0031,p1_win,0.0
1771,cycle_0031,models_7x7_v2\best.pt,cycle_0031,models_7x7_v2\best.pt,p2_win,0.0
1772,cycle_0031,models_7x7_v2\best.pt,cycle_0031,models_7x7_v2\best.pt,p2_win,0.0
1773,cycle_0031,models_7x7_v2\best.pt,cycle_0031,models_7x7_v2\best.pt,p2_win,0.0
1774,cycle_0031,models_7x7_v2\best.pt,cycle_0031,models_7x7_v2\best.pt,p2_win,0.0
1775,cycle_0031,models_7x7_v2\best.pt,cycle_0031,models_7x7_v2\best.pt,p2_win,0.0
1776,cycle_0031,models_7x7_v2\best.pt,cycle_0031,models_7x7_v2\best.pt,p2_win,0.0
1777,cycle_0031,models_7x7_v2\best.pt,cycle_0031,models_7x7_v2\best.pt,p2_win,0.0
1778,cycle_0031,models_7x7_v2\best.pt,cycle_0031,models_7x7_v2\best.pt,p2_win,0.0
1779,cycle_0031,models_7x7_v2\best.pt,cycle_0031,models_7x7_v2\best.pt,p2_win,0.0
1780,cycle_0031,models_7x7_v2\best.pt,cycle_0031,models_7x7_v2\best.pt,p2_win,0.0
1781,cycle_0031,models_7x7_v2\best.pt,cycle_0031,models_7x7_v2\best.pt,p2_win,0.0
1782,cycle_0031,models_7x7_v2\best.pt,cycle_0031,models_7x7_v2\best.pt,p2_win,0.0
1783,cycle_0031,models_7x7_v2\best.pt,cycle_0031,models_7x7_v2\best.pt,p2_win,0.0
1784,cycle_0031,models_7x7_v2\best.pt,cycle_0031,models_7x7_v2\best.pt,p2_win,0.0
1785,cycle_0031,models_7x7_v2\best.pt,cycle_0031,models_7x7_v2\best.pt,p2_win,0.0
1786,cycle_0031,models_7x7_v2\best.pt,models_7x7_v2\best.pt,cycle_0031,p1_win,0.0
1787,cycle_0031,models_7x7_v2\best.pt,models_7x7_v2\best.pt,cycle_0031,p1_win,0.0
1788,cycle_0031,models_7x7_v2\best.pt,models_7x7_v2\best.pt,cycle_0031,p1_win,0.0
1789,cycle_0031,models_7x7_v2\best.pt,models_7x7_v2\best.pt,cycle_0031,p1_win,0.0
1790,cycle_0031,models_7x7_v2\best.pt,models_7x7_v2\best.pt,cycle_0031,p2_win,1.0
1791,cycle_0031,models_7x7_v2\best.pt,models_7x7_v2\best.pt,cycle_0031,p1_win,0.0
1792,cycle_0031,models_7x7_v2\best.pt,models_7x7_v2\best.pt,cycle_0031,p1_win,0.0
1793,cycle_0031,models_7x7_v2\best.pt,models_7x7_v2\best.pt,cycle_0031,p2_win,1.0
1794,cycle_0031,models_7x7_v2\best.pt,models_7x7_v2\best.pt,cycle_0031,p1_win,0.0
1795,cycle_0031,models_7x7_v2\best.pt,models_7x7_v2\best.pt,cycle_0031,p1_win,0.0
1796,cycle_0031,models_7x7_v2\best.pt,models_7x7_v2\best.pt,cycle_0031,p2_win,1.0
1797,cycle_0031,models_7x7_v2\best.pt,models_7x7_v2\best.pt,cycle_0031,p1_win,0.0
1798,cycle_0031,models_7x7_v2\best.pt,models_7x7_v2\best.pt,cycle_0031,p1_win,0.0
1799,cycle_0031,models_7x7_v2\best.pt,models_7x7_v2\best.pt,cycle_0031,draw,0.5
1800,cycle_0031,models_7x7_v2\best.pt,models_7x7_v2\best.pt,cycle_0031,p1_win,0.0
1801,cycle_0031,minimax-2,cycle_0031,minimax-2,p1_win,1.0
1802,cycle_0031,minimax-2,cycle_0031,minimax-2,p1_win,1.0
1803,cycle_0031,minimax-2,cycle_0031,minimax-2,p2_win,0.0
1804,cycle_0031,minimax-2,cycle_0031,minimax-2,p2_win,0.0
1805,cycle_0031,minimax-2,cycle_0031,minimax-2,p1_win,1.0
1806,cycle_0031,minimax-2,cycle_0031,minimax-2,p1_win,1.0
1807,cycle_0031,minimax-2,cycle_0031,minimax-2,p1_win,1.0
1808,cycle_0031,minimax-2,cycle_0031,minimax-2,p2_win,0.0
1809,cycle_0031,minimax-2,cycle_0031,minimax-2,p1_win,1.0
1810,cycle_0031,minimax-2,cycle_0031,minimax-2,p1_win,1.0
1811,cycle_0031,minimax-2,cycle_0031,minimax-2,p1_win,1.0
1812,cycle_0031,minimax-2,cycle_0031,minimax-2,p1_win,1.0
1813,cycle_0031,minimax-2,cycle_0031,minimax-2,p2_win,0.0
1814,cycle_0031,minimax-2,cycle_0031,minimax-2,p1_win,1.0
1815,cycle_0031,minimax-2,cycle_0031,minimax-2,p2_win,0.0
1816,cycle_0031,minimax-2,minimax-2,cycle_0031,p2_win,1.0
1817,cycle_0031,minimax-2,minimax-2,cycle_0031,p2_win,1.0
1818,cycle_0031,minimax-2,minimax-2,cycle_0031,p2_win,1.0
1819,cycle_0031,minimax-2,minimax-2,cycle_0031,p2_win,1.0
1820,cycle_0031,minimax-2,minimax-2,cycle_0031,p1_win,0.0
1821,cycle_0031,minimax-2,minimax-2,cycle_0031,p2_win,1.0
1822,cycle_0031,minimax-2,minimax-2,cycle_0031,p2_win,1.0
1823,cycle_0031,minimax-2,minimax-2,cycle_0031,p2_win,1.0
1824,cycle_0031,minimax-2,minimax-2,cycle_0031,p1_win,0.0
1825,cycle_0031,minimax-2,minimax-2,cycle_0031,p2_win,1.0
1826,cycle_0031,minimax-2,minimax-2,cycle_0031,p2_win,1.0
1827,cycle_0031,minimax-2,minimax-2,cycle_0031,p2_win,1.0
1828,cycle_0031,minimax-2,minimax-2,cycle_0031,p2_win,1.0
1829,cycle_0031,minimax-2,minimax-2,cycle_0031,p2_win,1.0
1830,cycle_0031,minimax-2,minimax-2,cycle_0031,p1_win,0.0
1831,cycle_0031,minimax-3,cycle_0031,minimax-3,p1_win,1.0
1832,cycle_0031,minimax-3,cycle_0031,minimax-3,p1_win,1.0
1833,cycle_0031,minimax-3,cycle_0031,minimax-3,p2_win,0.0
1834,cycle_0031,minimax-3,cycle_0031,minimax-3,p2_win,0.0
1835,cycle_0031,minimax-3,cycle_0031,minimax-3,p2_win,0.0
1836,cycle_0031,minimax-3,cycle_0031,minimax-3,p1_win,1.0
1837,cycle_0031,minimax-3,cycle_0031,minimax-3,p2_win,0.0
1838,cycle_0031,minimax-3,cycle_0031,minimax-3,p2_win,0.0
1839,cycle_0031,minimax-3,cycle_0031,minimax-3,p1_win,1.0
1840,cycle_0031,minimax-3,cycle_0031,minimax-3,p1_win,1.0
1841,cycle_0031,minimax-3,cycle_0031,minimax-3,p1_win,1.0
1842,cycle_0031,minimax-3,cycle_0031,minimax-3,p1_win,1.0
1843,cycle_0031,minimax-3,cycle_0031,minimax-3,p2_win,0.0
1844,cycle_0031,minimax-3,cycle_0031,minimax-3,p2_win,0.0
1845,cycle_0031,minimax-3,cycle_0031,minimax-3,p1_win,1.0
1846,cycle_0031,minimax-3,minimax-3,cycle_0031,p2_win,1.0
1847,cycle_0031,minimax-3,minimax-3,cycle_0031,p2_win,1.0
1848,cycle_0031,minimax-3,minimax-3,cycle_0031,p1_win,0.0
1849,cycle_0031,minimax-3,minimax-3,cycle_0031,p2_win,1.0
1850,cycle_0031,minimax-3,minimax-3,cycle_0031,p2_win,1.0
1851,cycle_0031,minimax-3,minimax-3,cycle_0031,p1_win,0.0
1852,cycle_0031,minimax-3,minimax-3,cycle_0031,p1_win,0.0
1853,cycle_0031,minimax-3,minimax-3,cycle_0031,p2_win,1.0
1854,cycle_0031,minimax-3,minimax-3,cycle_0031,p2_win,1.0
1855,cycle_0031,minimax-3,minimax-3,cycle_0031,p2_win,1.0
1856,cycle_0031,minimax-3,minimax-3,cycle_0031,p2_win,1.0
1857,cycle_0031,minimax-3,minimax-3,cycle_0031,p2_win,1.0
1858,cycle_0031,minimax-3,minimax-3,cycle_0031,p1_win,0.0
1859,cycle_0031,minimax-3,minimax-3,cycle_0031,p1_win,0.0
1860,cycle_0031,minimax-3,minimax-3,cycle_0031,p2_win,1.0
1861,cycle_0041,cycle_0051,cycle_0041,cycle_0051,p2_win,0.0
1862,cycle_0041,cycle_0051,cycle_0041,cycle_0051,p2_win,0.0
1863,cycle_0041,cycle_0051,cycle_0041,cycle_0051,p2_win,0.0
1864,cycle_0041,cycle_0051,cycle_0041,cycle_0051,p2_win,0.0
1865,cycle_0041,cycle_0051,cycle_0041,cycle_0051,p1_win,1.0
1866,cycle_0041,cycle_0051,cycle_0041,cycle_0051,p1_win,1.0
1867,cycle_0041,cycle_0051,cycle_0041,cycle_0051,p2_win,0.0
1868,cycle_0041,cycle_0051,cycle_0041,cycle_0051,p2_win,0.0
1869,cycle_0041,cycle_0051,cycle_0041,cycle_0051,p2_win,0.0
1870,cycle_0041,cycle_0051,cycle_0041,cycle_0051,p2_win,0.0
1871,cycle_0041,cycle_0051,cycle_0041,cycle_0051,p1_win,1.0
1872,cycle_0041,cycle_0051,cycle_0041,cycle_0051,p2_win,0.0
1873,cycle_0041,cycle_0051,cycle_0041,cycle_0051,p2_win,0.0
1874,cycle_0041,cycle_0051,cycle_0041,cycle_0051,p2_win,0.0
1875,cycle_0041,cycle_0051,cycle_0041,cycle_0051,p2_win,0.0
1876,cycle_0041,cycle_0051,cycle_0051,cycle_0041,p1_win,0.0
1877,cycle_0041,cycle_0051,cycle_0051,cycle_0041,p1_win,0.0
1878,cycle_0041,cycle_0051,cycle_0051,cycle_0041,p1_win,0.0
1879,cycle_0041,cycle_0051,cycle_0051,cycle_0041,p2_win,1.0
1880,cycle_0041,cycle_0051,cycle_0051,cycle_0041,p2_win,1.0
1881,cycle_0041,cycle_0051,cycle_0051,cycle_0041,p1_win,0.0
1882,cycle_0041,cycle_0051,cycle_0051,cycle_0041,p2_win,1.0
1883,cycle_0041,cycle_0051,cycle_0051,cycle_0041,p2_win,1.0
1884,cycle_0041,cycle_0051,cycle_0051,cycle_0041,p1_win,0.0
1885,cycle_0041,cycle_0051,cycle_0051,cycle_0041,p2_win,1.0
1886,cycle_0041,cycle_0051,cycle_0051,cycle_0041,p1_win,0.0
1887,cycle_0041,cycle_0051,cycle_0051,cycle_0041,p2_win,1.0
1888,cycle_0041,cycle_0051,cycle_0051,cycle_0041,p1_win,0.0
1889,cycle_0041,cycle_0051,cycle_0051,cycle_0041,p1_win,0.0
1890,cycle_0041,cycle_0051,cycle_0051,cycle_0041,p1_win,0.0
1891,cycle_0041,cycle_0061,cycle_0041,cycle_0061,p2_win,0.0
1892,cycle_0041,cycle_0061,cycle_0041,cycle_0061,p1_win,1.0
1893,cycle_0041,cycle_0061,cycle_0041,cycle_0061,p2_win,0.0
1894,cycle_0041,cycle_0061,cycle_0041,cycle_0061,p2_win,0.0
1895,cycle_0041,cycle_0061,cycle_0041,cycle_0061,p2_win,0.0
1896,cycle_0041,cycle_0061,cycle_0041,cycle_0061,p2_win,0.0
1897,cycle_0041,cycle_0061,cycle_0041,cycle_0061,p2_win,0.0
1898,cycle_0041,cycle_0061,cycle_0041,cycle_0061,p1_win,1.0
1899,cycle_0041,cycle_0061,cycle_0041,cycle_0061,p2_win,0.0
1900,cycle_0041,cycle_0061,cycle_0041,cycle_0061,p2_win,0.0
1901,cycle_0041,cycle_0061,cycle_0041,cycle_0061,p2_win,0.0
1902,cycle_0041,cycle_0061,cycle_0041,cycle_0061,p2_win,0.0
1903,cycle_0041,cycle_0061,cycle_0041,cycle_0061,p1_win,1.0
1904,cycle_0041,cycle_0061,cycle_0041,cycle_0061,p2_win,0.0
1905,cycle_0041,cycle_0061,cycle_0041,cycle_0061,p2_win,0.0
1906,cycle_0041,cycle_0061,cycle_0061,cycle_0041,p1_win,0.0
1907,cycle_0041,cycle_0061,cycle_0061,cycle_0041,p1_win,0.0
1908,cycle_0041,cycle_0061,cycle_0061,cycle_0041,p1_win,0.0
1909,cycle_0041,cycle_0061,cycle_0061,cycle_0041,p2_win,1.0
1910,cycle_0041,cycle_0061,cycle_0061,cycle_0041,p1_win,0.0
1911,cycle_0041,cycle_0061,cycle_0061,cycle_0041,p1_win,0.0
1912,cycle_0041,cycle_0061,cycle_0061,cycle_0041,p1_win,0.0
1913,cycle_0041,cycle_0061,cycle_0061,cycle_0041,p1_win,0.0
1914,cycle_0041,cycle_0061,cycle_0061,cycle_0041,p2_win,1.0
1915,cycle_0041,cycle_0061,cycle_0061,cycle_0041,p2_win,1.0
1916,cycle_0041,cycle_0061,cycle_0061,cycle_0041,p1_win,0.0
1917,cycle_0041,cycle_0061,cycle_0061,cycle_0041,p2_win,1.0
1918,cycle_0041,cycle_0061,cycle_0061,cycle_0041,p1_win,0.0
1919,cycle_0041,cycle_0061,cycle_0061,cycle_0041,p1_win,0.0
1920,cycle_0041,cycle_0061,cycle_0061,cycle_0041,p1_win,0.0
1921,cycle_0041,cycle_0071,cycle_0041,cycle_0071,p2_win,0.0
1922,cycle_0041,cycle_0071,cycle_0041,cycle_0071,p2_win,0.0
1923,cycle_0041,cycle_0071,cycle_0041,cycle_0071,p2_win,0.0
1924,cycle_0041,cycle_0071,cycle_0041,cycle_0071,p2_win,0.0
1925,cycle_0041,cycle_0071,cycle_0041,cycle_0071,p2_win,0.0
1926,cycle_0041,cycle_0071,cycle_0041,cycle_0071,p2_win,0.0
1927,cycle_0041,cycle_0071,cycle_0041,cycle_0071,p2_win,0.0
1928,cycle_0041,cycle_0071,cycle_0041,cycle_0071,p2_win,0.0
1929,cycle_0041,cycle_0071,cycle_0041,cycle_0071,p2_win,0.0
1930,cycle_0041,cycle_0071,cycle_0041,cycle_0071,p2_win,0.0
1931,cycle_0041,cycle_0071,cycle_0041,cycle_0071,p2_win,0.0
1932,cycle_0041,cycle_0071,cycle_0041,cycle_0071,p2_win,0.0
1933,cycle_0041,cycle_0071,cycle_0041,cycle_0071,p2_win,0.0
1934,cycle_0041,cycle_0071,cycle_0041,cycle_0071,p2_win,0.0
1935,cycle_0041,cycle_0071,cycle_0041,cycle_0071,p2_win,0.0
1936,cycle_0041,cycle_0071,cycle_0071,cycle_0041,p1_win,0.0
1937,cycle_0041,cycle_0071,cycle_0071,cycle_0041,p1_win,0.0
1938,cycle_0041,cycle_0071,cycle_0071,cycle_0041,p1_win,0.0
1939,cycle_0041,cycle_0071,cycle_0071,cycle_0041,p1_win,0.0
1940,cycle_0041,cycle_0071,cycle_0071,cycle_0041,p1_win,0.0
1941,cycle_0041,cycle_0071,cycle_0071,cycle_0041,p1_win,0.0
1942,cycle_0041,cycle_0071,cycle_0071,cycle_0041,p1_win,0.0
1943,cycle_0041,cycle_0071,cycle_0071,cycle_0041,p1_win,0.0
1944,cycle_0041,cycle_0071,cycle_0071,cycle_0041,p1_win,0.0
1945,cycle_0041,cycle_0071,cycle_0071,cycle_0041,p1_win,0.0
1946,cycle_0041,cycle_0071,cycle_0071,cycle_0041,p1_win,0.0
1947,cycle_0041,cycle_0071,cycle_0071,cycle_0041,p1_win,0.0
1948,cycle_0041,cycle_0071,cycle_0071,cycle_0041,p1_win,0.0
1949,cycle_0041,cycle_0071,cycle_0071,cycle_0041,p1_win,0.0
1950,cycle_0041,cycle_0071,cycle_0071,cycle_0041,p1_win,0.0
1951,cycle_0041,cycle_0081,cycle_0041,cycle_0081,p2_win,0.0
1952,cycle_0041,cycle_0081,cycle_0041,cycle_0081,p1_win,1.0
1953,cycle_0041,cycle_0081,cycle_0041,cycle_0081,p1_win,1.0
1954,cycle_0041,cycle_0081,cycle_0041,cycle_0081,p2_win,0.0
1955,cycle_0041,cycle_0081,cycle_0041,cycle_0081,p2_win,0.0
1956,cycle_0041,cycle_0081,cycle_0041,cycle_0081,p2_win,0.0
1957,cycle_0041,cycle_0081,cycle_0041,cycle_0081,p2_win,0.0
1958,cycle_0041,cycle_0081,cycle_0041,cycle_0081,p1_win,1.0
1959,cycle_0041,cycle_0081,cycle_0041,cycle_0081,p2_win,0.0
1960,cycle_0041,cycle_0081,cycle_0041,cycle_0081,p2_win,0.0
1961,cycle_0041,cycle_0081,cycle_0041,cycle_0081,p2_win,0.0
1962,cycle_0041,cycle_0081,cycle_0041,cycle_0081,p1_win,1.0
1963,cycle_0041,cycle_0081,cycle_0041,cycle_0081,p2_win,0.0
1964,cycle_0041,cycle_0081,cycle_0041,cycle_0081,p2_win,0.0
1965,cycle_0041,cycle_0081,cycle_0041,cycle_0081,p2_win,0.0
1966,cycle_0041,cycle_0081,cycle_0081,cycle_0041,p1_win,0.0
1967,cycle_0041,cycle_0081,cycle_0081,cycle_0041,p1_win,0.0
1968,cycle_0041,cycle_0081,cycle_0081,cycle_0041,p1_win,0.0
1969,cycle_0041,cycle_0081,cycle_0081,cycle_0041,p1_win,0.0
1970,cycle_0041,cycle_0081,cycle_0081,cycle_0041,p1_win,0.0
1971,cycle_0041,cycle_0081,cycle_0081,cycle_0041,p1_win,0.0
1972,cycle_0041,cycle_0081,cycle_0081,cycle_0041,p1_win,0.0
1973,cycle_0041,cycle_0081,cycle_0081,cycle_0041,p1_win,0.0
1974,cycle_0041,cycle_0081,cycle_0081,cycle_0041,p1_win,0.0
1975,cycle_0041,cycle_0081,cycle_0081,cycle_0041,p1_win,0.0
1976,cycle_0041,cycle_0081,cycle_0081,cycle_0041,p2_win,1.0
1977,cycle_0041,cycle_0081,cycle_0081,cycle_0041,p1_win,0.0
1978,cycle_0041,cycle_0081,cycle_0081,cycle_0041,p1_win,0.0
1979,cycle_0041,cycle_0081,cycle_0081,cycle_0041,p1_win,0.0
1980,cycle_0041,cycle_0081,cycle_0081,cycle_0041,p1_win,0.0
1981,cycle_0041,cycle_0091,cycle_0041,cycle_0091,p2_win,0.0
1982,cycle_0041,cycle_0091,cycle_0041,cycle_0091,p1_win,1.0
1983,cycle_0041,cycle_0091,cycle_0041,cycle_0091,p1_win,1.0
1984,cycle_0041,cycle_0091,cycle_0041,cycle_0091,p2_win,0.0
1985,cycle_0041,cycle_0091,cycle_0041,cycle_0091,p2_win,0.0
1986,cycle_0041,cycle_0091,cycle_0041,cycle_0091,p2_win,0.0
1987,cycle_0041,cycle_0091,cycle_0041,cycle_0091,p2_win,0.0
1988,cycle_0041,cycle_0091,cycle_0041,cycle_0091,p2_win,0.0
1989,cycle_0041,cycle_0091,cycle_0041,cycle_0091,p2_win,0.0
1990,cycle_0041,cycle_0091,cycle_0041,cycle_0091,p2_win,0.0
1991,cycle_0041,cycle_0091,cycle_0041,cycle_0091,p2_win,0.0
1992,cycle_0041,cycle_0091,cycle_0041,cycle_0091,p2_win,0.0
1993,cycle_0041,cycle_0091,cycle_0041,cycle_0091,p1_win,1.0
1994,cycle_0041,cycle_0091,cycle_0041,cycle_0091,p2_win,0.0
1995,cycle_0041,cycle_0091,cycle_0041,cycle_0091,p1_win,1.0
1996,cycle_0041,cycle_0091,cycle_0091,cycle_0041,p2_win,1.0
1997,cycle_0041,cycle_0091,cycle_0091,cycle_0041,p1_win,0.0
1998,cycle_0041,cycle_0091,cycle_0091,cycle_0041,p1_win,0.0
1999,cycle_0041,cycle_0091,cycle_0091,cycle_0041,p1_win,0.0
2000,cycle_0041,cycle_0091,cycle_0091,cycle_0041,p1_win,0.0
2001,cycle_0041,cycle_0091,cycle_0091,cycle_0041,p1_win,0.0
2002,cycle_0041,cycle_0091,cycle_0091,cycle_0041,p1_win,0.0
2003,cycle_0041,cycle_0091,cycle_0091,cycle_0041,p1_win,0.0
2004,cycle_0041,cycle_0091,cycle_0091,cycle_0041,p1_win,0.0
2005,cycle_0041,cycle_0091,cycle_0091,cycle_0041,p1_win,0.0
2006,cycle_0041,cycle_0091,cycle_0091,cycle_0041,p1_win,0.0
2007,cycle_0041,cycle_0091,cycle_0091,cycle_0041,p1_win,0.0
2008,cycle_0041,cycle_0091,cycle_0091,cycle_0041,p1_win,0.0
2009,cycle_0041,cycle_0091,cycle_0091,cycle_0041,p1_win,0.0
2010,cycle_0041,cycle_0091,cycle_0091,cycle_0041,p1_win,0.0
2011,cycle_0041,cycle_0101,cycle_0041,cycle_0101,p2_win,0.0
2012,cycle_0041,cycle_0101,cycle_0041,cycle_0101,p2_win,0.0
2013,cycle_0041,cycle_0101,cycle_0041,cycle_0101,p2_win,0.0
2014,cycle_0041,cycle_0101,cycle_0041,cycle_0101,p2_win,0.0
2015,cycle_0041,cycle_0101,cycle_0041,cycle_0101,p2_win,0.0
2016,cycle_0041,cycle_0101,cycle_0041,cycle_0101,draw,0.5
2017,cycle_0041,cycle_0101,cycle_0041,cycle_0101,p2_win,0.0
2018,cycle_0041,cycle_0101,cycle_0041,cycle_0101,p2_win,0.0
2019,cycle_0041,cycle_0101,cycle_0041,cycle_0101,p2_win,0.0
2020,cycle_0041,cycle_0101,cycle_0041,cycle_0101,p2_win,0.0
2021,cycle_0041,cycle_0101,cycle_0041,cycle_0101,p2_win,0.0
2022,cycle_0041,cycle_0101,cycle_0041,cycle_0101,p2_win,0.0
2023,cycle_0041,cycle_0101,cycle_0041,cycle_0101,p2_win,0.0
2024,cycle_0041,cycle_0101,cycle_0041,cycle_0101,p2_win,0.0
2025,cycle_0041,cycle_0101,cycle_0041,cycle_0101,p2_win,0.0
2026,cycle_0041,cycle_0101,cycle_0101,cycle_0041,p1_win,0.0
2027,cycle_0041,cycle_0101,cycle_0101,cycle_0041,p1_win,0.0
2028,cycle_0041,cycle_0101,cycle_0101,cycle_0041,p1_win,0.0
2029,cycle_0041,cycle_0101,cycle_0101,cycle_0041,p1_win,0.0
2030,cycle_0041,cycle_0101,cycle_0101,cycle_0041,p1_win,0.0
2031,cycle_0041,cycle_0101,cycle_0101,cycle_0041,p2_win,1.0
2032,cycle_0041,cycle_0101,cycle_0101,cycle_0041,p2_win,1.0
2033,cycle_0041,cycle_0101,cycle_0101,cycle_0041,p1_win,0.0
2034,cycle_0041,cycle_0101,cycle_0101,cycle_0041,p1_win,0.0
2035,cycle_0041,cycle_0101,cycle_0101,cycle_0041,p1_win,0.0
2036,cycle_0041,cycle_0101,cycle_0101,cycle_0041,p1_win,0.0
2037,cycle_0041,cycle_0101,cycle_0101,cycle_0041,p1_win,0.0
2038,cycle_0041,cycle_0101,cycle_0101,cycle_0041,p1_win,0.0
2039,cycle_0041,cycle_0101,cycle_0101,cycle_0041,p1_win,0.0
2040,cycle_0041,cycle_0101,cycle_0101,cycle_0041,p2_win,1.0
2041,cycle_0041,cycle_0111,cycle_0041,cycle_0111,p2_win,0.0
2042,cycle_0041,cycle_0111,cycle_0041,cycle_0111,p2_win,0.0
2043,cycle_0041,cycle_0111,cycle_0041,cycle_0111,p2_win,0.0
2044,cycle_0041,cycle_0111,cycle_0041,cycle_0111,p2_win,0.0
2045,cycle_0041,cycle_0111,cycle_0041,cycle_0111,p2_win,0.0
2046,cycle_0041,cycle_0111,cycle_0041,cycle_0111,p2_win,0.0
2047,cycle_0041,cycle_0111,cycle_0041,cycle_0111,p2_win,0.0
2048,cycle_0041,cycle_0111,cycle_0041,cycle_0111,p2_win,0.0
2049,cycle_0041,cycle_0111,cycle_0041,cycle_0111,p2_win,0.0
2050,cycle_0041,cycle_0111,cycle_0041,cycle_0111,p2_win,0.0
2051,cycle_0041,cycle_0111,cycle_0041,cycle_0111,p2_win,0.0
2052,cycle_0041,cycle_0111,cycle_0041,cycle_0111,p2_win,0.0
2053,cycle_0041,cycle_0111,cycle_0041,cycle_0111,p2_win,0.0
2054,cycle_0041,cycle_0111,cycle_0041,cycle_0111,p2_win,0.0
2055,cycle_0041,cycle_0111,cycle_0041,cycle_0111,p2_win,0.0
2056,cycle_0041,cycle_0111,cycle_0111,cycle_0041,p1_win,0.0
2057,cycle_0041,cycle_0111,cycle_0111,cycle_0041,p1_win,0.0
2058,cycle_0041,cycle_0111,cycle_0111,cycle_0041,p1_win,0.0
2059,cycle_0041,cycle_0111,cycle_0111,cycle_0041,p1_win,0.0
2060,cycle_0041,cycle_0111,cycle_0111,cycle_0041,p1_win,0.0
2061,cycle_0041,cycle_0111,cycle_0111,cycle_0041,p1_win,0.0
2062,cycle_0041,cycle_0111,cycle_0111,cycle_0041,p1_win,0.0
2063,cycle_0041,cycle_0111,cycle_0111,cycle_0041,p1_win,0.0
2064,cycle_0041,cycle_0111,cycle_0111,cycle_0041,p1_win,0.0
2065,cycle_0041,cycle_0111,cycle_0111,cycle_0041,p1_win,0.0
2066,cycle_0041,cycle_0111,cycle_0111,cycle_0041,p1_win,0.0
2067,cycle_0041,cycle_0111,cycle_0111,cycle_0041,p1_win,0.0
2068,cycle_0041,cycle_0111,cycle_0111,cycle_0041,p1_win,0.0
2069,cycle_0041,cycle_0111,cycle_0111,cycle_0041,p1_win,0.0
2070,cycle_0041,cycle_0111,cycle_0111,cycle_0041,p1_win,0.0
2071,cycle_0041,cycle_0121,cycle_0041,cycle_0121,p1_win,1.0
2072,cycle_0041,cycle_0121,cycle_0041,cycle_0121,p1_win,1.0
2073,cycle_0041,cycle_0121,cycle_0041,cycle_0121,p1_win,1.0
2074,cycle_0041,cycle_0121,cycle_0041,cycle_0121,p1_win,1.0
2075,cycle_0041,cycle_0121,cycle_0041,cycle_0121,p1_win,1.0
2076,cycle_0041,cycle_0121,cycle_0041,cycle_0121,p1_win,1.0
2077,cycle_0041,cycle_0121,cycle_0041,cycle_0121,p1_win,1.0
2078,cycle_0041,cycle_0121,cycle_0041,cycle_0121,p1_win,1.0
2079,cycle_0041,cycle_0121,cycle_0041,cycle_0121,p1_win,1.0
2080,cycle_0041,cycle_0121,cycle_0041,cycle_0121,p1_win,1.0
2081,cycle_0041,cycle_0121,cycle_0041,cycle_0121,p1_win,1.0
2082,cycle_0041,cycle_0121,cycle_0041,cycle_0121,p1_win,1.0
2083,cycle_0041,cycle_0121,cycle_0041,cycle_0121,p2_win,0.0
2084,cycle_0041,cycle_0121,cycle_0041,cycle_0121,p2_win,0.0
2085,cycle_0041,cycle_0121,cycle_0041,cycle_0121,p1_win,1.0
2086,cycle_0041,cycle_0121,cycle_0121,cycle_0041,p1_win,0.0
2087,cycle_0041,cycle_0121,cycle_0121,cycle_0041,p2_win,1.0
2088,cycle_0041,cycle_0121,cycle_0121,cycle_0041,p2_win,1.0
2089,cycle_0041,cycle_0121,cycle_0121,cycle_0041,p1_win,0.0
2090,cycle_0041,cycle_0121,cycle_0121,cycle_0041,p1_win,0.0
2091,cycle_0041,cycle_0121,cycle_0121,cycle_0041,p2_win,1.0
2092,cycle_0041,cycle_0121,cycle_0121,cycle_0041,p1_win,0.0
2093,cycle_0041,cycle_0121,cycle_0121,cycle_0041,p1_win,0.0
2094,cycle_0041,cycle_0121,cycle_0121,cycle_0041,p1_win,0.0
2095,cycle_0041,cycle_0121,cycle_0121,cycle_0041,p1_win,0.0
2096,cycle_0041,cycle_0121,cycle_0121,cycle_0041,draw,0.5
2097,cycle_0041,cycle_0121,cycle_0121,cycle_0041,p1_win,0.0
2098,cycle_0041,cycle_0121,cycle_0121,cycle_0041,p1_win,0.0
2099,cycle_0041,cycle_0121,cycle_0121,cycle_0041,p1_win,0.0
2100,cycle_0041,cycle_0121,cycle_0121,cycle_0041,p1_win,0.0
2101,cycle_0041,cycle_0131,cycle_0041,cycle_0131,p2_win,0.0
2102,cycle_0041,cycle_0131,cycle_0041,cycle_0131,p2_win,0.0
2103,cycle_0041,cycle_0131,cycle_0041,cycle_0131,p2_win,0.0
2104,cycle_0041,cycle_0131,cycle_0041,cycle_0131,p2_win,0.0
2105,cycle_0041,cycle_0131,cycle_0041,cycle_0131,p2_win,0.0
2106,cycle_0041,cycle_0131,cycle_0041,cycle_0131,p2_win,0.0
2107,cycle_0041,cycle_0131,cycle_0041,cycle_0131,p2_win,0.0
2108,cycle_0041,cycle_0131,cycle_0041,cycle_0131,p2_win,0.0
2109,cycle_0041,cycle_0131,cycle_0041,cycle_0131,p2_win,0.0
2110,cycle_0041,cycle_0131,cycle_0041,cycle_0131,p2_win,0.0
2111,cycle_0041,cycle_0131,cycle_0041,cycle_0131,p2_win,0.0
2112,cycle_0041,cycle_0131,cycle_0041,cycle_0131,p2_win,0.0
2113,cycle_0041,cycle_0131,cycle_0041,cycle_0131,p2_win,0.0
2114,cycle_0041,cycle_0131,cycle_0041,cycle_0131,p2_win,0.0
2115,cycle_0041,cycle_0131,cycle_0041,cycle_0131,p2_win,0.0
2116,cycle_0041,cycle_0131,cycle_0131,cycle_0041,p1_win,0.0
2117,cycle_0041,cycle_0131,cycle_0131,cycle_0041,p1_win,0.0
2118,cycle_0041,cycle_0131,cycle_0131,cycle_0041,p1_win,0.0
2119,cycle_0041,cycle_0131,cycle_0131,cycle_0041,p1_win,0.0
2120,cycle_0041,cycle_0131,cycle_0131,cycle_0041,p1_win,0.0
2121,cycle_0041,cycle_0131,cycle_0131,cycle_0041,p1_win,0.0
2122,cycle_0041,cycle_0131,cycle_0131,cycle_0041,p2_win,1.0
2123,cycle_0041,cycle_0131,cycle_0131,cycle_0041,p1_win,0.0
2124,cycle_0041,cycle_0131,cycle_0131,cycle_0041,p2_win,1.0
2125,cycle_0041,cycle_0131,cycle_0131,cycle_0041,p1_win,0.0
2126,cycle_0041,cycle_0131,cycle_0131,cycle_0041,p1_win,0.0
2127,cycle_0041,cycle_0131,cycle_0131,cycle_0041,p1_win,0.0
2128,cycle_0041,cycle_0131,cycle_0131,cycle_0041,p1_win,0.0
2129,cycle_0041,cycle_0131,cycle_0131,cycle_0041,p1_win,0.0
2130,cycle_0041,cycle_0131,cycle_0131,cycle_0041,p1_win,0.0
2131,cycle_0041,cycle_0141,cycle_0041,cycle_0141,p2_win,0.0
2132,cycle_0041,cycle_0141,cycle_0041,cycle_0141,p2_win,0.0
2133,cycle_0041,cycle_0141,cycle_0041,cycle_0141,p2_win,0.0
2134,cycle_0041,cycle_0141,cycle_0041,cycle_0141,p2_win,0.0
2135,cycle_0041,cycle_0141,cycle_0041,cycle_0141,p2_win,0.0
2136,cycle_0041,cycle_0141,cycle_0041,cycle_0141,p2_win,0.0
2137,cycle_0041,cycle_0141,cycle_0041,cycle_0141,p2_win,0.0
2138,cycle_0041,cycle_0141,cycle_0041,cycle_0141,p2_win,0.0
2139,cycle_0041,cycle_0141,cycle_0041,cycle_0141,p2_win,0.0
2140,cycle_0041,cycle_0141,cycle_0041,cycle_0141,p2_win,0.0
2141,cycle_0041,cycle_0141,cycle_0041,cycle_0141,p2_win,0.0
2142,cycle_0041,cycle_0141,cycle_0041,cycle_0141,p2_win,0.0
2143,cycle_0041,cycle_0141,cycle_0041,cycle_0141,p2_win,0.0
2144,cycle_0041,cycle_0141,cycle_0041,cycle_0141,p2_win,0.0
2145,cycle_0041,cycle_0141,cycle_0041,cycle_0141,p2_win,0.0
2146,cycle_0041,cycle_0141,cycle_0141,cycle_0041,p2_win,1.0
2147,cycle_0041,cycle_0141,cycle_0141,cycle_0041,p2_win,1.0
2148,cycle_0041,cycle_0141,cycle_0141,cycle_0041,p1_win,0.0
2149,cycle_0041,cycle_0141,cycle_0141,cycle_0041,p1_win,0.0
2150,cycle_0041,cycle_0141,cycle_0141,cycle_0041,p1_win,0.0
2151,cycle_0041,cycle_0141,cycle_0141,cycle_0041,p2_win,1.0
2152,cycle_0041,cycle_0141,cycle_0141,cycle_0041,p1_win,0.0
2153,cycle_0041,cycle_0141,cycle_0141,cycle_0041,p2_win,1.0
2154,cycle_0041,cycle_0141,cycle_0141,cycle_0041,p1_win,0.0
2155,cycle_0041,cycle_0141,cycle_0141,cycle_0041,p1_win,0.0
2156,cycle_0041,cycle_0141,cycle_0141,cycle_0041,p1_win,0.0
2157,cycle_0041,cycle_0141,cycle_0141,cycle_0041,p2_win,1.0
2158,cycle_0041,cycle_0141,cycle_0141,cycle_0041,p1_win,0.0
2159,cycle_0041,cycle_0141,cycle_0141,cycle_0041,p1_win,0.0
2160,cycle_0041,cycle_0141,cycle_0141,cycle_0041,p2_win,1.0
2161,cycle_0041,models_7x7_v2\best.pt,cycle_0041,models_7x7_v2\best.pt,p2_win,0.0
2162,cycle_0041,models_7x7_v2\best.pt,cycle_0041,models_7x7_v2\best.pt,p1_win,1.0
2163,cycle_0041,models_7x7_v2\best.pt,cycle_0041,models_7x7_v2\best.pt,p2_win,0.0
2164,cycle_0041,models_7x7_v2\best.pt,cycle_0041,models_7x7_v2\best.pt,p1_win,1.0
2165,cycle_0041,models_7x7_v2\best.pt,cycle_0041,models_7x7_v2\best.pt,p1_win,1.0
2166,cycle_0041,models_7x7_v2\best.pt,cycle_0041,models_7x7_v2\best.pt,p1_win,1.0
2167,cycle_0041,models_7x7_v2\best.pt,cycle_0041,models_7x7_v2\best.pt,p1_win,1.0
2168,cycle_0041,models_7x7_v2\best.pt,cycle_0041,models_7x7_v2\best.pt,p2_win,0.0
2169,cycle_0041,models_7x7_v2\best.pt,cycle_0041,models_7x7_v2\best.pt,p1_win,1.0
2170,cycle_0041,models_7x7_v2\best.pt,cycle_0041,models_7x7_v2\best.pt,p1_win,1.0
2171,cycle_0041,models_7x7_v2\best.pt,cycle_0041,models_7x7_v2\best.pt,p2_win,0.0
2172,cycle_0041,models_7x7_v2\best.pt,cycle_0041,models_7x7_v2\best.pt,p2_win,0.0
2173,cycle_0041,models_7x7_v2\best.pt,cycle_0041,models_7x7_v2\best.pt,p1_win,1.0
2174,cycle_0041,models_7x7_v2\best.pt,cycle_0041,models_7x7_v2\best.pt,p2_win,0.0
2175,cycle_0041,models_7x7_v2\best.pt,cycle_0041,models_7x7_v2\best.pt,p2_win,0.0
2176,cycle_0041,models_7x7_v2\best.pt,models_7x7_v2\best.pt,cycle_0041,p2_win,1.0
2177,cycle_0041,models_7x7_v2\best.pt,models_7x7_v2\best.pt,cycle_0041,p2_win,1.0
2178,cycle_0041,models_7x7_v2\best.pt,models_7x7_v2\best.pt,cycle_0041,p2_win,1.0
2179,cycle_0041,models_7x7_v2\best.pt,models_7x7_v2\best.pt,cycle_0041,p2_win,1.0
2180,cycle_0041,models_7x7_v2\best.pt,models_7x7_v2\best.pt,cycle_0041,p1_win,0.0
2181,cycle_0041,models_7x7_v2\best.pt,models_7x7_v2\best.pt,cycle_0041,p1_win,0.0
2182,cycle_0041,models_7x7_v2\best.pt,models_7x7_v2\best.pt,cycle_0041,p2_win,1.0
2183,cycle_0041,models_7x7_v2\best.pt,models_7x7_v2\best.pt,cycle_0041,p2_win,1.0
2184,cycle_0041,models_7x7_v2\best.pt,models_7x7_v2\best.pt,cycle_0041,p1_win,0.0
2185,cycle_0041,models_7x7_v2\best.pt,models_7x7_v2\best.pt,cycle_0041,p2_win,1.0
2186,cycle_0041,models_7x7_v2\best.pt,models_7x7_v2\best.pt,cycle_0041,p1_win,0.0
2187,cycle_0041,models_7x7_v2\best.pt,models_7x7_v2\best.pt,cycle_0041,p2_win,1.0
2188,cycle_0041,models_7x7_v2\best.pt,models_7x7_v2\best.pt,cycle_0041,p2_win,1.0
2189,cycle_0041,models_7x7_v2\best.pt,models_7x7_v2\best.pt,cycle_0041,p2_win,1.0
2190,cycle_0041,models_7x7_v2\best.pt,models_7x7_v2\best.pt,cycle_0041,p1_win,0.0
2191,cycle_0041,minimax-2,cycle_0041,minimax-2,p1_win,1.0
2192,cycle_0041,minimax-2,cycle_0041,minimax-2,p1_win,1.0
2193,cycle_0041,minimax-2,cycle_0041,minimax-2,p1_win,1.0
2194,cycle_0041,minimax-2,cycle_0041,minimax-2,p1_win,1.0
2195,cycle_0041,minimax-2,cycle_0041,minimax-2,p1_win,1.0
2196,cycle_0041,minimax-2,cycle_0041,minimax-2,p1_win,1.0
2197,cycle_0041,minimax-2,cycle_0041,minimax-2,p1_win,1.0
2198,cycle_0041,minimax-2,cycle_0041,minimax-2,p2_win,0.0
2199,cycle_0041,minimax-2,cycle_0041,minimax-2,p1_win,1.0
2200,cycle_0041,minimax-2,cycle_0041,minimax-2,p2_win,0.0
2201,cycle_0041,minimax-2,cycle_0041,minimax-2,p1_win,1.0
2202,cycle_0041,minimax-2,cycle_0041,minimax-2,p2_win,0.0
2203,cycle_0041,minimax-2,cycle_0041,minimax-2,p1_win,1.0
2204,cycle_0041,minimax-2,cycle_0041,minimax-2,p1_win,1.0
2205,cycle_0041,minimax-2,cycle_0041,minimax-2,p1_win,1.0
2206,cycle_0041,minimax-2,minimax-2,cycle_0041,p2_win,1.0
2207,cycle_0041,minimax-2,minimax-2,cycle_0041,p2_win,1.0
2208,cycle_0041,minimax-2,minimax-2,cycle_0041,p2_win,1.0
2209,cycle_0041,minimax-2,minimax-2,cycle_0041,p2_win,1.0
2210,cycle_0041,minimax-2,minimax-2,cycle_0041,p2_win,1.0
2211,cycle_0041,minimax-2,minimax-2,cycle_0041,p2_win,1.0
2212,cycle_0041,minimax-2,minimax-2,cycle_0041,p2_win,1.0
2213,cycle_0041,minimax-2,minimax-2,cycle_0041,p2_win,1.0
2214,cycle_0041,minimax-2,minimax-2,cycle_0041,p2_win,1.0
2215,cycle_0041,minimax-2,minimax-2,cycle_0041,p2_win,1.0
2216,cycle_0041,minimax-2,minimax-2,cycle_0041,p2_win,1.0
2217,cycle_0041,minimax-2,minimax-2,cycle_0041,p2_win,1.0
2218,cycle_0041,minimax-2,minimax-2,cycle_0041,p2_win,1.0
2219,cycle_0041,minimax-2,minimax-2,cycle_0041,p2_win,1.0
2220,cycle_0041,minimax-2,minimax-2,cycle_0041,p1_win,0.0
2221,cycle_0041,minimax-3,cycle_0041,minimax-3,p1_win,1.0
2222,cycle_0041,minimax-3,cycle_0041,minimax-3,p1_win,1.0
2223,cycle_0041,minimax-3,cycle_0041,minimax-3,p1_win,1.0
2224,cycle_0041,minimax-3,cycle_0041,minimax-3,p1_win,1.0
2225,cycle_0041,minimax-3,cycle_0041,minimax-3,p1_win,1.0
2226,cycle_0041,minimax-3,cycle_0041,minimax-3,p1_win,1.0
2227,cycle_0041,minimax-3,cycle_0041,minimax-3,p1_win,1.0
2228,cycle_0041,minimax-3,cycle_0041,minimax-3,p1_win,1.0
2229,cycle_0041,minimax-3,cycle_0041,minimax-3,p1_win,1.0
2230,cycle_0041,minimax-3,cycle_0041,minimax-3,p1_win,1.0
2231,cycle_0041,minimax-3,cycle_0041,minimax-3,p1_win,1.0
2232,cycle_0041,minimax-3,cycle_0041,minimax-3,p1_win,1.0
2233,cycle_0041,minimax-3,cycle_0041,minimax-3,p1_win,1.0
2234,cycle_0041,minimax-3,cycle_0041,minimax-3,p1_win,1.0
2235,cycle_0041,minimax-3,cycle_0041,minimax-3,p1_win,1.0
2236,cycle_0041,minimax-3,minimax-3,cycle_0041,p2_win,1.0
2237,cycle_0041,minimax-3,minimax-3,cycle_0041,p2_win,1.0
2238,cycle_0041,minimax-3,minimax-3,cycle_0041,p1_win,0.0
2239,cycle_0041,minimax-3,minimax-3,cycle_0041,p2_win,1.0
2240,cycle_0041,minimax-3,minimax-3,cycle_0041,p2_win,1.0
2241,cycle_0041,minimax-3,minimax-3,cycle_0041,p2_win,1.0
2242,cycle_0041,minimax-3,minimax-3,cycle_0041,p2_win,1.0
2243,cycle_0041,minimax-3,minimax-3,cycle_0041,p2_win,1.0
2244,cycle_0041,minimax-3,minimax-3,cycle_0041,p2_win,1.0
2245,cycle_0041,minimax-3,minimax-3,cycle_0041,p2_win,1.0
2246,cycle_0041,minimax-3,minimax-3,cycle_0041,p2_win,1.0
2247,cycle_0041,minimax-3,minimax-3,cycle_0041,p2_win,1.0
2248,cycle_0041,minimax-3,minimax-3,cycle_0041,p2_win,1.0
2249,cycle_0041,minimax-3,minimax-3,cycle_0041,p2_win,1.0
2250,cycle_0041,minimax-3,minimax-3,cycle_0041,p2_win,1.0
2251,cycle_0051,cycle_0061,cycle_0051,cycle_0061,p2_win,0.0
2252,cycle_0051,cycle_0061,cycle_0051,cycle_0061,p2_win,0.0
2253,cycle_0051,cycle_0061,cycle_0051,cycle_0061,p2_win,0.0
2254,cycle_0051,cycle_0061,cycle_0051,cycle_0061,p2_win,0.0
2255,cycle_0051,cycle_0061,cycle_0051,cycle_0061,p2_win,0.0
2256,cycle_0051,cycle_0061,cycle_0051,cycle_0061,p2_win,0.0
2257,cycle_0051,cycle_0061,cycle_0051,cycle_0061,p2_win,0.0
2258,cycle_0051,cycle_0061,cycle_0051,cycle_0061,p2_win,0.0
2259,cycle_0051,cycle_0061,cycle_0051,cycle_0061,p2_win,0.0
2260,cycle_0051,cycle_0061,cycle_0051,cycle_0061,p2_win,0.0
2261,cycle_0051,cycle_0061,cycle_0051,cycle_0061,p1_win,1.0
2262,cycle_0051,cycle_0061,cycle_0051,cycle_0061,p1_win,1.0
2263,cycle_0051,cycle_0061,cycle_0051,cycle_0061,p2_win,0.0
2264,cycle_0051,cycle_0061,cycle_0051,cycle_0061,p2_win,0.0
2265,cycle_0051,cycle_0061,cycle_0051,cycle_0061,p2_win,0.0
2266,cycle_0051,cycle_0061,cycle_0061,cycle_0051,p1_win,0.0
2267,cycle_0051,cycle_0061,cycle_0061,cycle_0051,p1_win,0.0
2268,cycle_0051,cycle_0061,cycle_0061,cycle_0051,p1_win,0.0
2269,cycle_0051,cycle_0061,cycle_0061,cycle_0051,p1_win,0.0
2270,cycle_0051,cycle_0061,cycle_0061,cycle_0051,p1_win,0.0
2271,cycle_0051,cycle_0061,cycle_0061,cycle_0051,p1_win,0.0
2272,cycle_0051,cycle_0061,cycle_0061,cycle_0051,p1_win,0.0
2273,cycle_0051,cycle_0061,cycle_0061,cycle_0051,p1_win,0.0
2274,cycle_0051,cycle_0061,cycle_0061,cycle_0051,p1_win,0.0
2275,cycle_0051,cycle_0061,cycle_0061,cycle_0051,p1_win,0.0
2276,cycle_0051,cycle_0061,cycle_0061,cycle_0051,p1_win,0.0
2277,cycle_0051,cycle_0061,cycle_0061,cycle_0051,p1_win,0.0
2278,cycle_0051,cycle_0061,cycle_0061,cycle_0051,p1_win,0.0
2279,cycle_0051,cycle_0061,cycle_0061,cycle_0051,p1_win,0.0
2280,cycle_0051,cycle_0061,cycle_0061,cycle_0051,p1_win,0.0
2281,cycle_0051,cycle_0071,cycle_0051,cycle_0071,p2_win,0.0
2282,cycle_0051,cycle_0071,cycle_0051,cycle_0071,p1_win,1.0
2283,cycle_0051,cycle_0071,cycle_0051,cycle_0071,p2_win,0.0
2284,cycle_0051,cycle_0071,cycle_0051,cycle_0071,p2_win,0.0
2285,cycle_0051,cycle_0071,cycle_0051,cycle_0071,p2_win,0.0
2286,cycle_0051,cycle_0071,cycle_0051,cycle_0071,p2_win,0.0
2287,cycle_0051,cycle_0071,cycle_0051,cycle_0071,p2_win,0.0
2288,cycle_0051,cycle_0071,cycle_0051,cycle_0071,p2_win,0.0
2289,cycle_0051,cycle_0071,cycle_0051,cycle_0071,p2_win,0.0
2290,cycle_0051,cycle_0071,cycle_0051,cycle_0071,p2_win,0.0
2291,cycle_0051,cycle_0071,cycle_0051,cycle_0071,p2_win,0.0
2292,cycle_0051,cycle_0071,cycle_0051,cycle_0071,p2_win,0.0
2293,cycle_0051,cycle_0071,cycle_0051,cycle_0071,p2_win,0.0
2294,cycle_0051,cycle_0071,cycle_0051,cycle_0071,p2_win,0.0
2295,cycle_0051,cycle_0071,cycle_0051,cycle_0071,p2_win,0.0
2296,cycle_0051,cycle_0071,cycle_0071,cycle_0051,p1_win,0.0
2297,cycle_0051,cycle_0071,cycle_0071,cycle_0051,p1_win,0.0
2298,cycle_0051,cycle_0071,cycle_0071,cycle_0051,p1_win,0.0
2299,cycle_0051,cycle_0071,cycle_0071,cycle_0051,p1_win,0.0
2300,cycle_0051,cycle_0071,cycle_0071,cycle_0051,p1_win,0.0
2301,cycle_0051,cycle_0071,cycle_0071,cycle_0051,p1_win,0.0
2302,cycle_0051,cycle_0071,cycle_0071,cycle_0051,p1_win,0.0
2303,cycle_0051,cycle_0071,cycle_0071,cycle_0051,p1_win,0.0
2304,cycle_0051,cycle_0071,cycle_0071,cycle_0051,p1_win,0.0
2305,cycle_0051,cycle_0071,cycle_0071,cycle_0051,p1_win,0.0
2306,cycle_0051,cycle_0071,cycle_0071,cycle_0051,p1_win,0.0
2307,cycle_0051,cycle_0071,cycle_0071,cycle_0051,p1_win,0.0
2308,cycle_0051,cycle_0071,cycle_0071,cycle_0051,p1_win,0.0
2309,cycle_0051,cycle_0071,cycle_0071,cycle_0051,p1_win,0.0
2310,cycle_0051,cycle_0071,cycle_0071,cycle_0051,p1_win,0.0
2311,cycle_0051,cycle_0081,cycle_0051,cycle_0081,p1_win,1.0
2312,cycle_0051,cycle_0081,cycle_0051,cycle_0081,p1_win,1.0
2313,cycle_0051,cycle_0081,cycle_0051,cycle_0081,p2_win,0.0
2314,cycle_0051,cycle_0081,cycle_0051,cycle_0081,p1_win,1.0
2315,cycle_0051,cycle_0081,cycle_0051,cycle_0081,p1_win,1.0
2316,cycle_0051,cycle_0081,cycle_0051,cycle_0081,p1_win,1.0
2317,cycle_0051,cycle_0081,cycle_0051,cycle_0081,p1_win,1.0
2318,cycle_0051,cycle_0081,cycle_0051,cycle_0081,p2_win,0.0
2319,cycle_0051,cycle_0081,cycle_0051,cycle_0081,p2_win,0.0
2320,cycle_0051,cycle_0081,cycle_0051,cycle_0081,p2_win,0.0
2321,cycle_0051,cycle_0081,cycle_0051,cycle_0081,p1_win,1.0
2322,cycle_0051,cycle_0081,cycle_0051,cycle_0081,p2_win,0.0
2323,cycle_0051,cycle_0081,cycle_0051,cycle_0081,p2_win,0.0
2324,cycle_0051,cycle_0081,cycle_0051,cycle_0081,p2_win,0.0
2325,cycle_0051,cycle_0081,cycle_0051,cycle_0081,p2_win,0.0
2326,cycle_0051,cycle_0081,cycle_0081,cycle_0051,p1_win,0.0
2327,cycle_0051,cycle_0081,cycle_0081,cycle_0051,p1_win,0.0
2328,cycle_0051,cycle_0081,cycle_0081,cycle_0051,p1_win,0.0
2329,cycle_0051,cycle_0081,cycle_0081,cycle_0051,p1_win,0.0
2330,cycle_0051,cycle_0081,cycle_0081,cycle_0051,p1_win,0.0
2331,cycle_0051,cycle_0081,cycle_0081,cycle_0051,p1_win,0.0
2332,cycle_0051,cycle_0081,cycle_0081,cycle_0051,p1_win,0.0
2333,cycle_0051,cycle_0081,cycle_0081,cycle_0051,p1_win,0.0
2334,cycle_0051,cycle_0081,cycle_0081,cycle_0051,p1_win,0.0
2335,cycle_0051,cycle_0081,cycle_0081,cycle_0051,p1_win,0.0
2336,cycle_0051,cycle_0081,cycle_0081,cycle_0051,p1_win,0.0
2337,cycle_0051,cycle_0081,cycle_0081,cycle_0051,p1_win,0.0
2338,cycle_0051,cycle_0081,cycle_0081,cycle_0051,p1_win,0.0
2339,cycle_0051,cycle_0081,cycle_0081,cycle_0051,p1_win,0.0
2340,cycle_0051,cycle_0081,cycle_0081,cycle_0051,p1_win,0.0
2341,cycle_0051,cycle_0091,cycle_0051,cycle_0091,p1_win,1.0
2342,cycle_0051,cycle_0091,cycle_0051,cycle_0091,p2_win,0.0
2343,cycle_0051,cycle_0091,cycle_0051,cycle_0091,p1_win,1.0
2344,cycle_0051,cycle_0091,cycle_0051,cycle_0091,p1_win,1.0
2345,cycle_0051,cycle_0091,cycle_0051,cycle_0091,p1_win,1.0
2346,cycle_0051,cycle_0091,cycle_0051,cycle_0091,p1_win,1.0
2347,cycle_0051,cycle_0091,cycle_0051,cycle_0091,p1_win,1.0
2348,cycle_0051,cycle_0091,cycle_0051,cycle_0091,p1_win,1.0
2349,cycle_0051,cycle_0091,cycle_0051,cycle_0091,p1_win,1.0
2350,cycle_0051,cycle_0091,cycle_0051,cycle_0091,p1_win,1.0
2351,cycle_0051,cycle_0091,cycle_0051,cycle_0091,p1_win,1.0
2352,cycle_0051,cycle_0091,cycle_0051,cycle_0091,p1_win,1.0
2353,cycle_0051,cycle_0091,cycle_0051,cycle_0091,p1_win,1.0
2354,cycle_0051,cycle_0091,cycle_0051,cycle_0091,p1_win,1.0
2355,cycle_0051,cycle_0091,cycle_0051,cycle_0091,p2_win,0.0
2356,cycle_0051,cycle_0091,cycle_0091,cycle_0051,p1_win,0.0
2357,cycle_0051,cycle_0091,cycle_0091,cycle_0051,p1_win,0.0
2358,cycle_0051,cycle_0091,cycle_0091,cycle_0051,p1_win,0.0
2359,cycle_0051,cycle_0091,cycle_0091,cycle_0051,p1_win,0.0
2360,cycle_0051,cycle_0091,cycle_0091,cycle_0051,p1_win,0.0
2361,cycle_0051,cycle_0091,cycle_0091,cycle_0051,p1_win,0.0
2362,cycle_0051,cycle_0091,cycle_0091,cycle_0051,p1_win,0.0
2363,cycle_0051,cycle_0091,cycle_0091,cycle_0051,p1_win,0.0
2364,cycle_0051,cycle_0091,cycle_0091,cycle_0051,p1_win,0.0
2365,cycle_0051,cycle_0091,cycle_0091,cycle_0051,p1_win,0.0
2366,cycle_0051,cycle_0091,cycle_0091,cycle_0051,p1_win,0.0
2367,cycle_0051,cycle_0091,cycle_0091,cycle_0051,p1_win,0.0
2368,cycle_0051,cycle_0091,cycle_0091,cycle_0051,p1_win,0.0
2369,cycle_0051,cycle_0091,cycle_0091,cycle_0051,p1_win,0.0
2370,cycle_0051,cycle_0091,cycle_0091,cycle_0051,p1_win,0.0
2371,cycle_0051,cycle_0101,cycle_0051,cycle_0101,p2_win,0.0
2372,cycle_0051,cycle_0101,cycle_0051,cycle_0101,p2_win,0.0
2373,cycle_0051,cycle_0101,cycle_0051,cycle_0101,p2_win,0.0
2374,cycle_0051,cycle_0101,cycle_0051,cycle_0101,p2_win,0.0
2375,cycle_0051,cycle_0101,cycle_0051,cycle_0101,p2_win,0.0
2376,cycle_0051,cycle_0101,cycle_0051,cycle_0101,p2_win,0.0
2377,cycle_0051,cycle_0101,cycle_0051,cycle_0101,p2_win,0.0
2378,cycle_0051,cycle_0101,cycle_0051,cycle_0101,p2_win,0.0
2379,cycle_0051,cycle_0101,cycle_0051,cycle_0101,p2_win,0.0
2380,cycle_0051,cycle_0101,cycle_0051,cycle_0101,p2_win,0.0
2381,cycle_0051,cycle_0101,cycle_0051,cycle_0101,p2_win,0.0
2382,cycle_0051,cycle_0101,cycle_0051,cycle_0101,p2_win,0.0
2383,cycle_0051,cycle_0101,cycle_0051,cycle_0101,p2_win,0.0
2384,cycle_0051,cycle_0101,cycle_0051,cycle_0101,p2_win,0.0
2385,cycle_0051,cycle_0101,cycle_0051,cycle_0101,p2_win,0.0
2386,cycle_0051,cycle_0101,cycle_0101,cycle_0051,p2_win,1.0
2387,cycle_0051,cycle_0101,cycle_0101,cycle_0051,p2_win,1.0
2388,cycle_0051,cycle_0101,cycle_0101,cycle_0051,p1_win,0.0
2389,cycle_0051,cycle_0101,cycle_0101,cycle_0051,p2_win,1.0
2390,cycle_0051,cycle_0101,cycle_0101,cycle_0051,p1_win,0.0
2391,cycle_0051,cycle_0101,cycle_0101,cycle_0051,p1_win,0.0
2392,cycle_0051,cycle_0101,cycle_0101,cycle_0051,p1_win,0.0
2393,cycle_0051,cycle_0101,cycle_0101,cycle_0051,p1_win,0.0
2394,cycle_0051,cycle_0101,cycle_0101,cycle_0051,p2_win,1.0
2395,cycle_0051,cycle_0101,cycle_0101,cycle_0051,p1_win,0.0
2396,cycle_0051,cycle_0101,cycle_0101,cycle_0051,p2_win,1.0
2397,cycle_0051,cycle_0101,cycle_0101,cycle_0051,p1_win,0.0
2398,cycle_0051,cycle_0101,cycle_0101,cycle_0051,p2_win,1.0
2399,cycle_0051,cycle_0101,cycle_0101,cycle_0051,p2_win,1.0
2400,cycle_0051,cycle_0101,cycle_0101,cycle_0051,p1_win,0.0
2401,cycle_0051,cycle_0111,cycle_0051,cycle_0111,p2_win,0.0
2402,cycle_0051,cycle_0111,cycle_0051,cycle_0111,p2_win,0.0
2403,cycle_0051,cycle_0111,cycle_0051,cycle_0111,p2_win,0.0
2404,cycle_0051,cycle_0111,cycle_0051,cycle_0111,p2_win,0.0
2405,cycle_0051,cycle_0111,cycle_0051,cycle_0111,p2_win,0.0
2406,cycle_0051,cycle_0111,cycle_0051,cycle_0111,p2_win,0.0
2407,cycle_0051,cycle_0111,cycle_0051,cycle_0111,p2_win,0.0
2408,cycle_0051,cycle_0111,cycle_0051,cycle_0111,p1_win,1.0
2409,cycle_0051,cycle_0111,cycle_0051,cycle_0111,p2_win,0.0
2410,cycle_0051,cycle_0111,cycle_0051,cycle_0111,p2_win,0.0
2411,cycle_0051,cycle_0111,cycle_0051,cycle_0111,p2_win,0.0
2412,cycle_0051,cycle_0111,cycle_0051,cycle_0111,p2_win,0.0
2413,cycle_0051,cycle_0111,cycle_0051,cycle_0111,p2_win,0.0
2414,cycle_0051,cycle_0111,cycle_0051,cycle_0111,p2_win,0.0
2415,cycle_0051,cycle_0111,cycle_0051,cycle_0111,p2_win,0.0
2416,cycle_0051,cycle_0111,cycle_0111,cycle_0051,p1_win,0.0
2417,cycle_0051,cycle_0111,cycle_0111,cycle_0051,p1_win,0.0
2418,cycle_0051,cycle_0111,cycle_0111,cycle_0051,p1_win,0.0
2419,cycle_0051,cycle_0111,cycle_0111,cycle_0051,p1_win,0.0
2420,cycle_0051,cycle_0111,cycle_0111,cycle_0051,p1_win,0.0
2421,cycle_0051,cycle_0111,cycle_0111,cycle_0051,p1_win,0.0
2422,cycle_0051,cycle_0111,cycle_0111,cycle_0051,p1_win,0.0
2423,cycle_0051,cycle_0111,cycle_0111,cycle_0051,p1_win,0.0
2424,cycle_0051,cycle_0111,cycle_0111,cycle_0051,p1_win,0.0
2425,cycle_0051,cycle_0111,cycle_0111,cycle_0051,p1_win,0.0
2426,cycle_0051,cycle_0111,cycle_0111,cycle_0051,p1_win,0.0
2427,cycle_0051,cycle_0111,cycle_0111,cycle_0051,p1_win,0.0
2428,cycle_0051,cycle_0111,cycle_0111,cycle_0051,p1_win,0.0
2429,cycle_0051,cycle_0111,cycle_0111,cycle_0051,p1_win,0.0
2430,cycle_0051,cycle_0111,cycle_0111,cycle_0051,p1_win,0.0
2431,cycle_0051,cycle_0121,cycle_0051,cycle_0121,p2_win,0.0
2432,cycle_0051,cycle_0121,cycle_0051,cycle_0121,p2_win,0.0
2433,cycle_0051,cycle_0121,cycle_0051,cycle_0121,p2_win,0.0
2434,cycle_0051,cycle_0121,cycle_0051,cycle_0121,p2_win,0.0
2435,cycle_0051,cycle_0121,cycle_0051,cycle_0121,p2_win,0.0
2436,cycle_0051,cycle_0121,cycle_0051,cycle_0121,p2_win,0.0
2437,cycle_0051,cycle_0121,cycle_0051,cycle_0121,p2_win,0.0
2438,cycle_0051,cycle_0121,cycle_0051,cycle_0121,p2_win,0.0
2439,cycle_0051,cycle_0121,cycle_0051,cycle_0121,p2_win,0.0
2440,cycle_0051,cycle_0121,cycle_0051,cycle_0121,p2_win,0.0
2441,cycle_0051,cycle_0121,cycle_0051,cycle_0121,p2_win,0.0
2442,cycle_0051,cycle_0121,cycle_0051,cycle_0121,p2_win,0.0
2443,cycle_0051,cycle_0121,cycle_0051,cycle_0121,p1_win,1.0
2444,cycle_0051,cycle_0121,cycle_0051,cycle_0121,p2_win,0.0
2445,cycle_0051,cycle_0121,cycle_0051,cycle_0121,p2_win,0.0
2446,cycle_0051,cycle_0121,cycle_0121,cycle_0051,p1_win,0.0
2447,cycle_0051,cycle_0121,cycle_0121,cycle_0051,p1_win,0.0
2448,cycle_0051,cycle_0121,cycle_0121,cycle_0051,p1_win,0.0
2449,cycle_0051,cycle_0121,cycle_0121,cycle_0051,p2_win,1.0
2450,cycle_0051,cycle_0121,cycle_0121,cycle_0051,p1_win,0.0
2451,cycle_0051,cycle_0121,cycle_0121,cycle_0051,p1_win,0.0
2452,cycle_0051,cycle_0121,cycle_0121,cycle_0051,p1_win,0.0
2453,cycle_0051,cycle_0121,cycle_0121,cycle_0051,p1_win,0.0
2454,cycle_0051,cycle_0121,cycle_0121,cycle_0051,p2_win,1.0
2455,cycle_0051,cycle_0121,cycle_0121,cycle_0051,p2_win,1.0
2456,cycle_0051,cycle_0121,cycle_0121,cycle_0051,p1_win,0.0
2457,cycle_0051,cycle_0121,cycle_0121,cycle_0051,p2_win,1.0
2458,cycle_0051,cycle_0121,cycle_0121,cycle_0051,p1_win,0.0
2459,cycle_0051,cycle_0121,cycle_0121,cycle_0051,p1_win,0.0
2460,cycle_0051,cycle_0121,cycle_0121,cycle_0051,p1_win,0.0
2461,cycle_0051,cycle_0131,cycle_0051,cycle_0131,p2_win,0.0
2462,cycle_0051,cycle_0131,cycle_0051,cycle_0131,p2_win,0.0
2463,cycle_0051,cycle_0131,cycle_0051,cycle_0131,p2_win,0.0
2464,cycle_0051,cycle_0131,cycle_0051,cycle_0131,p2_win,0.0
2465,cycle_0051,cycle_0131,cycle_0051,cycle_0131,p2_win,0.0
2466,cycle_0051,cycle_0131,cycle_0051,cycle_0131,p2_win,0.0
2467,cycle_0051,cycle_0131,cycle_0051,cycle_0131,p2_win,0.0
2468,cycle_0051,cycle_0131,cycle_0051,cycle_0131,p2_win,0.0
2469,cycle_0051,cycle_0131,cycle_0051,cycle_0131,p2_win,0.0
2470,cycle_0051,cycle_0131,cycle_0051,cycle_0131,p2_win,0.0
2471,cycle_0051,cycle_0131,cycle_0051,cycle_0131,draw,0.5
2472,cycle_0051,cycle_0131,cycle_0051,cycle_0131,p2_win,0.0
2473,cycle_0051,cycle_0131,cycle_0051,cycle_0131,p2_win,0.0
2474,cycle_0051,cycle_0131,cycle_0051,cycle_0131,p2_win,0.0
2475,cycle_0051,cycle_0131,cycle_0051,cycle_0131,p2_win,0.0
2476,cycle_0051,cycle_0131,cycle_0131,cycle_0051,p1_win,0.0
2477,cycle_0051,cycle_0131,cycle_0131,cycle_0051,p1_win,0.0
2478,cycle_0051,cycle_0131,cycle_0131,cycle_0051,p1_win,0.0
2479,cycle_0051,cycle_0131,cycle_0131,cycle_0051,p2_win,1.0
2480,cycle_0051,cycle_0131,cycle_0131,cycle_0051,p1_win,0.0
2481,cycle_0051,cycle_0131,cycle_0131,cycle_0051,p2_win,1.0
2482,cycle_0051,cycle_0131,cycle_0131,cycle_0051,p1_win,0.0
2483,cycle_0051,cycle_0131,cycle_0131,cycle_0051,p1_win,0.0
2484,cycle_0051,cycle_0131,cycle_0131,cycle_0051,p2_win,1.0
2485,cycle_0051,cycle_0131,cycle_0131,cycle_0051,p1_win,0.0
2486,cycle_0051,cycle_0131,cycle_0131,cycle_0051,p1_win,0.0
2487,cycle_0051,cycle_0131,cycle_0131,cycle_0051,p1_win,0.0
2488,cycle_0051,cycle_0131,cycle_0131,cycle_0051,p1_win,0.0
2489,cycle_0051,cycle_0131,cycle_0131,cycle_0051,p1_win,0.0
2490,cycle_0051,cycle_0131,cycle_0131,cycle_0051,p2_win,1.0
2491,cycle_0051,cycle_0141,cycle_0051,cycle_0141,p2_win,0.0
2492,cycle_0051,cycle_0141,cycle_0051,cycle_0141,p2_win,0.0
2493,cycle_0051,cycle_0141,cycle_0051,cycle_0141,p2_win,0.0
2494,cycle_0051,cycle_0141,cycle_0051,cycle_0141,p2_win,0.0
2495,cycle_0051,cycle_0141,cycle_0051,cycle_0141,p2_win,0.0
2496,cycle_0051,cycle_0141,cycle_0051,cycle_0141,p2_win,0.0
2497,cycle_0051,cycle_0141,cycle_0051,cycle_0141,p2_win,0.0
2498,cycle_0051,cycle_0141,cycle_0051,cycle_0141,p2_win,0.0
2499,cycle_0051,cycle_0141,cycle_0051,cycle_0141,p2_win,0.0
2500,cycle_0051,cycle_0141,cycle_0051,cycle_0141,p2_win,0.0
2501,cycle_0051,cycle_0141,cycle_0051,cycle_0141,p2_win,0.0
2502,cycle_0051,cycle_0141,cycle_0051,cycle_0141,p2_win,0.0
2503,cycle_0051,cycle_0141,cycle_0051,cycle_0141,p2_win,0.0
2504,cycle_0051,cycle_0141,cycle_0051,cycle_0141,p2_win,0.0
2505,cycle_0051,cycle_0141,cycle_0051,cycle_0141,p2_win,0.0
2506,cycle_0051,cycle_0141,cycle_0141,cycle_0051,p1_win,0.0
2507,cycle_0051,cycle_0141,cycle_0141,cycle_0051,p1_win,0.0
2508,cycle_0051,cycle_0141,cycle_0141,cycle_0051,p2_win,1.0
2509,cycle_0051,cycle_0141,cycle_0141,cycle_0051,p2_win,1.0
2510,cycle_0051,cycle_0141,cycle_0141,cycle_0051,p2_win,1.0
2511,cycle_0051,cycle_0141,cycle_0141,cycle_0051,p1_win,0.0
2512,cycle_0051,cycle_0141,cycle_0141,cycle_0051,p2_win,1.0
2513,cycle_0051,cycle_0141,cycle_0141,cycle_0051,p1_win,0.0
2514,cycle_0051,cycle_0141,cycle_0141,cycle_0051,p2_win,1.0
2515,cycle_0051,cycle_0141,cycle_0141,cycle_0051,p1_win,0.0
2516,cycle_0051,cycle_0141,cycle_0141,cycle_0051,p2_win,1.0
2517,cycle_0051,cycle_0141,cycle_0141,cycle_0051,p1_win,0.0
2518,cycle_0051,cycle_0141,cycle_0141,cycle_0051,p1_win,0.0
2519,cycle_0051,cycle_0141,cycle_0141,cycle_0051,p1_win,0.0
2520,cycle_0051,cycle_0141,cycle_0141,cycle_0051,p1_win,0.0
2521,cycle_0051,models_7x7_v2\best.pt,cycle_0051,models_7x7_v2\best.pt,p2_win,0.0
2522,cycle_0051,models_7x7_v2\best.pt,cycle_0051,models_7x7_v2\best.pt,p2_win,0.0
2523,cycle_0051,models_7x7_v2\best.pt,cycle_0051,models_7x7_v2\best.pt,p1_win,1.0
2524,cycle_0051,models_7x7_v2\best.pt,cycle_0051,models_7x7_v2\best.pt,p1_win,1.0
2525,cycle_0051,models_7x7_v2\best.pt,cycle_0051,models_7x7_v2\best.pt,p1_win,1.0
2526,cycle_0051,models_7x7_v2\best.pt,cycle_0051,models_7x7_v2\best.pt,p1_win,1.0
2527,cycle_0051,models_7x7_v2\best.pt,cycle_0051,models_7x7_v2\best.pt,p2_win,0.0
2528,cycle_0051,models_7x7_v2\best.pt,cycle_0051,models_7x7_v2\best.pt,p1_win,1.0
2529,cycle_0051,models_7x7_v2\best.pt,cycle_0051,models_7x7_v2\best.pt,p1_win,1.0
2530,cycle_0051,models_7x7_v2\best.pt,cycle_0051,models_7x7_v2\best.pt,p1_win,1.0
2531,cycle_0051,models_7x7_v2\best.pt,cycle_0051,models_7x7_v2\best.pt,p1_win,1.0
2532,cycle_0051,models_7x7_v2\best.pt,cycle_0051,models_7x7_v2\best.pt,p1_win,1.0
2533,cycle_0051,models_7x7_v2\best.pt,cycle_0051,models_7x7_v2\best.pt,p1_win,1.0
2534,cycle_0051,models_7x7_v2\best.pt,cycle_0051,models_7x7_v2\best.pt,p1_win,1.0
2535,cycle_0051,models_7x7_v2\best.pt,cycle_0051,models_7x7_v2\best.pt,p1_win,1.0
2536,cycle_0051,models_7x7_v2\best.pt,models_7x7_v2\best.pt,cycle_0051,p2_win,1.0
2537,cycle_0051,models_7x7_v2\best.pt,models_7x7_v2\best.pt,cycle_0051,p1_win,0.0
2538,cycle_0051,models_7x7_v2\best.pt,models_7x7_v2\best.pt,cycle_0051,p2_win,1.0
2539,cycle_0051,models_7x7_v2\best.pt,models_7x7_v2\best.pt,cycle_0051,p2_win,1.0
2540,cycle_0051,models_7x7_v2\best.pt,models_7x7_v2\best.pt,cycle_0051,p2_win,1.0
2541,cycle_0051,models_7x7_v2\best.pt,models_7x7_v2\best.pt,cycle_0051,p1_win,0.0
2542,cycle_0051,models_7x7_v2\best.pt,models_7x7_v2\best.pt,cycle_0051,p1_win,0.0
2543,cycle_0051,models_7x7_v2\best.pt,models_7x7_v2\best.pt,cycle_0051,p1_win,0.0
2544,cycle_0051,models_7x7_v2\best.pt,models_7x7_v2\best.pt,cycle_0051,p2_win,1.0
2545,cycle_0051,models_7x7_v2\best.pt,models_7x7_v2\best.pt,cycle_0051,p2_win,1.0
2546,cycle_0051,models_7x7_v2\best.pt,models_7x7_v2\best.pt,cycle_0051,p2_win,1.0
2547,cycle_0051,models_7x7_v2\best.pt,models_7x7_v2\best.pt,cycle_0051,p2_win,1.0
2548,cycle_0051,models_7x7_v2\best.pt,models_7x7_v2\best.pt,cycle_0051,p1_win,0.0
2549,cycle_0051,models_7x7_v2\best.pt,models_7x7_v2\best.pt,cycle_0051,p1_win,0.0
2550,cycle_0051,models_7x7_v2\best.pt,models_7x7_v2\best.pt,cycle_0051,p2_win,1.0
2551,cycle_0051,minimax-2,cycle_0051,minimax-2,p1_win,1.0
2552,cycle_0051,minimax-2,cycle_0051,minimax-2,p1_win,1.0
2553,cycle_0051,minimax-2,cycle_0051,minimax-2,p1_win,1.0
2554,cycle_0051,minimax-2,cycle_0051,minimax-2,p1_win,1.0
2555,cycle_0051,minimax-2,cycle_0051,minimax-2,p1_win,1.0
2556,cycle_0051,minimax-2,cycle_0051,minimax-2,p1_win,1.0
2557,cycle_0051,minimax-2,cycle_0051,minimax-2,p1_win,1.0
2558,cycle_0051,minimax-2,cycle_0051,minimax-2,p1_win,1.0
2559,cycle_0051,minimax-2,cycle_0051,minimax-2,p1_win,1.0
2560,cycle_0051,minimax-2,cycle_0051,minimax-2,p1_win,1.0
2561,cycle_0051,minimax-2,cycle_0051,minimax-2,p1_win,1.0
2562,cycle_0051,minimax-2,cycle_0051,minimax-2,p1_win,1.0
2563,cycle_0051,minimax-2,cycle_0051,minimax-2,p1_win,1.0
2564,cycle_0051,minimax-2,cycle_0051,minimax-2,p1_win,1.0
2565,cycle_0051,minimax-2,cycle_0051,minimax-2,p1_win,1.0
2566,cycle_0051,minimax-2,minimax-2,cycle_0051,p2_win,1.0
2567,cycle_0051,minimax-2,minimax-2,cycle_0051,p2_win,1.0
2568,cycle_0051,minimax-2,minimax-2,cycle_0051,p2_win,1.0
2569,cycle_0051,minimax-2,minimax-2,cycle_0051,p2_win,1.0
2570,cycle_0051,minimax-2,minimax-2,cycle_0051,p2_win,1.0
2571,cycle_0051,minimax-2,minimax-2,cycle_0051,p2_win,1.0
2572,cycle_0051,minimax-2,minimax-2,cycle_0051,p2_win,1.0
2573,cycle_0051,minimax-2,minimax-2,cycle_0051,p2_win,1.0
2574,cycle_0051,minimax-2,minimax-2,cycle_0051,p2_win,1.0
2575,cycle_0051,minimax-2,minimax-2,cycle_0051,p2_win,1.0
2576,cycle_0051,minimax-2,minimax-2,cycle_0051,p2_win,1.0
2577,cycle_0051,minimax-2,minimax-2,cycle_0051,p2_win,1.0
2578,cycle_0051,minimax-2,minimax-2,cycle_0051,p2_win,1.0
2579,cycle_0051,minimax-2,minimax-2,cycle_0051,p2_win,1.0
2580,cycle_0051,minimax-2,minimax-2,cycle_0051,p2_win,1.0
2581,cycle_0051,minimax-3,cycle_0051,minimax-3,p1_win,1.0
2582,cycle_0051,minimax-3,cycle_0051,minimax-3,p1_win,1.0
2583,cycle_0051,minimax-3,cycle_0051,minimax-3,p1_win,1.0
2584,cycle_0051,minimax-3,cycle_0051,minimax-3,p1_win,1.0
2585,cycle_0051,minimax-3,cycle_0051,minimax-3,p1_win,1.0
2586,cycle_0051,minimax-3,cycle_0051,minimax-3,p1_win,1.0
2587,cycle_0051,minimax-3,cycle_0051,minimax-3,p1_win,1.0
2588,cycle_0051,minimax-3,cycle_0051,minimax-3,p1_win,1.0
2589,cycle_0051,minimax-3,cycle_0051,minimax-3,p1_win,1.0
2590,cycle_0051,minimax-3,cycle_0051,minimax-3,p1_win,1.0
2591,cycle_0051,minimax-3,cycle_0051,minimax-3,p1_win,1.0
2592,cycle_0051,minimax-3,cycle_0051,minimax-3,p1_win,1.0
2593,cycle_0051,minimax-3,cycle_0051,minimax-3,p1_win,1.0
2594,cycle_0051,minimax-3,cycle_0051,minimax-3,p1_win,1.0
2595,cycle_0051,minimax-3,cycle_0051,minimax-3,p1_win,1.0
2596,cycle_0051,minimax-3,minimax-3,cycle_0051,p2_win,1.0
2597,cycle_0051,minimax-3,minimax-3,cycle_0051,p2_win,1.0
2598,cycle_0051,minimax-3,minimax-3,cycle_0051,p2_win,1.0
2599,cycle_0051,minimax-3,minimax-3,cycle_0051,p2_win,1.0
2600,cycle_0051,minimax-3,minimax-3,cycle_0051,p2_win,1.0
2601,cycle_0051,minimax-3,minimax-3,cycle_0051,p2_win,1.0
2602,cycle_0051,minimax-3,minimax-3,cycle_0051,p2_win,1.0
2603,cycle_0051,minimax-3,minimax-3,cycle_0051,p2_win,1.0
2604,cycle_0051,minimax-3,minimax-3,cycle_0051,p2_win,1.0
2605,cycle_0051,minimax-3,minimax-3,cycle_0051,p2_win,1.0
2606,cycle_0051,minimax-3,minimax-3,cycle_0051,p2_win,1.0
2607,cycle_0051,minimax-3,minimax-3,cycle_0051,p2_win,1.0
2608,cycle_0051,minimax-3,minimax-3,cycle_0051,p2_win,1.0
2609,cycle_0051,minimax-3,minimax-3,cycle_0051,p2_win,1.0
2610,cycle_0051,minimax-3,minimax-3,cycle_0051,p2_win,1.0
2611,cycle_0061,cycle_0071,cycle_0061,cycle_0071,p2_win,0.0
2612,cycle_0061,cycle_0071,cycle_0061,cycle_0071,p1_win,1.0
2613,cycle_0061,cycle_0071,cycle_0061,cycle_0071,p2_win,0.0
2614,cycle_0061,cycle_0071,cycle_0061,cycle_0071,p2_win,0.0
2615,cycle_0061,cycle_0071,cycle_0061,cycle_0071,p2_win,0.0
2616,cycle_0061,cycle_0071,cycle_0061,cycle_0071,p2_win,0.0
2617,cycle_0061,cycle_0071,cycle_0061,cycle_0071,p1_win,1.0
2618,cycle_0061,cycle_0071,cycle_0061,cycle_0071,p2_win,0.0
2619,cycle_0061,cycle_0071,cycle_0061,cycle_0071,p1_win,1.0
2620,cycle_0061,cycle_0071,cycle_0061,cycle_0071,p2_win,0.0
2621,cycle_0061,cycle_0071,cycle_0061,cycle_0071,p2_win,0.0
2622,cycle_0061,cycle_0071,cycle_0061,cycle_0071,p2_win,0.0
2623,cycle_0061,cycle_0071,cycle_0061,cycle_0071,p2_win,0.0
2624,cycle_0061,cycle_0071,cycle_0061,cycle_0071,p2_win,0.0
2625,cycle_0061,cycle_0071,cycle_0061,cycle_0071,p2_win,0.0
2626,cycle_0061,cycle_0071,cycle_0071,cycle_0061,p1_win,0.0
2627,cycle_0061,cycle_0071,cycle_0071,cycle_0061,p1_win,0.0
2628,cycle_0061,cycle_0071,cycle_0071,cycle_0061,p1_win,0.0
2629,cycle_0061,cycle_0071,cycle_0071,cycle_0061,p1_win,0.0
2630,cycle_0061,cycle_0071,cycle_0071,cycle_0061,p1_win,0.0
2631,cycle_0061,cycle_0071,cycle_0071,cycle_0061,p1_win,0.0
2632,cycle_0061,cycle_0071,cycle_0071,cycle_0061,p2_win,1.0
2633,cycle_0061,cycle_0071,cycle_0071,cycle_0061,p1_win,0.0
2634,cycle_0061,cycle_0071,cycle_0071,cycle_0061,p1_win,0.0
2635,cycle_0061,cycle_0071,cycle_0071,cycle_0061,p1_win,0.0
2636,cycle_0061,cycle_0071,cycle_0071,cycle_0061,p1_win,0.0
2637,cycle_0061,cycle_0071,cycle_0071,cycle_0061,p1_win,0.0
2638,cycle_0061,cycle_0071,cycle_0071,cycle_0061,p1_win,0.0
2639,cycle_0061,cycle_0071,cycle_0071,cycle_0061,p1_win,0.0
2640,cycle_0061,cycle_0071,cycle_0071,cycle_0061,p1_win,0.0
2641,cycle_0061,cycle_0081,cycle_0061,cycle_0081,p2_win,0.0
2642,cycle_0061,cycle_0081,cycle_0061,cycle_0081,p2_win,0.0
2643,cycle_0061,cycle_0081,cycle_0061,cycle_0081,p2_win,0.0
2644,cycle_0061,cycle_0081,cycle_0061,cycle_0081,p2_win,0.0
2645,cycle_0061,cycle_0081,cycle_0061,cycle_0081,p1_win,1.0
2646,cycle_0061,cycle_0081,cycle_0061,cycle_0081,p2_win,0.0
2647,cycle_0061,cycle_0081,cycle_0061,cycle_0081,p2_win,0.0
2648,cycle_0061,cycle_0081,cycle_0061,cycle_0081,p1_win,1.0
2649,cycle_0061,cycle_0081,cycle_0061,cycle_0081,p2_win,0.0
2650,cycle_0061,cycle_0081,cycle_0061,cycle_0081,p2_win,0.0
2651,cycle_0061,cycle_0081,cycle_0061,cycle_0081,p1_win,1.0
2652,cycle_0061,cycle_0081,cycle_0061,cycle_0081,p1_win,1.0
2653,cycle_0061,cycle_0081,cycle_0061,cycle_0081,p1_win,1.0
2654,cycle_0061,cycle_0081,cycle_0061,cycle_0081,p1_win,1.0
2655,cycle_0061,cycle_0081,cycle_0061,cycle_0081,p1_win,1.0
2656,cycle_0061,cycle_0081,cycle_0081,cycle_0061,p1_win,0.0
2657,cycle_0061,cycle_0081,cycle_0081,cycle_0061,p1_win,0.0
2658,cycle_0061,cycle_0081,cycle_0081,cycle_0061,p2_win,1.0
2659,cycle_0061,cycle_0081,cycle_0081,cycle_0061,p1_win,0.0
2660,cycle_0061,cycle_0081,cycle_0081,cycle_0061,p1_win,0.0
2661,cycle_0061,cycle_0081,cycle_0081,cycle_0061,p1_win,0.0
2662,cycle_0061,cycle_0081,cycle_0081,cycle_0061,p1_win,0.0
2663,cycle_0061,cycle_0081,cycle_0081,cycle_0061,p1_win,0.0
2664,cycle_0061,cycle_0081,cycle_0081,cycle_0061,p1_win,0.0
2665,cycle_0061,cycle_0081,cycle_0081,cycle_0061,p1_win,0.0
2666,cycle_0061,cycle_0081,cycle_0081,cycle_0061,p1_win,0.0
2667,cycle_0061,cycle_0081,cycle_0081,cycle_0061,p1_win,0.0
2668,cycle_0061,cycle_0081,cycle_0081,cycle_0061,p1_win,0.0
2669,cycle_0061,cycle_0081,cycle_0081,cycle_0061,p2_win,1.0
2670,cycle_0061,cycle_0081,cycle_0081,cycle_0061,p2_win,1.0
2671,cycle_0061,cycle_0091,cycle_0061,cycle_0091,p2_win,0.0
2672,cycle_0061,cycle_0091,cycle_0061,cycle_0091,p1_win,1.0
2673,cycle_0061,cycle_0091,cycle_0061,cycle_0091,p2_win,0.0
2674,cycle_0061,cycle_0091,cycle_0061,cycle_0091,p2_win,0.0
2675,cycle_0061,cycle_0091,cycle_0061,cycle_0091,p2_win,0.0
2676,cycle_0061,cycle_0091,cycle_0061,cycle_0091,p1_win,1.0
2677,cycle_0061,cycle_0091,cycle_0061,cycle_0091,p2_win,0.0
2678,cycle_0061,cycle_0091,cycle_0061,cycle_0091,p2_win,0.0
2679,cycle_0061,cycle_0091,cycle_0061,cycle_0091,p2_win,0.0
2680,cycle_0061,cycle_0091,cycle_0061,cycle_0091,p2_win,0.0
2681,cycle_0061,cycle_0091,cycle_0061,cycle_0091,p2_win,0.0
2682,cycle_0061,cycle_0091,cycle_0061,cycle_0091,p2_win,0.0
2683,cycle_0061,cycle_0091,cycle_0061,cycle_0091,p2_win,0.0
2684,cycle_0061,cycle_0091,cycle_0061,cycle_0091,p2_win,0.0
2685,cycle_0061,cycle_0091,cycle_0061,cycle_0091,p2_win,0.0
2686,cycle_0061,cycle_0091,cycle_0091,cycle_0061,p1_win,0.0
2687,cycle_0061,cycle_0091,cycle_0091,cycle_0061,p1_win,0.0
2688,cycle_0061,cycle_0091,cycle_0091,cycle_0061,p1_win,0.0
2689,cycle_0061,cycle_0091,cycle_0091,cycle_0061,p1_win,0.0
2690,cycle_0061,cycle_0091,cycle_0091,cycle_0061,p1_win,0.0
2691,cycle_0061,cycle_0091,cycle_0091,cycle_0061,p1_win,0.0
2692,cycle_0061,cycle_0091,cycle_0091,cycle_0061,p1_win,0.0
2693,cycle_0061,cycle_0091,cycle_0091,cycle_0061,p1_win,0.0
2694,cycle_0061,cycle_0091,cycle_0091,cycle_0061,p1_win,0.0
2695,cycle_0061,cycle_0091,cycle_0091,cycle_0061,p1_win,0.0
2696,cycle_0061,cycle_0091,cycle_0091,cycle_0061,p1_win,0.0
2697,cycle_0061,cycle_0091,cycle_0091,cycle_0061,p1_win,0.0
2698,cycle_0061,cycle_0091,cycle_0091,cycle_0061,p2_win,1.0
2699,cycle_0061,cycle_0091,cycle_0091,cycle_0061,p1_win,0.0
2700,cycle_0061,cycle_0091,cycle_0091,cycle_0061,p1_win,0.0
2701,cycle_0061,cycle_0101,cycle_0061,cycle_0101,p2_win,0.0
2702,cycle_0061,cycle_0101,cycle_0061,cycle_0101,p2_win,0.0
2703,cycle_0061,cycle_0101,cycle_0061,cycle_0101,p2_win,0.0
2704,cycle_0061,cycle_0101,cycle_0061,cycle_0101,p2_win,0.0
2705,cycle_0061,cycle_0101,cycle_0061,cycle_0101,p2_win,0.0
2706,cycle_0061,cycle_0101,cycle_0061,cycle_0101,p2_win,0.0
2707,cycle_0061,cycle_0101,cycle_0061,cycle_0101,p2_win,0.0
2708,cycle_0061,cycle_0101,cycle_0061,cycle_0101,p2_win,0.0
2709,cycle_0061,cycle_0101,cycle_0061,cycle_0101,p2_win,0.0
2710,cycle_0061,cycle_0101,cycle_0061,cycle_0101,p2_win,0.0
2711,cycle_0061,cycle_0101,cycle_0061,cycle_0101,p2_win,0.0
2712,cycle_0061,cycle_0101,cycle_0061,cycle_0101,p2_win,0.0
2713,cycle_0061,cycle_0101,cycle_0061,cycle_0101,p2_win,0.0
2714,cycle_0061,cycle_0101,cycle_0061,cycle_0101,p2_win,0.0
2715,cycle_0061,cycle_0101,cycle_0061,cycle_0101,p2_win,0.0
2716,cycle_0061,cycle_0101,cycle_0101,cycle_0061,p1_win,0.0
2717,cycle_0061,cycle_0101,cycle_0101,cycle_0061,p1_win,0.0
2718,cycle_0061,cycle_0101,cycle_0101,cycle_0061,p1_win,0.0
2719,cycle_0061,cycle_0101,cycle_0101,cycle_0061,p1_win,0.0
2720,cycle_0061,cycle_0101,cycle_0101,cycle_0061,p1_win,0.0
2721,cycle_0061,cycle_0101,cycle_0101,cycle_0061,p2_win,1.0
2722,cycle_0061,cycle_0101,cycle_0101,cycle_0061,p1_win,0.0
2723,cycle_0061,cycle_0101,cycle_0101,cycle_0061,p1_win,0.0
2724,cycle_0061,cycle_0101,cycle_0101,cycle_0061,p1_win,0.0
2725,cycle_0061,cycle_0101,cycle_0101,cycle_0061,p1_win,0.0
2726,cycle_0061,cycle_0101,cycle_0101,cycle_0061,p2_win,1.0
2727,cycle_0061,cycle_0101,cycle_0101,cycle_0061,p1_win,0.0
2728,cycle_0061,cycle_0101,cycle_0101,cycle_0061,p2_win,1.0
2729,cycle_0061,cycle_0101,cycle_0101,cycle_0061,p2_win,1.0
2730,cycle_0061,cycle_0101,cycle_0101,cycle_0061,p1_win,0.0
2731,cycle_0061,cycle_0111,cycle_0061,cycle_0111,p2_win,0.0
2732,cycle_0061,cycle_0111,cycle_0061,cycle_0111,p2_win,0.0
2733,cycle_0061,cycle_0111,cycle_0061,cycle_0111,p2_win,0.0
2734,cycle_0061,cycle_0111,cycle_0061,cycle_0111,p1_win,1.0
2735,cycle_0061,cycle_0111,cycle_0061,cycle_0111,p1_win,1.0
2736,cycle_0061,cycle_0111,cycle_0061,cycle_0111,p2_win,0.0
2737,cycle_0061,cycle_0111,cycle_0061,cycle_0111,p2_win,0.0
2738,cycle_0061,cycle_0111,cycle_0061,cycle_0111,p1_win,1.0
2739,cycle_0061,cycle_0111,cycle_0061,cycle_0111,p1_win,1.0
2740,cycle_0061,cycle_0111,cycle_0061,cycle_0111,p2_win,0.0
2741,cycle_0061,cycle_0111,cycle_0061,cycle_0111,p2_win,0.0
2742,cycle_0061,cycle_0111,cycle_0061,cycle_0111,p2_win,0.0
2743,cycle_0061,cycle_0111,cycle_0061,cycle_0111,p2_win,0.0
2744,cycle_0061,cycle_0111,cycle_0061,cycle_0111,p2_win,0.0
2745,cycle_0061,cycle_0111,cycle_0061,cycle_0111,p2_win,0.0
2746,cycle_0061,cycle_0111,cycle_0111,cycle_0061,p1_win,0.0
2747,cycle_0061,cycle_0111,cycle_0111,cycle_0061,p1_win,0.0
2748,cycle_0061,cycle_0111,cycle_0111,cycle_0061,p1_win,0.0
2749,cycle_0061,cycle_0111,cycle_0111,cycle_0061,p1_win,0.0
2750,cycle_0061,cycle_0111,cycle_0111,cycle_0061,p1_win,0.0
2751,cycle_0061,cycle_0111,cycle_0111,cycle_0061,p1_win,0.0
2752,cycle_0061,cycle_0111,cycle_0111,cycle_0061,p1_win,0.0
2753,cycle_0061,cycle_0111,cycle_0111,cycle_0061,p1_win,0.0
2754,cycle_0061,cycle_0111,cycle_0111,cycle_0061,p1_win,0.0
2755,cycle_0061,cycle_0111,cycle_0111,cycle_0061,p1_win,0.0
2756,cycle_0061,cycle_0111,cycle_0111,cycle_0061,p1_win,0.0
2757,cycle_0061,cycle_0111,cycle_0111,cycle_0061,p2_win,1.0
2758,cycle_0061,cycle_0111,cycle_0111,cycle_0061,p1_win,0.0
2759,cycle_0061,cycle_0111,cycle_0111,cycle_0061,p1_win,0.0
2760,cycle_0061,cycle_0111,cycle_0111,cycle_0061,p1_win,0.0
2761,cycle_0061,cycle_0121,cycle_0061,cycle_0121,p1_win,1.0
2762,cycle_0061,cycle_0121,cycle_0061,cycle_0121,p1_win,1.0
2763,cycle_0061,cycle_0121,cycle_0061,cycle_0121,p1_win,1.0
2764,cycle_0061,cycle_0121,cycle_0061,cycle_0121,p1_win,1.0
2765,cycle_0061,cycle_0121,cycle_0061,cycle_0121,p1_win,1.0
2766,cycle_0061,cycle_0121,cycle_0061,cycle_0121,p1_win,1.0
2767,cycle_0061,cycle_0121,cycle_0061,cycle_0121,p1_win,1.0
2768,cycle_0061,cycle_0121,cycle_0061,cycle_0121,p1_win,1.0
2769,cycle_0061,cycle_0121,cycle_0061,cycle_0121,p2_win,0.0
2770,cycle_0061,cycle_0121,cycle_0061,cycle_0121,p1_win,1.0
2771,cycle_0061,cycle_0121,cycle_0061,cycle_0121,p1_win,1.0
2772,cycle_0061,cycle_0121,cycle_0061,cycle_0121,p1_win,1.0
2773,cycle_0061,cycle_0121,cycle_0061,cycle_0121,p1_win,1.0
2774,cycle_0061,cycle_0121,cycle_0061,cycle_0121,p1_win,1.0
2775,cycle_0061,cycle_0121,cycle_0061,cycle_0121,p1_win,1.0
2776,cycle_0061,cycle_0121,cycle_0121,cycle_0061,p1_win,0.0
2777,cycle_0061,cycle_0121,cycle_0121,cycle_0061,p2_win,1.0
2778,cycle_0061,cycle_0121,cycle_0121,cycle_0061,p1_win,0.0
2779,cycle_0061,cycle_0121,cycle_0121,cycle_0061,p1_win,0.0
2780,cycle_0061,cycle_0121,cycle_0121,cycle_0061,p1_win,0.0
2781,cycle_0061,cycle_0121,cycle_0121,cycle_0061,p1_win,0.0
2782,cycle_0061,cycle_0121,cycle_0121,cycle_0061,p1_win,0.0
2783,cycle_0061,cycle_0121,cycle_0121,cycle_0061,p1_win,0.0
2784,cycle_0061,cycle_0121,cycle_0121,cycle_0061,p2_win,1.0
2785,cycle_0061,cycle_0121,cycle_0121,cycle_0061,p1_win,0.0
2786,cycle_0061,cycle_0121,cycle_0121,cycle_0061,p1_win,0.0
2787,cycle_0061,cycle_0121,cycle_0121,cycle_0061,p1_win,0.0
2788,cycle_0061,cycle_0121,cycle_0121,cycle_0061,p1_win,0.0
2789,cycle_0061,cycle_0121,cycle_0121,cycle_0061,p1_win,0.0
2790,cycle_0061,cycle_0121,cycle_0121,cycle_0061,p2_win,1.0
2791,cycle_0061,cycle_0131,cycle_0061,cycle_0131,p1_win,1.0
2792,cycle_0061,cycle_0131,cycle_0061,cycle_0131,p2_win,0.0
2793,cycle_0061,cycle_0131,cycle_0061,cycle_0131,p2_win,0.0
2794,cycle_0061,cycle_0131,cycle_0061,cycle_0131,p1_win,1.0
2795,cycle_0061,cycle_0131,cycle_0061,cycle_0131,p1_win,1.0
2796,cycle_0061,cycle_0131,cycle_0061,cycle_0131,p2_win,0.0
2797,cycle_0061,cycle_0131,cycle_0061,cycle_0131,p2_win,0.0
2798,cycle_0061,cycle_0131,cycle_0061,cycle_0131,p2_win,0.0
2799,cycle_0061,cycle_0131,cycle_0061,cycle_0131,p2_win,0.0
2800,cycle_0061,cycle_0131,cycle_0061,cycle_0131,p2_win,0.0
2801,cycle_0061,cycle_0131,cycle_0061,cycle_0131,p2_win,0.0
2802,cycle_0061,cycle_0131,cycle_0061,cycle_0131,p2_win,0.0
2803,cycle_0061,cycle_0131,cycle_0061,cycle_0131,p2_win,0.0
2804,cycle_0061,cycle_0131,cycle_0061,cycle_0131,p1_win,1.0
2805,cycle_0061,cycle_0131,cycle_0061,cycle_0131,p2_win,0.0
2806,cycle_0061,cycle_0131,cycle_0131,cycle_0061,p2_win,1.0
2807,cycle_0061,cycle_0131,cycle_0131,cycle_0061,p1_win,0.0
2808,cycle_0061,cycle_0131,cycle_0131,cycle_0061,p1_win,0.0
2809,cycle_0061,cycle_0131,cycle_0131,cycle_0061,p1_win,0.0
2810,cycle_0061,cycle_0131,cycle_0131,cycle_0061,p1_win,0.0
2811,cycle_0061,cycle_0131,cycle_0131,cycle_0061,p2_win,1.0
2812,cycle_0061,cycle_0131,cycle_0131,cycle_0061,p2_win,1.0
2813,cycle_0061,cycle_0131,cycle_0131,cycle_0061,p1_win,0.0
2814,cycle_0061,cycle_0131,cycle_0131,cycle_0061,p2_win,1.0
2815,cycle_0061,cycle_0131,cycle_0131,cycle_0061,p1_win,0.0
2816,cycle_0061,cycle_0131,cycle_0131,cycle_0061,p1_win,0.0
2817,cycle_0061,cycle_0131,cycle_0131,cycle_0061,p1_win,0.0
2818,cycle_0061,cycle_0131,cycle_0131,cycle_0061,p1_win,0.0
2819,cycle_0061,cycle_0131,cycle_0131,cycle_0061,p1_win,0.0
2820,cycle_0061,cycle_0131,cycle_0131,cycle_0061,p2_win,1.0
2821,cycle_0061,cycle_0141,cycle_0061,cycle_0141,p2_win,0.0
2822,cycle_0061,cycle_0141,cycle_0061,cycle_0141,p1_win,1.0
2823,cycle_0061,cycle_0141,cycle_0061,cycle_0141,p2_win,0.0
2824,cycle_0061,cycle_0141,cycle_0061,cycle_0141,p1_win,1.0
2825,cycle_0061,cycle_0141,cycle_0061,cycle_0141,p2_win,0.0
2826,cycle_0061,cycle_0141,cycle_0061,cycle_0141,p2_win,0.0
2827,cycle_0061,cycle_0141,cycle_0061,cycle_0141,p2_win,0.0
2828,cycle_0061,cycle_0141,cycle_0061,cycle_0141,p2_win,0.0
2829,cycle_0061,cycle_0141,cycle_0061,cycle_0141,p2_win,0.0
2830,cycle_0061,cycle_0141,cycle_0061,cycle_0141,p2_win,0.0
2831,cycle_0061,cycle_0141,cycle_0061,cycle_0141,p2_win,0.0
2832,cycle_0061,cycle_0141,cycle_0061,cycle_0141,p2_win,0.0
2833,cycle_0061,cycle_0141,cycle_0061,cycle_0141,p2_win,0.0
2834,cycle_0061,cycle_0141,cycle_0061,cycle_0141,p2_win,0.0
2835,cycle_0061,cycle_0141,cycle_0061,cycle_0141,p1_win,1.0
2836,cycle_0061,cycle_0141,cycle_0141,cycle_0061,p2_win,1.0
2837,cycle_0061,cycle_0141,cycle_0141,cycle_0061,p1_win,0.0
2838,cycle_0061,cycle_0141,cycle_0141,cycle_0061,p2_win,1.0
2839,cycle_0061,cycle_0141,cycle_0141,cycle_0061,p2_win,1.0
2840,cycle_0061,cycle_0141,cycle_0141,cycle_0061,p2_win,1.0
2841,cycle_0061,cycle_0141,cycle_0141,cycle_0061,p1_win,0.0
2842,cycle_0061,cycle_0141,cycle_0141,cycle_0061,p1_win,0.0
2843,cycle_0061,cycle_0141,cycle_0141,cycle_0061,p1_win,0.0
2844,cycle_0061,cycle_0141,cycle_0141,cycle_0061,p1_win,0.0
2845,cycle_0061,cycle_0141,cycle_0141,cycle_0061,p1_win,0.0
2846,cycle_0061,cycle_0141,cycle_0141,cycle_0061,draw,0.5
2847,cycle_0061,cycle_0141,cycle_0141,cycle_0061,p1_win,0.0
2848,cycle_0061,cycle_0141,cycle_0141,cycle_0061,p1_win,0.0
2849,cycle_0061,cycle_0141,cycle_0141,cycle_0061,p2_win,1.0
2850,cycle_0061,cycle_0141,cycle_0141,cycle_0061,p1_win,0.0
2851,cycle_0061,models_7x7_v2\best.pt,cycle_0061,models_7x7_v2\best.pt,p1_win,1.0
2852,cycle_0061,models_7x7_v2\best.pt,cycle_0061,models_7x7_v2\best.pt,p1_win,1.0
2853,cycle_0061,models_7x7_v2\best.pt,cycle_0061,models_7x7_v2\best.pt,p1_win,1.0
2854,cycle_0061,models_7x7_v2\best.pt,cycle_0061,models_7x7_v2\best.pt,p1_win,1.0
2855,cycle_0061,models_7x7_v2\best.pt,cycle_0061,models_7x7_v2\best.pt,p1_win,1.0
2856,cycle_0061,models_7x7_v2\best.pt,cycle_0061,models_7x7_v2\best.pt,p1_win,1.0
2857,cycle_0061,models_7x7_v2\best.pt,cycle_0061,models_7x7_v2\best.pt,p1_win,1.0
2858,cycle_0061,models_7x7_v2\best.pt,cycle_0061,models_7x7_v2\best.pt,p1_win,1.0
2859,cycle_0061,models_7x7_v2\best.pt,cycle_0061,models_7x7_v2\best.pt,p1_win,1.0
2860,cycle_0061,models_7x7_v2\best.pt,cycle_0061,models_7x7_v2\best.pt,p2_win,0.0
2861,cycle_0061,models_7x7_v2\best.pt,cycle_0061,models_7x7_v2\best.pt,p2_win,0.0
2862,cycle_0061,models_7x7_v2\best.pt,cycle_0061,models_7x7_v2\best.pt,p1_win,1.0
2863,cycle_0061,models_7x7_v2\best.pt,cycle_0061,models_7x7_v2\best.pt,p2_win,0.0
2864,cycle_0061,models_7x7_v2\best.pt,cycle_0061,models_7x7_v2\best.pt,p2_win,0.0
2865,cycle_0061,models_7x7_v2\best.pt,cycle_0061,models_7x7_v2\best.pt,p1_win,1.0
2866,cycle_0061,models_7x7_v2\best.pt,models_7x7_v2\best.pt,cycle_0061,p2_win,1.0
2867,cycle_0061,models_7x7_v2\best.pt,models_7x7_v2\best.pt,cycle_0061,p2_win,1.0
2868,cycle_0061,models_7x7_v2\best.pt,models_7x7_v2\best.pt,cycle_0061,p2_win,1.0
2869,cycle_0061,models_7x7_v2\best.pt,models_7x7_v2\best.pt,cycle_0061,p2_win,1.0
2870,cycle_0061,models_7x7_v2\best.pt,models_7x7_v2\best.pt,cycle_0061,p2_win,1.0
2871,cycle_0061,models_7x7_v2\best.pt,models_7x7_v2\best.pt,cycle_0061,p1_win,0.0
2872,cycle_0061,models_7x7_v2\best.pt,models_7x7_v2\best.pt,cycle_0061,p2_win,1.0
2873,cycle_0061,models_7x7_v2\best.pt,models_7x7_v2\best.pt,cycle_0061,p2_win,1.0
2874,cycle_0061,models_7x7_v2\best.pt,models_7x7_v2\best.pt,cycle_0061,p2_win,1.0
2875,cycle_0061,models_7x7_v2\best.pt,models_7x7_v2\best.pt,cycle_0061,p2_win,1.0
2876,cycle_0061,models_7x7_v2\best.pt,models_7x7_v2\best.pt,cycle_0061,p2_win,1.0
2877,cycle_0061,models_7x7_v2\best.pt,models_7x7_v2\best.pt,cycle_0061,p2_win,1.0
2878,cycle_0061,models_7x7_v2\best.pt,models_7x7_v2\best.pt,cycle_0061,p1_win,0.0
2879,cycle_0061,models_7x7_v2\best.pt,models_7x7_v2\best.pt,cycle_0061,p2_win,1.0
2880,cycle_0061,models_7x7_v2\best.pt,models_7x7_v2\best.pt,cycle_0061,p2_win,1.0
2881,cycle_0061,minimax-2,cycle_0061,minimax-2,p1_win,1.0
2882,cycle_0061,minimax-2,cycle_0061,minimax-2,p1_win,1.0
2883,cycle_0061,minimax-2,cycle_0061,minimax-2,p1_win,1.0
2884,cycle_0061,minimax-2,cycle_0061,minimax-2,p1_win,1.0
2885,cycle_0061,minimax-2,cycle_0061,minimax-2,p1_win,1.0
2886,cycle_0061,minimax-2,cycle_0061,minimax-2,p1_win,1.0
2887,cycle_0061,minimax-2,cycle_0061,minimax-2,p1_win,1.0
2888,cycle_0061,minimax-2,cycle_0061,minimax-2,p1_win,1.0
2889,cycle_0061,minimax-2,cycle_0061,minimax-2,p1_win,1.0
2890,cycle_0061,minimax-2,cycle_0061,minimax-2,p2_win,0.0
2891,cycle_0061,minimax-2,cycle_0061,minimax-2,p1_win,1.0
2892,cycle_0061,minimax-2,cycle_0061,minimax-2,p1_win,1.0
2893,cycle_0061,minimax-2,cycle_0061,minimax-2,p1_win,1.0
2894,cycle_0061,minimax-2,cycle_0061,minimax-2,p1_win,1.0
2895,cycle_0061,minimax-2,cycle_0061,minimax-2,p1_win,1.0
2896,cycle_0061,minimax-2,minimax-2,cycle_0061,p2_win,1.0
2897,cycle_0061,minimax-2,minimax-2,cycle_0061,p2_win,1.0
2898,cycle_0061,minimax-2,minimax-2,cycle_0061,p2_win,1.0
2899,cycle_0061,minimax-2,minimax-2,cycle_0061,p2_win,1.0
2900,cycle_0061,minimax-2,minimax-2,cycle_0061,p2_win,1.0
2901,cycle_0061,minimax-2,minimax-2,cycle_0061,p2_win,1.0
2902,cycle_0061,minimax-2,minimax-2,cycle_0061,p2_win,1.0
2903,cycle_0061,minimax-2,minimax-2,cycle_0061,p2_win,1.0
2904,cycle_0061,minimax-2,minimax-2,cycle_0061,p2_win,1.0
2905,cycle_0061,minimax-2,minimax-2,cycle_0061,p2_win,1.0
2906,cycle_0061,minimax-2,minimax-2,cycle_0061,p2_win,1.0
2907,cycle_0061,minimax-2,minimax-2,cycle_0061,p2_win,1.0
2908,cycle_0061,minimax-2,minimax-2,cycle_0061,p2_win,1.0
2909,cycle_0061,minimax-2,minimax-2,cycle_0061,p2_win,1.0
2910,cycle_0061,minimax-2,minimax-2,cycle_0061,p2_win,1.0
2911,cycle_0061,minimax-3,cycle_0061,minimax-3,p1_win,1.0
2912,cycle_0061,minimax-3,cycle_0061,minimax-3,p1_win,1.0
2913,cycle_0061,minimax-3,cycle_0061,minimax-3,p1_win,1.0
2914,cycle_0061,minimax-3,cycle_0061,minimax-3,p1_win,1.0
2915,cycle_0061,minimax-3,cycle_0061,minimax-3,p1_win,1.0
2916,cycle_0061,minimax-3,cycle_0061,minimax-3,p1_win,1.0
2917,cycle_0061,minimax-3,cycle_0061,minimax-3,p1_win,1.0
2918,cycle_0061,minimax-3,cycle_0061,minimax-3,p1_win,1.0
2919,cycle_0061,minimax-3,cycle_0061,minimax-3,p1_win,1.0
2920,cycle_0061,minimax-3,cycle_0061,minimax-3,p1_win,1.0
2921,cycle_0061,minimax-3,cycle_0061,minimax-3,p1_win,1.0
2922,cycle_0061,minimax-3,cycle_0061,minimax-3,p1_win,1.0
2923,cycle_0061,minimax-3,cycle_0061,minimax-3,p1_win,1.0
2924,cycle_0061,minimax-3,cycle_0061,minimax-3,p1_win,1.0
2925,cycle_0061,minimax-3,cycle_0061,minimax-3,p1_win,1.0
2926,cycle_0061,minimax-3,minimax-3,cycle_0061,p2_win,1.0
2927,cycle_0061,minimax-3,minimax-3,cycle_0061,p2_win,1.0
2928,cycle_0061,minimax-3,minimax-3,cycle_0061,p2_win,1.0
2929,cycle_0061,minimax-3,minimax-3,cycle_0061,p2_win,1.0
2930,cycle_0061,minimax-3,minimax-3,cycle_0061,p2_win,1.0
2931,cycle_0061,minimax-3,minimax-3,cycle_0061,p2_win,1.0
2932,cycle_0061,minimax-3,minimax-3,cycle_0061,p2_win,1.0
2933,cycle_0061,minimax-3,minimax-3,cycle_0061,p2_win,1.0
2934,cycle_0061,minimax-3,minimax-3,cycle_0061,p2_win,1.0
2935,cycle_0061,minimax-3,minimax-3,cycle_0061,p2_win,1.0
2936,cycle_0061,minimax-3,minimax-3,cycle_0061,p2_win,1.0
2937,cycle_0061,minimax-3,minimax-3,cycle_0061,p2_win,1.0
2938,cycle_0061,minimax-3,minimax-3,cycle_0061,p2_win,1.0
2939,cycle_0061,minimax-3,minimax-3,cycle_0061,p2_win,1.0
2940,cycle_0061,minimax-3,minimax-3,cycle_0061,p2_win,1.0
2941,cycle_0071,cycle_0081,cycle_0071,cycle_0081,p2_win,0.0
2942,cycle_0071,cycle_0081,cycle_0071,cycle_0081,p2_win,0.0
2943,cycle_0071,cycle_0081,cycle_0071,cycle_0081,p2_win,0.0
2944,cycle_0071,cycle_0081,cycle_0071,cycle_0081,p1_win,1.0
2945,cycle_0071,cycle_0081,cycle_0071,cycle_0081,p1_win,1.0
2946,cycle_0071,cycle_0081,cycle_0071,cycle_0081,p2_win,0.0
2947,cycle_0071,cycle_0081,cycle_0071,cycle_0081,p1_win,1.0
2948,cycle_0071,cycle_0081,cycle_0071,cycle_0081,p2_win,0.0
2949,cycle_0071,cycle_0081,cycle_0071,cycle_0081,p2_win,0.0
2950,cycle_0071,cycle_0081,cycle_0071,cycle_0081,p1_win,1.0
2951,cycle_0071,cycle_0081,cycle_0071,cycle_0081,p2_win,0.0
2952,cycle_0071,cycle_0081,cycle_0071,cycle_0081,p2_win,0.0
2953,cycle_0071,cycle_0081,cycle_0071,cycle_0081,p1_win,1.0
2954,cycle_0071,cycle_0081,cycle_0071,cycle_0081,p2_win,0.0
2955,cycle_0071,cycle_0081,cycle_0071,cycle_0081,p1_win,1.0
2956,cycle_0071,cycle_0081,cycle_0081,cycle_0071,p1_win,0.0
2957,cycle_0071,cycle_0081,cycle_0081,cycle_0071,p1_win,0.0
2958,cycle_0071,cycle_0081,cycle_0081,cycle_0071,p2_win,1.0
2959,cycle_0071,cycle_0081,cycle_0081,cycle_0071,p1_win,0.0
2960,cycle_0071,cycle_0081,cycle_0081,cycle_0071,p1_win,0.0
2961,cycle_0071,cycle_0081,cycle_0081,cycle_0071,p1_win,0.0
2962,cycle_0071,cycle_0081,cycle_0081,cycle_0071,p2_win,1.0
2963,cycle_0071,cycle_0081,cycle_0081,cycle_0071,p1_win,0.0
2964,cycle_0071,cycle_0081,cycle_0081,cycle_0071,p1_win,0.0
2965,cycle_0071,cycle_0081,cycle_0081,cycle_0071,p1_win,0.0
2966,cycle_0071,cycle_0081,cycle_0081,cycle_0071,p1_win,0.0
2967,cycle_0071,cycle_0081,cycle_0081,cycle_0071,p1_win,0.0
2968,cycle_0071,cycle_0081,cycle_0081,cycle_0071,p1_win,0.0
2969,cycle_0071,cycle_0081,cycle_0081,cycle_0071,p1_win,0.0
2970,cycle_0071,cycle_0081,cycle_0081,cycle_0071,p1_win,0.0
2971,cycle_0071,cycle_0091,cycle_0071,cycle_0091,p2_win,0.0
2972,cycle_0071,cycle_0091,cycle_0071,cycle_0091,p2_win,0.0
2973,cycle_0071,cycle_0091,cycle_0071,cycle_0091,p2_win,0.0
2974,cycle_0071,cycle_0091,cycle_0071,cycle_0091,p2_win,0.0
2975,cycle_0071,cycle_0091,cycle_0071,cycle_0091,p2_win,0.0
2976,cycle_0071,cycle_0091,cycle_0071,cycle_0091,p2_win,0.0
2977,cycle_0071,cycle_0091,cycle_0071,cycle_0091,p2_win,0.0
2978,cycle_0071,cycle_0091,cycle_0071,cycle_0091,p2_win,0.0
2979,cycle_0071,cycle_0091,cycle_0071,cycle_0091,p2_win,0.0
2980,cycle_0071,cycle_0091,cycle_0071,cycle_0091,p2_win,0.0
2981,cycle_0071,cycle_0091,cycle_0071,cycle_0091,p2_win,0.0
2982,cycle_0071,cycle_0091,cycle_0071,cycle_0091,p2_win,0.0
2983,cycle_0071,cycle_0091,cycle_0071,cycle_0091,p2_win,0.0
2984,cycle_0071,cycle_0091,cycle_0071,cycle_0091,p1_win,1.0
2985,cycle_0071,cycle_0091,cycle_0071,cycle_0091,p1_win,1.0
2986,cycle_0071,cycle_0091,cycle_0091,cycle_0071,p1_win,0.0
2987,cycle_0071,cycle_0091,cycle_0091,cycle_0071,p1_win,0.0
2988,cycle_0071,cycle_0091,cycle_0091,cycle_0071,p1_win,0.0
2989,cycle_0071,cycle_0091,cycle_0091,cycle_0071,p1_win,0.0
2990,cycle_0071,cycle_0091,cycle_0091,cycle_0071,p1_win,0.0
2991,cycle_0071,cycle_0091,cycle_0091,cycle_0071,p1_win,0.0
2992,cycle_0071,cycle_0091,cycle_0091,cycle_0071,p1_win,0.0
2993,cycle_0071,cycle_0091,cycle_0091,cycle_0071,p1_win,0.0
2994,cycle_0071,cycle_0091,cycle_0091,cycle_0071,p1_win,0.0
2995,cycle_0071,cycle_0091,cycle_0091,cycle_0071,p1_win,0.0
2996,cycle_0071,cycle_0091,cycle_0091,cycle_0071,p1_win,0.0
2997,cycle_0071,cycle_0091,cycle_0091,cycle_0071,p1_win,0.0
2998,cycle_0071,cycle_0091,cycle_0091,cycle_0071,p1_win,0.0
2999,cycle_0071,cycle_0091,cycle_0091,cycle_0071,p1_win,0.0
3000,cycle_0071,cycle_0091,cycle_0091,cycle_0071,p1_win,0.0
3001,cycle_0071,cycle_0101,cycle_0071,cycle_0101,p2_win,0.0
3002,cycle_0071,cycle_0101,cycle_0071,cycle_0101,p1_win,1.0
3003,cycle_0071,cycle_0101,cycle_0071,cycle_0101,p1_win,1.0
3004,cycle_0071,cycle_0101,cycle_0071,cycle_0101,p2_win,0.0
3005,cycle_0071,cycle_0101,cycle_0071,cycle_0101,p1_win,1.0
3006,cycle_0071,cycle_0101,cycle_0071,cycle_0101,p1_win,1.0
3007,cycle_0071,cycle_0101,cycle_0071,cycle_0101,p1_win,1.0
3008,cycle_0071,cycle_0101,cycle_0071,cycle_0101,p2_win,0.0
3009,cycle_0071,cycle_0101,cycle_0071,cycle_0101,p1_win,1.0
3010,cycle_0071,cycle_0101,cycle_0071,cycle_0101,p1_win,1.0
3011,cycle_0071,cycle_0101,cycle_0071,cycle_0101,p2_win,0.0
3012,cycle_0071,cycle_0101,cycle_0071,cycle_0101,p1_win,1.0
3013,cycle_0071,cycle_0101,cycle_0071,cycle_0101,p2_win,0.0
3014,cycle_0071,cycle_0101,cycle_0071,cycle_0101,p2_win,0.0
3015,cycle_0071,cycle_0101,cycle_0071,cycle_0101,p2_win,0.0
3016,cycle_0071,cycle_0101,cycle_0101,cycle_0071,p2_win,1.0
3017,cycle_0071,cycle_0101,cycle_0101,cycle_0071,p2_win,1.0
3018,cycle_0071,cycle_0101,cycle_0101,cycle_0071,p2_win,1.0
3019,cycle_0071,cycle_0101,cycle_0101,cycle_0071,p1_win,0.0
3020,cycle_0071,cycle_0101,cycle_0101,cycle_0071,p1_win,0.0
3021,cycle_0071,cycle_0101,cycle_0101,cycle_0071,p2_win,1.0
3022,cycle_0071,cycle_0101,cycle_0101,cycle_0071,p2_win,1.0
3023,cycle_0071,cycle_0101,cycle_0101,cycle_0071,p2_win,1.0
3024,cycle_0071,cycle_0101,cycle_0101,cycle_0071,p1_win,0.0
3025,cycle_0071,cycle_0101,cycle_0101,cycle_0071,p2_win,1.0
3026,cycle_0071,cycle_0101,cycle_0101,cycle_0071,p1_win,0.0
3027,cycle_0071,cycle_0101,cycle_0101,cycle_0071,p2_win,1.0
3028,cycle_0071,cycle_0101,cycle_0101,cycle_0071,p2_win,1.0
3029,cycle_0071,cycle_0101,cycle_0101,cycle_0071,p2_win,1.0
3030,cycle_0071,cycle_0101,cycle_0101,cycle_0071,p1_win,0.0
3031,cycle_0071,cycle_0111,cycle_0071,cycle_0111,p1_win,1.0
3032,cycle_0071,cycle_0111,cycle_0071,cycle_0111,p1_win,1.0
3033,cycle_0071,cycle_0111,cycle_0071,cycle_0111,p1_win,1.0
3034,cycle_0071,cycle_0111,cycle_0071,cycle_0111,p1_win,1.0
3035,cycle_0071,cycle_0111,cycle_0071,cycle_0111,p2_win,0.0
3036,cycle_0071,cycle_0111,cycle_0071,cycle_0111,p2_win,0.0
3037,cycle_0071,cycle_0111,cycle_0071,cycle_0111,p1_win,1.0
3038,cycle_0071,cycle_0111,cycle_0071,cycle_0111,p2_win,0.0
3039,cycle_0071,cycle_0111,cycle_0071,cycle_0111,p1_win,1.0
3040,cycle_0071,cycle_0111,cycle_0071,cycle_0111,p1_win,1.0
3041,cycle_0071,cycle_0111,cycle_0071,cycle_0111,p2_win,0.0
3042,cycle_0071,cycle_0111,cycle_0071,cycle_0111,p1_win,1.0
3043,cycle_0071,cycle_0111,cycle_0071,cycle_0111,p1_win,1.0
3044,cycle_0071,cycle_0111,cycle_0071,cycle_0111,p1_win,1.0
3045,cycle_0071,cycle_0111,cycle_0071,cycle_0111,p2_win,0.0
3046,cycle_0071,cycle_0111,cycle_0111,cycle_0071,p1_win,0.0
3047,cycle_0071,cycle_0111,cycle_0111,cycle_0071,p1_win,0.0
3048,cycle_0071,cycle_0111,cycle_0111,cycle_0071,p2_win,1.0
3049,cycle_0071,cycle_0111,cycle_0111,cycle_0071,p1_win,0.0
3050,cycle_0071,cycle_0111,cycle_0111,cycle_0071,p1_win,0.0
3051,cycle_0071,cycle_0111,cycle_0111,cycle_0071,p1_win,0.0
3052,cycle_0071,cycle_0111,cycle_0111,cycle_0071,p1_win,0.0
3053,cycle_0071,cycle_0111,cycle_0111,cycle_0071,p1_win,0.0
3054,cycle_0071,cycle_0111,cycle_0111,cycle_0071,p1_win,0.0
3055,cycle_0071,cycle_0111,cycle_0111,cycle_0071,p1_win,0.0
3056,cycle_0071,cycle_0111,cycle_0111,cycle_0071,p1_win,0.0
3057,cycle_0071,cycle_0111,cycle_0111,cycle_0071,p1_win,0.0
3058,cycle_0071,cycle_0111,cycle_0111,cycle_0071,p1_win,0.0
3059,cycle_0071,cycle_0111,cycle_0111,cycle_0071,p2_win,1.0
3060,cycle_0071,cycle_0111,cycle_0111,cycle_0071,p1_win,0.0
3061,cycle_0071,cycle_0121,cycle_0071,cycle_0121,p1_win,1.0
3062,cycle_0071,cycle_0121,cycle_0071,cycle_0121,p2_win,0.0
3063,cycle_0071,cycle_0121,cycle_0071,cycle_0121,p1_win,1.0
3064,cycle_0071,cycle_0121,cycle_0071,cycle_0121,p1_win,1.0
3065,cycle_0071,cycle_0121,cycle_0071,cycle_0121,p2_win,0.0
3066,cycle_0071,cycle_0121,cycle_0071,cycle_0121,p1_win,1.0
3067,cycle_0071,cycle_0121,cycle_0071,cycle_0121,p1_win,1.0
3068,cycle_0071,cycle_0121,cycle_0071,cycle_0121,p2_win,0.0
3069,cycle_0071,cycle_0121,cycle_0071,cycle_0121,p2_win,0.0
3070,cycle_0071,cycle_0121,cycle_0071,cycle_0121,p2_win,0.0
3071,cycle_0071,cycle_0121,cycle_0071,cycle_0121,p2_win,0.0
3072,cycle_0071,cycle_0121,cycle_0071,cycle_0121,p1_win,1.0
3073,cycle_0071,cycle_0121,cycle_0071,cycle_0121,p1_win,1.0
3074,cycle_0071,cycle_0121,cycle_0071,cycle_0121,p1_win,1.0
3075,cycle_0071,cycle_0121,cycle_0071,cycle_0121,p1_win,1.0
3076,cycle_0071,cycle_0121,cycle_0121,cycle_0071,p2_win,1.0
3077,cycle_0071,cycle_0121,cycle_0121,cycle_0071,p1_win,0.0
3078,cycle_0071,cycle_0121,cycle_0121,cycle_0071,p1_win,0.0
3079,cycle_0071,cycle_0121,cycle_0121,cycle_0071,p2_win,1.0
3080,cycle_0071,cycle_0121,cycle_0121,cycle_0071,p1_win,0.0
3081,cycle_0071,cycle_0121,cycle_0121,cycle_0071,p2_win,1.0
3082,cycle_0071,cycle_0121,cycle_0121,cycle_0071,p1_win,0.0
3083,cycle_0071,cycle_0121,cycle_0121,cycle_0071,p2_win,1.0
3084,cycle_0071,cycle_0121,cycle_0121,cycle_0071,p2_win,1.0
3085,cycle_0071,cycle_0121,cycle_0121,cycle_0071,p2_win,1.0
3086,cycle_0071,cycle_0121,cycle_0121,cycle_0071,p2_win,1.0
3087,cycle_0071,cycle_0121,cycle_0121,cycle_0071,p1_win,0.0
3088,cycle_0071,cycle_0121,cycle_0121,cycle_0071,p2_win,1.0
3089,cycle_0071,cycle_0121,cycle_0121,cycle_0071,p2_win,1.0
3090,cycle_0071,cycle_0121,cycle_0121,cycle_0071,p2_win,1.0
3091,cycle_0071,cycle_0131,cycle_0071,cycle_0131,p1_win,1.0
3092,cycle_0071,cycle_0131,cycle_0071,cycle_0131,p1_win,1.0
3093,cycle_0071,cycle_0131,cycle_0071,cycle_0131,p1_win,1.0
3094,cycle_0071,cycle_0131,cycle_0071,cycle_0131,p2_win,0.0
3095,cycle_0071,cycle_0131,cycle_0071,cycle_0131,p1_win,1.0
3096,cycle_0071,cycle_0131,cycle_0071,cycle_0131,p1_win,1.0
3097,cycle_0071,cycle_0131,cycle_0071,cycle_0131,p1_win,1.0
3098,cycle_0071,cycle_0131,cycle_0071,cycle_0131,p1_win,1.0
3099,cycle_0071,cycle_0131,cycle_0071,cycle_0131,p2_win,0.0
3100,cycle_0071,cycle_0131,cycle_0071,cycle_0131,p1_win,1.0
3101,cycle_0071,cycle_0131,cycle_0071,cycle_0131,p1_win,1.0
3102,cycle_0071,cycle_0131,cycle_0071,cycle_0131,p1_win,1.0
3103,cycle_0071,cycle_0131,cycle_0071,cycle_0131,p1_win,1.0
3104,cycle_0071,cycle_0131,cycle_0071,cycle_0131,p2_win,0.0
3105,cycle_0071,cycle_0131,cycle_0071,cycle_0131,p1_win,1.0
3106,cycle_0071,cycle_0131,cycle_0131,cycle_0071,p2_win,1.0
3107,cycle_0071,cycle_0131,cycle_0131,cycle_0071,p2_win,1.0
3108,cycle_0071,cycle_0131,cycle_0131,cycle_0071,p2_win,1.0
3109,cycle_0071,cycle_0131,cycle_0131,cycle_0071,p2_win,1.0
3110,cycle_0071,cycle_0131,cycle_0131,cycle_0071,p2_win,1.0
3111,cycle_0071,cycle_0131,cycle_0131,cycle_0071,p2_win,1.0
3112,cycle_0071,cycle_0131,cycle_0131,cycle_0071,p2_win,1.0
3113,cycle_0071,cycle_0131,cycle_0131,cycle_0071,p2_win,1.0
3114,cycle_0071,cycle_0131,cycle_0131,cycle_0071,p2_win,1.0
3115,cycle_0071,cycle_0131,cycle_0131,cycle_0071,p2_win,1.0
3116,cycle_0071,cycle_0131,cycle_0131,cycle_0071,p1_win,0.0
3117,cycle_0071,cycle_0131,cycle_0131,cycle_0071,p2_win,1.0
3118,cycle_0071,cycle_0131,cycle_0131,cycle_0071,p2_win,1.0
3119,cycle_0071,cycle_0131,cycle_0131,cycle_0071,p2_win,1.0
3120,cycle_0071,cycle_0131,cycle_0131,cycle_0071,p2_win,1.0
3121,cycle_0071,cycle_0141,cycle_0071,cycle_0141,p1_win,1.0
3122,cycle_0071,cycle_0141,cycle_0071,cycle_0141,p1_win,1.0
3123,cycle_0071,cycle_0141,cycle_0071,cycle_0141,p2_win,0.0
3124,cycle_0071,cycle_0141,cycle_0071,cycle_0141,p2_win,0.0
3125,cycle_0071,cycle_0141,cycle_0071,cycle_0141,p1_win,1.0
3126,cycle_0071,cycle_0141,cycle_0071,cycle_0141,p2_win,0.0
3127,cycle_0071,cycle_0141,cycle_0071,cycle_0141,p1_win,1.0
3128,cycle_0071,cycle_0141,cycle_0071,cycle_0141,p1_win,1.0
3129,cycle_0071,cycle_0141,cycle_0071,cycle_0141,p1_win,1.0
3130,cycle_0071,cycle_0141,cycle_0071,cycle_0141,p1_win,1.0
3131,cycle_0071,cycle_0141,cycle_0071,cycle_0141,p2_win,0.0
3132,cycle_0071,cycle_0141,cycle_0071,cycle_0141,p1_win,1.0
3133,cycle_0071,cycle_0141,cycle_0071,cycle_0141,p1_win,1.0
3134,cycle_0071,cycle_0141,cycle_0071,cycle_0141,p1_win,1.0
3135,cycle_0071,cycle_0141,cycle_0071,cycle_0141,p2_win,0.0
3136,cycle_0071,cycle_0141,cycle_0141,cycle_0071,p1_win,0.0
3137,cycle_0071,cycle_0141,cycle_0141,cycle_0071,p2_win,1.0
3138,cycle_0071,cycle_0141,cycle_0141,cycle_0071,p1_win,0.0
3139,cycle_0071,cycle_0141,cycle_0141,cycle_0071,p2_win,1.0
3140,cycle_0071,cycle_0141,cycle_0141,cycle_0071,p2_win,1.0
3141,cycle_0071,cycle_0141,cycle_0141,cycle_0071,p1_win,0.0
3142,cycle_0071,cycle_0141,cycle_0141,cycle_0071,p1_win,0.0
3143,cycle_0071,cycle_0141,cycle_0141,cycle_0071,p2_win,1.0
3144,cycle_0071,cycle_0141,cycle_0141,cycle_0071,p1_win,0.0
3145,cycle_0071,cycle_0141,cycle_0141,cycle_0071,p2_win,1.0
3146,cycle_0071,cycle_0141,cycle_0141,cycle_0071,p2_win,1.0
3147,cycle_0071,cycle_0141,cycle_0141,cycle_0071,p2_win,1.0
3148,cycle_0071,cycle_0141,cycle_0141,cycle_0071,p2_win,1.0
3149,cycle_0071,cycle_0141,cycle_0141,cycle_0071,p2_win,1.0
3150,cycle_0071,cycle_0141,cycle_0141,cycle_0071,p2_win,1.0
3151,cycle_0071,models_7x7_v2\best.pt,cycle_0071,models_7x7_v2\best.pt,p1_win,1.0
3152,cycle_0071,models_7x7_v2\best.pt,cycle_0071,models_7x7_v2\best.pt,p1_win,1.0
3153,cycle_0071,models_7x7_v2\best.pt,cycle_0071,models_7x7_v2\best.pt,p1_win,1.0
3154,cycle_0071,models_7x7_v2\best.pt,cycle_0071,models_7x7_v2\best.pt,p1_win,1.0
3155,cycle_0071,models_7x7_v2\best.pt,cycle_0071,models_7x7_v2\best.pt,p1_win,1.0
3156,cycle_0071,models_7x7_v2\best.pt,cycle_0071,models_7x7_v2\best.pt,p1_win,1.0
3157,cycle_0071,models_7x7_v2\best.pt,cycle_0071,models_7x7_v2\best.pt,p1_win,1.0
3158,cycle_0071,models_7x7_v2\best.pt,cycle_0071,models_7x7_v2\best.pt,p1_win,1.0
3159,cycle_0071,models_7x7_v2\best.pt,cycle_0071,models_7x7_v2\best.pt,draw,0.5
3160,cycle_0071,models_7x7_v2\best.pt,cycle_0071,models_7x7_v2\best.pt,p1_win,1.0
3161,cycle_0071,models_7x7_v2\best.pt,cycle_0071,models_7x7_v2\best.pt,p1_win,1.0
3162,cycle_0071,models_7x7_v2\best.pt,cycle_0071,models_7x7_v2\best.pt,p1_win,1.0
3163,cycle_0071,models_7x7_v2\best.pt,cycle_0071,models_7x7_v2\best.pt,p1_win,1.0
3164,cycle_0071,models_7x7_v2\best.pt,cycle_0071,models_7x7_v2\best.pt,p1_win,1.0
3165,cycle_0071,models_7x7_v2\best.pt,cycle_0071,models_7x7_v2\best.pt,p1_win,1.0
3166,cycle_0071,models_7x7_v2\best.pt,models_7x7_v2\best.pt,cycle_0071,p2_win,1.0
3167,cycle_0071,models_7x7_v2\best.pt,models_7x7_v2\best.pt,cycle_0071,p2_win,1.0
3168,cycle_0071,models_7x7_v2\best.pt,models_7x7_v2\best.pt,cycle_0071,p1_win,0.0
3169,cycle_0071,models_7x7_v2\best.pt,models_7x7_v2\best.pt,cycle_0071,p1_win,0.0
3170,cycle_0071,models_7x7_v2\best.pt,models_7x7_v2\best.pt,cycle_0071,p2_win,1.0
3171,cycle_0071,models_7x7_v2\best.pt,models_7x7_v2\best.pt,cycle_0071,p2_win,1.0
3172,cycle_0071,models_7x7_v2\best.pt,models_7x7_v2\best.pt,cycle_0071,p2_win,1.0
3173,cycle_0071,models_7x7_v2\best.pt,models_7x7_v2\best.pt,cycle_0071,draw,0.5
3174,cycle_0071,models_7x7_v2\best.pt,models_7x7_v2\best.pt,cycle_0071,p1_win,0.0
3175,cycle_0071,models_7x7_v2\best.pt,models_7x7_v2\best.pt,cycle_0071,p2_win,1.0
3176,cycle_0071,models_7x7_v2\best.pt,models_7x7_v2\best.pt,cycle_0071,p2_win,1.0
3177,cycle_0071,models_7x7_v2\best.pt,models_7x7_v2\best.pt,cycle_0071,p1_win,0.0
3178,cycle_0071,models_7x7_v2\best.pt,models_7x7_v2\best.pt,cycle_0071,p2_win,1.0
3179,cycle_0071,models_7x7_v2\best.pt,models_7x7_v2\best.pt,cycle_0071,p2_win,1.0
3180,cycle_0071,models_7x7_v2\best.pt,models_7x7_v2\best.pt,cycle_0071,p2_win,1.0
3181,cycle_0071,minimax-2,cycle_0071,minimax-2,p1_win,1.0
3182,cycle_0071,minimax-2,cycle_0071,minimax-2,p1_win,1.0
3183,cycle_0071,minimax-2,cycle_0071,minimax-2,p1_win,1.0
3184,cycle_0071,minimax-2,cycle_0071,minimax-2,p1_win,1.0
3185,cycle_0071,minimax-2,cycle_0071,minimax-2,p1_win,1.0
3186,cycle_0071,minimax-2,cycle_0071,minimax-2,p1_win,1.0
3187,cycle_0071,minimax-2,cycle_0071,minimax-2,p1_win,1.0
3188,cycle_0071,minimax-2,cycle_0071,minimax-2,p1_win,1.0
3189,cycle_0071,minimax-2,cycle_0071,minimax-2,p1_win,1.0
3190,cycle_0071,minimax-2,cycle_0071,minimax-2,p1_win,1.0
3191,cycle_0071,minimax-2,cycle_0071,minimax-2,p1_win,1.0
3192,cycle_0071,minimax-2,cycle_0071,minimax-2,p1_win,1.0
3193,cycle_0071,minimax-2,cycle_0071,minimax-2,p1_win,1.0
3194,cycle_0071,minimax-2,cycle_0071,minimax-2,p1_win,1.0
3195,cycle_0071,minimax-2,cycle_0071,minimax-2,p1_win,1.0
3196,cycle_0071,minimax-2,minimax-2,cycle_0071,p2_win,1.0
3197,cycle_0071,minimax-2,minimax-2,cycle_0071,p2_win,1.0
3198,cycle_0071,minimax-2,minimax-2,cycle_0071,p2_win,1.0
3199,cycle_0071,minimax-2,minimax-2,cycle_0071,p2_win,1.0
3200,cycle_0071,minimax-2,minimax-2,cycle_0071,p2_win,1.0
3201,cycle_0071,minimax-2,minimax-2,cycle_0071,p2_win,1.0
3202,cycle_0071,minimax-2,minimax-2,cycle_0071,p2_win,1.0
3203,cycle_0071,minimax-2,minimax-2,cycle_0071,p2_win,1.0
3204,cycle_0071,minimax-2,minimax-2,cycle_0071,p2_win,1.0
3205,cycle_0071,minimax-2,minimax-2,cycle_0071,p2_win,1.0
3206,cycle_0071,minimax-2,minimax-2,cycle_0071,p2_win,1.0
3207,cycle_0071,minimax-2,minimax-2,cycle_0071,p2_win,1.0
3208,cycle_0071,minimax-2,minimax-2,cycle_0071,p2_win,1.0
3209,cycle_0071,minimax-2,minimax-2,cycle_0071,p2_win,1.0
3210,cycle_0071,minimax-2,minimax-2,cycle_0071,p2_win,1.0
3211,cycle_0071,minimax-3,cycle_0071,minimax-3,p1_win,1.0
3212,cycle_0071,minimax-3,cycle_0071,minimax-3,p1_win,1.0
3213,cycle_0071,minimax-3,cycle_0071,minimax-3,p1_win,1.0
3214,cycle_0071,minimax-3,cycle_0071,minimax-3,p1_win,1.0
3215,cycle_0071,minimax-3,cycle_0071,minimax-3,p1_win,1.0
3216,cycle_0071,minimax-3,cycle_0071,minimax-3,p1_win,1.0
3217,cycle_0071,minimax-3,cycle_0071,minimax-3,p1_win,1.0
3218,cycle_0071,minimax-3,cycle_0071,minimax-3,p1_win,1.0
3219,cycle_0071,minimax-3,cycle_0071,minimax-3,p1_win,1.0
3220,cycle_0071,minimax-3,cycle_0071,minimax-3,p1_win,1.0
3221,cycle_0071,minimax-3,cycle_0071,minimax-3,p1_win,1.0
3222,cycle_0071,minimax-3,cycle_0071,minimax-3,p1_win,1.0
3223,cycle_0071,minimax-3,cycle_0071,minimax-3,p1_win,1.0
3224,cycle_0071,minimax-3,cycle_0071,minimax-3,p1_win,1.0
3225,cycle_0071,minimax-3,cycle_0071,minimax-3,p1_win,1.0
3226,cycle_0071,minimax-3,minimax-3,cycle_0071,p2_win,1.0
3227,cycle_0071,minimax-3,minimax-3,cycle_0071,p2_win,1.0
3228,cycle_0071,minimax-3,minimax-3,cycle_0071,p2_win,1.0
3229,cycle_0071,minimax-3,minimax-3,cycle_0071,p2_win,1.0
3230,cycle_0071,minimax-3,minimax-3,cycle_0071,p2_win,1.0
3231,cycle_0071,minimax-3,minimax-3,cycle_0071,p2_win,1.0
3232,cycle_0071,minimax-3,minimax-3,cycle_0071,p2_win,1.0
3233,cycle_0071,minimax-3,minimax-3,cycle_0071,p2_win,1.0
3234,cycle_0071,minimax-3,minimax-3,cycle_0071,p2_win,1.0
3235,cycle_0071,minimax-3,minimax-3,cycle_0071,p2_win,1.0
3236,cycle_0071,minimax-3,minimax-3,cycle_0071,p2_win,1.0
3237,cycle_0071,minimax-3,minimax-3,cycle_0071,p2_win,1.0
3238,cycle_0071,minimax-3,minimax-3,cycle_0071,p2_win,1.0
3239,cycle_0071,minimax-3,minimax-3,cycle_0071,p1_win,0.0
3240,cycle_0071,minimax-3,minimax-3,cycle_0071,p2_win,1.0
3241,cycle_0081,cycle_0091,cycle_0081,cycle_0091,p2_win,0.0
3242,cycle_0081,cycle_0091,cycle_0081,cycle_0091,p2_win,0.0
3243,cycle_0081,cycle_0091,cycle_0081,cycle_0091,p2_win,0.0
3244,cycle_0081,cycle_0091,cycle_0081,cycle_0091,p2_win,0.0
3245,cycle_0081,cycle_0091,cycle_0081,cycle_0091,p2_win,0.0
3246,cycle_0081,cycle_0091,cycle_0081,cycle_0091,p2_win,0.0
3247,cycle_0081,cycle_0091,cycle_0081,cycle_0091,p2_win,0.0
3248,cycle_0081,cycle_0091,cycle_0081,cycle_0091,p2_win,0.0
3249,cycle_0081,cycle_0091,cycle_0081,cycle_0091,p2_win,0.0
3250,cycle_0081,cycle_0091,cycle_0081,cycle_0091,p2_win,0.0
3251,cycle_0081,cycle_0091,cycle_0081,cycle_0091,p2_win,0.0
3252,cycle_0081,cycle_0091,cycle_0081,cycle_0091,p2_win,0.0
3253,cycle_0081,cycle_0091,cycle_0081,cycle_0091,p2_win,0.0
3254,cycle_0081,cycle_0091,cycle_0081,cycle_0091,p2_win,0.0
3255,cycle_0081,cycle_0091,cycle_0081,cycle_0091,p2_win,0.0
3256,cycle_0081,cycle_0091,cycle_0091,cycle_0081,p1_win,0.0
3257,cycle_0081,cycle_0091,cycle_0091,cycle_0081,p1_win,0.0
3258,cycle_0081,cycle_0091,cycle_0091,cycle_0081,p1_win,0.0
3259,cycle_0081,cycle_0091,cycle_0091,cycle_0081,p1_win,0.0
3260,cycle_0081,cycle_0091,cycle_0091,cycle_0081,p1_win,0.0
3261,cycle_0081,cycle_0091,cycle_0091,cycle_0081,p1_win,0.0
3262,cycle_0081,cycle_0091,cycle_0091,cycle_0081,p1_win,0.0
3263,cycle_0081,cycle_0091,cycle_0091,cycle_0081,p1_win,0.0
3264,cycle_0081,cycle_0091,cycle_0091,cycle_0081,p1_win,0.0
3265,cycle_0081,cycle_0091,cycle_0091,cycle_0081,p1_win,0.0
3266,cycle_0081,cycle_0091,cycle_0091,cycle_0081,p1_win,0.0
3267,cycle_0081,cycle_0091,cycle_0091,cycle_0081,p1_win,0.0
3268,cycle_0081,cycle_0091,cycle_0091,cycle_0081,p1_win,0.0
3269,cycle_0081,cycle_0091,cycle_0091,cycle_0081,p1_win,0.0
3270,cycle_0081,cycle_0091,cycle_0091,cycle_0081,p1_win,0.0
3271,cycle_0081,cycle_0101,cycle_0081,cycle_0101,p2_win,0.0
3272,cycle_0081,cycle_0101,cycle_0081,cycle_0101,p2_win,0.0
3273,cycle_0081,cycle_0101,cycle_0081,cycle_0101,p2_win,0.0
3274,cycle_0081,cycle_0101,cycle_0081,cycle_0101,p2_win,0.0
3275,cycle_0081,cycle_0101,cycle_0081,cycle_0101,p2_win,0.0
3276,cycle_0081,cycle_0101,cycle_0081,cycle_0101,p2_win,0.0
3277,cycle_0081,cycle_0101,cycle_0081,cycle_0101,p2_win,0.0
3278,cycle_0081,cycle_0101,cycle_0081,cycle_0101,p2_win,0.0
3279,cycle_0081,cycle_0101,cycle_0081,cycle_0101,p2_win,0.0
3280,cycle_0081,cycle_0101,cycle_0081,cycle_0101,p2_win,0.0
3281,cycle_0081,cycle_0101,cycle_0081,cycle_0101,p2_win,0.0
3282,cycle_0081,cycle_0101,cycle_0081,cycle_0101,p2_win,0.0
3283,cycle_0081,cycle_0101,cycle_0081,cycle_0101,p1_win,1.0
3284,cycle_0081,cycle_0101,cycle_0081,cycle_0101,p1_win,1.0
3285,cycle_0081,cycle_0101,cycle_0081,cycle_0101,p2_win,0.0
3286,cycle_0081,cycle_0101,cycle_0101,cycle_0081,p2_win,1.0
3287,cycle_0081,cycle_0101,cycle_0101,cycle_0081,p2_win,1.0
3288,cycle_0081,cycle_0101,cycle_0101,cycle_0081,p1_win,0.0
3289,cycle_0081,cycle_0101,cycle_0101,cycle_0081,p2_win,1.0
3290,cycle_0081,cycle_0101,cycle_0101,cycle_0081,p2_win,1.0
3291,cycle_0081,cycle_0101,cycle_0101,cycle_0081,p2_win,1.0
3292,cycle_0081,cycle_0101,cycle_0101,cycle_0081,p2_win,1.0
3293,cycle_0081,cycle_0101,cycle_0101,cycle_0081,p2_win,1.0
3294,cycle_0081,cycle_0101,cycle_0101,cycle_0081,p2_win,1.0
3295,cycle_0081,cycle_0101,cycle_0101,cycle_0081,p2_win,1.0
3296,cycle_0081,cycle_0101,cycle_0101,cycle_0081,p2_win,1.0
3297,cycle_0081,cycle_0101,cycle_0101,cycle_0081,p1_win,0.0
3298,cycle_0081,cycle_0101,cycle_0101,cycle_0081,p2_win,1.0
3299,cycle_0081,cycle_0101,cycle_0101,cycle_0081,p1_win,0.0
3300,cycle_0081,cycle_0101,cycle_0101,cycle_0081,p2_win,1.0
3301,cycle_0081,cycle_0111,cycle_0081,cycle_0111,p1_win,1.0
3302,cycle_0081,cycle_0111,cycle_0081,cycle_0111,p1_win,1.0
3303,cycle_0081,cycle_0111,cycle_0081,cycle_0111,p1_win,1.0
3304,cycle_0081,cycle_0111,cycle_0081,cycle_0111,p1_win,1.0
3305,cycle_0081,cycle_0111,cycle_0081,cycle_0111,p2_win,0.0
3306,cycle_0081,cycle_0111,cycle_0081,cycle_0111,p2_win,0.0
3307,cycle_0081,cycle_0111,cycle_0081,cycle_0111,p2_win,0.0
3308,cycle_0081,cycle_0111,cycle_0081,cycle_0111,p1_win,1.0
3309,cycle_0081,cycle_0111,cycle_0081,cycle_0111,p1_win,1.0
3310,cycle_0081,cycle_0111,cycle_0081,cycle_0111,p2_win,0.0
3311,cycle_0081,cycle_0111,cycle_0081,cycle_0111,p1_win,1.0
3312,cycle_0081,cycle_0111,cycle_0081,cycle_0111,p2_win,0.0
3313,cycle_0081,cycle_0111,cycle_0081,cycle_0111,p2_win,0.0
3314,cycle_0081,cycle_0111,cycle_0081,cycle_0111,p1_win,1.0
3315,cycle_0081,cycle_0111,cycle_0081,cycle_0111,p1_win,1.0
3316,cycle_0081,cycle_0111,cycle_0111,cycle_0081,p1_win,0.0
3317,cycle_0081,cycle_0111,cycle_0111,cycle_0081,p1_win,0.0
3318,cycle_0081,cycle_0111,cycle_0111,cycle_0081,p1_win,0.0
3319,cycle_0081,cycle_0111,cycle_0111,cycle_0081,p1_win,0.0
3320,cycle_0081,cycle_0111,cycle_0111,cycle_0081,p1_win,0.0
3321,cycle_0081,cycle_0111,cycle_0111,cycle_0081,p2_win,1.0
3322,cycle_0081,cycle_0111,cycle_0111,cycle_0081,p1_win,0.0
3323,cycle_0081,cycle_0111,cycle_0111,cycle_0081,p2_win,1.0
3324,cycle_0081,cycle_0111,cycle_0111,cycle_0081,p1_win,0.0
3325,cycle_0081,cycle_0111,cycle_0111,cycle_0081,p2_win,1.0
3326,cycle_0081,cycle_0111,cycle_0111,cycle_0081,p1_win,0.0
3327,cycle_0081,cycle_0111,cycle_0111,cycle_0081,p2_win,1.0
3328,cycle_0081,cycle_0111,cycle_0111,cycle_0081,p1_win,0.0
3329,cycle_0081,cycle_0111,cycle_0111,cycle_0081,p1_win,0.0
3330,cycle_0081,cycle_0111,cycle_0111,cycle_0081,p1_win,0.0
3331,cycle_0081,cycle_0121,cycle_0081,cycle_0121,p1_win,1.0
3332,cycle_0081,cycle_0121,cycle_0081,cycle_0121,p1_win,1.0
3333,cycle_0081,cycle_0121,cycle_0081,cycle_0121,p1_win,1.0
3334,cycle_0081,cycle_0121,cycle_0081,cycle_0121,p1_win,1.0
3335,cycle_0081,cycle_0121,cycle_0081,cycle_0121,p1_win,1.0
3336,cycle_0081,cycle_0121,cycle_0081,cycle_0121,p1_win,1.0
3337,cycle_0081,cycle_0121,cycle_0081,cycle_0121,p1_win,1.0
3338,cycle_0081,cycle_0121,cycle_0081,cycle_0121,p1_win,1.0
3339,cycle_0081,cycle_0121,cycle_0081,cycle_0121,p1_win,1.0
3340,cycle_0081,cycle_0121,cycle_0081,cycle_0121,p1_win,1.0
3341,cycle_0081,cycle_0121,cycle_0081,cycle_0121,p1_win,1.0
3342,cycle_0081,cycle_0121,cycle_0081,cycle_0121,p1_win,1.0
3343,cycle_0081,cycle_0121,cycle_0081,cycle_0121,p1_win,1.0
3344,cycle_0081,cycle_0121,cycle_0081,cycle_0121,p1_win,1.0
3345,cycle_0081,cycle_0121,cycle_0081,cycle_0121,p1_win,1.0
3346,cycle_0081,cycle_0121,cycle_0121,cycle_0081,p1_win,0.0
3347,cycle_0081,cycle_0121,cycle_0121,cycle_0081,p2_win,1.0
3348,cycle_0081,cycle_0121,cycle_0121,cycle_0081,p1_win,0.0
3349,cycle_0081,cycle_0121,cycle_0121,cycle_0081,p1_win,0.0
3350,cycle_0081,cycle_0121,cycle_0121,cycle_0081,p1_win,0.0
3351,cycle_0081,cycle_0121,cycle_0121,cycle_0081,p1_win,0.0
3352,cycle_0081,cycle_0121,cycle_0121,cycle_0081,p1_win,0.0
3353,cycle_0081,cycle_0121,cycle_0121,cycle_0081,p1_win,0.0
3354,cycle_0081,cycle_0121,cycle_0121,cycle_0081,p1_win,0.0
3355,cycle_0081,cycle_0121,cycle_0121,cycle_0081,p1_win,0.0
3356,cycle_0081,cycle_0121,cycle_0121,cycle_0081,p1_win,0.0
3357,cycle_0081,cycle_0121,cycle_0121,cycle_0081,p1_win,0.0
3358,cycle_0081,cycle_0121,cycle_0121,cycle_0081,p2_win,1.0
3359,cycle_0081,cycle_0121,cycle_0121,cycle_0081,p1_win,0.0
3360,cycle_0081,cycle_0121,cycle_0121,cycle_0081,p1_win,0.0
3361,cycle_0081,cycle_0131,cycle_0081,cycle_0131,p2_win,0.0
3362,cycle_0081,cycle_0131,cycle_0081,cycle_0131,p1_win,1.0
3363,cycle_0081,cycle_0131,cycle_0081,cycle_0131,p1_win,1.0
3364,cycle_0081,cycle_0131,cycle_0081,cycle_0131,p1_win,1.0
3365,cycle_0081,cycle_0131,cycle_0081,cycle_0131,p2_win,0.0
3366,cycle_0081,cycle_0131,cycle_0081,cycle_0131,p1_win,1.0
3367,cycle_0081,cycle_0131,cycle_0081,cycle_0131,p1_win,1.0
3368,cycle_0081,cycle_0131,cycle_0081,cycle_0131,p2_win,0.0
3369,cycle_0081,cycle_0131,cycle_0081,cycle_0131,p2_win,0.0
3370,cycle_0081,cycle_0131,cycle_0081,cycle_0131,p1_win,1.0
3371,cycle_0081,cycle_0131,cycle_0081,cycle_0131,p1_win,1.0
3372,cycle_0081,cycle_0131,cycle_0081,cycle_0131,p1_win,1.0
3373,cycle_0081,cycle_0131,cycle_0081,cycle_0131,p2_win,0.0
3374,cycle_0081,cycle_0131,cycle_0081,cycle_0131,p2_win,0.0
3375,cycle_0081,cycle_0131,cycle_0081,cycle_0131,p1_win,1.0
3376,cycle_0081,cycle_0131,cycle_0131,cycle_0081,p2_win,1.0
3377,cycle_0081,cycle_0131,cycle_0131,cycle_0081,p2_win,1.0
3378,cycle_0081,cycle_0131,cycle_0131,cycle_0081,p2_win,1.0
3379,cycle_0081,cycle_0131,cycle_0131,cycle_0081,p2_win,1.0
3380,cycle_0081,cycle_0131,cycle_0131,cycle_0081,p2_win,1.0
3381,cycle_0081,cycle_0131,cycle_0131,cycle_0081,p2_win,1.0
3382,cycle_0081,cycle_0131,cycle_0131,cycle_0081,p2_win,1.0
3383,cycle_0081,cycle_0131,cycle_0131,cycle_0081,p2_win,1.0
3384,cycle_0081,cycle_0131,cycle_0131,cycle_0081,p2_win,1.0
3385,cycle_0081,cycle_0131,cycle_0131,cycle_0081,p2_win,1.0
3386,cycle_0081,cycle_0131,cycle_0131,cycle_0081,p2_win,1.0
3387,cycle_0081,cycle_0131,cycle_0131,cycle_0081,p2_win,1.0
3388,cycle_0081,cycle_0131,cycle_0131,cycle_0081,p2_win,1.0
3389,cycle_0081,cycle_0131,cycle_0131,cycle_0081,p2_win,1.0
3390,cycle_0081,cycle_0131,cycle_0131,cycle_0081,p2_win,1.0
3391,cycle_0081,cycle_0141,cycle_0081,cycle_0141,p1_win,1.0
3392,cycle_0081,cycle_0141,cycle_0081,cycle_0141,p1_win,1.0
3393,cycle_0081,cycle_0141,cycle_0081,cycle_0141,p1_win,1.0
3394,cycle_0081,cycle_0141,cycle_0081,cycle_0141,p1_win,1.0
3395,cycle_0081,cycle_0141,cycle_0081,cycle_0141,p1_win,1.0
3396,cycle_0081,cycle_0141,cycle_0081,cycle_0141,p1_win,1.0
3397,cycle_0081,cycle_0141,cycle_0081,cycle_0141,p2_win,0.0
3398,cycle_0081,cycle_0141,cycle_0081,cycle_0141,p1_win,1.0
3399,cycle_0081,cycle_0141,cycle_0081,cycle_0141,p1_win,1.0
3400,cycle_0081,cycle_0141,cycle_0081,cycle_0141,p2_win,0.0
3401,cycle_0081,cycle_0141,cycle_0081,cycle_0141,p2_win,0.0
3402,cycle_0081,cycle_0141,cycle_0081,cycle_0141,p1_win,1.0
3403,cycle_0081,cycle_0141,cycle_0081,cycle_0141,p2_win,0.0
3404,cycle_0081,cycle_0141,cycle_0081,cycle_0141,p1_win,1.0
3405,cycle_0081,cycle_0141,cycle_0081,cycle_0141,p1_win,1.0
3406,cycle_0081,cycle_0141,cycle_0141,cycle_0081,p1_win,0.0
3407,cycle_0081,cycle_0141,cycle_0141,cycle_0081,p1_win,0.0
3408,cycle_0081,cycle_0141,cycle_0141,cycle_0081,p1_win,0.0
3409,cycle_0081,cycle_0141,cycle_0141,cycle_0081,p1_win,0.0
3410,cycle_0081,cycle_0141,cycle_0141,cycle_0081,p1_win,0.0
3411,cycle_0081,cycle_0141,cycle_0141,cycle_0081,p1_win,0.0
3412,cycle_0081,cycle_0141,cycle_0141,cycle_0081,p1_win,0.0
3413,cycle_0081,cycle_0141,cycle_0141,cycle_0081,p1_win,0.0
3414,cycle_0081,cycle_0141,cycle_0141,cycle_0081,p1_win,0.0
3415,cycle_0081,cycle_0141,cycle_0141,cycle_0081,p1_win,0.0
3416,cycle_0081,cycle_0141,cycle_0141,cycle_0081,p1_win,0.0
3417,cycle_0081,cycle_0141,cycle_0141,cycle_0081,draw,0.5
3418,cycle_0081,cycle_0141,cycle_0141,cycle_0081,p1_win,0.0
3419,cycle_0081,cycle_0141,cycle_0141,cycle_0081,p1_win,0.0
3420,cycle_0081,cycle_0141,cycle_0141,cycle_0081,p1_win,0.0
3421,cycle_0081,models_7x7_v2\best.pt,cycle_0081,models_7x7_v2\best.pt,p1_win,1.0
3422,cycle_0081,models_7x7_v2\best.pt,cycle_0081,models_7x7_v2\best.pt,p1_win,1.0
3423,cycle_0081,models_7x7_v2\best.pt,cycle_0081,models_7x7_v2\best.pt,p1_win,1.0
3424,cycle_0081,models_7x7_v2\best.pt,cycle_0081,models_7x7_v2\best.pt,p1_win,1.0
3425,cycle_0081,models_7x7_v2\best.pt,cycle_0081,models_7x7_v2\best.pt,p1_win,1.0
3426,cycle_0081,models_7x7_v2\best.pt,cycle_0081,models_7x7_v2\best.pt,p1_win,1.0
3427,cycle_0081,models_7x7_v2\best.pt,cycle_0081,models_7x7_v2\best.pt,p1_win,1.0
3428,cycle_0081,models_7x7_v2\best.pt,cycle_0081,models_7x7_v2\best.pt,p1_win,1.0
3429,cycle_0081,models_7x7_v2\best.pt,cycle_0081,models_7x7_v2\best.pt,p1_win,1.0
3430,cycle_0081,models_7x7_v2\best.pt,cycle_0081,models_7x7_v2\best.pt,p1_win,1.0
3431,cycle_0081,models_7x7_v2\best.pt,cycle_0081,models_7x7_v2\best.pt,p1_win,1.0
3432,cycle_0081,models_7x7_v2\best.pt,cycle_0081,models_7x7_v2\best.pt,p1_win,1.0
3433,cycle_0081,models_7x7_v2\best.pt,cycle_0081,models_7x7_v2\best.pt,p1_win,1.0
3434,cycle_0081,models_7x7_v2\best.pt,cycle_0081,models_7x7_v2\best.pt,p1_win,1.0
3435,cycle_0081,models_7x7_v2\best.pt,cycle_0081,models_7x7_v2\best.pt,p1_win,1.0
3436,cycle_0081,models_7x7_v2\best.pt,models_7x7_v2\best.pt,cycle_0081,p2_win,1.0
3437,cycle_0081,models_7x7_v2\best.pt,models_7x7_v2\best.pt,cycle_0081,p2_win,1.0
3438,cycle_0081,models_7x7_v2\best.pt,models_7x7_v2\best.pt,cycle_0081,p2_win,1.0
3439,cycle_0081,models_7x7_v2\best.pt,models_7x7_v2\best.pt,cycle_0081,p2_win,1.0
3440,cycle_0081,models_7x7_v2\best.pt,models_7x7_v2\best.pt,cycle_0081,p2_win,1.0
3441,cycle_0081,models_7x7_v2\best.pt,models_7x7_v2\best.pt,cycle_0081,p1_win,0.0
3442,cycle_0081,models_7x7_v2\best.pt,models_7x7_v2\best.pt,cycle_0081,p2_win,1.0
3443,cycle_0081,models_7x7_v2\best.pt,models_7x7_v2\best.pt,cycle_0081,p2_win,1.0
3444,cycle_0081,models_7x7_v2\best.pt,models_7x7_v2\best.pt,cycle_0081,p2_win,1.0
3445,cycle_0081,models_7x7_v2\best.pt,models_7x7_v2\best.pt,cycle_0081,p2_win,1.0
3446,cycle_0081,models_7x7_v2\best.pt,models_7x7_v2\best.pt,cycle_0081,p2_win,1.0
3447,cycle_0081,models_7x7_v2\best.pt,models_7x7_v2\best.pt,cycle_0081,p1_win,0.0
3448,cycle_0081,models_7x7_v2\best.pt,models_7x7_v2\best.pt,cycle_0081,p2_win,1.0
3449,cycle_0081,models_7x7_v2\best.pt,models_7x7_v2\best.pt,cycle_0081,p2_win,1.0
3450,cycle_0081,models_7x7_v2\best.pt,models_7x7_v2\best.pt,cycle_0081,p2_win,1.0
3451,cycle_0081,minimax-2,cycle_0081,minimax-2,p1_win,1.0
3452,cycle_0081,minimax-2,cycle_0081,minimax-2,p1_win,1.0
3453,cycle_0081,minimax-2,cycle_0081,minimax-2,p1_win,1.0
3454,cycle_0081,minimax-2,cycle_0081,minimax-2,p1_win,1.0
3455,cycle_0081,minimax-2,cycle_0081,minimax-2,p1_win,1.0
3456,cycle_0081,minimax-2,cycle_0081,minimax-2,p1_win,1.0
3457,cycle_0081,minimax-2,cycle_0081,minimax-2,p1_win,1.0
3458,cycle_0081,minimax-2,cycle_0081,minimax-2,p1_win,1.0
3459,cycle_0081,minimax-2,cycle_0081,minimax-2,p1_win,1.0
3460,cycle_0081,minimax-2,cycle_0081,minimax-2,p1_win,1.0
3461,cycle_0081,minimax-2,cycle_0081,minimax-2,p1_win,1.0
3462,cycle_0081,minimax-2,cycle_0081,minimax-2,p1_win,1.0
3463,cycle_0081,minimax-2,cycle_0081,minimax-2,p1_win,1.0
3464,cycle_0081,minimax-2,cycle_0081,minimax-2,p1_win,1.0
3465,cycle_0081,minimax-2,cycle_0081,minimax-2,p1_win,1.0
3466,cycle_0081,minimax-2,minimax-2,cycle_0081,p2_win,1.0
3467,cycle_0081,minimax-2,minimax-2,cycle_0081,p2_win,1.0
3468,cycle_0081,minimax-2,minimax-2,cycle_0081,p2_win,1.0
3469,cycle_0081,minimax-2,minimax-2,cycle_0081,p2_win,1.0
3470,cycle_0081,minimax-2,minimax-2,cycle_0081,p2_win,1.0
3471,cycle_0081,minimax-2,minimax-2,cycle_0081,p2_win,1.0
3472,cycle_0081,minimax-2,minimax-2,cycle_0081,p2_win,1.0
3473,cycle_0081,minimax-2,minimax-2,cycle_0081,p2_win,1.0
3474,cycle_0081,minimax-2,minimax-2,cycle_0081,p2_win,1.0
3475,cycle_0081,minimax-2,minimax-2,cycle_0081,p2_win,1.0
3476,cycle_0081,minimax-2,minimax-2,cycle_0081,p2_win,1.0
3477,cycle_0081,minimax-2,minimax-2,cycle_0081,p2_win,1.0
3478,cycle_0081,minimax-2,minimax-2,cycle_0081,p2_win,1.0
3479,cycle_0081,minimax-2,minimax-2,cycle_0081,p2_win,1.0
3480,cycle_0081,minimax-2,minimax-2,cycle_0081,p2_win,1.0
3481,cycle_0081,minimax-3,cycle_0081,minimax-3,p1_win,1.0
3482,cycle_0081,minimax-3,cycle_0081,minimax-3,p1_win,1.0
3483,cycle_0081,minimax-3,cycle_0081,minimax-3,p1_win,1.0
3484,cycle_0081,minimax-3,cycle_0081,minimax-3,p1_win,1.0
3485,cycle_0081,minimax-3,cycle_0081,minimax-3,p1_win,1.0
3486,cycle_0081,minimax-3,cycle_0081,minimax-3,p1_win,1.0
3487,cycle_0081,minimax-3,cycle_0081,minimax-3,p1_win,1.0
3488,cycle_0081,minimax-3,cycle_0081,minimax-3,p1_win,1.0
3489,cycle_0081,minimax-3,cycle_0081,minimax-3,p1_win,1.0
3490,cycle_0081,minimax-3,cycle_0081,minimax-3,p1_win,1.0
3491,cycle_0081,minimax-3,cycle_0081,minimax-3,p1_win,1.0
3492,cycle_0081,minimax-3,cycle_0081,minimax-3,p1_win,1.0
3493,cycle_0081,minimax-3,cycle_0081,minimax-3,p1_win,1.0
3494,cycle_0081,minimax-3,cycle_0081,minimax-3,p1_win,1.0
3495,cycle_0081,minimax-3,cycle_0081,minimax-3,p1_win,1.0
3496,cycle_0081,minimax-3,minimax-3,cycle_0081,p2_win,1.0
3497,cycle_0081,minimax-3,minimax-3,cycle_0081,p2_win,1.0
3498,cycle_0081,minimax-3,minimax-3,cycle_0081,p2_win,1.0
3499,cycle_0081,minimax-3,minimax-3,cycle_0081,p2_win,1.0
3500,cycle_0081,minimax-3,minimax-3,cycle_0081,p2_win,1.0
3501,cycle_0081,minimax-3,minimax-3,cycle_0081,p1_win,0.0
3502,cycle_0081,minimax-3,minimax-3,cycle_0081,p2_win,1.0
3503,cycle_0081,minimax-3,minimax-3,cycle_0081,p2_win,1.0
3504,cycle_0081,minimax-3,minimax-3,cycle_0081,p2_win,1.0
3505,cycle_0081,minimax-3,minimax-3,cycle_0081,p2_win,1.0
3506,cycle_0081,minimax-3,minimax-3,cycle_0081,p2_win,1.0
3507,cycle_0081,minimax-3,minimax-3,cycle_0081,p2_win,1.0
3508,cycle_0081,minimax-3,minimax-3,cycle_0081,p2_win,1.0
3509,cycle_0081,minimax-3,minimax-3,cycle_0081,p2_win,1.0
3510,cycle_0081,minimax-3,minimax-3,cycle_0081,p2_win,1.0
3511,cycle_0091,cycle_0101,cycle_0091,cycle_0101,p2_win,0.0
3512,cycle_0091,cycle_0101,cycle_0091,cycle_0101,p2_win,0.0
3513,cycle_0091,cycle_0101,cycle_0091,cycle_0101,p2_win,0.0
3514,cycle_0091,cycle_0101,cycle_0091,cycle_0101,p2_win,0.0
3515,cycle_0091,cycle_0101,cycle_0091,cycle_0101,p2_win,0.0
3516,cycle_0091,cycle_0101,cycle_0091,cycle_0101,p2_win,0.0
3517,cycle_0091,cycle_0101,cycle_0091,cycle_0101,p2_win,0.0
3518,cycle_0091,cycle_0101,cycle_0091,cycle_0101,p2_win,0.0
3519,cycle_0091,cycle_0101,cycle_0091,cycle_0101,p2_win,0.0
3520,cycle_0091,cycle_0101,cycle_0091,cycle_0101,p2_win,0.0
3521,cycle_0091,cycle_0101,cycle_0091,cycle_0101,p2_win,0.0
3522,cycle_0091,cycle_0101,cycle_0091,cycle_0101,p2_win,0.0
3523,cycle_0091,cycle_0101,cycle_0091,cycle_0101,p2_win,0.0
3524,cycle_0091,cycle_0101,cycle_0091,cycle_0101,p2_win,0.0
3525,cycle_0091,cycle_0101,cycle_0091,cycle_0101,p2_win,0.0
3526,cycle_0091,cycle_0101,cycle_0101,cycle_0091,p1_win,0.0
3527,cycle_0091,cycle_0101,cycle_0101,cycle_0091,p1_win,0.0
3528,cycle_0091,cycle_0101,cycle_0101,cycle_0091,p1_win,0.0
3529,cycle_0091,cycle_0101,cycle_0101,cycle_0091,p1_win,0.0
3530,cycle_0091,cycle_0101,cycle_0101,cycle_0091,p1_win,0.0
3531,cycle_0091,cycle_0101,cycle_0101,cycle_0091,p1_win,0.0
3532,cycle_0091,cycle_0101,cycle_0101,cycle_0091,p1_win,0.0
3533,cycle_0091,cycle_0101,cycle_0101,cycle_0091,p1_win,0.0
3534,cycle_0091,cycle_0101,cycle_0101,cycle_0091,p1_win,0.0
3535,cycle_0091,cycle_0101,cycle_0101,cycle_0091,p1_win,0.0
3536,cycle_0091,cycle_0101,cycle_0101,cycle_0091,p1_win,0.0
3537,cycle_0091,cycle_0101,cycle_0101,cycle_0091,p1_win,0.0
3538,cycle_0091,cycle_0101,cycle_0101,cycle_0091,p1_win,0.0
3539,cycle_0091,cycle_0101,cycle_0101,cycle_0091,p1_win,0.0
3540,cycle_0091,cycle_0101,cycle_0101,cycle_0091,p1_win,0.0
3541,cycle_0091,cycle_0111,cycle_0091,cycle_0111,p1_win,1.0
3542,cycle_0091,cycle_0111,cycle_0091,cycle_0111,p2_win,0.0
3543,cycle_0091,cycle_0111,cycle_0091,cycle_0111,p2_win,0.0
3544,cycle_0091,cycle_0111,cycle_0091,cycle_0111,p2_win,0.0
3545,cycle_0091,cycle_0111,cycle_0091,cycle_0111,p2_win,0.0
3546,cycle_0091,cycle_0111,cycle_0091,cycle_0111,p2_win,0.0
3547,cycle_0091,cycle_0111,cycle_0091,cycle_0111,p1_win,1.0
3548,cycle_0091,cycle_0111,cycle_0091,cycle_0111,p2_win,0.0
3549,cycle_0091,cycle_0111,cycle_0091,cycle_0111,p2_win,0.0
3550,cycle_0091,cycle_0111,cycle_0091,cycle_0111,p2_win,0.0
3551,cycle_0091,cycle_0111,cycle_0091,cycle_0111,p2_win,0.0
3552,cycle_0091,cycle_0111,cycle_0091,cycle_0111,p1_win,1.0
3553,cycle_0091,cycle_0111,cycle_0091,cycle_0111,p1_win,1.0
3554,cycle_0091,cycle_0111,cycle_0091,cycle_0111,p2_win,0.0
3555,cycle_0091,cycle_0111,cycle_0091,cycle_0111,p2_win,0.0
3556,cycle_0091,cycle_0111,cycle_0111,cycle_0091,p1_win,0.0
3557,cycle_0091,cycle_0111,cycle_0111,cycle_0091,p2_win,1.0
3558,cycle_0091,cycle_0111,cycle_0111,cycle_0091,p1_win,0.0
3559,cycle_0091,cycle_0111,cycle_0111,cycle_0091,p2_win,1.0
3560,cycle_0091,cycle_0111,cycle_0111,cycle_0091,p1_win,0.0
3561,cycle_0091,cycle_0111,cycle_0111,cycle_0091,p1_win,0.0
3562,cycle_0091,cycle_0111,cycle_0111,cycle_0091,p2_win,1.0
3563,cycle_0091,cycle_0111,cycle_0111,cycle_0091,p1_win,0.0
3564,cycle_0091,cycle_0111,cycle_0111,cycle_0091,p2_win,1.0
3565,cycle_0091,cycle_0111,cycle_0111,cycle_0091,p1_win,0.0
3566,cycle_0091,cycle_0111,cycle_0111,cycle_0091,p2_win,1.0
3567,cycle_0091,cycle_0111,cycle_0111,cycle_0091,p1_win,0.0
3568,cycle_0091,cycle_0111,cycle_0111,cycle_0091,p1_win,0.0
3569,cycle_0091,cycle_0111,cycle_0111,cycle_0091,p2_win,1.0
3570,cycle_0091,cycle_0111,cycle_0111,cycle_0091,p1_win,0.0
3571,cycle_0091,cycle_0121,cycle_0091,cycle_0121,p1_win,1.0
3572,cycle_0091,cycle_0121,cycle_0091,cycle_0121,p1_win,1.0
3573,cycle_0091,cycle_0121,cycle_0091,cycle_0121,p2_win,0.0
3574,cycle_0091,cycle_0121,cycle_0091,cycle_0121,p1_win,1.0
3575,cycle_0091,cycle_0121,cycle_0091,cycle_0121,p2_win,0.0
3576,cycle_0091,cycle_0121,cycle_0091,cycle_0121,p1_win,1.0
3577,cycle_0091,cycle_0121,cycle_0091,cycle_0121,p2_win,0.0
3578,cycle_0091,cycle_0121,cycle_0091,cycle_0121,p2_win,0.0
3579,cycle_0091,cycle_0121,cycle_0091,cycle_0121,p2_win,0.0
3580,cycle_0091,cycle_0121,cycle_0091,cycle_0121,p1_win,1.0
3581,cycle_0091,cycle_0121,cycle_0091,cycle_0121,p2_win,0.0
3582,cycle_0091,cycle_0121,cycle_0091,cycle_0121,p2_win,0.0
3583,cycle_0091,cycle_0121,cycle_0091,cycle_0121,p2_win,0.0
3584,cycle_0091,cycle_0121,cycle_0091,cycle_0121,p2_win,0.0
3585,cycle_0091,cycle_0121,cycle_0091,cycle_0121,p2_win,0.0
3586,cycle_0091,cycle_0121,cycle_0121,cycle_0091,p1_win,0.0
3587,cycle_0091,cycle_0121,cycle_0121,cycle_0091,p1_win,0.0
3588,cycle_0091,cycle_0121,cycle_0121,cycle_0091,p1_win,0.0
3589,cycle_0091,cycle_0121,cycle_0121,cycle_0091,p1_win,0.0
3590,cycle_0091,cycle_0121,cycle_0121,cycle_0091,p1_win,0.0
3591,cycle_0091,cycle_0121,cycle_0121,cycle_0091,p1_win,0.0
3592,cycle_0091,cycle_0121,cycle_0121,cycle_0091,p1_win,0.0
3593,cycle_0091,cycle_0121,cycle_0121,cycle_0091,p1_win,0.0
3594,cycle_0091,cycle_0121,cycle_0121,cycle_0091,p1_win,0.0
3595,cycle_0091,cycle_0121,cycle_0121,cycle_0091,p1_win,0.0
3596,cycle_0091,cycle_0121,cycle_0121,cycle_0091,p1_win,0.0
3597,cycle_0091,cycle_0121,cycle_0121,cycle_0091,p2_win,1.0
3598,cycle_0091,cycle_0121,cycle_0121,cycle_0091,p2_win,1.0
3599,cycle_0091,cycle_0121,cycle_0121,cycle_0091,p1_win,0.0
3600,cycle_0091,cycle_0121,cycle_0121,cycle_0091,p1_win,0.0
3601,cycle_0091,cycle_0131,cycle_0091,cycle_0131,p1_win,1.0
3602,cycle_0091,cycle_0131,cycle_0091,cycle_0131,p1_win,1.0
3603,cycle_0091,cycle_0131,cycle_0091,cycle_0131,p2_win,0.0
3604,cycle_0091,cycle_0131,cycle_0091,cycle_0131,p1_win,1.0
3605,cycle_0091,cycle_0131,cycle_0091,cycle_0131,p1_win,1.0
3606,cycle_0091,cycle_0131,cycle_0091,cycle_0131,p1_win,1.0
3607,cycle_0091,cycle_0131,cycle_0091,cycle_0131,p2_win,0.0
3608,cycle_0091,cycle_0131,cycle_0091,cycle_0131,p1_win,1.0
3609,cycle_0091,cycle_0131,cycle_0091,cycle_0131,p1_win,1.0
3610,cycle_0091,cycle_0131,cycle_0091,cycle_0131,p1_win,1.0
3611,cycle_0091,cycle_0131,cycle_0091,cycle_0131,p1_win,1.0
3612,cycle_0091,cycle_0131,cycle_0091,cycle_0131,p1_win,1.0
3613,cycle_0091,cycle_0131,cycle_0091,cycle_0131,p1_win,1.0
3614,cycle_0091,cycle_0131,cycle_0091,cycle_0131,p1_win,1.0
3615,cycle_0091,cycle_0131,cycle_0091,cycle_0131,p1_win,1.0
3616,cycle_0091,cycle_0131,cycle_0131,cycle_0091,p2_win,1.0
3617,cycle_0091,cycle_0131,cycle_0131,cycle_0091,p2_win,1.0
3618,cycle_0091,cycle_0131,cycle_0131,cycle_0091,p2_win,1.0
3619,cycle_0091,cycle_0131,cycle_0131,cycle_0091,p2_win,1.0
3620,cycle_0091,cycle_0131,cycle_0131,cycle_0091,p2_win,1.0
3621,cycle_0091,cycle_0131,cycle_0131,cycle_0091,p2_win,1.0
3622,cycle_0091,cycle_0131,cycle_0131,cycle_0091,p2_win,1.0
3623,cycle_0091,cycle_0131,cycle_0131,cycle_0091,p2_win,1.0
3624,cycle_0091,cycle_0131,cycle_0131,cycle_0091,p1_win,0.0
3625,cycle_0091,cycle_0131,cycle_0131,cycle_0091,p2_win,1.0
3626,cycle_0091,cycle_0131,cycle_0131,cycle_0091,p2_win,1.0
3627,cycle_0091,cycle_0131,cycle_0131,cycle_0091,p2_win,1.0
3628,cycle_0091,cycle_0131,cycle_0131,cycle_0091,p2_win,1.0
3629,cycle_0091,cycle_0131,cycle_0131,cycle_0091,p2_win,1.0
3630,cycle_0091,cycle_0131,cycle_0131,cycle_0091,p2_win,1.0
3631,cycle_0091,cycle_0141,cycle_0091,cycle_0141,p1_win,1.0
3632,cycle_0091,cycle_0141,cycle_0091,cycle_0141,p1_win,1.0
3633,cycle_0091,cycle_0141,cycle_0091,cycle_0141,p1_win,1.0
3634,cycle_0091,cycle_0141,cycle_0091,cycle_0141,p1_win,1.0
3635,cycle_0091,cycle_0141,cycle_0091,cycle_0141,p1_win,1.0
3636,cycle_0091,cycle_0141,cycle_0091,cycle_0141,p1_win,1.0
3637,cycle_0091,cycle_0141,cycle_0091,cycle_0141,p1_win,1.0
3638,cycle_0091,cycle_0141,cycle_0091,cycle_0141,p1_win,1.0
3639,cycle_0091,cycle_0141,cycle_0091,cycle_0141,p1_win,1.0
3640,cycle_0091,cycle_0141,cycle_0091,cycle_0141,p1_win,1.0
3641,cycle_0091,cycle_0141,cycle_0091,cycle_0141,p1_win,1.0
3642,cycle_0091,cycle_0141,cycle_0091,cycle_0141,p1_win,1.0
3643,cycle_0091,cycle_0141,cycle_0091,cycle_0141,p1_win,1.0
3644,cycle_0091,cycle_0141,cycle_0091,cycle_0141,p1_win,1.0
3645,cycle_0091,cycle_0141,cycle_0091,cycle_0141,p1_win,1.0
3646,cycle_0091,cycle_0141,cycle_0141,cycle_0091,p1_win,0.0
3647,cycle_0091,cycle_0141,cycle_0141,cycle_0091,p1_win,0.0
3648,cycle_0091,cycle_0141,cycle_0141,cycle_0091,p1_win,0.0
3649,cycle_0091,cycle_0141,cycle_0141,cycle_0091,p1_win,0.0
3650,cycle_0091,cycle_0141,cycle_0141,cycle_0091,p1_win,0.0
3651,cycle_0091,cycle_0141,cycle_0141,cycle_0091,p1_win,0.0
3652,cycle_0091,cycle_0141,cycle_0141,cycle_0091,p1_win,0.0
3653,cycle_0091,cycle_0141,cycle_0141,cycle_0091,p1_win,0.0
3654,cycle_0091,cycle_0141,cycle_0141,cycle_0091,p1_win,0.0
3655,cycle_0091,cycle_0141,cycle_0141,cycle_0091,p1_win,0.0
3656,cycle_0091,cycle_0141,cycle_0141,cycle_0091,p1_win,0.0
3657,cycle_0091,cycle_0141,cycle_0141,cycle_0091,p1_win,0.0
3658,cycle_0091,cycle_0141,cycle_0141,cycle_0091,p1_win,0.0
3659,cycle_0091,cycle_0141,cycle_0141,cycle_0091,p1_win,0.0
3660,cycle_0091,cycle_0141,cycle_0141,cycle_0091,p1_win,0.0
3661,cycle_0091,models_7x7_v2\best.pt,cycle_0091,models_7x7_v2\best.pt,p2_win,0.0
3662,cycle_0091,models_7x7_v2\best.pt,cycle_0091,models_7x7_v2\best.pt,draw,0.5
3663,cycle_0091,models_7x7_v2\best.pt,cycle_0091,models_7x7_v2\best.pt,p1_win,1.0
3664,cycle_0091,models_7x7_v2\best.pt,cycle_0091,models_7x7_v2\best.pt,p1_win,1.0
3665,cycle_0091,models_7x7_v2\best.pt,cycle_0091,models_7x7_v2\best.pt,p1_win,1.0
3666,cycle_0091,models_7x7_v2\best.pt,cycle_0091,models_7x7_v2\best.pt,p1_win,1.0
3667,cycle_0091,models_7x7_v2\best.pt,cycle_0091,models_7x7_v2\best.pt,p1_win,1.0
3668,cycle_0091,models_7x7_v2\best.pt,cycle_0091,models_7x7_v2\best.pt,p1_win,1.0
3669,cycle_0091,models_7x7_v2\best.pt,cycle_0091,models_7x7_v2\best.pt,p1_win,1.0
3670,cycle_0091,models_7x7_v2\best.pt,cycle_0091,models_7x7_v2\best.pt,p1_win,1.0
3671,cycle_0091,models_7x7_v2\best.pt,cycle_0091,models_7x7_v2\best.pt,p1_win,1.0
3672,cycle_0091,models_7x7_v2\best.pt,cycle_0091,models_7x7_v2\best.pt,p1_win,1.0
3673,cycle_0091,models_7x7_v2\best.pt,cycle_0091,models_7x7_v2\best.pt,p1_win,1.0
3674,cycle_0091,models_7x7_v2\best.pt,cycle_0091,models_7x7_v2\best.pt,p1_win,1.0
3675,cycle_0091,models_7x7_v2\best.pt,cycle_0091,models_7x7_v2\best.pt,p1_win,1.0
3676,cycle_0091,models_7x7_v2\best.pt,models_7x7_v2\best.pt,cycle_0091,p2_win,1.0
3677,cycle_0091,models_7x7_v2\best.pt,models_7x7_v2\best.pt,cycle_0091,p2_win,1.0
3678,cycle_0091,models_7x7_v2\best.pt,models_7x7_v2\best.pt,cycle_0091,p2_win,1.0
3679,cycle_0091,models_7x7_v2\best.pt,models_7x7_v2\best.pt,cycle_0091,p2_win,1.0
3680,cycle_0091,models_7x7_v2\best.pt,models_7x7_v2\best.pt,cycle_0091,p2_win,1.0
3681,cycle_0091,models_7x7_v2\best.pt,models_7x7_v2\best.pt,cycle_0091,p2_win,1.0
3682,cycle_0091,models_7x7_v2\best.pt,models_7x7_v2\best.pt,cycle_0091,p2_win,1.0
3683,cycle_0091,models_7x7_v2\best.pt,models_7x7_v2\best.pt,cycle_0091,p2_win,1.0
3684,cycle_0091,models_7x7_v2\best.pt,models_7x7_v2\best.pt,cycle_0091,p2_win,1.0
3685,cycle_0091,models_7x7_v2\best.pt,models_7x7_v2\best.pt,cycle_0091,p2_win,1.0
3686,cycle_0091,models_7x7_v2\best.pt,models_7x7_v2\best.pt,cycle_0091,p2_win,1.0
3687,cycle_0091,models_7x7_v2\best.pt,models_7x7_v2\best.pt,cycle_0091,p2_win,1.0
3688,cycle_0091,models_7x7_v2\best.pt,models_7x7_v2\best.pt,cycle_0091,p2_win,1.0
3689,cycle_0091,models_7x7_v2\best.pt,models_7x7_v2\best.pt,cycle_0091,p2_win,1.0
3690,cycle_0091,models_7x7_v2\best.pt,models_7x7_v2\best.pt,cycle_0091,p2_win,1.0
3691,cycle_0091,minimax-2,cycle_0091,minimax-2,p1_win,1.0
3692,cycle_0091,minimax-2,cycle_0091,minimax-2,p1_win,1.0
3693,cycle_0091,minimax-2,cycle_0091,minimax-2,p1_win,1.0
3694,cycle_0091,minimax-2,cycle_0091,minimax-2,p1_win,1.0
3695,cycle_0091,minimax-2,cycle_0091,minimax-2,p1_win,1.0
3696,cycle_0091,minimax-2,cycle_0091,minimax-2,p1_win,1.0
3697,cycle_0091,minimax-2,cycle_0091,minimax-2,p1_win,1.0
3698,cycle_0091,minimax-2,cycle_0091,minimax-2,p1_win,1.0
3699,cycle_0091,minimax-2,cycle_0091,minimax-2,p1_win,1.0
3700,cycle_0091,minimax-2,cycle_0091,minimax-2,p1_win,1.0
3701,cycle_0091,minimax-2,cycle_0091,minimax-2,p1_win,1.0
3702,cycle_0091,minimax-2,cycle_0091,minimax-2,p1_win,1.0
3703,cycle_0091,minimax-2,cycle_0091,minimax-2,p1_win,1.0
3704,cycle_0091,minimax-2,cycle_0091,minimax-2,p1_win,1.0
3705,cycle_0091,minimax-2,cycle_0091,minimax-2,p1_win,1.0
3706,cycle_0091,minimax-2,minimax-2,cycle_0091,p2_win,1.0
3707,cycle_0091,minimax-2,minimax-2,cycle_0091,p2_win,1.0
3708,cycle_0091,minimax-2,minimax-2,cycle_0091,p2_win,1.0
3709,cycle_0091,minimax-2,minimax-2,cycle_0091,p2_win,1.0
3710,cycle_0091,minimax-2,minimax-2,cycle_0091,p2_win,1.0
3711,cycle_0091,minimax-2,minimax-2,cycle_0091,p2_win,1.0
3712,cycle_0091,minimax-2,minimax-2,cycle_0091,p2_win,1.0
3713,cycle_0091,minimax-2,minimax-2,cycle_0091,p2_win,1.0
3714,cycle_0091,minimax-2,minimax-2,cycle_0091,p2_win,1.0
3715,cycle_0091,minimax-2,minimax-2,cycle_0091,p2_win,1.0
3716,cycle_0091,minimax-2,minimax-2,cycle_0091,p2_win,1.0
3717,cycle_0091,minimax-2,minimax-2,cycle_0091,p2_win,1.0
3718,cycle_0091,minimax-2,minimax-2,cycle_0091,p2_win,1.0
3719,cycle_0091,minimax-2,minimax-2,cycle_0091,p2_win,1.0
3720,cycle_0091,minimax-2,minimax-2,cycle_0091,p2_win,1.0
3721,cycle_0091,minimax-3,cycle_0091,minimax-3,p2_win,0.0
3722,cycle_0091,minimax-3,cycle_0091,minimax-3,p1_win,1.0
3723,cycle_0091,minimax-3,cycle_0091,minimax-3,p1_win,1.0
3724,cycle_0091,minimax-3,cycle_0091,minimax-3,p1_win,1.0
3725,cycle_0091,minimax-3,cycle_0091,minimax-3,p1_win,1.0
3726,cycle_0091,minimax-3,cycle_0091,minimax-3,p1_win,1.0
3727,cycle_0091,minimax-3,cycle_0091,minimax-3,p1_win,1.0
3728,cycle_0091,minimax-3,cycle_0091,minimax-3,p1_win,1.0
3729,cycle_0091,minimax-3,cycle_0091,minimax-3,p1_win,1.0
3730,cycle_0091,minimax-3,cycle_0091,minimax-3,p1_win,1.0
3731,cycle_0091,minimax-3,cycle_0091,minimax-3,p1_win,1.0
3732,cycle_0091,minimax-3,cycle_0091,minimax-3,p1_win,1.0
3733,cycle_0091,minimax-3,cycle_0091,minimax-3,p1_win,1.0
3734,cycle_0091,minimax-3,cycle_0091,minimax-3,p1_win,1.0
3735,cycle_0091,minimax-3,cycle_0091,minimax-3,p1_win,1.0
3736,cycle_0091,minimax-3,minimax-3,cycle_0091,p2_win,1.0
3737,cycle_0091,minimax-3,minimax-3,cycle_0091,p2_win,1.0
3738,cycle_0091,minimax-3,minimax-3,cycle_0091,p2_win,1.0
3739,cycle_0091,minimax-3,minimax-3,cycle_0091,p2_win,1.0
3740,cycle_0091,minimax-3,minimax-3,cycle_0091,p2_win,1.0
3741,cycle_0091,minimax-3,minimax-3,cycle_0091,p2_win,1.0
3742,cycle_0091,minimax-3,minimax-3,cycle_0091,p2_win,1.0
3743,cycle_0091,minimax-3,minimax-3,cycle_0091,p1_win,0.0
3744,cycle_0091,minimax-3,minimax-3,cycle_0091,p2_win,1.0
3745,cycle_0091,minimax-3,minimax-3,cycle_0091,p2_win,1.0
3746,cycle_0091,minimax-3,minimax-3,cycle_0091,p2_win,1.0
3747,cycle_0091,minimax-3,minimax-3,cycle_0091,p2_win,1.0
3748,cycle_0091,minimax-3,minimax-3,cycle_0091,p2_win,1.0
3749,cycle_0091,minimax-3,minimax-3,cycle_0091,p2_win,1.0
3750,cycle_0091,minimax-3,minimax-3,cycle_0091,p2_win,1.0
3751,cycle_0101,cycle_0111,cycle_0101,cycle_0111,p1_win,1.0
3752,cycle_0101,cycle_0111,cycle_0101,cycle_0111,p1_win,1.0
3753,cycle_0101,cycle_0111,cycle_0101,cycle_0111,p1_win,1.0
3754,cycle_0101,cycle_0111,cycle_0101,cycle_0111,p1_win,1.0
3755,cycle_0101,cycle_0111,cycle_0101,cycle_0111,p1_win,1.0
3756,cycle_0101,cycle_0111,cycle_0101,cycle_0111,p1_win,1.0
3757,cycle_0101,cycle_0111,cycle_0101,cycle_0111,p1_win,1.0
3758,cycle_0101,cycle_0111,cycle_0101,cycle_0111,p2_win,0.0
3759,cycle_0101,cycle_0111,cycle_0101,cycle_0111,p1_win,1.0
3760,cycle_0101,cycle_0111,cycle_0101,cycle_0111,p1_win,1.0
3761,cycle_0101,cycle_0111,cycle_0101,cycle_0111,p1_win,1.0
3762,cycle_0101,cycle_0111,cycle_0101,cycle_0111,p1_win,1.0
3763,cycle_0101,cycle_0111,cycle_0101,cycle_0111,p1_win,1.0
3764,cycle_0101,cycle_0111,cycle_0101,cycle_0111,p1_win,1.0
3765,cycle_0101,cycle_0111,cycle_0101,cycle_0111,p2_win,0.0
3766,cycle_0101,cycle_0111,cycle_0111,cycle_0101,p2_win,1.0
3767,cycle_0101,cycle_0111,cycle_0111,cycle_0101,p2_win,1.0
3768,cycle_0101,cycle_0111,cycle_0111,cycle_0101,p2_win,1.0
3769,cycle_0101,cycle_0111,cycle_0111,cycle_0101,p1_win,0.0
3770,cycle_0101,cycle_0111,cycle_0111,cycle_0101,p2_win,1.0
3771,cycle_0101,cycle_0111,cycle_0111,cycle_0101,p2_win,1.0
3772,cycle_0101,cycle_0111,cycle_0111,cycle_0101,p1_win,0.0
3773,cycle_0101,cycle_0111,cycle_0111,cycle_0101,p1_win,0.0
3774,cycle_0101,cycle_0111,cycle_0111,cycle_0101,p2_win,1.0
3775,cycle_0101,cycle_0111,cycle_0111,cycle_0101,p2_win,1.0
3776,cycle_0101,cycle_0111,cycle_0111,cycle_0101,p2_win,1.0
3777,cycle_0101,cycle_0111,cycle_0111,cycle_0101,p2_win,1.0
3778,cycle_0101,cycle_0111,cycle_0111,cycle_0101,p2_win,1.0
3779,cycle_0101,cycle_0111,cycle_0111,cycle_0101,p2_win,1.0
3780,cycle_0101,cycle_0111,cycle_0111,cycle_0101,p2_win,1.0
3781,cycle_0101,cycle_0121,cycle_0101,cycle_0121,p2_win,0.0
3782,cycle_0101,cycle_0121,cycle_0101,cycle_0121,p2_win,0.0
3783,cycle_0101,cycle_0121,cycle_0101,cycle_0121,p2_win,0.0
3784,cycle_0101,cycle_0121,cycle_0101,cycle_0121,p2_win,0.0
3785,cycle_0101,cycle_0121,cycle_0101,cycle_0121,p2_win,0.0
3786,cycle_0101,cycle_0121,cycle_0101,cycle_0121,p2_win,0.0
3787,cycle_0101,cycle_0121,cycle_0101,cycle_0121,p2_win,0.0
3788,cycle_0101,cycle_0121,cycle_0101,cycle_0121,p2_win,0.0
3789,cycle_0101,cycle_0121,cycle_0101,cycle_0121,p2_win,0.0
3790,cycle_0101,cycle_0121,cycle_0101,cycle_0121,p2_win,0.0
3791,cycle_0101,cycle_0121,cycle_0101,cycle_0121,p2_win,0.0
3792,cycle_0101,cycle_0121,cycle_0101,cycle_0121,p2_win,0.0
3793,cycle_0101,cycle_0121,cycle_0101,cycle_0121,p2_win,0.0
3794,cycle_0101,cycle_0121,cycle_0101,cycle_0121,p2_win,0.0
3795,cycle_0101,cycle_0121,cycle_0101,cycle_0121,p1_win,1.0
3796,cycle_0101,cycle_0121,cycle_0121,cycle_0101,p1_win,0.0
3797,cycle_0101,cycle_0121,cycle_0121,cycle_0101,p1_win,0.0
3798,cycle_0101,cycle_0121,cycle_0121,cycle_0101,p1_win,0.0
3799,cycle_0101,cycle_0121,cycle_0121,cycle_0101,p1_win,0.0
3800,cycle_0101,cycle_0121,cycle_0121,cycle_0101,p1_win,0.0
3801,cycle_0101,cycle_0121,cycle_0121,cycle_0101,p1_win,0.0
3802,cycle_0101,cycle_0121,cycle_0121,cycle_0101,p1_win,0.0
3803,cycle_0101,cycle_0121,cycle_0121,cycle_0101,p2_win,1.0
3804,cycle_0101,cycle_0121,cycle_0121,cycle_0101,p1_win,0.0
3805,cycle_0101,cycle_0121,cycle_0121,cycle_0101,p1_win,0.0
3806,cycle_0101,cycle_0121,cycle_0121,cycle_0101,p1_win,0.0
3807,cycle_0101,cycle_0121,cycle_0121,cycle_0101,p1_win,0.0
3808,cycle_0101,cycle_0121,cycle_0121,cycle_0101,p1_win,0.0
3809,cycle_0101,cycle_0121,cycle_0121,cycle_0101,p1_win,0.0
3810,cycle_0101,cycle_0121,cycle_0121,cycle_0101,p1_win,0.0
3811,cycle_0101,cycle_0131,cycle_0101,cycle_0131,p1_win,1.0
3812,cycle_0101,cycle_0131,cycle_0101,cycle_0131,p2_win,0.0
3813,cycle_0101,cycle_0131,cycle_0101,cycle_0131,p2_win,0.0
3814,cycle_0101,cycle_0131,cycle_0101,cycle_0131,p1_win,1.0
3815,cycle_0101,cycle_0131,cycle_0101,cycle_0131,p1_win,1.0
3816,cycle_0101,cycle_0131,cycle_0101,cycle_0131,p1_win,1.0
3817,cycle_0101,cycle_0131,cycle_0101,cycle_0131,p1_win,1.0
3818,cycle_0101,cycle_0131,cycle_0101,cycle_0131,p2_win,0.0
3819,cycle_0101,cycle_0131,cycle_0101,cycle_0131,p2_win,0.0
3820,cycle_0101,cycle_0131,cycle_0101,cycle_0131,p1_win,1.0
3821,cycle_0101,cycle_0131,cycle_0101,cycle_0131,p2_win,0.0
3822,cycle_0101,cycle_0131,cycle_0101,cycle_0131,p1_win,1.0
3823,cycle_0101,cycle_0131,cycle_0101,cycle_0131,p2_win,0.0
3824,cycle_0101,cycle_0131,cycle_0101,cycle_0131,p2_win,0.0
3825,cycle_0101,cycle_0131,cycle_0101,cycle_0131,p1_win,1.0
3826,cycle_0101,cycle_0131,cycle_0131,cycle_0101,p2_win,1.0
3827,cycle_0101,cycle_0131,cycle_0131,cycle_0101,p1_win,0.0
3828,cycle_0101,cycle_0131,cycle_0131,cycle_0101,p2_win,1.0
3829,cycle_0101,cycle_0131,cycle_0131,cycle_0101,p2_win,1.0
3830,cycle_0101,cycle_0131,cycle_0131,cycle_0101,p2_win,1.0
3831,cycle_0101,cycle_0131,cycle_0131,cycle_0101,p1_win,0.0
3832,cycle_0101,cycle_0131,cycle_0131,cycle_0101,p1_win,0.0
3833,cycle_0101,cycle_0131,cycle_0131,cycle_0101,p1_win,0.0
3834,cycle_0101,cycle_0131,cycle_0131,cycle_0101,p2_win,1.0
3835,cycle_0101,cycle_0131,cycle_0131,cycle_0101,p2_win,1.0
3836,cycle_0101,cycle_0131,cycle_0131,cycle_0101,p2_win,1.0
3837,cycle_0101,cycle_0131,cycle_0131,cycle_0101,p2_win,1.0
3838,cycle_0101,cycle_0131,cycle_0131,cycle_0101,p2_win,1.0
3839,cycle_0101,cycle_0131,cycle_0131,cycle_0101,p2_win,1.0
3840,cycle_0101,cycle_0131,cycle_0131,cycle_0101,p2_win,1.0
3841,cycle_0101,cycle_0141,cycle_0101,cycle_0141,p1_win,1.0
3842,cycle_0101,cycle_0141,cycle_0101,cycle_0141,p1_win,1.0
3843,cycle_0101,cycle_0141,cycle_0101,cycle_0141,p2_win,0.0
3844,cycle_0101,cycle_0141,cycle_0101,cycle_0141,p2_win,0.0
3845,cycle_0101,cycle_0141,cycle_0101,cycle_0141,p1_win,1.0
3846,cycle_0101,cycle_0141,cycle_0101,cycle_0141,p1_win,1.0
3847,cycle_0101,cycle_0141,cycle_0101,cycle_0141,p2_win,0.0
3848,cycle_0101,cycle_0141,cycle_0101,cycle_0141,p1_win,1.0
3849,cycle_0101,cycle_0141,cycle_0101,cycle_0141,p1_win,1.0
3850,cycle_0101,cycle_0141,cycle_0101,cycle_0141,p1_win,1.0
3851,cycle_0101,cycle_0141,cycle_0101,cycle_0141,p1_win,1.0
3852,cycle_0101,cycle_0141,cycle_0101,cycle_0141,p2_win,0.0
3853,cycle_0101,cycle_0141,cycle_0101,cycle_0141,p1_win,1.0
3854,cycle_0101,cycle_0141,cycle_0101,cycle_0141,draw,0.5
3855,cycle_0101,cycle_0141,cycle_0101,cycle_0141,p2_win,0.0
3856,cycle_0101,cycle_0141,cycle_0141,cycle_0101,p1_win,0.0
3857,cycle_0101,cycle_0141,cycle_0141,cycle_0101,p1_win,0.0
3858,cycle_0101,cycle_0141,cycle_0141,cycle_0101,p1_win,0.0
3859,cycle_0101,cycle_0141,cycle_0141,cycle_0101,p1_win,0.0
3860,cycle_0101,cycle_0141,cycle_0141,cycle_0101,p1_win,0.0
3861,cycle_0101,cycle_0141,cycle_0141,cycle_0101,p1_win,0.0
3862,cycle_0101,cycle_0141,cycle_0141,cycle_0101,p1_win,0.0
3863,cycle_0101,cycle_0141,cycle_0141,cycle_0101,p1_win,0.0
3864,cycle_0101,cycle_0141,cycle_0141,cycle_0101,p1_win,0.0
3865,cycle_0101,cycle_0141,cycle_0141,cycle_0101,p1_win,0.0
3866,cycle_0101,cycle_0141,cycle_0141,cycle_0101,p1_win,0.0
3867,cycle_0101,cycle_0141,cycle_0141,cycle_0101,p1_win,0.0
3868,cycle_0101,cycle_0141,cycle_0141,cycle_0101,p1_win,0.0
3869,cycle_0101,cycle_0141,cycle_0141,cycle_0101,p1_win,0.0
3870,cycle_0101,cycle_0141,cycle_0141,cycle_0101,p1_win,0.0
3871,cycle_0101,models_7x7_v2\best.pt,cycle_0101,models_7x7_v2\best.pt,p1_win,1.0
3872,cycle_0101,models_7x7_v2\best.pt,cycle_0101,models_7x7_v2\best.pt,p1_win,1.0
3873,cycle_0101,models_7x7_v2\best.pt,cycle_0101,models_7x7_v2\best.pt,p1_win,1.0
3874,cycle_0101,models_7x7_v2\best.pt,cycle_0101,models_7x7_v2\best.pt,p1_win,1.0
3875,cycle_0101,models_7x7_v2\best.pt,cycle_0101,models_7x7_v2\best.pt,p1_win,1.0
3876,cycle_0101,models_7x7_v2\best.pt,cycle_0101,models_7x7_v2\best.pt,p1_win,1.0
3877,cycle_0101,models_7x7_v2\best.pt,cycle_0101,models_7x7_v2\best.pt,p1_win,1.0
3878,cycle_0101,models_7x7_v2\best.pt,cycle_0101,models_7x7_v2\best.pt,p1_win,1.0
3879,cycle_0101,models_7x7_v2\best.pt,cycle_0101,models_7x7_v2\best.pt,p1_win,1.0
3880,cycle_0101,models_7x7_v2\best.pt,cycle_0101,models_7x7_v2\best.pt,p1_win,1.0
3881,cycle_0101,models_7x7_v2\best.pt,cycle_0101,models_7x7_v2\best.pt,p1_win,1.0
3882,cycle_0101,models_7x7_v2\best.pt,cycle_0101,models_7x7_v2\best.pt,p1_win,1.0
3883,cycle_0101,models_7x7_v2\best.pt,cycle_0101,models_7x7_v2\best.pt,p1_win,1.0
3884,cycle_0101,models_7x7_v2\best.pt,cycle_0101,models_7x7_v2\best.pt,p1_win,1.0
3885,cycle_0101,models_7x7_v2\best.pt,cycle_0101,models_7x7_v2\best.pt,p1_win,1.0
3886,cycle_0101,models_7x7_v2\best.pt,models_7x7_v2\best.pt,cycle_0101,p2_win,1.0
3887,cycle_0101,models_7x7_v2\best.pt,models_7x7_v2\best.pt,cycle_0101,p2_win,1.0
3888,cycle_0101,models_7x7_v2\best.pt,models_7x7_v2\best.pt,cycle_0101,p2_win,1.0
3889,cycle_0101,models_7x7_v2\best.pt,models_7x7_v2\best.pt,cycle_0101,p2_win,1.0
3890,cycle_0101,models_7x7_v2\best.pt,models_7x7_v2\best.pt,cycle_0101,p1_win,0.0
3891,cycle_0101,models_7x7_v2\best.pt,models_7x7_v2\best.pt,cycle_0101,p2_win,1.0
3892,cycle_0101,models_7x7_v2\best.pt,models_7x7_v2\best.pt,cycle_0101,p2_win,1.0
3893,cycle_0101,models_7x7_v2\best.pt,models_7x7_v2\best.pt,cycle_0101,p2_win,1.0
3894,cycle_0101,models_7x7_v2\best.pt,models_7x7_v2\best.pt,cycle_0101,p2_win,1.0
3895,cycle_0101,models_7x7_v2\best.pt,models_7x7_v2\best.pt,cycle_0101,p2_win,1.0
3896,cycle_0101,models_7x7_v2\best.pt,models_7x7_v2\best.pt,cycle_0101,p2_win,1.0
3897,cycle_0101,models_7x7_v2\best.pt,models_7x7_v2\best.pt,cycle_0101,p1_win,0.0
3898,cycle_0101,models_7x7_v2\best.pt,models_7x7_v2\best.pt,cycle_0101,p2_win,1.0
3899,cycle_0101,models_7x7_v2\best.pt,models_7x7_v2\best.pt,cycle_0101,p2_win,1.0
3900,cycle_0101,models_7x7_v2\best.pt,models_7x7_v2\best.pt,cycle_0101,p2_win,1.0
3901,cycle_0101,minimax-2,cycle_0101,minimax-2,p2_win,0.0
3902,cycle_0101,minimax-2,cycle_0101,minimax-2,p1_win,1.0
3903,cycle_0101,minimax-2,cycle_0101,minimax-2,p1_win,1.0
3904,cycle_0101,minimax-2,cycle_0101,minimax-2,p1_win,1.0
3905,cycle_0101,minimax-2,cycle_0101,minimax-2,p1_win,1.0
3906,cycle_0101,minimax-2,cycle_0101,minimax-2,p1_win,1.0
3907,cycle_0101,minimax-2,cycle_0101,minimax-2,p1_win,1.0
3908,cycle_0101,minimax-2,cycle_0101,minimax-2,p1_win,1.0
3909,cycle_0101,minimax-2,cycle_0101,minimax-2,p1_win,1.0
3910,cycle_0101,minimax-2,cycle_0101,minimax-2,p2_win,0.0
3911,cycle_0101,minimax-2,cycle_0101,minimax-2,p1_win,1.0
3912,cycle_0101,minimax-2,cycle_0101,minimax-2,p1_win,1.0
3913,cycle_0101,minimax-2,cycle_0101,minimax-2,p1_win,1.0
3914,cycle_0101,minimax-2,cycle_0101,minimax-2,p1_win,1.0
3915,cycle_0101,minimax-2,cycle_0101,minimax-2,p1_win,1.0
3916,cycle_0101,minimax-2,minimax-2,cycle_0101,p2_win,1.0
3917,cycle_0101,minimax-2,minimax-2,cycle_0101,p2_win,1.0
3918,cycle_0101,minimax-2,minimax-2,cycle_0101,p2_win,1.0
3919,cycle_0101,minimax-2,minimax-2,cycle_0101,p2_win,1.0
3920,cycle_0101,minimax-2,minimax-2,cycle_0101,p2_win,1.0
3921,cycle_0101,minimax-2,minimax-2,cycle_0101,p2_win,1.0
3922,cycle_0101,minimax-2,minimax-2,cycle_0101,p2_win,1.0
3923,cycle_0101,minimax-2,minimax-2,cycle_0101,p2_win,1.0
3924,cycle_0101,minimax-2,minimax-2,cycle_0101,p2_win,1.0
3925,cycle_0101,minimax-2,minimax-2,cycle_0101,p2_win,1.0
3926,cycle_0101,minimax-2,minimax-2,cycle_0101,p2_win,1.0
3927,cycle_0101,minimax-2,minimax-2,cycle_0101,p2_win,1.0
3928,cycle_0101,minimax-2,minimax-2,cycle_0101,p2_win,1.0
3929,cycle_0101,minimax-2,minimax-2,cycle_0101,p2_win,1.0
3930,cycle_0101,minimax-2,minimax-2,cycle_0101,p2_win,1.0
3931,cycle_0101,minimax-3,cycle_0101,minimax-3,p1_win,1.0
3932,cycle_0101,minimax-3,cycle_0101,minimax-3,p2_win,0.0
3933,cycle_0101,minimax-3,cycle_0101,minimax-3,p2_win,0.0
3934,cycle_0101,minimax-3,cycle_0101,minimax-3,p1_win,1.0
3935,cycle_0101,minimax-3,cycle_0101,minimax-3,p1_win,1.0
3936,cycle_0101,minimax-3,cycle_0101,minimax-3,p1_win,1.0
3937,cycle_0101,minimax-3,cycle_0101,minimax-3,p1_win,1.0
3938,cycle_0101,minimax-3,cycle_0101,minimax-3,p1_win,1.0
3939,cycle_0101,minimax-3,cycle_0101,minimax-3,p1_win,1.0
3940,cycle_0101,minimax-3,cycle_0101,minimax-3,p1_win,1.0
3941,cycle_0101,minimax-3,cycle_0101,minimax-3,p1_win,1.0
3942,cycle_0101,minimax-3,cycle_0101,minimax-3,p1_win,1.0
3943,cycle_0101,minimax-3,cycle_0101,minimax-3,p1_win,1.0
3944,cycle_0101,minimax-3,cycle_0101,minimax-3,p1_win,1.0
3945,cycle_0101,minimax-3,cycle_0101,minimax-3,p1_win,1.0
3946,cycle_0101,minimax-3,minimax-3,cycle_0101,p2_win,1.0
3947,cycle_0101,minimax-3,minimax-3,cycle_0101,p2_win,1.0
3948,cycle_0101,minimax-3,minimax-3,cycle_0101,p2_win,1.0
3949,cycle_0101,minimax-3,minimax-3,cycle_0101,p2_win,1.0
3950,cycle_0101,minimax-3,minimax-3,cycle_0101,p2_win,1.0
3951,cycle_0101,minimax-3,minimax-3,cycle_0101,p2_win,1.0
3952,cycle_0101,minimax-3,minimax-3,cycle_0101,p2_win,1.0
3953,cycle_0101,minimax-3,minimax-3,cycle_0101,p2_win,1.0
3954,cycle_0101,minimax-3,minimax-3,cycle_0101,p2_win,1.0
3955,cycle_0101,minimax-3,minimax-3,cycle_0101,p2_win,1.0
3956,cycle_0101,minimax-3,minimax-3,cycle_0101,p2_win,1.0
3957,cycle_0101,minimax-3,minimax-3,cycle_0101,p2_win,1.0
3958,cycle_0101,minimax-3,minimax-3,cycle_0101,p2_win,1.0
3959,cycle_0101,minimax-3,minimax-3,cycle_0101,p2_win,1.0
3960,cycle_0101,minimax-3,minimax-3,cycle_0101,p2_win,1.0
3961,cycle_0111,cycle_0121,cycle_0111,cycle_0121,p2_win,0.0
3962,cycle_0111,cycle_0121,cycle_0111,cycle_0121,p2_win,0.0
3963,cycle_0111,cycle_0121,cycle_0111,cycle_0121,p1_win,1.0
3964,cycle_0111,cycle_0121,cycle_0111,cycle_0121,p2_win,0.0
3965,cycle_0111,cycle_0121,cycle_0111,cycle_0121,p1_win,1.0
3966,cycle_0111,cycle_0121,cycle_0111,cycle_0121,p1_win,1.0
3967,cycle_0111,cycle_0121,cycle_0111,cycle_0121,p1_win,1.0
3968,cycle_0111,cycle_0121,cycle_0111,cycle_0121,p1_win,1.0
3969,cycle_0111,cycle_0121,cycle_0111,cycle_0121,p1_win,1.0
3970,cycle_0111,cycle_0121,cycle_0111,cycle_0121,p1_win,1.0
3971,cycle_0111,cycle_0121,cycle_0111,cycle_0121,p2_win,0.0
3972,cycle_0111,cycle_0121,cycle_0111,cycle_0121,p1_win,1.0
3973,cycle_0111,cycle_0121,cycle_0111,cycle_0121,p2_win,0.0
3974,cycle_0111,cycle_0121,cycle_0111,cycle_0121,p1_win,1.0
3975,cycle_0111,cycle_0121,cycle_0111,cycle_0121,p1_win,1.0
3976,cycle_0111,cycle_0121,cycle_0121,cycle_0111,p1_win,0.0
3977,cycle_0111,cycle_0121,cycle_0121,cycle_0111,p1_win,0.0
3978,cycle_0111,cycle_0121,cycle_0121,cycle_0111,p1_win,0.0
3979,cycle_0111,cycle_0121,cycle_0121,cycle_0111,p1_win,0.0
3980,cycle_0111,cycle_0121,cycle_0121,cycle_0111,p2_win,1.0
3981,cycle_0111,cycle_0121,cycle_0121,cycle_0111,p2_win,1.0
3982,cycle_0111,cycle_0121,cycle_0121,cycle_0111,p1_win,0.0
3983,cycle_0111,cycle_0121,cycle_0121,cycle_0111,p1_win,0.0
3984,cycle_0111,cycle_0121,cycle_0121,cycle_0111,p2_win,1.0
3985,cycle_0111,cycle_0121,cycle_0121,cycle_0111,p1_win,0.0
3986,cycle_0111,cycle_0121,cycle_0121,cycle_0111,p1_win,0.0
3987,cycle_0111,cycle_0121,cycle_0121,cycle_0111,p2_win,1.0
3988,cycle_0111,cycle_0121,cycle_0121,cycle_0111,p1_win,0.0
3989,cycle_0111,cycle_0121,cycle_0121,cycle_0111,p1_win,0.0
3990,cycle_0111,cycle_0121,cycle_0121,cycle_0111,p1_win,0.0
3991,cycle_0111,cycle_0131,cycle_0111,cycle_0131,p1_win,1.0
3992,cycle_0111,cycle_0131,cycle_0111,cycle_0131,p1_win,1.0
3993,cycle_0111,cycle_0131,cycle_0111,cycle_0131,p1_win,1.0
3994,cycle_0111,cycle_0131,cycle_0111,cycle_0131,p1_win,1.0
3995,cycle_0111,cycle_0131,cycle_0111,cycle_0131,p1_win,1.0
3996,cycle_0111,cycle_0131,cycle_0111,cycle_0131,p1_win,1.0
3997,cycle_0111,cycle_0131,cycle_0111,cycle_0131,p1_win,1.0
3998,cycle_0111,cycle_0131,cycle_0111,cycle_0131,p1_win,1.0
3999,cycle_0111,cycle_0131,cycle_0111,cycle_0131,p1_win,1.0
4000,cycle_0111,cycle_0131,cycle_0111,cycle_0131,p1_win,1.0
4001,cycle_0111,cycle_0131,cycle_0111,cycle_0131,p1_win,1.0
4002,cycle_0111,cycle_0131,cycle_0111,cycle_0131,p1_win,1.0
4003,cycle_0111,cycle_0131,cycle_0111,cycle_0131,p2_win,0.0
4004,cycle_0111,cycle_0131,cycle_0111,cycle_0131,p1_win,1.0
4005,cycle_0111,cycle_0131,cycle_0111,cycle_0131,p1_win,1.0
4006,cycle_0111,cycle_0131,cycle_0131,cycle_0111,p1_win,0.0
4007,cycle_0111,cycle_0131,cycle_0131,cycle_0111,p2_win,1.0
4008,cycle_0111,cycle_0131,cycle_0131,cycle_0111,p1_win,0.0
4009,cycle_0111,cycle_0131,cycle_0131,cycle_0111,p2_win,1.0
4010,cycle_0111,cycle_0131,cycle_0131,cycle_0111,p1_win,0.0
4011,cycle_0111,cycle_0131,cycle_0131,cycle_0111,p1_win,0.0
4012,cycle_0111,cycle_0131,cycle_0131,cycle_0111,p1_win,0.0
4013,cycle_0111,cycle_0131,cycle_0131,cycle_0111,p2_win,1.0
4014,cycle_0111,cycle_0131,cycle_0131,cycle_0111,p2_win,1.0
4015,cycle_0111,cycle_0131,cycle_0131,cycle_0111,p1_win,0.0
4016,cycle_0111,cycle_0131,cycle_0131,cycle_0111,p1_win,0.0
4017,cycle_0111,cycle_0131,cycle_0131,cycle_0111,p2_win,1.0
4018,cycle_0111,cycle_0131,cycle_0131,cycle_0111,p1_win,0.0
4019,cycle_0111,cycle_0131,cycle_0131,cycle_0111,p1_win,0.0
4020,cycle_0111,cycle_0131,cycle_0131,cycle_0111,p2_win,1.0
4021,cycle_0111,cycle_0141,cycle_0111,cycle_0141,p2_win,0.0
4022,cycle_0111,cycle_0141,cycle_0111,cycle_0141,p2_win,0.0
4023,cycle_0111,cycle_0141,cycle_0111,cycle_0141,p2_win,0.0
4024,cycle_0111,cycle_0141,cycle_0111,cycle_0141,p1_win,1.0
4025,cycle_0111,cycle_0141,cycle_0111,cycle_0141,p1_win,1.0
4026,cycle_0111,cycle_0141,cycle_0111,cycle_0141,p1_win,1.0
4027,cycle_0111,cycle_0141,cycle_0111,cycle_0141,p1_win,1.0
4028,cycle_0111,cycle_0141,cycle_0111,cycle_0141,p1_win,1.0
4029,cycle_0111,cycle_0141,cycle_0111,cycle_0141,p2_win,0.0
4030,cycle_0111,cycle_0141,cycle_0111,cycle_0141,p1_win,1.0
4031,cycle_0111,cycle_0141,cycle_0111,cycle_0141,p2_win,0.0
4032,cycle_0111,cycle_0141,cycle_0111,cycle_0141,p1_win,1.0
4033,cycle_0111,cycle_0141,cycle_0111,cycle_0141,p1_win,1.0
4034,cycle_0111,cycle_0141,cycle_0111,cycle_0141,p1_win,1.0
4035,cycle_0111,cycle_0141,cycle_0111,cycle_0141,p2_win,0.0
4036,cycle_0111,cycle_0141,cycle_0141,cycle_0111,p2_win,1.0
4037,cycle_0111,cycle_0141,cycle_0141,cycle_0111,p2_win,1.0
4038,cycle_0111,cycle_0141,cycle_0141,cycle_0111,p1_win,0.0
4039,cycle_0111,cycle_0141,cycle_0141,cycle_0111,p1_win,0.0
4040,cycle_0111,cycle_0141,cycle_0141,cycle_0111,p2_win,1.0
4041,cycle_0111,cycle_0141,cycle_0141,cycle_0111,p1_win,0.0
4042,cycle_0111,cycle_0141,cycle_0141,cycle_0111,p1_win,0.0
4043,cycle_0111,cycle_0141,cycle_0141,cycle_0111,p2_win,1.0
4044,cycle_0111,cycle_0141,cycle_0141,cycle_0111,p1_win,0.0
4045,cycle_0111,cycle_0141,cycle_0141,cycle_0111,p2_win,1.0
4046,cycle_0111,cycle_0141,cycle_0141,cycle_0111,p1_win,0.0
4047,cycle_0111,cycle_0141,cycle_0141,cycle_0111,p1_win,0.0
4048,cycle_0111,cycle_0141,cycle_0141,cycle_0111,p2_win,1.0
4049,cycle_0111,cycle_0141,cycle_0141,cycle_0111,p1_win,0.0
4050,cycle_0111,cycle_0141,cycle_0141,cycle_0111,p1_win,0.0
4051,cycle_0111,models_7x7_v2\best.pt,cycle_0111,models_7x7_v2\best.pt,p1_win,1.0
4052,cycle_0111,models_7x7_v2\best.pt,cycle_0111,models_7x7_v2\best.pt,p1_win,1.0
4053,cycle_0111,models_7x7_v2\best.pt,cycle_0111,models_7x7_v2\best.pt,p1_win,1.0
4054,cycle_0111,models_7x7_v2\best.pt,cycle_0111,models_7x7_v2\best.pt,p1_win,1.0
4055,cycle_0111,models_7x7_v2\best.pt,cycle_0111,models_7x7_v2\best.pt,p1_win,1.0
4056,cycle_0111,models_7x7_v2\best.pt,cycle_0111,models_7x7_v2\best.pt,p1_win,1.0
4057,cycle_0111,models_7x7_v2\best.pt,cycle_0111,models_7x7_v2\best.pt,p1_win,1.0
4058,cycle_0111,models_7x7_v2\best.pt,cycle_0111,models_7x7_v2\best.pt,p1_win,1.0
4059,cycle_0111,models_7x7_v2\best.pt,cycle_0111,models_7x7_v2\best.pt,p1_win,1.0
4060,cycle_0111,models_7x7_v2\best.pt,cycle_0111,models_7x7_v2\best.pt,p1_win,1.0
4061,cycle_0111,models_7x7_v2\best.pt,cycle_0111,models_7x7_v2\best.pt,p1_win,1.0
4062,cycle_0111,models_7x7_v2\best.pt,cycle_0111,models_7x7_v2\best.pt,p1_win,1.0
4063,cycle_0111,models_7x7_v2\best.pt,cycle_0111,models_7x7_v2\best.pt,p1_win,1.0
4064,cycle_0111,models_7x7_v2\best.pt,cycle_0111,models_7x7_v2\best.pt,p1_win,1.0
4065,cycle_0111,models_7x7_v2\best.pt,cycle_0111,models_7x7_v2\best.pt,p1_win,1.0
4066,cycle_0111,models_7x7_v2\best.pt,models_7x7_v2\best.pt,cycle_0111,p2_win,1.0
4067,cycle_0111,models_7x7_v2\best.pt,models_7x7_v2\best.pt,cycle_0111,p2_win,1.0
4068,cycle_0111,models_7x7_v2\best.pt,models_7x7_v2\best.pt,cycle_0111,p2_win,1.0
4069,cycle_0111,models_7x7_v2\best.pt,models_7x7_v2\best.pt,cycle_0111,p2_win,1.0
4070,cycle_0111,models_7x7_v2\best.pt,models_7x7_v2\best.pt,cycle_0111,p2_win,1.0
4071,cycle_0111,models_7x7_v2\best.pt,models_7x7_v2\best.pt,cycle_0111,p2_win,1.0
4072,cycle_0111,models_7x7_v2\best.pt,models_7x7_v2\best.pt,cycle_0111,p2_win,1.0
4073,cycle_0111,models_7x7_v2\best.pt,models_7x7_v2\best.pt,cycle_0111,p2_win,1.0
4074,cycle_0111,models_7x7_v2\best.pt,models_7x7_v2\best.pt,cycle_0111,p2_win,1.0
4075,cycle_0111,models_7x7_v2\best.pt,models_7x7_v2\best.pt,cycle_0111,p2_win,1.0
4076,cycle_0111,models_7x7_v2\best.pt,models_7x7_v2\best.pt,cycle_0111,p2_win,1.0
4077,cycle_0111,models_7x7_v2\best.pt,models_7x7_v2\best.pt,cycle_0111,p2_win,1.0
4078,cycle_0111,models_7x7_v2\best.pt,models_7x7_v2\best.pt,cycle_0111,p2_win,1.0
4079,cycle_0111,models_7x7_v2\best.pt,models_7x7_v2\best.pt,cycle_0111,p2_win,1.0
4080,cycle_0111,models_7x7_v2\best.pt,models_7x7_v2\best.pt,cycle_0111,p2_win,1.0
4081,cycle_0111,minimax-2,cycle_0111,minimax-2,p1_win,1.0
4082,cycle_0111,minimax-2,cycle_0111,minimax-2,p1_win,1.0
4083,cycle_0111,minimax-2,cycle_0111,minimax-2,p1_win,1.0
4084,cycle_0111,minimax-2,cycle_0111,minimax-2,p1_win,1.0
4085,cycle_0111,minimax-2,cycle_0111,minimax-2,p1_win,1.0
4086,cycle_0111,minimax-2,cycle_0111,minimax-2,p1_win,1.0
4087,cycle_0111,minimax-2,cycle_0111,minimax-2,p2_win,0.0
4088,cycle_0111,minimax-2,cycle_0111,minimax-2,p1_win,1.0
4089,cycle_0111,minimax-2,cycle_0111,minimax-2,p1_win,1.0
4090,cycle_0111,minimax-2,cycle_0111,minimax-2,p1_win,1.0
4091,cycle_0111,minimax-2,cycle_0111,minimax-2,p1_win,1.0
4092,cycle_0111,minimax-2,cycle_0111,minimax-2,p1_win,1.0
4093,cycle_0111,minimax-2,cycle_0111,minimax-2,p1_win,1.0
4094,cycle_0111,minimax-2,cycle_0111,minimax-2,p1_win,1.0
4095,cycle_0111,minimax-2,cycle_0111,minimax-2,p1_win,1.0
4096,cycle_0111,minimax-2,minimax-2,cycle_0111,p2_win,1.0
4097,cycle_0111,minimax-2,minimax-2,cycle_0111,p2_win,1.0
4098,cycle_0111,minimax-2,minimax-2,cycle_0111,p2_win,1.0
4099,cycle_0111,minimax-2,minimax-2,cycle_0111,p2_win,1.0
4100,cycle_0111,minimax-2,minimax-2,cycle_0111,p2_win,1.0
4101,cycle_0111,minimax-2,minimax-2,cycle_0111,p2_win,1.0
4102,cycle_0111,minimax-2,minimax-2,cycle_0111,p2_win,1.0
4103,cycle_0111,minimax-2,minimax-2,cycle_0111,p2_win,1.0
4104,cycle_0111,minimax-2,minimax-2,cycle_0111,p2_win,1.0
4105,cycle_0111,minimax-2,minimax-2,cycle_0111,p2_win,1.0
4106,cycle_0111,minimax-2,minimax-2,cycle_0111,p2_win,1.0
4107,cycle_0111,minimax-2,minimax-2,cycle_0111,p2_win,1.0
4108,cycle_0111,minimax-2,minimax-2,cycle_0111,p2_win,1.0
4109,cycle_0111,minimax-2,minimax-2,cycle_0111,p2_win,1.0
4110,cycle_0111,minimax-2,minimax-2,cycle_0111,p2_win,1.0
4111,cycle_0111,minimax-3,cycle_0111,minimax-3,p1_win,1.0
4112,cycle_0111,minimax-3,cycle_0111,minimax-3,p1_win,1.0
4113,cycle_0111,minimax-3,cycle_0111,minimax-3,p1_win,1.0
4114,cycle_0111,minimax-3,cycle_0111,minimax-3,p1_win,1.0
4115,cycle_0111,minimax-3,cycle_0111,minimax-3,p1_win,1.0
4116,cycle_0111,minimax-3,cycle_0111,minimax-3,p1_win,1.0
4117,cycle_0111,minimax-3,cycle_0111,minimax-3,p1_win,1.0
4118,cycle_0111,minimax-3,cycle_0111,minimax-3,p1_win,1.0
4119,cycle_0111,minimax-3,cycle_0111,minimax-3,p1_win,1.0
4120,cycle_0111,minimax-3,cycle_0111,minimax-3,p1_win,1.0
4121,cycle_0111,minimax-3,cycle_0111,minimax-3,p1_win,1.0
4122,cycle_0111,minimax-3,cycle_0111,minimax-3,p1_win,1.0
4123,cycle_0111,minimax-3,cycle_0111,minimax-3,p1_win,1.0
4124,cycle_0111,minimax-3,cycle_0111,minimax-3,p1_win,1.0
4125,cycle_0111,minimax-3,cycle_0111,minimax-3,p1_win,1.0
4126,cycle_0111,minimax-3,minimax-3,cycle_0111,p2_win,1.0
4127,cycle_0111,minimax-3,minimax-3,cycle_0111,p2_win,1.0
4128,cycle_0111,minimax-3,minimax-3,cycle_0111,p2_win,1.0
4129,cycle_0111,minimax-3,minimax-3,cycle_0111,p2_win,1.0
4130,cycle_0111,minimax-3,minimax-3,cycle_0111,p2_win,1.0
4131,cycle_0111,minimax-3,minimax-3,cycle_0111,p2_win,1.0
4132,cycle_0111,minimax-3,minimax-3,cycle_0111,p2_win,1.0
4133,cycle_0111,minimax-3,minimax-3,cycle_0111,p2_win,1.0
4134,cycle_0111,minimax-3,minimax-3,cycle_0111,p2_win,1.0
4135,cycle_0111,minimax-3,minimax-3,cycle_0111,p2_win,1.0
4136,cycle_0111,minimax-3,minimax-3,cycle_0111,p2_win,1.0
4137,cycle_0111,minimax-3,minimax-3,cycle_0111,p2_win,1.0
4138,cycle_0111,minimax-3,minimax-3,cycle_0111,p2_win,1.0
4139,cycle_0111,minimax-3,minimax-3,cycle_0111,p2_win,1.0
4140,cycle_0111,minimax-3,minimax-3,cycle_0111,p2_win,1.0
4141,cycle_0121,cycle_0131,cycle_0121,cycle_0131,p1_win,1.0
4142,cycle_0121,cycle_0131,cycle_0121,cycle_0131,p1_win,1.0
4143,cycle_0121,cycle_0131,cycle_0121,cycle_0131,p1_win,1.0
4144,cycle_0121,cycle_0131,cycle_0121,cycle_0131,p1_win,1.0
4145,cycle_0121,cycle_0131,cycle_0121,cycle_0131,p1_win,1.0
4146,cycle_0121,cycle_0131,cycle_0121,cycle_0131,p1_win,1.0
4147,cycle_0121,cycle_0131,cycle_0121,cycle_0131,p1_win,1.0
4148,cycle_0121,cycle_0131,cycle_0121,cycle_0131,p2_win,0.0
4149,cycle_0121,cycle_0131,cycle_0121,cycle_0131,p1_win,1.0
4150,cycle_0121,cycle_0131,cycle_0121,cycle_0131,p1_win,1.0
4151,cycle_0121,cycle_0131,cycle_0121,cycle_0131,p1_win,1.0
4152,cycle_0121,cycle_0131,cycle_0121,cycle_0131,p1_win,1.0
4153,cycle_0121,cycle_0131,cycle_0121,cycle_0131,p1_win,1.0
4154,cycle_0121,cycle_0131,cycle_0121,cycle_0131,p1_win,1.0
4155,cycle_0121,cycle_0131,cycle_0121,cycle_0131,p1_win,1.0
4156,cycle_0121,cycle_0131,cycle_0131,cycle_0121,p2_win,1.0
4157,cycle_0121,cycle_0131,cycle_0131,cycle_0121,p1_win,0.0
4158,cycle_0121,cycle_0131,cycle_0131,cycle_0121,draw,0.5
4159,cycle_0121,cycle_0131,cycle_0131,cycle_0121,p2_win,1.0
4160,cycle_0121,cycle_0131,cycle_0131,cycle_0121,p2_win,1.0
4161,cycle_0121,cycle_0131,cycle_0131,cycle_0121,p1_win,0.0
4162,cycle_0121,cycle_0131,cycle_0131,cycle_0121,p1_win,0.0
4163,cycle_0121,cycle_0131,cycle_0131,cycle_0121,p1_win,0.0
4164,cycle_0121,cycle_0131,cycle_0131,cycle_0121,p1_win,0.0
4165,cycle_0121,cycle_0131,cycle_0131,cycle_0121,p2_win,1.0
4166,cycle_0121,cycle_0131,cycle_0131,cycle_0121,p1_win,0.0
4167,cycle_0121,cycle_0131,cycle_0131,cycle_0121,p1_win,0.0
4168,cycle_0121,cycle_0131,cycle_0131,cycle_0121,p1_win,0.0
4169,cycle_0121,cycle_0131,cycle_0131,cycle_0121,p2_win,1.0
4170,cycle_0121,cycle_0131,cycle_0131,cycle_0121,p1_win,0.0
4171,cycle_0121,cycle_0141,cycle_0121,cycle_0141,p1_win,1.0
4172,cycle_0121,cycle_0141,cycle_0121,cycle_0141,p1_win,1.0
4173,cycle_0121,cycle_0141,cycle_0121,cycle_0141,p1_win,1.0
4174,cycle_0121,cycle_0141,cycle_0121,cycle_0141,p1_win,1.0
4175,cycle_0121,cycle_0141,cycle_0121,cycle_0141,p1_win,1.0
4176,cycle_0121,cycle_0141,cycle_0121,cycle_0141,p1_win,1.0
4177,cycle_0121,cycle_0141,cycle_0121,cycle_0141,p2_win,0.0
4178,cycle_0121,cycle_0141,cycle_0121,cycle_0141,p1_win,1.0
4179,cycle_0121,cycle_0141,cycle_0121,cycle_0141,p1_win,1.0
4180,cycle_0121,cycle_0141,cycle_0121,cycle_0141,p1_win,1.0
4181,cycle_0121,cycle_0141,cycle_0121,cycle_0141,p2_win,0.0
4182,cycle_0121,cycle_0141,cycle_0121,cycle_0141,p1_win,1.0
4183,cycle_0121,cycle_0141,cycle_0121,cycle_0141,p2_win,0.0
4184,cycle_0121,cycle_0141,cycle_0121,cycle_0141,p1_win,1.0
4185,cycle_0121,cycle_0141,cycle_0121,cycle_0141,p1_win,1.0
4186,cycle_0121,cycle_0141,cycle_0141,cycle_0121,p1_win,0.0
4187,cycle_0121,cycle_0141,cycle_0141,cycle_0121,p1_win,0.0
4188,cycle_0121,cycle_0141,cycle_0141,cycle_0121,p1_win,0.0
4189,cycle_0121,cycle_0141,cycle_0141,cycle_0121,p1_win,0.0
4190,cycle_0121,cycle_0141,cycle_0141,cycle_0121,p1_win,0.0
4191,cycle_0121,cycle_0141,cycle_0141,cycle_0121,p1_win,0.0
4192,cycle_0121,cycle_0141,cycle_0141,cycle_0121,p1_win,0.0
4193,cycle_0121,cycle_0141,cycle_0141,cycle_0121,p1_win,0.0
4194,cycle_0121,cycle_0141,cycle_0141,cycle_0121,p1_win,0.0
4195,cycle_0121,cycle_0141,cycle_0141,cycle_0121,p1_win,0.0
4196,cycle_0121,cycle_0141,cycle_0141,cycle_0121,p2_win,1.0
4197,cycle_0121,cycle_0141,cycle_0141,cycle_0121,p2_win,1.0
4198,cycle_0121,cycle_0141,cycle_0141,cycle_0121,p1_win,0.0
4199,cycle_0121,cycle_0141,cycle_0141,cycle_0121,p2_win,1.0
4200,cycle_0121,cycle_0141,cycle_0141,cycle_0121,p1_win,0.0
4201,cycle_0121,models_7x7_v2\best.pt,cycle_0121,models_7x7_v2\best.pt,p1_win,1.0
4202,cycle_0121,models_7x7_v2\best.pt,cycle_0121,models_7x7_v2\best.pt,p1_win,1.0
4203,cycle_0121,models_7x7_v2\best.pt,cycle_0121,models_7x7_v2\best.pt,p1_win,1.0
4204,cycle_0121,models_7x7_v2\best.pt,cycle_0121,models_7x7_v2\best.pt,p1_win,1.0
4205,cycle_0121,models_7x7_v2\best.pt,cycle_0121,models_7x7_v2\best.pt,p1_win,1.0
4206,cycle_0121,models_7x7_v2\best.pt,cycle_0121,models_7x7_v2\best.pt,p1_win,1.0
4207,cycle_0121,models_7x7_v2\best.pt,cycle_0121,models_7x7_v2\best.pt,p1_win,1.0
4208,cycle_0121,models_7x7_v2\best.pt,cycle_0121,models_7x7_v2\best.pt,p1_win,1.0
4209,cycle_0121,models_7x7_v2\best.pt,cycle_0121,models_7x7_v2\best.pt,p1_win,1.0
4210,cycle_0121,models_7x7_v2\best.pt,cycle_0121,models_7x7_v2\best.pt,p1_win,1.0
4211,cycle_0121,models_7x7_v2\best.pt,cycle_0121,models_7x7_v2\best.pt,p1_win,1.0
4212,cycle_0121,models_7x7_v2\best.pt,cycle_0121,models_7x7_v2\best.pt,p1_win,1.0
4213,cycle_0121,models_7x7_v2\best.pt,cycle_0121,models_7x7_v2\best.pt,p1_win,1.0
4214,cycle_0121,models_7x7_v2\best.pt,cycle_0121,models_7x7_v2\best.pt,p1_win,1.0
4215,cycle_0121,models_7x7_v2\best.pt,cycle_0121,models_7x7_v2\best.pt,p1_win,1.0
4216,cycle_0121,models_7x7_v2\best.pt,models_7x7_v2\best.pt,cycle_0121,p2_win,1.0
4217,cycle_0121,models_7x7_v2\best.pt,models_7x7_v2\best.pt,cycle_0121,p2_win,1.0
4218,cycle_0121,models_7x7_v2\best.pt,models_7x7_v2\best.pt,cycle_0121,p2_win,1.0
4219,cycle_0121,models_7x7_v2\best.pt,models_7x7_v2\best.pt,cycle_0121,p2_win,1.0
4220,cycle_0121,models_7x7_v2\best.pt,models_7x7_v2\best.pt,cycle_0121,p2_win,1.0
4221,cycle_0121,models_7x7_v2\best.pt,models_7x7_v2\best.pt,cycle_0121,p2_win,1.0
4222,cycle_0121,models_7x7_v2\best.pt,models_7x7_v2\best.pt,cycle_0121,p2_win,1.0
4223,cycle_0121,models_7x7_v2\best.pt,models_7x7_v2\best.pt,cycle_0121,p2_win,1.0
4224,cycle_0121,models_7x7_v2\best.pt,models_7x7_v2\best.pt,cycle_0121,p2_win,1.0
4225,cycle_0121,models_7x7_v2\best.pt,models_7x7_v2\best.pt,cycle_0121,p2_win,1.0
4226,cycle_0121,models_7x7_v2\best.pt,models_7x7_v2\best.pt,cycle_0121,p2_win,1.0
4227,cycle_0121,models_7x7_v2\best.pt,models_7x7_v2\best.pt,cycle_0121,p2_win,1.0
4228,cycle_0121,models_7x7_v2\best.pt,models_7x7_v2\best.pt,cycle_0121,p1_win,0.0
4229,cycle_0121,models_7x7_v2\best.pt,models_7x7_v2\best.pt,cycle_0121,p2_win,1.0
4230,cycle_0121,models_7x7_v2\best.pt,models_7x7_v2\best.pt,cycle_0121,p2_win,1.0
4231,cycle_0121,minimax-2,cycle_0121,minimax-2,p1_win,1.0
4232,cycle_0121,minimax-2,cycle_0121,minimax-2,p1_win,1.0
4233,cycle_0121,minimax-2,cycle_0121,minimax-2,p1_win,1.0
4234,cycle_0121,minimax-2,cycle_0121,minimax-2,p1_win,1.0
4235,cycle_0121,minimax-2,cycle_0121,minimax-2,p1_win,1.0
4236,cycle_0121,minimax-2,cycle_0121,minimax-2,p1_win,1.0
4237,cycle_0121,minimax-2,cycle_0121,minimax-2,p1_win,1.0
4238,cycle_0121,minimax-2,cycle_0121,minimax-2,p1_win,1.0
4239,cycle_0121,minimax-2,cycle_0121,minimax-2,p1_win,1.0
4240,cycle_0121,minimax-2,cycle_0121,minimax-2,p1_win,1.0
4241,cycle_0121,minimax-2,cycle_0121,minimax-2,p1_win,1.0
4242,cycle_0121,minimax-2,cycle_0121,minimax-2,p1_win,1.0
4243,cycle_0121,minimax-2,cycle_0121,minimax-2,p1_win,1.0
4244,cycle_0121,minimax-2,cycle_0121,minimax-2,p1_win,1.0
4245,cycle_0121,minimax-2,cycle_0121,minimax-2,p1_win,1.0
4246,cycle_0121,minimax-2,minimax-2,cycle_0121,p2_win,1.0
4247,cycle_0121,minimax-2,minimax-2,cycle_0121,p2_win,1.0
4248,cycle_0121,minimax-2,minimax-2,cycle_0121,p2_win,1.0
4249,cycle_0121,minimax-2,minimax-2,cycle_0121,p2_win,1.0
4250,cycle_0121,minimax-2,minimax-2,cycle_0121,p2_win,1.0
4251,cycle_0121,minimax-2,minimax-2,cycle_0121,p2_win,1.0
4252,cycle_0121,minimax-2,minimax-2,cycle_0121,p2_win,1.0
4253,cycle_0121,minimax-2,minimax-2,cycle_0121,p2_win,1.0
4254,cycle_0121,minimax-2,minimax-2,cycle_0121,p2_win,1.0
4255,cycle_0121,minimax-2,minimax-2,cycle_0121,p2_win,1.0
4256,cycle_0121,minimax-2,minimax-2,cycle_0121,p2_win,1.0
4257,cycle_0121,minimax-2,minimax-2,cycle_0121,p2_win,1.0
4258,cycle_0121,minimax-2,minimax-2,cycle_0121,p2_win,1.0
4259,cycle_0121,minimax-2,minimax-2,cycle_0121,p2_win,1.0
4260,cycle_0121,minimax-2,minimax-2,cycle_0121,p2_win,1.0
4261,cycle_0121,minimax-3,cycle_0121,minimax-3,p1_win,1.0
4262,cycle_0121,minimax-3,cycle_0121,minimax-3,p1_win,1.0
4263,cycle_0121,minimax-3,cycle_0121,minimax-3,p1_win,1.0
4264,cycle_0121,minimax-3,cycle_0121,minimax-3,p1_win,1.0
4265,cycle_0121,minimax-3,cycle_0121,minimax-3,p1_win,1.0
4266,cycle_0121,minimax-3,cycle_0121,minimax-3,p2_win,0.0
4267,cycle_0121,minimax-3,cycle_0121,minimax-3,p1_win,1.0
4268,cycle_0121,minimax-3,cycle_0121,minimax-3,p1_win,1.0
4269,cycle_0121,minimax-3,cycle_0121,minimax-3,p1_win,1.0
4270,cycle_0121,minimax-3,cycle_0121,minimax-3,p1_win,1.0
4271,cycle_0121,minimax-3,cycle_0121,minimax-3,p1_win,1.0
4272,cycle_0121,minimax-3,cycle_0121,minimax-3,p2_win,0.0
4273,cycle_0121,minimax-3,cycle_0121,minimax-3,p1_win,1.0
4274,cycle_0121,minimax-3,cycle_0121,minimax-3,p1_win,1.0
4275,cycle_0121,minimax-3,cycle_0121,minimax-3,p1_win,1.0
4276,cycle_0121,minimax-3,minimax-3,cycle_0121,p2_win,1.0
4277,cycle_0121,minimax-3,minimax-3,cycle_0121,p1_win,0.0
4278,cycle_0121,minimax-3,minimax-3,cycle_0121,p1_win,0.0
4279,cycle_0121,minimax-3,minimax-3,cycle_0121,p2_win,1.0
4280,cycle_0121,minimax-3,minimax-3,cycle_0121,p2_win,1.0
4281,cycle_0121,minimax-3,minimax-3,cycle_0121,p2_win,1.0
4282,cycle_0121,minimax-3,minimax-3,cycle_0121,p2_win,1.0
4283,cycle_0121,minimax-3,minimax-3,cycle_0121,p2_win,1.0
4284,cycle_0121,minimax-3,minimax-3,cycle_0121,p2_win,1.0
4285,cycle_0121,minimax-3,minimax-3,cycle_0121,p2_win,1.0
4286,cycle_0121,minimax-3,minimax-3,cycle_0121,p2_win,1.0
4287,cycle_0121,minimax-3,minimax-3,cycle_0121,p2_win,1.0
4288,cycle_0121,minimax-3,minimax-3,cycle_0121,p2_win,1.0
4289,cycle_0121,minimax-3,minimax-3,cycle_0121,p2_win,1.0
4290,cycle_0121,minimax-3,minimax-3,cycle_0121,p2_win,1.0
4291,cycle_0131,cycle_0141,cycle_0131,cycle_0141,p2_win,0.0
4292,cycle_0131,cycle_0141,cycle_0131,cycle_0141,p2_win,0.0
4293,cycle_0131,cycle_0141,cycle_0131,cycle_0141,p2_win,0.0
4294,cycle_0131,cycle_0141,cycle_0131,cycle_0141,p2_win,0.0
4295,cycle_0131,cycle_0141,cycle_0131,cycle_0141,p2_win,0.0
4296,cycle_0131,cycle_0141,cycle_0131,cycle_0141,p2_win,0.0
4297,cycle_0131,cycle_0141,cycle_0131,cycle_0141,p2_win,0.0
4298,cycle_0131,cycle_0141,cycle_0131,cycle_0141,p2_win,0.0
4299,cycle_0131,cycle_0141,cycle_0131,cycle_0141,p1_win,1.0
4300,cycle_0131,cycle_0141,cycle_0131,cycle_0141,p2_win,0.0
4301,cycle_0131,cycle_0141,cycle_0131,cycle_0141,p2_win,0.0
4302,cycle_0131,cycle_0141,cycle_0131,cycle_0141,p2_win,0.0
4303,cycle_0131,cycle_0141,cycle_0131,cycle_0141,p2_win,0.0
4304,cycle_0131,cycle_0141,cycle_0131,cycle_0141,p2_win,0.0
4305,cycle_0131,cycle_0141,cycle_0131,cycle_0141,p2_win,0.0
4306,cycle_0131,cycle_0141,cycle_0141,cycle_0131,p1_win,0.0
4307,cycle_0131,cycle_0141,cycle_0141,cycle_0131,p2_win,1.0
4308,cycle_0131,cycle_0141,cycle_0141,cycle_0131,p1_win,0.0
4309,cycle_0131,cycle_0141,cycle_0141,cycle_0131,p1_win,0.0
4310,cycle_0131,cycle_0141,cycle_0141,cycle_0131,p2_win,1.0
4311,cycle_0131,cycle_0141,cycle_0141,cycle_0131,p1_win,0.0
4312,cycle_0131,cycle_0141,cycle_0141,cycle_0131,p1_win,0.0
4313,cycle_0131,cycle_0141,cycle_0141,cycle_0131,p1_win,0.0
4314,cycle_0131,cycle_0141,cycle_0141,cycle_0131,p1_win,0.0
4315,cycle_0131,cycle_0141,cycle_0141,cycle_0131,p2_win,1.0
4316,cycle_0131,cycle_0141,cycle_0141,cycle_0131,p1_win,0.0
4317,cycle_0131,cycle_0141,cycle_0141,cycle_0131,p1_win,0.0
4318,cycle_0131,cycle_0141,cycle_0141,cycle_0131,p2_win,1.0
4319,cycle_0131,cycle_0141,cycle_0141,cycle_0131,p2_win,1.0
4320,cycle_0131,cycle_0141,cycle_0141,cycle_0131,p2_win,1.0
4321,cycle_0131,models_7x7_v2\best.pt,cycle_0131,models_7x7_v2\best.pt,p1_win,1.0
4322,cycle_0131,models_7x7_v2\best.pt,cycle_0131,models_7x7_v2\best.pt,p1_win,1.0
4323,cycle_0131,models_7x7_v2\best.pt,cycle_0131,models_7x7_v2\best.pt,p1_win,1.0
4324,cycle_0131,models_7x7_v2\best.pt,cycle_0131,models_7x7_v2\best.pt,p1_win,1.0
4325,cycle_0131,models_7x7_v2\best.pt,cycle_0131,models_7x7_v2\best.pt,p1_win,1.0
4326,cycle_0131,models_7x7_v2\best.pt,cycle_0131,models_7x7_v2\best.pt,p1_win,1.0
4327,cycle_0131,models_7x7_v2\best.pt,cycle_0131,models_7x7_v2\best.pt,p1_win,1.0
4328,cycle_0131,models_7x7_v2\best.pt,cycle_0131,models_7x7_v2\best.pt,draw,0.5
4329,cycle_0131,models_7x7_v2\best.pt,cycle_0131,models_7x7_v2\best.pt,p1_win,1.0
4330,cycle_0131,models_7x7_v2\best.pt,cycle_0131,models_7x7_v2\best.pt,p1_win,1.0
4331,cycle_0131,models_7x7_v2\best.pt,cycle_0131,models_7x7_v2\best.pt,p2_win,0.0
4332,cycle_0131,models_7x7_v2\best.pt,cycle_0131,models_7x7_v2\best.pt,p1_win,1.0
4333,cycle_0131,models_7x7_v2\best.pt,cycle_0131,models_7x7_v2\best.pt,p2_win,0.0
4334,cycle_0131,models_7x7_v2\best.pt,cycle_0131,models_7x7_v2\best.pt,p1_win,1.0
4335,cycle_0131,models_7x7_v2\best.pt,cycle_0131,models_7x7_v2\best.pt,p1_win,1.0
4336,cycle_0131,models_7x7_v2\best.pt,models_7x7_v2\best.pt,cycle_0131,p2_win,1.0
4337,cycle_0131,models_7x7_v2\best.pt,models_7x7_v2\best.pt,cycle_0131,p2_win,1.0
4338,cycle_0131,models_7x7_v2\best.pt,models_7x7_v2\best.pt,cycle_0131,p2_win,1.0
4339,cycle_0131,models_7x7_v2\best.pt,models_7x7_v2\best.pt,cycle_0131,p2_win,1.0
4340,cycle_0131,models_7x7_v2\best.pt,models_7x7_v2\best.pt,cycle_0131,p2_win,1.0
4341,cycle_0131,models_7x7_v2\best.pt,models_7x7_v2\best.pt,cycle_0131,p2_win,1.0
4342,cycle_0131,models_7x7_v2\best.pt,models_7x7_v2\best.pt,cycle_0131,p2_win,1.0
4343,cycle_0131,models_7x7_v2\best.pt,models_7x7_v2\best.pt,cycle_0131,p2_win,1.0
4344,cycle_0131,models_7x7_v2\best.pt,models_7x7_v2\best.pt,cycle_0131,p2_win,1.0
4345,cycle_0131,models_7x7_v2\best.pt,models_7x7_v2\best.pt,cycle_0131,p2_win,1.0
4346,cycle_0131,models_7x7_v2\best.pt,models_7x7_v2\best.pt,cycle_0131,p2_win,1.0
4347,cycle_0131,models_7x7_v2\best.pt,models_7x7_v2\best.pt,cycle_0131,p2_win,1.0
4348,cycle_0131,models_7x7_v2\best.pt,models_7x7_v2\best.pt,cycle_0131,p2_win,1.0
4349,cycle_0131,models_7x7_v2\best.pt,models_7x7_v2\best.pt,cycle_0131,p2_win,1.0
4350,cycle_0131,models_7x7_v2\best.pt,models_7x7_v2\best.pt,cycle_0131,p2_win,1.0
4351,cycle_0131,minimax-2,cycle_0131,minimax-2,p1_win,1.0
4352,cycle_0131,minimax-2,cycle_0131,minimax-2,p1_win,1.0
4353,cycle_0131,minimax-2,cycle_0131,minimax-2,p1_win,1.0
4354,cycle_0131,minimax-2,cycle_0131,minimax-2,p1_win,1.0
4355,cycle_0131,minimax-2,cycle_0131,minimax-2,p1_win,1.0
4356,cycle_0131,minimax-2,cycle_0131,minimax-2,p1_win,1.0
4357,cycle_0131,minimax-2,cycle_0131,minimax-2,p1_win,1.0
4358,cycle_0131,minimax-2,cycle_0131,minimax-2,p1_win,1.0
4359,cycle_0131,minimax-2,cycle_0131,minimax-2,p1_win,1.0
4360,cycle_0131,minimax-2,cycle_0131,minimax-2,p1_win,1.0
4361,cycle_0131,minimax-2,cycle_0131,minimax-2,p1_win,1.0
4362,cycle_0131,minimax-2,cycle_0131,minimax-2,p2_win,0.0
4363,cycle_0131,minimax-2,cycle_0131,minimax-2,p1_win,1.0
4364,cycle_0131,minimax-2,cycle_0131,minimax-2,p1_win,1.0
4365,cycle_0131,minimax-2,cycle_0131,minimax-2,p1_win,1.0
4366,cycle_0131,minimax-2,minimax-2,cycle_0131,p2_win,1.0
4367,cycle_0131,minimax-2,minimax-2,cycle_0131,p2_win,1.0
4368,cycle_0131,minimax-2,minimax-2,cycle_0131,p2_win,1.0
4369,cycle_0131,minimax-2,minimax-2,cycle_0131,p2_win,1.0
4370,cycle_0131,minimax-2,minimax-2,cycle_0131,p2_win,1.0
4371,cycle_0131,minimax-2,minimax-2,cycle_0131,p2_win,1.0
4372,cycle_0131,minimax-2,minimax-2,cycle_0131,p2_win,1.0
4373,cycle_0131,minimax-2,minimax-2,cycle_0131,p2_win,1.0
4374,cycle_0131,minimax-2,minimax-2,cycle_0131,p2_win,1.0
4375,cycle_0131,minimax-2,minimax-2,cycle_0131,p2_win,1.0
4376,cycle_0131,minimax-2,minimax-2,cycle_0131,p2_win,1.0
4377,cycle_0131,minimax-2,minimax-2,cycle_0131,p2_win,1.0
4378,cycle_0131,minimax-2,minimax-2,cycle_0131,p2_win,1.0
4379,cycle_0131,minimax-2,minimax-2,cycle_0131,p2_win,1.0
4380,cycle_0131,minimax-2,minimax-2,cycle_0131,p1_win,0.0
4381,cycle_0131,minimax-3,cycle_0131,minimax-3,p1_win,1.0
4382,cycle_0131,minimax-3,cycle_0131,minimax-3,p1_win,1.0
4383,cycle_0131,minimax-3,cycle_0131,minimax-3,p1_win,1.0
4384,cycle_0131,minimax-3,cycle_0131,minimax-3,p1_win,1.0
4385,cycle_0131,minimax-3,cycle_0131,minimax-3,p1_win,1.0
4386,cycle_0131,minimax-3,cycle_0131,minimax-3,p1_win,1.0
4387,cycle_0131,minimax-3,cycle_0131,minimax-3,p1_win,1.0
4388,cycle_0131,minimax-3,cycle_0131,minimax-3,p1_win,1.0
4389,cycle_0131,minimax-3,cycle_0131,minimax-3,p1_win,1.0
4390,cycle_0131,minimax-3,cycle_0131,minimax-3,p1_win,1.0
4391,cycle_0131,minimax-3,cycle_0131,minimax-3,p1_win,1.0
4392,cycle_0131,minimax-3,cycle_0131,minimax-3,p1_win,1.0
4393,cycle_0131,minimax-3,cycle_0131,minimax-3,p1_win,1.0
4394,cycle_0131,minimax-3,cycle_0131,minimax-3,p1_win,1.0
4395,cycle_0131,minimax-3,cycle_0131,minimax-3,p2_win,0.0
4396,cycle_0131,minimax-3,minimax-3,cycle_0131,p2_win,1.0
4397,cycle_0131,minimax-3,minimax-3,cycle_0131,p2_win,1.0
4398,cycle_0131,minimax-3,minimax-3,cycle_0131,p2_win,1.0
4399,cycle_0131,minimax-3,minimax-3,cycle_0131,p2_win,1.0
4400,cycle_0131,minimax-3,minimax-3,cycle_0131,p2_win,1.0
4401,cycle_0131,minimax-3,minimax-3,cycle_0131,p2_win,1.0
4402,cycle_0131,minimax-3,minimax-3,cycle_0131,p2_win,1.0
4403,cycle_0131,minimax-3,minimax-3,cycle_0131,p2_win,1.0
4404,cycle_0131,minimax-3,minimax-3,cycle_0131,p2_win,1.0
4405,cycle_0131,minimax-3,minimax-3,cycle_0131,p2_win,1.0
4406,cycle_0131,minimax-3,minimax-3,cycle_0131,p2_win,1.0
4407,cycle_0131,minimax-3,minimax-3,cycle_0131,p2_win,1.0
4408,cycle_0131,minimax-3,minimax-3,cycle_0131,p2_win,1.0
4409,cycle_0131,minimax-3,minimax-3,cycle_0131,p1_win,0.0
4410,cycle_0131,minimax-3,minimax-3,cycle_0131,p2_win,1.0
4411,cycle_0141,models_7x7_v2\best.pt,cycle_0141,models_7x7_v2\best.pt,p1_win,1.0
4412,cycle_0141,models_7x7_v2\best.pt,cycle_0141,models_7x7_v2\best.pt,p1_win,1.0
4413,cycle_0141,models_7x7_v2\best.pt,cycle_0141,models_7x7_v2\best.pt,p1_win,1.0
4414,cycle_0141,models_7x7_v2\best.pt,cycle_0141,models_7x7_v2\best.pt,p1_win,1.0
4415,cycle_0141,models_7x7_v2\best.pt,cycle_0141,models_7x7_v2\best.pt,p1_win,1.0
4416,cycle_0141,models_7x7_v2\best.pt,cycle_0141,models_7x7_v2\best.pt,p1_win,1.0
4417,cycle_0141,models_7x7_v2\best.pt,cycle_0141,models_7x7_v2\best.pt,p1_win,1.0
4418,cycle_0141,models_7x7_v2\best.pt,cycle_0141,models_7x7_v2\best.pt,p1_win,1.0
4419,cycle_0141,models_7x7_v2\best.pt,cycle_0141,models_7x7_v2\best.pt,p1_win,1.0
4420,cycle_0141,models_7x7_v2\best.pt,cycle_0141,models_7x7_v2\best.pt,p1_win,1.0
4421,cycle_0141,models_7x7_v2\best.pt,cycle_0141,models_7x7_v2\best.pt,p1_win,1.0
4422,cycle_0141,models_7x7_v2\best.pt,cycle_0141,models_7x7_v2\best.pt,p1_win,1.0
4423,cycle_0141,models_7x7_v2\best.pt,cycle_0141,models_7x7_v2\best.pt,p1_win,1.0
4424,cycle_0141,models_7x7_v2\best.pt,cycle_0141,models_7x7_v2\best.pt,p2_win,0.0
4425,cycle_0141,models_7x7_v2\best.pt,cycle_0141,models_7x7_v2\best.pt,p1_win,1.0
4426,cycle_0141,models_7x7_v2\best.pt,models_7x7_v2\best.pt,cycle_0141,p2_win,1.0
4427,cycle_0141,models_7x7_v2\best.pt,models_7x7_v2\best.pt,cycle_0141,p1_win,0.0
4428,cycle_0141,models_7x7_v2\best.pt,models_7x7_v2\best.pt,cycle_0141,p2_win,1.0
4429,cycle_0141,models_7x7_v2\best.pt,models_7x7_v2\best.pt,cycle_0141,p1_win,0.0
4430,cycle_0141,models_7x7_v2\best.pt,models_7x7_v2\best.pt,cycle_0141,p1_win,0.0
4431,cycle_0141,models_7x7_v2\best.pt,models_7x7_v2\best.pt,cycle_0141,p1_win,0.0
4432,cycle_0141,models_7x7_v2\best.pt,models_7x7_v2\best.pt,cycle_0141,p1_win,0.0
4433,cycle_0141,models_7x7_v2\best.pt,models_7x7_v2\best.pt,cycle_0141,p2_win,1.0
4434,cycle_0141,models_7x7_v2\best.pt,models_7x7_v2\best.pt,cycle_0141,p2_win,1.0
4435,cycle_0141,models_7x7_v2\best.pt,models_7x7_v2\best.pt,cycle_0141,p2_win,1.0
4436,cycle_0141,models_7x7_v2\best.pt,models_7x7_v2\best.pt,cycle_0141,p2_win,1.0
4437,cycle_0141,models_7x7_v2\best.pt,models_7x7_v2\best.pt,cycle_0141,p1_win,0.0
4438,cycle_0141,models_7x7_v2\best.pt,models_7x7_v2\best.pt,cycle_0141,p1_win,0.0
4439,cycle_0141,models_7x7_v2\best.pt,models_7x7_v2\best.pt,cycle_0141,p1_win,0.0
4440,cycle_0141,models_7x7_v2\best.pt,models_7x7_v2\best.pt,cycle_0141,p1_win,0.0
4441,cycle_0141,minimax-2,cycle_0141,minimax-2,p1_win,1.0
4442,cycle_0141,minimax-2,cycle_0141,minimax-2,p1_win,1.0
4443,cycle_0141,minimax-2,cycle_0141,minimax-2,p2_win,0.0
4444,cycle_0141,minimax-2,cycle_0141,minimax-2,p1_win,1.0
4445,cycle_0141,minimax-2,cycle_0141,minimax-2,p1_win,1.0
4446,cycle_0141,minimax-2,cycle_0141,minimax-2,p1_win,1.0
4447,cycle_0141,minimax-2,cycle_0141,minimax-2,p1_win,1.0
4448,cycle_0141,minimax-2,cycle_0141,minimax-2,p1_win,1.0
4449,cycle_0141,minimax-2,cycle_0141,minimax-2,p1_win,1.0
4450,cycle_0141,minimax-2,cycle_0141,minimax-2,p1_win,1.0
4451,cycle_0141,minimax-2,cycle_0141,minimax-2,p2_win,0.0
4452,cycle_0141,minimax-2,cycle_0141,minimax-2,p1_win,1.0
4453,cycle_0141,minimax-2,cycle_0141,minimax-2,p1_win,1.0
4454,cycle_0141,minimax-2,cycle_0141,minimax-2,p1_win,1.0
4455,cycle_0141,minimax-2,cycle_0141,minimax-2,p1_win,1.0
4456,cycle_0141,minimax-2,minimax-2,cycle_0141,p2_win,1.0
4457,cycle_0141,minimax-2,minimax-2,cycle_0141,p2_win,1.0
4458,cycle_0141,minimax-2,minimax-2,cycle_0141,p2_win,1.0
4459,cycle_0141,minimax-2,minimax-2,cycle_0141,p2_win,1.0
4460,cycle_0141,minimax-2,minimax-2,cycle_0141,p2_win,1.0
4461,cycle_0141,minimax-2,minimax-2,cycle_0141,p2_win,1.0
4462,cycle_0141,minimax-2,minimax-2,cycle_0141,p2_win,1.0
4463,cycle_0141,minimax-2,minimax-2,cycle_0141,p2_win,1.0
4464,cycle_0141,minimax-2,minimax-2,cycle_0141,p2_win,1.0
4465,cycle_0141,minimax-2,minimax-2,cycle_0141,p2_win,1.0
4466,cycle_0141,minimax-2,minimax-2,cycle_0141,p2_win,1.0
4467,cycle_0141,minimax-2,minimax-2,cycle_0141,p1_win,0.0
4468,cycle_0141,minimax-2,minimax-2,cycle_0141,p2_win,1.0
4469,cycle_0141,minimax-2,minimax-2,cycle_0141,p2_win,1.0
4470,cycle_0141,minimax-2,minimax-2,cycle_0141,p2_win,1.0
4471,cycle_0141,minimax-3,cycle_0141,minimax-3,p1_win,1.0
4472,cycle_0141,minimax-3,cycle_0141,minimax-3,p1_win,1.0
4473,cycle_0141,minimax-3,cycle_0141,minimax-3,p1_win,1.0
4474,cycle_0141,minimax-3,cycle_0141,minimax-3,p1_win,1.0
4475,cycle_0141,minimax-3,cycle_0141,minimax-3,p1_win,1.0
4476,cycle_0141,minimax-3,cycle_0141,minimax-3,p1_win,1.0
4477,cycle_0141,minimax-3,cycle_0141,minimax-3,p1_win,1.0
4478,cycle_0141,minimax-3,cycle_0141,minimax-3,p1_win,1.0
4479,cycle_0141,minimax-3,cycle_0141,minimax-3,p1_win,1.0
4480,cycle_0141,minimax-3,cycle_0141,minimax-3,p1_win,1.0
4481,cycle_0141,minimax-3,cycle_0141,minimax-3,p1_win,1.0
4482,cycle_0141,minimax-3,cycle_0141,minimax-3,p1_win,1.0
4483,cycle_0141,minimax-3,cycle_0141,minimax-3,p1_win,1.0
4484,cycle_0141,minimax-3,cycle_0141,minimax-3,p1_win,1.0
4485,cycle_0141,minimax-3,cycle_0141,minimax-3,p1_win,1.0
4486,cycle_0141,minimax-3,minimax-3,cycle_0141,p2_win,1.0
4487,cycle_0141,minimax-3,minimax-3,cycle_0141,p2_win,1.0
4488,cycle_0141,minimax-3,minimax-3,cycle_0141,p2_win,1.0
4489,cycle_0141,minimax-3,minimax-3,cycle_0141,p2_win,1.0
4490,cycle_0141,minimax-3,minimax-3,cycle_0141,p2_win,1.0
4491,cycle_0141,minimax-3,minimax-3,cycle_0141,p2_win,1.0
4492,cycle_0141,minimax-3,minimax-3,cycle_0141,p2_win,1.0
4493,cycle_0141,minimax-3,minimax-3,cycle_0141,p2_win,1.0
4494,cycle_0141,minimax-3,minimax-3,cycle_0141,p2_win,1.0
4495,cycle_0141,minimax-3,minimax-3,cycle_0141,p2_win,1.0
4496,cycle_0141,minimax-3,minimax-3,cycle_0141,p2_win,1.0
4497,cycle_0141,minimax-3,minimax-3,cycle_0141,p2_win,1.0
4498,cycle_0141,minimax-3,minimax-3,cycle_0141,p2_win,1.0
4499,cycle_0141,minimax-3,minimax-3,cycle_0141,p1_win,0.0
4500,cycle_0141,minimax-3,minimax-3,cycle_0141,p2_win,1.0
4501,models_7x7_v2\best.pt,minimax-2,models_7x7_v2\best.pt,minimax-2,p2_win,0.0
4502,models_7x7_v2\best.pt,minimax-2,models_7x7_v2\best.pt,minimax-2,p1_win,1.0
4503,models_7x7_v2\best.pt,minimax-2,models_7x7_v2\best.pt,minimax-2,p1_win,1.0
4504,models_7x7_v2\best.pt,minimax-2,models_7x7_v2\best.pt,minimax-2,p2_win,0.0
4505,models_7x7_v2\best.pt,minimax-2,models_7x7_v2\best.pt,minimax-2,p1_win,1.0
4506,models_7x7_v2\best.pt,minimax-2,models_7x7_v2\best.pt,minimax-2,p1_win,1.0
4507,models_7x7_v2\best.pt,minimax-2,models_7x7_v2\best.pt,minimax-2,p1_win,1.0
4508,models_7x7_v2\best.pt,minimax-2,models_7x7_v2\best.pt,minimax-2,p1_win,1.0
4509,models_7x7_v2\best.pt,minimax-2,models_7x7_v2\best.pt,minimax-2,p1_win,1.0
4510,models_7x7_v2\best.pt,minimax-2,models_7x7_v2\best.pt,minimax-2,p1_win,1.0
4511,models_7x7_v2\best.pt,minimax-2,models_7x7_v2\best.pt,minimax-2,p2_win,0.0
4512,models_7x7_v2\best.pt,minimax-2,models_7x7_v2\best.pt,minimax-2,p1_win,1.0
4513,models_7x7_v2\best.pt,minimax-2,models_7x7_v2\best.pt,minimax-2,p2_win,0.0
4514,models_7x7_v2\best.pt,minimax-2,models_7x7_v2\best.pt,minimax-2,p1_win,1.0
4515,models_7x7_v2\best.pt,minimax-2,models_7x7_v2\best.pt,minimax-2,p1_win,1.0
4516,models_7x7_v2\best.pt,minimax-2,minimax-2,models_7x7_v2\best.pt,p2_win,1.0
4517,models_7x7_v2\best.pt,minimax-2,minimax-2,models_7x7_v2\best.pt,p2_win,1.0
4518,models_7x7_v2\best.pt,minimax-2,minimax-2,models_7x7_v2\best.pt,p2_win,1.0
4519,models_7x7_v2\best.pt,minimax-2,minimax-2,models_7x7_v2\best.pt,p1_win,0.0
4520,models_7x7_v2\best.pt,minimax-2,minimax-2,models_7x7_v2\best.pt,p2_win,1.0
4521,models_7x7_v2\best.pt,minimax-2,minimax-2,models_7x7_v2\best.pt,p2_win,1.0
4522,models_7x7_v2\best.pt,minimax-2,minimax-2,models_7x7_v2\best.pt,p2_win,1.0
4523,models_7x7_v2\best.pt,minimax-2,minimax-2,models_7x7_v2\best.pt,p2_win,1.0
4524,models_7x7_v2\best.pt,minimax-2,minimax-2,models_7x7_v2\best.pt,p2_win,1.0
4525,models_7x7_v2\best.pt,minimax-2,minimax-2,models_7x7_v2\best.pt,p2_win,1.0
4526,models_7x7_v2\best.pt,minimax-2,minimax-2,models_7x7_v2\best.pt,p2_win,1.0
4527,models_7x7_v2\best.pt,minimax-2,minimax-2,models_7x7_v2\best.pt,p2_win,1.0
4528,models_7x7_v2\best.pt,minimax-2,minimax-2,models_7x7_v2\best.pt,p2_win,1.0
4529,models_7x7_v2\best.pt,minimax-2,minimax-2,models_7x7_v2\best.pt,p2_win,1.0
4530,models_7x7_v2\best.pt,minimax-2,minimax-2,models_7x7_v2\best.pt,p2_win,1.0
4531,models_7x7_v2\best.pt,minimax-3,models_7x7_v2\best.pt,minimax-3,p1_win,1.0
4532,models_7x7_v2\best.pt,minimax-3,models_7x7_v2\best.pt,minimax-3,p1_win,1.0
4533,models_7x7_v2\best.pt,minimax-3,models_7x7_v2\best.pt,minimax-3,p2_win,0.0
4534,models_7x7_v2\best.pt,minimax-3,models_7x7_v2\best.pt,minimax-3,p1_win,1.0
4535,models_7x7_v2\best.pt,minimax-3,models_7x7_v2\best.pt,minimax-3,p1_win,1.0
4536,models_7x7_v2\best.pt,minimax-3,models_7x7_v2\best.pt,minimax-3,p1_win,1.0
4537,models_7x7_v2\best.pt,minimax-3,models_7x7_v2\best.pt,minimax-3,p1_win,1.0
4538,models_7x7_v2\best.pt,minimax-3,models_7x7_v2\best.pt,minimax-3,p2_win,0.0
4539,models_7x7_v2\best.pt,minimax-3,models_7x7_v2\best.pt,minimax-3,p1_win,1.0
4540,models_7x7_v2\best.pt,minimax-3,models_7x7_v2\best.pt,minimax-3,p1_win,1.0
4541,models_7x7_v2\best.pt,minimax-3,models_7x7_v2\best.pt,minimax-3,p1_win,1.0
4542,models_7x7_v2\best.pt,minimax-3,models_7x7_v2\best.pt,minimax-3,p1_win,1.0
4543,models_7x7_v2\best.pt,minimax-3,models_7x7_v2\best.pt,minimax-3,p1_win,1.0
4544,models_7x7_v2\best.pt,minimax-3,models_7x7_v2\best.pt,minimax-3,p1_win,1.0
4545,models_7x7_v2\best.pt,minimax-3,models_7x7_v2\best.pt,minimax-3,p1_win,1.0
4546,models_7x7_v2\best.pt,minimax-3,minimax-3,models_7x7_v2\best.pt,p2_win,1.0
4547,models_7x7_v2\best.pt,minimax-3,minimax-3,models_7x7_v2\best.pt,p2_win,1.0
4548,models_7x7_v2\best.pt,minimax-3,minimax-3,models_7x7_v2\best.pt,p2_win,1.0
4549,models_7x7_v2\best.pt,minimax-3,minimax-3,models_7x7_v2\best.pt,p2_win,1.0
4550,models_7x7_v2\best.pt,minimax-3,minimax-3,models_7x7_v2\best.pt,p2_win,1.0
4551,models_7x7_v2\best.pt,minimax-3,minimax-3,models_7x7_v2\best.pt,p2_win,1.0
4552,models_7x7_v2\best.pt,minimax-3,minimax-3,models_7x7_v2\best.pt,p2_win,1.0
4553,models_7x7_v2\best.pt,minimax-3,minimax-3,models_7x7_v2\best.pt,p2_win,1.0
4554,models_7x7_v2\best.pt,minimax-3,minimax-3,models_7x7_v2\best.pt,p2_win,1.0
4555,models_7x7_v2\best.pt,minimax-3,minimax-3,models_7x7_v2\best.pt,p2_win,1.0
4556,models_7x7_v2\best.pt,minimax-3,minimax-3,models_7x7_v2\best.pt,p2_win,1.0
4557,models_7x7_v2\best.pt,minimax-3,minimax-3,models_7x7_v2\best.pt,p2_win,1.0
4558,models_7x7_v2\best.pt,minimax-3,minimax-3,models_7x7_v2\best.pt,p2_win,1.0
4559,models_7x7_v2\best.pt,minimax-3,minimax-3,models_7x7_v2\best.pt,p2_win,1.0
4560,models_7x7_v2\best.pt,minimax-3,minimax-3,models_7x7_v2\best.pt,p2_win,1.0
4561,minimax-2,minimax-3,minimax-2,minimax-3,p1_win,1.0
4562,minimax-2,minimax-3,minimax-2,minimax-3,p2_win,0.0
4563,minimax-2,minimax-3,minimax-2,minimax-3,p2_win,0.0
4564,minimax-2,minimax-3,minimax-2,minimax-3,p1_win,1.0
4565,minimax-2,minimax-3,minimax-2,minimax-3,p1_win,1.0
4566,minimax-2,minimax-3,minimax-2,minimax-3,p1_win,1.0
4567,minimax-2,minimax-3,minimax-2,minimax-3,p1_win,1.0
4568,minimax-2,minimax-3,minimax-2,minimax-3,p1_win,1.0
4569,minimax-2,minimax-3,minimax-2,minimax-3,p2_win,0.0
4570,minimax-2,minimax-3,minimax-2,minimax-3,p2_win,0.0
4571,minimax-2,minimax-3,minimax-2,minimax-3,p2_win,0.0
4572,minimax-2,minimax-3,minimax-2,minimax-3,p2_win,0.0
4573,minimax-2,minimax-3,minimax-2,minimax-3,p2_win,0.0
4574,minimax-2,minimax-3,minimax-2,minimax-3,p2_win,0.0
4575,minimax-2,minimax-3,minimax-2,minimax-3,p2_win,0.0
4576,minimax-2,minimax-3,minimax-3,minimax-2,p2_win,1.0
4577,minimax-2,minimax-3,minimax-3,minimax-2,p1_win,0.0
4578,minimax-2,minimax-3,minimax-3,minimax-2,p1_win,0.0
4579,minimax-2,minimax-3,minimax-3,minimax-2,p1_win,0.0
4580,minimax-2,minimax-3,minimax-3,minimax-2,p2_win,1.0
4581,minimax-2,minimax-3,minimax-3,minimax-2,p1_win,0.0
4582,minimax-2,minimax-3,minimax-3,minimax-2,p1_win,0.0
4583,minimax-2,minimax-3,minimax-3,minimax-2,p1_win,0.0
4584,minimax-2,minimax-3,minimax-3,minimax-2,p1_win,0.0
4585,minimax-2,minimax-3,minimax-3,minimax-2,p1_win,0.0
4586,minimax-2,minimax-3,minimax-3,minimax-2,p2_win,1.0
4587,minimax-2,minimax-3,minimax-3,minimax-2,p2_win,1.0
4588,minimax-2,minimax-3,minimax-3,minimax-2,p1_win,0.0
4589,minimax-2,minimax-3,minimax-3,minimax-2,p1_win,0.0
4590,minimax-2,minimax-3,minimax-3,minimax-2,p1_win,0.0
4591,models_7x7\supervised_extended.pt,cycle_0001,models_7x7\supervised_extended.pt,cycle_0001,p1_win,1.0
4592,models_7x7\supervised_extended.pt,cycle_0001,models_7x7\supervised_extended.pt,cycle_0001,p1_win,1.0
4593,models_7x7\supervised_extended.pt,cycle_0001,models_7x7\supervised_extended.pt,cycle_0001,p1_win,1.0
4594,models_7x7\supervised_extended.pt,cycle_0001,models_7x7\supervised_extended.pt,cycle_0001,p1_win,1.0
4595,models_7x7\supervised_extended.pt,cycle_0001,models_7x7\supervised_extended.pt,cycle_0001,p1_win,1.0
4596,models_7x7\supervised_extended.pt,cycle_0001,models_7x7\supervised_extended.pt,cycle_0001,p1_win,1.0
4597,models_7x7\supervised_extended.pt,cycle_0001,models_7x7\supervised_extended.pt,cycle_0001,p1_win,1.0
4598,models_7x7\supervised_extended.pt,cycle_0001,models_7x7\supervised_extended.pt,cycle_0001,p1_win,1.0
4599,models_7x7\supervised_extended.pt,cycle_0001,models_7x7\supervised_extended.pt,cycle_0001,p1_win,1.0
4600,models_7x7\supervised_extended.pt,cycle_0001,models_7x7\supervised_extended.pt,cycle_0001,p1_win,1.0
4601,models_7x7\supervised_extended.pt,cycle_0001,models_7x7\supervised_extended.pt,cycle_0001,p1_win,1.0
4602,models_7x7\supervised_extended.pt,cycle_0001,models_7x7\supervised_extended.pt,cycle_0001,p1_win,1.0
4603,models_7x7\supervised_extended.pt,cycle_0001,models_7x7\supervised_extended.pt,cycle_0001,p1_win,1.0
4604,models_7x7\supervised_extended.pt,cycle_0001,models_7x7\supervised_extended.pt,cycle_0001,p1_win,1.0
4605,models_7x7\supervised_extended.pt,cycle_0001,models_7x7\supervised_extended.pt,cycle_0001,p1_win,1.0
4606,models_7x7\supervised_extended.pt,cycle_0001,cycle_0001,models_7x7\supervised_extended.pt,p2_win,1.0
4607,models_7x7\supervised_extended.pt,cycle_0001,cycle_0001,models_7x7\supervised_extended.pt,p2_win,1.0
4608,models_7x7\supervised_extended.pt,cycle_0001,cycle_0001,models_7x7\supervised_extended.pt,p2_win,1.0
4609,models_7x7\supervised_extended.pt,cycle_0001,cycle_0001,models_7x7\supervised_extended.pt,p2_win,1.0
4610,models_7x7\supervised_extended.pt,cycle_0001,cycle_0001,models_7x7\supervised_extended.pt,p2_win,1.0
4611,models_7x7\supervised_extended.pt,cycle_0001,cycle_0001,models_7x7\supervised_extended.pt,p2_win,1.0
4612,models_7x7\supervised_extended.pt,cycle_0001,cycle_0001,models_7x7\supervised_extended.pt,p2_win,1.0
4613,models_7x7\supervised_extended.pt,cycle_0001,cycle_0001,models_7x7\supervised_extended.pt,p2_win,1.0
4614,models_7x7\supervised_extended.pt,cycle_0001,cycle_0001,models_7x7\supervised_extended.pt,p2_win,1.0
4615,models_7x7\supervised_extended.pt,cycle_0001,cycle_0001,models_7x7\supervised_extended.pt,p2_win,1.0
4616,models_7x7\supervised_extended.pt,cycle_0001,cycle_0001,models_7x7\supervised_extended.pt,p2_win,1.0
4617,models_7x7\supervised_extended.pt,cycle_0001,cycle_0001,models_7x7\supervised_extended.pt,p2_win,1.0
4618,models_7x7\supervised_extended.pt,cycle_0001,cycle_0001,models_7x7\supervised_extended.pt,p2_win,1.0
4619,models_7x7\supervised_extended.pt,cycle_0001,cycle_0001,models_7x7\supervised_extended.pt,p2_win,1.0
4620,models_7x7\supervised_extended.pt,cycle_0001,cycle_0001,models_7x7\supervised_extended.pt,p2_win,1.0
4621,models_7x7\supervised_extended.pt,cycle_0011,models_7x7\supervised_extended.pt,cycle_0011,p1_win,1.0
4622,models_7x7\supervised_extended.pt,cycle_0011,models_7x7\supervised_extended.pt,cycle_0011,p1_win,1.0
4623,models_7x7\supervised_extended.pt,cycle_0011,models_7x7\supervised_extended.pt,cycle_0011,p1_win,1.0
4624,models_7x7\supervised_extended.pt,cycle_0011,models_7x7\supervised_extended.pt,cycle_0011,p1_win,1.0
4625,models_7x7\supervised_extended.pt,cycle_0011,models_7x7\supervised_extended.pt,cycle_0011,p1_win,1.0
4626,models_7x7\supervised_extended.pt,cycle_0011,models_7x7\supervised_extended.pt,cycle_0011,p1_win,1.0
4627,models_7x7\supervised_extended.pt,cycle_0011,models_7x7\supervised_extended.pt,cycle_0011,p1_win,1.0
4628,models_7x7\supervised_extended.pt,cycle_0011,models_7x7\supervised_extended.pt,cycle_0011,p1_win,1.0
4629,models_7x7\supervised_extended.pt,cycle_0011,models_7x7\supervised_extended.pt,cycle_0011,p1_win,1.0
4630,models_7x7\supervised_extended.pt,cycle_0011,models_7x7\supervised_extended.pt,cycle_0011,p1_win,1.0
4631,models_7x7\supervised_extended.pt,cycle_0011,models_7x7\supervised_extended.pt,cycle_0011,p1_win,1.0
4632,models_7x7\supervised_extended.pt,cycle_0011,models_7x7\supervised_extended.pt,cycle_0011,p1_win,1.0
4633,models_7x7\supervised_extended.pt,cycle_0011,models_7x7\supervised_extended.pt,cycle_0011,p1_win,1.0
4634,models_7x7\supervised_extended.pt,cycle_0011,models_7x7\supervised_extended.pt,cycle_0011,p1_win,1.0
4635,models_7x7\supervised_extended.pt,cycle_0011,models_7x7\supervised_extended.pt,cycle_0011,p1_win,1.0
4636,models_7x7\supervised_extended.pt,cycle_0011,cycle_0011,models_7x7\supervised_extended.pt,p2_win,1.0
4637,models_7x7\supervised_extended.pt,cycle_0011,cycle_0011,models_7x7\supervised_extended.pt,p2_win,1.0
4638,models_7x7\supervised_extended.pt,cycle_0011,cycle_0011,models_7x7\supervised_extended.pt,p2_win,1.0
4639,models_7x7\supervised_extended.pt,cycle_0011,cycle_0011,models_7x7\supervised_extended.pt,p2_win,1.0
4640,models_7x7\supervised_extended.pt,cycle_0011,cycle_0011,models_7x7\supervised_extended.pt,p2_win,1.0
4641,models_7x7\supervised_extended.pt,cycle_0011,cycle_0011,models_7x7\supervised_extended.pt,p2_win,1.0
4642,models_7x7\supervised_extended.pt,cycle_0011,cycle_0011,models_7x7\supervised_extended.pt,p2_win,1.0
4643,models_7x7\supervised_extended.pt,cycle_0011,cycle_0011,models_7x7\supervised_extended.pt,p2_win,1.0
4644,models_7x7\supervised_extended.pt,cycle_0011,cycle_0011,models_7x7\supervised_extended.pt,p2_win,1.0
4645,models_7x7\supervised_extended.pt,cycle_0011,cycle_0011,models_7x7\supervised_extended.pt,p2_win,1.0
4646,models_7x7\supervised_extended.pt,cycle_0011,cycle_0011,models_7x7\supervised_extended.pt,p2_win,1.0
4647,models_7x7\supervised_extended.pt,cycle_0011,cycle_0011,models_7x7\supervised_extended.pt,p2_win,1.0
4648,models_7x7\supervised_extended.pt,cycle_0011,cycle_0011,models_7x7\supervised_extended.pt,p2_win,1.0
4649,models_7x7\supervised_extended.pt,cycle_0011,cycle_0011,models_7x7\supervised_extended.pt,p2_win,1.0
4650,models_7x7\supervised_extended.pt,cycle_0011,cycle_0011,models_7x7\supervised_extended.pt,p2_win,1.0
4651,models_7x7\supervised_extended.pt,cycle_0021,models_7x7\supervised_extended.pt,cycle_0021,p1_win,1.0
4652,models_7x7\supervised_extended.pt,cycle_0021,models_7x7\supervised_extended.pt,cycle_0021,p1_win,1.0
4653,models_7x7\supervised_extended.pt,cycle_0021,models_7x7\supervised_extended.pt,cycle_0021,p1_win,1.0
4654,models_7x7\supervised_extended.pt,cycle_0021,models_7x7\supervised_extended.pt,cycle_0021,p1_win,1.0
4655,models_7x7\supervised_extended.pt,cycle_0021,models_7x7\supervised_extended.pt,cycle_0021,p1_win,1.0
4656,models_7x7\supervised_extended.pt,cycle_0021,models_7x7\supervised_extended.pt,cycle_0021,p1_win,1.0
4657,models_7x7\supervised_extended.pt,cycle_0021,models_7x7\supervised_extended.pt,cycle_0021,p1_win,1.0
4658,models_7x7\supervised_extended.pt,cycle_0021,models_7x7\supervised_extended.pt,cycle_0021,p1_win,1.0
4659,models_7x7\supervised_extended.pt,cycle_0021,models_7x7\supervised_extended.pt,cycle_0021,p1_win,1.0
4660,models_7x7\supervised_extended.pt,cycle_0021,models_7x7\supervised_extended.pt,cycle_0021,p1_win,1.0
4661,models_7x7\supervised_extended.pt,cycle_0021,models_7x7\supervised_extended.pt,cycle_0021,p1_win,1.0
4662,models_7x7\supervised_extended.pt,cycle_0021,models_7x7\supervised_extended.pt,cycle_0021,p1_win,1.0
4663,models_7x7\supervised_extended.pt,cycle_0021,models_7x7\supervised_extended.pt,cycle_0021,p1_win,1.0
4664,models_7x7\supervised_extended.pt,cycle_0021,models_7x7\supervised_extended.pt,cycle_0021,p1_win,1.0
4665,models_7x7\supervised_extended.pt,cycle_0021,models_7x7\supervised_extended.pt,cycle_0021,draw,0.5
4666,models_7x7\supervised_extended.pt,cycle_0021,cycle_0021,models_7x7\supervised_extended.pt,p2_win,1.0
4667,models_7x7\supervised_extended.pt,cycle_0021,cycle_0021,models_7x7\supervised_extended.pt,p2_win,1.0
4668,models_7x7\supervised_extended.pt,cycle_0021,cycle_0021,models_7x7\supervised_extended.pt,p2_win,1.0
4669,models_7x7\supervised_extended.pt,cycle_0021,cycle_0021,models_7x7\supervised_extended.pt,p2_win,1.0
4670,models_7x7\supervised_extended.pt,cycle_0021,cycle_0021,models_7x7\supervised_extended.pt,p2_win,1.0
4671,models_7x7\supervised_extended.pt,cycle_0021,cycle_0021,models_7x7\supervised_extended.pt,p2_win,1.0
4672,models_7x7\supervised_extended.pt,cycle_0021,cycle_0021,models_7x7\supervised_extended.pt,p2_win,1.0
4673,models_7x7\supervised_extended.pt,cycle_0021,cycle_0021,models_7x7\supervised_extended.pt,p2_win,1.0
4674,models_7x7\supervised_extended.pt,cycle_0021,cycle_0021,models_7x7\supervised_extended.pt,p2_win,1.0
4675,models_7x7\supervised_extended.pt,cycle_0021,cycle_0021,models_7x7\supervised_extended.pt,p2_win,1.0
4676,models_7x7\supervised_extended.pt,cycle_0021,cycle_0021,models_7x7\supervised_extended.pt,p2_win,1.0
4677,models_7x7\supervised_extended.pt,cycle_0021,cycle_0021,models_7x7\supervised_extended.pt,p2_win,1.0
4678,models_7x7\supervised_extended.pt,cycle_0021,cycle_0021,models_7x7\supervised_extended.pt,p2_win,1.0
4679,models_7x7\supervised_extended.pt,cycle_0021,cycle_0021,models_7x7\supervised_extended.pt,p2_win,1.0
4680,models_7x7\supervised_extended.pt,cycle_0021,cycle_0021,models_7x7\supervised_extended.pt,p2_win,1.0
4681,models_7x7\supervised_extended.pt,cycle_0031,models_7x7\supervised_extended.pt,cycle_0031,p1_win,1.0
4682,models_7x7\supervised_extended.pt,cycle_0031,models_7x7\supervised_extended.pt,cycle_0031,p1_win,1.0
4683,models_7x7\supervised_extended.pt,cycle_0031,models_7x7\supervised_extended.pt,cycle_0031,p1_win,1.0
4684,models_7x7\supervised_extended.pt,cycle_0031,models_7x7\supervised_extended.pt,cycle_0031,p1_win,1.0
4685,models_7x7\supervised_extended.pt,cycle_0031,models_7x7\supervised_extended.pt,cycle_0031,p1_win,1.0
4686,models_7x7\supervised_extended.pt,cycle_0031,models_7x7\supervised_extended.pt,cycle_0031,p1_win,1.0
4687,models_7x7\supervised_extended.pt,cycle_0031,models_7x7\supervised_extended.pt,cycle_0031,p1_win,1.0
4688,models_7x7\supervised_extended.pt,cycle_0031,models_7x7\supervised_extended.pt,cycle_0031,p1_win,1.0
4689,models_7x7\supervised_extended.pt,cycle_0031,models_7x7\supervised_extended.pt,cycle_0031,p1_win,1.0
4690,models_7x7\supervised_extended.pt,cycle_0031,models_7x7\supervised_extended.pt,cycle_0031,p1_win,1.0
4691,models_7x7\supervised_extended.pt,cycle_0031,models_7x7\supervised_extended.pt,cycle_0031,p1_win,1.0
4692,models_7x7\supervised_extended.pt,cycle_0031,models_7x7\supervised_extended.pt,cycle_0031,p1_win,1.0
4693,models_7x7\supervised_extended.pt,cycle_0031,models_7x7\supervised_extended.pt,cycle_0031,p1_win,1.0
4694,models_7x7\supervised_extended.pt,cycle_0031,models_7x7\supervised_extended.pt,cycle_0031,p1_win,1.0
4695,models_7x7\supervised_extended.pt,cycle_0031,models_7x7\supervised_extended.pt,cycle_0031,p1_win,1.0
4696,models_7x7\supervised_extended.pt,cycle_0031,cycle_0031,models_7x7\supervised_extended.pt,p2_win,1.0
4697,models_7x7\supervised_extended.pt,cycle_0031,cycle_0031,models_7x7\supervised_extended.pt,p2_win,1.0
4698,models_7x7\supervised_extended.pt,cycle_0031,cycle_0031,models_7x7\supervised_extended.pt,p2_win,1.0
4699,models_7x7\supervised_extended.pt,cycle_0031,cycle_0031,models_7x7\supervised_extended.pt,p2_win,1.0
4700,models_7x7\supervised_extended.pt,cycle_0031,cycle_0031,models_7x7\supervised_extended.pt,p2_win,1.0
4701,models_7x7\supervised_extended.pt,cycle_0031,cycle_0031,models_7x7\supervised_extended.pt,p2_win,1.0
4702,models_7x7\supervised_extended.pt,cycle_0031,cycle_0031,models_7x7\supervised_extended.pt,p2_win,1.0
4703,models_7x7\supervised_extended.pt,cycle_0031,cycle_0031,models_7x7\supervised_extended.pt,p2_win,1.0
4704,models_7x7\supervised_extended.pt,cycle_0031,cycle_0031,models_7x7\supervised_extended.pt,p2_win,1.0
4705,models_7x7\supervised_extended.pt,cycle_0031,cycle_0031,models_7x7\supervised_extended.pt,p2_win,1.0
4706,models_7x7\supervised_extended.pt,cycle_0031,cycle_0031,models_7x7\supervised_extended.pt,p2_win,1.0
4707,models_7x7\supervised_extended.pt,cycle_0031,cycle_0031,models_7x7\supervised_extended.pt,p2_win,1.0
4708,models_7x7\supervised_extended.pt,cycle_0031,cycle_0031,models_7x7\supervised_extended.pt,p2_win,1.0
4709,models_7x7\supervised_extended.pt,cycle_0031,cycle_0031,models_7x7\supervised_extended.pt,p2_win,1.0
4710,models_7x7\supervised_extended.pt,cycle_0031,cycle_0031,models_7x7\supervised_extended.pt,p2_win,1.0
4711,models_7x7\supervised_extended.pt,cycle_0041,models_7x7\supervised_extended.pt,cycle_0041,p1_win,1.0
4712,models_7x7\supervised_extended.pt,cycle_0041,models_7x7\supervised_extended.pt,cycle_0041,p1_win,1.0
4713,models_7x7\supervised_extended.pt,cycle_0041,models_7x7\supervised_extended.pt,cycle_0041,draw,0.5
4714,models_7x7\supervised_extended.pt,cycle_0041,models_7x7\supervised_extended.pt,cycle_0041,p1_win,1.0
4715,models_7x7\supervised_extended.pt,cycle_0041,models_7x7\supervised_extended.pt,cycle_0041,p1_win,1.0
4716,models_7x7\supervised_extended.pt,cycle_0041,models_7x7\supervised_extended.pt,cycle_0041,p1_win,1.0
4717,models_7x7\supervised_extended.pt,cycle_0041,models_7x7\supervised_extended.pt,cycle_0041,p1_win,1.0
4718,models_7x7\supervised_extended.pt,cycle_0041,models_7x7\supervised_extended.pt,cycle_0041,p1_win,1.0
4719,models_7x7\supervised_extended.pt,cycle_0041,models_7x7\supervised_extended.pt,cycle_0041,p1_win,1.0
4720,models_7x7\supervised_extended.pt,cycle_0041,models_7x7\supervised_extended.pt,cycle_0041,p1_win,1.0
4721,models_7x7\supervised_extended.pt,cycle_0041,models_7x7\supervised_extended.pt,cycle_0041,p1_win,1.0
4722,models_7x7\supervised_extended.pt,cycle_0041,models_7x7\supervised_extended.pt,cycle_0041,p1_win,1.0
4723,models_7x7\supervised_extended.pt,cycle_0041,models_7x7\supervised_extended.pt,cycle_0041,p1_win,1.0
4724,models_7x7\supervised_extended.pt,cycle_0041,models_7x7\supervised_extended.pt,cycle_0041,p1_win,1.0
4725,models_7x7\supervised_extended.pt,cycle_0041,models_7x7\supervised_extended.pt,cycle_0041,p1_win,1.0
4726,models_7x7\supervised_extended.pt,cycle_0041,cycle_0041,models_7x7\supervised_extended.pt,p2_win,1.0
4727,models_7x7\supervised_extended.pt,cycle_0041,cycle_0041,models_7x7\supervised_extended.pt,p2_win,1.0
4728,models_7x7\supervised_extended.pt,cycle_0041,cycle_0041,models_7x7\supervised_extended.pt,p2_win,1.0
4729,models_7x7\supervised_extended.pt,cycle_0041,cycle_0041,models_7x7\supervised_extended.pt,p2_win,1.0
4730,models_7x7\supervised_extended.pt,cycle_0041,cycle_0041,models_7x7\supervised_extended.pt,draw,0.5
4731,models_7x7\supervised_extended.pt,cycle_0041,cycle_0041,models_7x7\supervised_extended.pt,p2_win,1.0
4732,models_7x7\supervised_extended.pt,cycle_0041,cycle_0041,models_7x7\supervised_extended.pt,p2_win,1.0
4733,models_7x7\supervised_extended.pt,cycle_0041,cycle_0041,models_7x7\supervised_extended.pt,p2_win,1.0
4734,models_7x7\supervised_extended.pt,cycle_0041,cycle_0041,models_7x7\supervised_extended.pt,p2_win,1.0
4735,models_7x7\supervised_extended.pt,cycle_0041,cycle_0041,models_7x7\supervised_extended.pt,p2_win,1.0
4736,models_7x7\supervised_extended.pt,cycle_0041,cycle_0041,models_7x7\supervised_extended.pt,p2_win,1.0
4737,models_7x7\supervised_extended.pt,cycle_0041,cycle_0041,models_7x7\supervised_extended.pt,p2_win,1.0
4738,models_7x7\supervised_extended.pt,cycle_0041,cycle_0041,models_7x7\supervised_extended.pt,p2_win,1.0
4739,models_7x7\supervised_extended.pt,cycle_0041,cycle_0041,models_7x7\supervised_extended.pt,p2_win,1.0
4740,models_7x7\supervised_extended.pt,cycle_0041,cycle_0041,models_7x7\supervised_extended.pt,p2_win,1.0
4741,models_7x7\supervised_extended.pt,cycle_0051,models_7x7\supervised_extended.pt,cycle_0051,p1_win,1.0
4742,models_7x7\supervised_extended.pt,cycle_0051,models_7x7\supervised_extended.pt,cycle_0051,p1_win,1.0
4743,models_7x7\supervised_extended.pt,cycle_0051,models_7x7\supervised_extended.pt,cycle_0051,p1_win,1.0
4744,models_7x7\supervised_extended.pt,cycle_0051,models_7x7\supervised_extended.pt,cycle_0051,p1_win,1.0
4745,models_7x7\supervised_extended.pt,cycle_0051,models_7x7\supervised_extended.pt,cycle_0051,p1_win,1.0
4746,models_7x7\supervised_extended.pt,cycle_0051,models_7x7\supervised_extended.pt,cycle_0051,p1_win,1.0
4747,models_7x7\supervised_extended.pt,cycle_0051,models_7x7\supervised_extended.pt,cycle_0051,p1_win,1.0
4748,models_7x7\supervised_extended.pt,cycle_0051,models_7x7\supervised_extended.pt,cycle_0051,p1_win,1.0
4749,models_7x7\supervised_extended.pt,cycle_0051,models_7x7\supervised_extended.pt,cycle_0051,p1_win,1.0
4750,models_7x7\supervised_extended.pt,cycle_0051,models_7x7\supervised_extended.pt,cycle_0051,p1_win,1.0
4751,models_7x7\supervised_extended.pt,cycle_0051,models_7x7\supervised_extended.pt,cycle_0051,p1_win,1.0
4752,models_7x7\supervised_extended.pt,cycle_0051,models_7x7\supervised_extended.pt,cycle_0051,p1_win,1.0
4753,models_7x7\supervised_extended.pt,cycle_0051,models_7x7\supervised_extended.pt,cycle_0051,p1_win,1.0
4754,models_7x7\supervised_extended.pt,cycle_0051,models_7x7\supervised_extended.pt,cycle_0051,p1_win,1.0
4755,models_7x7\supervised_extended.pt,cycle_0051,models_7x7\supervised_extended.pt,cycle_0051,p1_win,1.0
4756,models_7x7\supervised_extended.pt,cycle_0051,cycle_0051,models_7x7\supervised_extended.pt,p2_win,1.0
4757,models_7x7\supervised_extended.pt,cycle_0051,cycle_0051,models_7x7\supervised_extended.pt,p2_win,1.0
4758,models_7x7\supervised_extended.pt,cycle_0051,cycle_0051,models_7x7\supervised_extended.pt,p2_win,1.0
4759,models_7x7\supervised_extended.pt,cycle_0051,cycle_0051,models_7x7\supervised_extended.pt,p2_win,1.0
4760,models_7x7\supervised_extended.pt,cycle_0051,cycle_0051,models_7x7\supervised_extended.pt,p2_win,1.0
4761,models_7x7\supervised_extended.pt,cycle_0051,cycle_0051,models_7x7\supervised_extended.pt,p2_win,1.0
4762,models_7x7\supervised_extended.pt,cycle_0051,cycle_0051,models_7x7\supervised_extended.pt,p2_win,1.0
4763,models_7x7\supervised_extended.pt,cycle_0051,cycle_0051,models_7x7\supervised_extended.pt,p2_win,1.0
4764,models_7x7\supervised_extended.pt,cycle_0051,cycle_0051,models_7x7\supervised_extended.pt,p2_win,1.0
4765,models_7x7\supervised_extended.pt,cycle_0051,cycle_0051,models_7x7\supervised_extended.pt,p2_win,1.0
4766,models_7x7\supervised_extended.pt,cycle_0051,cycle_0051,models_7x7\supervised_extended.pt,p2_win,1.0
4767,models_7x7\supervised_extended.pt,cycle_0051,cycle_0051,models_7x7\supervised_extended.pt,p1_win,0.0
4768,models_7x7\supervised_extended.pt,cycle_0051,cycle_0051,models_7x7\supervised_extended.pt,p2_win,1.0
4769,models_7x7\supervised_extended.pt,cycle_0051,cycle_0051,models_7x7\supervised_extended.pt,p2_win,1.0
4770,models_7x7\supervised_extended.pt,cycle_0051,cycle_0051,models_7x7\supervised_extended.pt,p2_win,1.0
4771,models_7x7\supervised_extended.pt,cycle_0061,models_7x7\supervised_extended.pt,cycle_0061,p2_win,0.0
4772,models_7x7\supervised_extended.pt,cycle_0061,models_7x7\supervised_extended.pt,cycle_0061,p1_win,1.0
4773,models_7x7\supervised_extended.pt,cycle_0061,models_7x7\supervised_extended.pt,cycle_0061,p1_win,1.0
4774,models_7x7\supervised_extended.pt,cycle_0061,models_7x7\supervised_extended.pt,cycle_0061,p1_win,1.0
4775,models_7x7\supervised_extended.pt,cycle_0061,models_7x7\supervised_extended.pt,cycle_0061,p1_win,1.0
4776,models_7x7\supervised_extended.pt,cycle_0061,models_7x7\supervised_extended.pt,cycle_0061,p1_win,1.0
4777,models_7x7\supervised_extended.pt,cycle_0061,models_7x7\supervised_extended.pt,cycle_0061,p1_win,1.0
4778,models_7x7\supervised_extended.pt,cycle_0061,models_7x7\supervised_extended.pt,cycle_0061,p1_win,1.0
4779,models_7x7\supervised_extended.pt,cycle_0061,models_7x7\supervised_extended.pt,cycle_0061,p1_win,1.0
4780,models_7x7\supervised_extended.pt,cycle_0061,models_7x7\supervised_extended.pt,cycle_0061,p1_win,1.0
4781,models_7x7\supervised_extended.pt,cycle_0061,models_7x7\supervised_extended.pt,cycle_0061,p1_win,1.0
4782,models_7x7\supervised_extended.pt,cycle_0061,models_7x7\supervised_extended.pt,cycle_0061,p1_win,1.0
4783,models_7x7\supervised_extended.pt,cycle_0061,models_7x7\supervised_extended.pt,cycle_0061,p1_win,1.0
4784,models_7x7\supervised_extended.pt,cycle_0061,models_7x7\supervised_extended.pt,cycle_0061,p1_win,1.0
4785,models_7x7\supervised_extended.pt,cycle_0061,models_7x7\supervised_extended.pt,cycle_0061,p1_win,1.0
4786,models_7x7\supervised_extended.pt,cycle_0061,cycle_0061,models_7x7\supervised_extended.pt,p2_win,1.0
4787,models_7x7\supervised_extended.pt,cycle_0061,cycle_0061,models_7x7\supervised_extended.pt,p2_win,1.0
4788,models_7x7\supervised_extended.pt,cycle_0061,cycle_0061,models_7x7\supervised_extended.pt,p2_win,1.0
4789,models_7x7\supervised_extended.pt,cycle_0061,cycle_0061,models_7x7\supervised_extended.pt,p2_win,1.0
4790,models_7x7\supervised_extended.pt,cycle_0061,cycle_0061,models_7x7\supervised_extended.pt,p2_win,1.0
4791,models_7x7\supervised_extended.pt,cycle_0061,cycle_0061,models_7x7\supervised_extended.pt,p2_win,1.0
4792,models_7x7\supervised_extended.pt,cycle_0061,cycle_0061,models_7x7\supervised_extended.pt,p2_win,1.0
4793,models_7x7\supervised_extended.pt,cycle_0061,cycle_0061,models_7x7\supervised_extended.pt,p2_win,1.0
4794,models_7x7\supervised_extended.pt,cycle_0061,cycle_0061,models_7x7\supervised_extended.pt,p2_win,1.0
4795,models_7x7\supervised_extended.pt,cycle_0061,cycle_0061,models_7x7\supervised_extended.pt,p2_win,1.0
4796,models_7x7\supervised_extended.pt,cycle_0061,cycle_0061,models_7x7\supervised_extended.pt,p2_win,1.0
4797,models_7x7\supervised_extended.pt,cycle_0061,cycle_0061,models_7x7\supervised_extended.pt,p1_win,0.0
4798,models_7x7\supervised_extended.pt,cycle_0061,cycle_0061,models_7x7\supervised_extended.pt,p2_win,1.0
4799,models_7x7\supervised_extended.pt,cycle_0061,cycle_0061,models_7x7\supervised_extended.pt,p2_win,1.0
4800,models_7x7\supervised_extended.pt,cycle_0061,cycle_0061,models_7x7\supervised_extended.pt,p1_win,0.0
4801,models_7x7\supervised_extended.pt,cycle_0071,models_7x7\supervised_extended.pt,cycle_0071,p1_win,1.0
4802,models_7x7\supervised_extended.pt,cycle_0071,models_7x7\supervised_extended.pt,cycle_0071,p1_win,1.0
4803,models_7x7\supervised_extended.pt,cycle_0071,models_7x7\supervised_extended.pt,cycle_0071,p1_win,1.0
4804,models_7x7\supervised_extended.pt,cycle_0071,models_7x7\supervised_extended.pt,cycle_0071,p1_win,1.0
4805,models_7x7\supervised_extended.pt,cycle_0071,models_7x7\supervised_extended.pt,cycle_0071,p1_win,1.0
4806,models_7x7\supervised_extended.pt,cycle_0071,models_7x7\supervised_extended.pt,cycle_0071,p1_win,1.0
4807,models_7x7\supervised_extended.pt,cycle_0071,models_7x7\supervised_extended.pt,cycle_0071,p1_win,1.0
4808,models_7x7\supervised_extended.pt,cycle_0071,models_7x7\supervised_extended.pt,cycle_0071,p2_win,0.0
4809,models_7x7\supervised_extended.pt,cycle_0071,models_7x7\supervised_extended.pt,cycle_0071,p1_win,1.0
4810,models_7x7\supervised_extended.pt,cycle_0071,models_7x7\supervised_extended.pt,cycle_0071,p1_win,1.0
4811,models_7x7\supervised_extended.pt,cycle_0071,models_7x7\supervised_extended.pt,cycle_0071,p1_win,1.0
4812,models_7x7\supervised_extended.pt,cycle_0071,models_7x7\supervised_extended.pt,cycle_0071,p1_win,1.0
4813,models_7x7\supervised_extended.pt,cycle_0071,models_7x7\supervised_extended.pt,cycle_0071,p1_win,1.0
4814,models_7x7\supervised_extended.pt,cycle_0071,models_7x7\supervised_extended.pt,cycle_0071,p1_win,1.0
4815,models_7x7\supervised_extended.pt,cycle_0071,models_7x7\supervised_extended.pt,cycle_0071,p1_win,1.0
4816,models_7x7\supervised_extended.pt,cycle_0071,cycle_0071,models_7x7\supervised_extended.pt,p1_win,0.0
4817,models_7x7\supervised_extended.pt,cycle_0071,cycle_0071,models_7x7\supervised_extended.pt,p2_win,1.0
4818,models_7x7\supervised_extended.pt,cycle_0071,cycle_0071,models_7x7\supervised_extended.pt,p2_win,1.0
4819,models_7x7\supervised_extended.pt,cycle_0071,cycle_0071,models_7x7\supervised_extended.pt,p1_win,0.0
4820,models_7x7\supervised_extended.pt,cycle_0071,cycle_0071,models_7x7\supervised_extended.pt,p2_win,1.0
4821,models_7x7\supervised_extended.pt,cycle_0071,cycle_0071,models_7x7\supervised_extended.pt,p2_win,1.0
4822,models_7x7\supervised_extended.pt,cycle_0071,cycle_0071,models_7x7\supervised_extended.pt,p2_win,1.0
4823,models_7x7\supervised_extended.pt,cycle_0071,cycle_0071,models_7x7\supervised_extended.pt,p2_win,1.0
4824,models_7x7\supervised_extended.pt,cycle_0071,cycle_0071,models_7x7\supervised_extended.pt,p1_win,0.0
4825,models_7x7\supervised_extended.pt,cycle_0071,cycle_0071,models_7x7\supervised_extended.pt,p1_win,0.0
4826,models_7x7\supervised_extended.pt,cycle_0071,cycle_0071,models_7x7\supervised_extended.pt,p2_win,1.0
4827,models_7x7\supervised_extended.pt,cycle_0071,cycle_0071,models_7x7\supervised_extended.pt,p1_win,0.0
4828,models_7x7\supervised_extended.pt,cycle_0071,cycle_0071,models_7x7\supervised_extended.pt,p1_win,0.0
4829,models_7x7\supervised_extended.pt,cycle_0071,cycle_0071,models_7x7\supervised_extended.pt,p2_win,1.0
4830,models_7x7\supervised_extended.pt,cycle_0071,cycle_0071,models_7x7\supervised_extended.pt,p2_win,1.0
4831,models_7x7\supervised_extended.pt,cycle_0081,models_7x7\supervised_extended.pt,cycle_0081,p1_win,1.0
4832,models_7x7\supervised_extended.pt,cycle_0081,models_7x7\supervised_extended.pt,cycle_0081,p1_win,1.0
4833,models_7x7\supervised_extended.pt,cycle_0081,models_7x7\supervised_extended.pt,cycle_0081,p2_win,0.0
4834,models_7x7\supervised_extended.pt,cycle_0081,models_7x7\supervised_extended.pt,cycle_0081,p1_win,1.0
4835,models_7x7\supervised_extended.pt,cycle_0081,models_7x7\supervised_extended.pt,cycle_0081,p2_win,0.0
4836,models_7x7\supervised_extended.pt,cycle_0081,models_7x7\supervised_extended.pt,cycle_0081,p1_win,1.0
4837,models_7x7\supervised_extended.pt,cycle_0081,models_7x7\supervised_extended.pt,cycle_0081,p1_win,1.0
4838,models_7x7\supervised_extended.pt,cycle_0081,models_7x7\supervised_extended.pt,cycle_0081,p1_win,1.0
4839,models_7x7\supervised_extended.pt,cycle_0081,models_7x7\supervised_extended.pt,cycle_0081,p1_win,1.0
4840,models_7x7\supervised_extended.pt,cycle_0081,models_7x7\supervised_extended.pt,cycle_0081,p1_win,1.0
4841,models_7x7\supervised_extended.pt,cycle_0081,models_7x7\supervised_extended.pt,cycle_0081,p1_win,1.0
4842,models_7x7\supervised_extended.pt,cycle_0081,models_7x7\supervised_extended.pt,cycle_0081,p1_win,1.0
4843,models_7x7\supervised_extended.pt,cycle_0081,models_7x7\supervised_extended.pt,cycle_0081,p1_win,1.0
4844,models_7x7\supervised_extended.pt,cycle_0081,models_7x7\supervised_extended.pt,cycle_0081,p1_win,1.0
4845,models_7x7\supervised_extended.pt,cycle_0081,models_7x7\supervised_extended.pt,cycle_0081,p1_win,1.0
4846,models_7x7\supervised_extended.pt,cycle_0081,cycle_0081,models_7x7\supervised_extended.pt,p2_win,1.0
4847,models_7x7\supervised_extended.pt,cycle_0081,cycle_0081,models_7x7\supervised_extended.pt,p1_win,0.0
4848,models_7x7\supervised_extended.pt,cycle_0081,cycle_0081,models_7x7\supervised_extended.pt,p2_win,1.0
4849,models_7x7\supervised_extended.pt,cycle_0081,cycle_0081,models_7x7\supervised_extended.pt,p1_win,0.0
4850,models_7x7\supervised_extended.pt,cycle_0081,cycle_0081,models_7x7\supervised_extended.pt,p1_win,0.0
4851,models_7x7\supervised_extended.pt,cycle_0081,cycle_0081,models_7x7\supervised_extended.pt,p1_win,0.0
4852,models_7x7\supervised_extended.pt,cycle_0081,cycle_0081,models_7x7\supervised_extended.pt,p2_win,1.0
4853,models_7x7\supervised_extended.pt,cycle_0081,cycle_0081,models_7x7\supervised_extended.pt,p1_win,0.0
4854,models_7x7\supervised_extended.pt,cycle_0081,cycle_0081,models_7x7\supervised_extended.pt,p2_win,1.0
4855,models_7x7\supervised_extended.pt,cycle_0081,cycle_0081,models_7x7\supervised_extended.pt,p2_win,1.0
4856,models_7x7\supervised_extended.pt,cycle_0081,cycle_0081,models_7x7\supervised_extended.pt,p1_win,0.0
4857,models_7x7\supervised_extended.pt,cycle_0081,cycle_0081,models_7x7\supervised_extended.pt,p1_win,0.0
4858,models_7x7\supervised_extended.pt,cycle_0081,cycle_0081,models_7x7\supervised_extended.pt,p2_win,1.0
4859,models_7x7\supervised_extended.pt,cycle_0081,cycle_0081,models_7x7\supervised_extended.pt,p1_win,0.0
4860,models_7x7\supervised_extended.pt,cycle_0081,cycle_0081,models_7x7\supervised_extended.pt,p1_win,0.0
4861,models_7x7\supervised_extended.pt,cycle_0091,models_7x7\supervised_extended.pt,cycle_0091,p1_win,1.0
4862,models_7x7\supervised_extended.pt,cycle_0091,models_7x7\supervised_extended.pt,cycle_0091,p1_win,1.0
4863,models_7x7\supervised_extended.pt,cycle_0091,models_7x7\supervised_extended.pt,cycle_0091,p1_win,1.0
4864,models_7x7\supervised_extended.pt,cycle_0091,models_7x7\supervised_extended.pt,cycle_0091,p2_win,0.0
4865,models_7x7\supervised_extended.pt,cycle_0091,models_7x7\supervised_extended.pt,cycle_0091,p1_win,1.0
4866,models_7x7\supervised_extended.pt,cycle_0091,models_7x7\supervised_extended.pt,cycle_0091,p1_win,1.0
4867,models_7x7\supervised_extended.pt,cycle_0091,models_7x7\supervised_extended.pt,cycle_0091,p1_win,1.0
4868,models_7x7\supervised_extended.pt,cycle_0091,models_7x7\supervised_extended.pt,cycle_0091,p1_win,1.0
4869,models_7x7\supervised_extended.pt,cycle_0091,models_7x7\supervised_extended.pt,cycle_0091,p1_win,1.0
4870,models_7x7\supervised_extended.pt,cycle_0091,models_7x7\supervised_extended.pt,cycle_0091,p1_win,1.0
4871,models_7x7\supervised_extended.pt,cycle_0091,models_7x7\supervised_extended.pt,cycle_0091,p1_win,1.0
4872,models_7x7\supervised_extended.pt,cycle_0091,models_7x7\supervised_extended.pt,cycle_0091,p1_win,1.0
4873,models_7x7\supervised_extended.pt,cycle_0091,models_7x7\supervised_extended.pt,cycle_0091,p1_win,1.0
4874,models_7x7\supervised_extended.pt,cycle_0091,models_7x7\supervised_extended.pt,cycle_0091,p1_win,1.0
4875,models_7x7\supervised_extended.pt,cycle_0091,models_7x7\supervised_extended.pt,cycle_0091,p1_win,1.0
4876,models_7x7\supervised_extended.pt,cycle_0091,cycle_0091,models_7x7\supervised_extended.pt,p1_win,0.0
4877,models_7x7\supervised_extended.pt,cycle_0091,cycle_0091,models_7x7\supervised_extended.pt,p1_win,0.0
4878,models_7x7\supervised_extended.pt,cycle_0091,cycle_0091,models_7x7\supervised_extended.pt,p1_win,0.0
4879,models_7x7\supervised_extended.pt,cycle_0091,cycle_0091,models_7x7\supervised_extended.pt,p1_win,0.0
4880,models_7x7\supervised_extended.pt,cycle_0091,cycle_0091,models_7x7\supervised_extended.pt,p1_win,0.0
4881,models_7x7\supervised_extended.pt,cycle_0091,cycle_0091,models_7x7\supervised_extended.pt,p1_win,0.0
4882,models_7x7\supervised_extended.pt,cycle_0091,cycle_0091,models_7x7\supervised_extended.pt,p1_win,0.0
4883,models_7x7\supervised_extended.pt,cycle_0091,cycle_0091,models_7x7\supervised_extended.pt,p1_win,0.0
4884,models_7x7\supervised_extended.pt,cycle_0091,cycle_0091,models_7x7\supervised_extended.pt,p1_win,0.0
4885,models_7x7\supervised_extended.pt,cycle_0091,cycle_0091,models_7x7\supervised_extended.pt,p1_win,0.0
4886,models_7x7\supervised_extended.pt,cycle_0091,cycle_0091,models_7x7\supervised_extended.pt,p1_win,0.0
4887,models_7x7\supervised_extended.pt,cycle_0091,cycle_0091,models_7x7\supervised_extended.pt,p1_win,0.0
4888,models_7x7\supervised_extended.pt,cycle_0091,cycle_0091,models_7x7\supervised_extended.pt,p1_win,0.0
4889,models_7x7\supervised_extended.pt,cycle_0091,cycle_0091,models_7x7\supervised_extended.pt,p1_win,0.0
4890,models_7x7\supervised_extended.pt,cycle_0091,cycle_0091,models_7x7\supervised_extended.pt,p1_win,0.0
4891,models_7x7\supervised_extended.pt,cycle_0101,models_7x7\supervised_extended.pt,cycle_0101,p1_win,1.0
4892,models_7x7\supervised_extended.pt,cycle_0101,models_7x7\supervised_extended.pt,cycle_0101,p2_win,0.0
4893,models_7x7\supervised_extended.pt,cycle_0101,models_7x7\supervised_extended.pt,cycle_0101,p1_win,1.0
4894,models_7x7\supervised_extended.pt,cycle_0101,models_7x7\supervised_extended.pt,cycle_0101,p1_win,1.0
4895,models_7x7\supervised_extended.pt,cycle_0101,models_7x7\supervised_extended.pt,cycle_0101,p1_win,1.0
4896,models_7x7\supervised_extended.pt,cycle_0101,models_7x7\supervised_extended.pt,cycle_0101,p1_win,1.0
4897,models_7x7\supervised_extended.pt,cycle_0101,models_7x7\supervised_extended.pt,cycle_0101,p1_win,1.0
4898,models_7x7\supervised_extended.pt,cycle_0101,models_7x7\supervised_extended.pt,cycle_0101,p1_win,1.0
4899,models_7x7\supervised_extended.pt,cycle_0101,models_7x7\supervised_extended.pt,cycle_0101,p1_win,1.0
4900,models_7x7\supervised_extended.pt,cycle_0101,models_7x7\supervised_extended.pt,cycle_0101,p1_win,1.0
4901,models_7x7\supervised_extended.pt,cycle_0101,models_7x7\supervised_extended.pt,cycle_0101,p1_win,1.0
4902,models_7x7\supervised_extended.pt,cycle_0101,models_7x7\supervised_extended.pt,cycle_0101,p2_win,0.0
4903,models_7x7\supervised_extended.pt,cycle_0101,models_7x7\supervised_extended.pt,cycle_0101,p1_win,1.0
4904,models_7x7\supervised_extended.pt,cycle_0101,models_7x7\supervised_extended.pt,cycle_0101,p1_win,1.0
4905,models_7x7\supervised_extended.pt,cycle_0101,models_7x7\supervised_extended.pt,cycle_0101,p1_win,1.0
4906,models_7x7\supervised_extended.pt,cycle_0101,cycle_0101,models_7x7\supervised_extended.pt,p1_win,0.0
4907,models_7x7\supervised_extended.pt,cycle_0101,cycle_0101,models_7x7\supervised_extended.pt,p2_win,1.0
4908,models_7x7\supervised_extended.pt,cycle_0101,cycle_0101,models_7x7\supervised_extended.pt,p2_win,1.0
4909,models_7x7\supervised_extended.pt,cycle_0101,cycle_0101,models_7x7\supervised_extended.pt,p2_win,1.0
4910,models_7x7\supervised_extended.pt,cycle_0101,cycle_0101,models_7x7\supervised_extended.pt,p1_win,0.0
4911,models_7x7\supervised_extended.pt,cycle_0101,cycle_0101,models_7x7\supervised_extended.pt,p1_win,0.0
4912,models_7x7\supervised_extended.pt,cycle_0101,cycle_0101,models_7x7\supervised_extended.pt,p2_win,1.0
4913,models_7x7\supervised_extended.pt,cycle_0101,cycle_0101,models_7x7\supervised_extended.pt,p2_win,1.0
4914,models_7x7\supervised_extended.pt,cycle_0101,cycle_0101,models_7x7\supervised_extended.pt,p1_win,0.0
4915,models_7x7\supervised_extended.pt,cycle_0101,cycle_0101,models_7x7\supervised_extended.pt,p2_win,1.0
4916,models_7x7\supervised_extended.pt,cycle_0101,cycle_0101,models_7x7\supervised_extended.pt,p1_win,0.0
4917,models_7x7\supervised_extended.pt,cycle_0101,cycle_0101,models_7x7\supervised_extended.pt,p1_win,0.0
4918,models_7x7\supervised_extended.pt,cycle_0101,cycle_0101,models_7x7\supervised_extended.pt,p1_win,0.0
4919,models_7x7\supervised_extended.pt,cycle_0101,cycle_0101,models_7x7\supervised_extended.pt,p2_win,1.0
4920,models_7x7\supervised_extended.pt,cycle_0101,cycle_0101,models_7x7\supervised_extended.pt,p2_win,1.0
4921,models_7x7\supervised_extended.pt,cycle_0111,models_7x7\supervised_extended.pt,cycle_0111,p2_win,0.0
4922,models_7x7\supervised_extended.pt,cycle_0111,models_7x7\supervised_extended.pt,cycle_0111,p2_win,0.0
4923,models_7x7\supervised_extended.pt,cycle_0111,models_7x7\supervised_extended.pt,cycle_0111,p2_win,0.0
4924,models_7x7\supervised_extended.pt,cycle_0111,models_7x7\supervised_extended.pt,cycle_0111,p1_win,1.0
4925,models_7x7\supervised_extended.pt,cycle_0111,models_7x7\supervised_extended.pt,cycle_0111,p2_win,0.0
4926,models_7x7\supervised_extended.pt,cycle_0111,models_7x7\supervised_extended.pt,cycle_0111,p2_win,0.0
4927,models_7x7\supervised_extended.pt,cycle_0111,models_7x7\supervised_extended.pt,cycle_0111,p2_win,0.0
4928,models_7x7\supervised_extended.pt,cycle_0111,models_7x7\supervised_extended.pt,cycle_0111,p2_win,0.0
4929,models_7x7\supervised_extended.pt,cycle_0111,models_7x7\supervised_extended.pt,cycle_0111,p1_win,1.0
4930,models_7x7\supervised_extended.pt,cycle_0111,models_7x7\supervised_extended.pt,cycle_0111,p2_win,0.0
4931,models_7x7\supervised_extended.pt,cycle_0111,models_7x7\supervised_extended.pt,cycle_0111,p1_win,1.0
4932,models_7x7\supervised_extended.pt,cycle_0111,models_7x7\supervised_extended.pt,cycle_0111,p2_win,0.0
4933,models_7x7\supervised_extended.pt,cycle_0111,models_7x7\supervised_extended.pt,cycle_0111,p2_win,0.0
4934,models_7x7\supervised_extended.pt,cycle_0111,models_7x7\supervised_extended.pt,cycle_0111,p2_win,0.0
4935,models_7x7\supervised_extended.pt,cycle_0111,models_7x7\supervised_extended.pt,cycle_0111,p2_win,0.0
4936,models_7x7\supervised_extended.pt,cycle_0111,cycle_0111,models_7x7\supervised_extended.pt,p2_win,1.0
4937,models_7x7\supervised_extended.pt,cycle_0111,cycle_0111,models_7x7\supervised_extended.pt,p2_win,1.0
4938,models_7x7\supervised_extended.pt,cycle_0111,cycle_0111,models_7x7\supervised_extended.pt,p1_win,0.0
4939,models_7x7\supervised_extended.pt,cycle_0111,cycle_0111,models_7x7\supervised_extended.pt,p1_win,0.0
4940,models_7x7\supervised_extended.pt,cycle_0111,cycle_0111,models_7x7\supervised_extended.pt,p2_win,1.0
4941,models_7x7\supervised_extended.pt,cycle_0111,cycle_0111,models_7x7\supervised_extended.pt,p2_win,1.0
4942,models_7x7\supervised_extended.pt,cycle_0111,cycle_0111,models_7x7\supervised_extended.pt,p2_win,1.0
4943,models_7x7\supervised_extended.pt,cycle_0111,cycle_0111,models_7x7\supervised_extended.pt,p1_win,0.0
4944,models_7x7\supervised_extended.pt,cycle_0111,cycle_0111,models_7x7\supervised_extended.pt,p2_win,1.0
4945,models_7x7\supervised_extended.pt,cycle_0111,cycle_0111,models_7x7\supervised_extended.pt,p1_win,0.0
4946,models_7x7\supervised_extended.pt,cycle_0111,cycle_0111,models_7x7\supervised_extended.pt,p2_win,1.0
4947,models_7x7\supervised_extended.pt,cycle_0111,cycle_0111,models_7x7\supervised_extended.pt,p1_win,0.0
4948,models_7x7\supervised_extended.pt,cycle_0111,cycle_0111,models_7x7\supervised_extended.pt,p2_win,1.0
4949,models_7x7\supervised_extended.pt,cycle_0111,cycle_0111,models_7x7\supervised_extended.pt,p1_win,0.0
4950,models_7x7\supervised_extended.pt,cycle_0111,cycle_0111,models_7x7\supervised_extended.pt,p2_win,1.0
4951,models_7x7\supervised_extended.pt,cycle_0121,models_7x7\supervised_extended.pt,cycle_0121,p2_win,0.0
4952,models_7x7\supervised_extended.pt,cycle_0121,models_7x7\supervised_extended.pt,cycle_0121,p2_win,0.0
4953,models_7x7\supervised_extended.pt,cycle_0121,models_7x7\supervised_extended.pt,cycle_0121,p1_win,1.0
4954,models_7x7\supervised_extended.pt,cycle_0121,models_7x7\supervised_extended.pt,cycle_0121,p2_win,0.0
4955,models_7x7\supervised_extended.pt,cycle_0121,models_7x7\supervised_extended.pt,cycle_0121,p2_win,0.0
4956,models_7x7\supervised_extended.pt,cycle_0121,models_7x7\supervised_extended.pt,cycle_0121,p2_win,0.0
4957,models_7x7\supervised_extended.pt,cycle_0121,models_7x7\supervised_extended.pt,cycle_0121,p2_win,0.0
4958,models_7x7\supervised_extended.pt,cycle_0121,models_7x7\supervised_extended.pt,cycle_0121,p2_win,0.0
4959,models_7x7\supervised_extended.pt,cycle_0121,models_7x7\supervised_extended.pt,cycle_0121,p2_win,0.0
4960,models_7x7\supervised_extended.pt,cycle_0121,models_7x7\supervised_extended.pt,cycle_0121,p2_win,0.0
4961,models_7x7\supervised_extended.pt,cycle_0121,models_7x7\supervised_extended.pt,cycle_0121,p2_win,0.0
4962,models_7x7\supervised_extended.pt,cycle_0121,models_7x7\supervised_extended.pt,cycle_0121,p1_win,1.0
4963,models_7x7\supervised_extended.pt,cycle_0121,models_7x7\supervised_extended.pt,cycle_0121,p1_win,1.0
4964,models_7x7\supervised_extended.pt,cycle_0121,models_7x7\supervised_extended.pt,cycle_0121,p2_win,0.0
4965,models_7x7\supervised_extended.pt,cycle_0121,models_7x7\supervised_extended.pt,cycle_0121,p2_win,0.0
4966,models_7x7\supervised_extended.pt,cycle_0121,cycle_0121,models_7x7\supervised_extended.pt,p2_win,1.0
4967,models_7x7\supervised_extended.pt,cycle_0121,cycle_0121,models_7x7\supervised_extended.pt,p2_win,1.0
4968,models_7x7\supervised_extended.pt,cycle_0121,cycle_0121,models_7x7\supervised_extended.pt,p2_win,1.0
4969,models_7x7\supervised_extended.pt,cycle_0121,cycle_0121,models_7x7\supervised_extended.pt,p2_win,1.0
4970,models_7x7\supervised_extended.pt,cycle_0121,cycle_0121,models_7x7\supervised_extended.pt,p2_win,1.0
4971,models_7x7\supervised_extended.pt,cycle_0121,cycle_0121,models_7x7\supervised_extended.pt,p2_win,1.0
4972,models_7x7\supervised_extended.pt,cycle_0121,cycle_0121,models_7x7\supervised_extended.pt,p2_win,1.0
4973,models_7x7\supervised_extended.pt,cycle_0121,cycle_0121,models_7x7\supervised_extended.pt,p2_win,1.0
4974,models_7x7\supervised_extended.pt,cycle_0121,cycle_0121,models_7x7\supervised_extended.pt,p2_win,1.0
4975,models_7x7\supervised_extended.pt,cycle_0121,cycle_0121,models_7x7\supervised_extended.pt,p2_win,1.0
4976,models_7x7\supervised_extended.pt,cycle_0121,cycle_0121,models_7x7\supervised_extended.pt,p2_win,1.0
4977,models_7x7\supervised_extended.pt,cycle_0121,cycle_0121,models_7x7\supervised_extended.pt,p2_win,1.0
4978,models_7x7\supervised_extended.pt,cycle_0121,cycle_0121,models_7x7\supervised_extended.pt,p2_win,1.0
4979,models_7x7\supervised_extended.pt,cycle_0121,cycle_0121,models_7x7\supervised_extended.pt,p2_win,1.0
4980,models_7x7\supervised_extended.pt,cycle_0121,cycle_0121,models_7x7\supervised_extended.pt,p2_win,1.0
4981,models_7x7\supervised_extended.pt,cycle_0131,models_7x7\supervised_extended.pt,cycle_0131,p2_win,0.0
4982,models_7x7\supervised_extended.pt,cycle_0131,models_7x7\supervised_extended.pt,cycle_0131,p1_win,1.0
4983,models_7x7\supervised_extended.pt,cycle_0131,models_7x7\supervised_extended.pt,cycle_0131,p1_win,1.0
4984,models_7x7\supervised_extended.pt,cycle_0131,models_7x7\supervised_extended.pt,cycle_0131,p2_win,0.0
4985,models_7x7\supervised_extended.pt,cycle_0131,models_7x7\supervised_extended.pt,cycle_0131,p2_win,0.0
4986,models_7x7\supervised_extended.pt,cycle_0131,models_7x7\supervised_extended.pt,cycle_0131,p2_win,0.0
4987,models_7x7\supervised_extended.pt,cycle_0131,models_7x7\supervised_extended.pt,cycle_0131,p2_win,0.0
4988,models_7x7\supervised_extended.pt,cycle_0131,models_7x7\supervised_extended.pt,cycle_0131,p2_win,0.0
4989,models_7x7\supervised_extended.pt,cycle_0131,models_7x7\supervised_extended.pt,cycle_0131,p2_win,0.0
4990,models_7x7\supervised_extended.pt,cycle_0131,models_7x7\supervised_extended.pt,cycle_0131,p2_win,0.0
4991,models_7x7\supervised_extended.pt,cycle_0131,models_7x7\supervised_extended.pt,cycle_0131,p1_win,1.0
4992,models_7x7\supervised_extended.pt,cycle_0131,models_7x7\supervised_extended.pt,cycle_0131,p2_win,0.0
4993,models_7x7\supervised_extended.pt,cycle_0131,models_7x7\supervised_extended.pt,cycle_0131,p2_win,0.0
4994,models_7x7\supervised_extended.pt,cycle_0131,models_7x7\supervised_extended.pt,cycle_0131,p2_win,0.0
4995,models_7x7\supervised_extended.pt,cycle_0131,models_7x7\supervised_extended.pt,cycle_0131,p2_win,0.0
4996,models_7x7\supervised_extended.pt,cycle_0131,cycle_0131,models_7x7\supervised_extended.pt,p2_win,1.0
4997,models_7x7\supervised_extended.pt,cycle_0131,cycle_0131,models_7x7\supervised_extended.pt,p1_win,0.0
4998,models_7x7\supervised_extended.pt,cycle_0131,cycle_0131,models_7x7\supervised_extended.pt,p1_win,0.0
4999,models_7x7\supervised_extended.pt,cycle_0131,cycle_0131,models_7x7\supervised_extended.pt,p2_win,1.0
5000,models_7x7\supervised_extended.pt,cycle_0131,cycle_0131,models_7x7\supervised_extended.pt,p1_win,0.0
5001,models_7x7\supervised_extended.pt,cycle_0131,cycle_0131,models_7x7\supervised_extended.pt,p2_win,1.0
5002,models_7x7\supervised_extended.pt,cycle_0131,cycle_0131,models_7x7\supervised_extended.pt,p2_win,1.0
5003,models_7x7\supervised_extended.pt,cycle_0131,cycle_0131,models_7x7\supervised_extended.pt,p2_win,1.0
5004,models_7x7\supervised_extended.pt,cycle_0131,cycle_0131,models_7x7\supervised_extended.pt,p1_win,0.0
5005,models_7x7\supervised_extended.pt,cycle_0131,cycle_0131,models_7x7\supervised_extended.pt,p1_win,0.0
5006,models_7x7\supervised_extended.pt,cycle_0131,cycle_0131,models_7x7\supervised_extended.pt,p1_win,0.0
5007,models_7x7\supervised_extended.pt,cycle_0131,cycle_0131,models_7x7\supervised_extended.pt,p1_win,0.0
5008,models_7x7\supervised_extended.pt,cycle_0131,cycle_0131,models_7x7\supervised_extended.pt,p1_win,0.0
5009,models_7x7\supervised_extended.pt,cycle_0131,cycle_0131,models_7x7\supervised_extended.pt,p1_win,0.0
5010,models_7x7\supervised_extended.pt,cycle_0131,cycle_0131,models_7x7\supervised_extended.pt,p1_win,0.0
5011,models_7x7\supervised_extended.pt,cycle_0141,models_7x7\supervised_extended.pt,cycle_0141,p1_win,1.0
5012,models_7x7\supervised_extended.pt,cycle_0141,models_7x7\supervised_extended.pt,cycle_0141,p2_win,0.0
5013,models_7x7\supervised_extended.pt,cycle_0141,models_7x7\supervised_extended.pt,cycle_0141,p1_win,1.0
5014,models_7x7\supervised_extended.pt,cycle_0141,models_7x7\supervised_extended.pt,cycle_0141,p2_win,0.0
5015,models_7x7\supervised_extended.pt,cycle_0141,models_7x7\supervised_extended.pt,cycle_0141,p1_win,1.0
5016,models_7x7\supervised_extended.pt,cycle_0141,models_7x7\supervised_extended.pt,cycle_0141,p1_win,1.0
5017,models_7x7\supervised_extended.pt,cycle_0141,models_7x7\supervised_extended.pt,cycle_0141,p1_win,1.0
5018,models_7x7\supervised_extended.pt,cycle_0141,models_7x7\supervised_extended.pt,cycle_0141,p1_win,1.0
5019,models_7x7\supervised_extended.pt,cycle_0141,models_7x7\supervised_extended.pt,cycle_0141,p2_win,0.0
5020,models_7x7\supervised_extended.pt,cycle_0141,models_7x7\supervised_extended.pt,cycle_0141,p1_win,1.0
5021,models_7x7\supervised_extended.pt,cycle_0141,models_7x7\supervised_extended.pt,cycle_0141,p1_win,1.0
5022,models_7x7\supervised_extended.pt,cycle_0141,models_7x7\supervised_extended.pt,cycle_0141,p2_win,0.0
5023,models_7x7\supervised_extended.pt,cycle_0141,models_7x7\supervised_extended.pt,cycle_0141,p2_win,0.0
5024,models_7x7\supervised_extended.pt,cycle_0141,models_7x7\supervised_extended.pt,cycle_0141,p1_win,1.0
5025,models_7x7\supervised_extended.pt,cycle_0141,models_7x7\supervised_extended.pt,cycle_0141,p2_win,0.0
5026,models_7x7\supervised_extended.pt,cycle_0141,cycle_0141,models_7x7\supervised_extended.pt,p2_win,1.0
5027,models_7x7\supervised_extended.pt,cycle_0141,cycle_0141,models_7x7\supervised_extended.pt,p2_win,1.0
5028,models_7x7\supervised_extended.pt,cycle_0141,cycle_0141,models_7x7\supervised_extended.pt,p2_win,1.0
5029,models_7x7\supervised_extended.pt,cycle_0141,cycle_0141,models_7x7\supervised_extended.pt,p2_win,1.0
5030,models_7x7\supervised_extended.pt,cycle_0141,cycle_0141,models_7x7\supervised_extended.pt,p2_win,1.0
5031,models_7x7\supervised_extended.pt,cycle_0141,cycle_0141,models_7x7\supervised_extended.pt,p2_win,1.0
5032,models_7x7\supervised_extended.pt,cycle_0141,cycle_0141,models_7x7\supervised_extended.pt,p2_win,1.0
5033,models_7x7\supervised_extended.pt,cycle_0141,cycle_0141,models_7x7\supervised_extended.pt,p2_win,1.0
5034,models_7x7\supervised_extended.pt,cycle_0141,cycle_0141,models_7x7\supervised_extended.pt,p2_win,1.0
5035,models_7x7\supervised_extended.pt,cycle_0141,cycle_0141,models_7x7\supervised_extended.pt,p2_win,1.0
5036,models_7x7\supervised_extended.pt,cycle_0141,cycle_0141,models_7x7\supervised_extended.pt,p2_win,1.0
5037,models_7x7\supervised_extended.pt,cycle_0141,cycle_0141,models_7x7\supervised_extended.pt,p2_win,1.0
5038,models_7x7\supervised_extended.pt,cycle_0141,cycle_0141,models_7x7\supervised_extended.pt,p2_win,1.0
5039,models_7x7\supervised_extended.pt,cycle_0141,cycle_0141,models_7x7\supervised_extended.pt,p2_win,1.0
5040,models_7x7\supervised_extended.pt,cycle_0141,cycle_0141,models_7x7\supervised_extended.pt,p2_win,1.0
5041,models_7x7\supervised_extended.pt,models_7x7_v2\best.pt,models_7x7\supervised_extended.pt,models_7x7_v2\best.pt,p1_win,1.0
5042,models_7x7\supervised_extended.pt,models_7x7_v2\best.pt,models_7x7\supervised_extended.pt,models_7x7_v2\best.pt,p1_win,1.0
5043,models_7x7\supervised_extended.pt,models_7x7_v2\best.pt,models_7x7\supervised_extended.pt,models_7x7_v2\best.pt,p1_win,1.0
5044,models_7x7\supervised_extended.pt,models_7x7_v2\best.pt,models_7x7\supervised_extended.pt,models_7x7_v2\best.pt,p1_win,1.0
5045,models_7x7\supervised_extended.pt,models_7x7_v2\best.pt,models_7x7\supervised_extended.pt,models_7x7_v2\best.pt,p1_win,1.0
5046,models_7x7\supervised_extended.pt,models_7x7_v2\best.pt,models_7x7\supervised_extended.pt,models_7x7_v2\best.pt,p1_win,1.0
5047,models_7x7\supervised_extended.pt,models_7x7_v2\best.pt,models_7x7\supervised_extended.pt,models_7x7_v2\best.pt,p1_win,1.0
5048,models_7x7\supervised_extended.pt,models_7x7_v2\best.pt,models_7x7\supervised_extended.pt,models_7x7_v2\best.pt,p1_win,1.0
5049,models_7x7\supervised_extended.pt,models_7x7_v2\best.pt,models_7x7\supervised_extended.pt,models_7x7_v2\best.pt,p1_win,1.0
5050,models_7x7\supervised_extended.pt,models_7x7_v2\best.pt,models_7x7\supervised_extended.pt,models_7x7_v2\best.pt,p1_win,1.0
5051,models_7x7\supervised_extended.pt,models_7x7_v2\best.pt,models_7x7\supervised_extended.pt,models_7x7_v2\best.pt,p2_win,0.0
5052,models_7x7\supervised_extended.pt,models_7x7_v2\best.pt,models_7x7\supervised_extended.pt,models_7x7_v2\best.pt,p1_win,1.0
5053,models_7x7\supervised_extended.pt,models_7x7_v2\best.pt,models_7x7\supervised_extended.pt,models_7x7_v2\best.pt,p1_win,1.0
5054,models_7x7\supervised_extended.pt,models_7x7_v2\best.pt,models_7x7\supervised_extended.pt,models_7x7_v2\best.pt,p1_win,1.0
5055,models_7x7\supervised_extended.pt,models_7x7_v2\best.pt,models_7x7\supervised_extended.pt,models_7x7_v2\best.pt,p1_win,1.0
5056,models_7x7\supervised_extended.pt,models_7x7_v2\best.pt,models_7x7_v2\best.pt,models_7x7\supervised_extended.pt,p2_win,1.0
5057,models_7x7\supervised_extended.pt,models_7x7_v2\best.pt,models_7x7_v2\best.pt,models_7x7\supervised_extended.pt,p2_win,1.0
5058,models_7x7\supervised_extended.pt,models_7x7_v2\best.pt,models_7x7_v2\best.pt,models_7x7\supervised_extended.pt,p2_win,1.0
5059,models_7x7\supervised_extended.pt,models_7x7_v2\best.pt,models_7x7_v2\best.pt,models_7x7\supervised_extended.pt,p2_win,1.0
5060,models_7x7\supervised_extended.pt,models_7x7_v2\best.pt,models_7x7_v2\best.pt,models_7x7\supervised_extended.pt,p2_win,1.0
5061,models_7x7\supervised_extended.pt,models_7x7_v2\best.pt,models_7x7_v2\best.pt,models_7x7\supervised_extended.pt,p2_win,1.0
5062,models_7x7\supervised_extended.pt,models_7x7_v2\best.pt,models_7x7_v2\best.pt,models_7x7\supervised_extended.pt,p2_win,1.0
5063,models_7x7\supervised_extended.pt,models_7x7_v2\best.pt,models_7x7_v2\best.pt,models_7x7\supervised_extended.pt,p2_win,1.0
5064,models_7x7\supervised_extended.pt,models_7x7_v2\best.pt,models_7x7_v2\best.pt,models_7x7\supervised_extended.pt,p2_win,1.0
5065,models_7x7\supervised_extended.pt,models_7x7_v2\best.pt,models_7x7_v2\best.pt,models_7x7\supervised_extended.pt,p2_win,1.0
5066,models_7x7\supervised_extended.pt,models_7x7_v2\best.pt,models_7x7_v2\best.pt,models_7x7\supervised_extended.pt,p2_win,1.0
5067,models_7x7\supervised_extended.pt,models_7x7_v2\best.pt,models_7x7_v2\best.pt,models_7x7\supervised_extended.pt,p2_win,1.0
5068,models_7x7\supervised_extended.pt,models_7x7_v2\best.pt,models_7x7_v2\best.pt,models_7x7\supervised_extended.pt,p2_win,1.0
5069,models_7x7\supervised_extended.pt,models_7x7_v2\best.pt,models_7x7_v2\best.pt,models_7x7\supervised_extended.pt,p2_win,1.0
5070,models_7x7\supervised_extended.pt,models_7x7_v2\best.pt,models_7x7_v2\best.pt,models_7x7\supervised_extended.pt,p1_win,0.0
5071,models_7x7\supervised_extended.pt,minimax-2,models_7x7\supervised_extended.pt,minimax-2,p1_win,1.0
5072,models_7x7\supervised_extended.pt,minimax-2,models_7x7\supervised_extended.pt,minimax-2,p1_win,1.0
5073,models_7x7\supervised_extended.pt,minimax-2,models_7x7\supervised_extended.pt,minimax-2,p1_win,1.0
5074,models_7x7\supervised_extended.pt,minimax-2,models_7x7\supervised_extended.pt,minimax-2,p1_win,1.0
5075,models_7x7\supervised_extended.pt,minimax-2,models_7x7\supervised_extended.pt,minimax-2,p1_win,1.0
5076,models_7x7\supervised_extended.pt,minimax-2,models_7x7\supervised_extended.pt,minimax-2,p1_win,1.0
5077,models_7x7\supervised_extended.pt,minimax-2,models_7x7\supervised_extended.pt,minimax-2,p1_win,1.0
5078,models_7x7\supervised_extended.pt,minimax-2,models_7x7\supervised_extended.pt,minimax-2,p1_win,1.0
5079,models_7x7\supervised_extended.pt,minimax-2,models_7x7\supervised_extended.pt,minimax-2,p1_win,1.0
5080,models_7x7\supervised_extended.pt,minimax-2,models_7x7\supervised_extended.pt,minimax-2,p1_win,1.0
5081,models_7x7\supervised_extended.pt,minimax-2,models_7x7\supervised_extended.pt,minimax-2,p1_win,1.0
5082,models_7x7\supervised_extended.pt,minimax-2,models_7x7\supervised_extended.pt,minimax-2,p1_win,1.0
5083,models_7x7\supervised_extended.pt,minimax-2,models_7x7\supervised_extended.pt,minimax-2,p1_win,1.0
5084,models_7x7\supervised_extended.pt,minimax-2,models_7x7\supervised_extended.pt,minimax-2,p1_win,1.0
5085,models_7x7\supervised_extended.pt,minimax-2,models_7x7\supervised_extended.pt,minimax-2,p1_win,1.0
5086,models_7x7\supervised_extended.pt,minimax-2,minimax-2,models_7x7\supervised_extended.pt,p2_win,1.0
5087,models_7x7\supervised_extended.pt,minimax-2,minimax-2,models_7x7\supervised_extended.pt,p2_win,1.0
5088,models_7x7\supervised_extended.pt,minimax-2,minimax-2,models_7x7\supervised_extended.pt,p2_win,1.0
5089,models_7x7\supervised_extended.pt,minimax-2,minimax-2,models_7x7\supervised_extended.pt,p2_win,1.0
5090,models_7x7\supervised_extended.pt,minimax-2,minimax-2,models_7x7\supervised_extended.pt,p2_win,1.0
5091,models_7x7\supervised_extended.pt,minimax-2,minimax-2,models_7x7\supervised_extended.pt,p2_win,1.0
5092,models_7x7\supervised_extended.pt,minimax-2,minimax-2,models_7x7\supervised_extended.pt,p2_win,1.0
5093,models_7x7\supervised_extended.pt,minimax-2,minimax-2,models_7x7\supervised_extended.pt,p2_win,1.0
5094,models_7x7\supervised_extended.pt,minimax-2,minimax-2,models_7x7\supervised_extended.pt,p2_win,1.0
5095,models_7x7\supervised_extended.pt,minimax-2,minimax-2,models_7x7\supervised_extended.pt,p2_win,1.0
5096,models_7x7\supervised_extended.pt,minimax-2,minimax-2,models_7x7\supervised_extended.pt,p2_win,1.0
5097,models_7x7\supervised_extended.pt,minimax-2,minimax-2,models_7x7\supervised_extended.pt,p2_win,1.0
5098,models_7x7\supervised_extended.pt,minimax-2,minimax-2,models_7x7\supervised_extended.pt,p2_win,1.0
5099,models_7x7\supervised_extended.pt,minimax-2,minimax-2,models_7x7\supervised_extended.pt,p2_win,1.0
5100,models_7x7\supervised_extended.pt,minimax-2,minimax-2,models_7x7\supervised_extended.pt,p2_win,1.0
5101,models_7x7\supervised_extended.pt,minimax-3,models_7x7\supervised_extended.pt,minimax-3,p1_win,1.0
5102,models_7x7\supervised_extended.pt,minimax-3,models_7x7\supervised_extended.pt,minimax-3,p1_win,1.0
5103,models_7x7\supervised_extended.pt,minimax-3,models_7x7\supervised_extended.pt,minimax-3,p1_win,1.0
5104,models_7x7\supervised_extended.pt,minimax-3,models_7x7\supervised_extended.pt,minimax-3,p1_win,1.0
5105,models_7x7\supervised_extended.pt,minimax-3,models_7x7\supervised_extended.pt,minimax-3,p1_win,1.0
5106,models_7x7\supervised_extended.pt,minimax-3,models_7x7\supervised_extended.pt,minimax-3,p1_win,1.0
5107,models_7x7\supervised_extended.pt,minimax-3,models_7x7\supervised_extended.pt,minimax-3,p1_win,1.0
5108,models_7x7\supervised_extended.pt,minimax-3,models_7x7\supervised_extended.pt,minimax-3,p1_win,1.0
5109,models_7x7\supervised_extended.pt,minimax-3,models_7x7\supervised_extended.pt,minimax-3,p1_win,1.0
5110,models_7x7\supervised_extended.pt,minimax-3,models_7x7\supervised_extended.pt,minimax-3,p1_win,1.0
5111,models_7x7\supervised_extended.pt,minimax-3,models_7x7\supervised_extended.pt,minimax-3,p1_win,1.0
5112,models_7x7\supervised_extended.pt,minimax-3,models_7x7\supervised_extended.pt,minimax-3,p1_win,1.0
5113,models_7x7\supervised_extended.pt,minimax-3,models_7x7\supervised_extended.pt,minimax-3,p1_win,1.0
5114,models_7x7\supervised_extended.pt,minimax-3,models_7x7\supervised_extended.pt,minimax-3,p1_win,1.0
5115,models_7x7\supervised_extended.pt,minimax-3,models_7x7\supervised_extended.pt,minimax-3,p1_win,1.0
5116,models_7x7\supervised_extended.pt,minimax-3,minimax-3,models_7x7\supervised_extended.pt,p2_win,1.0
5117,models_7x7\supervised_extended.pt,minimax-3,minimax-3,models_7x7\supervised_extended.pt,p2_win,1.0
5118,models_7x7\supervised_extended.pt,minimax-3,minimax-3,models_7x7\supervised_extended.pt,p2_win,1.0
5119,models_7x7\supervised_extended.pt,minimax-3,minimax-3,models_7x7\supervised_extended.pt,p2_win,1.0
5120,models_7x7\supervised_extended.pt,minimax-3,minimax-3,models_7x7\supervised_extended.pt,p2_win,1.0
5121,models_7x7\supervised_extended.pt,minimax-3,minimax-3,models_7x7\supervised_extended.pt,p2_win,1.0
5122,models_7x7\supervised_extended.pt,minimax-3,minimax-3,models_7x7\supervised_extended.pt,p2_win,1.0
5123,models_7x7\supervised_extended.pt,minimax-3,minimax-3,models_7x7\supervised_extended.pt,p2_win,1.0
5124,models_7x7\supervised_extended.pt,minimax-3,minimax-3,models_7x7\supervised_extended.pt,p2_win,1.0
5125,models_7x7\supervised_extended.pt,minimax-3,minimax-3,models_7x7\supervised_extended.pt,p2_win,1.0
5126,models_7x7\supervised_extended.pt,minimax-3,minimax-3,models_7x7\supervised_extended.pt,p2_win,1.0
5127,models_7x7\supervised_extended.pt,minimax-3,minimax-3,models_7x7\supervised_extended.pt,p2_win,1.0
5128,models_7x7\supervised_extended.pt,minimax-3,minimax-3,models_7x7\supervised_extended.pt,p2_win,1.0
5129,models_7x7\supervised_extended.pt,minimax-3,minimax-3,models_7x7\supervised_extended.pt,p2_win,1.0
5130,models_7x7\supervised_extended.pt,minimax-3,minimax-3,models_7x7\supervised_extended.pt,p2_win,1.0
