game,agent_a,agent_b,player1,player2,result,score_for_a,plies
1,runs\models_9x9\best.pt,runs\models_9x9\checkpoints\cycle_0186.pt,runs\models_9x9\checkpoints\cycle_0186.pt,runs\models_9x9\best.pt,p1_win,0.0,29
2,runs\models_9x9\best.pt,runs\models_9x9\checkpoints\cycle_0186.pt,runs\models_9x9\checkpoints\cycle_0186.pt,runs\models_9x9\best.pt,p1_win,0.0,33
3,runs\models_9x9\best.pt,runs\models_9x9\checkpoints\cycle_0186.pt,runs\models_9x9\checkpoints\cycle_0186.pt,runs\models_9x9\best.pt,p1_win,0.0,35
4,runs\models_9x9\best.pt,runs\models_9x9\checkpoints\cycle_0186.pt,runs\models_9x9\checkpoints\cycle_0186.pt,runs\models_9x9\best.pt,p1_win,0.0,35
5,runs\models_9x9\best.pt,runs\models_9x9\checkpoints\cycle_0186.pt,runs\models_9x9\checkpoints\cycle_0186.pt,runs\models_9x9\best.pt,p1_win,0.0,35
6,runs\models_9x9\best.pt,runs\models_9x9\checkpoints\cycle_0186.pt,runs\models_9x9\checkpoints\cycle_0186.pt,runs\models_9x9\best.pt,p2_win,1.0,38
7,runs\models_9x9\best.pt,runs\models_9x9\checkpoints\cycle_0186.pt,runs\models_9x9\checkpoints\cycle_0186.pt,runs\models_9x9\best.pt,p1_win,0.0,37
8,runs\models_9x9\best.pt,runs\models_9x9\checkpoints\cycle_0186.pt,runs\models_9x9\checkpoints\cycle_0186.pt,runs\models_9x9\best.pt,p1_win,0.0,37
9,runs\models_9x9\best.pt,runs\models_9x9\checkpoints\cycle_0186.pt,runs\models_9x9\checkpoints\cycle_0186.pt,runs\models_9x9\best.pt,p2_win,1.0,38
10,runs\models_9x9\best.pt,runs\models_9x9\checkpoints\cycle_0186.pt,runs\models_9x9\checkpoints\cycle_0186.pt,runs\models_9x9\best.pt,p1_win,0.0,37
11,runs\models_9x9\best.pt,runs\models_9x9\checkpoints\cycle_0186.pt,runs\models_9x9\checkpoints\cycle_0186.pt,runs\models_9x9\best.pt,p1_win,0.0,37
12,runs\models_9x9\best.pt,runs\models_9x9\checkpoints\cycle_0186.pt,runs\models_9x9\checkpoints\cycle_0186.pt,runs\models_9x9\best.pt,p1_win,0.0,37
13,runs\models_9x9\best.pt,runs\models_9x9\checkpoints\cycle_0186.pt,runs\models_9x9\checkpoints\cycle_0186.pt,runs\models_9x9\best.pt,p1_win,0.0,37
14,runs\models_9x9\best.pt,runs\models_9x9\checkpoints\cycle_0186.pt,runs\models_9x9\checkpoints\cycle_0186.pt,runs\models_9x9\best.pt,p1_win,0.0,41
15,runs\models_9x9\best.pt,runs\models_9x9\checkpoints\cycle_0186.pt,runs\models_9x9\checkpoints\cycle_0186.pt,runs\models_9x9\best.pt,p1_win,0.0,39
16,runs\models_9x9\best.pt,runs\models_9x9\checkpoints\cycle_0186.pt,runs\models_9x9\checkpoints\cycle_0186.pt,runs\models_9x9\best.pt,p2_win,1.0,40
17,runs\models_9x9\best.pt,runs\models_9x9\checkpoints\cycle_0186.pt,runs\models_9x9\checkpoints\cycle_0186.pt,runs\models_9x9\best.pt,p1_win,0.0,39
18,runs\models_9x9\best.pt,runs\models_9x9\checkpoints\cycle_0186.pt,runs\models_9x9\checkpoints\cycle_0186.pt,runs\models_9x9\best.pt,p1_win,0.0,39
19,runs\models_9x9\best.pt,runs\models_9x9\checkpoints\cycle_0186.pt,runs\models_9x9\checkpoints\cycle_0186.pt,runs\models_9x9\best.pt,p1_win,0.0,41
20,runs\models_9x9\best.pt,runs\models_9x9\checkpoints\cycle_0186.pt,runs\models_9x9\checkpoints\cycle_0186.pt,runs\models_9x9\best.pt,p1_win,0.0,49
21,runs\models_9x9\best.pt,runs\models_9x9\checkpoints\cycle_0186.pt,runs\models_9x9\checkpoints\cycle_0186.pt,runs\models_9x9\best.pt,p1_win,0.0,39
22,runs\models_9x9\best.pt,runs\models_9x9\checkpoints\cycle_0186.pt,runs\models_9x9\checkpoints\cycle_0186.pt,runs\models_9x9\best.pt,p1_win,0.0,41
23,runs\models_9x9\best.pt,runs\models_9x9\checkpoints\cycle_0186.pt,runs\models_9x9\checkpoints\cycle_0186.pt,runs\models_9x9\best.pt,p2_win,1.0,40
24,runs\models_9x9\best.pt,runs\models_9x9\checkpoints\cycle_0186.pt,runs\models_9x9\checkpoints\cycle_0186.pt,runs\models_9x9\best.pt,p2_win,1.0,40
25,runs\models_9x9\best.pt,runs\models_9x9\checkpoints\cycle_0186.pt,runs\models_9x9\checkpoints\cycle_0186.pt,runs\models_9x9\best.pt,p1_win,0.0,41
26,runs\models_9x9\best.pt,runs\models_9x9\checkpoints\cycle_0186.pt,runs\models_9x9\checkpoints\cycle_0186.pt,runs\models_9x9\best.pt,p1_win,0.0,41
27,runs\models_9x9\best.pt,runs\models_9x9\checkpoints\cycle_0186.pt,runs\models_9x9\checkpoints\cycle_0186.pt,runs\models_9x9\best.pt,p1_win,0.0,41
28,runs\models_9x9\best.pt,runs\models_9x9\checkpoints\cycle_0186.pt,runs\models_9x9\checkpoints\cycle_0186.pt,runs\models_9x9\best.pt,p1_win,0.0,41
29,runs\models_9x9\best.pt,runs\models_9x9\checkpoints\cycle_0186.pt,runs\models_9x9\checkpoints\cycle_0186.pt,runs\models_9x9\best.pt,p1_win,0.0,41
30,runs\models_9x9\best.pt,runs\models_9x9\checkpoints\cycle_0186.pt,runs\models_9x9\checkpoints\cycle_0186.pt,runs\models_9x9\best.pt,p1_win,0.0,43
31,runs\models_9x9\best.pt,runs\models_9x9\checkpoints\cycle_0186.pt,runs\models_9x9\checkpoints\cycle_0186.pt,runs\models_9x9\best.pt,p1_win,0.0,41
32,runs\models_9x9\best.pt,runs\models_9x9\checkpoints\cycle_0186.pt,runs\models_9x9\checkpoints\cycle_0186.pt,runs\models_9x9\best.pt,p1_win,0.0,41
33,runs\models_9x9\best.pt,runs\models_9x9\checkpoints\cycle_0186.pt,runs\models_9x9\checkpoints\cycle_0186.pt,runs\models_9x9\best.pt,p2_win,1.0,54
34,runs\models_9x9\best.pt,runs\models_9x9\checkpoints\cycle_0186.pt,runs\models_9x9\checkpoints\cycle_0186.pt,runs\models_9x9\best.pt,p1_win,0.0,41
35,runs\models_9x9\best.pt,runs\models_9x9\checkpoints\cycle_0186.pt,runs\models_9x9\checkpoints\cycle_0186.pt,runs\models_9x9\best.pt,p1_win,0.0,47
36,runs\models_9x9\best.pt,runs\models_9x9\checkpoints\cycle_0186.pt,runs\models_9x9\checkpoints\cycle_0186.pt,runs\models_9x9\best.pt,p1_win,0.0,43
37,runs\models_9x9\best.pt,runs\models_9x9\checkpoints\cycle_0186.pt,runs\models_9x9\checkpoints\cycle_0186.pt,runs\models_9x9\best.pt,p2_win,1.0,42
38,runs\models_9x9\best.pt,runs\models_9x9\checkpoints\cycle_0186.pt,runs\models_9x9\checkpoints\cycle_0186.pt,runs\models_9x9\best.pt,p1_win,0.0,43
39,runs\models_9x9\best.pt,runs\models_9x9\checkpoints\cycle_0186.pt,runs\models_9x9\checkpoints\cycle_0186.pt,runs\models_9x9\best.pt,p2_win,1.0,42
40,runs\models_9x9\best.pt,runs\models_9x9\checkpoints\cycle_0186.pt,runs\models_9x9\checkpoints\cycle_0186.pt,runs\models_9x9\best.pt,p1_win,0.0,45
41,runs\models_9x9\best.pt,runs\models_9x9\checkpoints\cycle_0186.pt,runs\models_9x9\checkpoints\cycle_0186.pt,runs\models_9x9\best.pt,p1_win,0.0,59
42,runs\models_9x9\best.pt,runs\models_9x9\checkpoints\cycle_0186.pt,runs\models_9x9\checkpoints\cycle_0186.pt,runs\models_9x9\best.pt,p1_win,0.0,59
43,runs\models_9x9\best.pt,runs\models_9x9\checkpoints\cycle_0186.pt,runs\models_9x9\checkpoints\cycle_0186.pt,runs\models_9x9\best.pt,p2_win,1.0,48
44,runs\models_9x9\best.pt,runs\models_9x9\checkpoints\cycle_0186.pt,runs\models_9x9\checkpoints\cycle_0186.pt,runs\models_9x9\best.pt,p1_win,0.0,45
45,runs\models_9x9\best.pt,runs\models_9x9\checkpoints\cycle_0186.pt,runs\models_9x9\checkpoints\cycle_0186.pt,runs\models_9x9\best.pt,p1_win,0.0,43
46,runs\models_9x9\best.pt,runs\models_9x9\checkpoints\cycle_0186.pt,runs\models_9x9\checkpoints\cycle_0186.pt,runs\models_9x9\best.pt,p1_win,0.0,43
47,runs\models_9x9\best.pt,runs\models_9x9\checkpoints\cycle_0186.pt,runs\models_9x9\checkpoints\cycle_0186.pt,runs\models_9x9\best.pt,p1_win,0.0,43
48,runs\models_9x9\best.pt,runs\models_9x9\checkpoints\cycle_0186.pt,runs\models_9x9\checkpoints\cycle_0186.pt,runs\models_9x9\best.pt,p1_win,0.0,43
49,runs\models_9x9\best.pt,runs\models_9x9\checkpoints\cycle_0186.pt,runs\models_9x9\checkpoints\cycle_0186.pt,runs\models_9x9\best.pt,p1_win,0.0,47
50,runs\models_9x9\best.pt,runs\models_9x9\checkpoints\cycle_0186.pt,runs\models_9x9\checkpoints\cycle_0186.pt,runs\models_9x9\best.pt,p2_win,1.0,44
51,runs\models_9x9\best.pt,runs\models_9x9\checkpoints\cycle_0186.pt,runs\models_9x9\checkpoints\cycle_0186.pt,runs\models_9x9\best.pt,p1_win,0.0,51
52,runs\models_9x9\best.pt,runs\models_9x9\checkpoints\cycle_0186.pt,runs\models_9x9\checkpoints\cycle_0186.pt,runs\models_9x9\best.pt,p1_win,0.0,45
53,runs\models_9x9\best.pt,runs\models_9x9\checkpoints\cycle_0186.pt,runs\models_9x9\checkpoints\cycle_0186.pt,runs\models_9x9\best.pt,p1_win,0.0,45
54,runs\models_9x9\best.pt,runs\models_9x9\checkpoints\cycle_0186.pt,runs\models_9x9\checkpoints\cycle_0186.pt,runs\models_9x9\best.pt,p1_win,0.0,59
55,runs\models_9x9\best.pt,runs\models_9x9\checkpoints\cycle_0186.pt,runs\models_9x9\checkpoints\cycle_0186.pt,runs\models_9x9\best.pt,p2_win,1.0,44
56,runs\models_9x9\best.pt,runs\models_9x9\checkpoints\cycle_0186.pt,runs\models_9x9\checkpoints\cycle_0186.pt,runs\models_9x9\best.pt,p1_win,0.0,45
57,runs\models_9x9\best.pt,runs\models_9x9\checkpoints\cycle_0186.pt,runs\models_9x9\checkpoints\cycle_0186.pt,runs\models_9x9\best.pt,p1_win,0.0,45
58,runs\models_9x9\best.pt,runs\models_9x9\checkpoints\cycle_0186.pt,runs\models_9x9\checkpoints\cycle_0186.pt,runs\models_9x9\best.pt,p2_win,1.0,54
59,runs\models_9x9\best.pt,runs\models_9x9\checkpoints\cycle_0186.pt,runs\models_9x9\best.pt,runs\models_9x9\checkpoints\cycle_0186.pt,p1_win,1.0,51
60,runs\models_9x9\best.pt,runs\models_9x9\checkpoints\cycle_0186.pt,runs\models_9x9\checkpoints\cycle_0186.pt,runs\models_9x9\best.pt,p2_win,1.0,56
61,runs\models_9x9\best.pt,runs\models_9x9\checkpoints\cycle_0186.pt,runs\models_9x9\checkpoints\cycle_0186.pt,runs\models_9x9\best.pt,p1_win,0.0,51
62,runs\models_9x9\best.pt,runs\models_9x9\checkpoints\cycle_0186.pt,runs\models_9x9\checkpoints\cycle_0186.pt,runs\models_9x9\best.pt,p1_win,0.0,45
63,runs\models_9x9\best.pt,runs\models_9x9\checkpoints\cycle_0186.pt,runs\models_9x9\checkpoints\cycle_0186.pt,runs\models_9x9\best.pt,p1_win,0.0,45
64,runs\models_9x9\best.pt,runs\models_9x9\checkpoints\cycle_0186.pt,runs\models_9x9\checkpoints\cycle_0186.pt,runs\models_9x9\best.pt,p1_win,0.0,47
65,runs\models_9x9\best.pt,runs\models_9x9\checkpoints\cycle_0186.pt,runs\models_9x9\checkpoints\cycle_0186.pt,runs\models_9x9\best.pt,p1_win,0.0,57
66,runs\models_9x9\best.pt,runs\models_9x9\checkpoints\cycle_0186.pt,runs\models_9x9\checkpoints\cycle_0186.pt,runs\models_9x9\best.pt,p1_win,0.0,49
67,runs\models_9x9\best.pt,runs\models_9x9\checkpoints\cycle_0186.pt,runs\models_9x9\checkpoints\cycle_0186.pt,runs\models_9x9\best.pt,p1_win,0.0,47
68,runs\models_9x9\best.pt,runs\models_9x9\checkpoints\cycle_0186.pt,runs\models_9x9\checkpoints\cycle_0186.pt,runs\models_9x9\best.pt,p2_win,1.0,50
69,runs\models_9x9\best.pt,runs\models_9x9\checkpoints\cycle_0186.pt,runs\models_9x9\checkpoints\cycle_0186.pt,runs\models_9x9\best.pt,p1_win,0.0,47
70,runs\models_9x9\best.pt,runs\models_9x9\checkpoints\cycle_0186.pt,runs\models_9x9\checkpoints\cycle_0186.pt,runs\models_9x9\best.pt,p2_win,1.0,48
71,runs\models_9x9\best.pt,runs\models_9x9\checkpoints\cycle_0186.pt,runs\models_9x9\checkpoints\cycle_0186.pt,runs\models_9x9\best.pt,p1_win,0.0,49
72,runs\models_9x9\best.pt,runs\models_9x9\checkpoints\cycle_0186.pt,runs\models_9x9\checkpoints\cycle_0186.pt,runs\models_9x9\best.pt,p1_win,0.0,55
73,runs\models_9x9\best.pt,runs\models_9x9\checkpoints\cycle_0186.pt,runs\models_9x9\checkpoints\cycle_0186.pt,runs\models_9x9\best.pt,p1_win,0.0,47
74,runs\models_9x9\best.pt,runs\models_9x9\checkpoints\cycle_0186.pt,runs\models_9x9\checkpoints\cycle_0186.pt,runs\models_9x9\best.pt,p1_win,0.0,51
75,runs\models_9x9\best.pt,runs\models_9x9\checkpoints\cycle_0186.pt,runs\models_9x9\checkpoints\cycle_0186.pt,runs\models_9x9\best.pt,p1_win,0.0,53
76,runs\models_9x9\best.pt,runs\models_9x9\checkpoints\cycle_0186.pt,runs\models_9x9\checkpoints\cycle_0186.pt,runs\models_9x9\best.pt,p1_win,0.0,49
77,runs\models_9x9\best.pt,runs\models_9x9\checkpoints\cycle_0186.pt,runs\models_9x9\checkpoints\cycle_0186.pt,runs\models_9x9\best.pt,p2_win,1.0,50
78,runs\models_9x9\best.pt,runs\models_9x9\checkpoints\cycle_0186.pt,runs\models_9x9\checkpoints\cycle_0186.pt,runs\models_9x9\best.pt,p1_win,0.0,47
79,runs\models_9x9\best.pt,runs\models_9x9\checkpoints\cycle_0186.pt,runs\models_9x9\checkpoints\cycle_0186.pt,runs\models_9x9\best.pt,p1_win,0.0,51
80,runs\models_9x9\best.pt,runs\models_9x9\checkpoints\cycle_0186.pt,runs\models_9x9\checkpoints\cycle_0186.pt,runs\models_9x9\best.pt,p1_win,0.0,47
81,runs\models_9x9\best.pt,runs\models_9x9\checkpoints\cycle_0186.pt,runs\models_9x9\checkpoints\cycle_0186.pt,runs\models_9x9\best.pt,p1_win,0.0,49
82,runs\models_9x9\best.pt,runs\models_9x9\checkpoints\cycle_0186.pt,runs\models_9x9\checkpoints\cycle_0186.pt,runs\models_9x9\best.pt,p1_win,0.0,47
83,runs\models_9x9\best.pt,runs\models_9x9\checkpoints\cycle_0186.pt,runs\models_9x9\checkpoints\cycle_0186.pt,runs\models_9x9\best.pt,p2_win,1.0,54
84,runs\models_9x9\best.pt,runs\models_9x9\checkpoints\cycle_0186.pt,runs\models_9x9\checkpoints\cycle_0186.pt,runs\models_9x9\best.pt,p2_win,1.0,56
85,runs\models_9x9\best.pt,runs\models_9x9\checkpoints\cycle_0186.pt,runs\models_9x9\checkpoints\cycle_0186.pt,runs\models_9x9\best.pt,p1_win,0.0,53
86,runs\models_9x9\best.pt,runs\models_9x9\checkpoints\cycle_0186.pt,runs\models_9x9\checkpoints\cycle_0186.pt,runs\models_9x9\best.pt,p1_win,0.0,51
87,runs\models_9x9\best.pt,runs\models_9x9\checkpoints\cycle_0186.pt,runs\models_9x9\checkpoints\cycle_0186.pt,runs\models_9x9\best.pt,p2_win,1.0,50
88,runs\models_9x9\best.pt,runs\models_9x9\checkpoints\cycle_0186.pt,runs\models_9x9\checkpoints\cycle_0186.pt,runs\models_9x9\best.pt,p1_win,0.0,51
89,runs\models_9x9\best.pt,runs\models_9x9\checkpoints\cycle_0186.pt,runs\models_9x9\checkpoints\cycle_0186.pt,runs\models_9x9\best.pt,p1_win,0.0,47
90,runs\models_9x9\best.pt,runs\models_9x9\checkpoints\cycle_0186.pt,runs\models_9x9\checkpoints\cycle_0186.pt,runs\models_9x9\best.pt,p2_win,1.0,60
91,runs\models_9x9\best.pt,runs\models_9x9\checkpoints\cycle_0186.pt,runs\models_9x9\checkpoints\cycle_0186.pt,runs\models_9x9\best.pt,p1_win,0.0,47
92,runs\models_9x9\best.pt,runs\models_9x9\checkpoints\cycle_0186.pt,runs\models_9x9\checkpoints\cycle_0186.pt,runs\models_9x9\best.pt,p1_win,0.0,47
93,runs\models_9x9\best.pt,runs\models_9x9\checkpoints\cycle_0186.pt,runs\models_9x9\best.pt,runs\models_9x9\checkpoints\cycle_0186.pt,p1_win,1.0,55
94,runs\models_9x9\best.pt,runs\models_9x9\checkpoints\cycle_0186.pt,runs\models_9x9\checkpoints\cycle_0186.pt,runs\models_9x9\best.pt,p2_win,1.0,48
95,runs\models_9x9\best.pt,runs\models_9x9\checkpoints\cycle_0186.pt,runs\models_9x9\checkpoints\cycle_0186.pt,runs\models_9x9\best.pt,p1_win,0.0,55
96,runs\models_9x9\best.pt,runs\models_9x9\checkpoints\cycle_0186.pt,runs\models_9x9\checkpoints\cycle_0186.pt,runs\models_9x9\best.pt,p1_win,0.0,49
97,runs\models_9x9\best.pt,runs\models_9x9\checkpoints\cycle_0186.pt,runs\models_9x9\checkpoints\cycle_0186.pt,runs\models_9x9\best.pt,p2_win,1.0,48
98,runs\models_9x9\best.pt,runs\models_9x9\checkpoints\cycle_0186.pt,runs\models_9x9\checkpoints\cycle_0186.pt,runs\models_9x9\best.pt,p1_win,0.0,49
99,runs\models_9x9\best.pt,runs\models_9x9\checkpoints\cycle_0186.pt,runs\models_9x9\checkpoints\cycle_0186.pt,runs\models_9x9\best.pt,p2_win,1.0,48
100,runs\models_9x9\best.pt,runs\models_9x9\checkpoints\cycle_0186.pt,runs\models_9x9\checkpoints\cycle_0186.pt,runs\models_9x9\best.pt,p1_win,0.0,51
101,runs\models_9x9\best.pt,runs\models_9x9\checkpoints\cycle_0186.pt,runs\models_9x9\checkpoints\cycle_0186.pt,runs\models_9x9\best.pt,p2_win,1.0,48
102,runs\models_9x9\best.pt,runs\models_9x9\checkpoints\cycle_0186.pt,runs\models_9x9\checkpoints\cycle_0186.pt,runs\models_9x9\best.pt,p1_win,0.0,61
103,runs\models_9x9\best.pt,runs\models_9x9\checkpoints\cycle_0186.pt,runs\models_9x9\checkpoints\cycle_0186.pt,runs\models_9x9\best.pt,p1_win,0.0,49
104,runs\models_9x9\best.pt,runs\models_9x9\checkpoints\cycle_0186.pt,runs\models_9x9\checkpoints\cycle_0186.pt,runs\models_9x9\best.pt,p1_win,0.0,63
105,runs\models_9x9\best.pt,runs\models_9x9\checkpoints\cycle_0186.pt,runs\models_9x9\checkpoints\cycle_0186.pt,runs\models_9x9\best.pt,p1_win,0.0,57
106,runs\models_9x9\best.pt,runs\models_9x9\checkpoints\cycle_0186.pt,runs\models_9x9\checkpoints\cycle_0186.pt,runs\models_9x9\best.pt,p1_win,0.0,51
107,runs\models_9x9\best.pt,runs\models_9x9\checkpoints\cycle_0186.pt,runs\models_9x9\checkpoints\cycle_0186.pt,runs\models_9x9\best.pt,p2_win,1.0,52
108,runs\models_9x9\best.pt,runs\models_9x9\checkpoints\cycle_0186.pt,runs\models_9x9\checkpoints\cycle_0186.pt,runs\models_9x9\best.pt,p2_win,1.0,50
109,runs\models_9x9\best.pt,runs\models_9x9\checkpoints\cycle_0186.pt,runs\models_9x9\checkpoints\cycle_0186.pt,runs\models_9x9\best.pt,p2_win,1.0,52
110,runs\models_9x9\best.pt,runs\models_9x9\checkpoints\cycle_0186.pt,runs\models_9x9\checkpoints\cycle_0186.pt,runs\models_9x9\best.pt,p1_win,0.0,49
111,runs\models_9x9\best.pt,runs\models_9x9\checkpoints\cycle_0186.pt,runs\models_9x9\checkpoints\cycle_0186.pt,runs\models_9x9\best.pt,p2_win,1.0,56
112,runs\models_9x9\best.pt,runs\models_9x9\checkpoints\cycle_0186.pt,runs\models_9x9\checkpoints\cycle_0186.pt,runs\models_9x9\best.pt,p1_win,0.0,51
113,runs\models_9x9\best.pt,runs\models_9x9\checkpoints\cycle_0186.pt,runs\models_9x9\checkpoints\cycle_0186.pt,runs\models_9x9\best.pt,p1_win,0.0,53
114,runs\models_9x9\best.pt,runs\models_9x9\checkpoints\cycle_0186.pt,runs\models_9x9\checkpoints\cycle_0186.pt,runs\models_9x9\best.pt,p1_win,0.0,63
115,runs\models_9x9\best.pt,runs\models_9x9\checkpoints\cycle_0186.pt,runs\models_9x9\checkpoints\cycle_0186.pt,runs\models_9x9\best.pt,p2_win,1.0,56
116,runs\models_9x9\best.pt,runs\models_9x9\checkpoints\cycle_0186.pt,runs\models_9x9\checkpoints\cycle_0186.pt,runs\models_9x9\best.pt,p1_win,0.0,59
117,runs\models_9x9\best.pt,runs\models_9x9\checkpoints\cycle_0186.pt,runs\models_9x9\best.pt,runs\models_9x9\checkpoints\cycle_0186.pt,p2_win,0.0,52
118,runs\models_9x9\best.pt,runs\models_9x9\checkpoints\cycle_0186.pt,runs\models_9x9\checkpoints\cycle_0186.pt,runs\models_9x9\best.pt,p1_win,0.0,51
119,runs\models_9x9\best.pt,runs\models_9x9\checkpoints\cycle_0186.pt,runs\models_9x9\checkpoints\cycle_0186.pt,runs\models_9x9\best.pt,p2_win,1.0,52
120,runs\models_9x9\best.pt,runs\models_9x9\checkpoints\cycle_0186.pt,runs\models_9x9\checkpoints\cycle_0186.pt,runs\models_9x9\best.pt,p1_win,0.0,51
121,runs\models_9x9\best.pt,runs\models_9x9\checkpoints\cycle_0186.pt,runs\models_9x9\best.pt,runs\models_9x9\checkpoints\cycle_0186.pt,p1_win,1.0,49
122,runs\models_9x9\best.pt,runs\models_9x9\checkpoints\cycle_0186.pt,runs\models_9x9\checkpoints\cycle_0186.pt,runs\models_9x9\best.pt,p2_win,1.0,52
123,runs\models_9x9\best.pt,runs\models_9x9\checkpoints\cycle_0186.pt,runs\models_9x9\checkpoints\cycle_0186.pt,runs\models_9x9\best.pt,p2_win,1.0,52
124,runs\models_9x9\best.pt,runs\models_9x9\checkpoints\cycle_0186.pt,runs\models_9x9\checkpoints\cycle_0186.pt,runs\models_9x9\best.pt,p2_win,1.0,52
125,runs\models_9x9\best.pt,runs\models_9x9\checkpoints\cycle_0186.pt,runs\models_9x9\checkpoints\cycle_0186.pt,runs\models_9x9\best.pt,p1_win,0.0,59
126,runs\models_9x9\best.pt,runs\models_9x9\checkpoints\cycle_0186.pt,runs\models_9x9\checkpoints\cycle_0186.pt,runs\models_9x9\best.pt,p2_win,1.0,50
127,runs\models_9x9\best.pt,runs\models_9x9\checkpoints\cycle_0186.pt,runs\models_9x9\checkpoints\cycle_0186.pt,runs\models_9x9\best.pt,p2_win,1.0,60
128,runs\models_9x9\best.pt,runs\models_9x9\checkpoints\cycle_0186.pt,runs\models_9x9\checkpoints\cycle_0186.pt,runs\models_9x9\best.pt,p2_win,1.0,56
129,runs\models_9x9\best.pt,runs\models_9x9\checkpoints\cycle_0186.pt,runs\models_9x9\checkpoints\cycle_0186.pt,runs\models_9x9\best.pt,p1_win,0.0,51
130,runs\models_9x9\best.pt,runs\models_9x9\checkpoints\cycle_0186.pt,runs\models_9x9\checkpoints\cycle_0186.pt,runs\models_9x9\best.pt,p1_win,0.0,51
131,runs\models_9x9\best.pt,runs\models_9x9\checkpoints\cycle_0186.pt,runs\models_9x9\checkpoints\cycle_0186.pt,runs\models_9x9\best.pt,p2_win,1.0,64
132,runs\models_9x9\best.pt,runs\models_9x9\checkpoints\cycle_0186.pt,runs\models_9x9\checkpoints\cycle_0186.pt,runs\models_9x9\best.pt,p1_win,0.0,55
133,runs\models_9x9\best.pt,runs\models_9x9\checkpoints\cycle_0186.pt,runs\models_9x9\checkpoints\cycle_0186.pt,runs\models_9x9\best.pt,p1_win,0.0,63
134,runs\models_9x9\best.pt,runs\models_9x9\checkpoints\cycle_0186.pt,runs\models_9x9\checkpoints\cycle_0186.pt,runs\models_9x9\best.pt,p2_win,1.0,52
135,runs\models_9x9\best.pt,runs\models_9x9\checkpoints\cycle_0186.pt,runs\models_9x9\checkpoints\cycle_0186.pt,runs\models_9x9\best.pt,p1_win,0.0,51
136,runs\models_9x9\best.pt,runs\models_9x9\checkpoints\cycle_0186.pt,runs\models_9x9\checkpoints\cycle_0186.pt,runs\models_9x9\best.pt,p1_win,0.0,63
137,runs\models_9x9\best.pt,runs\models_9x9\checkpoints\cycle_0186.pt,runs\models_9x9\checkpoints\cycle_0186.pt,runs\models_9x9\best.pt,p1_win,0.0,65
138,runs\models_9x9\best.pt,runs\models_9x9\checkpoints\cycle_0186.pt,runs\models_9x9\best.pt,runs\models_9x9\checkpoints\cycle_0186.pt,p1_win,1.0,51
139,runs\models_9x9\best.pt,runs\models_9x9\checkpoints\cycle_0186.pt,runs\models_9x9\checkpoints\cycle_0186.pt,runs\models_9x9\best.pt,p1_win,0.0,51
140,runs\models_9x9\best.pt,runs\models_9x9\checkpoints\cycle_0186.pt,runs\models_9x9\checkpoints\cycle_0186.pt,runs\models_9x9\best.pt,p2_win,1.0,62
141,runs\models_9x9\best.pt,runs\models_9x9\checkpoints\cycle_0186.pt,runs\models_9x9\checkpoints\cycle_0186.pt,runs\models_9x9\best.pt,p2_win,1.0,56
142,runs\models_9x9\best.pt,runs\models_9x9\checkpoints\cycle_0186.pt,runs\models_9x9\checkpoints\cycle_0186.pt,runs\models_9x9\best.pt,p1_win,0.0,59
143,runs\models_9x9\best.pt,runs\models_9x9\checkpoints\cycle_0186.pt,runs\models_9x9\checkpoints\cycle_0186.pt,runs\models_9x9\best.pt,p1_win,0.0,55
144,runs\models_9x9\best.pt,runs\models_9x9\checkpoints\cycle_0186.pt,runs\models_9x9\checkpoints\cycle_0186.pt,runs\models_9x9\best.pt,p1_win,0.0,51
145,runs\models_9x9\best.pt,runs\models_9x9\checkpoints\cycle_0186.pt,runs\models_9x9\best.pt,runs\models_9x9\checkpoints\cycle_0186.pt,p1_win,1.0,51
146,runs\models_9x9\best.pt,runs\models_9x9\checkpoints\cycle_0186.pt,runs\models_9x9\checkpoints\cycle_0186.pt,runs\models_9x9\best.pt,p2_win,1.0,56
147,runs\models_9x9\best.pt,runs\models_9x9\checkpoints\cycle_0186.pt,runs\models_9x9\checkpoints\cycle_0186.pt,runs\models_9x9\best.pt,p1_win,0.0,61
148,runs\models_9x9\best.pt,runs\models_9x9\checkpoints\cycle_0186.pt,runs\models_9x9\checkpoints\cycle_0186.pt,runs\models_9x9\best.pt,p2_win,1.0,56
149,runs\models_9x9\best.pt,runs\models_9x9\checkpoints\cycle_0186.pt,runs\models_9x9\checkpoints\cycle_0186.pt,runs\models_9x9\best.pt,p2_win,1.0,62
150,runs\models_9x9\best.pt,runs\models_9x9\checkpoints\cycle_0186.pt,runs\models_9x9\checkpoints\cycle_0186.pt,runs\models_9x9\best.pt,p2_win,1.0,60
151,runs\models_9x9\best.pt,runs\models_9x9\checkpoints\cycle_0186.pt,runs\models_9x9\checkpoints\cycle_0186.pt,runs\models_9x9\best.pt,p1_win,0.0,57
152,runs\models_9x9\best.pt,runs\models_9x9\checkpoints\cycle_0186.pt,runs\models_9x9\checkpoints\cycle_0186.pt,runs\models_9x9\best.pt,p1_win,0.0,55
153,runs\models_9x9\best.pt,runs\models_9x9\checkpoints\cycle_0186.pt,runs\models_9x9\checkpoints\cycle_0186.pt,runs\models_9x9\best.pt,p1_win,0.0,53
154,runs\models_9x9\best.pt,runs\models_9x9\checkpoints\cycle_0186.pt,runs\models_9x9\checkpoints\cycle_0186.pt,runs\models_9x9\best.pt,p2_win,1.0,56
155,runs\models_9x9\best.pt,runs\models_9x9\checkpoints\cycle_0186.pt,runs\models_9x9\checkpoints\cycle_0186.pt,runs\models_9x9\best.pt,p2_win,1.0,62
156,runs\models_9x9\best.pt,runs\models_9x9\checkpoints\cycle_0186.pt,runs\models_9x9\checkpoints\cycle_0186.pt,runs\models_9x9\best.pt,p1_win,0.0,55
157,runs\models_9x9\best.pt,runs\models_9x9\checkpoints\cycle_0186.pt,runs\models_9x9\checkpoints\cycle_0186.pt,runs\models_9x9\best.pt,p1_win,0.0,63
158,runs\models_9x9\best.pt,runs\models_9x9\checkpoints\cycle_0186.pt,runs\models_9x9\checkpoints\cycle_0186.pt,runs\models_9x9\best.pt,p1_win,0.0,55
159,runs\models_9x9\best.pt,runs\models_9x9\checkpoints\cycle_0186.pt,runs\models_9x9\checkpoints\cycle_0186.pt,runs\models_9x9\best.pt,p1_win,0.0,53
160,runs\models_9x9\best.pt,runs\models_9x9\checkpoints\cycle_0186.pt,runs\models_9x9\checkpoints\cycle_0186.pt,runs\models_9x9\best.pt,p2_win,1.0,64
161,runs\models_9x9\best.pt,runs\models_9x9\checkpoints\cycle_0186.pt,runs\models_9x9\checkpoints\cycle_0186.pt,runs\models_9x9\best.pt,p2_win,1.0,52
162,runs\models_9x9\best.pt,runs\models_9x9\checkpoints\cycle_0186.pt,runs\models_9x9\checkpoints\cycle_0186.pt,runs\models_9x9\best.pt,p1_win,0.0,53
163,runs\models_9x9\best.pt,runs\models_9x9\checkpoints\cycle_0186.pt,runs\models_9x9\checkpoints\cycle_0186.pt,runs\models_9x9\best.pt,p2_win,1.0,56
164,runs\models_9x9\best.pt,runs\models_9x9\checkpoints\cycle_0186.pt,runs\models_9x9\checkpoints\cycle_0186.pt,runs\models_9x9\best.pt,p1_win,0.0,51
165,runs\models_9x9\best.pt,runs\models_9x9\checkpoints\cycle_0186.pt,runs\models_9x9\checkpoints\cycle_0186.pt,runs\models_9x9\best.pt,p2_win,1.0,56
166,runs\models_9x9\best.pt,runs\models_9x9\checkpoints\cycle_0186.pt,runs\models_9x9\checkpoints\cycle_0186.pt,runs\models_9x9\best.pt,p1_win,0.0,67
167,runs\models_9x9\best.pt,runs\models_9x9\checkpoints\cycle_0186.pt,runs\models_9x9\checkpoints\cycle_0186.pt,runs\models_9x9\best.pt,p1_win,0.0,53
168,runs\models_9x9\best.pt,runs\models_9x9\checkpoints\cycle_0186.pt,runs\models_9x9\checkpoints\cycle_0186.pt,runs\models_9x9\best.pt,p2_win,1.0,56
169,runs\models_9x9\best.pt,runs\models_9x9\checkpoints\cycle_0186.pt,runs\models_9x9\checkpoints\cycle_0186.pt,runs\models_9x9\best.pt,p1_win,0.0,53
170,runs\models_9x9\best.pt,runs\models_9x9\checkpoints\cycle_0186.pt,runs\models_9x9\checkpoints\cycle_0186.pt,runs\models_9x9\best.pt,p1_win,0.0,53
171,runs\models_9x9\best.pt,runs\models_9x9\checkpoints\cycle_0186.pt,runs\models_9x9\checkpoints\cycle_0186.pt,runs\models_9x9\best.pt,p2_win,1.0,52
172,runs\models_9x9\best.pt,runs\models_9x9\checkpoints\cycle_0186.pt,runs\models_9x9\checkpoints\cycle_0186.pt,runs\models_9x9\best.pt,p2_win,1.0,62
173,runs\models_9x9\best.pt,runs\models_9x9\checkpoints\cycle_0186.pt,runs\models_9x9\checkpoints\cycle_0186.pt,runs\models_9x9\best.pt,p2_win,1.0,54
174,runs\models_9x9\best.pt,runs\models_9x9\checkpoints\cycle_0186.pt,runs\models_9x9\checkpoints\cycle_0186.pt,runs\models_9x9\best.pt,p1_win,0.0,55
175,runs\models_9x9\best.pt,runs\models_9x9\checkpoints\cycle_0186.pt,runs\models_9x9\checkpoints\cycle_0186.pt,runs\models_9x9\best.pt,p1_win,0.0,55
176,runs\models_9x9\best.pt,runs\models_9x9\checkpoints\cycle_0186.pt,runs\models_9x9\checkpoints\cycle_0186.pt,runs\models_9x9\best.pt,p2_win,1.0,54
177,runs\models_9x9\best.pt,runs\models_9x9\checkpoints\cycle_0186.pt,runs\models_9x9\checkpoints\cycle_0186.pt,runs\models_9x9\best.pt,p2_win,1.0,54
178,runs\models_9x9\best.pt,runs\models_9x9\checkpoints\cycle_0186.pt,runs\models_9x9\best.pt,runs\models_9x9\checkpoints\cycle_0186.pt,p1_win,1.0,53
179,runs\models_9x9\best.pt,runs\models_9x9\checkpoints\cycle_0186.pt,runs\models_9x9\checkpoints\cycle_0186.pt,runs\models_9x9\best.pt,p2_win,1.0,58
180,runs\models_9x9\best.pt,runs\models_9x9\checkpoints\cycle_0186.pt,runs\models_9x9\checkpoints\cycle_0186.pt,runs\models_9x9\best.pt,p1_win,0.0,53
181,runs\models_9x9\best.pt,runs\models_9x9\checkpoints\cycle_0186.pt,runs\models_9x9\best.pt,runs\models_9x9\checkpoints\cycle_0186.pt,p1_win,1.0,53
182,runs\models_9x9\best.pt,runs\models_9x9\checkpoints\cycle_0186.pt,runs\models_9x9\checkpoints\cycle_0186.pt,runs\models_9x9\best.pt,p2_win,1.0,56
183,runs\models_9x9\best.pt,runs\models_9x9\checkpoints\cycle_0186.pt,runs\models_9x9\best.pt,runs\models_9x9\checkpoints\cycle_0186.pt,p1_win,1.0,55
184,runs\models_9x9\best.pt,runs\models_9x9\checkpoints\cycle_0186.pt,runs\models_9x9\checkpoints\cycle_0186.pt,runs\models_9x9\best.pt,p1_win,0.0,53
185,runs\models_9x9\best.pt,runs\models_9x9\checkpoints\cycle_0186.pt,runs\models_9x9\checkpoints\cycle_0186.pt,runs\models_9x9\best.pt,p1_win,0.0,57
186,runs\models_9x9\best.pt,runs\models_9x9\checkpoints\cycle_0186.pt,runs\models_9x9\checkpoints\cycle_0186.pt,runs\models_9x9\best.pt,p1_win,0.0,55
187,runs\models_9x9\best.pt,runs\models_9x9\checkpoints\cycle_0186.pt,runs\models_9x9\checkpoints\cycle_0186.pt,runs\models_9x9\best.pt,p1_win,0.0,55
188,runs\models_9x9\best.pt,runs\models_9x9\checkpoints\cycle_0186.pt,runs\models_9x9\checkpoints\cycle_0186.pt,runs\models_9x9\best.pt,p1_win,0.0,55
189,runs\models_9x9\best.pt,runs\models_9x9\checkpoints\cycle_0186.pt,runs\models_9x9\checkpoints\cycle_0186.pt,runs\models_9x9\best.pt,p1_win,0.0,69
190,runs\models_9x9\best.pt,runs\models_9x9\checkpoints\cycle_0186.pt,runs\models_9x9\checkpoints\cycle_0186.pt,runs\models_9x9\best.pt,p1_win,0.0,67
191,runs\models_9x9\best.pt,runs\models_9x9\checkpoints\cycle_0186.pt,runs\models_9x9\checkpoints\cycle_0186.pt,runs\models_9x9\best.pt,p2_win,1.0,54
192,runs\models_9x9\best.pt,runs\models_9x9\checkpoints\cycle_0186.pt,runs\models_9x9\checkpoints\cycle_0186.pt,runs\models_9x9\best.pt,p1_win,0.0,55
193,runs\models_9x9\best.pt,runs\models_9x9\checkpoints\cycle_0186.pt,runs\models_9x9\checkpoints\cycle_0186.pt,runs\models_9x9\best.pt,p1_win,0.0,55
194,runs\models_9x9\best.pt,runs\models_9x9\checkpoints\cycle_0186.pt,runs\models_9x9\best.pt,runs\models_9x9\checkpoints\cycle_0186.pt,p1_win,1.0,57
195,runs\models_9x9\best.pt,runs\models_9x9\checkpoints\cycle_0186.pt,runs\models_9x9\checkpoints\cycle_0186.pt,runs\models_9x9\best.pt,p1_win,0.0,55
196,runs\models_9x9\best.pt,runs\models_9x9\checkpoints\cycle_0186.pt,runs\models_9x9\best.pt,runs\models_9x9\checkpoints\cycle_0186.pt,p1_win,1.0,55
197,runs\models_9x9\best.pt,runs\models_9x9\checkpoints\cycle_0186.pt,runs\models_9x9\checkpoints\cycle_0186.pt,runs\models_9x9\best.pt,p2_win,1.0,58
198,runs\models_9x9\best.pt,runs\models_9x9\checkpoints\cycle_0186.pt,runs\models_9x9\checkpoints\cycle_0186.pt,runs\models_9x9\best.pt,p2_win,1.0,58
199,runs\models_9x9\best.pt,runs\models_9x9\checkpoints\cycle_0186.pt,runs\models_9x9\checkpoints\cycle_0186.pt,runs\models_9x9\best.pt,p1_win,0.0,59
200,runs\models_9x9\best.pt,runs\models_9x9\checkpoints\cycle_0186.pt,runs\models_9x9\checkpoints\cycle_0186.pt,runs\models_9x9\best.pt,p1_win,0.0,55
201,runs\models_9x9\best.pt,runs\models_9x9\checkpoints\cycle_0186.pt,runs\models_9x9\checkpoints\cycle_0186.pt,runs\models_9x9\best.pt,p2_win,1.0,64
202,runs\models_9x9\best.pt,runs\models_9x9\checkpoints\cycle_0186.pt,runs\models_9x9\checkpoints\cycle_0186.pt,runs\models_9x9\best.pt,p2_win,1.0,60
203,runs\models_9x9\best.pt,runs\models_9x9\checkpoints\cycle_0186.pt,runs\models_9x9\best.pt,runs\models_9x9\checkpoints\cycle_0186.pt,p1_win,1.0,55
204,runs\models_9x9\best.pt,runs\models_9x9\checkpoints\cycle_0186.pt,runs\models_9x9\best.pt,runs\models_9x9\checkpoints\cycle_0186.pt,p1_win,1.0,55
205,runs\models_9x9\best.pt,runs\models_9x9\checkpoints\cycle_0186.pt,runs\models_9x9\best.pt,runs\models_9x9\checkpoints\cycle_0186.pt,p1_win,1.0,57
206,runs\models_9x9\best.pt,runs\models_9x9\checkpoints\cycle_0186.pt,runs\models_9x9\checkpoints\cycle_0186.pt,runs\models_9x9\best.pt,p1_win,0.0,57
207,runs\models_9x9\best.pt,runs\models_9x9\checkpoints\cycle_0186.pt,runs\models_9x9\checkpoints\cycle_0186.pt,runs\models_9x9\best.pt,p1_win,0.0,63
208,runs\models_9x9\best.pt,runs\models_9x9\checkpoints\cycle_0186.pt,runs\models_9x9\checkpoints\cycle_0186.pt,runs\models_9x9\best.pt,p2_win,1.0,60
209,runs\models_9x9\best.pt,runs\models_9x9\checkpoints\cycle_0186.pt,runs\models_9x9\best.pt,runs\models_9x9\checkpoints\cycle_0186.pt,p1_win,1.0,59
210,runs\models_9x9\best.pt,runs\models_9x9\checkpoints\cycle_0186.pt,runs\models_9x9\best.pt,runs\models_9x9\checkpoints\cycle_0186.pt,p1_win,1.0,55
211,runs\models_9x9\best.pt,runs\models_9x9\checkpoints\cycle_0186.pt,runs\models_9x9\best.pt,runs\models_9x9\checkpoints\cycle_0186.pt,p1_win,1.0,55
212,runs\models_9x9\best.pt,runs\models_9x9\checkpoints\cycle_0186.pt,runs\models_9x9\checkpoints\cycle_0186.pt,runs\models_9x9\best.pt,p1_win,0.0,55
213,runs\models_9x9\best.pt,runs\models_9x9\checkpoints\cycle_0186.pt,runs\models_9x9\checkpoints\cycle_0186.pt,runs\models_9x9\best.pt,p2_win,1.0,56
214,runs\models_9x9\best.pt,runs\models_9x9\checkpoints\cycle_0186.pt,runs\models_9x9\checkpoints\cycle_0186.pt,runs\models_9x9\best.pt,p1_win,0.0,55
215,runs\models_9x9\best.pt,runs\models_9x9\checkpoints\cycle_0186.pt,runs\models_9x9\checkpoints\cycle_0186.pt,runs\models_9x9\best.pt,p1_win,0.0,55
216,runs\models_9x9\best.pt,runs\models_9x9\checkpoints\cycle_0186.pt,runs\models_9x9\checkpoints\cycle_0186.pt,runs\models_9x9\best.pt,p1_win,0.0,59
217,runs\models_9x9\best.pt,runs\models_9x9\checkpoints\cycle_0186.pt,runs\models_9x9\checkpoints\cycle_0186.pt,runs\models_9x9\best.pt,p2_win,1.0,56
218,runs\models_9x9\best.pt,runs\models_9x9\checkpoints\cycle_0186.pt,runs\models_9x9\best.pt,runs\models_9x9\checkpoints\cycle_0186.pt,p1_win,1.0,55
219,runs\models_9x9\best.pt,runs\models_9x9\checkpoints\cycle_0186.pt,runs\models_9x9\checkpoints\cycle_0186.pt,runs\models_9x9\best.pt,p1_win,0.0,57
220,runs\models_9x9\best.pt,runs\models_9x9\checkpoints\cycle_0186.pt,runs\models_9x9\checkpoints\cycle_0186.pt,runs\models_9x9\best.pt,p2_win,1.0,68
221,runs\models_9x9\best.pt,runs\models_9x9\checkpoints\cycle_0186.pt,runs\models_9x9\checkpoints\cycle_0186.pt,runs\models_9x9\best.pt,p2_win,1.0,56
222,runs\models_9x9\best.pt,runs\models_9x9\checkpoints\cycle_0186.pt,runs\models_9x9\checkpoints\cycle_0186.pt,runs\models_9x9\best.pt,p2_win,1.0,56
223,runs\models_9x9\best.pt,runs\models_9x9\checkpoints\cycle_0186.pt,runs\models_9x9\checkpoints\cycle_0186.pt,runs\models_9x9\best.pt,p2_win,1.0,58
224,runs\models_9x9\best.pt,runs\models_9x9\checkpoints\cycle_0186.pt,runs\models_9x9\checkpoints\cycle_0186.pt,runs\models_9x9\best.pt,p2_win,1.0,56
225,runs\models_9x9\best.pt,runs\models_9x9\checkpoints\cycle_0186.pt,runs\models_9x9\checkpoints\cycle_0186.pt,runs\models_9x9\best.pt,p1_win,0.0,59
226,runs\models_9x9\best.pt,runs\models_9x9\checkpoints\cycle_0186.pt,runs\models_9x9\checkpoints\cycle_0186.pt,runs\models_9x9\best.pt,p2_win,1.0,56
227,runs\models_9x9\best.pt,runs\models_9x9\checkpoints\cycle_0186.pt,runs\models_9x9\best.pt,runs\models_9x9\checkpoints\cycle_0186.pt,p1_win,1.0,57
228,runs\models_9x9\best.pt,runs\models_9x9\checkpoints\cycle_0186.pt,runs\models_9x9\checkpoints\cycle_0186.pt,runs\models_9x9\best.pt,p2_win,1.0,56
229,runs\models_9x9\best.pt,runs\models_9x9\checkpoints\cycle_0186.pt,runs\models_9x9\checkpoints\cycle_0186.pt,runs\models_9x9\best.pt,p1_win,0.0,57
230,runs\models_9x9\best.pt,runs\models_9x9\checkpoints\cycle_0186.pt,runs\models_9x9\checkpoints\cycle_0186.pt,runs\models_9x9\best.pt,p2_win,1.0,56
231,runs\models_9x9\best.pt,runs\models_9x9\checkpoints\cycle_0186.pt,runs\models_9x9\checkpoints\cycle_0186.pt,runs\models_9x9\best.pt,p2_win,1.0,56
232,runs\models_9x9\best.pt,runs\models_9x9\checkpoints\cycle_0186.pt,runs\models_9x9\checkpoints\cycle_0186.pt,runs\models_9x9\best.pt,p1_win,0.0,57
233,runs\models_9x9\best.pt,runs\models_9x9\checkpoints\cycle_0186.pt,runs\models_9x9\checkpoints\cycle_0186.pt,runs\models_9x9\best.pt,p2_win,1.0,60
234,runs\models_9x9\best.pt,runs\models_9x9\checkpoints\cycle_0186.pt,runs\models_9x9\checkpoints\cycle_0186.pt,runs\models_9x9\best.pt,p1_win,0.0,57
235,runs\models_9x9\best.pt,runs\models_9x9\checkpoints\cycle_0186.pt,runs\models_9x9\checkpoints\cycle_0186.pt,runs\models_9x9\best.pt,p2_win,1.0,68
236,runs\models_9x9\best.pt,runs\models_9x9\checkpoints\cycle_0186.pt,runs\models_9x9\checkpoints\cycle_0186.pt,runs\models_9x9\best.pt,p1_win,0.0,57
237,runs\models_9x9\best.pt,runs\models_9x9\checkpoints\cycle_0186.pt,runs\models_9x9\best.pt,runs\models_9x9\checkpoints\cycle_0186.pt,p1_win,1.0,59
238,runs\models_9x9\best.pt,runs\models_9x9\checkpoints\cycle_0186.pt,runs\models_9x9\checkpoints\cycle_0186.pt,runs\models_9x9\best.pt,p1_win,0.0,69
239,runs\models_9x9\best.pt,runs\models_9x9\checkpoints\cycle_0186.pt,runs\models_9x9\checkpoints\cycle_0186.pt,runs\models_9x9\best.pt,p2_win,1.0,60
240,runs\models_9x9\best.pt,runs\models_9x9\checkpoints\cycle_0186.pt,runs\models_9x9\best.pt,runs\models_9x9\checkpoints\cycle_0186.pt,p1_win,1.0,57
241,runs\models_9x9\best.pt,runs\models_9x9\checkpoints\cycle_0186.pt,runs\models_9x9\checkpoints\cycle_0186.pt,runs\models_9x9\best.pt,p2_win,1.0,60
242,runs\models_9x9\best.pt,runs\models_9x9\checkpoints\cycle_0186.pt,runs\models_9x9\checkpoints\cycle_0186.pt,runs\models_9x9\best.pt,p1_win,0.0,69
243,runs\models_9x9\best.pt,runs\models_9x9\checkpoints\cycle_0186.pt,runs\models_9x9\best.pt,runs\models_9x9\checkpoints\cycle_0186.pt,p1_win,1.0,59
244,runs\models_9x9\best.pt,runs\models_9x9\checkpoints\cycle_0186.pt,runs\models_9x9\checkpoints\cycle_0186.pt,runs\models_9x9\best.pt,p2_win,1.0,68
245,runs\models_9x9\best.pt,runs\models_9x9\checkpoints\cycle_0186.pt,runs\models_9x9\best.pt,runs\models_9x9\checkpoints\cycle_0186.pt,p1_win,1.0,57
246,runs\models_9x9\best.pt,runs\models_9x9\checkpoints\cycle_0186.pt,runs\models_9x9\checkpoints\cycle_0186.pt,runs\models_9x9\best.pt,p2_win,1.0,68
247,runs\models_9x9\best.pt,runs\models_9x9\checkpoints\cycle_0186.pt,runs\models_9x9\checkpoints\cycle_0186.pt,runs\models_9x9\best.pt,p2_win,1.0,60
248,runs\models_9x9\best.pt,runs\models_9x9\checkpoints\cycle_0186.pt,runs\models_9x9\best.pt,runs\models_9x9\checkpoints\cycle_0186.pt,p1_win,1.0,59
249,runs\models_9x9\best.pt,runs\models_9x9\checkpoints\cycle_0186.pt,runs\models_9x9\best.pt,runs\models_9x9\checkpoints\cycle_0186.pt,p1_win,1.0,57
250,runs\models_9x9\best.pt,runs\models_9x9\checkpoints\cycle_0186.pt,runs\models_9x9\checkpoints\cycle_0186.pt,runs\models_9x9\best.pt,p2_win,1.0,60
251,runs\models_9x9\best.pt,runs\models_9x9\checkpoints\cycle_0186.pt,runs\models_9x9\checkpoints\cycle_0186.pt,runs\models_9x9\best.pt,p1_win,0.0,57
252,runs\models_9x9\best.pt,runs\models_9x9\checkpoints\cycle_0186.pt,runs\models_9x9\checkpoints\cycle_0186.pt,runs\models_9x9\best.pt,p1_win,0.0,57
253,runs\models_9x9\best.pt,runs\models_9x9\checkpoints\cycle_0186.pt,runs\models_9x9\checkpoints\cycle_0186.pt,runs\models_9x9\best.pt,p2_win,1.0,58
254,runs\models_9x9\best.pt,runs\models_9x9\checkpoints\cycle_0186.pt,runs\models_9x9\best.pt,runs\models_9x9\checkpoints\cycle_0186.pt,p1_win,1.0,59
255,runs\models_9x9\best.pt,runs\models_9x9\checkpoints\cycle_0186.pt,runs\models_9x9\checkpoints\cycle_0186.pt,runs\models_9x9\best.pt,p2_win,1.0,58
256,runs\models_9x9\best.pt,runs\models_9x9\checkpoints\cycle_0186.pt,runs\models_9x9\best.pt,runs\models_9x9\checkpoints\cycle_0186.pt,p1_win,1.0,59
257,runs\models_9x9\best.pt,runs\models_9x9\checkpoints\cycle_0186.pt,runs\models_9x9\best.pt,runs\models_9x9\checkpoints\cycle_0186.pt,p1_win,1.0,59
258,runs\models_9x9\best.pt,runs\models_9x9\checkpoints\cycle_0186.pt,runs\models_9x9\best.pt,runs\models_9x9\checkpoints\cycle_0186.pt,p1_win,1.0,61
259,runs\models_9x9\best.pt,runs\models_9x9\checkpoints\cycle_0186.pt,runs\models_9x9\best.pt,runs\models_9x9\checkpoints\cycle_0186.pt,p2_win,0.0,64
260,runs\models_9x9\best.pt,runs\models_9x9\checkpoints\cycle_0186.pt,runs\models_9x9\best.pt,runs\models_9x9\checkpoints\cycle_0186.pt,p1_win,1.0,57
261,runs\models_9x9\best.pt,runs\models_9x9\checkpoints\cycle_0186.pt,runs\models_9x9\best.pt,runs\models_9x9\checkpoints\cycle_0186.pt,p1_win,1.0,59
262,runs\models_9x9\best.pt,runs\models_9x9\checkpoints\cycle_0186.pt,runs\models_9x9\checkpoints\cycle_0186.pt,runs\models_9x9\best.pt,p1_win,0.0,61
263,runs\models_9x9\best.pt,runs\models_9x9\checkpoints\cycle_0186.pt,runs\models_9x9\checkpoints\cycle_0186.pt,runs\models_9x9\best.pt,p2_win,1.0,64
264,runs\models_9x9\best.pt,runs\models_9x9\checkpoints\cycle_0186.pt,runs\models_9x9\checkpoints\cycle_0186.pt,runs\models_9x9\best.pt,p1_win,0.0,57
265,runs\models_9x9\best.pt,runs\models_9x9\checkpoints\cycle_0186.pt,runs\models_9x9\best.pt,runs\models_9x9\checkpoints\cycle_0186.pt,p1_win,1.0,61
266,runs\models_9x9\best.pt,runs\models_9x9\checkpoints\cycle_0186.pt,runs\models_9x9\checkpoints\cycle_0186.pt,runs\models_9x9\best.pt,p2_win,1.0,68
267,runs\models_9x9\best.pt,runs\models_9x9\checkpoints\cycle_0186.pt,runs\models_9x9\checkpoints\cycle_0186.pt,runs\models_9x9\best.pt,p1_win,0.0,59
268,runs\models_9x9\best.pt,runs\models_9x9\checkpoints\cycle_0186.pt,runs\models_9x9\checkpoints\cycle_0186.pt,runs\models_9x9\best.pt,p1_win,0.0,59
269,runs\models_9x9\best.pt,runs\models_9x9\checkpoints\cycle_0186.pt,runs\models_9x9\best.pt,runs\models_9x9\checkpoints\cycle_0186.pt,p1_win,1.0,59
270,runs\models_9x9\best.pt,runs\models_9x9\checkpoints\cycle_0186.pt,runs\models_9x9\best.pt,runs\models_9x9\checkpoints\cycle_0186.pt,p1_win,1.0,59
271,runs\models_9x9\best.pt,runs\models_9x9\checkpoints\cycle_0186.pt,runs\models_9x9\checkpoints\cycle_0186.pt,runs\models_9x9\best.pt,p2_win,1.0,64
272,runs\models_9x9\best.pt,runs\models_9x9\checkpoints\cycle_0186.pt,runs\models_9x9\checkpoints\cycle_0186.pt,runs\models_9x9\best.pt,p1_win,0.0,57
273,runs\models_9x9\best.pt,runs\models_9x9\checkpoints\cycle_0186.pt,runs\models_9x9\checkpoints\cycle_0186.pt,runs\models_9x9\best.pt,p1_win,0.0,59
274,runs\models_9x9\best.pt,runs\models_9x9\checkpoints\cycle_0186.pt,runs\models_9x9\best.pt,runs\models_9x9\checkpoints\cycle_0186.pt,p1_win,1.0,61
275,runs\models_9x9\best.pt,runs\models_9x9\checkpoints\cycle_0186.pt,runs\models_9x9\best.pt,runs\models_9x9\checkpoints\cycle_0186.pt,p1_win,1.0,61
276,runs\models_9x9\best.pt,runs\models_9x9\checkpoints\cycle_0186.pt,runs\models_9x9\best.pt,runs\models_9x9\checkpoints\cycle_0186.pt,p1_win,1.0,57
277,runs\models_9x9\best.pt,runs\models_9x9\checkpoints\cycle_0186.pt,runs\models_9x9\best.pt,runs\models_9x9\checkpoints\cycle_0186.pt,p1_win,1.0,59
278,runs\models_9x9\best.pt,runs\models_9x9\checkpoints\cycle_0186.pt,runs\models_9x9\checkpoints\cycle_0186.pt,runs\models_9x9\best.pt,p2_win,1.0,68
279,runs\models_9x9\best.pt,runs\models_9x9\checkpoints\cycle_0186.pt,runs\models_9x9\checkpoints\cycle_0186.pt,runs\models_9x9\best.pt,p1_win,0.0,59
280,runs\models_9x9\best.pt,runs\models_9x9\checkpoints\cycle_0186.pt,runs\models_9x9\checkpoints\cycle_0186.pt,runs\models_9x9\best.pt,p2_win,1.0,68
281,runs\models_9x9\best.pt,runs\models_9x9\checkpoints\cycle_0186.pt,runs\models_9x9\checkpoints\cycle_0186.pt,runs\models_9x9\best.pt,p1_win,0.0,59
282,runs\models_9x9\best.pt,runs\models_9x9\checkpoints\cycle_0186.pt,runs\models_9x9\best.pt,runs\models_9x9\checkpoints\cycle_0186.pt,p1_win,1.0,59
283,runs\models_9x9\best.pt,runs\models_9x9\checkpoints\cycle_0186.pt,runs\models_9x9\best.pt,runs\models_9x9\checkpoints\cycle_0186.pt,p1_win,1.0,59
284,runs\models_9x9\best.pt,runs\models_9x9\checkpoints\cycle_0186.pt,runs\models_9x9\checkpoints\cycle_0186.pt,runs\models_9x9\best.pt,p1_win,0.0,73
285,runs\models_9x9\best.pt,runs\models_9x9\checkpoints\cycle_0186.pt,runs\models_9x9\best.pt,runs\models_9x9\checkpoints\cycle_0186.pt,p1_win,1.0,59
286,runs\models_9x9\best.pt,runs\models_9x9\checkpoints\cycle_0186.pt,runs\models_9x9\best.pt,runs\models_9x9\checkpoints\cycle_0186.pt,p1_win,1.0,61
287,runs\models_9x9\best.pt,runs\models_9x9\checkpoints\cycle_0186.pt,runs\models_9x9\checkpoints\cycle_0186.pt,runs\models_9x9\best.pt,p2_win,1.0,62
288,runs\models_9x9\best.pt,runs\models_9x9\checkpoints\cycle_0186.pt,runs\models_9x9\best.pt,runs\models_9x9\checkpoints\cycle_0186.pt,p1_win,1.0,59
289,runs\models_9x9\best.pt,runs\models_9x9\checkpoints\cycle_0186.pt,runs\models_9x9\best.pt,runs\models_9x9\checkpoints\cycle_0186.pt,p1_win,1.0,59
290,runs\models_9x9\best.pt,runs\models_9x9\checkpoints\cycle_0186.pt,runs\models_9x9\checkpoints\cycle_0186.pt,runs\models_9x9\best.pt,p2_win,1.0,72
291,runs\models_9x9\best.pt,runs\models_9x9\checkpoints\cycle_0186.pt,runs\models_9x9\checkpoints\cycle_0186.pt,runs\models_9x9\best.pt,p1_win,0.0,63
292,runs\models_9x9\best.pt,runs\models_9x9\checkpoints\cycle_0186.pt,runs\models_9x9\best.pt,runs\models_9x9\checkpoints\cycle_0186.pt,p1_win,1.0,59
293,runs\models_9x9\best.pt,runs\models_9x9\checkpoints\cycle_0186.pt,runs\models_9x9\checkpoints\cycle_0186.pt,runs\models_9x9\best.pt,p2_win,1.0,66
294,runs\models_9x9\best.pt,runs\models_9x9\checkpoints\cycle_0186.pt,runs\models_9x9\checkpoints\cycle_0186.pt,runs\models_9x9\best.pt,p2_win,1.0,60
295,runs\models_9x9\best.pt,runs\models_9x9\checkpoints\cycle_0186.pt,runs\models_9x9\checkpoints\cycle_0186.pt,runs\models_9x9\best.pt,p2_win,1.0,58
296,runs\models_9x9\best.pt,runs\models_9x9\checkpoints\cycle_0186.pt,runs\models_9x9\checkpoints\cycle_0186.pt,runs\models_9x9\best.pt,p1_win,0.0,65
297,runs\models_9x9\best.pt,runs\models_9x9\checkpoints\cycle_0186.pt,runs\models_9x9\best.pt,runs\models_9x9\checkpoints\cycle_0186.pt,p1_win,1.0,59
298,runs\models_9x9\best.pt,runs\models_9x9\checkpoints\cycle_0186.pt,runs\models_9x9\checkpoints\cycle_0186.pt,runs\models_9x9\best.pt,p2_win,1.0,60
299,runs\models_9x9\best.pt,runs\models_9x9\checkpoints\cycle_0186.pt,runs\models_9x9\best.pt,runs\models_9x9\checkpoints\cycle_0186.pt,p1_win,1.0,61
300,runs\models_9x9\best.pt,runs\models_9x9\checkpoints\cycle_0186.pt,runs\models_9x9\checkpoints\cycle_0186.pt,runs\models_9x9\best.pt,p1_win,0.0,69
301,runs\models_9x9\best.pt,runs\models_9x9\checkpoints\cycle_0186.pt,runs\models_9x9\best.pt,runs\models_9x9\checkpoints\cycle_0186.pt,p1_win,1.0,59
302,runs\models_9x9\best.pt,runs\models_9x9\checkpoints\cycle_0186.pt,runs\models_9x9\checkpoints\cycle_0186.pt,runs\models_9x9\best.pt,p2_win,1.0,68
303,runs\models_9x9\best.pt,runs\models_9x9\checkpoints\cycle_0186.pt,runs\models_9x9\checkpoints\cycle_0186.pt,runs\models_9x9\best.pt,p2_win,1.0,68
304,runs\models_9x9\best.pt,runs\models_9x9\checkpoints\cycle_0186.pt,runs\models_9x9\best.pt,runs\models_9x9\checkpoints\cycle_0186.pt,p1_win,1.0,63
305,runs\models_9x9\best.pt,runs\models_9x9\checkpoints\cycle_0186.pt,runs\models_9x9\checkpoints\cycle_0186.pt,runs\models_9x9\best.pt,p1_win,0.0,61
306,runs\models_9x9\best.pt,runs\models_9x9\checkpoints\cycle_0186.pt,runs\models_9x9\checkpoints\cycle_0186.pt,runs\models_9x9\best.pt,p2_win,1.0,68
307,runs\models_9x9\best.pt,runs\models_9x9\checkpoints\cycle_0186.pt,runs\models_9x9\checkpoints\cycle_0186.pt,runs\models_9x9\best.pt,p2_win,1.0,60
308,runs\models_9x9\best.pt,runs\models_9x9\checkpoints\cycle_0186.pt,runs\models_9x9\checkpoints\cycle_0186.pt,runs\models_9x9\best.pt,p1_win,0.0,59
309,runs\models_9x9\best.pt,runs\models_9x9\checkpoints\cycle_0186.pt,runs\models_9x9\checkpoints\cycle_0186.pt,runs\models_9x9\best.pt,p2_win,1.0,68
310,runs\models_9x9\best.pt,runs\models_9x9\checkpoints\cycle_0186.pt,runs\models_9x9\best.pt,runs\models_9x9\checkpoints\cycle_0186.pt,p1_win,1.0,61
311,runs\models_9x9\best.pt,runs\models_9x9\checkpoints\cycle_0186.pt,runs\models_9x9\checkpoints\cycle_0186.pt,runs\models_9x9\best.pt,p2_win,1.0,62
312,runs\models_9x9\best.pt,runs\models_9x9\checkpoints\cycle_0186.pt,runs\models_9x9\best.pt,runs\models_9x9\checkpoints\cycle_0186.pt,p1_win,1.0,59
313,runs\models_9x9\best.pt,runs\models_9x9\checkpoints\cycle_0186.pt,runs\models_9x9\best.pt,runs\models_9x9\checkpoints\cycle_0186.pt,p1_win,1.0,61
314,runs\models_9x9\best.pt,runs\models_9x9\checkpoints\cycle_0186.pt,runs\models_9x9\checkpoints\cycle_0186.pt,runs\models_9x9\best.pt,p2_win,1.0,68
315,runs\models_9x9\best.pt,runs\models_9x9\checkpoints\cycle_0186.pt,runs\models_9x9\checkpoints\cycle_0186.pt,runs\models_9x9\best.pt,p2_win,1.0,66
316,runs\models_9x9\best.pt,runs\models_9x9\checkpoints\cycle_0186.pt,runs\models_9x9\checkpoints\cycle_0186.pt,runs\models_9x9\best.pt,p2_win,1.0,68
317,runs\models_9x9\best.pt,runs\models_9x9\checkpoints\cycle_0186.pt,runs\models_9x9\best.pt,runs\models_9x9\checkpoints\cycle_0186.pt,p1_win,1.0,59
318,runs\models_9x9\best.pt,runs\models_9x9\checkpoints\cycle_0186.pt,runs\models_9x9\checkpoints\cycle_0186.pt,runs\models_9x9\best.pt,p2_win,1.0,60
319,runs\models_9x9\best.pt,runs\models_9x9\checkpoints\cycle_0186.pt,runs\models_9x9\checkpoints\cycle_0186.pt,runs\models_9x9\best.pt,p2_win,1.0,60
320,runs\models_9x9\best.pt,runs\models_9x9\checkpoints\cycle_0186.pt,runs\models_9x9\checkpoints\cycle_0186.pt,runs\models_9x9\best.pt,p1_win,0.0,63
321,runs\models_9x9\best.pt,runs\models_9x9\checkpoints\cycle_0186.pt,runs\models_9x9\best.pt,runs\models_9x9\checkpoints\cycle_0186.pt,p1_win,1.0,61
322,runs\models_9x9\best.pt,runs\models_9x9\checkpoints\cycle_0186.pt,runs\models_9x9\best.pt,runs\models_9x9\checkpoints\cycle_0186.pt,p1_win,1.0,63
323,runs\models_9x9\best.pt,runs\models_9x9\checkpoints\cycle_0186.pt,runs\models_9x9\checkpoints\cycle_0186.pt,runs\models_9x9\best.pt,p2_win,1.0,66
324,runs\models_9x9\best.pt,runs\models_9x9\checkpoints\cycle_0186.pt,runs\models_9x9\checkpoints\cycle_0186.pt,runs\models_9x9\best.pt,p2_win,1.0,66
325,runs\models_9x9\best.pt,runs\models_9x9\checkpoints\cycle_0186.pt,runs\models_9x9\checkpoints\cycle_0186.pt,runs\models_9x9\best.pt,p1_win,0.0,63
326,runs\models_9x9\best.pt,runs\models_9x9\checkpoints\cycle_0186.pt,runs\models_9x9\best.pt,runs\models_9x9\checkpoints\cycle_0186.pt,p1_win,1.0,59
327,runs\models_9x9\best.pt,runs\models_9x9\checkpoints\cycle_0186.pt,runs\models_9x9\best.pt,runs\models_9x9\checkpoints\cycle_0186.pt,p1_win,1.0,59
328,runs\models_9x9\best.pt,runs\models_9x9\checkpoints\cycle_0186.pt,runs\models_9x9\checkpoints\cycle_0186.pt,runs\models_9x9\best.pt,p2_win,1.0,62
329,runs\models_9x9\best.pt,runs\models_9x9\checkpoints\cycle_0186.pt,runs\models_9x9\checkpoints\cycle_0186.pt,runs\models_9x9\best.pt,p2_win,1.0,68
330,runs\models_9x9\best.pt,runs\models_9x9\checkpoints\cycle_0186.pt,runs\models_9x9\checkpoints\cycle_0186.pt,runs\models_9x9\best.pt,p2_win,1.0,68
331,runs\models_9x9\best.pt,runs\models_9x9\checkpoints\cycle_0186.pt,runs\models_9x9\checkpoints\cycle_0186.pt,runs\models_9x9\best.pt,p2_win,1.0,68
332,runs\models_9x9\best.pt,runs\models_9x9\checkpoints\cycle_0186.pt,runs\models_9x9\checkpoints\cycle_0186.pt,runs\models_9x9\best.pt,p1_win,0.0,67
333,runs\models_9x9\best.pt,runs\models_9x9\checkpoints\cycle_0186.pt,runs\models_9x9\checkpoints\cycle_0186.pt,runs\models_9x9\best.pt,p2_win,1.0,68
334,runs\models_9x9\best.pt,runs\models_9x9\checkpoints\cycle_0186.pt,runs\models_9x9\checkpoints\cycle_0186.pt,runs\models_9x9\best.pt,p1_win,0.0,63
335,runs\models_9x9\best.pt,runs\models_9x9\checkpoints\cycle_0186.pt,runs\models_9x9\checkpoints\cycle_0186.pt,runs\models_9x9\best.pt,p2_win,1.0,68
336,runs\models_9x9\best.pt,runs\models_9x9\checkpoints\cycle_0186.pt,runs\models_9x9\best.pt,runs\models_9x9\checkpoints\cycle_0186.pt,p1_win,1.0,61
337,runs\models_9x9\best.pt,runs\models_9x9\checkpoints\cycle_0186.pt,runs\models_9x9\checkpoints\cycle_0186.pt,runs\models_9x9\best.pt,p1_win,0.0,65
338,runs\models_9x9\best.pt,runs\models_9x9\checkpoints\cycle_0186.pt,runs\models_9x9\checkpoints\cycle_0186.pt,runs\models_9x9\best.pt,p1_win,0.0,65
339,runs\models_9x9\best.pt,runs\models_9x9\checkpoints\cycle_0186.pt,runs\models_9x9\checkpoints\cycle_0186.pt,runs\models_9x9\best.pt,p1_win,0.0,67
340,runs\models_9x9\best.pt,runs\models_9x9\checkpoints\cycle_0186.pt,runs\models_9x9\checkpoints\cycle_0186.pt,runs\models_9x9\best.pt,p1_win,0.0,61
341,runs\models_9x9\best.pt,runs\models_9x9\checkpoints\cycle_0186.pt,runs\models_9x9\checkpoints\cycle_0186.pt,runs\models_9x9\best.pt,p2_win,1.0,68
342,runs\models_9x9\best.pt,runs\models_9x9\checkpoints\cycle_0186.pt,runs\models_9x9\checkpoints\cycle_0186.pt,runs\models_9x9\best.pt,p2_win,1.0,64
343,runs\models_9x9\best.pt,runs\models_9x9\checkpoints\cycle_0186.pt,runs\models_9x9\best.pt,runs\models_9x9\checkpoints\cycle_0186.pt,p1_win,1.0,63
344,runs\models_9x9\best.pt,runs\models_9x9\checkpoints\cycle_0186.pt,runs\models_9x9\best.pt,runs\models_9x9\checkpoints\cycle_0186.pt,p1_win,1.0,59
345,runs\models_9x9\best.pt,runs\models_9x9\checkpoints\cycle_0186.pt,runs\models_9x9\best.pt,runs\models_9x9\checkpoints\cycle_0186.pt,p1_win,1.0,65
346,runs\models_9x9\best.pt,runs\models_9x9\checkpoints\cycle_0186.pt,runs\models_9x9\checkpoints\cycle_0186.pt,runs\models_9x9\best.pt,p2_win,1.0,64
347,runs\models_9x9\best.pt,runs\models_9x9\checkpoints\cycle_0186.pt,runs\models_9x9\checkpoints\cycle_0186.pt,runs\models_9x9\best.pt,p2_win,1.0,66
348,runs\models_9x9\best.pt,runs\models_9x9\checkpoints\cycle_0186.pt,runs\models_9x9\best.pt,runs\models_9x9\checkpoints\cycle_0186.pt,p1_win,1.0,61
349,runs\models_9x9\best.pt,runs\models_9x9\checkpoints\cycle_0186.pt,runs\models_9x9\best.pt,runs\models_9x9\checkpoints\cycle_0186.pt,p1_win,1.0,63
350,runs\models_9x9\best.pt,runs\models_9x9\checkpoints\cycle_0186.pt,runs\models_9x9\best.pt,runs\models_9x9\checkpoints\cycle_0186.pt,p1_win,1.0,61
351,runs\models_9x9\best.pt,runs\models_9x9\checkpoints\cycle_0186.pt,runs\models_9x9\checkpoints\cycle_0186.pt,runs\models_9x9\best.pt,p2_win,1.0,64
352,runs\models_9x9\best.pt,runs\models_9x9\checkpoints\cycle_0186.pt,runs\models_9x9\best.pt,runs\models_9x9\checkpoints\cycle_0186.pt,p1_win,1.0,61
353,runs\models_9x9\best.pt,runs\models_9x9\checkpoints\cycle_0186.pt,runs\models_9x9\best.pt,runs\models_9x9\checkpoints\cycle_0186.pt,p1_win,1.0,61
354,runs\models_9x9\best.pt,runs\models_9x9\checkpoints\cycle_0186.pt,runs\models_9x9\checkpoints\cycle_0186.pt,runs\models_9x9\best.pt,p1_win,0.0,63
355,runs\models_9x9\best.pt,runs\models_9x9\checkpoints\cycle_0186.pt,runs\models_9x9\best.pt,runs\models_9x9\checkpoints\cycle_0186.pt,p1_win,1.0,63
356,runs\models_9x9\best.pt,runs\models_9x9\checkpoints\cycle_0186.pt,runs\models_9x9\checkpoints\cycle_0186.pt,runs\models_9x9\best.pt,p1_win,0.0,61
357,runs\models_9x9\best.pt,runs\models_9x9\checkpoints\cycle_0186.pt,runs\models_9x9\checkpoints\cycle_0186.pt,runs\models_9x9\best.pt,p1_win,0.0,71
358,runs\models_9x9\best.pt,runs\models_9x9\checkpoints\cycle_0186.pt,runs\models_9x9\best.pt,runs\models_9x9\checkpoints\cycle_0186.pt,p1_win,1.0,63
359,runs\models_9x9\best.pt,runs\models_9x9\checkpoints\cycle_0186.pt,runs\models_9x9\best.pt,runs\models_9x9\checkpoints\cycle_0186.pt,p1_win,1.0,61
360,runs\models_9x9\best.pt,runs\models_9x9\checkpoints\cycle_0186.pt,runs\models_9x9\best.pt,runs\models_9x9\checkpoints\cycle_0186.pt,p1_win,1.0,61
361,runs\models_9x9\best.pt,runs\models_9x9\checkpoints\cycle_0186.pt,runs\models_9x9\checkpoints\cycle_0186.pt,runs\models_9x9\best.pt,p1_win,0.0,61
362,runs\models_9x9\best.pt,runs\models_9x9\checkpoints\cycle_0186.pt,runs\models_9x9\checkpoints\cycle_0186.pt,runs\models_9x9\best.pt,p2_win,1.0,64
363,runs\models_9x9\best.pt,runs\models_9x9\checkpoints\cycle_0186.pt,runs\models_9x9\checkpoints\cycle_0186.pt,runs\models_9x9\best.pt,p2_win,1.0,68
364,runs\models_9x9\best.pt,runs\models_9x9\checkpoints\cycle_0186.pt,runs\models_9x9\best.pt,runs\models_9x9\checkpoints\cycle_0186.pt,p1_win,1.0,69
365,runs\models_9x9\best.pt,runs\models_9x9\checkpoints\cycle_0186.pt,runs\models_9x9\best.pt,runs\models_9x9\checkpoints\cycle_0186.pt,p1_win,1.0,67
366,runs\models_9x9\best.pt,runs\models_9x9\checkpoints\cycle_0186.pt,runs\models_9x9\checkpoints\cycle_0186.pt,runs\models_9x9\best.pt,p1_win,0.0,61
367,runs\models_9x9\best.pt,runs\models_9x9\checkpoints\cycle_0186.pt,runs\models_9x9\best.pt,runs\models_9x9\checkpoints\cycle_0186.pt,p1_win,1.0,63
368,runs\models_9x9\best.pt,runs\models_9x9\checkpoints\cycle_0186.pt,runs\models_9x9\best.pt,runs\models_9x9\checkpoints\cycle_0186.pt,p1_win,1.0,69
369,runs\models_9x9\best.pt,runs\models_9x9\checkpoints\cycle_0186.pt,runs\models_9x9\best.pt,runs\models_9x9\checkpoints\cycle_0186.pt,p1_win,1.0,61
370,runs\models_9x9\best.pt,runs\models_9x9\checkpoints\cycle_0186.pt,runs\models_9x9\best.pt,runs\models_9x9\checkpoints\cycle_0186.pt,p1_win,1.0,73
371,runs\models_9x9\best.pt,runs\models_9x9\checkpoints\cycle_0186.pt,runs\models_9x9\best.pt,runs\models_9x9\checkpoints\cycle_0186.pt,p1_win,1.0,67
372,runs\models_9x9\best.pt,runs\models_9x9\checkpoints\cycle_0186.pt,runs\models_9x9\checkpoints\cycle_0186.pt,runs\models_9x9\best.pt,p1_win,0.0,61
373,runs\models_9x9\best.pt,runs\models_9x9\checkpoints\cycle_0186.pt,runs\models_9x9\best.pt,runs\models_9x9\checkpoints\cycle_0186.pt,p1_win,1.0,61
374,runs\models_9x9\best.pt,runs\models_9x9\checkpoints\cycle_0186.pt,runs\models_9x9\best.pt,runs\models_9x9\checkpoints\cycle_0186.pt,p1_win,1.0,61
375,runs\models_9x9\best.pt,runs\models_9x9\checkpoints\cycle_0186.pt,runs\models_9x9\checkpoints\cycle_0186.pt,runs\models_9x9\best.pt,p2_win,1.0,64
376,runs\models_9x9\best.pt,runs\models_9x9\checkpoints\cycle_0186.pt,runs\models_9x9\checkpoints\cycle_0186.pt,runs\models_9x9\best.pt,p2_win,1.0,72
377,runs\models_9x9\best.pt,runs\models_9x9\checkpoints\cycle_0186.pt,runs\models_9x9\checkpoints\cycle_0186.pt,runs\models_9x9\best.pt,p1_win,0.0,61
378,runs\models_9x9\best.pt,runs\models_9x9\checkpoints\cycle_0186.pt,runs\models_9x9\best.pt,runs\models_9x9\checkpoints\cycle_0186.pt,p1_win,1.0,71
379,runs\models_9x9\best.pt,runs\models_9x9\checkpoints\cycle_0186.pt,runs\models_9x9\best.pt,runs\models_9x9\checkpoints\cycle_0186.pt,p1_win,1.0,61
380,runs\models_9x9\best.pt,runs\models_9x9\checkpoints\cycle_0186.pt,runs\models_9x9\best.pt,runs\models_9x9\checkpoints\cycle_0186.pt,p1_win,1.0,71
381,runs\models_9x9\best.pt,runs\models_9x9\checkpoints\cycle_0186.pt,runs\models_9x9\best.pt,runs\models_9x9\checkpoints\cycle_0186.pt,p1_win,1.0,69
382,runs\models_9x9\best.pt,runs\models_9x9\checkpoints\cycle_0186.pt,runs\models_9x9\best.pt,runs\models_9x9\checkpoints\cycle_0186.pt,p1_win,1.0,69
383,runs\models_9x9\best.pt,runs\models_9x9\checkpoints\cycle_0186.pt,runs\models_9x9\best.pt,runs\models_9x9\checkpoints\cycle_0186.pt,p1_win,1.0,65
384,runs\models_9x9\best.pt,runs\models_9x9\checkpoints\cycle_0186.pt,runs\models_9x9\best.pt,runs\models_9x9\checkpoints\cycle_0186.pt,p1_win,1.0,61
385,runs\models_9x9\best.pt,runs\models_9x9\checkpoints\cycle_0186.pt,runs\models_9x9\checkpoints\cycle_0186.pt,runs\models_9x9\best.pt,p2_win,1.0,62
386,runs\models_9x9\best.pt,runs\models_9x9\checkpoints\cycle_0186.pt,runs\models_9x9\checkpoints\cycle_0186.pt,runs\models_9x9\best.pt,p2_win,1.0,66
387,runs\models_9x9\best.pt,runs\models_9x9\checkpoints\cycle_0186.pt,runs\models_9x9\best.pt,runs\models_9x9\checkpoints\cycle_0186.pt,p1_win,1.0,69
388,runs\models_9x9\best.pt,runs\models_9x9\checkpoints\cycle_0186.pt,runs\models_9x9\best.pt,runs\models_9x9\checkpoints\cycle_0186.pt,p1_win,1.0,63
389,runs\models_9x9\best.pt,runs\models_9x9\checkpoints\cycle_0186.pt,runs\models_9x9\best.pt,runs\models_9x9\checkpoints\cycle_0186.pt,p1_win,1.0,77
390,runs\models_9x9\best.pt,runs\models_9x9\checkpoints\cycle_0186.pt,runs\models_9x9\best.pt,runs\models_9x9\checkpoints\cycle_0186.pt,p1_win,1.0,61
391,runs\models_9x9\best.pt,runs\models_9x9\checkpoints\cycle_0186.pt,runs\models_9x9\best.pt,runs\models_9x9\checkpoints\cycle_0186.pt,p1_win,1.0,61
392,runs\models_9x9\best.pt,runs\models_9x9\checkpoints\cycle_0186.pt,runs\models_9x9\best.pt,runs\models_9x9\checkpoints\cycle_0186.pt,p1_win,1.0,63
393,runs\models_9x9\best.pt,runs\models_9x9\checkpoints\cycle_0186.pt,runs\models_9x9\checkpoints\cycle_0186.pt,runs\models_9x9\best.pt,p1_win,0.0,65
394,runs\models_9x9\best.pt,runs\models_9x9\checkpoints\cycle_0186.pt,runs\models_9x9\checkpoints\cycle_0186.pt,runs\models_9x9\best.pt,p1_win,0.0,71
395,runs\models_9x9\best.pt,runs\models_9x9\checkpoints\cycle_0186.pt,runs\models_9x9\checkpoints\cycle_0186.pt,runs\models_9x9\best.pt,p2_win,1.0,64
396,runs\models_9x9\best.pt,runs\models_9x9\checkpoints\cycle_0186.pt,runs\models_9x9\checkpoints\cycle_0186.pt,runs\models_9x9\best.pt,p1_win,0.0,77
397,runs\models_9x9\best.pt,runs\models_9x9\checkpoints\cycle_0186.pt,runs\models_9x9\best.pt,runs\models_9x9\checkpoints\cycle_0186.pt,p1_win,1.0,69
398,runs\models_9x9\best.pt,runs\models_9x9\checkpoints\cycle_0186.pt,runs\models_9x9\best.pt,runs\models_9x9\checkpoints\cycle_0186.pt,p1_win,1.0,61
399,runs\models_9x9\best.pt,runs\models_9x9\checkpoints\cycle_0186.pt,runs\models_9x9\checkpoints\cycle_0186.pt,runs\models_9x9\best.pt,p1_win,0.0,71
400,runs\models_9x9\best.pt,runs\models_9x9\checkpoints\cycle_0186.pt,runs\models_9x9\best.pt,runs\models_9x9\checkpoints\cycle_0186.pt,p1_win,1.0,63
401,runs\models_9x9\best.pt,runs\models_9x9\checkpoints\cycle_0186.pt,runs\models_9x9\checkpoints\cycle_0186.pt,runs\models_9x9\best.pt,p1_win,0.0,67
402,runs\models_9x9\best.pt,runs\models_9x9\checkpoints\cycle_0186.pt,runs\models_9x9\checkpoints\cycle_0186.pt,runs\models_9x9\best.pt,p1_win,0.0,65
403,runs\models_9x9\best.pt,runs\models_9x9\checkpoints\cycle_0186.pt,runs\models_9x9\best.pt,runs\models_9x9\checkpoints\cycle_0186.pt,p1_win,1.0,69
404,runs\models_9x9\best.pt,runs\models_9x9\checkpoints\cycle_0186.pt,runs\models_9x9\best.pt,runs\models_9x9\checkpoints\cycle_0186.pt,p1_win,1.0,67
405,runs\models_9x9\best.pt,runs\models_9x9\checkpoints\cycle_0186.pt,runs\models_9x9\checkpoints\cycle_0186.pt,runs\models_9x9\best.pt,p1_win,0.0,67
406,runs\models_9x9\best.pt,runs\models_9x9\checkpoints\cycle_0186.pt,runs\models_9x9\best.pt,runs\models_9x9\checkpoints\cycle_0186.pt,p1_win,1.0,67
407,runs\models_9x9\best.pt,runs\models_9x9\checkpoints\cycle_0186.pt,runs\models_9x9\checkpoints\cycle_0186.pt,runs\models_9x9\best.pt,p2_win,1.0,64
408,runs\models_9x9\best.pt,runs\models_9x9\checkpoints\cycle_0186.pt,runs\models_9x9\checkpoints\cycle_0186.pt,runs\models_9x9\best.pt,p1_win,0.0,61
409,runs\models_9x9\best.pt,runs\models_9x9\checkpoints\cycle_0186.pt,runs\models_9x9\checkpoints\cycle_0186.pt,runs\models_9x9\best.pt,p2_win,1.0,68
410,runs\models_9x9\best.pt,runs\models_9x9\checkpoints\cycle_0186.pt,runs\models_9x9\best.pt,runs\models_9x9\checkpoints\cycle_0186.pt,p1_win,1.0,63
411,runs\models_9x9\best.pt,runs\models_9x9\checkpoints\cycle_0186.pt,runs\models_9x9\best.pt,runs\models_9x9\checkpoints\cycle_0186.pt,p1_win,1.0,67
412,runs\models_9x9\best.pt,runs\models_9x9\checkpoints\cycle_0186.pt,runs\models_9x9\best.pt,runs\models_9x9\checkpoints\cycle_0186.pt,p1_win,1.0,63
413,runs\models_9x9\best.pt,runs\models_9x9\checkpoints\cycle_0186.pt,runs\models_9x9\best.pt,runs\models_9x9\checkpoints\cycle_0186.pt,p1_win,1.0,67
414,runs\models_9x9\best.pt,runs\models_9x9\checkpoints\cycle_0186.pt,runs\models_9x9\best.pt,runs\models_9x9\checkpoints\cycle_0186.pt,p1_win,1.0,67
415,runs\models_9x9\best.pt,runs\models_9x9\checkpoints\cycle_0186.pt,runs\models_9x9\checkpoints\cycle_0186.pt,runs\models_9x9\best.pt,p1_win,0.0,61
416,runs\models_9x9\best.pt,runs\models_9x9\checkpoints\cycle_0186.pt,runs\models_9x9\checkpoints\cycle_0186.pt,runs\models_9x9\best.pt,p2_win,1.0,68
417,runs\models_9x9\best.pt,runs\models_9x9\checkpoints\cycle_0186.pt,runs\models_9x9\best.pt,runs\models_9x9\checkpoints\cycle_0186.pt,p1_win,1.0,67
418,runs\models_9x9\best.pt,runs\models_9x9\checkpoints\cycle_0186.pt,runs\models_9x9\checkpoints\cycle_0186.pt,runs\models_9x9\best.pt,p1_win,0.0,67
419,runs\models_9x9\best.pt,runs\models_9x9\checkpoints\cycle_0186.pt,runs\models_9x9\best.pt,runs\models_9x9\checkpoints\cycle_0186.pt,p1_win,1.0,69
420,runs\models_9x9\best.pt,runs\models_9x9\checkpoints\cycle_0186.pt,runs\models_9x9\checkpoints\cycle_0186.pt,runs\models_9x9\best.pt,p2_win,1.0,70
421,runs\models_9x9\best.pt,runs\models_9x9\checkpoints\cycle_0186.pt,runs\models_9x9\best.pt,runs\models_9x9\checkpoints\cycle_0186.pt,p1_win,1.0,69
422,runs\models_9x9\best.pt,runs\models_9x9\checkpoints\cycle_0186.pt,runs\models_9x9\best.pt,runs\models_9x9\checkpoints\cycle_0186.pt,p1_win,1.0,65
423,runs\models_9x9\best.pt,runs\models_9x9\checkpoints\cycle_0186.pt,runs\models_9x9\checkpoints\cycle_0186.pt,runs\models_9x9\best.pt,p1_win,0.0,67
424,runs\models_9x9\best.pt,runs\models_9x9\checkpoints\cycle_0186.pt,runs\models_9x9\checkpoints\cycle_0186.pt,runs\models_9x9\best.pt,p1_win,0.0,61
425,runs\models_9x9\best.pt,runs\models_9x9\checkpoints\cycle_0186.pt,runs\models_9x9\checkpoints\cycle_0186.pt,runs\models_9x9\best.pt,p2_win,1.0,64
426,runs\models_9x9\best.pt,runs\models_9x9\checkpoints\cycle_0186.pt,runs\models_9x9\checkpoints\cycle_0186.pt,runs\models_9x9\best.pt,p2_win,1.0,64
427,runs\models_9x9\best.pt,runs\models_9x9\checkpoints\cycle_0186.pt,runs\models_9x9\checkpoints\cycle_0186.pt,runs\models_9x9\best.pt,p1_win,0.0,61
428,runs\models_9x9\best.pt,runs\models_9x9\checkpoints\cycle_0186.pt,runs\models_9x9\checkpoints\cycle_0186.pt,runs\models_9x9\best.pt,p1_win,0.0,65
429,runs\models_9x9\best.pt,runs\models_9x9\checkpoints\cycle_0186.pt,runs\models_9x9\checkpoints\cycle_0186.pt,runs\models_9x9\best.pt,p2_win,1.0,62
430,runs\models_9x9\best.pt,runs\models_9x9\checkpoints\cycle_0186.pt,runs\models_9x9\checkpoints\cycle_0186.pt,runs\models_9x9\best.pt,p2_win,1.0,76
431,runs\models_9x9\best.pt,runs\models_9x9\checkpoints\cycle_0186.pt,runs\models_9x9\checkpoints\cycle_0186.pt,runs\models_9x9\best.pt,p2_win,1.0,64
432,runs\models_9x9\best.pt,runs\models_9x9\checkpoints\cycle_0186.pt,runs\models_9x9\best.pt,runs\models_9x9\checkpoints\cycle_0186.pt,p1_win,1.0,69
433,runs\models_9x9\best.pt,runs\models_9x9\checkpoints\cycle_0186.pt,runs\models_9x9\checkpoints\cycle_0186.pt,runs\models_9x9\best.pt,p1_win,0.0,65
434,runs\models_9x9\best.pt,runs\models_9x9\checkpoints\cycle_0186.pt,runs\models_9x9\best.pt,runs\models_9x9\checkpoints\cycle_0186.pt,p1_win,1.0,69
435,runs\models_9x9\best.pt,runs\models_9x9\checkpoints\cycle_0186.pt,runs\models_9x9\best.pt,runs\models_9x9\checkpoints\cycle_0186.pt,p1_win,1.0,67
436,runs\models_9x9\best.pt,runs\models_9x9\checkpoints\cycle_0186.pt,runs\models_9x9\best.pt,runs\models_9x9\checkpoints\cycle_0186.pt,p1_win,1.0,79
437,runs\models_9x9\best.pt,runs\models_9x9\checkpoints\cycle_0186.pt,runs\models_9x9\best.pt,runs\models_9x9\checkpoints\cycle_0186.pt,p1_win,1.0,67
438,runs\models_9x9\best.pt,runs\models_9x9\checkpoints\cycle_0186.pt,runs\models_9x9\checkpoints\cycle_0186.pt,runs\models_9x9\best.pt,p1_win,0.0,65
439,runs\models_9x9\best.pt,runs\models_9x9\checkpoints\cycle_0186.pt,runs\models_9x9\best.pt,runs\models_9x9\checkpoints\cycle_0186.pt,p1_win,1.0,79
440,runs\models_9x9\best.pt,runs\models_9x9\checkpoints\cycle_0186.pt,runs\models_9x9\checkpoints\cycle_0186.pt,runs\models_9x9\best.pt,p2_win,1.0,68
441,runs\models_9x9\best.pt,runs\models_9x9\checkpoints\cycle_0186.pt,runs\models_9x9\best.pt,runs\models_9x9\checkpoints\cycle_0186.pt,p1_win,1.0,65
442,runs\models_9x9\best.pt,runs\models_9x9\checkpoints\cycle_0186.pt,runs\models_9x9\checkpoints\cycle_0186.pt,runs\models_9x9\best.pt,p2_win,1.0,66
443,runs\models_9x9\best.pt,runs\models_9x9\checkpoints\cycle_0186.pt,runs\models_9x9\checkpoints\cycle_0186.pt,runs\models_9x9\best.pt,p1_win,0.0,73
444,runs\models_9x9\best.pt,runs\models_9x9\checkpoints\cycle_0186.pt,runs\models_9x9\best.pt,runs\models_9x9\checkpoints\cycle_0186.pt,p1_win,1.0,67
445,runs\models_9x9\best.pt,runs\models_9x9\checkpoints\cycle_0186.pt,runs\models_9x9\best.pt,runs\models_9x9\checkpoints\cycle_0186.pt,p1_win,1.0,63
446,runs\models_9x9\best.pt,runs\models_9x9\checkpoints\cycle_0186.pt,runs\models_9x9\best.pt,runs\models_9x9\checkpoints\cycle_0186.pt,p1_win,1.0,63
447,runs\models_9x9\best.pt,runs\models_9x9\checkpoints\cycle_0186.pt,runs\models_9x9\best.pt,runs\models_9x9\checkpoints\cycle_0186.pt,p1_win,1.0,73
448,runs\models_9x9\best.pt,runs\models_9x9\checkpoints\cycle_0186.pt,runs\models_9x9\best.pt,runs\models_9x9\checkpoints\cycle_0186.pt,p1_win,1.0,65
449,runs\models_9x9\best.pt,runs\models_9x9\checkpoints\cycle_0186.pt,runs\models_9x9\best.pt,runs\models_9x9\checkpoints\cycle_0186.pt,p1_win,1.0,61
450,runs\models_9x9\best.pt,runs\models_9x9\checkpoints\cycle_0186.pt,runs\models_9x9\checkpoints\cycle_0186.pt,runs\models_9x9\best.pt,p2_win,1.0,66
451,runs\models_9x9\best.pt,runs\models_9x9\checkpoints\cycle_0186.pt,runs\models_9x9\checkpoints\cycle_0186.pt,runs\models_9x9\best.pt,p2_win,1.0,68
452,runs\models_9x9\best.pt,runs\models_9x9\checkpoints\cycle_0186.pt,runs\models_9x9\checkpoints\cycle_0186.pt,runs\models_9x9\best.pt,p1_win,0.0,63
453,runs\models_9x9\best.pt,runs\models_9x9\checkpoints\cycle_0186.pt,runs\models_9x9\best.pt,runs\models_9x9\checkpoints\cycle_0186.pt,p1_win,1.0,65
454,runs\models_9x9\best.pt,runs\models_9x9\checkpoints\cycle_0186.pt,runs\models_9x9\best.pt,runs\models_9x9\checkpoints\cycle_0186.pt,p1_win,1.0,63
455,runs\models_9x9\best.pt,runs\models_9x9\checkpoints\cycle_0186.pt,runs\models_9x9\best.pt,runs\models_9x9\checkpoints\cycle_0186.pt,p1_win,1.0,63
456,runs\models_9x9\best.pt,runs\models_9x9\checkpoints\cycle_0186.pt,runs\models_9x9\checkpoints\cycle_0186.pt,runs\models_9x9\best.pt,p1_win,0.0,75
457,runs\models_9x9\best.pt,runs\models_9x9\checkpoints\cycle_0186.pt,runs\models_9x9\best.pt,runs\models_9x9\checkpoints\cycle_0186.pt,p1_win,1.0,65
458,runs\models_9x9\best.pt,runs\models_9x9\checkpoints\cycle_0186.pt,runs\models_9x9\best.pt,runs\models_9x9\checkpoints\cycle_0186.pt,p1_win,1.0,63
459,runs\models_9x9\best.pt,runs\models_9x9\checkpoints\cycle_0186.pt,runs\models_9x9\checkpoints\cycle_0186.pt,runs\models_9x9\best.pt,p1_win,0.0,75
460,runs\models_9x9\best.pt,runs\models_9x9\checkpoints\cycle_0186.pt,runs\models_9x9\checkpoints\cycle_0186.pt,runs\models_9x9\best.pt,p1_win,0.0,69
461,runs\models_9x9\best.pt,runs\models_9x9\checkpoints\cycle_0186.pt,runs\models_9x9\best.pt,runs\models_9x9\checkpoints\cycle_0186.pt,p1_win,1.0,63
462,runs\models_9x9\best.pt,runs\models_9x9\checkpoints\cycle_0186.pt,runs\models_9x9\best.pt,runs\models_9x9\checkpoints\cycle_0186.pt,p1_win,1.0,65
463,runs\models_9x9\best.pt,runs\models_9x9\checkpoints\cycle_0186.pt,runs\models_9x9\best.pt,runs\models_9x9\checkpoints\cycle_0186.pt,p1_win,1.0,65
464,runs\models_9x9\best.pt,runs\models_9x9\checkpoints\cycle_0186.pt,runs\models_9x9\checkpoints\cycle_0186.pt,runs\models_9x9\best.pt,p1_win,0.0,65
465,runs\models_9x9\best.pt,runs\models_9x9\checkpoints\cycle_0186.pt,runs\models_9x9\checkpoints\cycle_0186.pt,runs\models_9x9\best.pt,p1_win,0.0,73
466,runs\models_9x9\best.pt,runs\models_9x9\checkpoints\cycle_0186.pt,runs\models_9x9\checkpoints\cycle_0186.pt,runs\models_9x9\best.pt,p2_win,1.0,70
467,runs\models_9x9\best.pt,runs\models_9x9\checkpoints\cycle_0186.pt,runs\models_9x9\best.pt,runs\models_9x9\checkpoints\cycle_0186.pt,p1_win,1.0,71
468,runs\models_9x9\best.pt,runs\models_9x9\checkpoints\cycle_0186.pt,runs\models_9x9\best.pt,runs\models_9x9\checkpoints\cycle_0186.pt,p1_win,1.0,63
469,runs\models_9x9\best.pt,runs\models_9x9\checkpoints\cycle_0186.pt,runs\models_9x9\checkpoints\cycle_0186.pt,runs\models_9x9\best.pt,p2_win,1.0,78
470,runs\models_9x9\best.pt,runs\models_9x9\checkpoints\cycle_0186.pt,runs\models_9x9\checkpoints\cycle_0186.pt,runs\models_9x9\best.pt,p2_win,1.0,62
471,runs\models_9x9\best.pt,runs\models_9x9\checkpoints\cycle_0186.pt,runs\models_9x9\checkpoints\cycle_0186.pt,runs\models_9x9\best.pt,p1_win,0.0,65
472,runs\models_9x9\best.pt,runs\models_9x9\checkpoints\cycle_0186.pt,runs\models_9x9\best.pt,runs\models_9x9\checkpoints\cycle_0186.pt,p1_win,1.0,71
473,runs\models_9x9\best.pt,runs\models_9x9\checkpoints\cycle_0186.pt,runs\models_9x9\best.pt,runs\models_9x9\checkpoints\cycle_0186.pt,p1_win,1.0,65
474,runs\models_9x9\best.pt,runs\models_9x9\checkpoints\cycle_0186.pt,runs\models_9x9\checkpoints\cycle_0186.pt,runs\models_9x9\best.pt,p1_win,0.0,69
475,runs\models_9x9\best.pt,runs\models_9x9\checkpoints\cycle_0186.pt,runs\models_9x9\checkpoints\cycle_0186.pt,runs\models_9x9\best.pt,p1_win,0.0,65
476,runs\models_9x9\best.pt,runs\models_9x9\checkpoints\cycle_0186.pt,runs\models_9x9\checkpoints\cycle_0186.pt,runs\models_9x9\best.pt,p1_win,0.0,65
477,runs\models_9x9\best.pt,runs\models_9x9\checkpoints\cycle_0186.pt,runs\models_9x9\best.pt,runs\models_9x9\checkpoints\cycle_0186.pt,p1_win,1.0,71
478,runs\models_9x9\best.pt,runs\models_9x9\checkpoints\cycle_0186.pt,runs\models_9x9\best.pt,runs\models_9x9\checkpoints\cycle_0186.pt,p1_win,1.0,67
479,runs\models_9x9\best.pt,runs\models_9x9\checkpoints\cycle_0186.pt,runs\models_9x9\best.pt,runs\models_9x9\checkpoints\cycle_0186.pt,p1_win,1.0,73
480,runs\models_9x9\best.pt,runs\models_9x9\checkpoints\cycle_0186.pt,runs\models_9x9\checkpoints\cycle_0186.pt,runs\models_9x9\best.pt,p1_win,0.0,63
481,runs\models_9x9\best.pt,runs\models_9x9\checkpoints\cycle_0186.pt,runs\models_9x9\best.pt,runs\models_9x9\checkpoints\cycle_0186.pt,p1_win,1.0,71
482,runs\models_9x9\best.pt,runs\models_9x9\checkpoints\cycle_0186.pt,runs\models_9x9\best.pt,runs\models_9x9\checkpoints\cycle_0186.pt,p1_win,1.0,71
483,runs\models_9x9\best.pt,runs\models_9x9\checkpoints\cycle_0186.pt,runs\models_9x9\best.pt,runs\models_9x9\checkpoints\cycle_0186.pt,p1_win,1.0,63
484,runs\models_9x9\best.pt,runs\models_9x9\checkpoints\cycle_0186.pt,runs\models_9x9\best.pt,runs\models_9x9\checkpoints\cycle_0186.pt,p1_win,1.0,69
485,runs\models_9x9\best.pt,runs\models_9x9\checkpoints\cycle_0186.pt,runs\models_9x9\best.pt,runs\models_9x9\checkpoints\cycle_0186.pt,p1_win,1.0,65
486,runs\models_9x9\best.pt,runs\models_9x9\checkpoints\cycle_0186.pt,runs\models_9x9\best.pt,runs\models_9x9\checkpoints\cycle_0186.pt,p2_win,0.0,80
487,runs\models_9x9\best.pt,runs\models_9x9\checkpoints\cycle_0186.pt,runs\models_9x9\best.pt,runs\models_9x9\checkpoints\cycle_0186.pt,p1_win,1.0,71
488,runs\models_9x9\best.pt,runs\models_9x9\checkpoints\cycle_0186.pt,runs\models_9x9\checkpoints\cycle_0186.pt,runs\models_9x9\best.pt,p1_win,0.0,67
489,runs\models_9x9\best.pt,runs\models_9x9\checkpoints\cycle_0186.pt,runs\models_9x9\checkpoints\cycle_0186.pt,runs\models_9x9\best.pt,p2_win,1.0,66
490,runs\models_9x9\best.pt,runs\models_9x9\checkpoints\cycle_0186.pt,runs\models_9x9\best.pt,runs\models_9x9\checkpoints\cycle_0186.pt,p1_win,1.0,67
491,runs\models_9x9\best.pt,runs\models_9x9\checkpoints\cycle_0186.pt,runs\models_9x9\best.pt,runs\models_9x9\checkpoints\cycle_0186.pt,p1_win,1.0,65
492,runs\models_9x9\best.pt,runs\models_9x9\checkpoints\cycle_0186.pt,runs\models_9x9\checkpoints\cycle_0186.pt,runs\models_9x9\best.pt,p1_win,0.0,75
493,runs\models_9x9\best.pt,runs\models_9x9\checkpoints\cycle_0186.pt,runs\models_9x9\checkpoints\cycle_0186.pt,runs\models_9x9\best.pt,p1_win,0.0,67
494,runs\models_9x9\best.pt,runs\models_9x9\checkpoints\cycle_0186.pt,runs\models_9x9\checkpoints\cycle_0186.pt,runs\models_9x9\best.pt,p2_win,1.0,68
495,runs\models_9x9\best.pt,runs\models_9x9\checkpoints\cycle_0186.pt,runs\models_9x9\best.pt,runs\models_9x9\checkpoints\cycle_0186.pt,p1_win,1.0,67
496,runs\models_9x9\best.pt,runs\models_9x9\checkpoints\cycle_0186.pt,runs\models_9x9\checkpoints\cycle_0186.pt,runs\models_9x9\best.pt,p1_win,0.0,77
497,runs\models_9x9\best.pt,runs\models_9x9\checkpoints\cycle_0186.pt,runs\models_9x9\checkpoints\cycle_0186.pt,runs\models_9x9\best.pt,p1_win,0.0,65
498,runs\models_9x9\best.pt,runs\models_9x9\checkpoints\cycle_0186.pt,runs\models_9x9\best.pt,runs\models_9x9\checkpoints\cycle_0186.pt,p1_win,1.0,73
499,runs\models_9x9\best.pt,runs\models_9x9\checkpoints\cycle_0186.pt,runs\models_9x9\best.pt,runs\models_9x9\checkpoints\cycle_0186.pt,p1_win,1.0,67
500,runs\models_9x9\best.pt,runs\models_9x9\checkpoints\cycle_0186.pt,runs\models_9x9\checkpoints\cycle_0186.pt,runs\models_9x9\best.pt,p1_win,0.0,75
501,runs\models_9x9\best.pt,runs\models_9x9\checkpoints\cycle_0186.pt,runs\models_9x9\best.pt,runs\models_9x9\checkpoints\cycle_0186.pt,p1_win,1.0,69
502,runs\models_9x9\best.pt,runs\models_9x9\checkpoints\cycle_0186.pt,runs\models_9x9\best.pt,runs\models_9x9\checkpoints\cycle_0186.pt,p1_win,1.0,63
503,runs\models_9x9\best.pt,runs\models_9x9\checkpoints\cycle_0186.pt,runs\models_9x9\checkpoints\cycle_0186.pt,runs\models_9x9\best.pt,p1_win,0.0,69
504,runs\models_9x9\best.pt,runs\models_9x9\checkpoints\cycle_0186.pt,runs\models_9x9\checkpoints\cycle_0186.pt,runs\models_9x9\best.pt,p2_win,1.0,68
505,runs\models_9x9\best.pt,runs\models_9x9\checkpoints\cycle_0186.pt,runs\models_9x9\checkpoints\cycle_0186.pt,runs\models_9x9\best.pt,p2_win,1.0,68
506,runs\models_9x9\best.pt,runs\models_9x9\checkpoints\cycle_0186.pt,runs\models_9x9\best.pt,runs\models_9x9\checkpoints\cycle_0186.pt,p1_win,1.0,65
507,runs\models_9x9\best.pt,runs\models_9x9\checkpoints\cycle_0186.pt,runs\models_9x9\checkpoints\cycle_0186.pt,runs\models_9x9\best.pt,p1_win,0.0,67
508,runs\models_9x9\best.pt,runs\models_9x9\checkpoints\cycle_0186.pt,runs\models_9x9\best.pt,runs\models_9x9\checkpoints\cycle_0186.pt,p1_win,1.0,67
509,runs\models_9x9\best.pt,runs\models_9x9\checkpoints\cycle_0186.pt,runs\models_9x9\checkpoints\cycle_0186.pt,runs\models_9x9\best.pt,p2_win,1.0,68
510,runs\models_9x9\best.pt,runs\models_9x9\checkpoints\cycle_0186.pt,runs\models_9x9\best.pt,runs\models_9x9\checkpoints\cycle_0186.pt,p1_win,1.0,67
511,runs\models_9x9\best.pt,runs\models_9x9\checkpoints\cycle_0186.pt,runs\models_9x9\best.pt,runs\models_9x9\checkpoints\cycle_0186.pt,p1_win,1.0,65
512,runs\models_9x9\best.pt,runs\models_9x9\checkpoints\cycle_0186.pt,runs\models_9x9\best.pt,runs\models_9x9\checkpoints\cycle_0186.pt,p1_win,1.0,67
513,runs\models_9x9\best.pt,runs\models_9x9\checkpoints\cycle_0186.pt,runs\models_9x9\checkpoints\cycle_0186.pt,runs\models_9x9\best.pt,p1_win,0.0,65
514,runs\models_9x9\best.pt,runs\models_9x9\checkpoints\cycle_0186.pt,runs\models_9x9\best.pt,runs\models_9x9\checkpoints\cycle_0186.pt,p1_win,1.0,69
515,runs\models_9x9\best.pt,runs\models_9x9\checkpoints\cycle_0186.pt,runs\models_9x9\checkpoints\cycle_0186.pt,runs\models_9x9\best.pt,p1_win,0.0,69
516,runs\models_9x9\best.pt,runs\models_9x9\checkpoints\cycle_0186.pt,runs\models_9x9\checkpoints\cycle_0186.pt,runs\models_9x9\best.pt,p2_win,1.0,68
517,runs\models_9x9\best.pt,runs\models_9x9\checkpoints\cycle_0186.pt,runs\models_9x9\checkpoints\cycle_0186.pt,runs\models_9x9\best.pt,p1_win,0.0,69
518,runs\models_9x9\best.pt,runs\models_9x9\checkpoints\cycle_0186.pt,runs\models_9x9\checkpoints\cycle_0186.pt,runs\models_9x9\best.pt,p1_win,0.0,79
519,runs\models_9x9\best.pt,runs\models_9x9\checkpoints\cycle_0186.pt,runs\models_9x9\best.pt,runs\models_9x9\checkpoints\cycle_0186.pt,p1_win,1.0,73
520,runs\models_9x9\best.pt,runs\models_9x9\checkpoints\cycle_0186.pt,runs\models_9x9\best.pt,runs\models_9x9\checkpoints\cycle_0186.pt,p1_win,1.0,67
521,runs\models_9x9\best.pt,runs\models_9x9\checkpoints\cycle_0186.pt,runs\models_9x9\checkpoints\cycle_0186.pt,runs\models_9x9\best.pt,p2_win,1.0,68
522,runs\models_9x9\best.pt,runs\models_9x9\checkpoints\cycle_0186.pt,runs\models_9x9\checkpoints\cycle_0186.pt,runs\models_9x9\best.pt,p2_win,1.0,68
523,runs\models_9x9\best.pt,runs\models_9x9\checkpoints\cycle_0186.pt,runs\models_9x9\best.pt,runs\models_9x9\checkpoints\cycle_0186.pt,p1_win,1.0,71
524,runs\models_9x9\best.pt,runs\models_9x9\checkpoints\cycle_0186.pt,runs\models_9x9\best.pt,runs\models_9x9\checkpoints\cycle_0186.pt,p1_win,1.0,73
525,runs\models_9x9\best.pt,runs\models_9x9\checkpoints\cycle_0186.pt,runs\models_9x9\checkpoints\cycle_0186.pt,runs\models_9x9\best.pt,p2_win,1.0,74
526,runs\models_9x9\best.pt,runs\models_9x9\checkpoints\cycle_0186.pt,runs\models_9x9\checkpoints\cycle_0186.pt,runs\models_9x9\best.pt,p1_win,0.0,69
527,runs\models_9x9\best.pt,runs\models_9x9\checkpoints\cycle_0186.pt,runs\models_9x9\checkpoints\cycle_0186.pt,runs\models_9x9\best.pt,p2_win,1.0,70
528,runs\models_9x9\best.pt,runs\models_9x9\checkpoints\cycle_0186.pt,runs\models_9x9\best.pt,runs\models_9x9\checkpoints\cycle_0186.pt,p1_win,1.0,65
529,runs\models_9x9\best.pt,runs\models_9x9\checkpoints\cycle_0186.pt,runs\models_9x9\best.pt,runs\models_9x9\checkpoints\cycle_0186.pt,p1_win,1.0,75
530,runs\models_9x9\best.pt,runs\models_9x9\checkpoints\cycle_0186.pt,runs\models_9x9\best.pt,runs\models_9x9\checkpoints\cycle_0186.pt,p1_win,1.0,67
531,runs\models_9x9\best.pt,runs\models_9x9\checkpoints\cycle_0186.pt,runs\models_9x9\best.pt,runs\models_9x9\checkpoints\cycle_0186.pt,p1_win,1.0,71
532,runs\models_9x9\best.pt,runs\models_9x9\checkpoints\cycle_0186.pt,runs\models_9x9\checkpoints\cycle_0186.pt,runs\models_9x9\best.pt,p2_win,1.0,80
533,runs\models_9x9\best.pt,runs\models_9x9\checkpoints\cycle_0186.pt,runs\models_9x9\best.pt,runs\models_9x9\checkpoints\cycle_0186.pt,p1_win,1.0,65
534,runs\models_9x9\best.pt,runs\models_9x9\checkpoints\cycle_0186.pt,runs\models_9x9\best.pt,runs\models_9x9\checkpoints\cycle_0186.pt,p1_win,1.0,69
535,runs\models_9x9\best.pt,runs\models_9x9\checkpoints\cycle_0186.pt,runs\models_9x9\best.pt,runs\models_9x9\checkpoints\cycle_0186.pt,p1_win,1.0,79
536,runs\models_9x9\best.pt,runs\models_9x9\checkpoints\cycle_0186.pt,runs\models_9x9\checkpoints\cycle_0186.pt,runs\models_9x9\best.pt,p2_win,1.0,66
537,runs\models_9x9\best.pt,runs\models_9x9\checkpoints\cycle_0186.pt,runs\models_9x9\checkpoints\cycle_0186.pt,runs\models_9x9\best.pt,p1_win,0.0,65
538,runs\models_9x9\best.pt,runs\models_9x9\checkpoints\cycle_0186.pt,runs\models_9x9\checkpoints\cycle_0186.pt,runs\models_9x9\best.pt,p1_win,0.0,65
539,runs\models_9x9\best.pt,runs\models_9x9\checkpoints\cycle_0186.pt,runs\models_9x9\best.pt,runs\models_9x9\checkpoints\cycle_0186.pt,p1_win,1.0,71
540,runs\models_9x9\best.pt,runs\models_9x9\checkpoints\cycle_0186.pt,runs\models_9x9\best.pt,runs\models_9x9\checkpoints\cycle_0186.pt,p1_win,1.0,69
541,runs\models_9x9\best.pt,runs\models_9x9\checkpoints\cycle_0186.pt,runs\models_9x9\checkpoints\cycle_0186.pt,runs\models_9x9\best.pt,p1_win,0.0,65
542,runs\models_9x9\best.pt,runs\models_9x9\checkpoints\cycle_0186.pt,runs\models_9x9\checkpoints\cycle_0186.pt,runs\models_9x9\best.pt,p1_win,0.0,67
543,runs\models_9x9\best.pt,runs\models_9x9\checkpoints\cycle_0186.pt,runs\models_9x9\best.pt,runs\models_9x9\checkpoints\cycle_0186.pt,p1_win,1.0,65
544,runs\models_9x9\best.pt,runs\models_9x9\checkpoints\cycle_0186.pt,runs\models_9x9\checkpoints\cycle_0186.pt,runs\models_9x9\best.pt,p1_win,0.0,65
545,runs\models_9x9\best.pt,runs\models_9x9\checkpoints\cycle_0186.pt,runs\models_9x9\checkpoints\cycle_0186.pt,runs\models_9x9\best.pt,p2_win,1.0,76
546,runs\models_9x9\best.pt,runs\models_9x9\checkpoints\cycle_0186.pt,runs\models_9x9\checkpoints\cycle_0186.pt,runs\models_9x9\best.pt,p1_win,0.0,67
547,runs\models_9x9\best.pt,runs\models_9x9\checkpoints\cycle_0186.pt,runs\models_9x9\best.pt,runs\models_9x9\checkpoints\cycle_0186.pt,p1_win,1.0,65
548,runs\models_9x9\best.pt,runs\models_9x9\checkpoints\cycle_0186.pt,runs\models_9x9\best.pt,runs\models_9x9\checkpoints\cycle_0186.pt,p1_win,1.0,65
549,runs\models_9x9\best.pt,runs\models_9x9\checkpoints\cycle_0186.pt,runs\models_9x9\checkpoints\cycle_0186.pt,runs\models_9x9\best.pt,p2_win,1.0,72
550,runs\models_9x9\best.pt,runs\models_9x9\checkpoints\cycle_0186.pt,runs\models_9x9\best.pt,runs\models_9x9\checkpoints\cycle_0186.pt,p1_win,1.0,71
551,runs\models_9x9\best.pt,runs\models_9x9\checkpoints\cycle_0186.pt,runs\models_9x9\checkpoints\cycle_0186.pt,runs\models_9x9\best.pt,p2_win,1.0,68
552,runs\models_9x9\best.pt,runs\models_9x9\checkpoints\cycle_0186.pt,runs\models_9x9\best.pt,runs\models_9x9\checkpoints\cycle_0186.pt,p1_win,1.0,65
553,runs\models_9x9\best.pt,runs\models_9x9\checkpoints\cycle_0186.pt,runs\models_9x9\best.pt,runs\models_9x9\checkpoints\cycle_0186.pt,p1_win,1.0,67
554,runs\models_9x9\best.pt,runs\models_9x9\checkpoints\cycle_0186.pt,runs\models_9x9\best.pt,runs\models_9x9\checkpoints\cycle_0186.pt,p1_win,1.0,65
555,runs\models_9x9\best.pt,runs\models_9x9\checkpoints\cycle_0186.pt,runs\models_9x9\best.pt,runs\models_9x9\checkpoints\cycle_0186.pt,p1_win,1.0,67
556,runs\models_9x9\best.pt,runs\models_9x9\checkpoints\cycle_0186.pt,runs\models_9x9\checkpoints\cycle_0186.pt,runs\models_9x9\best.pt,p2_win,1.0,68
557,runs\models_9x9\best.pt,runs\models_9x9\checkpoints\cycle_0186.pt,runs\models_9x9\best.pt,runs\models_9x9\checkpoints\cycle_0186.pt,p1_win,1.0,71
558,runs\models_9x9\best.pt,runs\models_9x9\checkpoints\cycle_0186.pt,runs\models_9x9\checkpoints\cycle_0186.pt,runs\models_9x9\best.pt,p2_win,1.0,74
559,runs\models_9x9\best.pt,runs\models_9x9\checkpoints\cycle_0186.pt,runs\models_9x9\best.pt,runs\models_9x9\checkpoints\cycle_0186.pt,p1_win,1.0,67
560,runs\models_9x9\best.pt,runs\models_9x9\checkpoints\cycle_0186.pt,runs\models_9x9\best.pt,runs\models_9x9\checkpoints\cycle_0186.pt,p1_win,1.0,81
561,runs\models_9x9\best.pt,runs\models_9x9\checkpoints\cycle_0186.pt,runs\models_9x9\checkpoints\cycle_0186.pt,runs\models_9x9\best.pt,p1_win,0.0,65
562,runs\models_9x9\best.pt,runs\models_9x9\checkpoints\cycle_0186.pt,runs\models_9x9\best.pt,runs\models_9x9\checkpoints\cycle_0186.pt,p1_win,1.0,71
563,runs\models_9x9\best.pt,runs\models_9x9\checkpoints\cycle_0186.pt,runs\models_9x9\checkpoints\cycle_0186.pt,runs\models_9x9\best.pt,p2_win,1.0,76
564,runs\models_9x9\best.pt,runs\models_9x9\checkpoints\cycle_0186.pt,runs\models_9x9\best.pt,runs\models_9x9\checkpoints\cycle_0186.pt,p1_win,1.0,67
565,runs\models_9x9\best.pt,runs\models_9x9\checkpoints\cycle_0186.pt,runs\models_9x9\best.pt,runs\models_9x9\checkpoints\cycle_0186.pt,p1_win,1.0,71
566,runs\models_9x9\best.pt,runs\models_9x9\checkpoints\cycle_0186.pt,runs\models_9x9\checkpoints\cycle_0186.pt,runs\models_9x9\best.pt,p2_win,1.0,68
567,runs\models_9x9\best.pt,runs\models_9x9\checkpoints\cycle_0186.pt,runs\models_9x9\checkpoints\cycle_0186.pt,runs\models_9x9\best.pt,p2_win,1.0,76
568,runs\models_9x9\best.pt,runs\models_9x9\checkpoints\cycle_0186.pt,runs\models_9x9\best.pt,runs\models_9x9\checkpoints\cycle_0186.pt,p1_win,1.0,71
569,runs\models_9x9\best.pt,runs\models_9x9\checkpoints\cycle_0186.pt,runs\models_9x9\best.pt,runs\models_9x9\checkpoints\cycle_0186.pt,p1_win,1.0,75
570,runs\models_9x9\best.pt,runs\models_9x9\checkpoints\cycle_0186.pt,runs\models_9x9\best.pt,runs\models_9x9\checkpoints\cycle_0186.pt,p1_win,1.0,67
571,runs\models_9x9\best.pt,runs\models_9x9\checkpoints\cycle_0186.pt,runs\models_9x9\best.pt,runs\models_9x9\checkpoints\cycle_0186.pt,p1_win,1.0,65
572,runs\models_9x9\best.pt,runs\models_9x9\checkpoints\cycle_0186.pt,runs\models_9x9\checkpoints\cycle_0186.pt,runs\models_9x9\best.pt,p1_win,0.0,67
573,runs\models_9x9\best.pt,runs\models_9x9\checkpoints\cycle_0186.pt,runs\models_9x9\checkpoints\cycle_0186.pt,runs\models_9x9\best.pt,p2_win,1.0,70
574,runs\models_9x9\best.pt,runs\models_9x9\checkpoints\cycle_0186.pt,runs\models_9x9\best.pt,runs\models_9x9\checkpoints\cycle_0186.pt,p1_win,1.0,65
575,runs\models_9x9\best.pt,runs\models_9x9\checkpoints\cycle_0186.pt,runs\models_9x9\best.pt,runs\models_9x9\checkpoints\cycle_0186.pt,p1_win,1.0,71
576,runs\models_9x9\best.pt,runs\models_9x9\checkpoints\cycle_0186.pt,runs\models_9x9\best.pt,runs\models_9x9\checkpoints\cycle_0186.pt,p1_win,1.0,75
577,runs\models_9x9\best.pt,runs\models_9x9\checkpoints\cycle_0186.pt,runs\models_9x9\best.pt,runs\models_9x9\checkpoints\cycle_0186.pt,p1_win,1.0,71
578,runs\models_9x9\best.pt,runs\models_9x9\checkpoints\cycle_0186.pt,runs\models_9x9\best.pt,runs\models_9x9\checkpoints\cycle_0186.pt,p1_win,1.0,65
579,runs\models_9x9\best.pt,runs\models_9x9\checkpoints\cycle_0186.pt,runs\models_9x9\best.pt,runs\models_9x9\checkpoints\cycle_0186.pt,p1_win,1.0,65
580,runs\models_9x9\best.pt,runs\models_9x9\checkpoints\cycle_0186.pt,runs\models_9x9\checkpoints\cycle_0186.pt,runs\models_9x9\best.pt,p1_win,0.0,75
581,runs\models_9x9\best.pt,runs\models_9x9\checkpoints\cycle_0186.pt,runs\models_9x9\best.pt,runs\models_9x9\checkpoints\cycle_0186.pt,p1_win,1.0,65
582,runs\models_9x9\best.pt,runs\models_9x9\checkpoints\cycle_0186.pt,runs\models_9x9\best.pt,runs\models_9x9\checkpoints\cycle_0186.pt,p1_win,1.0,67
583,runs\models_9x9\best.pt,runs\models_9x9\checkpoints\cycle_0186.pt,runs\models_9x9\best.pt,runs\models_9x9\checkpoints\cycle_0186.pt,p1_win,1.0,67
584,runs\models_9x9\best.pt,runs\models_9x9\checkpoints\cycle_0186.pt,runs\models_9x9\best.pt,runs\models_9x9\checkpoints\cycle_0186.pt,p1_win,1.0,69
585,runs\models_9x9\best.pt,runs\models_9x9\checkpoints\cycle_0186.pt,runs\models_9x9\checkpoints\cycle_0186.pt,runs\models_9x9\best.pt,p2_win,1.0,72
586,runs\models_9x9\best.pt,runs\models_9x9\checkpoints\cycle_0186.pt,runs\models_9x9\best.pt,runs\models_9x9\checkpoints\cycle_0186.pt,p1_win,1.0,81
587,runs\models_9x9\best.pt,runs\models_9x9\checkpoints\cycle_0186.pt,runs\models_9x9\checkpoints\cycle_0186.pt,runs\models_9x9\best.pt,p2_win,1.0,78
588,runs\models_9x9\best.pt,runs\models_9x9\checkpoints\cycle_0186.pt,runs\models_9x9\best.pt,runs\models_9x9\checkpoints\cycle_0186.pt,p1_win,1.0,73
589,runs\models_9x9\best.pt,runs\models_9x9\checkpoints\cycle_0186.pt,runs\models_9x9\best.pt,runs\models_9x9\checkpoints\cycle_0186.pt,p1_win,1.0,71
590,runs\models_9x9\best.pt,runs\models_9x9\checkpoints\cycle_0186.pt,runs\models_9x9\checkpoints\cycle_0186.pt,runs\models_9x9\best.pt,p1_win,0.0,71
591,runs\models_9x9\best.pt,runs\models_9x9\checkpoints\cycle_0186.pt,runs\models_9x9\best.pt,runs\models_9x9\checkpoints\cycle_0186.pt,p1_win,1.0,65
592,runs\models_9x9\best.pt,runs\models_9x9\checkpoints\cycle_0186.pt,runs\models_9x9\checkpoints\cycle_0186.pt,runs\models_9x9\best.pt,p1_win,0.0,67
593,runs\models_9x9\best.pt,runs\models_9x9\checkpoints\cycle_0186.pt,runs\models_9x9\checkpoints\cycle_0186.pt,runs\models_9x9\best.pt,p2_win,1.0,74
594,runs\models_9x9\best.pt,runs\models_9x9\checkpoints\cycle_0186.pt,runs\models_9x9\best.pt,runs\models_9x9\checkpoints\cycle_0186.pt,p1_win,1.0,67
595,runs\models_9x9\best.pt,runs\models_9x9\checkpoints\cycle_0186.pt,runs\models_9x9\checkpoints\cycle_0186.pt,runs\models_9x9\best.pt,p2_win,1.0,68
596,runs\models_9x9\best.pt,runs\models_9x9\checkpoints\cycle_0186.pt,runs\models_9x9\checkpoints\cycle_0186.pt,runs\models_9x9\best.pt,p1_win,0.0,67
597,runs\models_9x9\best.pt,runs\models_9x9\checkpoints\cycle_0186.pt,runs\models_9x9\checkpoints\cycle_0186.pt,runs\models_9x9\best.pt,p1_win,0.0,65
598,runs\models_9x9\best.pt,runs\models_9x9\checkpoints\cycle_0186.pt,runs\models_9x9\best.pt,runs\models_9x9\checkpoints\cycle_0186.pt,p1_win,1.0,65
599,runs\models_9x9\best.pt,runs\models_9x9\checkpoints\cycle_0186.pt,runs\models_9x9\best.pt,runs\models_9x9\checkpoints\cycle_0186.pt,p1_win,1.0,81
600,runs\models_9x9\best.pt,runs\models_9x9\checkpoints\cycle_0186.pt,runs\models_9x9\best.pt,runs\models_9x9\checkpoints\cycle_0186.pt,p1_win,1.0,81
601,runs\models_9x9\best.pt,runs\models_9x9\checkpoints\cycle_0186.pt,runs\models_9x9\best.pt,runs\models_9x9\checkpoints\cycle_0186.pt,p1_win,1.0,65
602,runs\models_9x9\best.pt,runs\models_9x9\checkpoints\cycle_0186.pt,runs\models_9x9\checkpoints\cycle_0186.pt,runs\models_9x9\best.pt,p1_win,0.0,71
603,runs\models_9x9\best.pt,runs\models_9x9\checkpoints\cycle_0186.pt,runs\models_9x9\best.pt,runs\models_9x9\checkpoints\cycle_0186.pt,p1_win,1.0,81
604,runs\models_9x9\best.pt,runs\models_9x9\checkpoints\cycle_0186.pt,runs\models_9x9\best.pt,runs\models_9x9\checkpoints\cycle_0186.pt,p1_win,1.0,81
605,runs\models_9x9\best.pt,runs\models_9x9\checkpoints\cycle_0186.pt,runs\models_9x9\best.pt,runs\models_9x9\checkpoints\cycle_0186.pt,p1_win,1.0,67
606,runs\models_9x9\best.pt,runs\models_9x9\checkpoints\cycle_0186.pt,runs\models_9x9\best.pt,runs\models_9x9\checkpoints\cycle_0186.pt,p1_win,1.0,69
607,runs\models_9x9\best.pt,runs\models_9x9\checkpoints\cycle_0186.pt,runs\models_9x9\best.pt,runs\models_9x9\checkpoints\cycle_0186.pt,p1_win,1.0,71
608,runs\models_9x9\best.pt,runs\models_9x9\checkpoints\cycle_0186.pt,runs\models_9x9\best.pt,runs\models_9x9\checkpoints\cycle_0186.pt,p1_win,1.0,69
609,runs\models_9x9\best.pt,runs\models_9x9\checkpoints\cycle_0186.pt,runs\models_9x9\checkpoints\cycle_0186.pt,runs\models_9x9\best.pt,p1_win,0.0,79
610,runs\models_9x9\best.pt,runs\models_9x9\checkpoints\cycle_0186.pt,runs\models_9x9\best.pt,runs\models_9x9\checkpoints\cycle_0186.pt,p1_win,1.0,67
611,runs\models_9x9\best.pt,runs\models_9x9\checkpoints\cycle_0186.pt,runs\models_9x9\checkpoints\cycle_0186.pt,runs\models_9x9\best.pt,p1_win,0.0,71
612,runs\models_9x9\best.pt,runs\models_9x9\checkpoints\cycle_0186.pt,runs\models_9x9\checkpoints\cycle_0186.pt,runs\models_9x9\best.pt,p2_win,1.0,72
613,runs\models_9x9\best.pt,runs\models_9x9\checkpoints\cycle_0186.pt,runs\models_9x9\best.pt,runs\models_9x9\checkpoints\cycle_0186.pt,p1_win,1.0,69
614,runs\models_9x9\best.pt,runs\models_9x9\checkpoints\cycle_0186.pt,runs\models_9x9\best.pt,runs\models_9x9\checkpoints\cycle_0186.pt,p1_win,1.0,69
615,runs\models_9x9\best.pt,runs\models_9x9\checkpoints\cycle_0186.pt,runs\models_9x9\best.pt,runs\models_9x9\checkpoints\cycle_0186.pt,p1_win,1.0,77
616,runs\models_9x9\best.pt,runs\models_9x9\checkpoints\cycle_0186.pt,runs\models_9x9\best.pt,runs\models_9x9\checkpoints\cycle_0186.pt,p1_win,1.0,73
617,runs\models_9x9\best.pt,runs\models_9x9\checkpoints\cycle_0186.pt,runs\models_9x9\checkpoints\cycle_0186.pt,runs\models_9x9\best.pt,p1_win,0.0,73
618,runs\models_9x9\best.pt,runs\models_9x9\checkpoints\cycle_0186.pt,runs\models_9x9\best.pt,runs\models_9x9\checkpoints\cycle_0186.pt,p1_win,1.0,67
619,runs\models_9x9\best.pt,runs\models_9x9\checkpoints\cycle_0186.pt,runs\models_9x9\best.pt,runs\models_9x9\checkpoints\cycle_0186.pt,p1_win,1.0,67
620,runs\models_9x9\best.pt,runs\models_9x9\checkpoints\cycle_0186.pt,runs\models_9x9\best.pt,runs\models_9x9\checkpoints\cycle_0186.pt,p1_win,1.0,69
621,runs\models_9x9\best.pt,runs\models_9x9\checkpoints\cycle_0186.pt,runs\models_9x9\best.pt,runs\models_9x9\checkpoints\cycle_0186.pt,p1_win,1.0,67
622,runs\models_9x9\best.pt,runs\models_9x9\checkpoints\cycle_0186.pt,runs\models_9x9\best.pt,runs\models_9x9\checkpoints\cycle_0186.pt,p1_win,1.0,67
623,runs\models_9x9\best.pt,runs\models_9x9\checkpoints\cycle_0186.pt,runs\models_9x9\best.pt,runs\models_9x9\checkpoints\cycle_0186.pt,p1_win,1.0,81
624,runs\models_9x9\best.pt,runs\models_9x9\checkpoints\cycle_0186.pt,runs\models_9x9\best.pt,runs\models_9x9\checkpoints\cycle_0186.pt,p1_win,1.0,71
625,runs\models_9x9\best.pt,runs\models_9x9\checkpoints\cycle_0186.pt,runs\models_9x9\best.pt,runs\models_9x9\checkpoints\cycle_0186.pt,p1_win,1.0,67
626,runs\models_9x9\best.pt,runs\models_9x9\checkpoints\cycle_0186.pt,runs\models_9x9\checkpoints\cycle_0186.pt,runs\models_9x9\best.pt,p2_win,1.0,70
627,runs\models_9x9\best.pt,runs\models_9x9\checkpoints\cycle_0186.pt,runs\models_9x9\best.pt,runs\models_9x9\checkpoints\cycle_0186.pt,p1_win,1.0,67
628,runs\models_9x9\best.pt,runs\models_9x9\checkpoints\cycle_0186.pt,runs\models_9x9\best.pt,runs\models_9x9\checkpoints\cycle_0186.pt,p1_win,1.0,67
629,runs\models_9x9\best.pt,runs\models_9x9\checkpoints\cycle_0186.pt,runs\models_9x9\best.pt,runs\models_9x9\checkpoints\cycle_0186.pt,p1_win,1.0,73
630,runs\models_9x9\best.pt,runs\models_9x9\checkpoints\cycle_0186.pt,runs\models_9x9\best.pt,runs\models_9x9\checkpoints\cycle_0186.pt,p1_win,1.0,67
631,runs\models_9x9\best.pt,runs\models_9x9\checkpoints\cycle_0186.pt,runs\models_9x9\best.pt,runs\models_9x9\checkpoints\cycle_0186.pt,p1_win,1.0,67
632,runs\models_9x9\best.pt,runs\models_9x9\checkpoints\cycle_0186.pt,runs\models_9x9\best.pt,runs\models_9x9\checkpoints\cycle_0186.pt,p1_win,1.0,69
633,runs\models_9x9\best.pt,runs\models_9x9\checkpoints\cycle_0186.pt,runs\models_9x9\best.pt,runs\models_9x9\checkpoints\cycle_0186.pt,p1_win,1.0,69
634,runs\models_9x9\best.pt,runs\models_9x9\checkpoints\cycle_0186.pt,runs\models_9x9\checkpoints\cycle_0186.pt,runs\models_9x9\best.pt,p1_win,0.0,67
635,runs\models_9x9\best.pt,runs\models_9x9\checkpoints\cycle_0186.pt,runs\models_9x9\checkpoints\cycle_0186.pt,runs\models_9x9\best.pt,p1_win,0.0,71
636,runs\models_9x9\best.pt,runs\models_9x9\checkpoints\cycle_0186.pt,runs\models_9x9\best.pt,runs\models_9x9\checkpoints\cycle_0186.pt,p1_win,1.0,67
637,runs\models_9x9\best.pt,runs\models_9x9\checkpoints\cycle_0186.pt,runs\models_9x9\best.pt,runs\models_9x9\checkpoints\cycle_0186.pt,p1_win,1.0,67
638,runs\models_9x9\best.pt,runs\models_9x9\checkpoints\cycle_0186.pt,runs\models_9x9\best.pt,runs\models_9x9\checkpoints\cycle_0186.pt,p1_win,1.0,67
639,runs\models_9x9\best.pt,runs\models_9x9\checkpoints\cycle_0186.pt,runs\models_9x9\best.pt,runs\models_9x9\checkpoints\cycle_0186.pt,p1_win,1.0,75
640,runs\models_9x9\best.pt,runs\models_9x9\checkpoints\cycle_0186.pt,runs\models_9x9\best.pt,runs\models_9x9\checkpoints\cycle_0186.pt,p1_win,1.0,73
641,runs\models_9x9\best.pt,runs\models_9x9\checkpoints\cycle_0186.pt,runs\models_9x9\checkpoints\cycle_0186.pt,runs\models_9x9\best.pt,p1_win,0.0,67
642,runs\models_9x9\best.pt,runs\models_9x9\checkpoints\cycle_0186.pt,runs\models_9x9\best.pt,runs\models_9x9\checkpoints\cycle_0186.pt,p1_win,1.0,67
643,runs\models_9x9\best.pt,runs\models_9x9\checkpoints\cycle_0186.pt,runs\models_9x9\checkpoints\cycle_0186.pt,runs\models_9x9\best.pt,p2_win,1.0,70
644,runs\models_9x9\best.pt,runs\models_9x9\checkpoints\cycle_0186.pt,runs\models_9x9\checkpoints\cycle_0186.pt,runs\models_9x9\best.pt,p2_win,1.0,68
645,runs\models_9x9\best.pt,runs\models_9x9\checkpoints\cycle_0186.pt,runs\models_9x9\best.pt,runs\models_9x9\checkpoints\cycle_0186.pt,p1_win,1.0,67
646,runs\models_9x9\best.pt,runs\models_9x9\checkpoints\cycle_0186.pt,runs\models_9x9\checkpoints\cycle_0186.pt,runs\models_9x9\best.pt,p2_win,1.0,72
647,runs\models_9x9\best.pt,runs\models_9x9\checkpoints\cycle_0186.pt,runs\models_9x9\best.pt,runs\models_9x9\checkpoints\cycle_0186.pt,p1_win,1.0,67
648,runs\models_9x9\best.pt,runs\models_9x9\checkpoints\cycle_0186.pt,runs\models_9x9\best.pt,runs\models_9x9\checkpoints\cycle_0186.pt,p1_win,1.0,67
649,runs\models_9x9\best.pt,runs\models_9x9\checkpoints\cycle_0186.pt,runs\models_9x9\best.pt,runs\models_9x9\checkpoints\cycle_0186.pt,p1_win,1.0,67
650,runs\models_9x9\best.pt,runs\models_9x9\checkpoints\cycle_0186.pt,runs\models_9x9\best.pt,runs\models_9x9\checkpoints\cycle_0186.pt,p1_win,1.0,67
651,runs\models_9x9\best.pt,runs\models_9x9\checkpoints\cycle_0186.pt,runs\models_9x9\best.pt,runs\models_9x9\checkpoints\cycle_0186.pt,p1_win,1.0,69
652,runs\models_9x9\best.pt,runs\models_9x9\checkpoints\cycle_0186.pt,runs\models_9x9\best.pt,runs\models_9x9\checkpoints\cycle_0186.pt,p1_win,1.0,69
653,runs\models_9x9\best.pt,runs\models_9x9\checkpoints\cycle_0186.pt,runs\models_9x9\best.pt,runs\models_9x9\checkpoints\cycle_0186.pt,p1_win,1.0,67
654,runs\models_9x9\best.pt,runs\models_9x9\checkpoints\cycle_0186.pt,runs\models_9x9\checkpoints\cycle_0186.pt,runs\models_9x9\best.pt,p1_win,0.0,83
655,runs\models_9x9\best.pt,runs\models_9x9\checkpoints\cycle_0186.pt,runs\models_9x9\checkpoints\cycle_0186.pt,runs\models_9x9\best.pt,p2_win,1.0,68
656,runs\models_9x9\best.pt,runs\models_9x9\checkpoints\cycle_0186.pt,runs\models_9x9\best.pt,runs\models_9x9\checkpoints\cycle_0186.pt,p1_win,1.0,69
657,runs\models_9x9\best.pt,runs\models_9x9\checkpoints\cycle_0186.pt,runs\models_9x9\best.pt,runs\models_9x9\checkpoints\cycle_0186.pt,p1_win,1.0,71
658,runs\models_9x9\best.pt,runs\models_9x9\checkpoints\cycle_0186.pt,runs\models_9x9\best.pt,runs\models_9x9\checkpoints\cycle_0186.pt,p1_win,1.0,67
659,runs\models_9x9\best.pt,runs\models_9x9\checkpoints\cycle_0186.pt,runs\models_9x9\best.pt,runs\models_9x9\checkpoints\cycle_0186.pt,p1_win,1.0,67
660,runs\models_9x9\best.pt,runs\models_9x9\checkpoints\cycle_0186.pt,runs\models_9x9\checkpoints\cycle_0186.pt,runs\models_9x9\best.pt,p2_win,1.0,78
661,runs\models_9x9\best.pt,runs\models_9x9\checkpoints\cycle_0186.pt,runs\models_9x9\best.pt,runs\models_9x9\checkpoints\cycle_0186.pt,p1_win,1.0,69
662,runs\models_9x9\best.pt,runs\models_9x9\checkpoints\cycle_0186.pt,runs\models_9x9\best.pt,runs\models_9x9\checkpoints\cycle_0186.pt,p1_win,1.0,79
663,runs\models_9x9\best.pt,runs\models_9x9\checkpoints\cycle_0186.pt,runs\models_9x9\best.pt,runs\models_9x9\checkpoints\cycle_0186.pt,p1_win,1.0,67
664,runs\models_9x9\best.pt,runs\models_9x9\checkpoints\cycle_0186.pt,runs\models_9x9\checkpoints\cycle_0186.pt,runs\models_9x9\best.pt,p1_win,0.0,73
665,runs\models_9x9\best.pt,runs\models_9x9\checkpoints\cycle_0186.pt,runs\models_9x9\best.pt,runs\models_9x9\checkpoints\cycle_0186.pt,p1_win,1.0,67
666,runs\models_9x9\best.pt,runs\models_9x9\checkpoints\cycle_0186.pt,runs\models_9x9\best.pt,runs\models_9x9\checkpoints\cycle_0186.pt,p1_win,1.0,79
667,runs\models_9x9\best.pt,runs\models_9x9\checkpoints\cycle_0186.pt,runs\models_9x9\checkpoints\cycle_0186.pt,runs\models_9x9\best.pt,p1_win,0.0,73
668,runs\models_9x9\best.pt,runs\models_9x9\checkpoints\cycle_0186.pt,runs\models_9x9\best.pt,runs\models_9x9\checkpoints\cycle_0186.pt,p1_win,1.0,79
669,runs\models_9x9\best.pt,runs\models_9x9\checkpoints\cycle_0186.pt,runs\models_9x9\best.pt,runs\models_9x9\checkpoints\cycle_0186.pt,p1_win,1.0,71
670,runs\models_9x9\best.pt,runs\models_9x9\checkpoints\cycle_0186.pt,runs\models_9x9\best.pt,runs\models_9x9\checkpoints\cycle_0186.pt,p1_win,1.0,79
671,runs\models_9x9\best.pt,runs\models_9x9\checkpoints\cycle_0186.pt,runs\models_9x9\checkpoints\cycle_0186.pt,runs\models_9x9\best.pt,p1_win,0.0,69
672,runs\models_9x9\best.pt,runs\models_9x9\checkpoints\cycle_0186.pt,runs\models_9x9\best.pt,runs\models_9x9\checkpoints\cycle_0186.pt,p1_win,1.0,69
673,runs\models_9x9\best.pt,runs\models_9x9\checkpoints\cycle_0186.pt,runs\models_9x9\best.pt,runs\models_9x9\checkpoints\cycle_0186.pt,p1_win,1.0,79
674,runs\models_9x9\best.pt,runs\models_9x9\checkpoints\cycle_0186.pt,runs\models_9x9\best.pt,runs\models_9x9\checkpoints\cycle_0186.pt,p1_win,1.0,69
675,runs\models_9x9\best.pt,runs\models_9x9\checkpoints\cycle_0186.pt,runs\models_9x9\best.pt,runs\models_9x9\checkpoints\cycle_0186.pt,p1_win,1.0,69
676,runs\models_9x9\best.pt,runs\models_9x9\checkpoints\cycle_0186.pt,runs\models_9x9\best.pt,runs\models_9x9\checkpoints\cycle_0186.pt,p1_win,1.0,81
677,runs\models_9x9\best.pt,runs\models_9x9\checkpoints\cycle_0186.pt,runs\models_9x9\best.pt,runs\models_9x9\checkpoints\cycle_0186.pt,p1_win,1.0,79
678,runs\models_9x9\best.pt,runs\models_9x9\checkpoints\cycle_0186.pt,runs\models_9x9\best.pt,runs\models_9x9\checkpoints\cycle_0186.pt,p1_win,1.0,79
679,runs\models_9x9\best.pt,runs\models_9x9\checkpoints\cycle_0186.pt,runs\models_9x9\best.pt,runs\models_9x9\checkpoints\cycle_0186.pt,p1_win,1.0,79
680,runs\models_9x9\best.pt,runs\models_9x9\checkpoints\cycle_0186.pt,runs\models_9x9\checkpoints\cycle_0186.pt,runs\models_9x9\best.pt,p2_win,1.0,70
681,runs\models_9x9\best.pt,runs\models_9x9\checkpoints\cycle_0186.pt,runs\models_9x9\best.pt,runs\models_9x9\checkpoints\cycle_0186.pt,p1_win,1.0,73
682,runs\models_9x9\best.pt,runs\models_9x9\checkpoints\cycle_0186.pt,runs\models_9x9\best.pt,runs\models_9x9\checkpoints\cycle_0186.pt,p1_win,1.0,69
683,runs\models_9x9\best.pt,runs\models_9x9\checkpoints\cycle_0186.pt,runs\models_9x9\best.pt,runs\models_9x9\checkpoints\cycle_0186.pt,p1_win,1.0,75
684,runs\models_9x9\best.pt,runs\models_9x9\checkpoints\cycle_0186.pt,runs\models_9x9\checkpoints\cycle_0186.pt,runs\models_9x9\best.pt,p2_win,1.0,74
685,runs\models_9x9\best.pt,runs\models_9x9\checkpoints\cycle_0186.pt,runs\models_9x9\best.pt,runs\models_9x9\checkpoints\cycle_0186.pt,p1_win,1.0,69
686,runs\models_9x9\best.pt,runs\models_9x9\checkpoints\cycle_0186.pt,runs\models_9x9\checkpoints\cycle_0186.pt,runs\models_9x9\best.pt,p1_win,0.0,81
687,runs\models_9x9\best.pt,runs\models_9x9\checkpoints\cycle_0186.pt,runs\models_9x9\best.pt,runs\models_9x9\checkpoints\cycle_0186.pt,p1_win,1.0,67
688,runs\models_9x9\best.pt,runs\models_9x9\checkpoints\cycle_0186.pt,runs\models_9x9\best.pt,runs\models_9x9\checkpoints\cycle_0186.pt,p1_win,1.0,83
689,runs\models_9x9\best.pt,runs\models_9x9\checkpoints\cycle_0186.pt,runs\models_9x9\best.pt,runs\models_9x9\checkpoints\cycle_0186.pt,p1_win,1.0,77
690,runs\models_9x9\best.pt,runs\models_9x9\checkpoints\cycle_0186.pt,runs\models_9x9\checkpoints\cycle_0186.pt,runs\models_9x9\best.pt,p2_win,1.0,76
691,runs\models_9x9\best.pt,runs\models_9x9\checkpoints\cycle_0186.pt,runs\models_9x9\best.pt,runs\models_9x9\checkpoints\cycle_0186.pt,p1_win,1.0,69
692,runs\models_9x9\best.pt,runs\models_9x9\checkpoints\cycle_0186.pt,runs\models_9x9\best.pt,runs\models_9x9\checkpoints\cycle_0186.pt,p1_win,1.0,67
693,runs\models_9x9\best.pt,runs\models_9x9\checkpoints\cycle_0186.pt,runs\models_9x9\best.pt,runs\models_9x9\checkpoints\cycle_0186.pt,p1_win,1.0,83
694,runs\models_9x9\best.pt,runs\models_9x9\checkpoints\cycle_0186.pt,runs\models_9x9\best.pt,runs\models_9x9\checkpoints\cycle_0186.pt,p1_win,1.0,79
695,runs\models_9x9\best.pt,runs\models_9x9\checkpoints\cycle_0186.pt,runs\models_9x9\best.pt,runs\models_9x9\checkpoints\cycle_0186.pt,p1_win,1.0,83
696,runs\models_9x9\best.pt,runs\models_9x9\checkpoints\cycle_0186.pt,runs\models_9x9\best.pt,runs\models_9x9\checkpoints\cycle_0186.pt,p1_win,1.0,83
697,runs\models_9x9\best.pt,runs\models_9x9\checkpoints\cycle_0186.pt,runs\models_9x9\best.pt,runs\models_9x9\checkpoints\cycle_0186.pt,p1_win,1.0,79
698,runs\models_9x9\best.pt,runs\models_9x9\checkpoints\cycle_0186.pt,runs\models_9x9\best.pt,runs\models_9x9\checkpoints\cycle_0186.pt,p1_win,1.0,73
699,runs\models_9x9\best.pt,runs\models_9x9\checkpoints\cycle_0186.pt,runs\models_9x9\best.pt,runs\models_9x9\checkpoints\cycle_0186.pt,p1_win,1.0,83
700,runs\models_9x9\best.pt,runs\models_9x9\checkpoints\cycle_0186.pt,runs\models_9x9\best.pt,runs\models_9x9\checkpoints\cycle_0186.pt,p1_win,1.0,69
701,runs\models_9x9\best.pt,runs\models_9x9\checkpoints\cycle_0186.pt,runs\models_9x9\best.pt,runs\models_9x9\checkpoints\cycle_0186.pt,p1_win,1.0,83
702,runs\models_9x9\best.pt,runs\models_9x9\checkpoints\cycle_0186.pt,runs\models_9x9\best.pt,runs\models_9x9\checkpoints\cycle_0186.pt,p1_win,1.0,69
703,runs\models_9x9\best.pt,runs\models_9x9\checkpoints\cycle_0186.pt,runs\models_9x9\best.pt,runs\models_9x9\checkpoints\cycle_0186.pt,p1_win,1.0,69
704,runs\models_9x9\best.pt,runs\models_9x9\checkpoints\cycle_0186.pt,runs\models_9x9\best.pt,runs\models_9x9\checkpoints\cycle_0186.pt,p1_win,1.0,83
705,runs\models_9x9\best.pt,runs\models_9x9\checkpoints\cycle_0186.pt,runs\models_9x9\best.pt,runs\models_9x9\checkpoints\cycle_0186.pt,p1_win,1.0,73
706,runs\models_9x9\best.pt,runs\models_9x9\checkpoints\cycle_0186.pt,runs\models_9x9\best.pt,runs\models_9x9\checkpoints\cycle_0186.pt,p1_win,1.0,77
707,runs\models_9x9\best.pt,runs\models_9x9\checkpoints\cycle_0186.pt,runs\models_9x9\best.pt,runs\models_9x9\checkpoints\cycle_0186.pt,p1_win,1.0,69
708,runs\models_9x9\best.pt,runs\models_9x9\checkpoints\cycle_0186.pt,runs\models_9x9\best.pt,runs\models_9x9\checkpoints\cycle_0186.pt,p1_win,1.0,81
709,runs\models_9x9\best.pt,runs\models_9x9\checkpoints\cycle_0186.pt,runs\models_9x9\checkpoints\cycle_0186.pt,runs\models_9x9\best.pt,p1_win,0.0,67
710,runs\models_9x9\best.pt,runs\models_9x9\checkpoints\cycle_0186.pt,runs\models_9x9\best.pt,runs\models_9x9\checkpoints\cycle_0186.pt,p1_win,1.0,71
711,runs\models_9x9\best.pt,runs\models_9x9\checkpoints\cycle_0186.pt,runs\models_9x9\checkpoints\cycle_0186.pt,runs\models_9x9\best.pt,p1_win,0.0,73
712,runs\models_9x9\best.pt,runs\models_9x9\checkpoints\cycle_0186.pt,runs\models_9x9\best.pt,runs\models_9x9\checkpoints\cycle_0186.pt,p1_win,1.0,73
713,runs\models_9x9\best.pt,runs\models_9x9\checkpoints\cycle_0186.pt,runs\models_9x9\best.pt,runs\models_9x9\checkpoints\cycle_0186.pt,p1_win,1.0,79
714,runs\models_9x9\best.pt,runs\models_9x9\checkpoints\cycle_0186.pt,runs\models_9x9\best.pt,runs\models_9x9\checkpoints\cycle_0186.pt,p1_win,1.0,75
715,runs\models_9x9\best.pt,runs\models_9x9\checkpoints\cycle_0186.pt,runs\models_9x9\best.pt,runs\models_9x9\checkpoints\cycle_0186.pt,p1_win,1.0,69
716,runs\models_9x9\best.pt,runs\models_9x9\checkpoints\cycle_0186.pt,runs\models_9x9\best.pt,runs\models_9x9\checkpoints\cycle_0186.pt,p1_win,1.0,71
717,runs\models_9x9\best.pt,runs\models_9x9\checkpoints\cycle_0186.pt,runs\models_9x9\checkpoints\cycle_0186.pt,runs\models_9x9\best.pt,p2_win,1.0,68
718,runs\models_9x9\best.pt,runs\models_9x9\checkpoints\cycle_0186.pt,runs\models_9x9\checkpoints\cycle_0186.pt,runs\models_9x9\best.pt,p1_win,0.0,77
719,runs\models_9x9\best.pt,runs\models_9x9\checkpoints\cycle_0186.pt,runs\models_9x9\checkpoints\cycle_0186.pt,runs\models_9x9\best.pt,p1_win,0.0,71
720,runs\models_9x9\best.pt,runs\models_9x9\checkpoints\cycle_0186.pt,runs\models_9x9\checkpoints\cycle_0186.pt,runs\models_9x9\best.pt,p2_win,1.0,70
721,runs\models_9x9\best.pt,runs\models_9x9\checkpoints\cycle_0186.pt,runs\models_9x9\best.pt,runs\models_9x9\checkpoints\cycle_0186.pt,p1_win,1.0,69
722,runs\models_9x9\best.pt,runs\models_9x9\checkpoints\cycle_0186.pt,runs\models_9x9\best.pt,runs\models_9x9\checkpoints\cycle_0186.pt,p1_win,1.0,69
723,runs\models_9x9\best.pt,runs\models_9x9\checkpoints\cycle_0186.pt,runs\models_9x9\best.pt,runs\models_9x9\checkpoints\cycle_0186.pt,p1_win,1.0,69
724,runs\models_9x9\best.pt,runs\models_9x9\checkpoints\cycle_0186.pt,runs\models_9x9\best.pt,runs\models_9x9\checkpoints\cycle_0186.pt,p1_win,1.0,71
725,runs\models_9x9\best.pt,runs\models_9x9\checkpoints\cycle_0186.pt,runs\models_9x9\best.pt,runs\models_9x9\checkpoints\cycle_0186.pt,p1_win,1.0,69
726,runs\models_9x9\best.pt,runs\models_9x9\checkpoints\cycle_0186.pt,runs\models_9x9\best.pt,runs\models_9x9\checkpoints\cycle_0186.pt,p1_win,1.0,67
727,runs\models_9x9\best.pt,runs\models_9x9\checkpoints\cycle_0186.pt,runs\models_9x9\best.pt,runs\models_9x9\checkpoints\cycle_0186.pt,p1_win,1.0,69
728,runs\models_9x9\best.pt,runs\models_9x9\checkpoints\cycle_0186.pt,runs\models_9x9\best.pt,runs\models_9x9\checkpoints\cycle_0186.pt,p1_win,1.0,69
729,runs\models_9x9\best.pt,runs\models_9x9\checkpoints\cycle_0186.pt,runs\models_9x9\best.pt,runs\models_9x9\checkpoints\cycle_0186.pt,p1_win,1.0,69
730,runs\models_9x9\best.pt,runs\models_9x9\checkpoints\cycle_0186.pt,runs\models_9x9\best.pt,runs\models_9x9\checkpoints\cycle_0186.pt,p1_win,1.0,69
731,runs\models_9x9\best.pt,runs\models_9x9\checkpoints\cycle_0186.pt,runs\models_9x9\best.pt,runs\models_9x9\checkpoints\cycle_0186.pt,p1_win,1.0,71
732,runs\models_9x9\best.pt,runs\models_9x9\checkpoints\cycle_0186.pt,runs\models_9x9\best.pt,runs\models_9x9\checkpoints\cycle_0186.pt,p1_win,1.0,83
733,runs\models_9x9\best.pt,runs\models_9x9\checkpoints\cycle_0186.pt,runs\models_9x9\best.pt,runs\models_9x9\checkpoints\cycle_0186.pt,p1_win,1.0,69
734,runs\models_9x9\best.pt,runs\models_9x9\checkpoints\cycle_0186.pt,runs\models_9x9\best.pt,runs\models_9x9\checkpoints\cycle_0186.pt,p1_win,1.0,75
735,runs\models_9x9\best.pt,runs\models_9x9\checkpoints\cycle_0186.pt,runs\models_9x9\checkpoints\cycle_0186.pt,runs\models_9x9\best.pt,p1_win,0.0,69
736,runs\models_9x9\best.pt,runs\models_9x9\checkpoints\cycle_0186.pt,runs\models_9x9\best.pt,runs\models_9x9\checkpoints\cycle_0186.pt,p1_win,1.0,71
737,runs\models_9x9\best.pt,runs\models_9x9\checkpoints\cycle_0186.pt,runs\models_9x9\best.pt,runs\models_9x9\checkpoints\cycle_0186.pt,p1_win,1.0,75
738,runs\models_9x9\best.pt,runs\models_9x9\checkpoints\cycle_0186.pt,runs\models_9x9\best.pt,runs\models_9x9\checkpoints\cycle_0186.pt,p1_win,1.0,67
739,runs\models_9x9\best.pt,runs\models_9x9\checkpoints\cycle_0186.pt,runs\models_9x9\checkpoints\cycle_0186.pt,runs\models_9x9\best.pt,p2_win,1.0,76
740,runs\models_9x9\best.pt,runs\models_9x9\checkpoints\cycle_0186.pt,runs\models_9x9\best.pt,runs\models_9x9\checkpoints\cycle_0186.pt,p1_win,1.0,73
741,runs\models_9x9\best.pt,runs\models_9x9\checkpoints\cycle_0186.pt,runs\models_9x9\checkpoints\cycle_0186.pt,runs\models_9x9\best.pt,p2_win,1.0,76
742,runs\models_9x9\best.pt,runs\models_9x9\checkpoints\cycle_0186.pt,runs\models_9x9\best.pt,runs\models_9x9\checkpoints\cycle_0186.pt,p1_win,1.0,83
743,runs\models_9x9\best.pt,runs\models_9x9\checkpoints\cycle_0186.pt,runs\models_9x9\checkpoints\cycle_0186.pt,runs\models_9x9\best.pt,p1_win,0.0,69
744,runs\models_9x9\best.pt,runs\models_9x9\checkpoints\cycle_0186.pt,runs\models_9x9\best.pt,runs\models_9x9\checkpoints\cycle_0186.pt,p1_win,1.0,77
745,runs\models_9x9\best.pt,runs\models_9x9\checkpoints\cycle_0186.pt,runs\models_9x9\checkpoints\cycle_0186.pt,runs\models_9x9\best.pt,p2_win,1.0,72
746,runs\models_9x9\best.pt,runs\models_9x9\checkpoints\cycle_0186.pt,runs\models_9x9\best.pt,runs\models_9x9\checkpoints\cycle_0186.pt,p1_win,1.0,81
747,runs\models_9x9\best.pt,runs\models_9x9\checkpoints\cycle_0186.pt,runs\models_9x9\checkpoints\cycle_0186.pt,runs\models_9x9\best.pt,p1_win,0.0,71
748,runs\models_9x9\best.pt,runs\models_9x9\checkpoints\cycle_0186.pt,runs\models_9x9\best.pt,runs\models_9x9\checkpoints\cycle_0186.pt,p1_win,1.0,69
749,runs\models_9x9\best.pt,runs\models_9x9\checkpoints\cycle_0186.pt,runs\models_9x9\best.pt,runs\models_9x9\checkpoints\cycle_0186.pt,p1_win,1.0,69
750,runs\models_9x9\best.pt,runs\models_9x9\checkpoints\cycle_0186.pt,runs\models_9x9\best.pt,runs\models_9x9\checkpoints\cycle_0186.pt,p1_win,1.0,71
751,runs\models_9x9\best.pt,runs\models_9x9\checkpoints\cycle_0186.pt,runs\models_9x9\best.pt,runs\models_9x9\checkpoints\cycle_0186.pt,p1_win,1.0,83
752,runs\models_9x9\best.pt,runs\models_9x9\checkpoints\cycle_0186.pt,runs\models_9x9\checkpoints\cycle_0186.pt,runs\models_9x9\best.pt,p1_win,0.0,75
753,runs\models_9x9\best.pt,runs\models_9x9\checkpoints\cycle_0186.pt,runs\models_9x9\best.pt,runs\models_9x9\checkpoints\cycle_0186.pt,p1_win,1.0,73
754,runs\models_9x9\best.pt,runs\models_9x9\checkpoints\cycle_0186.pt,runs\models_9x9\checkpoints\cycle_0186.pt,runs\models_9x9\best.pt,p2_win,1.0,80
755,runs\models_9x9\best.pt,runs\models_9x9\checkpoints\cycle_0186.pt,runs\models_9x9\best.pt,runs\models_9x9\checkpoints\cycle_0186.pt,p1_win,1.0,69
756,runs\models_9x9\best.pt,runs\models_9x9\checkpoints\cycle_0186.pt,runs\models_9x9\best.pt,runs\models_9x9\checkpoints\cycle_0186.pt,p1_win,1.0,69
757,runs\models_9x9\best.pt,runs\models_9x9\checkpoints\cycle_0186.pt,runs\models_9x9\checkpoints\cycle_0186.pt,runs\models_9x9\best.pt,p1_win,0.0,69
758,runs\models_9x9\best.pt,runs\models_9x9\checkpoints\cycle_0186.pt,runs\models_9x9\best.pt,runs\models_9x9\checkpoints\cycle_0186.pt,p1_win,1.0,75
759,runs\models_9x9\best.pt,runs\models_9x9\checkpoints\cycle_0186.pt,runs\models_9x9\best.pt,runs\models_9x9\checkpoints\cycle_0186.pt,p1_win,1.0,83
760,runs\models_9x9\best.pt,runs\models_9x9\checkpoints\cycle_0186.pt,runs\models_9x9\checkpoints\cycle_0186.pt,runs\models_9x9\best.pt,p1_win,0.0,75
761,runs\models_9x9\best.pt,runs\models_9x9\checkpoints\cycle_0186.pt,runs\models_9x9\best.pt,runs\models_9x9\checkpoints\cycle_0186.pt,p1_win,1.0,69
762,runs\models_9x9\best.pt,runs\models_9x9\checkpoints\cycle_0186.pt,runs\models_9x9\best.pt,runs\models_9x9\checkpoints\cycle_0186.pt,p1_win,1.0,71
763,runs\models_9x9\best.pt,runs\models_9x9\checkpoints\cycle_0186.pt,runs\models_9x9\checkpoints\cycle_0186.pt,runs\models_9x9\best.pt,p2_win,1.0,80
764,runs\models_9x9\best.pt,runs\models_9x9\checkpoints\cycle_0186.pt,runs\models_9x9\best.pt,runs\models_9x9\checkpoints\cycle_0186.pt,p1_win,1.0,83
765,runs\models_9x9\best.pt,runs\models_9x9\checkpoints\cycle_0186.pt,runs\models_9x9\best.pt,runs\models_9x9\checkpoints\cycle_0186.pt,p1_win,1.0,83
766,runs\models_9x9\best.pt,runs\models_9x9\checkpoints\cycle_0186.pt,runs\models_9x9\best.pt,runs\models_9x9\checkpoints\cycle_0186.pt,p1_win,1.0,71
767,runs\models_9x9\best.pt,runs\models_9x9\checkpoints\cycle_0186.pt,runs\models_9x9\checkpoints\cycle_0186.pt,runs\models_9x9\best.pt,p1_win,0.0,75
768,runs\models_9x9\best.pt,runs\models_9x9\checkpoints\cycle_0186.pt,runs\models_9x9\checkpoints\cycle_0186.pt,runs\models_9x9\best.pt,p2_win,1.0,70
769,runs\models_9x9\best.pt,runs\models_9x9\checkpoints\cycle_0186.pt,runs\models_9x9\checkpoints\cycle_0186.pt,runs\models_9x9\best.pt,p1_win,0.0,69
770,runs\models_9x9\best.pt,runs\models_9x9\checkpoints\cycle_0186.pt,runs\models_9x9\best.pt,runs\models_9x9\checkpoints\cycle_0186.pt,p1_win,1.0,69
771,runs\models_9x9\best.pt,runs\models_9x9\checkpoints\cycle_0186.pt,runs\models_9x9\checkpoints\cycle_0186.pt,runs\models_9x9\best.pt,p1_win,0.0,83
772,runs\models_9x9\best.pt,runs\models_9x9\checkpoints\cycle_0186.pt,runs\models_9x9\best.pt,runs\models_9x9\checkpoints\cycle_0186.pt,p1_win,1.0,75
773,runs\models_9x9\best.pt,runs\models_9x9\checkpoints\cycle_0186.pt,runs\models_9x9\checkpoints\cycle_0186.pt,runs\models_9x9\best.pt,p2_win,1.0,78
774,runs\models_9x9\best.pt,runs\models_9x9\checkpoints\cycle_0186.pt,runs\models_9x9\best.pt,runs\models_9x9\checkpoints\cycle_0186.pt,p1_win,1.0,83
775,runs\models_9x9\best.pt,runs\models_9x9\checkpoints\cycle_0186.pt,runs\models_9x9\best.pt,runs\models_9x9\checkpoints\cycle_0186.pt,p1_win,1.0,71
776,runs\models_9x9\best.pt,runs\models_9x9\checkpoints\cycle_0186.pt,runs\models_9x9\checkpoints\cycle_0186.pt,runs\models_9x9\best.pt,p2_win,1.0,74
777,runs\models_9x9\best.pt,runs\models_9x9\checkpoints\cycle_0186.pt,runs\models_9x9\checkpoints\cycle_0186.pt,runs\models_9x9\best.pt,p1_win,0.0,75
778,runs\models_9x9\best.pt,runs\models_9x9\checkpoints\cycle_0186.pt,runs\models_9x9\best.pt,runs\models_9x9\checkpoints\cycle_0186.pt,p1_win,1.0,73
779,runs\models_9x9\best.pt,runs\models_9x9\checkpoints\cycle_0186.pt,runs\models_9x9\best.pt,runs\models_9x9\checkpoints\cycle_0186.pt,p1_win,1.0,75
780,runs\models_9x9\best.pt,runs\models_9x9\checkpoints\cycle_0186.pt,runs\models_9x9\checkpoints\cycle_0186.pt,runs\models_9x9\best.pt,p2_win,1.0,70
781,runs\models_9x9\best.pt,runs\models_9x9\checkpoints\cycle_0186.pt,runs\models_9x9\best.pt,runs\models_9x9\checkpoints\cycle_0186.pt,p1_win,1.0,69
782,runs\models_9x9\best.pt,runs\models_9x9\checkpoints\cycle_0186.pt,runs\models_9x9\best.pt,runs\models_9x9\checkpoints\cycle_0186.pt,p1_win,1.0,69
783,runs\models_9x9\best.pt,runs\models_9x9\checkpoints\cycle_0186.pt,runs\models_9x9\best.pt,runs\models_9x9\checkpoints\cycle_0186.pt,p1_win,1.0,71
784,runs\models_9x9\best.pt,runs\models_9x9\checkpoints\cycle_0186.pt,runs\models_9x9\best.pt,runs\models_9x9\checkpoints\cycle_0186.pt,p1_win,1.0,73
785,runs\models_9x9\best.pt,runs\models_9x9\checkpoints\cycle_0186.pt,runs\models_9x9\best.pt,runs\models_9x9\checkpoints\cycle_0186.pt,p1_win,1.0,69
786,runs\models_9x9\best.pt,runs\models_9x9\checkpoints\cycle_0186.pt,runs\models_9x9\checkpoints\cycle_0186.pt,runs\models_9x9\best.pt,p2_win,1.0,72
787,runs\models_9x9\best.pt,runs\models_9x9\checkpoints\cycle_0186.pt,runs\models_9x9\best.pt,runs\models_9x9\checkpoints\cycle_0186.pt,p1_win,1.0,71
788,runs\models_9x9\best.pt,runs\models_9x9\checkpoints\cycle_0186.pt,runs\models_9x9\checkpoints\cycle_0186.pt,runs\models_9x9\best.pt,p1_win,0.0,77
789,runs\models_9x9\best.pt,runs\models_9x9\checkpoints\cycle_0186.pt,runs\models_9x9\best.pt,runs\models_9x9\checkpoints\cycle_0186.pt,p1_win,1.0,71
790,runs\models_9x9\best.pt,runs\models_9x9\checkpoints\cycle_0186.pt,runs\models_9x9\best.pt,runs\models_9x9\checkpoints\cycle_0186.pt,p1_win,1.0,71
791,runs\models_9x9\best.pt,runs\models_9x9\checkpoints\cycle_0186.pt,runs\models_9x9\best.pt,runs\models_9x9\checkpoints\cycle_0186.pt,p1_win,1.0,75
792,runs\models_9x9\best.pt,runs\models_9x9\checkpoints\cycle_0186.pt,runs\models_9x9\best.pt,runs\models_9x9\checkpoints\cycle_0186.pt,p1_win,1.0,69
793,runs\models_9x9\best.pt,runs\models_9x9\checkpoints\cycle_0186.pt,runs\models_9x9\best.pt,runs\models_9x9\checkpoints\cycle_0186.pt,p1_win,1.0,71
794,runs\models_9x9\best.pt,runs\models_9x9\checkpoints\cycle_0186.pt,runs\models_9x9\checkpoints\cycle_0186.pt,runs\models_9x9\best.pt,p1_win,0.0,77
795,runs\models_9x9\best.pt,runs\models_9x9\checkpoints\cycle_0186.pt,runs\models_9x9\best.pt,runs\models_9x9\checkpoints\cycle_0186.pt,p1_win,1.0,75
796,runs\models_9x9\best.pt,runs\models_9x9\checkpoints\cycle_0186.pt,runs\models_9x9\best.pt,runs\models_9x9\checkpoints\cycle_0186.pt,p1_win,1.0,71
797,runs\models_9x9\best.pt,runs\models_9x9\checkpoints\cycle_0186.pt,runs\models_9x9\best.pt,runs\models_9x9\checkpoints\cycle_0186.pt,p1_win,1.0,73
798,runs\models_9x9\best.pt,runs\models_9x9\checkpoints\cycle_0186.pt,runs\models_9x9\checkpoints\cycle_0186.pt,runs\models_9x9\best.pt,p1_win,0.0,71
799,runs\models_9x9\best.pt,runs\models_9x9\checkpoints\cycle_0186.pt,runs\models_9x9\best.pt,runs\models_9x9\checkpoints\cycle_0186.pt,p1_win,1.0,73
800,runs\models_9x9\best.pt,runs\models_9x9\checkpoints\cycle_0186.pt,runs\models_9x9\best.pt,runs\models_9x9\checkpoints\cycle_0186.pt,p1_win,1.0,71
801,runs\models_9x9\best.pt,runs\models_9x9\checkpoints\cycle_0186.pt,runs\models_9x9\checkpoints\cycle_0186.pt,runs\models_9x9\best.pt,p1_win,0.0,71
802,runs\models_9x9\best.pt,runs\models_9x9\checkpoints\cycle_0186.pt,runs\models_9x9\best.pt,runs\models_9x9\checkpoints\cycle_0186.pt,p1_win,1.0,77
803,runs\models_9x9\best.pt,runs\models_9x9\checkpoints\cycle_0186.pt,runs\models_9x9\best.pt,runs\models_9x9\checkpoints\cycle_0186.pt,p1_win,1.0,71
804,runs\models_9x9\best.pt,runs\models_9x9\checkpoints\cycle_0186.pt,runs\models_9x9\checkpoints\cycle_0186.pt,runs\models_9x9\best.pt,p2_win,1.0,76
805,runs\models_9x9\best.pt,runs\models_9x9\checkpoints\cycle_0186.pt,runs\models_9x9\best.pt,runs\models_9x9\checkpoints\cycle_0186.pt,p1_win,1.0,75
806,runs\models_9x9\best.pt,runs\models_9x9\checkpoints\cycle_0186.pt,runs\models_9x9\best.pt,runs\models_9x9\checkpoints\cycle_0186.pt,p1_win,1.0,87
807,runs\models_9x9\best.pt,runs\models_9x9\checkpoints\cycle_0186.pt,runs\models_9x9\best.pt,runs\models_9x9\checkpoints\cycle_0186.pt,p1_win,1.0,79
808,runs\models_9x9\best.pt,runs\models_9x9\checkpoints\cycle_0186.pt,runs\models_9x9\checkpoints\cycle_0186.pt,runs\models_9x9\best.pt,p2_win,1.0,76
809,runs\models_9x9\best.pt,runs\models_9x9\checkpoints\cycle_0186.pt,runs\models_9x9\best.pt,runs\models_9x9\checkpoints\cycle_0186.pt,p1_win,1.0,81
810,runs\models_9x9\best.pt,runs\models_9x9\checkpoints\cycle_0186.pt,runs\models_9x9\checkpoints\cycle_0186.pt,runs\models_9x9\best.pt,p2_win,1.0,80
811,runs\models_9x9\best.pt,runs\models_9x9\checkpoints\cycle_0186.pt,runs\models_9x9\best.pt,runs\models_9x9\checkpoints\cycle_0186.pt,p1_win,1.0,73
812,runs\models_9x9\best.pt,runs\models_9x9\checkpoints\cycle_0186.pt,runs\models_9x9\checkpoints\cycle_0186.pt,runs\models_9x9\best.pt,p2_win,1.0,72
813,runs\models_9x9\best.pt,runs\models_9x9\checkpoints\cycle_0186.pt,runs\models_9x9\best.pt,runs\models_9x9\checkpoints\cycle_0186.pt,p1_win,1.0,81
814,runs\models_9x9\best.pt,runs\models_9x9\checkpoints\cycle_0186.pt,runs\models_9x9\best.pt,runs\models_9x9\checkpoints\cycle_0186.pt,p1_win,1.0,69
815,runs\models_9x9\best.pt,runs\models_9x9\checkpoints\cycle_0186.pt,runs\models_9x9\best.pt,runs\models_9x9\checkpoints\cycle_0186.pt,p1_win,1.0,69
816,runs\models_9x9\best.pt,runs\models_9x9\checkpoints\cycle_0186.pt,runs\models_9x9\best.pt,runs\models_9x9\checkpoints\cycle_0186.pt,p1_win,1.0,71
817,runs\models_9x9\best.pt,runs\models_9x9\checkpoints\cycle_0186.pt,runs\models_9x9\best.pt,runs\models_9x9\checkpoints\cycle_0186.pt,p1_win,1.0,71
818,runs\models_9x9\best.pt,runs\models_9x9\checkpoints\cycle_0186.pt,runs\models_9x9\checkpoints\cycle_0186.pt,runs\models_9x9\best.pt,p1_win,0.0,75
819,runs\models_9x9\best.pt,runs\models_9x9\checkpoints\cycle_0186.pt,runs\models_9x9\best.pt,runs\models_9x9\checkpoints\cycle_0186.pt,p1_win,1.0,71
820,runs\models_9x9\best.pt,runs\models_9x9\checkpoints\cycle_0186.pt,runs\models_9x9\best.pt,runs\models_9x9\checkpoints\cycle_0186.pt,p1_win,1.0,77
821,runs\models_9x9\best.pt,runs\models_9x9\checkpoints\cycle_0186.pt,runs\models_9x9\best.pt,runs\models_9x9\checkpoints\cycle_0186.pt,p1_win,1.0,69
822,runs\models_9x9\best.pt,runs\models_9x9\checkpoints\cycle_0186.pt,runs\models_9x9\best.pt,runs\models_9x9\checkpoints\cycle_0186.pt,p1_win,1.0,69
823,runs\models_9x9\best.pt,runs\models_9x9\checkpoints\cycle_0186.pt,runs\models_9x9\best.pt,runs\models_9x9\checkpoints\cycle_0186.pt,p1_win,1.0,75
824,runs\models_9x9\best.pt,runs\models_9x9\checkpoints\cycle_0186.pt,runs\models_9x9\best.pt,runs\models_9x9\checkpoints\cycle_0186.pt,p1_win,1.0,79
825,runs\models_9x9\best.pt,runs\models_9x9\checkpoints\cycle_0186.pt,runs\models_9x9\best.pt,runs\models_9x9\checkpoints\cycle_0186.pt,p1_win,1.0,87
826,runs\models_9x9\best.pt,runs\models_9x9\checkpoints\cycle_0186.pt,runs\models_9x9\best.pt,runs\models_9x9\checkpoints\cycle_0186.pt,p1_win,1.0,87
827,runs\models_9x9\best.pt,runs\models_9x9\checkpoints\cycle_0186.pt,runs\models_9x9\best.pt,runs\models_9x9\checkpoints\cycle_0186.pt,p1_win,1.0,73
828,runs\models_9x9\best.pt,runs\models_9x9\checkpoints\cycle_0186.pt,runs\models_9x9\checkpoints\cycle_0186.pt,runs\models_9x9\best.pt,p2_win,1.0,70
829,runs\models_9x9\best.pt,runs\models_9x9\checkpoints\cycle_0186.pt,runs\models_9x9\best.pt,runs\models_9x9\checkpoints\cycle_0186.pt,p1_win,1.0,87
830,runs\models_9x9\best.pt,runs\models_9x9\checkpoints\cycle_0186.pt,runs\models_9x9\best.pt,runs\models_9x9\checkpoints\cycle_0186.pt,p1_win,1.0,87
831,runs\models_9x9\best.pt,runs\models_9x9\checkpoints\cycle_0186.pt,runs\models_9x9\best.pt,runs\models_9x9\checkpoints\cycle_0186.pt,p1_win,1.0,87
832,runs\models_9x9\best.pt,runs\models_9x9\checkpoints\cycle_0186.pt,runs\models_9x9\best.pt,runs\models_9x9\checkpoints\cycle_0186.pt,p1_win,1.0,79
833,runs\models_9x9\best.pt,runs\models_9x9\checkpoints\cycle_0186.pt,runs\models_9x9\best.pt,runs\models_9x9\checkpoints\cycle_0186.pt,p1_win,1.0,87
834,runs\models_9x9\best.pt,runs\models_9x9\checkpoints\cycle_0186.pt,runs\models_9x9\best.pt,runs\models_9x9\checkpoints\cycle_0186.pt,p1_win,1.0,87
835,runs\models_9x9\best.pt,runs\models_9x9\checkpoints\cycle_0186.pt,runs\models_9x9\best.pt,runs\models_9x9\checkpoints\cycle_0186.pt,p1_win,1.0,71
836,runs\models_9x9\best.pt,runs\models_9x9\checkpoints\cycle_0186.pt,runs\models_9x9\checkpoints\cycle_0186.pt,runs\models_9x9\best.pt,p1_win,0.0,71
837,runs\models_9x9\best.pt,runs\models_9x9\checkpoints\cycle_0186.pt,runs\models_9x9\best.pt,runs\models_9x9\checkpoints\cycle_0186.pt,p1_win,1.0,87
838,runs\models_9x9\best.pt,runs\models_9x9\checkpoints\cycle_0186.pt,runs\models_9x9\best.pt,runs\models_9x9\checkpoints\cycle_0186.pt,p1_win,1.0,73
839,runs\models_9x9\best.pt,runs\models_9x9\checkpoints\cycle_0186.pt,runs\models_9x9\best.pt,runs\models_9x9\checkpoints\cycle_0186.pt,p1_win,1.0,69
840,runs\models_9x9\best.pt,runs\models_9x9\checkpoints\cycle_0186.pt,runs\models_9x9\checkpoints\cycle_0186.pt,runs\models_9x9\best.pt,p2_win,1.0,80
841,runs\models_9x9\best.pt,runs\models_9x9\checkpoints\cycle_0186.pt,runs\models_9x9\best.pt,runs\models_9x9\checkpoints\cycle_0186.pt,p1_win,1.0,71
842,runs\models_9x9\best.pt,runs\models_9x9\checkpoints\cycle_0186.pt,runs\models_9x9\best.pt,runs\models_9x9\checkpoints\cycle_0186.pt,p1_win,1.0,69
843,runs\models_9x9\best.pt,runs\models_9x9\checkpoints\cycle_0186.pt,runs\models_9x9\best.pt,runs\models_9x9\checkpoints\cycle_0186.pt,p1_win,1.0,87
844,runs\models_9x9\best.pt,runs\models_9x9\checkpoints\cycle_0186.pt,runs\models_9x9\best.pt,runs\models_9x9\checkpoints\cycle_0186.pt,p1_win,1.0,77
845,runs\models_9x9\best.pt,runs\models_9x9\checkpoints\cycle_0186.pt,runs\models_9x9\checkpoints\cycle_0186.pt,runs\models_9x9\best.pt,p1_win,0.0,81
846,runs\models_9x9\best.pt,runs\models_9x9\checkpoints\cycle_0186.pt,runs\models_9x9\best.pt,runs\models_9x9\checkpoints\cycle_0186.pt,p1_win,1.0,87
847,runs\models_9x9\best.pt,runs\models_9x9\checkpoints\cycle_0186.pt,runs\models_9x9\checkpoints\cycle_0186.pt,runs\models_9x9\best.pt,p2_win,1.0,70
848,runs\models_9x9\best.pt,runs\models_9x9\checkpoints\cycle_0186.pt,runs\models_9x9\best.pt,runs\models_9x9\checkpoints\cycle_0186.pt,p1_win,1.0,71
849,runs\models_9x9\best.pt,runs\models_9x9\checkpoints\cycle_0186.pt,runs\models_9x9\best.pt,runs\models_9x9\checkpoints\cycle_0186.pt,p1_win,1.0,69
850,runs\models_9x9\best.pt,runs\models_9x9\checkpoints\cycle_0186.pt,runs\models_9x9\best.pt,runs\models_9x9\checkpoints\cycle_0186.pt,p1_win,1.0,73
851,runs\models_9x9\best.pt,runs\models_9x9\checkpoints\cycle_0186.pt,runs\models_9x9\best.pt,runs\models_9x9\checkpoints\cycle_0186.pt,p1_win,1.0,77
852,runs\models_9x9\best.pt,runs\models_9x9\checkpoints\cycle_0186.pt,runs\models_9x9\best.pt,runs\models_9x9\checkpoints\cycle_0186.pt,p1_win,1.0,71
853,runs\models_9x9\best.pt,runs\models_9x9\checkpoints\cycle_0186.pt,runs\models_9x9\best.pt,runs\models_9x9\checkpoints\cycle_0186.pt,p1_win,1.0,69
854,runs\models_9x9\best.pt,runs\models_9x9\checkpoints\cycle_0186.pt,runs\models_9x9\best.pt,runs\models_9x9\checkpoints\cycle_0186.pt,p1_win,1.0,73
855,runs\models_9x9\best.pt,runs\models_9x9\checkpoints\cycle_0186.pt,runs\models_9x9\best.pt,runs\models_9x9\checkpoints\cycle_0186.pt,p1_win,1.0,87
856,runs\models_9x9\best.pt,runs\models_9x9\checkpoints\cycle_0186.pt,runs\models_9x9\checkpoints\cycle_0186.pt,runs\models_9x9\best.pt,p2_win,1.0,70
857,runs\models_9x9\best.pt,runs\models_9x9\checkpoints\cycle_0186.pt,runs\models_9x9\checkpoints\cycle_0186.pt,runs\models_9x9\best.pt,p1_win,0.0,71
858,runs\models_9x9\best.pt,runs\models_9x9\checkpoints\cycle_0186.pt,runs\models_9x9\checkpoints\cycle_0186.pt,runs\models_9x9\best.pt,p1_win,0.0,69
859,runs\models_9x9\best.pt,runs\models_9x9\checkpoints\cycle_0186.pt,runs\models_9x9\checkpoints\cycle_0186.pt,runs\models_9x9\best.pt,p1_win,0.0,75
860,runs\models_9x9\best.pt,runs\models_9x9\checkpoints\cycle_0186.pt,runs\models_9x9\best.pt,runs\models_9x9\checkpoints\cycle_0186.pt,p1_win,1.0,87
861,runs\models_9x9\best.pt,runs\models_9x9\checkpoints\cycle_0186.pt,runs\models_9x9\best.pt,runs\models_9x9\checkpoints\cycle_0186.pt,p1_win,1.0,73
862,runs\models_9x9\best.pt,runs\models_9x9\checkpoints\cycle_0186.pt,runs\models_9x9\best.pt,runs\models_9x9\checkpoints\cycle_0186.pt,p1_win,1.0,71
863,runs\models_9x9\best.pt,runs\models_9x9\checkpoints\cycle_0186.pt,runs\models_9x9\checkpoints\cycle_0186.pt,runs\models_9x9\best.pt,p2_win,1.0,72
864,runs\models_9x9\best.pt,runs\models_9x9\checkpoints\cycle_0186.pt,runs\models_9x9\best.pt,runs\models_9x9\checkpoints\cycle_0186.pt,p1_win,1.0,71
865,runs\models_9x9\best.pt,runs\models_9x9\checkpoints\cycle_0186.pt,runs\models_9x9\best.pt,runs\models_9x9\checkpoints\cycle_0186.pt,p1_win,1.0,71
866,runs\models_9x9\best.pt,runs\models_9x9\checkpoints\cycle_0186.pt,runs\models_9x9\best.pt,runs\models_9x9\checkpoints\cycle_0186.pt,p1_win,1.0,71
867,runs\models_9x9\best.pt,runs\models_9x9\checkpoints\cycle_0186.pt,runs\models_9x9\best.pt,runs\models_9x9\checkpoints\cycle_0186.pt,p1_win,1.0,71
868,runs\models_9x9\best.pt,runs\models_9x9\checkpoints\cycle_0186.pt,runs\models_9x9\best.pt,runs\models_9x9\checkpoints\cycle_0186.pt,p1_win,1.0,71
869,runs\models_9x9\best.pt,runs\models_9x9\checkpoints\cycle_0186.pt,runs\models_9x9\best.pt,runs\models_9x9\checkpoints\cycle_0186.pt,p1_win,1.0,77
870,runs\models_9x9\best.pt,runs\models_9x9\checkpoints\cycle_0186.pt,runs\models_9x9\best.pt,runs\models_9x9\checkpoints\cycle_0186.pt,p1_win,1.0,71
871,runs\models_9x9\best.pt,runs\models_9x9\checkpoints\cycle_0186.pt,runs\models_9x9\best.pt,runs\models_9x9\checkpoints\cycle_0186.pt,p1_win,1.0,71
872,runs\models_9x9\best.pt,runs\models_9x9\checkpoints\cycle_0186.pt,runs\models_9x9\best.pt,runs\models_9x9\checkpoints\cycle_0186.pt,p1_win,1.0,81
873,runs\models_9x9\best.pt,runs\models_9x9\checkpoints\cycle_0186.pt,runs\models_9x9\best.pt,runs\models_9x9\checkpoints\cycle_0186.pt,p1_win,1.0,73
874,runs\models_9x9\best.pt,runs\models_9x9\checkpoints\cycle_0186.pt,runs\models_9x9\checkpoints\cycle_0186.pt,runs\models_9x9\best.pt,p1_win,0.0,71
875,runs\models_9x9\best.pt,runs\models_9x9\checkpoints\cycle_0186.pt,runs\models_9x9\best.pt,runs\models_9x9\checkpoints\cycle_0186.pt,p1_win,1.0,71
876,runs\models_9x9\best.pt,runs\models_9x9\checkpoints\cycle_0186.pt,runs\models_9x9\checkpoints\cycle_0186.pt,runs\models_9x9\best.pt,p2_win,1.0,74
877,runs\models_9x9\best.pt,runs\models_9x9\checkpoints\cycle_0186.pt,runs\models_9x9\best.pt,runs\models_9x9\checkpoints\cycle_0186.pt,p1_win,1.0,71
878,runs\models_9x9\best.pt,runs\models_9x9\checkpoints\cycle_0186.pt,runs\models_9x9\checkpoints\cycle_0186.pt,runs\models_9x9\best.pt,p2_win,1.0,74
879,runs\models_9x9\best.pt,runs\models_9x9\checkpoints\cycle_0186.pt,runs\models_9x9\best.pt,runs\models_9x9\checkpoints\cycle_0186.pt,p1_win,1.0,71
880,runs\models_9x9\best.pt,runs\models_9x9\checkpoints\cycle_0186.pt,runs\models_9x9\best.pt,runs\models_9x9\checkpoints\cycle_0186.pt,p1_win,1.0,71
881,runs\models_9x9\best.pt,runs\models_9x9\checkpoints\cycle_0186.pt,runs\models_9x9\checkpoints\cycle_0186.pt,runs\models_9x9\best.pt,p2_win,1.0,74
882,runs\models_9x9\best.pt,runs\models_9x9\checkpoints\cycle_0186.pt,runs\models_9x9\best.pt,runs\models_9x9\checkpoints\cycle_0186.pt,p1_win,1.0,71
883,runs\models_9x9\best.pt,runs\models_9x9\checkpoints\cycle_0186.pt,runs\models_9x9\checkpoints\cycle_0186.pt,runs\models_9x9\best.pt,p2_win,1.0,70
884,runs\models_9x9\best.pt,runs\models_9x9\checkpoints\cycle_0186.pt,runs\models_9x9\best.pt,runs\models_9x9\checkpoints\cycle_0186.pt,p1_win,1.0,83
885,runs\models_9x9\best.pt,runs\models_9x9\checkpoints\cycle_0186.pt,runs\models_9x9\best.pt,runs\models_9x9\checkpoints\cycle_0186.pt,p1_win,1.0,83
886,runs\models_9x9\best.pt,runs\models_9x9\checkpoints\cycle_0186.pt,runs\models_9x9\best.pt,runs\models_9x9\checkpoints\cycle_0186.pt,p1_win,1.0,81
887,runs\models_9x9\best.pt,runs\models_9x9\checkpoints\cycle_0186.pt,runs\models_9x9\best.pt,runs\models_9x9\checkpoints\cycle_0186.pt,p1_win,1.0,81
888,runs\models_9x9\best.pt,runs\models_9x9\checkpoints\cycle_0186.pt,runs\models_9x9\best.pt,runs\models_9x9\checkpoints\cycle_0186.pt,p1_win,1.0,81
889,runs\models_9x9\best.pt,runs\models_9x9\checkpoints\cycle_0186.pt,runs\models_9x9\best.pt,runs\models_9x9\checkpoints\cycle_0186.pt,p1_win,1.0,81
890,runs\models_9x9\best.pt,runs\models_9x9\checkpoints\cycle_0186.pt,runs\models_9x9\best.pt,runs\models_9x9\checkpoints\cycle_0186.pt,p2_win,0.0,80
891,runs\models_9x9\best.pt,runs\models_9x9\checkpoints\cycle_0186.pt,runs\models_9x9\best.pt,runs\models_9x9\checkpoints\cycle_0186.pt,p1_win,1.0,81
892,runs\models_9x9\best.pt,runs\models_9x9\checkpoints\cycle_0186.pt,runs\models_9x9\best.pt,runs\models_9x9\checkpoints\cycle_0186.pt,p1_win,1.0,81
893,runs\models_9x9\best.pt,runs\models_9x9\checkpoints\cycle_0186.pt,runs\models_9x9\best.pt,runs\models_9x9\checkpoints\cycle_0186.pt,p1_win,1.0,75
894,runs\models_9x9\best.pt,runs\models_9x9\checkpoints\cycle_0186.pt,runs\models_9x9\best.pt,runs\models_9x9\checkpoints\cycle_0186.pt,p1_win,1.0,73
895,runs\models_9x9\best.pt,runs\models_9x9\checkpoints\cycle_0186.pt,runs\models_9x9\best.pt,runs\models_9x9\checkpoints\cycle_0186.pt,p1_win,1.0,81
896,runs\models_9x9\best.pt,runs\models_9x9\checkpoints\cycle_0186.pt,runs\models_9x9\best.pt,runs\models_9x9\checkpoints\cycle_0186.pt,p1_win,1.0,75
897,runs\models_9x9\best.pt,runs\models_9x9\checkpoints\cycle_0186.pt,runs\models_9x9\best.pt,runs\models_9x9\checkpoints\cycle_0186.pt,p1_win,1.0,83
898,runs\models_9x9\best.pt,runs\models_9x9\checkpoints\cycle_0186.pt,runs\models_9x9\best.pt,runs\models_9x9\checkpoints\cycle_0186.pt,p1_win,1.0,71
899,runs\models_9x9\best.pt,runs\models_9x9\checkpoints\cycle_0186.pt,runs\models_9x9\best.pt,runs\models_9x9\checkpoints\cycle_0186.pt,p1_win,1.0,81
900,runs\models_9x9\best.pt,runs\models_9x9\checkpoints\cycle_0186.pt,runs\models_9x9\best.pt,runs\models_9x9\checkpoints\cycle_0186.pt,p1_win,1.0,81
901,runs\models_9x9\best.pt,runs\models_9x9\checkpoints\cycle_0186.pt,runs\models_9x9\best.pt,runs\models_9x9\checkpoints\cycle_0186.pt,p1_win,1.0,81
902,runs\models_9x9\best.pt,runs\models_9x9\checkpoints\cycle_0186.pt,runs\models_9x9\checkpoints\cycle_0186.pt,runs\models_9x9\best.pt,p1_win,0.0,81
903,runs\models_9x9\best.pt,runs\models_9x9\checkpoints\cycle_0186.pt,runs\models_9x9\best.pt,runs\models_9x9\checkpoints\cycle_0186.pt,p1_win,1.0,81
904,runs\models_9x9\best.pt,runs\models_9x9\checkpoints\cycle_0186.pt,runs\models_9x9\best.pt,runs\models_9x9\checkpoints\cycle_0186.pt,p1_win,1.0,81
905,runs\models_9x9\best.pt,runs\models_9x9\checkpoints\cycle_0186.pt,runs\models_9x9\best.pt,runs\models_9x9\checkpoints\cycle_0186.pt,p1_win,1.0,81
906,runs\models_9x9\best.pt,runs\models_9x9\checkpoints\cycle_0186.pt,runs\models_9x9\best.pt,runs\models_9x9\checkpoints\cycle_0186.pt,p1_win,1.0,81
907,runs\models_9x9\best.pt,runs\models_9x9\checkpoints\cycle_0186.pt,runs\models_9x9\best.pt,runs\models_9x9\checkpoints\cycle_0186.pt,p1_win,1.0,81
908,runs\models_9x9\best.pt,runs\models_9x9\checkpoints\cycle_0186.pt,runs\models_9x9\best.pt,runs\models_9x9\checkpoints\cycle_0186.pt,p1_win,1.0,81
909,runs\models_9x9\best.pt,runs\models_9x9\checkpoints\cycle_0186.pt,runs\models_9x9\best.pt,runs\models_9x9\checkpoints\cycle_0186.pt,p1_win,1.0,81
910,runs\models_9x9\best.pt,runs\models_9x9\checkpoints\cycle_0186.pt,runs\models_9x9\best.pt,runs\models_9x9\checkpoints\cycle_0186.pt,p1_win,1.0,71
911,runs\models_9x9\best.pt,runs\models_9x9\checkpoints\cycle_0186.pt,runs\models_9x9\best.pt,runs\models_9x9\checkpoints\cycle_0186.pt,p1_win,1.0,81
912,runs\models_9x9\best.pt,runs\models_9x9\checkpoints\cycle_0186.pt,runs\models_9x9\best.pt,runs\models_9x9\checkpoints\cycle_0186.pt,p1_win,1.0,81
913,runs\models_9x9\best.pt,runs\models_9x9\checkpoints\cycle_0186.pt,runs\models_9x9\best.pt,runs\models_9x9\checkpoints\cycle_0186.pt,p1_win,1.0,81
914,runs\models_9x9\best.pt,runs\models_9x9\checkpoints\cycle_0186.pt,runs\models_9x9\best.pt,runs\models_9x9\checkpoints\cycle_0186.pt,p1_win,1.0,81
915,runs\models_9x9\best.pt,runs\models_9x9\checkpoints\cycle_0186.pt,runs\models_9x9\best.pt,runs\models_9x9\checkpoints\cycle_0186.pt,p1_win,1.0,81
916,runs\models_9x9\best.pt,runs\models_9x9\checkpoints\cycle_0186.pt,runs\models_9x9\best.pt,runs\models_9x9\checkpoints\cycle_0186.pt,p1_win,1.0,81
917,runs\models_9x9\best.pt,runs\models_9x9\checkpoints\cycle_0186.pt,runs\models_9x9\best.pt,runs\models_9x9\checkpoints\cycle_0186.pt,p1_win,1.0,81
918,runs\models_9x9\best.pt,runs\models_9x9\checkpoints\cycle_0186.pt,runs\models_9x9\best.pt,runs\models_9x9\checkpoints\cycle_0186.pt,p1_win,1.0,71
919,runs\models_9x9\best.pt,runs\models_9x9\checkpoints\cycle_0186.pt,runs\models_9x9\best.pt,runs\models_9x9\checkpoints\cycle_0186.pt,p1_win,1.0,81
920,runs\models_9x9\best.pt,runs\models_9x9\checkpoints\cycle_0186.pt,runs\models_9x9\best.pt,runs\models_9x9\checkpoints\cycle_0186.pt,p1_win,1.0,81
921,runs\models_9x9\best.pt,runs\models_9x9\checkpoints\cycle_0186.pt,runs\models_9x9\best.pt,runs\models_9x9\checkpoints\cycle_0186.pt,p1_win,1.0,81
922,runs\models_9x9\best.pt,runs\models_9x9\checkpoints\cycle_0186.pt,runs\models_9x9\best.pt,runs\models_9x9\checkpoints\cycle_0186.pt,p1_win,1.0,81
923,runs\models_9x9\best.pt,runs\models_9x9\checkpoints\cycle_0186.pt,runs\models_9x9\best.pt,runs\models_9x9\checkpoints\cycle_0186.pt,p1_win,1.0,81
924,runs\models_9x9\best.pt,runs\models_9x9\checkpoints\cycle_0186.pt,runs\models_9x9\best.pt,runs\models_9x9\checkpoints\cycle_0186.pt,p1_win,1.0,81
925,runs\models_9x9\best.pt,runs\models_9x9\checkpoints\cycle_0186.pt,runs\models_9x9\checkpoints\cycle_0186.pt,runs\models_9x9\best.pt,p1_win,0.0,73
926,runs\models_9x9\best.pt,runs\models_9x9\checkpoints\cycle_0186.pt,runs\models_9x9\best.pt,runs\models_9x9\checkpoints\cycle_0186.pt,p1_win,1.0,75
927,runs\models_9x9\best.pt,runs\models_9x9\checkpoints\cycle_0186.pt,runs\models_9x9\best.pt,runs\models_9x9\checkpoints\cycle_0186.pt,p1_win,1.0,81
928,runs\models_9x9\best.pt,runs\models_9x9\checkpoints\cycle_0186.pt,runs\models_9x9\best.pt,runs\models_9x9\checkpoints\cycle_0186.pt,p1_win,1.0,73
929,runs\models_9x9\best.pt,runs\models_9x9\checkpoints\cycle_0186.pt,runs\models_9x9\best.pt,runs\models_9x9\checkpoints\cycle_0186.pt,p1_win,1.0,77
930,runs\models_9x9\best.pt,runs\models_9x9\checkpoints\cycle_0186.pt,runs\models_9x9\best.pt,runs\models_9x9\checkpoints\cycle_0186.pt,p2_win,0.0,76
931,runs\models_9x9\best.pt,runs\models_9x9\checkpoints\cycle_0186.pt,runs\models_9x9\checkpoints\cycle_0186.pt,runs\models_9x9\best.pt,p1_win,0.0,71
932,runs\models_9x9\best.pt,runs\models_9x9\checkpoints\cycle_0186.pt,runs\models_9x9\best.pt,runs\models_9x9\checkpoints\cycle_0186.pt,p1_win,1.0,71
933,runs\models_9x9\best.pt,runs\models_9x9\checkpoints\cycle_0186.pt,runs\models_9x9\checkpoints\cycle_0186.pt,runs\models_9x9\best.pt,p1_win,0.0,79
934,runs\models_9x9\best.pt,runs\models_9x9\checkpoints\cycle_0186.pt,runs\models_9x9\checkpoints\cycle_0186.pt,runs\models_9x9\best.pt,p1_win,0.0,71
935,runs\models_9x9\best.pt,runs\models_9x9\checkpoints\cycle_0186.pt,runs\models_9x9\best.pt,runs\models_9x9\checkpoints\cycle_0186.pt,p1_win,1.0,71
936,runs\models_9x9\best.pt,runs\models_9x9\checkpoints\cycle_0186.pt,runs\models_9x9\checkpoints\cycle_0186.pt,runs\models_9x9\best.pt,p2_win,1.0,72
937,runs\models_9x9\best.pt,runs\models_9x9\checkpoints\cycle_0186.pt,runs\models_9x9\best.pt,runs\models_9x9\checkpoints\cycle_0186.pt,p2_win,0.0,82
938,runs\models_9x9\best.pt,runs\models_9x9\checkpoints\cycle_0186.pt,runs\models_9x9\best.pt,runs\models_9x9\checkpoints\cycle_0186.pt,p1_win,1.0,81
939,runs\models_9x9\best.pt,runs\models_9x9\checkpoints\cycle_0186.pt,runs\models_9x9\checkpoints\cycle_0186.pt,runs\models_9x9\best.pt,p1_win,0.0,75
940,runs\models_9x9\best.pt,runs\models_9x9\checkpoints\cycle_0186.pt,runs\models_9x9\checkpoints\cycle_0186.pt,runs\models_9x9\best.pt,p1_win,0.0,75
941,runs\models_9x9\best.pt,runs\models_9x9\checkpoints\cycle_0186.pt,runs\models_9x9\best.pt,runs\models_9x9\checkpoints\cycle_0186.pt,p1_win,1.0,73
942,runs\models_9x9\best.pt,runs\models_9x9\checkpoints\cycle_0186.pt,runs\models_9x9\best.pt,runs\models_9x9\checkpoints\cycle_0186.pt,p1_win,1.0,81
943,runs\models_9x9\best.pt,runs\models_9x9\checkpoints\cycle_0186.pt,runs\models_9x9\best.pt,runs\models_9x9\checkpoints\cycle_0186.pt,p1_win,1.0,81
944,runs\models_9x9\best.pt,runs\models_9x9\checkpoints\cycle_0186.pt,runs\models_9x9\checkpoints\cycle_0186.pt,runs\models_9x9\best.pt,p2_win,1.0,72
945,runs\models_9x9\best.pt,runs\models_9x9\checkpoints\cycle_0186.pt,runs\models_9x9\best.pt,runs\models_9x9\checkpoints\cycle_0186.pt,p1_win,1.0,71
946,runs\models_9x9\best.pt,runs\models_9x9\checkpoints\cycle_0186.pt,runs\models_9x9\best.pt,runs\models_9x9\checkpoints\cycle_0186.pt,p1_win,1.0,71
947,runs\models_9x9\best.pt,runs\models_9x9\checkpoints\cycle_0186.pt,runs\models_9x9\checkpoints\cycle_0186.pt,runs\models_9x9\best.pt,p2_win,1.0,76
948,runs\models_9x9\best.pt,runs\models_9x9\checkpoints\cycle_0186.pt,runs\models_9x9\checkpoints\cycle_0186.pt,runs\models_9x9\best.pt,p1_win,0.0,73
949,runs\models_9x9\best.pt,runs\models_9x9\checkpoints\cycle_0186.pt,runs\models_9x9\best.pt,runs\models_9x9\checkpoints\cycle_0186.pt,p1_win,1.0,71
950,runs\models_9x9\best.pt,runs\models_9x9\checkpoints\cycle_0186.pt,runs\models_9x9\best.pt,runs\models_9x9\checkpoints\cycle_0186.pt,p1_win,1.0,75
951,runs\models_9x9\best.pt,runs\models_9x9\checkpoints\cycle_0186.pt,runs\models_9x9\checkpoints\cycle_0186.pt,runs\models_9x9\best.pt,p1_win,0.0,79
952,runs\models_9x9\best.pt,runs\models_9x9\checkpoints\cycle_0186.pt,runs\models_9x9\best.pt,runs\models_9x9\checkpoints\cycle_0186.pt,p1_win,1.0,73
953,runs\models_9x9\best.pt,runs\models_9x9\checkpoints\cycle_0186.pt,runs\models_9x9\best.pt,runs\models_9x9\checkpoints\cycle_0186.pt,p1_win,1.0,71
954,runs\models_9x9\best.pt,runs\models_9x9\checkpoints\cycle_0186.pt,runs\models_9x9\best.pt,runs\models_9x9\checkpoints\cycle_0186.pt,p1_win,1.0,71
955,runs\models_9x9\best.pt,runs\models_9x9\checkpoints\cycle_0186.pt,runs\models_9x9\checkpoints\cycle_0186.pt,runs\models_9x9\best.pt,p1_win,0.0,73
956,runs\models_9x9\best.pt,runs\models_9x9\checkpoints\cycle_0186.pt,runs\models_9x9\best.pt,runs\models_9x9\checkpoints\cycle_0186.pt,p1_win,1.0,79
957,runs\models_9x9\best.pt,runs\models_9x9\checkpoints\cycle_0186.pt,runs\models_9x9\best.pt,runs\models_9x9\checkpoints\cycle_0186.pt,p1_win,1.0,77
958,runs\models_9x9\best.pt,runs\models_9x9\checkpoints\cycle_0186.pt,runs\models_9x9\best.pt,runs\models_9x9\checkpoints\cycle_0186.pt,p1_win,1.0,73
959,runs\models_9x9\best.pt,runs\models_9x9\checkpoints\cycle_0186.pt,runs\models_9x9\checkpoints\cycle_0186.pt,runs\models_9x9\best.pt,p1_win,0.0,71
960,runs\models_9x9\best.pt,runs\models_9x9\checkpoints\cycle_0186.pt,runs\models_9x9\best.pt,runs\models_9x9\checkpoints\cycle_0186.pt,p1_win,1.0,71
961,runs\models_9x9\best.pt,runs\models_9x9\checkpoints\cycle_0186.pt,runs\models_9x9\best.pt,runs\models_9x9\checkpoints\cycle_0186.pt,p1_win,1.0,71
962,runs\models_9x9\best.pt,runs\models_9x9\checkpoints\cycle_0186.pt,runs\models_9x9\best.pt,runs\models_9x9\checkpoints\cycle_0186.pt,p1_win,1.0,71
963,runs\models_9x9\best.pt,runs\models_9x9\checkpoints\cycle_0186.pt,runs\models_9x9\best.pt,runs\models_9x9\checkpoints\cycle_0186.pt,p1_win,1.0,71
964,runs\models_9x9\best.pt,runs\models_9x9\checkpoints\cycle_0186.pt,runs\models_9x9\best.pt,runs\models_9x9\checkpoints\cycle_0186.pt,p1_win,1.0,71
965,runs\models_9x9\best.pt,runs\models_9x9\checkpoints\cycle_0186.pt,runs\models_9x9\best.pt,runs\models_9x9\checkpoints\cycle_0186.pt,p1_win,1.0,79
966,runs\models_9x9\best.pt,runs\models_9x9\checkpoints\cycle_0186.pt,runs\models_9x9\checkpoints\cycle_0186.pt,runs\models_9x9\best.pt,p1_win,0.0,75
967,runs\models_9x9\best.pt,runs\models_9x9\checkpoints\cycle_0186.pt,runs\models_9x9\best.pt,runs\models_9x9\checkpoints\cycle_0186.pt,p1_win,1.0,87
968,runs\models_9x9\best.pt,runs\models_9x9\checkpoints\cycle_0186.pt,runs\models_9x9\checkpoints\cycle_0186.pt,runs\models_9x9\best.pt,p2_win,1.0,74
969,runs\models_9x9\best.pt,runs\models_9x9\checkpoints\cycle_0186.pt,runs\models_9x9\best.pt,runs\models_9x9\checkpoints\cycle_0186.pt,p1_win,1.0,73
970,runs\models_9x9\best.pt,runs\models_9x9\checkpoints\cycle_0186.pt,runs\models_9x9\best.pt,runs\models_9x9\checkpoints\cycle_0186.pt,p1_win,1.0,75
971,runs\models_9x9\best.pt,runs\models_9x9\checkpoints\cycle_0186.pt,runs\models_9x9\best.pt,runs\models_9x9\checkpoints\cycle_0186.pt,p1_win,1.0,73
972,runs\models_9x9\best.pt,runs\models_9x9\checkpoints\cycle_0186.pt,runs\models_9x9\best.pt,runs\models_9x9\checkpoints\cycle_0186.pt,p1_win,1.0,75
973,runs\models_9x9\best.pt,runs\models_9x9\checkpoints\cycle_0186.pt,runs\models_9x9\best.pt,runs\models_9x9\checkpoints\cycle_0186.pt,p1_win,1.0,77
974,runs\models_9x9\best.pt,runs\models_9x9\checkpoints\cycle_0186.pt,runs\models_9x9\checkpoints\cycle_0186.pt,runs\models_9x9\best.pt,p1_win,0.0,79
975,runs\models_9x9\best.pt,runs\models_9x9\checkpoints\cycle_0186.pt,runs\models_9x9\best.pt,runs\models_9x9\checkpoints\cycle_0186.pt,p1_win,1.0,73
976,runs\models_9x9\best.pt,runs\models_9x9\checkpoints\cycle_0186.pt,runs\models_9x9\best.pt,runs\models_9x9\checkpoints\cycle_0186.pt,p1_win,1.0,79
977,runs\models_9x9\best.pt,runs\models_9x9\checkpoints\cycle_0186.pt,runs\models_9x9\best.pt,runs\models_9x9\checkpoints\cycle_0186.pt,p1_win,1.0,73
978,runs\models_9x9\best.pt,runs\models_9x9\checkpoints\cycle_0186.pt,runs\models_9x9\best.pt,runs\models_9x9\checkpoints\cycle_0186.pt,p1_win,1.0,75
979,runs\models_9x9\best.pt,runs\models_9x9\checkpoints\cycle_0186.pt,runs\models_9x9\best.pt,runs\models_9x9\checkpoints\cycle_0186.pt,p1_win,1.0,71
980,runs\models_9x9\best.pt,runs\models_9x9\checkpoints\cycle_0186.pt,runs\models_9x9\checkpoints\cycle_0186.pt,runs\models_9x9\best.pt,p1_win,0.0,79
981,runs\models_9x9\best.pt,runs\models_9x9\checkpoints\cycle_0186.pt,runs\models_9x9\best.pt,runs\models_9x9\checkpoints\cycle_0186.pt,p1_win,1.0,87
982,runs\models_9x9\best.pt,runs\models_9x9\checkpoints\cycle_0186.pt,runs\models_9x9\best.pt,runs\models_9x9\checkpoints\cycle_0186.pt,p1_win,1.0,71
983,runs\models_9x9\best.pt,runs\models_9x9\checkpoints\cycle_0186.pt,runs\models_9x9\best.pt,runs\models_9x9\checkpoints\cycle_0186.pt,p1_win,1.0,73
984,runs\models_9x9\best.pt,runs\models_9x9\checkpoints\cycle_0186.pt,runs\models_9x9\best.pt,runs\models_9x9\checkpoints\cycle_0186.pt,p1_win,1.0,73
985,runs\models_9x9\best.pt,runs\models_9x9\checkpoints\cycle_0186.pt,runs\models_9x9\checkpoints\cycle_0186.pt,runs\models_9x9\best.pt,p1_win,0.0,71
986,runs\models_9x9\best.pt,runs\models_9x9\checkpoints\cycle_0186.pt,runs\models_9x9\best.pt,runs\models_9x9\checkpoints\cycle_0186.pt,p1_win,1.0,73
987,runs\models_9x9\best.pt,runs\models_9x9\checkpoints\cycle_0186.pt,runs\models_9x9\best.pt,runs\models_9x9\checkpoints\cycle_0186.pt,p1_win,1.0,73
988,runs\models_9x9\best.pt,runs\models_9x9\checkpoints\cycle_0186.pt,runs\models_9x9\best.pt,runs\models_9x9\checkpoints\cycle_0186.pt,p1_win,1.0,73
989,runs\models_9x9\best.pt,runs\models_9x9\checkpoints\cycle_0186.pt,runs\models_9x9\best.pt,runs\models_9x9\checkpoints\cycle_0186.pt,p1_win,1.0,73
990,runs\models_9x9\best.pt,runs\models_9x9\checkpoints\cycle_0186.pt,runs\models_9x9\best.pt,runs\models_9x9\checkpoints\cycle_0186.pt,p1_win,1.0,71
991,runs\models_9x9\best.pt,runs\models_9x9\checkpoints\cycle_0186.pt,runs\models_9x9\checkpoints\cycle_0186.pt,runs\models_9x9\best.pt,p1_win,0.0,81
992,runs\models_9x9\best.pt,runs\models_9x9\checkpoints\cycle_0186.pt,runs\models_9x9\best.pt,runs\models_9x9\checkpoints\cycle_0186.pt,p1_win,1.0,71
993,runs\models_9x9\best.pt,runs\models_9x9\checkpoints\cycle_0186.pt,runs\models_9x9\best.pt,runs\models_9x9\checkpoints\cycle_0186.pt,p1_win,1.0,79
994,runs\models_9x9\best.pt,runs\models_9x9\checkpoints\cycle_0186.pt,runs\models_9x9\best.pt,runs\models_9x9\checkpoints\cycle_0186.pt,p1_win,1.0,73
995,runs\models_9x9\best.pt,runs\models_9x9\checkpoints\cycle_0186.pt,runs\models_9x9\best.pt,runs\models_9x9\checkpoints\cycle_0186.pt,p1_win,1.0,79
996,runs\models_9x9\best.pt,runs\models_9x9\checkpoints\cycle_0186.pt,runs\models_9x9\best.pt,runs\models_9x9\checkpoints\cycle_0186.pt,p1_win,1.0,71
997,runs\models_9x9\best.pt,runs\models_9x9\checkpoints\cycle_0186.pt,runs\models_9x9\best.pt,runs\models_9x9\checkpoints\cycle_0186.pt,p1_win,1.0,81
998,runs\models_9x9\best.pt,runs\models_9x9\checkpoints\cycle_0186.pt,runs\models_9x9\best.pt,runs\models_9x9\checkpoints\cycle_0186.pt,p1_win,1.0,79
999,runs\models_9x9\best.pt,runs\models_9x9\checkpoints\cycle_0186.pt,runs\models_9x9\best.pt,runs\models_9x9\checkpoints\cycle_0186.pt,p1_win,1.0,75
1000,runs\models_9x9\best.pt,runs\models_9x9\checkpoints\cycle_0186.pt,runs\models_9x9\best.pt,runs\models_9x9\checkpoints\cycle_0186.pt,p1_win,1.0,73
1001,runs\models_9x9\best.pt,runs\models_9x9\checkpoints\cycle_0186.pt,runs\models_9x9\best.pt,runs\models_9x9\checkpoints\cycle_0186.pt,p1_win,1.0,75
1002,runs\models_9x9\best.pt,runs\models_9x9\checkpoints\cycle_0186.pt,runs\models_9x9\checkpoints\cycle_0186.pt,runs\models_9x9\best.pt,p2_win,1.0,72
1003,runs\models_9x9\best.pt,runs\models_9x9\checkpoints\cycle_0186.pt,runs\models_9x9\best.pt,runs\models_9x9\checkpoints\cycle_0186.pt,p1_win,1.0,75
1004,runs\models_9x9\best.pt,runs\models_9x9\checkpoints\cycle_0186.pt,runs\models_9x9\best.pt,runs\models_9x9\checkpoints\cycle_0186.pt,p1_win,1.0,73
1005,runs\models_9x9\best.pt,runs\models_9x9\checkpoints\cycle_0186.pt,runs\models_9x9\best.pt,runs\models_9x9\checkpoints\cycle_0186.pt,p1_win,1.0,81
1006,runs\models_9x9\best.pt,runs\models_9x9\checkpoints\cycle_0186.pt,runs\models_9x9\best.pt,runs\models_9x9\checkpoints\cycle_0186.pt,p1_win,1.0,75
1007,runs\models_9x9\best.pt,runs\models_9x9\checkpoints\cycle_0186.pt,runs\models_9x9\checkpoints\cycle_0186.pt,runs\models_9x9\best.pt,p2_win,1.0,84
1008,runs\models_9x9\best.pt,runs\models_9x9\checkpoints\cycle_0186.pt,runs\models_9x9\best.pt,runs\models_9x9\checkpoints\cycle_0186.pt,p1_win,1.0,73
1009,runs\models_9x9\best.pt,runs\models_9x9\checkpoints\cycle_0186.pt,runs\models_9x9\checkpoints\cycle_0186.pt,runs\models_9x9\best.pt,p1_win,0.0,77
1010,runs\models_9x9\best.pt,runs\models_9x9\checkpoints\cycle_0186.pt,runs\models_9x9\best.pt,runs\models_9x9\checkpoints\cycle_0186.pt,p1_win,1.0,71
1011,runs\models_9x9\best.pt,runs\models_9x9\checkpoints\cycle_0186.pt,runs\models_9x9\best.pt,runs\models_9x9\checkpoints\cycle_0186.pt,p1_win,1.0,79
1012,runs\models_9x9\best.pt,runs\models_9x9\checkpoints\cycle_0186.pt,runs\models_9x9\best.pt,runs\models_9x9\checkpoints\cycle_0186.pt,p1_win,1.0,81
1013,runs\models_9x9\best.pt,runs\models_9x9\checkpoints\cycle_0186.pt,runs\models_9x9\checkpoints\cycle_0186.pt,runs\models_9x9\best.pt,p2_win,1.0,76
1014,runs\models_9x9\best.pt,runs\models_9x9\checkpoints\cycle_0186.pt,runs\models_9x9\checkpoints\cycle_0186.pt,runs\models_9x9\best.pt,p2_win,1.0,80
1015,runs\models_9x9\best.pt,runs\models_9x9\checkpoints\cycle_0186.pt,runs\models_9x9\best.pt,runs\models_9x9\checkpoints\cycle_0186.pt,p1_win,1.0,75
1016,runs\models_9x9\best.pt,runs\models_9x9\checkpoints\cycle_0186.pt,runs\models_9x9\checkpoints\cycle_0186.pt,runs\models_9x9\best.pt,p2_win,1.0,78
1017,runs\models_9x9\best.pt,runs\models_9x9\checkpoints\cycle_0186.pt,runs\models_9x9\best.pt,runs\models_9x9\checkpoints\cycle_0186.pt,p1_win,1.0,73
1018,runs\models_9x9\best.pt,runs\models_9x9\checkpoints\cycle_0186.pt,runs\models_9x9\best.pt,runs\models_9x9\checkpoints\cycle_0186.pt,p1_win,1.0,73
1019,runs\models_9x9\best.pt,runs\models_9x9\checkpoints\cycle_0186.pt,runs\models_9x9\best.pt,runs\models_9x9\checkpoints\cycle_0186.pt,p1_win,1.0,71
1020,runs\models_9x9\best.pt,runs\models_9x9\checkpoints\cycle_0186.pt,runs\models_9x9\best.pt,runs\models_9x9\checkpoints\cycle_0186.pt,p1_win,1.0,73
1021,runs\models_9x9\best.pt,runs\models_9x9\checkpoints\cycle_0186.pt,runs\models_9x9\checkpoints\cycle_0186.pt,runs\models_9x9\best.pt,p2_win,1.0,72
1022,runs\models_9x9\best.pt,runs\models_9x9\checkpoints\cycle_0186.pt,runs\models_9x9\best.pt,runs\models_9x9\checkpoints\cycle_0186.pt,p1_win,1.0,73
1023,runs\models_9x9\best.pt,runs\models_9x9\checkpoints\cycle_0186.pt,runs\models_9x9\best.pt,runs\models_9x9\checkpoints\cycle_0186.pt,p1_win,1.0,75
1024,runs\models_9x9\best.pt,runs\models_9x9\checkpoints\cycle_0186.pt,runs\models_9x9\best.pt,runs\models_9x9\checkpoints\cycle_0186.pt,p1_win,1.0,75
1025,runs\models_9x9\best.pt,runs\models_9x9\checkpoints\cycle_0186.pt,runs\models_9x9\best.pt,runs\models_9x9\checkpoints\cycle_0186.pt,p1_win,1.0,73
1026,runs\models_9x9\best.pt,runs\models_9x9\checkpoints\cycle_0186.pt,runs\models_9x9\checkpoints\cycle_0186.pt,runs\models_9x9\best.pt,p1_win,0.0,77
1027,runs\models_9x9\best.pt,runs\models_9x9\checkpoints\cycle_0186.pt,runs\models_9x9\best.pt,runs\models_9x9\checkpoints\cycle_0186.pt,p1_win,1.0,73
1028,runs\models_9x9\best.pt,runs\models_9x9\checkpoints\cycle_0186.pt,runs\models_9x9\best.pt,runs\models_9x9\checkpoints\cycle_0186.pt,p1_win,1.0,79
1029,runs\models_9x9\best.pt,runs\models_9x9\checkpoints\cycle_0186.pt,runs\models_9x9\checkpoints\cycle_0186.pt,runs\models_9x9\best.pt,p1_win,0.0,77
1030,runs\models_9x9\best.pt,runs\models_9x9\checkpoints\cycle_0186.pt,runs\models_9x9\checkpoints\cycle_0186.pt,runs\models_9x9\best.pt,p2_win,1.0,84
1031,runs\models_9x9\best.pt,runs\models_9x9\checkpoints\cycle_0186.pt,runs\models_9x9\best.pt,runs\models_9x9\checkpoints\cycle_0186.pt,p1_win,1.0,81
1032,runs\models_9x9\best.pt,runs\models_9x9\checkpoints\cycle_0186.pt,runs\models_9x9\best.pt,runs\models_9x9\checkpoints\cycle_0186.pt,p1_win,1.0,73
1033,runs\models_9x9\best.pt,runs\models_9x9\checkpoints\cycle_0186.pt,runs\models_9x9\best.pt,runs\models_9x9\checkpoints\cycle_0186.pt,p1_win,1.0,71
1034,runs\models_9x9\best.pt,runs\models_9x9\checkpoints\cycle_0186.pt,runs\models_9x9\checkpoints\cycle_0186.pt,runs\models_9x9\best.pt,p1_win,0.0,75
1035,runs\models_9x9\best.pt,runs\models_9x9\checkpoints\cycle_0186.pt,runs\models_9x9\best.pt,runs\models_9x9\checkpoints\cycle_0186.pt,p1_win,1.0,73
1036,runs\models_9x9\best.pt,runs\models_9x9\checkpoints\cycle_0186.pt,runs\models_9x9\best.pt,runs\models_9x9\checkpoints\cycle_0186.pt,p1_win,1.0,73
1037,runs\models_9x9\best.pt,runs\models_9x9\checkpoints\cycle_0186.pt,runs\models_9x9\best.pt,runs\models_9x9\checkpoints\cycle_0186.pt,p1_win,1.0,71
1038,runs\models_9x9\best.pt,runs\models_9x9\checkpoints\cycle_0186.pt,runs\models_9x9\checkpoints\cycle_0186.pt,runs\models_9x9\best.pt,p2_win,1.0,74
1039,runs\models_9x9\best.pt,runs\models_9x9\checkpoints\cycle_0186.pt,runs\models_9x9\best.pt,runs\models_9x9\checkpoints\cycle_0186.pt,p1_win,1.0,75
1040,runs\models_9x9\best.pt,runs\models_9x9\checkpoints\cycle_0186.pt,runs\models_9x9\best.pt,runs\models_9x9\checkpoints\cycle_0186.pt,p1_win,1.0,79
1041,runs\models_9x9\best.pt,runs\models_9x9\checkpoints\cycle_0186.pt,runs\models_9x9\best.pt,runs\models_9x9\checkpoints\cycle_0186.pt,p1_win,1.0,75
1042,runs\models_9x9\best.pt,runs\models_9x9\checkpoints\cycle_0186.pt,runs\models_9x9\best.pt,runs\models_9x9\checkpoints\cycle_0186.pt,p1_win,1.0,75
1043,runs\models_9x9\best.pt,runs\models_9x9\checkpoints\cycle_0186.pt,runs\models_9x9\best.pt,runs\models_9x9\checkpoints\cycle_0186.pt,p1_win,1.0,73
1044,runs\models_9x9\best.pt,runs\models_9x9\checkpoints\cycle_0186.pt,runs\models_9x9\best.pt,runs\models_9x9\checkpoints\cycle_0186.pt,p1_win,1.0,73
1045,runs\models_9x9\best.pt,runs\models_9x9\checkpoints\cycle_0186.pt,runs\models_9x9\checkpoints\cycle_0186.pt,runs\models_9x9\best.pt,p1_win,0.0,75
1046,runs\models_9x9\best.pt,runs\models_9x9\checkpoints\cycle_0186.pt,runs\models_9x9\checkpoints\cycle_0186.pt,runs\models_9x9\best.pt,p2_win,1.0,74
1047,runs\models_9x9\best.pt,runs\models_9x9\checkpoints\cycle_0186.pt,runs\models_9x9\best.pt,runs\models_9x9\checkpoints\cycle_0186.pt,p1_win,1.0,73
1048,runs\models_9x9\best.pt,runs\models_9x9\checkpoints\cycle_0186.pt,runs\models_9x9\best.pt,runs\models_9x9\checkpoints\cycle_0186.pt,p1_win,1.0,79
1049,runs\models_9x9\best.pt,runs\models_9x9\checkpoints\cycle_0186.pt,runs\models_9x9\best.pt,runs\models_9x9\checkpoints\cycle_0186.pt,p1_win,1.0,71
1050,runs\models_9x9\best.pt,runs\models_9x9\checkpoints\cycle_0186.pt,runs\models_9x9\checkpoints\cycle_0186.pt,runs\models_9x9\best.pt,p2_win,1.0,72
1051,runs\models_9x9\best.pt,runs\models_9x9\checkpoints\cycle_0186.pt,runs\models_9x9\checkpoints\cycle_0186.pt,runs\models_9x9\best.pt,p1_win,0.0,83
1052,runs\models_9x9\best.pt,runs\models_9x9\checkpoints\cycle_0186.pt,runs\models_9x9\best.pt,runs\models_9x9\checkpoints\cycle_0186.pt,p1_win,1.0,75
1053,runs\models_9x9\best.pt,runs\models_9x9\checkpoints\cycle_0186.pt,runs\models_9x9\checkpoints\cycle_0186.pt,runs\models_9x9\best.pt,p2_win,1.0,82
1054,runs\models_9x9\best.pt,runs\models_9x9\checkpoints\cycle_0186.pt,runs\models_9x9\best.pt,runs\models_9x9\checkpoints\cycle_0186.pt,p1_win,1.0,85
1055,runs\models_9x9\best.pt,runs\models_9x9\checkpoints\cycle_0186.pt,runs\models_9x9\checkpoints\cycle_0186.pt,runs\models_9x9\best.pt,p1_win,0.0,81
1056,runs\models_9x9\best.pt,runs\models_9x9\checkpoints\cycle_0186.pt,runs\models_9x9\best.pt,runs\models_9x9\checkpoints\cycle_0186.pt,p1_win,1.0,85
1057,runs\models_9x9\best.pt,runs\models_9x9\checkpoints\cycle_0186.pt,runs\models_9x9\best.pt,runs\models_9x9\checkpoints\cycle_0186.pt,p1_win,1.0,73
1058,runs\models_9x9\best.pt,runs\models_9x9\checkpoints\cycle_0186.pt,runs\models_9x9\best.pt,runs\models_9x9\checkpoints\cycle_0186.pt,p1_win,1.0,75
1059,runs\models_9x9\best.pt,runs\models_9x9\checkpoints\cycle_0186.pt,runs\models_9x9\best.pt,runs\models_9x9\checkpoints\cycle_0186.pt,p1_win,1.0,83
1060,runs\models_9x9\best.pt,runs\models_9x9\checkpoints\cycle_0186.pt,runs\models_9x9\checkpoints\cycle_0186.pt,runs\models_9x9\best.pt,p1_win,0.0,77
1061,runs\models_9x9\best.pt,runs\models_9x9\checkpoints\cycle_0186.pt,runs\models_9x9\checkpoints\cycle_0186.pt,runs\models_9x9\best.pt,p1_win,0.0,75
1062,runs\models_9x9\best.pt,runs\models_9x9\checkpoints\cycle_0186.pt,runs\models_9x9\best.pt,runs\models_9x9\checkpoints\cycle_0186.pt,p1_win,1.0,73
1063,runs\models_9x9\best.pt,runs\models_9x9\checkpoints\cycle_0186.pt,runs\models_9x9\checkpoints\cycle_0186.pt,runs\models_9x9\best.pt,p2_win,1.0,72
1064,runs\models_9x9\best.pt,runs\models_9x9\checkpoints\cycle_0186.pt,runs\models_9x9\checkpoints\cycle_0186.pt,runs\models_9x9\best.pt,p1_win,0.0,85
1065,runs\models_9x9\best.pt,runs\models_9x9\checkpoints\cycle_0186.pt,runs\models_9x9\best.pt,runs\models_9x9\checkpoints\cycle_0186.pt,p1_win,1.0,81
1066,runs\models_9x9\best.pt,runs\models_9x9\checkpoints\cycle_0186.pt,runs\models_9x9\checkpoints\cycle_0186.pt,runs\models_9x9\best.pt,p1_win,0.0,75
1067,runs\models_9x9\best.pt,runs\models_9x9\checkpoints\cycle_0186.pt,runs\models_9x9\best.pt,runs\models_9x9\checkpoints\cycle_0186.pt,p1_win,1.0,81
1068,runs\models_9x9\best.pt,runs\models_9x9\checkpoints\cycle_0186.pt,runs\models_9x9\best.pt,runs\models_9x9\checkpoints\cycle_0186.pt,p1_win,1.0,71
1069,runs\models_9x9\best.pt,runs\models_9x9\checkpoints\cycle_0186.pt,runs\models_9x9\best.pt,runs\models_9x9\checkpoints\cycle_0186.pt,p1_win,1.0,75
1070,runs\models_9x9\best.pt,runs\models_9x9\checkpoints\cycle_0186.pt,runs\models_9x9\best.pt,runs\models_9x9\checkpoints\cycle_0186.pt,p1_win,1.0,75
1071,runs\models_9x9\best.pt,runs\models_9x9\checkpoints\cycle_0186.pt,runs\models_9x9\best.pt,runs\models_9x9\checkpoints\cycle_0186.pt,p1_win,1.0,85
1072,runs\models_9x9\best.pt,runs\models_9x9\checkpoints\cycle_0186.pt,runs\models_9x9\best.pt,runs\models_9x9\checkpoints\cycle_0186.pt,p2_win,0.0,86
1073,runs\models_9x9\best.pt,runs\models_9x9\checkpoints\cycle_0186.pt,runs\models_9x9\best.pt,runs\models_9x9\checkpoints\cycle_0186.pt,p1_win,1.0,75
1074,runs\models_9x9\best.pt,runs\models_9x9\checkpoints\cycle_0186.pt,runs\models_9x9\checkpoints\cycle_0186.pt,runs\models_9x9\best.pt,p1_win,0.0,89
1075,runs\models_9x9\best.pt,runs\models_9x9\checkpoints\cycle_0186.pt,runs\models_9x9\best.pt,runs\models_9x9\checkpoints\cycle_0186.pt,p1_win,1.0,81
1076,runs\models_9x9\best.pt,runs\models_9x9\checkpoints\cycle_0186.pt,runs\models_9x9\best.pt,runs\models_9x9\checkpoints\cycle_0186.pt,p1_win,1.0,73
1077,runs\models_9x9\best.pt,runs\models_9x9\checkpoints\cycle_0186.pt,runs\models_9x9\best.pt,runs\models_9x9\checkpoints\cycle_0186.pt,p1_win,1.0,73
1078,runs\models_9x9\best.pt,runs\models_9x9\checkpoints\cycle_0186.pt,runs\models_9x9\checkpoints\cycle_0186.pt,runs\models_9x9\best.pt,p1_win,0.0,83
1079,runs\models_9x9\best.pt,runs\models_9x9\checkpoints\cycle_0186.pt,runs\models_9x9\best.pt,runs\models_9x9\checkpoints\cycle_0186.pt,p1_win,1.0,81
1080,runs\models_9x9\best.pt,runs\models_9x9\checkpoints\cycle_0186.pt,runs\models_9x9\best.pt,runs\models_9x9\checkpoints\cycle_0186.pt,p1_win,1.0,73
1081,runs\models_9x9\best.pt,runs\models_9x9\checkpoints\cycle_0186.pt,runs\models_9x9\best.pt,runs\models_9x9\checkpoints\cycle_0186.pt,p1_win,1.0,75
1082,runs\models_9x9\best.pt,runs\models_9x9\checkpoints\cycle_0186.pt,runs\models_9x9\checkpoints\cycle_0186.pt,runs\models_9x9\best.pt,p1_win,0.0,85
1083,runs\models_9x9\best.pt,runs\models_9x9\checkpoints\cycle_0186.pt,runs\models_9x9\checkpoints\cycle_0186.pt,runs\models_9x9\best.pt,p1_win,0.0,85
1084,runs\models_9x9\best.pt,runs\models_9x9\checkpoints\cycle_0186.pt,runs\models_9x9\checkpoints\cycle_0186.pt,runs\models_9x9\best.pt,p1_win,0.0,85
1085,runs\models_9x9\best.pt,runs\models_9x9\checkpoints\cycle_0186.pt,runs\models_9x9\checkpoints\cycle_0186.pt,runs\models_9x9\best.pt,p1_win,0.0,85
1086,runs\models_9x9\best.pt,runs\models_9x9\checkpoints\cycle_0186.pt,runs\models_9x9\checkpoints\cycle_0186.pt,runs\models_9x9\best.pt,p2_win,1.0,76
1087,runs\models_9x9\best.pt,runs\models_9x9\checkpoints\cycle_0186.pt,runs\models_9x9\best.pt,runs\models_9x9\checkpoints\cycle_0186.pt,p1_win,1.0,75
1088,runs\models_9x9\best.pt,runs\models_9x9\checkpoints\cycle_0186.pt,runs\models_9x9\checkpoints\cycle_0186.pt,runs\models_9x9\best.pt,p1_win,0.0,85
1089,runs\models_9x9\best.pt,runs\models_9x9\checkpoints\cycle_0186.pt,runs\models_9x9\checkpoints\cycle_0186.pt,runs\models_9x9\best.pt,p1_win,0.0,85
1090,runs\models_9x9\best.pt,runs\models_9x9\checkpoints\cycle_0186.pt,runs\models_9x9\best.pt,runs\models_9x9\checkpoints\cycle_0186.pt,p1_win,1.0,75
1091,runs\models_9x9\best.pt,runs\models_9x9\checkpoints\cycle_0186.pt,runs\models_9x9\best.pt,runs\models_9x9\checkpoints\cycle_0186.pt,p1_win,1.0,75
1092,runs\models_9x9\best.pt,runs\models_9x9\checkpoints\cycle_0186.pt,runs\models_9x9\best.pt,runs\models_9x9\checkpoints\cycle_0186.pt,p1_win,1.0,75
1093,runs\models_9x9\best.pt,runs\models_9x9\checkpoints\cycle_0186.pt,runs\models_9x9\checkpoints\cycle_0186.pt,runs\models_9x9\best.pt,p1_win,0.0,85
1094,runs\models_9x9\best.pt,runs\models_9x9\checkpoints\cycle_0186.pt,runs\models_9x9\checkpoints\cycle_0186.pt,runs\models_9x9\best.pt,p1_win,0.0,71
1095,runs\models_9x9\best.pt,runs\models_9x9\checkpoints\cycle_0186.pt,runs\models_9x9\checkpoints\cycle_0186.pt,runs\models_9x9\best.pt,p1_win,0.0,85
1096,runs\models_9x9\best.pt,runs\models_9x9\checkpoints\cycle_0186.pt,runs\models_9x9\checkpoints\cycle_0186.pt,runs\models_9x9\best.pt,p1_win,0.0,85
1097,runs\models_9x9\best.pt,runs\models_9x9\checkpoints\cycle_0186.pt,runs\models_9x9\checkpoints\cycle_0186.pt,runs\models_9x9\best.pt,p1_win,0.0,81
1098,runs\models_9x9\best.pt,runs\models_9x9\checkpoints\cycle_0186.pt,runs\models_9x9\best.pt,runs\models_9x9\checkpoints\cycle_0186.pt,p1_win,1.0,75
1099,runs\models_9x9\best.pt,runs\models_9x9\checkpoints\cycle_0186.pt,runs\models_9x9\best.pt,runs\models_9x9\checkpoints\cycle_0186.pt,p1_win,1.0,75
1100,runs\models_9x9\best.pt,runs\models_9x9\checkpoints\cycle_0186.pt,runs\models_9x9\best.pt,runs\models_9x9\checkpoints\cycle_0186.pt,p1_win,1.0,75
1101,runs\models_9x9\best.pt,runs\models_9x9\checkpoints\cycle_0186.pt,runs\models_9x9\checkpoints\cycle_0186.pt,runs\models_9x9\best.pt,p1_win,0.0,85
1102,runs\models_9x9\best.pt,runs\models_9x9\checkpoints\cycle_0186.pt,runs\models_9x9\best.pt,runs\models_9x9\checkpoints\cycle_0186.pt,p1_win,1.0,73
1103,runs\models_9x9\best.pt,runs\models_9x9\checkpoints\cycle_0186.pt,runs\models_9x9\checkpoints\cycle_0186.pt,runs\models_9x9\best.pt,p1_win,0.0,85
1104,runs\models_9x9\best.pt,runs\models_9x9\checkpoints\cycle_0186.pt,runs\models_9x9\checkpoints\cycle_0186.pt,runs\models_9x9\best.pt,p1_win,0.0,85
1105,runs\models_9x9\best.pt,runs\models_9x9\checkpoints\cycle_0186.pt,runs\models_9x9\checkpoints\cycle_0186.pt,runs\models_9x9\best.pt,p1_win,0.0,85
1106,runs\models_9x9\best.pt,runs\models_9x9\checkpoints\cycle_0186.pt,runs\models_9x9\checkpoints\cycle_0186.pt,runs\models_9x9\best.pt,p1_win,0.0,85
1107,runs\models_9x9\best.pt,runs\models_9x9\checkpoints\cycle_0186.pt,runs\models_9x9\checkpoints\cycle_0186.pt,runs\models_9x9\best.pt,p1_win,0.0,85
1108,runs\models_9x9\best.pt,runs\models_9x9\checkpoints\cycle_0186.pt,runs\models_9x9\checkpoints\cycle_0186.pt,runs\models_9x9\best.pt,p1_win,0.0,85
1109,runs\models_9x9\best.pt,runs\models_9x9\checkpoints\cycle_0186.pt,runs\models_9x9\checkpoints\cycle_0186.pt,runs\models_9x9\best.pt,p1_win,0.0,85
1110,runs\models_9x9\best.pt,runs\models_9x9\checkpoints\cycle_0186.pt,runs\models_9x9\checkpoints\cycle_0186.pt,runs\models_9x9\best.pt,p2_win,1.0,72
1111,runs\models_9x9\best.pt,runs\models_9x9\checkpoints\cycle_0186.pt,runs\models_9x9\best.pt,runs\models_9x9\checkpoints\cycle_0186.pt,p1_win,1.0,87
1112,runs\models_9x9\best.pt,runs\models_9x9\checkpoints\cycle_0186.pt,runs\models_9x9\checkpoints\cycle_0186.pt,runs\models_9x9\best.pt,p1_win,0.0,85
1113,runs\models_9x9\best.pt,runs\models_9x9\checkpoints\cycle_0186.pt,runs\models_9x9\best.pt,runs\models_9x9\checkpoints\cycle_0186.pt,p1_win,1.0,87
1114,runs\models_9x9\best.pt,runs\models_9x9\checkpoints\cycle_0186.pt,runs\models_9x9\checkpoints\cycle_0186.pt,runs\models_9x9\best.pt,p1_win,0.0,87
1115,runs\models_9x9\best.pt,runs\models_9x9\checkpoints\cycle_0186.pt,runs\models_9x9\best.pt,runs\models_9x9\checkpoints\cycle_0186.pt,p1_win,1.0,87
1116,runs\models_9x9\best.pt,runs\models_9x9\checkpoints\cycle_0186.pt,runs\models_9x9\checkpoints\cycle_0186.pt,runs\models_9x9\best.pt,p2_win,1.0,82
1117,runs\models_9x9\best.pt,runs\models_9x9\checkpoints\cycle_0186.pt,runs\models_9x9\checkpoints\cycle_0186.pt,runs\models_9x9\best.pt,p1_win,0.0,75
1118,runs\models_9x9\best.pt,runs\models_9x9\checkpoints\cycle_0186.pt,runs\models_9x9\best.pt,runs\models_9x9\checkpoints\cycle_0186.pt,p1_win,1.0,75
1119,runs\models_9x9\best.pt,runs\models_9x9\checkpoints\cycle_0186.pt,runs\models_9x9\best.pt,runs\models_9x9\checkpoints\cycle_0186.pt,p1_win,1.0,77
1120,runs\models_9x9\best.pt,runs\models_9x9\checkpoints\cycle_0186.pt,runs\models_9x9\best.pt,runs\models_9x9\checkpoints\cycle_0186.pt,p1_win,1.0,87
1121,runs\models_9x9\best.pt,runs\models_9x9\checkpoints\cycle_0186.pt,runs\models_9x9\best.pt,runs\models_9x9\checkpoints\cycle_0186.pt,p1_win,1.0,87
1122,runs\models_9x9\best.pt,runs\models_9x9\checkpoints\cycle_0186.pt,runs\models_9x9\best.pt,runs\models_9x9\checkpoints\cycle_0186.pt,p1_win,1.0,81
1123,runs\models_9x9\best.pt,runs\models_9x9\checkpoints\cycle_0186.pt,runs\models_9x9\best.pt,runs\models_9x9\checkpoints\cycle_0186.pt,p1_win,1.0,87
1124,runs\models_9x9\best.pt,runs\models_9x9\checkpoints\cycle_0186.pt,runs\models_9x9\best.pt,runs\models_9x9\checkpoints\cycle_0186.pt,p1_win,1.0,87
1125,runs\models_9x9\best.pt,runs\models_9x9\checkpoints\cycle_0186.pt,runs\models_9x9\checkpoints\cycle_0186.pt,runs\models_9x9\best.pt,p1_win,0.0,73
1126,runs\models_9x9\best.pt,runs\models_9x9\checkpoints\cycle_0186.pt,runs\models_9x9\best.pt,runs\models_9x9\checkpoints\cycle_0186.pt,p1_win,1.0,87
1127,runs\models_9x9\best.pt,runs\models_9x9\checkpoints\cycle_0186.pt,runs\models_9x9\best.pt,runs\models_9x9\checkpoints\cycle_0186.pt,p1_win,1.0,87
1128,runs\models_9x9\best.pt,runs\models_9x9\checkpoints\cycle_0186.pt,runs\models_9x9\best.pt,runs\models_9x9\checkpoints\cycle_0186.pt,p1_win,1.0,77
1129,runs\models_9x9\best.pt,runs\models_9x9\checkpoints\cycle_0186.pt,runs\models_9x9\checkpoints\cycle_0186.pt,runs\models_9x9\best.pt,p2_win,1.0,86
1130,runs\models_9x9\best.pt,runs\models_9x9\checkpoints\cycle_0186.pt,runs\models_9x9\best.pt,runs\models_9x9\checkpoints\cycle_0186.pt,p1_win,1.0,87
1131,runs\models_9x9\best.pt,runs\models_9x9\checkpoints\cycle_0186.pt,runs\models_9x9\best.pt,runs\models_9x9\checkpoints\cycle_0186.pt,p1_win,1.0,73
1132,runs\models_9x9\best.pt,runs\models_9x9\checkpoints\cycle_0186.pt,runs\models_9x9\checkpoints\cycle_0186.pt,runs\models_9x9\best.pt,p2_win,1.0,78
1133,runs\models_9x9\best.pt,runs\models_9x9\checkpoints\cycle_0186.pt,runs\models_9x9\best.pt,runs\models_9x9\checkpoints\cycle_0186.pt,p1_win,1.0,81
1134,runs\models_9x9\best.pt,runs\models_9x9\checkpoints\cycle_0186.pt,runs\models_9x9\best.pt,runs\models_9x9\checkpoints\cycle_0186.pt,p1_win,1.0,79
1135,runs\models_9x9\best.pt,runs\models_9x9\checkpoints\cycle_0186.pt,runs\models_9x9\best.pt,runs\models_9x9\checkpoints\cycle_0186.pt,p1_win,1.0,81
1136,runs\models_9x9\best.pt,runs\models_9x9\checkpoints\cycle_0186.pt,runs\models_9x9\best.pt,runs\models_9x9\checkpoints\cycle_0186.pt,p1_win,1.0,81
1137,runs\models_9x9\best.pt,runs\models_9x9\checkpoints\cycle_0186.pt,runs\models_9x9\checkpoints\cycle_0186.pt,runs\models_9x9\best.pt,p2_win,1.0,82
1138,runs\models_9x9\best.pt,runs\models_9x9\checkpoints\cycle_0186.pt,runs\models_9x9\best.pt,runs\models_9x9\checkpoints\cycle_0186.pt,p1_win,1.0,83
1139,runs\models_9x9\best.pt,runs\models_9x9\checkpoints\cycle_0186.pt,runs\models_9x9\checkpoints\cycle_0186.pt,runs\models_9x9\best.pt,p2_win,1.0,76
1140,runs\models_9x9\best.pt,runs\models_9x9\checkpoints\cycle_0186.pt,runs\models_9x9\best.pt,runs\models_9x9\checkpoints\cycle_0186.pt,p1_win,1.0,73
1141,runs\models_9x9\best.pt,runs\models_9x9\checkpoints\cycle_0186.pt,runs\models_9x9\checkpoints\cycle_0186.pt,runs\models_9x9\best.pt,p1_win,0.0,81
1142,runs\models_9x9\best.pt,runs\models_9x9\checkpoints\cycle_0186.pt,runs\models_9x9\checkpoints\cycle_0186.pt,runs\models_9x9\best.pt,p2_win,1.0,76
1143,runs\models_9x9\best.pt,runs\models_9x9\checkpoints\cycle_0186.pt,runs\models_9x9\best.pt,runs\models_9x9\checkpoints\cycle_0186.pt,p1_win,1.0,87
1144,runs\models_9x9\best.pt,runs\models_9x9\checkpoints\cycle_0186.pt,runs\models_9x9\best.pt,runs\models_9x9\checkpoints\cycle_0186.pt,p1_win,1.0,73
1145,runs\models_9x9\best.pt,runs\models_9x9\checkpoints\cycle_0186.pt,runs\models_9x9\best.pt,runs\models_9x9\checkpoints\cycle_0186.pt,p1_win,1.0,81
1146,runs\models_9x9\best.pt,runs\models_9x9\checkpoints\cycle_0186.pt,runs\models_9x9\checkpoints\cycle_0186.pt,runs\models_9x9\best.pt,p2_win,1.0,88
1147,runs\models_9x9\best.pt,runs\models_9x9\checkpoints\cycle_0186.pt,runs\models_9x9\best.pt,runs\models_9x9\checkpoints\cycle_0186.pt,p1_win,1.0,77
1148,runs\models_9x9\best.pt,runs\models_9x9\checkpoints\cycle_0186.pt,runs\models_9x9\checkpoints\cycle_0186.pt,runs\models_9x9\best.pt,p2_win,1.0,86
1149,runs\models_9x9\best.pt,runs\models_9x9\checkpoints\cycle_0186.pt,runs\models_9x9\checkpoints\cycle_0186.pt,runs\models_9x9\best.pt,p1_win,0.0,85
1150,runs\models_9x9\best.pt,runs\models_9x9\checkpoints\cycle_0186.pt,runs\models_9x9\checkpoints\cycle_0186.pt,runs\models_9x9\best.pt,p1_win,0.0,85
1151,runs\models_9x9\best.pt,runs\models_9x9\checkpoints\cycle_0186.pt,runs\models_9x9\checkpoints\cycle_0186.pt,runs\models_9x9\best.pt,p1_win,0.0,75
1152,runs\models_9x9\best.pt,runs\models_9x9\checkpoints\cycle_0186.pt,runs\models_9x9\best.pt,runs\models_9x9\checkpoints\cycle_0186.pt,p1_win,1.0,87
1153,runs\models_9x9\best.pt,runs\models_9x9\checkpoints\cycle_0186.pt,runs\models_9x9\checkpoints\cycle_0186.pt,runs\models_9x9\best.pt,p2_win,1.0,74
1154,runs\models_9x9\best.pt,runs\models_9x9\checkpoints\cycle_0186.pt,runs\models_9x9\checkpoints\cycle_0186.pt,runs\models_9x9\best.pt,p1_win,0.0,85
1155,runs\models_9x9\best.pt,runs\models_9x9\checkpoints\cycle_0186.pt,runs\models_9x9\best.pt,runs\models_9x9\checkpoints\cycle_0186.pt,p1_win,1.0,83
1156,runs\models_9x9\best.pt,runs\models_9x9\checkpoints\cycle_0186.pt,runs\models_9x9\checkpoints\cycle_0186.pt,runs\models_9x9\best.pt,p1_win,0.0,79
1157,runs\models_9x9\best.pt,runs\models_9x9\checkpoints\cycle_0186.pt,runs\models_9x9\checkpoints\cycle_0186.pt,runs\models_9x9\best.pt,p1_win,0.0,75
1158,runs\models_9x9\best.pt,runs\models_9x9\checkpoints\cycle_0186.pt,runs\models_9x9\best.pt,runs\models_9x9\checkpoints\cycle_0186.pt,p2_win,0.0,72
1159,runs\models_9x9\best.pt,runs\models_9x9\checkpoints\cycle_0186.pt,runs\models_9x9\checkpoints\cycle_0186.pt,runs\models_9x9\best.pt,p1_win,0.0,83
1160,runs\models_9x9\best.pt,runs\models_9x9\checkpoints\cycle_0186.pt,runs\models_9x9\best.pt,runs\models_9x9\checkpoints\cycle_0186.pt,p1_win,1.0,75
1161,runs\models_9x9\best.pt,runs\models_9x9\checkpoints\cycle_0186.pt,runs\models_9x9\checkpoints\cycle_0186.pt,runs\models_9x9\best.pt,p2_win,1.0,82
1162,runs\models_9x9\best.pt,runs\models_9x9\checkpoints\cycle_0186.pt,runs\models_9x9\checkpoints\cycle_0186.pt,runs\models_9x9\best.pt,p1_win,0.0,73
1163,runs\models_9x9\best.pt,runs\models_9x9\checkpoints\cycle_0186.pt,runs\models_9x9\checkpoints\cycle_0186.pt,runs\models_9x9\best.pt,p2_win,1.0,74
1164,runs\models_9x9\best.pt,runs\models_9x9\checkpoints\cycle_0186.pt,runs\models_9x9\best.pt,runs\models_9x9\checkpoints\cycle_0186.pt,p1_win,1.0,81
1165,runs\models_9x9\best.pt,runs\models_9x9\checkpoints\cycle_0186.pt,runs\models_9x9\checkpoints\cycle_0186.pt,runs\models_9x9\best.pt,p2_win,1.0,80
1166,runs\models_9x9\best.pt,runs\models_9x9\checkpoints\cycle_0186.pt,runs\models_9x9\best.pt,runs\models_9x9\checkpoints\cycle_0186.pt,p1_win,1.0,75
1167,runs\models_9x9\best.pt,runs\models_9x9\checkpoints\cycle_0186.pt,runs\models_9x9\checkpoints\cycle_0186.pt,runs\models_9x9\best.pt,p1_win,0.0,73
1168,runs\models_9x9\best.pt,runs\models_9x9\checkpoints\cycle_0186.pt,runs\models_9x9\checkpoints\cycle_0186.pt,runs\models_9x9\best.pt,p2_win,1.0,78
1169,runs\models_9x9\best.pt,runs\models_9x9\checkpoints\cycle_0186.pt,runs\models_9x9\checkpoints\cycle_0186.pt,runs\models_9x9\best.pt,p1_win,0.0,77
1170,runs\models_9x9\best.pt,runs\models_9x9\checkpoints\cycle_0186.pt,runs\models_9x9\checkpoints\cycle_0186.pt,runs\models_9x9\best.pt,p1_win,0.0,77
1171,runs\models_9x9\best.pt,runs\models_9x9\checkpoints\cycle_0186.pt,runs\models_9x9\checkpoints\cycle_0186.pt,runs\models_9x9\best.pt,p1_win,0.0,77
1172,runs\models_9x9\best.pt,runs\models_9x9\checkpoints\cycle_0186.pt,runs\models_9x9\best.pt,runs\models_9x9\checkpoints\cycle_0186.pt,p1_win,1.0,81
1173,runs\models_9x9\best.pt,runs\models_9x9\checkpoints\cycle_0186.pt,runs\models_9x9\checkpoints\cycle_0186.pt,runs\models_9x9\best.pt,p1_win,0.0,79
1174,runs\models_9x9\best.pt,runs\models_9x9\checkpoints\cycle_0186.pt,runs\models_9x9\best.pt,runs\models_9x9\checkpoints\cycle_0186.pt,p1_win,1.0,77
1175,runs\models_9x9\best.pt,runs\models_9x9\checkpoints\cycle_0186.pt,runs\models_9x9\best.pt,runs\models_9x9\checkpoints\cycle_0186.pt,p1_win,1.0,73
1176,runs\models_9x9\best.pt,runs\models_9x9\checkpoints\cycle_0186.pt,runs\models_9x9\best.pt,runs\models_9x9\checkpoints\cycle_0186.pt,p1_win,1.0,73
1177,runs\models_9x9\best.pt,runs\models_9x9\checkpoints\cycle_0186.pt,runs\models_9x9\best.pt,runs\models_9x9\checkpoints\cycle_0186.pt,p1_win,1.0,73
1178,runs\models_9x9\best.pt,runs\models_9x9\checkpoints\cycle_0186.pt,runs\models_9x9\checkpoints\cycle_0186.pt,runs\models_9x9\best.pt,p2_win,1.0,74
1179,runs\models_9x9\best.pt,runs\models_9x9\checkpoints\cycle_0186.pt,runs\models_9x9\best.pt,runs\models_9x9\checkpoints\cycle_0186.pt,p1_win,1.0,81
1180,runs\models_9x9\best.pt,runs\models_9x9\checkpoints\cycle_0186.pt,runs\models_9x9\best.pt,runs\models_9x9\checkpoints\cycle_0186.pt,p1_win,1.0,81
1181,runs\models_9x9\best.pt,runs\models_9x9\checkpoints\cycle_0186.pt,runs\models_9x9\best.pt,runs\models_9x9\checkpoints\cycle_0186.pt,p1_win,1.0,73
1182,runs\models_9x9\best.pt,runs\models_9x9\checkpoints\cycle_0186.pt,runs\models_9x9\best.pt,runs\models_9x9\checkpoints\cycle_0186.pt,p1_win,1.0,75
1183,runs\models_9x9\best.pt,runs\models_9x9\checkpoints\cycle_0186.pt,runs\models_9x9\best.pt,runs\models_9x9\checkpoints\cycle_0186.pt,p1_win,1.0,73
1184,runs\models_9x9\best.pt,runs\models_9x9\checkpoints\cycle_0186.pt,runs\models_9x9\best.pt,runs\models_9x9\checkpoints\cycle_0186.pt,p1_win,1.0,75
1185,runs\models_9x9\best.pt,runs\models_9x9\checkpoints\cycle_0186.pt,runs\models_9x9\best.pt,runs\models_9x9\checkpoints\cycle_0186.pt,p1_win,1.0,81
1186,runs\models_9x9\best.pt,runs\models_9x9\checkpoints\cycle_0186.pt,runs\models_9x9\best.pt,runs\models_9x9\checkpoints\cycle_0186.pt,p1_win,1.0,81
1187,runs\models_9x9\best.pt,runs\models_9x9\checkpoints\cycle_0186.pt,runs\models_9x9\checkpoints\cycle_0186.pt,runs\models_9x9\best.pt,p1_win,0.0,75
1188,runs\models_9x9\best.pt,runs\models_9x9\checkpoints\cycle_0186.pt,runs\models_9x9\best.pt,runs\models_9x9\checkpoints\cycle_0186.pt,p1_win,1.0,77
1189,runs\models_9x9\best.pt,runs\models_9x9\checkpoints\cycle_0186.pt,runs\models_9x9\best.pt,runs\models_9x9\checkpoints\cycle_0186.pt,p1_win,1.0,75
1190,runs\models_9x9\best.pt,runs\models_9x9\checkpoints\cycle_0186.pt,runs\models_9x9\best.pt,runs\models_9x9\checkpoints\cycle_0186.pt,p1_win,1.0,81
1191,runs\models_9x9\best.pt,runs\models_9x9\checkpoints\cycle_0186.pt,runs\models_9x9\best.pt,runs\models_9x9\checkpoints\cycle_0186.pt,p1_win,1.0,89
1192,runs\models_9x9\best.pt,runs\models_9x9\checkpoints\cycle_0186.pt,runs\models_9x9\best.pt,runs\models_9x9\checkpoints\cycle_0186.pt,p1_win,1.0,81
1193,runs\models_9x9\best.pt,runs\models_9x9\checkpoints\cycle_0186.pt,runs\models_9x9\best.pt,runs\models_9x9\checkpoints\cycle_0186.pt,p1_win,1.0,81
1194,runs\models_9x9\best.pt,runs\models_9x9\checkpoints\cycle_0186.pt,runs\models_9x9\best.pt,runs\models_9x9\checkpoints\cycle_0186.pt,p1_win,1.0,83
1195,runs\models_9x9\best.pt,runs\models_9x9\checkpoints\cycle_0186.pt,runs\models_9x9\best.pt,runs\models_9x9\checkpoints\cycle_0186.pt,p1_win,1.0,83
1196,runs\models_9x9\best.pt,runs\models_9x9\checkpoints\cycle_0186.pt,runs\models_9x9\checkpoints\cycle_0186.pt,runs\models_9x9\best.pt,p2_win,1.0,74
1197,runs\models_9x9\best.pt,runs\models_9x9\checkpoints\cycle_0186.pt,runs\models_9x9\checkpoints\cycle_0186.pt,runs\models_9x9\best.pt,p2_win,1.0,82
1198,runs\models_9x9\best.pt,runs\models_9x9\checkpoints\cycle_0186.pt,runs\models_9x9\best.pt,runs\models_9x9\checkpoints\cycle_0186.pt,p1_win,1.0,77
1199,runs\models_9x9\best.pt,runs\models_9x9\checkpoints\cycle_0186.pt,runs\models_9x9\best.pt,runs\models_9x9\checkpoints\cycle_0186.pt,p1_win,1.0,75
1200,runs\models_9x9\best.pt,runs\models_9x9\checkpoints\cycle_0186.pt,runs\models_9x9\best.pt,runs\models_9x9\checkpoints\cycle_0186.pt,p1_win,1.0,77
1201,runs\models_9x9\best.pt,runs\models_9x9\checkpoints\cycle_0186.pt,runs\models_9x9\checkpoints\cycle_0186.pt,runs\models_9x9\best.pt,p1_win,0.0,87
1202,runs\models_9x9\best.pt,runs\models_9x9\checkpoints\cycle_0186.pt,runs\models_9x9\checkpoints\cycle_0186.pt,runs\models_9x9\best.pt,p1_win,0.0,77
1203,runs\models_9x9\best.pt,runs\models_9x9\checkpoints\cycle_0186.pt,runs\models_9x9\checkpoints\cycle_0186.pt,runs\models_9x9\best.pt,p2_win,1.0,76
1204,runs\models_9x9\best.pt,runs\models_9x9\checkpoints\cycle_0186.pt,runs\models_9x9\checkpoints\cycle_0186.pt,runs\models_9x9\best.pt,p2_win,1.0,74
1205,runs\models_9x9\best.pt,runs\models_9x9\checkpoints\cycle_0186.pt,runs\models_9x9\best.pt,runs\models_9x9\checkpoints\cycle_0186.pt,p1_win,1.0,77
1206,runs\models_9x9\best.pt,runs\models_9x9\checkpoints\cycle_0186.pt,runs\models_9x9\best.pt,runs\models_9x9\checkpoints\cycle_0186.pt,p1_win,1.0,81
1207,runs\models_9x9\best.pt,runs\models_9x9\checkpoints\cycle_0186.pt,runs\models_9x9\best.pt,runs\models_9x9\checkpoints\cycle_0186.pt,p1_win,1.0,87
1208,runs\models_9x9\best.pt,runs\models_9x9\checkpoints\cycle_0186.pt,runs\models_9x9\best.pt,runs\models_9x9\checkpoints\cycle_0186.pt,p1_win,1.0,75
1209,runs\models_9x9\best.pt,runs\models_9x9\checkpoints\cycle_0186.pt,runs\models_9x9\best.pt,runs\models_9x9\checkpoints\cycle_0186.pt,p1_win,1.0,75
1210,runs\models_9x9\best.pt,runs\models_9x9\checkpoints\cycle_0186.pt,runs\models_9x9\best.pt,runs\models_9x9\checkpoints\cycle_0186.pt,p1_win,1.0,77
1211,runs\models_9x9\best.pt,runs\models_9x9\checkpoints\cycle_0186.pt,runs\models_9x9\best.pt,runs\models_9x9\checkpoints\cycle_0186.pt,p1_win,1.0,79
1212,runs\models_9x9\best.pt,runs\models_9x9\checkpoints\cycle_0186.pt,runs\models_9x9\best.pt,runs\models_9x9\checkpoints\cycle_0186.pt,p1_win,1.0,81
1213,runs\models_9x9\best.pt,runs\models_9x9\checkpoints\cycle_0186.pt,runs\models_9x9\best.pt,runs\models_9x9\checkpoints\cycle_0186.pt,p1_win,1.0,77
1214,runs\models_9x9\best.pt,runs\models_9x9\checkpoints\cycle_0186.pt,runs\models_9x9\checkpoints\cycle_0186.pt,runs\models_9x9\best.pt,p2_win,1.0,76
1215,runs\models_9x9\best.pt,runs\models_9x9\checkpoints\cycle_0186.pt,runs\models_9x9\checkpoints\cycle_0186.pt,runs\models_9x9\best.pt,p2_win,1.0,78
1216,runs\models_9x9\best.pt,runs\models_9x9\checkpoints\cycle_0186.pt,runs\models_9x9\checkpoints\cycle_0186.pt,runs\models_9x9\best.pt,p2_win,1.0,78
1217,runs\models_9x9\best.pt,runs\models_9x9\checkpoints\cycle_0186.pt,runs\models_9x9\checkpoints\cycle_0186.pt,runs\models_9x9\best.pt,p1_win,0.0,81
1218,runs\models_9x9\best.pt,runs\models_9x9\checkpoints\cycle_0186.pt,runs\models_9x9\best.pt,runs\models_9x9\checkpoints\cycle_0186.pt,p1_win,1.0,77
1219,runs\models_9x9\best.pt,runs\models_9x9\checkpoints\cycle_0186.pt,runs\models_9x9\checkpoints\cycle_0186.pt,runs\models_9x9\best.pt,p2_win,1.0,76
1220,runs\models_9x9\best.pt,runs\models_9x9\checkpoints\cycle_0186.pt,runs\models_9x9\best.pt,runs\models_9x9\checkpoints\cycle_0186.pt,p1_win,1.0,79
1221,runs\models_9x9\best.pt,runs\models_9x9\checkpoints\cycle_0186.pt,runs\models_9x9\checkpoints\cycle_0186.pt,runs\models_9x9\best.pt,p2_win,1.0,82
1222,runs\models_9x9\best.pt,runs\models_9x9\checkpoints\cycle_0186.pt,runs\models_9x9\best.pt,runs\models_9x9\checkpoints\cycle_0186.pt,p1_win,1.0,77
1223,runs\models_9x9\best.pt,runs\models_9x9\checkpoints\cycle_0186.pt,runs\models_9x9\best.pt,runs\models_9x9\checkpoints\cycle_0186.pt,p1_win,1.0,79
1224,runs\models_9x9\best.pt,runs\models_9x9\checkpoints\cycle_0186.pt,runs\models_9x9\best.pt,runs\models_9x9\checkpoints\cycle_0186.pt,p1_win,1.0,77
1225,runs\models_9x9\best.pt,runs\models_9x9\checkpoints\cycle_0186.pt,runs\models_9x9\checkpoints\cycle_0186.pt,runs\models_9x9\best.pt,p1_win,0.0,73
1226,runs\models_9x9\best.pt,runs\models_9x9\checkpoints\cycle_0186.pt,runs\models_9x9\checkpoints\cycle_0186.pt,runs\models_9x9\best.pt,p2_win,1.0,84
1227,runs\models_9x9\best.pt,runs\models_9x9\checkpoints\cycle_0186.pt,runs\models_9x9\best.pt,runs\models_9x9\checkpoints\cycle_0186.pt,p1_win,1.0,87
1228,runs\models_9x9\best.pt,runs\models_9x9\checkpoints\cycle_0186.pt,runs\models_9x9\best.pt,runs\models_9x9\checkpoints\cycle_0186.pt,p1_win,1.0,75
1229,runs\models_9x9\best.pt,runs\models_9x9\checkpoints\cycle_0186.pt,runs\models_9x9\best.pt,runs\models_9x9\checkpoints\cycle_0186.pt,p1_win,1.0,77
1230,runs\models_9x9\best.pt,runs\models_9x9\checkpoints\cycle_0186.pt,runs\models_9x9\best.pt,runs\models_9x9\checkpoints\cycle_0186.pt,p1_win,1.0,87
1231,runs\models_9x9\best.pt,runs\models_9x9\checkpoints\cycle_0186.pt,runs\models_9x9\checkpoints\cycle_0186.pt,runs\models_9x9\best.pt,p1_win,0.0,75
1232,runs\models_9x9\best.pt,runs\models_9x9\checkpoints\cycle_0186.pt,runs\models_9x9\best.pt,runs\models_9x9\checkpoints\cycle_0186.pt,p1_win,1.0,77
1233,runs\models_9x9\best.pt,runs\models_9x9\checkpoints\cycle_0186.pt,runs\models_9x9\best.pt,runs\models_9x9\checkpoints\cycle_0186.pt,p1_win,1.0,81
1234,runs\models_9x9\best.pt,runs\models_9x9\checkpoints\cycle_0186.pt,runs\models_9x9\best.pt,runs\models_9x9\checkpoints\cycle_0186.pt,p1_win,1.0,75
1235,runs\models_9x9\best.pt,runs\models_9x9\checkpoints\cycle_0186.pt,runs\models_9x9\best.pt,runs\models_9x9\checkpoints\cycle_0186.pt,p1_win,1.0,81
1236,runs\models_9x9\best.pt,runs\models_9x9\checkpoints\cycle_0186.pt,runs\models_9x9\checkpoints\cycle_0186.pt,runs\models_9x9\best.pt,p1_win,0.0,83
1237,runs\models_9x9\best.pt,runs\models_9x9\checkpoints\cycle_0186.pt,runs\models_9x9\checkpoints\cycle_0186.pt,runs\models_9x9\best.pt,p1_win,0.0,79
1238,runs\models_9x9\best.pt,runs\models_9x9\checkpoints\cycle_0186.pt,runs\models_9x9\checkpoints\cycle_0186.pt,runs\models_9x9\best.pt,p1_win,0.0,77
1239,runs\models_9x9\best.pt,runs\models_9x9\checkpoints\cycle_0186.pt,runs\models_9x9\best.pt,runs\models_9x9\checkpoints\cycle_0186.pt,p1_win,1.0,89
1240,runs\models_9x9\best.pt,runs\models_9x9\checkpoints\cycle_0186.pt,runs\models_9x9\checkpoints\cycle_0186.pt,runs\models_9x9\best.pt,p1_win,0.0,79
1241,runs\models_9x9\best.pt,runs\models_9x9\checkpoints\cycle_0186.pt,runs\models_9x9\checkpoints\cycle_0186.pt,runs\models_9x9\best.pt,p2_win,1.0,74
1242,runs\models_9x9\best.pt,runs\models_9x9\checkpoints\cycle_0186.pt,runs\models_9x9\best.pt,runs\models_9x9\checkpoints\cycle_0186.pt,p1_win,1.0,87
1243,runs\models_9x9\best.pt,runs\models_9x9\checkpoints\cycle_0186.pt,runs\models_9x9\checkpoints\cycle_0186.pt,runs\models_9x9\best.pt,p2_win,1.0,74
1244,runs\models_9x9\best.pt,runs\models_9x9\checkpoints\cycle_0186.pt,runs\models_9x9\checkpoints\cycle_0186.pt,runs\models_9x9\best.pt,p2_win,1.0,74
1245,runs\models_9x9\best.pt,runs\models_9x9\checkpoints\cycle_0186.pt,runs\models_9x9\best.pt,runs\models_9x9\checkpoints\cycle_0186.pt,p1_win,1.0,77
1246,runs\models_9x9\best.pt,runs\models_9x9\checkpoints\cycle_0186.pt,runs\models_9x9\best.pt,runs\models_9x9\checkpoints\cycle_0186.pt,p1_win,1.0,81
1247,runs\models_9x9\best.pt,runs\models_9x9\checkpoints\cycle_0186.pt,runs\models_9x9\checkpoints\cycle_0186.pt,runs\models_9x9\best.pt,p1_win,0.0,75
1248,runs\models_9x9\best.pt,runs\models_9x9\checkpoints\cycle_0186.pt,runs\models_9x9\best.pt,runs\models_9x9\checkpoints\cycle_0186.pt,p1_win,1.0,75
1249,runs\models_9x9\best.pt,runs\models_9x9\checkpoints\cycle_0186.pt,runs\models_9x9\checkpoints\cycle_0186.pt,runs\models_9x9\best.pt,p2_win,1.0,76
1250,runs\models_9x9\best.pt,runs\models_9x9\checkpoints\cycle_0186.pt,runs\models_9x9\best.pt,runs\models_9x9\checkpoints\cycle_0186.pt,p1_win,1.0,83
1251,runs\models_9x9\best.pt,runs\models_9x9\checkpoints\cycle_0186.pt,runs\models_9x9\checkpoints\cycle_0186.pt,runs\models_9x9\best.pt,p1_win,0.0,73
1252,runs\models_9x9\best.pt,runs\models_9x9\checkpoints\cycle_0186.pt,runs\models_9x9\best.pt,runs\models_9x9\checkpoints\cycle_0186.pt,p1_win,1.0,81
1253,runs\models_9x9\best.pt,runs\models_9x9\checkpoints\cycle_0186.pt,runs\models_9x9\best.pt,runs\models_9x9\checkpoints\cycle_0186.pt,p1_win,1.0,77
1254,runs\models_9x9\best.pt,runs\models_9x9\checkpoints\cycle_0186.pt,runs\models_9x9\best.pt,runs\models_9x9\checkpoints\cycle_0186.pt,p1_win,1.0,81
1255,runs\models_9x9\best.pt,runs\models_9x9\checkpoints\cycle_0186.pt,runs\models_9x9\best.pt,runs\models_9x9\checkpoints\cycle_0186.pt,p1_win,1.0,81
1256,runs\models_9x9\best.pt,runs\models_9x9\checkpoints\cycle_0186.pt,runs\models_9x9\best.pt,runs\models_9x9\checkpoints\cycle_0186.pt,p1_win,1.0,79
1257,runs\models_9x9\best.pt,runs\models_9x9\checkpoints\cycle_0186.pt,runs\models_9x9\best.pt,runs\models_9x9\checkpoints\cycle_0186.pt,p1_win,1.0,81
1258,runs\models_9x9\best.pt,runs\models_9x9\checkpoints\cycle_0186.pt,runs\models_9x9\best.pt,runs\models_9x9\checkpoints\cycle_0186.pt,p1_win,1.0,77
1259,runs\models_9x9\best.pt,runs\models_9x9\checkpoints\cycle_0186.pt,runs\models_9x9\best.pt,runs\models_9x9\checkpoints\cycle_0186.pt,p1_win,1.0,81
1260,runs\models_9x9\best.pt,runs\models_9x9\checkpoints\cycle_0186.pt,runs\models_9x9\best.pt,runs\models_9x9\checkpoints\cycle_0186.pt,p1_win,1.0,75
1261,runs\models_9x9\best.pt,runs\models_9x9\checkpoints\cycle_0186.pt,runs\models_9x9\best.pt,runs\models_9x9\checkpoints\cycle_0186.pt,p1_win,1.0,81
1262,runs\models_9x9\best.pt,runs\models_9x9\checkpoints\cycle_0186.pt,runs\models_9x9\best.pt,runs\models_9x9\checkpoints\cycle_0186.pt,p1_win,1.0,75
1263,runs\models_9x9\best.pt,runs\models_9x9\checkpoints\cycle_0186.pt,runs\models_9x9\checkpoints\cycle_0186.pt,runs\models_9x9\best.pt,p1_win,0.0,79
1264,runs\models_9x9\best.pt,runs\models_9x9\checkpoints\cycle_0186.pt,runs\models_9x9\best.pt,runs\models_9x9\checkpoints\cycle_0186.pt,p1_win,1.0,77
1265,runs\models_9x9\best.pt,runs\models_9x9\checkpoints\cycle_0186.pt,runs\models_9x9\best.pt,runs\models_9x9\checkpoints\cycle_0186.pt,p1_win,1.0,79
1266,runs\models_9x9\best.pt,runs\models_9x9\checkpoints\cycle_0186.pt,runs\models_9x9\best.pt,runs\models_9x9\checkpoints\cycle_0186.pt,p1_win,1.0,79
1267,runs\models_9x9\best.pt,runs\models_9x9\checkpoints\cycle_0186.pt,runs\models_9x9\best.pt,runs\models_9x9\checkpoints\cycle_0186.pt,p1_win,1.0,75
1268,runs\models_9x9\best.pt,runs\models_9x9\checkpoints\cycle_0186.pt,runs\models_9x9\best.pt,runs\models_9x9\checkpoints\cycle_0186.pt,p1_win,1.0,75
1269,runs\models_9x9\best.pt,runs\models_9x9\checkpoints\cycle_0186.pt,runs\models_9x9\checkpoints\cycle_0186.pt,runs\models_9x9\best.pt,p1_win,0.0,81
1270,runs\models_9x9\best.pt,runs\models_9x9\checkpoints\cycle_0186.pt,runs\models_9x9\best.pt,runs\models_9x9\checkpoints\cycle_0186.pt,p1_win,1.0,75
1271,runs\models_9x9\best.pt,runs\models_9x9\checkpoints\cycle_0186.pt,runs\models_9x9\best.pt,runs\models_9x9\checkpoints\cycle_0186.pt,p1_win,1.0,75
1272,runs\models_9x9\best.pt,runs\models_9x9\checkpoints\cycle_0186.pt,runs\models_9x9\best.pt,runs\models_9x9\checkpoints\cycle_0186.pt,p1_win,1.0,83
1273,runs\models_9x9\best.pt,runs\models_9x9\checkpoints\cycle_0186.pt,runs\models_9x9\best.pt,runs\models_9x9\checkpoints\cycle_0186.pt,p1_win,1.0,77
1274,runs\models_9x9\best.pt,runs\models_9x9\checkpoints\cycle_0186.pt,runs\models_9x9\best.pt,runs\models_9x9\checkpoints\cycle_0186.pt,p1_win,1.0,75
1275,runs\models_9x9\best.pt,runs\models_9x9\checkpoints\cycle_0186.pt,runs\models_9x9\best.pt,runs\models_9x9\checkpoints\cycle_0186.pt,p1_win,1.0,75
1276,runs\models_9x9\best.pt,runs\models_9x9\checkpoints\cycle_0186.pt,runs\models_9x9\best.pt,runs\models_9x9\checkpoints\cycle_0186.pt,p1_win,1.0,75
1277,runs\models_9x9\best.pt,runs\models_9x9\checkpoints\cycle_0186.pt,runs\models_9x9\best.pt,runs\models_9x9\checkpoints\cycle_0186.pt,p1_win,1.0,75
1278,runs\models_9x9\best.pt,runs\models_9x9\checkpoints\cycle_0186.pt,runs\models_9x9\best.pt,runs\models_9x9\checkpoints\cycle_0186.pt,p1_win,1.0,75
1279,runs\models_9x9\best.pt,runs\models_9x9\checkpoints\cycle_0186.pt,runs\models_9x9\best.pt,runs\models_9x9\checkpoints\cycle_0186.pt,p1_win,1.0,75
1280,runs\models_9x9\best.pt,runs\models_9x9\checkpoints\cycle_0186.pt,runs\models_9x9\best.pt,runs\models_9x9\checkpoints\cycle_0186.pt,p1_win,1.0,75
1281,runs\models_9x9\best.pt,runs\models_9x9\checkpoints\cycle_0186.pt,runs\models_9x9\best.pt,runs\models_9x9\checkpoints\cycle_0186.pt,p1_win,1.0,81
1282,runs\models_9x9\best.pt,runs\models_9x9\checkpoints\cycle_0186.pt,runs\models_9x9\best.pt,runs\models_9x9\checkpoints\cycle_0186.pt,p1_win,1.0,75
1283,runs\models_9x9\best.pt,runs\models_9x9\checkpoints\cycle_0186.pt,runs\models_9x9\checkpoints\cycle_0186.pt,runs\models_9x9\best.pt,p2_win,1.0,76
1284,runs\models_9x9\best.pt,runs\models_9x9\checkpoints\cycle_0186.pt,runs\models_9x9\best.pt,runs\models_9x9\checkpoints\cycle_0186.pt,p1_win,1.0,75
1285,runs\models_9x9\best.pt,runs\models_9x9\checkpoints\cycle_0186.pt,runs\models_9x9\best.pt,runs\models_9x9\checkpoints\cycle_0186.pt,p1_win,1.0,81
1286,runs\models_9x9\best.pt,runs\models_9x9\checkpoints\cycle_0186.pt,runs\models_9x9\best.pt,runs\models_9x9\checkpoints\cycle_0186.pt,p1_win,1.0,77
1287,runs\models_9x9\best.pt,runs\models_9x9\checkpoints\cycle_0186.pt,runs\models_9x9\best.pt,runs\models_9x9\checkpoints\cycle_0186.pt,p1_win,1.0,83
1288,runs\models_9x9\best.pt,runs\models_9x9\checkpoints\cycle_0186.pt,runs\models_9x9\checkpoints\cycle_0186.pt,runs\models_9x9\best.pt,p2_win,1.0,76
1289,runs\models_9x9\best.pt,runs\models_9x9\checkpoints\cycle_0186.pt,runs\models_9x9\checkpoints\cycle_0186.pt,runs\models_9x9\best.pt,p2_win,1.0,80
1290,runs\models_9x9\best.pt,runs\models_9x9\checkpoints\cycle_0186.pt,runs\models_9x9\best.pt,runs\models_9x9\checkpoints\cycle_0186.pt,p1_win,1.0,77
1291,runs\models_9x9\best.pt,runs\models_9x9\checkpoints\cycle_0186.pt,runs\models_9x9\best.pt,runs\models_9x9\checkpoints\cycle_0186.pt,p1_win,1.0,75
1292,runs\models_9x9\best.pt,runs\models_9x9\checkpoints\cycle_0186.pt,runs\models_9x9\best.pt,runs\models_9x9\checkpoints\cycle_0186.pt,p1_win,1.0,75
1293,runs\models_9x9\best.pt,runs\models_9x9\checkpoints\cycle_0186.pt,runs\models_9x9\best.pt,runs\models_9x9\checkpoints\cycle_0186.pt,p1_win,1.0,77
1294,runs\models_9x9\best.pt,runs\models_9x9\checkpoints\cycle_0186.pt,runs\models_9x9\best.pt,runs\models_9x9\checkpoints\cycle_0186.pt,p1_win,1.0,75
1295,runs\models_9x9\best.pt,runs\models_9x9\checkpoints\cycle_0186.pt,runs\models_9x9\best.pt,runs\models_9x9\checkpoints\cycle_0186.pt,p1_win,1.0,77
1296,runs\models_9x9\best.pt,runs\models_9x9\checkpoints\cycle_0186.pt,runs\models_9x9\checkpoints\cycle_0186.pt,runs\models_9x9\best.pt,p2_win,1.0,86
1297,runs\models_9x9\best.pt,runs\models_9x9\checkpoints\cycle_0186.pt,runs\models_9x9\best.pt,runs\models_9x9\checkpoints\cycle_0186.pt,p1_win,1.0,79
1298,runs\models_9x9\best.pt,runs\models_9x9\checkpoints\cycle_0186.pt,runs\models_9x9\best.pt,runs\models_9x9\checkpoints\cycle_0186.pt,p1_win,1.0,79
1299,runs\models_9x9\best.pt,runs\models_9x9\checkpoints\cycle_0186.pt,runs\models_9x9\checkpoints\cycle_0186.pt,runs\models_9x9\best.pt,p2_win,1.0,88
1300,runs\models_9x9\best.pt,runs\models_9x9\checkpoints\cycle_0186.pt,runs\models_9x9\checkpoints\cycle_0186.pt,runs\models_9x9\best.pt,p2_win,1.0,80
1301,runs\models_9x9\best.pt,runs\models_9x9\checkpoints\cycle_0186.pt,runs\models_9x9\best.pt,runs\models_9x9\checkpoints\cycle_0186.pt,p1_win,1.0,79
1302,runs\models_9x9\best.pt,runs\models_9x9\checkpoints\cycle_0186.pt,runs\models_9x9\checkpoints\cycle_0186.pt,runs\models_9x9\best.pt,p1_win,0.0,77
1303,runs\models_9x9\best.pt,runs\models_9x9\checkpoints\cycle_0186.pt,runs\models_9x9\best.pt,runs\models_9x9\checkpoints\cycle_0186.pt,p1_win,1.0,75
1304,runs\models_9x9\best.pt,runs\models_9x9\checkpoints\cycle_0186.pt,runs\models_9x9\best.pt,runs\models_9x9\checkpoints\cycle_0186.pt,p1_win,1.0,81
1305,runs\models_9x9\best.pt,runs\models_9x9\checkpoints\cycle_0186.pt,runs\models_9x9\best.pt,runs\models_9x9\checkpoints\cycle_0186.pt,p1_win,1.0,75
1306,runs\models_9x9\best.pt,runs\models_9x9\checkpoints\cycle_0186.pt,runs\models_9x9\checkpoints\cycle_0186.pt,runs\models_9x9\best.pt,p1_win,0.0,87
1307,runs\models_9x9\best.pt,runs\models_9x9\checkpoints\cycle_0186.pt,runs\models_9x9\checkpoints\cycle_0186.pt,runs\models_9x9\best.pt,p1_win,0.0,79
1308,runs\models_9x9\best.pt,runs\models_9x9\checkpoints\cycle_0186.pt,runs\models_9x9\best.pt,runs\models_9x9\checkpoints\cycle_0186.pt,p1_win,1.0,75
1309,runs\models_9x9\best.pt,runs\models_9x9\checkpoints\cycle_0186.pt,runs\models_9x9\best.pt,runs\models_9x9\checkpoints\cycle_0186.pt,p1_win,1.0,77
1310,runs\models_9x9\best.pt,runs\models_9x9\checkpoints\cycle_0186.pt,runs\models_9x9\best.pt,runs\models_9x9\checkpoints\cycle_0186.pt,p1_win,1.0,75
1311,runs\models_9x9\best.pt,runs\models_9x9\checkpoints\cycle_0186.pt,runs\models_9x9\checkpoints\cycle_0186.pt,runs\models_9x9\best.pt,p1_win,0.0,81
1312,runs\models_9x9\best.pt,runs\models_9x9\checkpoints\cycle_0186.pt,runs\models_9x9\best.pt,runs\models_9x9\checkpoints\cycle_0186.pt,p1_win,1.0,75
1313,runs\models_9x9\best.pt,runs\models_9x9\checkpoints\cycle_0186.pt,runs\models_9x9\best.pt,runs\models_9x9\checkpoints\cycle_0186.pt,p1_win,1.0,77
1314,runs\models_9x9\best.pt,runs\models_9x9\checkpoints\cycle_0186.pt,runs\models_9x9\checkpoints\cycle_0186.pt,runs\models_9x9\best.pt,p1_win,0.0,77
1315,runs\models_9x9\best.pt,runs\models_9x9\checkpoints\cycle_0186.pt,runs\models_9x9\best.pt,runs\models_9x9\checkpoints\cycle_0186.pt,p1_win,1.0,83
1316,runs\models_9x9\best.pt,runs\models_9x9\checkpoints\cycle_0186.pt,runs\models_9x9\checkpoints\cycle_0186.pt,runs\models_9x9\best.pt,p1_win,0.0,77
1317,runs\models_9x9\best.pt,runs\models_9x9\checkpoints\cycle_0186.pt,runs\models_9x9\best.pt,runs\models_9x9\checkpoints\cycle_0186.pt,p1_win,1.0,75
1318,runs\models_9x9\best.pt,runs\models_9x9\checkpoints\cycle_0186.pt,runs\models_9x9\best.pt,runs\models_9x9\checkpoints\cycle_0186.pt,p1_win,1.0,77
1319,runs\models_9x9\best.pt,runs\models_9x9\checkpoints\cycle_0186.pt,runs\models_9x9\best.pt,runs\models_9x9\checkpoints\cycle_0186.pt,p1_win,1.0,79
1320,runs\models_9x9\best.pt,runs\models_9x9\checkpoints\cycle_0186.pt,runs\models_9x9\checkpoints\cycle_0186.pt,runs\models_9x9\best.pt,p2_win,1.0,76
1321,runs\models_9x9\best.pt,runs\models_9x9\checkpoints\cycle_0186.pt,runs\models_9x9\best.pt,runs\models_9x9\checkpoints\cycle_0186.pt,p1_win,1.0,85
1322,runs\models_9x9\best.pt,runs\models_9x9\checkpoints\cycle_0186.pt,runs\models_9x9\best.pt,runs\models_9x9\checkpoints\cycle_0186.pt,p1_win,1.0,75
1323,runs\models_9x9\best.pt,runs\models_9x9\checkpoints\cycle_0186.pt,runs\models_9x9\checkpoints\cycle_0186.pt,runs\models_9x9\best.pt,p1_win,0.0,79
1324,runs\models_9x9\best.pt,runs\models_9x9\checkpoints\cycle_0186.pt,runs\models_9x9\checkpoints\cycle_0186.pt,runs\models_9x9\best.pt,p2_win,1.0,80
1325,runs\models_9x9\best.pt,runs\models_9x9\checkpoints\cycle_0186.pt,runs\models_9x9\checkpoints\cycle_0186.pt,runs\models_9x9\best.pt,p2_win,1.0,80
1326,runs\models_9x9\best.pt,runs\models_9x9\checkpoints\cycle_0186.pt,runs\models_9x9\best.pt,runs\models_9x9\checkpoints\cycle_0186.pt,p1_win,1.0,79
1327,runs\models_9x9\best.pt,runs\models_9x9\checkpoints\cycle_0186.pt,runs\models_9x9\checkpoints\cycle_0186.pt,runs\models_9x9\best.pt,p1_win,0.0,81
1328,runs\models_9x9\best.pt,runs\models_9x9\checkpoints\cycle_0186.pt,runs\models_9x9\best.pt,runs\models_9x9\checkpoints\cycle_0186.pt,p1_win,1.0,75
1329,runs\models_9x9\best.pt,runs\models_9x9\checkpoints\cycle_0186.pt,runs\models_9x9\best.pt,runs\models_9x9\checkpoints\cycle_0186.pt,p1_win,1.0,77
1330,runs\models_9x9\best.pt,runs\models_9x9\checkpoints\cycle_0186.pt,runs\models_9x9\best.pt,runs\models_9x9\checkpoints\cycle_0186.pt,p1_win,1.0,75
1331,runs\models_9x9\best.pt,runs\models_9x9\checkpoints\cycle_0186.pt,runs\models_9x9\checkpoints\cycle_0186.pt,runs\models_9x9\best.pt,p1_win,0.0,87
1332,runs\models_9x9\best.pt,runs\models_9x9\checkpoints\cycle_0186.pt,runs\models_9x9\checkpoints\cycle_0186.pt,runs\models_9x9\best.pt,p1_win,0.0,83
1333,runs\models_9x9\best.pt,runs\models_9x9\checkpoints\cycle_0186.pt,runs\models_9x9\best.pt,runs\models_9x9\checkpoints\cycle_0186.pt,p1_win,1.0,79
1334,runs\models_9x9\best.pt,runs\models_9x9\checkpoints\cycle_0186.pt,runs\models_9x9\best.pt,runs\models_9x9\checkpoints\cycle_0186.pt,p1_win,1.0,81
1335,runs\models_9x9\best.pt,runs\models_9x9\checkpoints\cycle_0186.pt,runs\models_9x9\checkpoints\cycle_0186.pt,runs\models_9x9\best.pt,p1_win,0.0,85
1336,runs\models_9x9\best.pt,runs\models_9x9\checkpoints\cycle_0186.pt,runs\models_9x9\best.pt,runs\models_9x9\checkpoints\cycle_0186.pt,p2_win,0.0,84
1337,runs\models_9x9\best.pt,runs\models_9x9\checkpoints\cycle_0186.pt,runs\models_9x9\best.pt,runs\models_9x9\checkpoints\cycle_0186.pt,p1_win,1.0,75
1338,runs\models_9x9\best.pt,runs\models_9x9\checkpoints\cycle_0186.pt,runs\models_9x9\checkpoints\cycle_0186.pt,runs\models_9x9\best.pt,p1_win,0.0,81
1339,runs\models_9x9\best.pt,runs\models_9x9\checkpoints\cycle_0186.pt,runs\models_9x9\best.pt,runs\models_9x9\checkpoints\cycle_0186.pt,p1_win,1.0,79
1340,runs\models_9x9\best.pt,runs\models_9x9\checkpoints\cycle_0186.pt,runs\models_9x9\checkpoints\cycle_0186.pt,runs\models_9x9\best.pt,p2_win,1.0,80
1341,runs\models_9x9\best.pt,runs\models_9x9\checkpoints\cycle_0186.pt,runs\models_9x9\checkpoints\cycle_0186.pt,runs\models_9x9\best.pt,p1_win,0.0,85
1342,runs\models_9x9\best.pt,runs\models_9x9\checkpoints\cycle_0186.pt,runs\models_9x9\checkpoints\cycle_0186.pt,runs\models_9x9\best.pt,p1_win,0.0,81
1343,runs\models_9x9\best.pt,runs\models_9x9\checkpoints\cycle_0186.pt,runs\models_9x9\best.pt,runs\models_9x9\checkpoints\cycle_0186.pt,p1_win,1.0,79
1344,runs\models_9x9\best.pt,runs\models_9x9\checkpoints\cycle_0186.pt,runs\models_9x9\best.pt,runs\models_9x9\checkpoints\cycle_0186.pt,p1_win,1.0,83
1345,runs\models_9x9\best.pt,runs\models_9x9\checkpoints\cycle_0186.pt,runs\models_9x9\best.pt,runs\models_9x9\checkpoints\cycle_0186.pt,p1_win,1.0,75
1346,runs\models_9x9\best.pt,runs\models_9x9\checkpoints\cycle_0186.pt,runs\models_9x9\best.pt,runs\models_9x9\checkpoints\cycle_0186.pt,p1_win,1.0,85
1347,runs\models_9x9\best.pt,runs\models_9x9\checkpoints\cycle_0186.pt,runs\models_9x9\best.pt,runs\models_9x9\checkpoints\cycle_0186.pt,p1_win,1.0,83
1348,runs\models_9x9\best.pt,runs\models_9x9\checkpoints\cycle_0186.pt,runs\models_9x9\best.pt,runs\models_9x9\checkpoints\cycle_0186.pt,p1_win,1.0,79
1349,runs\models_9x9\best.pt,runs\models_9x9\checkpoints\cycle_0186.pt,runs\models_9x9\checkpoints\cycle_0186.pt,runs\models_9x9\best.pt,p1_win,0.0,79
1350,runs\models_9x9\best.pt,runs\models_9x9\checkpoints\cycle_0186.pt,runs\models_9x9\best.pt,runs\models_9x9\checkpoints\cycle_0186.pt,p1_win,1.0,77
1351,runs\models_9x9\best.pt,runs\models_9x9\checkpoints\cycle_0186.pt,runs\models_9x9\best.pt,runs\models_9x9\checkpoints\cycle_0186.pt,p1_win,1.0,79
1352,runs\models_9x9\best.pt,runs\models_9x9\checkpoints\cycle_0186.pt,runs\models_9x9\best.pt,runs\models_9x9\checkpoints\cycle_0186.pt,p1_win,1.0,87
1353,runs\models_9x9\best.pt,runs\models_9x9\checkpoints\cycle_0186.pt,runs\models_9x9\best.pt,runs\models_9x9\checkpoints\cycle_0186.pt,p1_win,1.0,81
1354,runs\models_9x9\best.pt,runs\models_9x9\checkpoints\cycle_0186.pt,runs\models_9x9\checkpoints\cycle_0186.pt,runs\models_9x9\best.pt,p2_win,1.0,98
1355,runs\models_9x9\best.pt,runs\models_9x9\checkpoints\cycle_0186.pt,runs\models_9x9\checkpoints\cycle_0186.pt,runs\models_9x9\best.pt,p2_win,1.0,80
1356,runs\models_9x9\best.pt,runs\models_9x9\checkpoints\cycle_0186.pt,runs\models_9x9\best.pt,runs\models_9x9\checkpoints\cycle_0186.pt,p1_win,1.0,91
1357,runs\models_9x9\best.pt,runs\models_9x9\checkpoints\cycle_0186.pt,runs\models_9x9\best.pt,runs\models_9x9\checkpoints\cycle_0186.pt,p1_win,1.0,87
1358,runs\models_9x9\best.pt,runs\models_9x9\checkpoints\cycle_0186.pt,runs\models_9x9\best.pt,runs\models_9x9\checkpoints\cycle_0186.pt,p1_win,1.0,81
1359,runs\models_9x9\best.pt,runs\models_9x9\checkpoints\cycle_0186.pt,runs\models_9x9\best.pt,runs\models_9x9\checkpoints\cycle_0186.pt,p1_win,1.0,79
1360,runs\models_9x9\best.pt,runs\models_9x9\checkpoints\cycle_0186.pt,runs\models_9x9\best.pt,runs\models_9x9\checkpoints\cycle_0186.pt,p1_win,1.0,79
1361,runs\models_9x9\best.pt,runs\models_9x9\checkpoints\cycle_0186.pt,runs\models_9x9\best.pt,runs\models_9x9\checkpoints\cycle_0186.pt,p1_win,1.0,79
1362,runs\models_9x9\best.pt,runs\models_9x9\checkpoints\cycle_0186.pt,runs\models_9x9\best.pt,runs\models_9x9\checkpoints\cycle_0186.pt,p2_win,0.0,86
1363,runs\models_9x9\best.pt,runs\models_9x9\checkpoints\cycle_0186.pt,runs\models_9x9\checkpoints\cycle_0186.pt,runs\models_9x9\best.pt,p2_win,1.0,78
1364,runs\models_9x9\best.pt,runs\models_9x9\checkpoints\cycle_0186.pt,runs\models_9x9\best.pt,runs\models_9x9\checkpoints\cycle_0186.pt,p1_win,1.0,77
1365,runs\models_9x9\best.pt,runs\models_9x9\checkpoints\cycle_0186.pt,runs\models_9x9\best.pt,runs\models_9x9\checkpoints\cycle_0186.pt,p2_win,0.0,84
1366,runs\models_9x9\best.pt,runs\models_9x9\checkpoints\cycle_0186.pt,runs\models_9x9\best.pt,runs\models_9x9\checkpoints\cycle_0186.pt,p1_win,1.0,77
1367,runs\models_9x9\best.pt,runs\models_9x9\checkpoints\cycle_0186.pt,runs\models_9x9\best.pt,runs\models_9x9\checkpoints\cycle_0186.pt,p1_win,1.0,81
1368,runs\models_9x9\best.pt,runs\models_9x9\checkpoints\cycle_0186.pt,runs\models_9x9\best.pt,runs\models_9x9\checkpoints\cycle_0186.pt,p1_win,1.0,81
1369,runs\models_9x9\best.pt,runs\models_9x9\checkpoints\cycle_0186.pt,runs\models_9x9\best.pt,runs\models_9x9\checkpoints\cycle_0186.pt,p1_win,1.0,77
1370,runs\models_9x9\best.pt,runs\models_9x9\checkpoints\cycle_0186.pt,runs\models_9x9\checkpoints\cycle_0186.pt,runs\models_9x9\best.pt,p2_win,1.0,78
1371,runs\models_9x9\best.pt,runs\models_9x9\checkpoints\cycle_0186.pt,runs\models_9x9\best.pt,runs\models_9x9\checkpoints\cycle_0186.pt,p1_win,1.0,75
1372,runs\models_9x9\best.pt,runs\models_9x9\checkpoints\cycle_0186.pt,runs\models_9x9\best.pt,runs\models_9x9\checkpoints\cycle_0186.pt,p1_win,1.0,77
1373,runs\models_9x9\best.pt,runs\models_9x9\checkpoints\cycle_0186.pt,runs\models_9x9\best.pt,runs\models_9x9\checkpoints\cycle_0186.pt,p1_win,1.0,79
1374,runs\models_9x9\best.pt,runs\models_9x9\checkpoints\cycle_0186.pt,runs\models_9x9\checkpoints\cycle_0186.pt,runs\models_9x9\best.pt,p2_win,1.0,76
1375,runs\models_9x9\best.pt,runs\models_9x9\checkpoints\cycle_0186.pt,runs\models_9x9\checkpoints\cycle_0186.pt,runs\models_9x9\best.pt,p2_win,1.0,76
1376,runs\models_9x9\best.pt,runs\models_9x9\checkpoints\cycle_0186.pt,runs\models_9x9\best.pt,runs\models_9x9\checkpoints\cycle_0186.pt,p1_win,1.0,89
1377,runs\models_9x9\best.pt,runs\models_9x9\checkpoints\cycle_0186.pt,runs\models_9x9\checkpoints\cycle_0186.pt,runs\models_9x9\best.pt,p1_win,0.0,77
1378,runs\models_9x9\best.pt,runs\models_9x9\checkpoints\cycle_0186.pt,runs\models_9x9\best.pt,runs\models_9x9\checkpoints\cycle_0186.pt,p1_win,1.0,77
1379,runs\models_9x9\best.pt,runs\models_9x9\checkpoints\cycle_0186.pt,runs\models_9x9\best.pt,runs\models_9x9\checkpoints\cycle_0186.pt,p1_win,1.0,77
1380,runs\models_9x9\best.pt,runs\models_9x9\checkpoints\cycle_0186.pt,runs\models_9x9\checkpoints\cycle_0186.pt,runs\models_9x9\best.pt,p1_win,0.0,77
1381,runs\models_9x9\best.pt,runs\models_9x9\checkpoints\cycle_0186.pt,runs\models_9x9\checkpoints\cycle_0186.pt,runs\models_9x9\best.pt,p2_win,1.0,90
1382,runs\models_9x9\best.pt,runs\models_9x9\checkpoints\cycle_0186.pt,runs\models_9x9\checkpoints\cycle_0186.pt,runs\models_9x9\best.pt,p1_win,0.0,79
1383,runs\models_9x9\best.pt,runs\models_9x9\checkpoints\cycle_0186.pt,runs\models_9x9\best.pt,runs\models_9x9\checkpoints\cycle_0186.pt,p1_win,1.0,81
1384,runs\models_9x9\best.pt,runs\models_9x9\checkpoints\cycle_0186.pt,runs\models_9x9\best.pt,runs\models_9x9\checkpoints\cycle_0186.pt,p1_win,1.0,77
1385,runs\models_9x9\best.pt,runs\models_9x9\checkpoints\cycle_0186.pt,runs\models_9x9\best.pt,runs\models_9x9\checkpoints\cycle_0186.pt,p1_win,1.0,77
1386,runs\models_9x9\best.pt,runs\models_9x9\checkpoints\cycle_0186.pt,runs\models_9x9\best.pt,runs\models_9x9\checkpoints\cycle_0186.pt,p1_win,1.0,81
1387,runs\models_9x9\best.pt,runs\models_9x9\checkpoints\cycle_0186.pt,runs\models_9x9\best.pt,runs\models_9x9\checkpoints\cycle_0186.pt,p1_win,1.0,77
1388,runs\models_9x9\best.pt,runs\models_9x9\checkpoints\cycle_0186.pt,runs\models_9x9\best.pt,runs\models_9x9\checkpoints\cycle_0186.pt,p1_win,1.0,77
1389,runs\models_9x9\best.pt,runs\models_9x9\checkpoints\cycle_0186.pt,runs\models_9x9\best.pt,runs\models_9x9\checkpoints\cycle_0186.pt,p1_win,1.0,81
1390,runs\models_9x9\best.pt,runs\models_9x9\checkpoints\cycle_0186.pt,runs\models_9x9\best.pt,runs\models_9x9\checkpoints\cycle_0186.pt,p1_win,1.0,77
1391,runs\models_9x9\best.pt,runs\models_9x9\checkpoints\cycle_0186.pt,runs\models_9x9\checkpoints\cycle_0186.pt,runs\models_9x9\best.pt,p1_win,0.0,79
1392,runs\models_9x9\best.pt,runs\models_9x9\checkpoints\cycle_0186.pt,runs\models_9x9\checkpoints\cycle_0186.pt,runs\models_9x9\best.pt,p2_win,1.0,80
1393,runs\models_9x9\best.pt,runs\models_9x9\checkpoints\cycle_0186.pt,runs\models_9x9\best.pt,runs\models_9x9\checkpoints\cycle_0186.pt,p1_win,1.0,79
1394,runs\models_9x9\best.pt,runs\models_9x9\checkpoints\cycle_0186.pt,runs\models_9x9\best.pt,runs\models_9x9\checkpoints\cycle_0186.pt,p1_win,1.0,81
1395,runs\models_9x9\best.pt,runs\models_9x9\checkpoints\cycle_0186.pt,runs\models_9x9\best.pt,runs\models_9x9\checkpoints\cycle_0186.pt,p1_win,1.0,75
1396,runs\models_9x9\best.pt,runs\models_9x9\checkpoints\cycle_0186.pt,runs\models_9x9\checkpoints\cycle_0186.pt,runs\models_9x9\best.pt,p2_win,1.0,82
1397,runs\models_9x9\best.pt,runs\models_9x9\checkpoints\cycle_0186.pt,runs\models_9x9\best.pt,runs\models_9x9\checkpoints\cycle_0186.pt,p1_win,1.0,83
1398,runs\models_9x9\best.pt,runs\models_9x9\checkpoints\cycle_0186.pt,runs\models_9x9\best.pt,runs\models_9x9\checkpoints\cycle_0186.pt,p1_win,1.0,77
1399,runs\models_9x9\best.pt,runs\models_9x9\checkpoints\cycle_0186.pt,runs\models_9x9\best.pt,runs\models_9x9\checkpoints\cycle_0186.pt,p1_win,1.0,77
1400,runs\models_9x9\best.pt,runs\models_9x9\checkpoints\cycle_0186.pt,runs\models_9x9\best.pt,runs\models_9x9\checkpoints\cycle_0186.pt,p1_win,1.0,77
1401,runs\models_9x9\best.pt,runs\models_9x9\checkpoints\cycle_0186.pt,runs\models_9x9\checkpoints\cycle_0186.pt,runs\models_9x9\best.pt,p1_win,0.0,83
1402,runs\models_9x9\best.pt,runs\models_9x9\checkpoints\cycle_0186.pt,runs\models_9x9\best.pt,runs\models_9x9\checkpoints\cycle_0186.pt,p1_win,1.0,81
1403,runs\models_9x9\best.pt,runs\models_9x9\checkpoints\cycle_0186.pt,runs\models_9x9\best.pt,runs\models_9x9\checkpoints\cycle_0186.pt,p1_win,1.0,83
1404,runs\models_9x9\best.pt,runs\models_9x9\checkpoints\cycle_0186.pt,runs\models_9x9\best.pt,runs\models_9x9\checkpoints\cycle_0186.pt,p1_win,1.0,77
1405,runs\models_9x9\best.pt,runs\models_9x9\checkpoints\cycle_0186.pt,runs\models_9x9\checkpoints\cycle_0186.pt,runs\models_9x9\best.pt,p2_win,1.0,84
1406,runs\models_9x9\best.pt,runs\models_9x9\checkpoints\cycle_0186.pt,runs\models_9x9\checkpoints\cycle_0186.pt,runs\models_9x9\best.pt,p2_win,1.0,86
1407,runs\models_9x9\best.pt,runs\models_9x9\checkpoints\cycle_0186.pt,runs\models_9x9\checkpoints\cycle_0186.pt,runs\models_9x9\best.pt,p2_win,1.0,80
1408,runs\models_9x9\best.pt,runs\models_9x9\checkpoints\cycle_0186.pt,runs\models_9x9\best.pt,runs\models_9x9\checkpoints\cycle_0186.pt,p1_win,1.0,77
1409,runs\models_9x9\best.pt,runs\models_9x9\checkpoints\cycle_0186.pt,runs\models_9x9\best.pt,runs\models_9x9\checkpoints\cycle_0186.pt,p1_win,1.0,79
1410,runs\models_9x9\best.pt,runs\models_9x9\checkpoints\cycle_0186.pt,runs\models_9x9\best.pt,runs\models_9x9\checkpoints\cycle_0186.pt,p1_win,1.0,85
1411,runs\models_9x9\best.pt,runs\models_9x9\checkpoints\cycle_0186.pt,runs\models_9x9\best.pt,runs\models_9x9\checkpoints\cycle_0186.pt,p1_win,1.0,77
1412,runs\models_9x9\best.pt,runs\models_9x9\checkpoints\cycle_0186.pt,runs\models_9x9\best.pt,runs\models_9x9\checkpoints\cycle_0186.pt,p1_win,1.0,79
1413,runs\models_9x9\best.pt,runs\models_9x9\checkpoints\cycle_0186.pt,runs\models_9x9\checkpoints\cycle_0186.pt,runs\models_9x9\best.pt,p2_win,1.0,76
1414,runs\models_9x9\best.pt,runs\models_9x9\checkpoints\cycle_0186.pt,runs\models_9x9\best.pt,runs\models_9x9\checkpoints\cycle_0186.pt,p1_win,1.0,87
1415,runs\models_9x9\best.pt,runs\models_9x9\checkpoints\cycle_0186.pt,runs\models_9x9\best.pt,runs\models_9x9\checkpoints\cycle_0186.pt,p1_win,1.0,85
1416,runs\models_9x9\best.pt,runs\models_9x9\checkpoints\cycle_0186.pt,runs\models_9x9\best.pt,runs\models_9x9\checkpoints\cycle_0186.pt,p1_win,1.0,79
1417,runs\models_9x9\best.pt,runs\models_9x9\checkpoints\cycle_0186.pt,runs\models_9x9\best.pt,runs\models_9x9\checkpoints\cycle_0186.pt,p1_win,1.0,81
1418,runs\models_9x9\best.pt,runs\models_9x9\checkpoints\cycle_0186.pt,runs\models_9x9\best.pt,runs\models_9x9\checkpoints\cycle_0186.pt,p1_win,1.0,79
1419,runs\models_9x9\best.pt,runs\models_9x9\checkpoints\cycle_0186.pt,runs\models_9x9\best.pt,runs\models_9x9\checkpoints\cycle_0186.pt,p1_win,1.0,79
1420,runs\models_9x9\best.pt,runs\models_9x9\checkpoints\cycle_0186.pt,runs\models_9x9\best.pt,runs\models_9x9\checkpoints\cycle_0186.pt,p1_win,1.0,77
1421,runs\models_9x9\best.pt,runs\models_9x9\checkpoints\cycle_0186.pt,runs\models_9x9\best.pt,runs\models_9x9\checkpoints\cycle_0186.pt,p1_win,1.0,79
1422,runs\models_9x9\best.pt,runs\models_9x9\checkpoints\cycle_0186.pt,runs\models_9x9\best.pt,runs\models_9x9\checkpoints\cycle_0186.pt,p1_win,1.0,79
1423,runs\models_9x9\best.pt,runs\models_9x9\checkpoints\cycle_0186.pt,runs\models_9x9\best.pt,runs\models_9x9\checkpoints\cycle_0186.pt,p1_win,1.0,83
1424,runs\models_9x9\best.pt,runs\models_9x9\checkpoints\cycle_0186.pt,runs\models_9x9\best.pt,runs\models_9x9\checkpoints\cycle_0186.pt,p1_win,1.0,83
1425,runs\models_9x9\best.pt,runs\models_9x9\checkpoints\cycle_0186.pt,runs\models_9x9\best.pt,runs\models_9x9\checkpoints\cycle_0186.pt,p1_win,1.0,77
1426,runs\models_9x9\best.pt,runs\models_9x9\checkpoints\cycle_0186.pt,runs\models_9x9\checkpoints\cycle_0186.pt,runs\models_9x9\best.pt,p1_win,0.0,83
1427,runs\models_9x9\best.pt,runs\models_9x9\checkpoints\cycle_0186.pt,runs\models_9x9\checkpoints\cycle_0186.pt,runs\models_9x9\best.pt,p2_win,1.0,78
1428,runs\models_9x9\best.pt,runs\models_9x9\checkpoints\cycle_0186.pt,runs\models_9x9\best.pt,runs\models_9x9\checkpoints\cycle_0186.pt,p1_win,1.0,87
1429,runs\models_9x9\best.pt,runs\models_9x9\checkpoints\cycle_0186.pt,runs\models_9x9\checkpoints\cycle_0186.pt,runs\models_9x9\best.pt,p2_win,1.0,86
1430,runs\models_9x9\best.pt,runs\models_9x9\checkpoints\cycle_0186.pt,runs\models_9x9\checkpoints\cycle_0186.pt,runs\models_9x9\best.pt,p2_win,1.0,78
1431,runs\models_9x9\best.pt,runs\models_9x9\checkpoints\cycle_0186.pt,runs\models_9x9\best.pt,runs\models_9x9\checkpoints\cycle_0186.pt,p1_win,1.0,87
1432,runs\models_9x9\best.pt,runs\models_9x9\checkpoints\cycle_0186.pt,runs\models_9x9\checkpoints\cycle_0186.pt,runs\models_9x9\best.pt,p2_win,1.0,84
1433,runs\models_9x9\best.pt,runs\models_9x9\checkpoints\cycle_0186.pt,runs\models_9x9\best.pt,runs\models_9x9\checkpoints\cycle_0186.pt,p1_win,1.0,79
1434,runs\models_9x9\best.pt,runs\models_9x9\checkpoints\cycle_0186.pt,runs\models_9x9\best.pt,runs\models_9x9\checkpoints\cycle_0186.pt,p1_win,1.0,91
1435,runs\models_9x9\best.pt,runs\models_9x9\checkpoints\cycle_0186.pt,runs\models_9x9\best.pt,runs\models_9x9\checkpoints\cycle_0186.pt,p1_win,1.0,79
1436,runs\models_9x9\best.pt,runs\models_9x9\checkpoints\cycle_0186.pt,runs\models_9x9\best.pt,runs\models_9x9\checkpoints\cycle_0186.pt,p1_win,1.0,85
1437,runs\models_9x9\best.pt,runs\models_9x9\checkpoints\cycle_0186.pt,runs\models_9x9\checkpoints\cycle_0186.pt,runs\models_9x9\best.pt,p2_win,1.0,86
1438,runs\models_9x9\best.pt,runs\models_9x9\checkpoints\cycle_0186.pt,runs\models_9x9\best.pt,runs\models_9x9\checkpoints\cycle_0186.pt,p1_win,1.0,77
1439,runs\models_9x9\best.pt,runs\models_9x9\checkpoints\cycle_0186.pt,runs\models_9x9\best.pt,runs\models_9x9\checkpoints\cycle_0186.pt,p1_win,1.0,79
1440,runs\models_9x9\best.pt,runs\models_9x9\checkpoints\cycle_0186.pt,runs\models_9x9\best.pt,runs\models_9x9\checkpoints\cycle_0186.pt,p1_win,1.0,79
1441,runs\models_9x9\best.pt,runs\models_9x9\checkpoints\cycle_0186.pt,runs\models_9x9\best.pt,runs\models_9x9\checkpoints\cycle_0186.pt,p1_win,1.0,79
1442,runs\models_9x9\best.pt,runs\models_9x9\checkpoints\cycle_0186.pt,runs\models_9x9\checkpoints\cycle_0186.pt,runs\models_9x9\best.pt,p1_win,0.0,89
1443,runs\models_9x9\best.pt,runs\models_9x9\checkpoints\cycle_0186.pt,runs\models_9x9\best.pt,runs\models_9x9\checkpoints\cycle_0186.pt,p1_win,1.0,79
1444,runs\models_9x9\best.pt,runs\models_9x9\checkpoints\cycle_0186.pt,runs\models_9x9\checkpoints\cycle_0186.pt,runs\models_9x9\best.pt,p1_win,0.0,85
1445,runs\models_9x9\best.pt,runs\models_9x9\checkpoints\cycle_0186.pt,runs\models_9x9\best.pt,runs\models_9x9\checkpoints\cycle_0186.pt,p1_win,1.0,79
1446,runs\models_9x9\best.pt,runs\models_9x9\checkpoints\cycle_0186.pt,runs\models_9x9\best.pt,runs\models_9x9\checkpoints\cycle_0186.pt,p1_win,1.0,81
1447,runs\models_9x9\best.pt,runs\models_9x9\checkpoints\cycle_0186.pt,runs\models_9x9\checkpoints\cycle_0186.pt,runs\models_9x9\best.pt,p1_win,0.0,77
1448,runs\models_9x9\best.pt,runs\models_9x9\checkpoints\cycle_0186.pt,runs\models_9x9\checkpoints\cycle_0186.pt,runs\models_9x9\best.pt,p2_win,1.0,84
1449,runs\models_9x9\best.pt,runs\models_9x9\checkpoints\cycle_0186.pt,runs\models_9x9\best.pt,runs\models_9x9\checkpoints\cycle_0186.pt,p1_win,1.0,77
1450,runs\models_9x9\best.pt,runs\models_9x9\checkpoints\cycle_0186.pt,runs\models_9x9\best.pt,runs\models_9x9\checkpoints\cycle_0186.pt,p1_win,1.0,81
1451,runs\models_9x9\best.pt,runs\models_9x9\checkpoints\cycle_0186.pt,runs\models_9x9\checkpoints\cycle_0186.pt,runs\models_9x9\best.pt,p2_win,1.0,92
1452,runs\models_9x9\best.pt,runs\models_9x9\checkpoints\cycle_0186.pt,runs\models_9x9\best.pt,runs\models_9x9\checkpoints\cycle_0186.pt,p1_win,1.0,79
1453,runs\models_9x9\best.pt,runs\models_9x9\checkpoints\cycle_0186.pt,runs\models_9x9\checkpoints\cycle_0186.pt,runs\models_9x9\best.pt,p1_win,0.0,85
1454,runs\models_9x9\best.pt,runs\models_9x9\checkpoints\cycle_0186.pt,runs\models_9x9\checkpoints\cycle_0186.pt,runs\models_9x9\best.pt,p2_win,1.0,86
1455,runs\models_9x9\best.pt,runs\models_9x9\checkpoints\cycle_0186.pt,runs\models_9x9\checkpoints\cycle_0186.pt,runs\models_9x9\best.pt,p2_win,1.0,88
1456,runs\models_9x9\best.pt,runs\models_9x9\checkpoints\cycle_0186.pt,runs\models_9x9\best.pt,runs\models_9x9\checkpoints\cycle_0186.pt,p1_win,1.0,81
1457,runs\models_9x9\best.pt,runs\models_9x9\checkpoints\cycle_0186.pt,runs\models_9x9\best.pt,runs\models_9x9\checkpoints\cycle_0186.pt,p1_win,1.0,79
1458,runs\models_9x9\best.pt,runs\models_9x9\checkpoints\cycle_0186.pt,runs\models_9x9\checkpoints\cycle_0186.pt,runs\models_9x9\best.pt,p2_win,1.0,76
1459,runs\models_9x9\best.pt,runs\models_9x9\checkpoints\cycle_0186.pt,runs\models_9x9\best.pt,runs\models_9x9\checkpoints\cycle_0186.pt,p1_win,1.0,79
1460,runs\models_9x9\best.pt,runs\models_9x9\checkpoints\cycle_0186.pt,runs\models_9x9\checkpoints\cycle_0186.pt,runs\models_9x9\best.pt,p2_win,1.0,82
1461,runs\models_9x9\best.pt,runs\models_9x9\checkpoints\cycle_0186.pt,runs\models_9x9\checkpoints\cycle_0186.pt,runs\models_9x9\best.pt,p2_win,1.0,82
1462,runs\models_9x9\best.pt,runs\models_9x9\checkpoints\cycle_0186.pt,runs\models_9x9\best.pt,runs\models_9x9\checkpoints\cycle_0186.pt,p1_win,1.0,79
1463,runs\models_9x9\best.pt,runs\models_9x9\checkpoints\cycle_0186.pt,runs\models_9x9\checkpoints\cycle_0186.pt,runs\models_9x9\best.pt,p1_win,0.0,79
1464,runs\models_9x9\best.pt,runs\models_9x9\checkpoints\cycle_0186.pt,runs\models_9x9\checkpoints\cycle_0186.pt,runs\models_9x9\best.pt,p2_win,1.0,86
1465,runs\models_9x9\best.pt,runs\models_9x9\checkpoints\cycle_0186.pt,runs\models_9x9\best.pt,runs\models_9x9\checkpoints\cycle_0186.pt,p1_win,1.0,81
1466,runs\models_9x9\best.pt,runs\models_9x9\checkpoints\cycle_0186.pt,runs\models_9x9\best.pt,runs\models_9x9\checkpoints\cycle_0186.pt,p1_win,1.0,79
1467,runs\models_9x9\best.pt,runs\models_9x9\checkpoints\cycle_0186.pt,runs\models_9x9\best.pt,runs\models_9x9\checkpoints\cycle_0186.pt,p1_win,1.0,77
1468,runs\models_9x9\best.pt,runs\models_9x9\checkpoints\cycle_0186.pt,runs\models_9x9\best.pt,runs\models_9x9\checkpoints\cycle_0186.pt,p1_win,1.0,79
1469,runs\models_9x9\best.pt,runs\models_9x9\checkpoints\cycle_0186.pt,runs\models_9x9\checkpoints\cycle_0186.pt,runs\models_9x9\best.pt,p2_win,1.0,84
1470,runs\models_9x9\best.pt,runs\models_9x9\checkpoints\cycle_0186.pt,runs\models_9x9\checkpoints\cycle_0186.pt,runs\models_9x9\best.pt,p2_win,1.0,86
1471,runs\models_9x9\best.pt,runs\models_9x9\checkpoints\cycle_0186.pt,runs\models_9x9\best.pt,runs\models_9x9\checkpoints\cycle_0186.pt,p1_win,1.0,83
1472,runs\models_9x9\best.pt,runs\models_9x9\checkpoints\cycle_0186.pt,runs\models_9x9\checkpoints\cycle_0186.pt,runs\models_9x9\best.pt,p2_win,1.0,78
1473,runs\models_9x9\best.pt,runs\models_9x9\checkpoints\cycle_0186.pt,runs\models_9x9\best.pt,runs\models_9x9\checkpoints\cycle_0186.pt,p1_win,1.0,79
1474,runs\models_9x9\best.pt,runs\models_9x9\checkpoints\cycle_0186.pt,runs\models_9x9\checkpoints\cycle_0186.pt,runs\models_9x9\best.pt,p2_win,1.0,88
1475,runs\models_9x9\best.pt,runs\models_9x9\checkpoints\cycle_0186.pt,runs\models_9x9\checkpoints\cycle_0186.pt,runs\models_9x9\best.pt,p2_win,1.0,80
1476,runs\models_9x9\best.pt,runs\models_9x9\checkpoints\cycle_0186.pt,runs\models_9x9\checkpoints\cycle_0186.pt,runs\models_9x9\best.pt,p1_win,0.0,77
1477,runs\models_9x9\best.pt,runs\models_9x9\checkpoints\cycle_0186.pt,runs\models_9x9\best.pt,runs\models_9x9\checkpoints\cycle_0186.pt,p1_win,1.0,79
1478,runs\models_9x9\best.pt,runs\models_9x9\checkpoints\cycle_0186.pt,runs\models_9x9\checkpoints\cycle_0186.pt,runs\models_9x9\best.pt,p1_win,0.0,87
1479,runs\models_9x9\best.pt,runs\models_9x9\checkpoints\cycle_0186.pt,runs\models_9x9\best.pt,runs\models_9x9\checkpoints\cycle_0186.pt,p1_win,1.0,79
1480,runs\models_9x9\best.pt,runs\models_9x9\checkpoints\cycle_0186.pt,runs\models_9x9\best.pt,runs\models_9x9\checkpoints\cycle_0186.pt,p1_win,1.0,83
1481,runs\models_9x9\best.pt,runs\models_9x9\checkpoints\cycle_0186.pt,runs\models_9x9\checkpoints\cycle_0186.pt,runs\models_9x9\best.pt,p2_win,1.0,96
1482,runs\models_9x9\best.pt,runs\models_9x9\checkpoints\cycle_0186.pt,runs\models_9x9\best.pt,runs\models_9x9\checkpoints\cycle_0186.pt,p1_win,1.0,83
1483,runs\models_9x9\best.pt,runs\models_9x9\checkpoints\cycle_0186.pt,runs\models_9x9\checkpoints\cycle_0186.pt,runs\models_9x9\best.pt,p1_win,0.0,85
1484,runs\models_9x9\best.pt,runs\models_9x9\checkpoints\cycle_0186.pt,runs\models_9x9\best.pt,runs\models_9x9\checkpoints\cycle_0186.pt,p1_win,1.0,77
1485,runs\models_9x9\best.pt,runs\models_9x9\checkpoints\cycle_0186.pt,runs\models_9x9\best.pt,runs\models_9x9\checkpoints\cycle_0186.pt,p1_win,1.0,79
1486,runs\models_9x9\best.pt,runs\models_9x9\checkpoints\cycle_0186.pt,runs\models_9x9\best.pt,runs\models_9x9\checkpoints\cycle_0186.pt,p1_win,1.0,77
1487,runs\models_9x9\best.pt,runs\models_9x9\checkpoints\cycle_0186.pt,runs\models_9x9\best.pt,runs\models_9x9\checkpoints\cycle_0186.pt,p1_win,1.0,85
1488,runs\models_9x9\best.pt,runs\models_9x9\checkpoints\cycle_0186.pt,runs\models_9x9\best.pt,runs\models_9x9\checkpoints\cycle_0186.pt,p1_win,1.0,79
1489,runs\models_9x9\best.pt,runs\models_9x9\checkpoints\cycle_0186.pt,runs\models_9x9\best.pt,runs\models_9x9\checkpoints\cycle_0186.pt,p1_win,1.0,79
1490,runs\models_9x9\best.pt,runs\models_9x9\checkpoints\cycle_0186.pt,runs\models_9x9\best.pt,runs\models_9x9\checkpoints\cycle_0186.pt,p1_win,1.0,89
1491,runs\models_9x9\best.pt,runs\models_9x9\checkpoints\cycle_0186.pt,runs\models_9x9\best.pt,runs\models_9x9\checkpoints\cycle_0186.pt,p1_win,1.0,79
1492,runs\models_9x9\best.pt,runs\models_9x9\checkpoints\cycle_0186.pt,runs\models_9x9\best.pt,runs\models_9x9\checkpoints\cycle_0186.pt,p1_win,1.0,79
1493,runs\models_9x9\best.pt,runs\models_9x9\checkpoints\cycle_0186.pt,runs\models_9x9\best.pt,runs\models_9x9\checkpoints\cycle_0186.pt,p1_win,1.0,79
1494,runs\models_9x9\best.pt,runs\models_9x9\checkpoints\cycle_0186.pt,runs\models_9x9\best.pt,runs\models_9x9\checkpoints\cycle_0186.pt,p1_win,1.0,81
1495,runs\models_9x9\best.pt,runs\models_9x9\checkpoints\cycle_0186.pt,runs\models_9x9\best.pt,runs\models_9x9\checkpoints\cycle_0186.pt,p1_win,1.0,79
1496,runs\models_9x9\best.pt,runs\models_9x9\checkpoints\cycle_0186.pt,runs\models_9x9\checkpoints\cycle_0186.pt,runs\models_9x9\best.pt,p1_win,0.0,85
1497,runs\models_9x9\best.pt,runs\models_9x9\checkpoints\cycle_0186.pt,runs\models_9x9\best.pt,runs\models_9x9\checkpoints\cycle_0186.pt,p1_win,1.0,87
1498,runs\models_9x9\best.pt,runs\models_9x9\checkpoints\cycle_0186.pt,runs\models_9x9\best.pt,runs\models_9x9\checkpoints\cycle_0186.pt,p1_win,1.0,79
1499,runs\models_9x9\best.pt,runs\models_9x9\checkpoints\cycle_0186.pt,runs\models_9x9\checkpoints\cycle_0186.pt,runs\models_9x9\best.pt,p2_win,1.0,78
1500,runs\models_9x9\best.pt,runs\models_9x9\checkpoints\cycle_0186.pt,runs\models_9x9\checkpoints\cycle_0186.pt,runs\models_9x9\best.pt,p2_win,1.0,86
1501,runs\models_9x9\best.pt,runs\models_9x9\checkpoints\cycle_0186.pt,runs\models_9x9\checkpoints\cycle_0186.pt,runs\models_9x9\best.pt,p2_win,1.0,82
1502,runs\models_9x9\best.pt,runs\models_9x9\checkpoints\cycle_0186.pt,runs\models_9x9\best.pt,runs\models_9x9\checkpoints\cycle_0186.pt,p1_win,1.0,79
1503,runs\models_9x9\best.pt,runs\models_9x9\checkpoints\cycle_0186.pt,runs\models_9x9\best.pt,runs\models_9x9\checkpoints\cycle_0186.pt,p1_win,1.0,79
1504,runs\models_9x9\best.pt,runs\models_9x9\checkpoints\cycle_0186.pt,runs\models_9x9\checkpoints\cycle_0186.pt,runs\models_9x9\best.pt,p1_win,0.0,83
1505,runs\models_9x9\best.pt,runs\models_9x9\checkpoints\cycle_0186.pt,runs\models_9x9\checkpoints\cycle_0186.pt,runs\models_9x9\best.pt,p2_win,1.0,88
1506,runs\models_9x9\best.pt,runs\models_9x9\checkpoints\cycle_0186.pt,runs\models_9x9\best.pt,runs\models_9x9\checkpoints\cycle_0186.pt,p1_win,1.0,79
1507,runs\models_9x9\best.pt,runs\models_9x9\checkpoints\cycle_0186.pt,runs\models_9x9\best.pt,runs\models_9x9\checkpoints\cycle_0186.pt,p1_win,1.0,79
1508,runs\models_9x9\best.pt,runs\models_9x9\checkpoints\cycle_0186.pt,runs\models_9x9\best.pt,runs\models_9x9\checkpoints\cycle_0186.pt,p1_win,1.0,83
1509,runs\models_9x9\best.pt,runs\models_9x9\checkpoints\cycle_0186.pt,runs\models_9x9\checkpoints\cycle_0186.pt,runs\models_9x9\best.pt,p1_win,0.0,81
1510,runs\models_9x9\best.pt,runs\models_9x9\checkpoints\cycle_0186.pt,runs\models_9x9\checkpoints\cycle_0186.pt,runs\models_9x9\best.pt,p1_win,0.0,79
1511,runs\models_9x9\best.pt,runs\models_9x9\checkpoints\cycle_0186.pt,runs\models_9x9\checkpoints\cycle_0186.pt,runs\models_9x9\best.pt,p2_win,1.0,80
1512,runs\models_9x9\best.pt,runs\models_9x9\checkpoints\cycle_0186.pt,runs\models_9x9\best.pt,runs\models_9x9\checkpoints\cycle_0186.pt,p1_win,1.0,79
1513,runs\models_9x9\best.pt,runs\models_9x9\checkpoints\cycle_0186.pt,runs\models_9x9\checkpoints\cycle_0186.pt,runs\models_9x9\best.pt,p1_win,0.0,83
1514,runs\models_9x9\best.pt,runs\models_9x9\checkpoints\cycle_0186.pt,runs\models_9x9\best.pt,runs\models_9x9\checkpoints\cycle_0186.pt,p1_win,1.0,79
1515,runs\models_9x9\best.pt,runs\models_9x9\checkpoints\cycle_0186.pt,runs\models_9x9\checkpoints\cycle_0186.pt,runs\models_9x9\best.pt,p2_win,1.0,80
1516,runs\models_9x9\best.pt,runs\models_9x9\checkpoints\cycle_0186.pt,runs\models_9x9\checkpoints\cycle_0186.pt,runs\models_9x9\best.pt,p2_win,1.0,82
1517,runs\models_9x9\best.pt,runs\models_9x9\checkpoints\cycle_0186.pt,runs\models_9x9\best.pt,runs\models_9x9\checkpoints\cycle_0186.pt,p1_win,1.0,87
1518,runs\models_9x9\best.pt,runs\models_9x9\checkpoints\cycle_0186.pt,runs\models_9x9\best.pt,runs\models_9x9\checkpoints\cycle_0186.pt,p1_win,1.0,79
1519,runs\models_9x9\best.pt,runs\models_9x9\checkpoints\cycle_0186.pt,runs\models_9x9\checkpoints\cycle_0186.pt,runs\models_9x9\best.pt,p1_win,0.0,85
1520,runs\models_9x9\best.pt,runs\models_9x9\checkpoints\cycle_0186.pt,runs\models_9x9\best.pt,runs\models_9x9\checkpoints\cycle_0186.pt,p1_win,1.0,77
1521,runs\models_9x9\best.pt,runs\models_9x9\checkpoints\cycle_0186.pt,runs\models_9x9\best.pt,runs\models_9x9\checkpoints\cycle_0186.pt,p1_win,1.0,83
1522,runs\models_9x9\best.pt,runs\models_9x9\checkpoints\cycle_0186.pt,runs\models_9x9\best.pt,runs\models_9x9\checkpoints\cycle_0186.pt,p1_win,1.0,87
1523,runs\models_9x9\best.pt,runs\models_9x9\checkpoints\cycle_0186.pt,runs\models_9x9\best.pt,runs\models_9x9\checkpoints\cycle_0186.pt,p1_win,1.0,83
1524,runs\models_9x9\best.pt,runs\models_9x9\checkpoints\cycle_0186.pt,runs\models_9x9\checkpoints\cycle_0186.pt,runs\models_9x9\best.pt,p2_win,1.0,86
1525,runs\models_9x9\best.pt,runs\models_9x9\checkpoints\cycle_0186.pt,runs\models_9x9\best.pt,runs\models_9x9\checkpoints\cycle_0186.pt,p1_win,1.0,81
1526,runs\models_9x9\best.pt,runs\models_9x9\checkpoints\cycle_0186.pt,runs\models_9x9\best.pt,runs\models_9x9\checkpoints\cycle_0186.pt,p1_win,1.0,81
1527,runs\models_9x9\best.pt,runs\models_9x9\checkpoints\cycle_0186.pt,runs\models_9x9\best.pt,runs\models_9x9\checkpoints\cycle_0186.pt,p1_win,1.0,79
1528,runs\models_9x9\best.pt,runs\models_9x9\checkpoints\cycle_0186.pt,runs\models_9x9\best.pt,runs\models_9x9\checkpoints\cycle_0186.pt,p1_win,1.0,79
1529,runs\models_9x9\best.pt,runs\models_9x9\checkpoints\cycle_0186.pt,runs\models_9x9\checkpoints\cycle_0186.pt,runs\models_9x9\best.pt,p1_win,0.0,87
1530,runs\models_9x9\best.pt,runs\models_9x9\checkpoints\cycle_0186.pt,runs\models_9x9\checkpoints\cycle_0186.pt,runs\models_9x9\best.pt,p1_win,0.0,89
1531,runs\models_9x9\best.pt,runs\models_9x9\checkpoints\cycle_0186.pt,runs\models_9x9\best.pt,runs\models_9x9\checkpoints\cycle_0186.pt,p1_win,1.0,83
1532,runs\models_9x9\best.pt,runs\models_9x9\checkpoints\cycle_0186.pt,runs\models_9x9\best.pt,runs\models_9x9\checkpoints\cycle_0186.pt,p1_win,1.0,81
1533,runs\models_9x9\best.pt,runs\models_9x9\checkpoints\cycle_0186.pt,runs\models_9x9\best.pt,runs\models_9x9\checkpoints\cycle_0186.pt,p1_win,1.0,81
1534,runs\models_9x9\best.pt,runs\models_9x9\checkpoints\cycle_0186.pt,runs\models_9x9\best.pt,runs\models_9x9\checkpoints\cycle_0186.pt,p1_win,1.0,85
1535,runs\models_9x9\best.pt,runs\models_9x9\checkpoints\cycle_0186.pt,runs\models_9x9\checkpoints\cycle_0186.pt,runs\models_9x9\best.pt,p1_win,0.0,79
1536,runs\models_9x9\best.pt,runs\models_9x9\checkpoints\cycle_0186.pt,runs\models_9x9\best.pt,runs\models_9x9\checkpoints\cycle_0186.pt,p1_win,1.0,79
1537,runs\models_9x9\best.pt,runs\models_9x9\checkpoints\cycle_0186.pt,runs\models_9x9\best.pt,runs\models_9x9\checkpoints\cycle_0186.pt,p1_win,1.0,81
1538,runs\models_9x9\best.pt,runs\models_9x9\checkpoints\cycle_0186.pt,runs\models_9x9\best.pt,runs\models_9x9\checkpoints\cycle_0186.pt,p1_win,1.0,79
1539,runs\models_9x9\best.pt,runs\models_9x9\checkpoints\cycle_0186.pt,runs\models_9x9\checkpoints\cycle_0186.pt,runs\models_9x9\best.pt,p1_win,0.0,83
1540,runs\models_9x9\best.pt,runs\models_9x9\checkpoints\cycle_0186.pt,runs\models_9x9\best.pt,runs\models_9x9\checkpoints\cycle_0186.pt,p1_win,1.0,87
1541,runs\models_9x9\best.pt,runs\models_9x9\checkpoints\cycle_0186.pt,runs\models_9x9\checkpoints\cycle_0186.pt,runs\models_9x9\best.pt,p2_win,1.0,82
1542,runs\models_9x9\best.pt,runs\models_9x9\checkpoints\cycle_0186.pt,runs\models_9x9\best.pt,runs\models_9x9\checkpoints\cycle_0186.pt,p1_win,1.0,81
1543,runs\models_9x9\best.pt,runs\models_9x9\checkpoints\cycle_0186.pt,runs\models_9x9\best.pt,runs\models_9x9\checkpoints\cycle_0186.pt,p1_win,1.0,83
1544,runs\models_9x9\best.pt,runs\models_9x9\checkpoints\cycle_0186.pt,runs\models_9x9\checkpoints\cycle_0186.pt,runs\models_9x9\best.pt,p1_win,0.0,87
1545,runs\models_9x9\best.pt,runs\models_9x9\checkpoints\cycle_0186.pt,runs\models_9x9\checkpoints\cycle_0186.pt,runs\models_9x9\best.pt,p1_win,0.0,79
1546,runs\models_9x9\best.pt,runs\models_9x9\checkpoints\cycle_0186.pt,runs\models_9x9\best.pt,runs\models_9x9\checkpoints\cycle_0186.pt,p1_win,1.0,79
1547,runs\models_9x9\best.pt,runs\models_9x9\checkpoints\cycle_0186.pt,runs\models_9x9\best.pt,runs\models_9x9\checkpoints\cycle_0186.pt,p1_win,1.0,79
1548,runs\models_9x9\best.pt,runs\models_9x9\checkpoints\cycle_0186.pt,runs\models_9x9\checkpoints\cycle_0186.pt,runs\models_9x9\best.pt,p2_win,1.0,84
1549,runs\models_9x9\best.pt,runs\models_9x9\checkpoints\cycle_0186.pt,runs\models_9x9\checkpoints\cycle_0186.pt,runs\models_9x9\best.pt,p2_win,1.0,78
1550,runs\models_9x9\best.pt,runs\models_9x9\checkpoints\cycle_0186.pt,runs\models_9x9\best.pt,runs\models_9x9\checkpoints\cycle_0186.pt,p1_win,1.0,83
1551,runs\models_9x9\best.pt,runs\models_9x9\checkpoints\cycle_0186.pt,runs\models_9x9\checkpoints\cycle_0186.pt,runs\models_9x9\best.pt,p1_win,0.0,83
1552,runs\models_9x9\best.pt,runs\models_9x9\checkpoints\cycle_0186.pt,runs\models_9x9\checkpoints\cycle_0186.pt,runs\models_9x9\best.pt,p2_win,1.0,88
1553,runs\models_9x9\best.pt,runs\models_9x9\checkpoints\cycle_0186.pt,runs\models_9x9\best.pt,runs\models_9x9\checkpoints\cycle_0186.pt,p1_win,1.0,79
1554,runs\models_9x9\best.pt,runs\models_9x9\checkpoints\cycle_0186.pt,runs\models_9x9\best.pt,runs\models_9x9\checkpoints\cycle_0186.pt,p1_win,1.0,81
1555,runs\models_9x9\best.pt,runs\models_9x9\checkpoints\cycle_0186.pt,runs\models_9x9\checkpoints\cycle_0186.pt,runs\models_9x9\best.pt,p2_win,1.0,88
1556,runs\models_9x9\best.pt,runs\models_9x9\checkpoints\cycle_0186.pt,runs\models_9x9\best.pt,runs\models_9x9\checkpoints\cycle_0186.pt,p1_win,1.0,85
1557,runs\models_9x9\best.pt,runs\models_9x9\checkpoints\cycle_0186.pt,runs\models_9x9\checkpoints\cycle_0186.pt,runs\models_9x9\best.pt,p2_win,1.0,84
1558,runs\models_9x9\best.pt,runs\models_9x9\checkpoints\cycle_0186.pt,runs\models_9x9\checkpoints\cycle_0186.pt,runs\models_9x9\best.pt,p2_win,1.0,88
1559,runs\models_9x9\best.pt,runs\models_9x9\checkpoints\cycle_0186.pt,runs\models_9x9\checkpoints\cycle_0186.pt,runs\models_9x9\best.pt,p1_win,0.0,81
1560,runs\models_9x9\best.pt,runs\models_9x9\checkpoints\cycle_0186.pt,runs\models_9x9\checkpoints\cycle_0186.pt,runs\models_9x9\best.pt,p1_win,0.0,87
1561,runs\models_9x9\best.pt,runs\models_9x9\checkpoints\cycle_0186.pt,runs\models_9x9\checkpoints\cycle_0186.pt,runs\models_9x9\best.pt,p1_win,0.0,85
1562,runs\models_9x9\best.pt,runs\models_9x9\checkpoints\cycle_0186.pt,runs\models_9x9\checkpoints\cycle_0186.pt,runs\models_9x9\best.pt,p1_win,0.0,93
1563,runs\models_9x9\best.pt,runs\models_9x9\checkpoints\cycle_0186.pt,runs\models_9x9\best.pt,runs\models_9x9\checkpoints\cycle_0186.pt,p1_win,1.0,85
1564,runs\models_9x9\best.pt,runs\models_9x9\checkpoints\cycle_0186.pt,runs\models_9x9\checkpoints\cycle_0186.pt,runs\models_9x9\best.pt,p2_win,1.0,84
1565,runs\models_9x9\best.pt,runs\models_9x9\checkpoints\cycle_0186.pt,runs\models_9x9\best.pt,runs\models_9x9\checkpoints\cycle_0186.pt,p1_win,1.0,83
1566,runs\models_9x9\best.pt,runs\models_9x9\checkpoints\cycle_0186.pt,runs\models_9x9\checkpoints\cycle_0186.pt,runs\models_9x9\best.pt,p1_win,0.0,81
1567,runs\models_9x9\best.pt,runs\models_9x9\checkpoints\cycle_0186.pt,runs\models_9x9\checkpoints\cycle_0186.pt,runs\models_9x9\best.pt,p1_win,0.0,83
1568,runs\models_9x9\best.pt,runs\models_9x9\checkpoints\cycle_0186.pt,runs\models_9x9\best.pt,runs\models_9x9\checkpoints\cycle_0186.pt,p1_win,1.0,83
1569,runs\models_9x9\best.pt,runs\models_9x9\checkpoints\cycle_0186.pt,runs\models_9x9\best.pt,runs\models_9x9\checkpoints\cycle_0186.pt,p1_win,1.0,85
1570,runs\models_9x9\best.pt,runs\models_9x9\checkpoints\cycle_0186.pt,runs\models_9x9\checkpoints\cycle_0186.pt,runs\models_9x9\best.pt,p2_win,1.0,88
1571,runs\models_9x9\best.pt,runs\models_9x9\checkpoints\cycle_0186.pt,runs\models_9x9\checkpoints\cycle_0186.pt,runs\models_9x9\best.pt,p2_win,1.0,80
1572,runs\models_9x9\best.pt,runs\models_9x9\checkpoints\cycle_0186.pt,runs\models_9x9\best.pt,runs\models_9x9\checkpoints\cycle_0186.pt,p1_win,1.0,83
1573,runs\models_9x9\best.pt,runs\models_9x9\checkpoints\cycle_0186.pt,runs\models_9x9\best.pt,runs\models_9x9\checkpoints\cycle_0186.pt,p1_win,1.0,87
1574,runs\models_9x9\best.pt,runs\models_9x9\checkpoints\cycle_0186.pt,runs\models_9x9\checkpoints\cycle_0186.pt,runs\models_9x9\best.pt,p2_win,1.0,80
1575,runs\models_9x9\best.pt,runs\models_9x9\checkpoints\cycle_0186.pt,runs\models_9x9\checkpoints\cycle_0186.pt,runs\models_9x9\best.pt,p2_win,1.0,80
1576,runs\models_9x9\best.pt,runs\models_9x9\checkpoints\cycle_0186.pt,runs\models_9x9\best.pt,runs\models_9x9\checkpoints\cycle_0186.pt,p1_win,1.0,87
1577,runs\models_9x9\best.pt,runs\models_9x9\checkpoints\cycle_0186.pt,runs\models_9x9\best.pt,runs\models_9x9\checkpoints\cycle_0186.pt,p1_win,1.0,85
1578,runs\models_9x9\best.pt,runs\models_9x9\checkpoints\cycle_0186.pt,runs\models_9x9\best.pt,runs\models_9x9\checkpoints\cycle_0186.pt,p1_win,1.0,87
1579,runs\models_9x9\best.pt,runs\models_9x9\checkpoints\cycle_0186.pt,runs\models_9x9\checkpoints\cycle_0186.pt,runs\models_9x9\best.pt,p1_win,0.0,79
1580,runs\models_9x9\best.pt,runs\models_9x9\checkpoints\cycle_0186.pt,runs\models_9x9\best.pt,runs\models_9x9\checkpoints\cycle_0186.pt,p1_win,1.0,87
1581,runs\models_9x9\best.pt,runs\models_9x9\checkpoints\cycle_0186.pt,runs\models_9x9\checkpoints\cycle_0186.pt,runs\models_9x9\best.pt,p1_win,0.0,81
1582,runs\models_9x9\best.pt,runs\models_9x9\checkpoints\cycle_0186.pt,runs\models_9x9\best.pt,runs\models_9x9\checkpoints\cycle_0186.pt,p1_win,1.0,81
1583,runs\models_9x9\best.pt,runs\models_9x9\checkpoints\cycle_0186.pt,runs\models_9x9\best.pt,runs\models_9x9\checkpoints\cycle_0186.pt,p1_win,1.0,81
1584,runs\models_9x9\best.pt,runs\models_9x9\checkpoints\cycle_0186.pt,runs\models_9x9\checkpoints\cycle_0186.pt,runs\models_9x9\best.pt,p2_win,1.0,80
1585,runs\models_9x9\best.pt,runs\models_9x9\checkpoints\cycle_0186.pt,runs\models_9x9\best.pt,runs\models_9x9\checkpoints\cycle_0186.pt,p1_win,1.0,85
1586,runs\models_9x9\best.pt,runs\models_9x9\checkpoints\cycle_0186.pt,runs\models_9x9\best.pt,runs\models_9x9\checkpoints\cycle_0186.pt,p1_win,1.0,85
1587,runs\models_9x9\best.pt,runs\models_9x9\checkpoints\cycle_0186.pt,runs\models_9x9\best.pt,runs\models_9x9\checkpoints\cycle_0186.pt,p1_win,1.0,85
1588,runs\models_9x9\best.pt,runs\models_9x9\checkpoints\cycle_0186.pt,runs\models_9x9\best.pt,runs\models_9x9\checkpoints\cycle_0186.pt,p1_win,1.0,85
1589,runs\models_9x9\best.pt,runs\models_9x9\checkpoints\cycle_0186.pt,runs\models_9x9\best.pt,runs\models_9x9\checkpoints\cycle_0186.pt,p1_win,1.0,83
1590,runs\models_9x9\best.pt,runs\models_9x9\checkpoints\cycle_0186.pt,runs\models_9x9\best.pt,runs\models_9x9\checkpoints\cycle_0186.pt,p1_win,1.0,85
1591,runs\models_9x9\best.pt,runs\models_9x9\checkpoints\cycle_0186.pt,runs\models_9x9\checkpoints\cycle_0186.pt,runs\models_9x9\best.pt,p1_win,0.0,83
1592,runs\models_9x9\best.pt,runs\models_9x9\checkpoints\cycle_0186.pt,runs\models_9x9\checkpoints\cycle_0186.pt,runs\models_9x9\best.pt,p1_win,0.0,83
1593,runs\models_9x9\best.pt,runs\models_9x9\checkpoints\cycle_0186.pt,runs\models_9x9\checkpoints\cycle_0186.pt,runs\models_9x9\best.pt,p2_win,1.0,92
1594,runs\models_9x9\best.pt,runs\models_9x9\checkpoints\cycle_0186.pt,runs\models_9x9\best.pt,runs\models_9x9\checkpoints\cycle_0186.pt,p1_win,1.0,81
1595,runs\models_9x9\best.pt,runs\models_9x9\checkpoints\cycle_0186.pt,runs\models_9x9\best.pt,runs\models_9x9\checkpoints\cycle_0186.pt,p1_win,1.0,81
1596,runs\models_9x9\best.pt,runs\models_9x9\checkpoints\cycle_0186.pt,runs\models_9x9\checkpoints\cycle_0186.pt,runs\models_9x9\best.pt,p2_win,1.0,82
1597,runs\models_9x9\best.pt,runs\models_9x9\checkpoints\cycle_0186.pt,runs\models_9x9\best.pt,runs\models_9x9\checkpoints\cycle_0186.pt,p1_win,1.0,83
1598,runs\models_9x9\best.pt,runs\models_9x9\checkpoints\cycle_0186.pt,runs\models_9x9\best.pt,runs\models_9x9\checkpoints\cycle_0186.pt,p1_win,1.0,85
1599,runs\models_9x9\best.pt,runs\models_9x9\checkpoints\cycle_0186.pt,runs\models_9x9\checkpoints\cycle_0186.pt,runs\models_9x9\best.pt,p1_win,0.0,85
1600,runs\models_9x9\best.pt,runs\models_9x9\checkpoints\cycle_0186.pt,runs\models_9x9\best.pt,runs\models_9x9\checkpoints\cycle_0186.pt,p1_win,1.0,83
1601,runs\models_9x9\best.pt,runs\models_9x9\checkpoints\cycle_0186.pt,runs\models_9x9\checkpoints\cycle_0186.pt,runs\models_9x9\best.pt,p1_win,0.0,83
1602,runs\models_9x9\best.pt,runs\models_9x9\checkpoints\cycle_0186.pt,runs\models_9x9\best.pt,runs\models_9x9\checkpoints\cycle_0186.pt,p1_win,1.0,87
1603,runs\models_9x9\best.pt,runs\models_9x9\checkpoints\cycle_0186.pt,runs\models_9x9\checkpoints\cycle_0186.pt,runs\models_9x9\best.pt,p2_win,1.0,80
1604,runs\models_9x9\best.pt,runs\models_9x9\checkpoints\cycle_0186.pt,runs\models_9x9\checkpoints\cycle_0186.pt,runs\models_9x9\best.pt,p2_win,1.0,80
1605,runs\models_9x9\best.pt,runs\models_9x9\checkpoints\cycle_0186.pt,runs\models_9x9\best.pt,runs\models_9x9\checkpoints\cycle_0186.pt,p1_win,1.0,91
1606,runs\models_9x9\best.pt,runs\models_9x9\checkpoints\cycle_0186.pt,runs\models_9x9\best.pt,runs\models_9x9\checkpoints\cycle_0186.pt,p1_win,1.0,83
1607,runs\models_9x9\best.pt,runs\models_9x9\checkpoints\cycle_0186.pt,runs\models_9x9\checkpoints\cycle_0186.pt,runs\models_9x9\best.pt,p2_win,1.0,82
1608,runs\models_9x9\best.pt,runs\models_9x9\checkpoints\cycle_0186.pt,runs\models_9x9\checkpoints\cycle_0186.pt,runs\models_9x9\best.pt,p2_win,1.0,80
1609,runs\models_9x9\best.pt,runs\models_9x9\checkpoints\cycle_0186.pt,runs\models_9x9\best.pt,runs\models_9x9\checkpoints\cycle_0186.pt,p1_win,1.0,83
1610,runs\models_9x9\best.pt,runs\models_9x9\checkpoints\cycle_0186.pt,runs\models_9x9\checkpoints\cycle_0186.pt,runs\models_9x9\best.pt,p1_win,0.0,91
1611,runs\models_9x9\best.pt,runs\models_9x9\checkpoints\cycle_0186.pt,runs\models_9x9\best.pt,runs\models_9x9\checkpoints\cycle_0186.pt,p1_win,1.0,83
1612,runs\models_9x9\best.pt,runs\models_9x9\checkpoints\cycle_0186.pt,runs\models_9x9\checkpoints\cycle_0186.pt,runs\models_9x9\best.pt,p1_win,0.0,85
1613,runs\models_9x9\best.pt,runs\models_9x9\checkpoints\cycle_0186.pt,runs\models_9x9\best.pt,runs\models_9x9\checkpoints\cycle_0186.pt,p1_win,1.0,81
1614,runs\models_9x9\best.pt,runs\models_9x9\checkpoints\cycle_0186.pt,runs\models_9x9\checkpoints\cycle_0186.pt,runs\models_9x9\best.pt,p1_win,0.0,85
1615,runs\models_9x9\best.pt,runs\models_9x9\checkpoints\cycle_0186.pt,runs\models_9x9\checkpoints\cycle_0186.pt,runs\models_9x9\best.pt,p1_win,0.0,79
1616,runs\models_9x9\best.pt,runs\models_9x9\checkpoints\cycle_0186.pt,runs\models_9x9\best.pt,runs\models_9x9\checkpoints\cycle_0186.pt,p1_win,1.0,91
1617,runs\models_9x9\best.pt,runs\models_9x9\checkpoints\cycle_0186.pt,runs\models_9x9\best.pt,runs\models_9x9\checkpoints\cycle_0186.pt,p1_win,1.0,83
1618,runs\models_9x9\best.pt,runs\models_9x9\checkpoints\cycle_0186.pt,runs\models_9x9\best.pt,runs\models_9x9\checkpoints\cycle_0186.pt,p1_win,1.0,81
1619,runs\models_9x9\best.pt,runs\models_9x9\checkpoints\cycle_0186.pt,runs\models_9x9\checkpoints\cycle_0186.pt,runs\models_9x9\best.pt,p1_win,0.0,79
1620,runs\models_9x9\best.pt,runs\models_9x9\checkpoints\cycle_0186.pt,runs\models_9x9\best.pt,runs\models_9x9\checkpoints\cycle_0186.pt,p1_win,1.0,83
1621,runs\models_9x9\best.pt,runs\models_9x9\checkpoints\cycle_0186.pt,runs\models_9x9\checkpoints\cycle_0186.pt,runs\models_9x9\best.pt,p2_win,1.0,94
1622,runs\models_9x9\best.pt,runs\models_9x9\checkpoints\cycle_0186.pt,runs\models_9x9\checkpoints\cycle_0186.pt,runs\models_9x9\best.pt,p1_win,0.0,85
1623,runs\models_9x9\best.pt,runs\models_9x9\checkpoints\cycle_0186.pt,runs\models_9x9\checkpoints\cycle_0186.pt,runs\models_9x9\best.pt,p1_win,0.0,83
1624,runs\models_9x9\best.pt,runs\models_9x9\checkpoints\cycle_0186.pt,runs\models_9x9\checkpoints\cycle_0186.pt,runs\models_9x9\best.pt,p2_win,1.0,94
1625,runs\models_9x9\best.pt,runs\models_9x9\checkpoints\cycle_0186.pt,runs\models_9x9\best.pt,runs\models_9x9\checkpoints\cycle_0186.pt,p1_win,1.0,83
1626,runs\models_9x9\best.pt,runs\models_9x9\checkpoints\cycle_0186.pt,runs\models_9x9\best.pt,runs\models_9x9\checkpoints\cycle_0186.pt,p1_win,1.0,89
1627,runs\models_9x9\best.pt,runs\models_9x9\checkpoints\cycle_0186.pt,runs\models_9x9\checkpoints\cycle_0186.pt,runs\models_9x9\best.pt,p1_win,0.0,83
1628,runs\models_9x9\best.pt,runs\models_9x9\checkpoints\cycle_0186.pt,runs\models_9x9\best.pt,runs\models_9x9\checkpoints\cycle_0186.pt,p1_win,1.0,85
1629,runs\models_9x9\best.pt,runs\models_9x9\checkpoints\cycle_0186.pt,runs\models_9x9\best.pt,runs\models_9x9\checkpoints\cycle_0186.pt,p1_win,1.0,87
1630,runs\models_9x9\best.pt,runs\models_9x9\checkpoints\cycle_0186.pt,runs\models_9x9\checkpoints\cycle_0186.pt,runs\models_9x9\best.pt,p1_win,0.0,81
1631,runs\models_9x9\best.pt,runs\models_9x9\checkpoints\cycle_0186.pt,runs\models_9x9\best.pt,runs\models_9x9\checkpoints\cycle_0186.pt,p1_win,1.0,83
1632,runs\models_9x9\best.pt,runs\models_9x9\checkpoints\cycle_0186.pt,runs\models_9x9\best.pt,runs\models_9x9\checkpoints\cycle_0186.pt,p1_win,1.0,83
1633,runs\models_9x9\best.pt,runs\models_9x9\checkpoints\cycle_0186.pt,runs\models_9x9\checkpoints\cycle_0186.pt,runs\models_9x9\best.pt,p1_win,0.0,83
1634,runs\models_9x9\best.pt,runs\models_9x9\checkpoints\cycle_0186.pt,runs\models_9x9\best.pt,runs\models_9x9\checkpoints\cycle_0186.pt,p1_win,1.0,85
1635,runs\models_9x9\best.pt,runs\models_9x9\checkpoints\cycle_0186.pt,runs\models_9x9\best.pt,runs\models_9x9\checkpoints\cycle_0186.pt,p1_win,1.0,81
1636,runs\models_9x9\best.pt,runs\models_9x9\checkpoints\cycle_0186.pt,runs\models_9x9\best.pt,runs\models_9x9\checkpoints\cycle_0186.pt,p1_win,1.0,81
1637,runs\models_9x9\best.pt,runs\models_9x9\checkpoints\cycle_0186.pt,runs\models_9x9\best.pt,runs\models_9x9\checkpoints\cycle_0186.pt,p1_win,1.0,81
1638,runs\models_9x9\best.pt,runs\models_9x9\checkpoints\cycle_0186.pt,runs\models_9x9\checkpoints\cycle_0186.pt,runs\models_9x9\best.pt,p2_win,1.0,80
1639,runs\models_9x9\best.pt,runs\models_9x9\checkpoints\cycle_0186.pt,runs\models_9x9\best.pt,runs\models_9x9\checkpoints\cycle_0186.pt,p1_win,1.0,85
1640,runs\models_9x9\best.pt,runs\models_9x9\checkpoints\cycle_0186.pt,runs\models_9x9\best.pt,runs\models_9x9\checkpoints\cycle_0186.pt,p1_win,1.0,81
1641,runs\models_9x9\best.pt,runs\models_9x9\checkpoints\cycle_0186.pt,runs\models_9x9\checkpoints\cycle_0186.pt,runs\models_9x9\best.pt,p2_win,1.0,82
1642,runs\models_9x9\best.pt,runs\models_9x9\checkpoints\cycle_0186.pt,runs\models_9x9\best.pt,runs\models_9x9\checkpoints\cycle_0186.pt,p1_win,1.0,87
1643,runs\models_9x9\best.pt,runs\models_9x9\checkpoints\cycle_0186.pt,runs\models_9x9\best.pt,runs\models_9x9\checkpoints\cycle_0186.pt,p1_win,1.0,87
1644,runs\models_9x9\best.pt,runs\models_9x9\checkpoints\cycle_0186.pt,runs\models_9x9\best.pt,runs\models_9x9\checkpoints\cycle_0186.pt,p2_win,0.0,84
1645,runs\models_9x9\best.pt,runs\models_9x9\checkpoints\cycle_0186.pt,runs\models_9x9\best.pt,runs\models_9x9\checkpoints\cycle_0186.pt,p1_win,1.0,83
1646,runs\models_9x9\best.pt,runs\models_9x9\checkpoints\cycle_0186.pt,runs\models_9x9\checkpoints\cycle_0186.pt,runs\models_9x9\best.pt,p1_win,0.0,83
1647,runs\models_9x9\best.pt,runs\models_9x9\checkpoints\cycle_0186.pt,runs\models_9x9\checkpoints\cycle_0186.pt,runs\models_9x9\best.pt,p1_win,0.0,91
1648,runs\models_9x9\best.pt,runs\models_9x9\checkpoints\cycle_0186.pt,runs\models_9x9\best.pt,runs\models_9x9\checkpoints\cycle_0186.pt,p1_win,1.0,83
1649,runs\models_9x9\best.pt,runs\models_9x9\checkpoints\cycle_0186.pt,runs\models_9x9\checkpoints\cycle_0186.pt,runs\models_9x9\best.pt,p2_win,1.0,80
1650,runs\models_9x9\best.pt,runs\models_9x9\checkpoints\cycle_0186.pt,runs\models_9x9\checkpoints\cycle_0186.pt,runs\models_9x9\best.pt,p1_win,0.0,83
1651,runs\models_9x9\best.pt,runs\models_9x9\checkpoints\cycle_0186.pt,runs\models_9x9\best.pt,runs\models_9x9\checkpoints\cycle_0186.pt,p1_win,1.0,87
1652,runs\models_9x9\best.pt,runs\models_9x9\checkpoints\cycle_0186.pt,runs\models_9x9\checkpoints\cycle_0186.pt,runs\models_9x9\best.pt,p2_win,1.0,86
1653,runs\models_9x9\best.pt,runs\models_9x9\checkpoints\cycle_0186.pt,runs\models_9x9\best.pt,runs\models_9x9\checkpoints\cycle_0186.pt,p1_win,1.0,81
1654,runs\models_9x9\best.pt,runs\models_9x9\checkpoints\cycle_0186.pt,runs\models_9x9\best.pt,runs\models_9x9\checkpoints\cycle_0186.pt,p1_win,1.0,89
1655,runs\models_9x9\best.pt,runs\models_9x9\checkpoints\cycle_0186.pt,runs\models_9x9\checkpoints\cycle_0186.pt,runs\models_9x9\best.pt,p1_win,0.0,83
1656,runs\models_9x9\best.pt,runs\models_9x9\checkpoints\cycle_0186.pt,runs\models_9x9\checkpoints\cycle_0186.pt,runs\models_9x9\best.pt,p2_win,1.0,88
1657,runs\models_9x9\best.pt,runs\models_9x9\checkpoints\cycle_0186.pt,runs\models_9x9\checkpoints\cycle_0186.pt,runs\models_9x9\best.pt,p2_win,1.0,88
1658,runs\models_9x9\best.pt,runs\models_9x9\checkpoints\cycle_0186.pt,runs\models_9x9\best.pt,runs\models_9x9\checkpoints\cycle_0186.pt,p1_win,1.0,89
1659,runs\models_9x9\best.pt,runs\models_9x9\checkpoints\cycle_0186.pt,runs\models_9x9\checkpoints\cycle_0186.pt,runs\models_9x9\best.pt,p1_win,0.0,81
1660,runs\models_9x9\best.pt,runs\models_9x9\checkpoints\cycle_0186.pt,runs\models_9x9\best.pt,runs\models_9x9\checkpoints\cycle_0186.pt,p1_win,1.0,83
1661,runs\models_9x9\best.pt,runs\models_9x9\checkpoints\cycle_0186.pt,runs\models_9x9\checkpoints\cycle_0186.pt,runs\models_9x9\best.pt,p1_win,0.0,81
1662,runs\models_9x9\best.pt,runs\models_9x9\checkpoints\cycle_0186.pt,runs\models_9x9\checkpoints\cycle_0186.pt,runs\models_9x9\best.pt,p2_win,1.0,84
1663,runs\models_9x9\best.pt,runs\models_9x9\checkpoints\cycle_0186.pt,runs\models_9x9\best.pt,runs\models_9x9\checkpoints\cycle_0186.pt,p1_win,1.0,83
1664,runs\models_9x9\best.pt,runs\models_9x9\checkpoints\cycle_0186.pt,runs\models_9x9\best.pt,runs\models_9x9\checkpoints\cycle_0186.pt,p1_win,1.0,83
1665,runs\models_9x9\best.pt,runs\models_9x9\checkpoints\cycle_0186.pt,runs\models_9x9\best.pt,runs\models_9x9\checkpoints\cycle_0186.pt,p1_win,1.0,85
1666,runs\models_9x9\best.pt,runs\models_9x9\checkpoints\cycle_0186.pt,runs\models_9x9\checkpoints\cycle_0186.pt,runs\models_9x9\best.pt,p2_win,1.0,94
1667,runs\models_9x9\best.pt,runs\models_9x9\checkpoints\cycle_0186.pt,runs\models_9x9\checkpoints\cycle_0186.pt,runs\models_9x9\best.pt,p2_win,1.0,84
1668,runs\models_9x9\best.pt,runs\models_9x9\checkpoints\cycle_0186.pt,runs\models_9x9\checkpoints\cycle_0186.pt,runs\models_9x9\best.pt,p1_win,0.0,91
1669,runs\models_9x9\best.pt,runs\models_9x9\checkpoints\cycle_0186.pt,runs\models_9x9\checkpoints\cycle_0186.pt,runs\models_9x9\best.pt,p2_win,1.0,88
1670,runs\models_9x9\best.pt,runs\models_9x9\checkpoints\cycle_0186.pt,runs\models_9x9\best.pt,runs\models_9x9\checkpoints\cycle_0186.pt,p1_win,1.0,83
1671,runs\models_9x9\best.pt,runs\models_9x9\checkpoints\cycle_0186.pt,runs\models_9x9\checkpoints\cycle_0186.pt,runs\models_9x9\best.pt,p2_win,1.0,84
1672,runs\models_9x9\best.pt,runs\models_9x9\checkpoints\cycle_0186.pt,runs\models_9x9\checkpoints\cycle_0186.pt,runs\models_9x9\best.pt,p1_win,0.0,83
1673,runs\models_9x9\best.pt,runs\models_9x9\checkpoints\cycle_0186.pt,runs\models_9x9\best.pt,runs\models_9x9\checkpoints\cycle_0186.pt,p1_win,1.0,83
1674,runs\models_9x9\best.pt,runs\models_9x9\checkpoints\cycle_0186.pt,runs\models_9x9\checkpoints\cycle_0186.pt,runs\models_9x9\best.pt,p2_win,1.0,86
1675,runs\models_9x9\best.pt,runs\models_9x9\checkpoints\cycle_0186.pt,runs\models_9x9\checkpoints\cycle_0186.pt,runs\models_9x9\best.pt,p1_win,0.0,83
1676,runs\models_9x9\best.pt,runs\models_9x9\checkpoints\cycle_0186.pt,runs\models_9x9\checkpoints\cycle_0186.pt,runs\models_9x9\best.pt,p2_win,1.0,82
1677,runs\models_9x9\best.pt,runs\models_9x9\checkpoints\cycle_0186.pt,runs\models_9x9\best.pt,runs\models_9x9\checkpoints\cycle_0186.pt,p1_win,1.0,83
1678,runs\models_9x9\best.pt,runs\models_9x9\checkpoints\cycle_0186.pt,runs\models_9x9\best.pt,runs\models_9x9\checkpoints\cycle_0186.pt,p1_win,1.0,83
1679,runs\models_9x9\best.pt,runs\models_9x9\checkpoints\cycle_0186.pt,runs\models_9x9\checkpoints\cycle_0186.pt,runs\models_9x9\best.pt,p1_win,0.0,81
1680,runs\models_9x9\best.pt,runs\models_9x9\checkpoints\cycle_0186.pt,runs\models_9x9\checkpoints\cycle_0186.pt,runs\models_9x9\best.pt,p2_win,1.0,86
1681,runs\models_9x9\best.pt,runs\models_9x9\checkpoints\cycle_0186.pt,runs\models_9x9\checkpoints\cycle_0186.pt,runs\models_9x9\best.pt,p2_win,1.0,84
1682,runs\models_9x9\best.pt,runs\models_9x9\checkpoints\cycle_0186.pt,runs\models_9x9\checkpoints\cycle_0186.pt,runs\models_9x9\best.pt,p2_win,1.0,90
1683,runs\models_9x9\best.pt,runs\models_9x9\checkpoints\cycle_0186.pt,runs\models_9x9\checkpoints\cycle_0186.pt,runs\models_9x9\best.pt,p2_win,1.0,84
1684,runs\models_9x9\best.pt,runs\models_9x9\checkpoints\cycle_0186.pt,runs\models_9x9\checkpoints\cycle_0186.pt,runs\models_9x9\best.pt,p2_win,1.0,92
1685,runs\models_9x9\best.pt,runs\models_9x9\checkpoints\cycle_0186.pt,runs\models_9x9\best.pt,runs\models_9x9\checkpoints\cycle_0186.pt,p1_win,1.0,91
1686,runs\models_9x9\best.pt,runs\models_9x9\checkpoints\cycle_0186.pt,runs\models_9x9\checkpoints\cycle_0186.pt,runs\models_9x9\best.pt,p2_win,1.0,84
1687,runs\models_9x9\best.pt,runs\models_9x9\checkpoints\cycle_0186.pt,runs\models_9x9\checkpoints\cycle_0186.pt,runs\models_9x9\best.pt,p1_win,0.0,87
1688,runs\models_9x9\best.pt,runs\models_9x9\checkpoints\cycle_0186.pt,runs\models_9x9\checkpoints\cycle_0186.pt,runs\models_9x9\best.pt,p1_win,0.0,83
1689,runs\models_9x9\best.pt,runs\models_9x9\checkpoints\cycle_0186.pt,runs\models_9x9\checkpoints\cycle_0186.pt,runs\models_9x9\best.pt,p2_win,1.0,88
1690,runs\models_9x9\best.pt,runs\models_9x9\checkpoints\cycle_0186.pt,runs\models_9x9\checkpoints\cycle_0186.pt,runs\models_9x9\best.pt,p2_win,1.0,86
1691,runs\models_9x9\best.pt,runs\models_9x9\checkpoints\cycle_0186.pt,runs\models_9x9\checkpoints\cycle_0186.pt,runs\models_9x9\best.pt,p2_win,1.0,90
1692,runs\models_9x9\best.pt,runs\models_9x9\checkpoints\cycle_0186.pt,runs\models_9x9\best.pt,runs\models_9x9\checkpoints\cycle_0186.pt,p1_win,1.0,85
1693,runs\models_9x9\best.pt,runs\models_9x9\checkpoints\cycle_0186.pt,runs\models_9x9\checkpoints\cycle_0186.pt,runs\models_9x9\best.pt,p2_win,1.0,88
1694,runs\models_9x9\best.pt,runs\models_9x9\checkpoints\cycle_0186.pt,runs\models_9x9\checkpoints\cycle_0186.pt,runs\models_9x9\best.pt,p2_win,1.0,82
1695,runs\models_9x9\best.pt,runs\models_9x9\checkpoints\cycle_0186.pt,runs\models_9x9\checkpoints\cycle_0186.pt,runs\models_9x9\best.pt,p2_win,1.0,84
1696,runs\models_9x9\best.pt,runs\models_9x9\checkpoints\cycle_0186.pt,runs\models_9x9\best.pt,runs\models_9x9\checkpoints\cycle_0186.pt,p1_win,1.0,85
1697,runs\models_9x9\best.pt,runs\models_9x9\checkpoints\cycle_0186.pt,runs\models_9x9\best.pt,runs\models_9x9\checkpoints\cycle_0186.pt,p1_win,1.0,89
1698,runs\models_9x9\best.pt,runs\models_9x9\checkpoints\cycle_0186.pt,runs\models_9x9\best.pt,runs\models_9x9\checkpoints\cycle_0186.pt,p1_win,1.0,87
1699,runs\models_9x9\best.pt,runs\models_9x9\checkpoints\cycle_0186.pt,runs\models_9x9\best.pt,runs\models_9x9\checkpoints\cycle_0186.pt,p1_win,1.0,81
1700,runs\models_9x9\best.pt,runs\models_9x9\checkpoints\cycle_0186.pt,runs\models_9x9\checkpoints\cycle_0186.pt,runs\models_9x9\best.pt,p2_win,1.0,84
1701,runs\models_9x9\best.pt,runs\models_9x9\checkpoints\cycle_0186.pt,runs\models_9x9\best.pt,runs\models_9x9\checkpoints\cycle_0186.pt,p1_win,1.0,85
1702,runs\models_9x9\best.pt,runs\models_9x9\checkpoints\cycle_0186.pt,runs\models_9x9\checkpoints\cycle_0186.pt,runs\models_9x9\best.pt,draw,0.5,85
1703,runs\models_9x9\best.pt,runs\models_9x9\checkpoints\cycle_0186.pt,runs\models_9x9\checkpoints\cycle_0186.pt,runs\models_9x9\best.pt,p1_win,0.0,93
1704,runs\models_9x9\best.pt,runs\models_9x9\checkpoints\cycle_0186.pt,runs\models_9x9\best.pt,runs\models_9x9\checkpoints\cycle_0186.pt,p1_win,1.0,87
1705,runs\models_9x9\best.pt,runs\models_9x9\checkpoints\cycle_0186.pt,runs\models_9x9\checkpoints\cycle_0186.pt,runs\models_9x9\best.pt,p1_win,0.0,87
1706,runs\models_9x9\best.pt,runs\models_9x9\checkpoints\cycle_0186.pt,runs\models_9x9\checkpoints\cycle_0186.pt,runs\models_9x9\best.pt,p2_win,1.0,86
1707,runs\models_9x9\best.pt,runs\models_9x9\checkpoints\cycle_0186.pt,runs\models_9x9\checkpoints\cycle_0186.pt,runs\models_9x9\best.pt,p2_win,1.0,84
1708,runs\models_9x9\best.pt,runs\models_9x9\checkpoints\cycle_0186.pt,runs\models_9x9\best.pt,runs\models_9x9\checkpoints\cycle_0186.pt,p1_win,1.0,83
1709,runs\models_9x9\best.pt,runs\models_9x9\checkpoints\cycle_0186.pt,runs\models_9x9\checkpoints\cycle_0186.pt,runs\models_9x9\best.pt,p2_win,1.0,86
1710,runs\models_9x9\best.pt,runs\models_9x9\checkpoints\cycle_0186.pt,runs\models_9x9\best.pt,runs\models_9x9\checkpoints\cycle_0186.pt,p1_win,1.0,87
1711,runs\models_9x9\best.pt,runs\models_9x9\checkpoints\cycle_0186.pt,runs\models_9x9\best.pt,runs\models_9x9\checkpoints\cycle_0186.pt,p1_win,1.0,87
1712,runs\models_9x9\best.pt,runs\models_9x9\checkpoints\cycle_0186.pt,runs\models_9x9\checkpoints\cycle_0186.pt,runs\models_9x9\best.pt,p1_win,0.0,85
1713,runs\models_9x9\best.pt,runs\models_9x9\checkpoints\cycle_0186.pt,runs\models_9x9\checkpoints\cycle_0186.pt,runs\models_9x9\best.pt,p1_win,0.0,87
1714,runs\models_9x9\best.pt,runs\models_9x9\checkpoints\cycle_0186.pt,runs\models_9x9\checkpoints\cycle_0186.pt,runs\models_9x9\best.pt,p1_win,0.0,87
1715,runs\models_9x9\best.pt,runs\models_9x9\checkpoints\cycle_0186.pt,runs\models_9x9\checkpoints\cycle_0186.pt,runs\models_9x9\best.pt,p2_win,1.0,88
1716,runs\models_9x9\best.pt,runs\models_9x9\checkpoints\cycle_0186.pt,runs\models_9x9\best.pt,runs\models_9x9\checkpoints\cycle_0186.pt,p1_win,1.0,83
1717,runs\models_9x9\best.pt,runs\models_9x9\checkpoints\cycle_0186.pt,runs\models_9x9\checkpoints\cycle_0186.pt,runs\models_9x9\best.pt,p2_win,1.0,96
1718,runs\models_9x9\best.pt,runs\models_9x9\checkpoints\cycle_0186.pt,runs\models_9x9\checkpoints\cycle_0186.pt,runs\models_9x9\best.pt,p2_win,1.0,90
1719,runs\models_9x9\best.pt,runs\models_9x9\checkpoints\cycle_0186.pt,runs\models_9x9\best.pt,runs\models_9x9\checkpoints\cycle_0186.pt,p1_win,1.0,83
1720,runs\models_9x9\best.pt,runs\models_9x9\checkpoints\cycle_0186.pt,runs\models_9x9\checkpoints\cycle_0186.pt,runs\models_9x9\best.pt,p2_win,1.0,94
1721,runs\models_9x9\best.pt,runs\models_9x9\checkpoints\cycle_0186.pt,runs\models_9x9\checkpoints\cycle_0186.pt,runs\models_9x9\best.pt,p2_win,1.0,84
1722,runs\models_9x9\best.pt,runs\models_9x9\checkpoints\cycle_0186.pt,runs\models_9x9\checkpoints\cycle_0186.pt,runs\models_9x9\best.pt,p2_win,1.0,92
1723,runs\models_9x9\best.pt,runs\models_9x9\checkpoints\cycle_0186.pt,runs\models_9x9\checkpoints\cycle_0186.pt,runs\models_9x9\best.pt,p1_win,0.0,91
1724,runs\models_9x9\best.pt,runs\models_9x9\checkpoints\cycle_0186.pt,runs\models_9x9\best.pt,runs\models_9x9\checkpoints\cycle_0186.pt,p1_win,1.0,87
1725,runs\models_9x9\best.pt,runs\models_9x9\checkpoints\cycle_0186.pt,runs\models_9x9\checkpoints\cycle_0186.pt,runs\models_9x9\best.pt,p1_win,0.0,91
1726,runs\models_9x9\best.pt,runs\models_9x9\checkpoints\cycle_0186.pt,runs\models_9x9\best.pt,runs\models_9x9\checkpoints\cycle_0186.pt,p1_win,1.0,87
1727,runs\models_9x9\best.pt,runs\models_9x9\checkpoints\cycle_0186.pt,runs\models_9x9\best.pt,runs\models_9x9\checkpoints\cycle_0186.pt,p1_win,1.0,89
1728,runs\models_9x9\best.pt,runs\models_9x9\checkpoints\cycle_0186.pt,runs\models_9x9\checkpoints\cycle_0186.pt,runs\models_9x9\best.pt,p2_win,1.0,84
1729,runs\models_9x9\best.pt,runs\models_9x9\checkpoints\cycle_0186.pt,runs\models_9x9\best.pt,runs\models_9x9\checkpoints\cycle_0186.pt,p1_win,1.0,87
1730,runs\models_9x9\best.pt,runs\models_9x9\checkpoints\cycle_0186.pt,runs\models_9x9\best.pt,runs\models_9x9\checkpoints\cycle_0186.pt,p1_win,1.0,87
1731,runs\models_9x9\best.pt,runs\models_9x9\checkpoints\cycle_0186.pt,runs\models_9x9\checkpoints\cycle_0186.pt,runs\models_9x9\best.pt,p2_win,1.0,88
1732,runs\models_9x9\best.pt,runs\models_9x9\checkpoints\cycle_0186.pt,runs\models_9x9\best.pt,runs\models_9x9\checkpoints\cycle_0186.pt,p1_win,1.0,95
1733,runs\models_9x9\best.pt,runs\models_9x9\checkpoints\cycle_0186.pt,runs\models_9x9\best.pt,runs\models_9x9\checkpoints\cycle_0186.pt,p1_win,1.0,87
1734,runs\models_9x9\best.pt,runs\models_9x9\checkpoints\cycle_0186.pt,runs\models_9x9\best.pt,runs\models_9x9\checkpoints\cycle_0186.pt,p1_win,1.0,89
1735,runs\models_9x9\best.pt,runs\models_9x9\checkpoints\cycle_0186.pt,runs\models_9x9\checkpoints\cycle_0186.pt,runs\models_9x9\best.pt,p2_win,1.0,84
1736,runs\models_9x9\best.pt,runs\models_9x9\checkpoints\cycle_0186.pt,runs\models_9x9\checkpoints\cycle_0186.pt,runs\models_9x9\best.pt,p2_win,1.0,84
1737,runs\models_9x9\best.pt,runs\models_9x9\checkpoints\cycle_0186.pt,runs\models_9x9\checkpoints\cycle_0186.pt,runs\models_9x9\best.pt,p2_win,1.0,94
1738,runs\models_9x9\best.pt,runs\models_9x9\checkpoints\cycle_0186.pt,runs\models_9x9\checkpoints\cycle_0186.pt,runs\models_9x9\best.pt,p1_win,0.0,87
1739,runs\models_9x9\best.pt,runs\models_9x9\checkpoints\cycle_0186.pt,runs\models_9x9\best.pt,runs\models_9x9\checkpoints\cycle_0186.pt,p1_win,1.0,83
1740,runs\models_9x9\best.pt,runs\models_9x9\checkpoints\cycle_0186.pt,runs\models_9x9\checkpoints\cycle_0186.pt,runs\models_9x9\best.pt,p2_win,1.0,92
1741,runs\models_9x9\best.pt,runs\models_9x9\checkpoints\cycle_0186.pt,runs\models_9x9\checkpoints\cycle_0186.pt,runs\models_9x9\best.pt,p2_win,1.0,96
1742,runs\models_9x9\best.pt,runs\models_9x9\checkpoints\cycle_0186.pt,runs\models_9x9\best.pt,runs\models_9x9\checkpoints\cycle_0186.pt,p1_win,1.0,85
1743,runs\models_9x9\best.pt,runs\models_9x9\checkpoints\cycle_0186.pt,runs\models_9x9\best.pt,runs\models_9x9\checkpoints\cycle_0186.pt,p1_win,1.0,85
1744,runs\models_9x9\best.pt,runs\models_9x9\checkpoints\cycle_0186.pt,runs\models_9x9\best.pt,runs\models_9x9\checkpoints\cycle_0186.pt,p1_win,1.0,87
1745,runs\models_9x9\best.pt,runs\models_9x9\checkpoints\cycle_0186.pt,runs\models_9x9\checkpoints\cycle_0186.pt,runs\models_9x9\best.pt,p1_win,0.0,97
1746,runs\models_9x9\best.pt,runs\models_9x9\checkpoints\cycle_0186.pt,runs\models_9x9\best.pt,runs\models_9x9\checkpoints\cycle_0186.pt,p1_win,1.0,87
1747,runs\models_9x9\best.pt,runs\models_9x9\checkpoints\cycle_0186.pt,runs\models_9x9\checkpoints\cycle_0186.pt,runs\models_9x9\best.pt,p2_win,1.0,92
1748,runs\models_9x9\best.pt,runs\models_9x9\checkpoints\cycle_0186.pt,runs\models_9x9\best.pt,runs\models_9x9\checkpoints\cycle_0186.pt,p1_win,1.0,87
1749,runs\models_9x9\best.pt,runs\models_9x9\checkpoints\cycle_0186.pt,runs\models_9x9\checkpoints\cycle_0186.pt,runs\models_9x9\best.pt,p1_win,0.0,83
1750,runs\models_9x9\best.pt,runs\models_9x9\checkpoints\cycle_0186.pt,runs\models_9x9\best.pt,runs\models_9x9\checkpoints\cycle_0186.pt,p1_win,1.0,85
1751,runs\models_9x9\best.pt,runs\models_9x9\checkpoints\cycle_0186.pt,runs\models_9x9\best.pt,runs\models_9x9\checkpoints\cycle_0186.pt,p1_win,1.0,85
1752,runs\models_9x9\best.pt,runs\models_9x9\checkpoints\cycle_0186.pt,runs\models_9x9\checkpoints\cycle_0186.pt,runs\models_9x9\best.pt,p1_win,0.0,85
1753,runs\models_9x9\best.pt,runs\models_9x9\checkpoints\cycle_0186.pt,runs\models_9x9\checkpoints\cycle_0186.pt,runs\models_9x9\best.pt,p2_win,1.0,92
1754,runs\models_9x9\best.pt,runs\models_9x9\checkpoints\cycle_0186.pt,runs\models_9x9\checkpoints\cycle_0186.pt,runs\models_9x9\best.pt,p2_win,1.0,86
1755,runs\models_9x9\best.pt,runs\models_9x9\checkpoints\cycle_0186.pt,runs\models_9x9\checkpoints\cycle_0186.pt,runs\models_9x9\best.pt,p2_win,1.0,92
1756,runs\models_9x9\best.pt,runs\models_9x9\checkpoints\cycle_0186.pt,runs\models_9x9\checkpoints\cycle_0186.pt,runs\models_9x9\best.pt,p2_win,1.0,92
1757,runs\models_9x9\best.pt,runs\models_9x9\checkpoints\cycle_0186.pt,runs\models_9x9\checkpoints\cycle_0186.pt,runs\models_9x9\best.pt,p1_win,0.0,91
1758,runs\models_9x9\best.pt,runs\models_9x9\checkpoints\cycle_0186.pt,runs\models_9x9\checkpoints\cycle_0186.pt,runs\models_9x9\best.pt,p2_win,1.0,92
1759,runs\models_9x9\best.pt,runs\models_9x9\checkpoints\cycle_0186.pt,runs\models_9x9\best.pt,runs\models_9x9\checkpoints\cycle_0186.pt,p1_win,1.0,85
1760,runs\models_9x9\best.pt,runs\models_9x9\checkpoints\cycle_0186.pt,runs\models_9x9\best.pt,runs\models_9x9\checkpoints\cycle_0186.pt,p1_win,1.0,95
1761,runs\models_9x9\best.pt,runs\models_9x9\checkpoints\cycle_0186.pt,runs\models_9x9\checkpoints\cycle_0186.pt,runs\models_9x9\best.pt,p2_win,1.0,92
1762,runs\models_9x9\best.pt,runs\models_9x9\checkpoints\cycle_0186.pt,runs\models_9x9\checkpoints\cycle_0186.pt,runs\models_9x9\best.pt,p1_win,0.0,89
1763,runs\models_9x9\best.pt,runs\models_9x9\checkpoints\cycle_0186.pt,runs\models_9x9\checkpoints\cycle_0186.pt,runs\models_9x9\best.pt,p2_win,1.0,92
1764,runs\models_9x9\best.pt,runs\models_9x9\checkpoints\cycle_0186.pt,runs\models_9x9\checkpoints\cycle_0186.pt,runs\models_9x9\best.pt,p2_win,1.0,92
1765,runs\models_9x9\best.pt,runs\models_9x9\checkpoints\cycle_0186.pt,runs\models_9x9\checkpoints\cycle_0186.pt,runs\models_9x9\best.pt,p2_win,1.0,88
1766,runs\models_9x9\best.pt,runs\models_9x9\checkpoints\cycle_0186.pt,runs\models_9x9\checkpoints\cycle_0186.pt,runs\models_9x9\best.pt,p1_win,0.0,103
1767,runs\models_9x9\best.pt,runs\models_9x9\checkpoints\cycle_0186.pt,runs\models_9x9\best.pt,runs\models_9x9\checkpoints\cycle_0186.pt,p1_win,1.0,85
1768,runs\models_9x9\best.pt,runs\models_9x9\checkpoints\cycle_0186.pt,runs\models_9x9\checkpoints\cycle_0186.pt,runs\models_9x9\best.pt,p1_win,0.0,85
1769,runs\models_9x9\best.pt,runs\models_9x9\checkpoints\cycle_0186.pt,runs\models_9x9\checkpoints\cycle_0186.pt,runs\models_9x9\best.pt,p1_win,0.0,95
1770,runs\models_9x9\best.pt,runs\models_9x9\checkpoints\cycle_0186.pt,runs\models_9x9\checkpoints\cycle_0186.pt,runs\models_9x9\best.pt,p2_win,1.0,94
1771,runs\models_9x9\best.pt,runs\models_9x9\checkpoints\cycle_0186.pt,runs\models_9x9\best.pt,runs\models_9x9\checkpoints\cycle_0186.pt,p1_win,1.0,85
1772,runs\models_9x9\best.pt,runs\models_9x9\checkpoints\cycle_0186.pt,runs\models_9x9\best.pt,runs\models_9x9\checkpoints\cycle_0186.pt,p1_win,1.0,85
1773,runs\models_9x9\best.pt,runs\models_9x9\checkpoints\cycle_0186.pt,runs\models_9x9\checkpoints\cycle_0186.pt,runs\models_9x9\best.pt,p2_win,1.0,94
1774,runs\models_9x9\best.pt,runs\models_9x9\checkpoints\cycle_0186.pt,runs\models_9x9\checkpoints\cycle_0186.pt,runs\models_9x9\best.pt,p2_win,1.0,88
1775,runs\models_9x9\best.pt,runs\models_9x9\checkpoints\cycle_0186.pt,runs\models_9x9\checkpoints\cycle_0186.pt,runs\models_9x9\best.pt,p2_win,1.0,92
1776,runs\models_9x9\best.pt,runs\models_9x9\checkpoints\cycle_0186.pt,runs\models_9x9\best.pt,runs\models_9x9\checkpoints\cycle_0186.pt,p1_win,1.0,87
1777,runs\models_9x9\best.pt,runs\models_9x9\checkpoints\cycle_0186.pt,runs\models_9x9\best.pt,runs\models_9x9\checkpoints\cycle_0186.pt,p1_win,1.0,87
1778,runs\models_9x9\best.pt,runs\models_9x9\checkpoints\cycle_0186.pt,runs\models_9x9\checkpoints\cycle_0186.pt,runs\models_9x9\best.pt,p2_win,1.0,88
1779,runs\models_9x9\best.pt,runs\models_9x9\checkpoints\cycle_0186.pt,runs\models_9x9\checkpoints\cycle_0186.pt,runs\models_9x9\best.pt,p1_win,0.0,91
1780,runs\models_9x9\best.pt,runs\models_9x9\checkpoints\cycle_0186.pt,runs\models_9x9\checkpoints\cycle_0186.pt,runs\models_9x9\best.pt,p2_win,1.0,84
1781,runs\models_9x9\best.pt,runs\models_9x9\checkpoints\cycle_0186.pt,runs\models_9x9\checkpoints\cycle_0186.pt,runs\models_9x9\best.pt,p2_win,1.0,86
1782,runs\models_9x9\best.pt,runs\models_9x9\checkpoints\cycle_0186.pt,runs\models_9x9\checkpoints\cycle_0186.pt,runs\models_9x9\best.pt,p2_win,1.0,86
1783,runs\models_9x9\best.pt,runs\models_9x9\checkpoints\cycle_0186.pt,runs\models_9x9\best.pt,runs\models_9x9\checkpoints\cycle_0186.pt,p1_win,1.0,87
1784,runs\models_9x9\best.pt,runs\models_9x9\checkpoints\cycle_0186.pt,runs\models_9x9\checkpoints\cycle_0186.pt,runs\models_9x9\best.pt,p1_win,0.0,91
1785,runs\models_9x9\best.pt,runs\models_9x9\checkpoints\cycle_0186.pt,runs\models_9x9\checkpoints\cycle_0186.pt,runs\models_9x9\best.pt,p1_win,0.0,87
1786,runs\models_9x9\best.pt,runs\models_9x9\checkpoints\cycle_0186.pt,runs\models_9x9\checkpoints\cycle_0186.pt,runs\models_9x9\best.pt,p2_win,1.0,88
1787,runs\models_9x9\best.pt,runs\models_9x9\checkpoints\cycle_0186.pt,runs\models_9x9\best.pt,runs\models_9x9\checkpoints\cycle_0186.pt,p1_win,1.0,87
1788,runs\models_9x9\best.pt,runs\models_9x9\checkpoints\cycle_0186.pt,runs\models_9x9\best.pt,runs\models_9x9\checkpoints\cycle_0186.pt,p2_win,0.0,88
1789,runs\models_9x9\best.pt,runs\models_9x9\checkpoints\cycle_0186.pt,runs\models_9x9\best.pt,runs\models_9x9\checkpoints\cycle_0186.pt,p1_win,1.0,91
1790,runs\models_9x9\best.pt,runs\models_9x9\checkpoints\cycle_0186.pt,runs\models_9x9\checkpoints\cycle_0186.pt,runs\models_9x9\best.pt,p2_win,1.0,88
1791,runs\models_9x9\best.pt,runs\models_9x9\checkpoints\cycle_0186.pt,runs\models_9x9\checkpoints\cycle_0186.pt,runs\models_9x9\best.pt,p2_win,1.0,96
1792,runs\models_9x9\best.pt,runs\models_9x9\checkpoints\cycle_0186.pt,runs\models_9x9\checkpoints\cycle_0186.pt,runs\models_9x9\best.pt,p2_win,1.0,92
1793,runs\models_9x9\best.pt,runs\models_9x9\checkpoints\cycle_0186.pt,runs\models_9x9\checkpoints\cycle_0186.pt,runs\models_9x9\best.pt,p2_win,1.0,86
1794,runs\models_9x9\best.pt,runs\models_9x9\checkpoints\cycle_0186.pt,runs\models_9x9\best.pt,runs\models_9x9\checkpoints\cycle_0186.pt,p1_win,1.0,91
1795,runs\models_9x9\best.pt,runs\models_9x9\checkpoints\cycle_0186.pt,runs\models_9x9\best.pt,runs\models_9x9\checkpoints\cycle_0186.pt,p1_win,1.0,93
1796,runs\models_9x9\best.pt,runs\models_9x9\checkpoints\cycle_0186.pt,runs\models_9x9\checkpoints\cycle_0186.pt,runs\models_9x9\best.pt,p1_win,0.0,89
1797,runs\models_9x9\best.pt,runs\models_9x9\checkpoints\cycle_0186.pt,runs\models_9x9\best.pt,runs\models_9x9\checkpoints\cycle_0186.pt,p1_win,1.0,87
1798,runs\models_9x9\best.pt,runs\models_9x9\checkpoints\cycle_0186.pt,runs\models_9x9\checkpoints\cycle_0186.pt,runs\models_9x9\best.pt,p2_win,1.0,88
1799,runs\models_9x9\best.pt,runs\models_9x9\checkpoints\cycle_0186.pt,runs\models_9x9\best.pt,runs\models_9x9\checkpoints\cycle_0186.pt,p1_win,1.0,89
1800,runs\models_9x9\best.pt,runs\models_9x9\checkpoints\cycle_0186.pt,runs\models_9x9\checkpoints\cycle_0186.pt,runs\models_9x9\best.pt,p1_win,0.0,87
1801,runs\models_9x9\best.pt,runs\models_9x9\checkpoints\cycle_0186.pt,runs\models_9x9\checkpoints\cycle_0186.pt,runs\models_9x9\best.pt,p1_win,0.0,93
1802,runs\models_9x9\best.pt,runs\models_9x9\checkpoints\cycle_0186.pt,runs\models_9x9\checkpoints\cycle_0186.pt,runs\models_9x9\best.pt,p2_win,1.0,92
1803,runs\models_9x9\best.pt,runs\models_9x9\checkpoints\cycle_0186.pt,runs\models_9x9\checkpoints\cycle_0186.pt,runs\models_9x9\best.pt,p1_win,0.0,87
1804,runs\models_9x9\best.pt,runs\models_9x9\checkpoints\cycle_0186.pt,runs\models_9x9\checkpoints\cycle_0186.pt,runs\models_9x9\best.pt,p1_win,0.0,91
1805,runs\models_9x9\best.pt,runs\models_9x9\checkpoints\cycle_0186.pt,runs\models_9x9\best.pt,runs\models_9x9\checkpoints\cycle_0186.pt,p1_win,1.0,87
1806,runs\models_9x9\best.pt,runs\models_9x9\checkpoints\cycle_0186.pt,runs\models_9x9\best.pt,runs\models_9x9\checkpoints\cycle_0186.pt,p1_win,1.0,95
1807,runs\models_9x9\best.pt,runs\models_9x9\checkpoints\cycle_0186.pt,runs\models_9x9\best.pt,runs\models_9x9\checkpoints\cycle_0186.pt,p1_win,1.0,91
1808,runs\models_9x9\best.pt,runs\models_9x9\checkpoints\cycle_0186.pt,runs\models_9x9\checkpoints\cycle_0186.pt,runs\models_9x9\best.pt,p2_win,1.0,90
1809,runs\models_9x9\best.pt,runs\models_9x9\checkpoints\cycle_0186.pt,runs\models_9x9\checkpoints\cycle_0186.pt,runs\models_9x9\best.pt,p2_win,1.0,96
1810,runs\models_9x9\best.pt,runs\models_9x9\checkpoints\cycle_0186.pt,runs\models_9x9\checkpoints\cycle_0186.pt,runs\models_9x9\best.pt,p2_win,1.0,96
1811,runs\models_9x9\best.pt,runs\models_9x9\checkpoints\cycle_0186.pt,runs\models_9x9\checkpoints\cycle_0186.pt,runs\models_9x9\best.pt,p2_win,1.0,86
1812,runs\models_9x9\best.pt,runs\models_9x9\checkpoints\cycle_0186.pt,runs\models_9x9\checkpoints\cycle_0186.pt,runs\models_9x9\best.pt,p2_win,1.0,88
1813,runs\models_9x9\best.pt,runs\models_9x9\checkpoints\cycle_0186.pt,runs\models_9x9\best.pt,runs\models_9x9\checkpoints\cycle_0186.pt,p1_win,1.0,89
1814,runs\models_9x9\best.pt,runs\models_9x9\checkpoints\cycle_0186.pt,runs\models_9x9\best.pt,runs\models_9x9\checkpoints\cycle_0186.pt,p1_win,1.0,93
1815,runs\models_9x9\best.pt,runs\models_9x9\checkpoints\cycle_0186.pt,runs\models_9x9\checkpoints\cycle_0186.pt,runs\models_9x9\best.pt,p1_win,0.0,91
1816,runs\models_9x9\best.pt,runs\models_9x9\checkpoints\cycle_0186.pt,runs\models_9x9\checkpoints\cycle_0186.pt,runs\models_9x9\best.pt,p1_win,0.0,91
1817,runs\models_9x9\best.pt,runs\models_9x9\checkpoints\cycle_0186.pt,runs\models_9x9\best.pt,runs\models_9x9\checkpoints\cycle_0186.pt,p1_win,1.0,89
1818,runs\models_9x9\best.pt,runs\models_9x9\checkpoints\cycle_0186.pt,runs\models_9x9\checkpoints\cycle_0186.pt,runs\models_9x9\best.pt,p2_win,1.0,94
1819,runs\models_9x9\best.pt,runs\models_9x9\checkpoints\cycle_0186.pt,runs\models_9x9\checkpoints\cycle_0186.pt,runs\models_9x9\best.pt,p2_win,1.0,92
1820,runs\models_9x9\best.pt,runs\models_9x9\checkpoints\cycle_0186.pt,runs\models_9x9\best.pt,runs\models_9x9\checkpoints\cycle_0186.pt,p1_win,1.0,87
1821,runs\models_9x9\best.pt,runs\models_9x9\checkpoints\cycle_0186.pt,runs\models_9x9\best.pt,runs\models_9x9\checkpoints\cycle_0186.pt,p1_win,1.0,95
1822,runs\models_9x9\best.pt,runs\models_9x9\checkpoints\cycle_0186.pt,runs\models_9x9\checkpoints\cycle_0186.pt,runs\models_9x9\best.pt,p2_win,1.0,90
1823,runs\models_9x9\best.pt,runs\models_9x9\checkpoints\cycle_0186.pt,runs\models_9x9\best.pt,runs\models_9x9\checkpoints\cycle_0186.pt,p1_win,1.0,91
1824,runs\models_9x9\best.pt,runs\models_9x9\checkpoints\cycle_0186.pt,runs\models_9x9\checkpoints\cycle_0186.pt,runs\models_9x9\best.pt,p2_win,1.0,88
1825,runs\models_9x9\best.pt,runs\models_9x9\checkpoints\cycle_0186.pt,runs\models_9x9\best.pt,runs\models_9x9\checkpoints\cycle_0186.pt,p1_win,1.0,89
1826,runs\models_9x9\best.pt,runs\models_9x9\checkpoints\cycle_0186.pt,runs\models_9x9\best.pt,runs\models_9x9\checkpoints\cycle_0186.pt,p1_win,1.0,91
1827,runs\models_9x9\best.pt,runs\models_9x9\checkpoints\cycle_0186.pt,runs\models_9x9\best.pt,runs\models_9x9\checkpoints\cycle_0186.pt,p1_win,1.0,91
1828,runs\models_9x9\best.pt,runs\models_9x9\checkpoints\cycle_0186.pt,runs\models_9x9\checkpoints\cycle_0186.pt,runs\models_9x9\best.pt,p2_win,1.0,102
1829,runs\models_9x9\best.pt,runs\models_9x9\checkpoints\cycle_0186.pt,runs\models_9x9\checkpoints\cycle_0186.pt,runs\models_9x9\best.pt,p2_win,1.0,94
1830,runs\models_9x9\best.pt,runs\models_9x9\checkpoints\cycle_0186.pt,runs\models_9x9\checkpoints\cycle_0186.pt,runs\models_9x9\best.pt,p2_win,1.0,92
1831,runs\models_9x9\best.pt,runs\models_9x9\checkpoints\cycle_0186.pt,runs\models_9x9\best.pt,runs\models_9x9\checkpoints\cycle_0186.pt,p2_win,0.0,94
1832,runs\models_9x9\best.pt,runs\models_9x9\checkpoints\cycle_0186.pt,runs\models_9x9\checkpoints\cycle_0186.pt,runs\models_9x9\best.pt,p1_win,0.0,99
1833,runs\models_9x9\best.pt,runs\models_9x9\checkpoints\cycle_0186.pt,runs\models_9x9\checkpoints\cycle_0186.pt,runs\models_9x9\best.pt,p1_win,0.0,91
1834,runs\models_9x9\best.pt,runs\models_9x9\checkpoints\cycle_0186.pt,runs\models_9x9\checkpoints\cycle_0186.pt,runs\models_9x9\best.pt,p1_win,0.0,91
1835,runs\models_9x9\best.pt,runs\models_9x9\checkpoints\cycle_0186.pt,runs\models_9x9\checkpoints\cycle_0186.pt,runs\models_9x9\best.pt,p2_win,1.0,90
1836,runs\models_9x9\best.pt,runs\models_9x9\checkpoints\cycle_0186.pt,runs\models_9x9\checkpoints\cycle_0186.pt,runs\models_9x9\best.pt,p2_win,1.0,88
1837,runs\models_9x9\best.pt,runs\models_9x9\checkpoints\cycle_0186.pt,runs\models_9x9\checkpoints\cycle_0186.pt,runs\models_9x9\best.pt,p2_win,1.0,88
1838,runs\models_9x9\best.pt,runs\models_9x9\checkpoints\cycle_0186.pt,runs\models_9x9\checkpoints\cycle_0186.pt,runs\models_9x9\best.pt,p2_win,1.0,92
1839,runs\models_9x9\best.pt,runs\models_9x9\checkpoints\cycle_0186.pt,runs\models_9x9\checkpoints\cycle_0186.pt,runs\models_9x9\best.pt,p1_win,0.0,93
1840,runs\models_9x9\best.pt,runs\models_9x9\checkpoints\cycle_0186.pt,runs\models_9x9\checkpoints\cycle_0186.pt,runs\models_9x9\best.pt,p2_win,1.0,92
1841,runs\models_9x9\best.pt,runs\models_9x9\checkpoints\cycle_0186.pt,runs\models_9x9\checkpoints\cycle_0186.pt,runs\models_9x9\best.pt,p1_win,0.0,99
1842,runs\models_9x9\best.pt,runs\models_9x9\checkpoints\cycle_0186.pt,runs\models_9x9\best.pt,runs\models_9x9\checkpoints\cycle_0186.pt,p1_win,1.0,91
1843,runs\models_9x9\best.pt,runs\models_9x9\checkpoints\cycle_0186.pt,runs\models_9x9\checkpoints\cycle_0186.pt,runs\models_9x9\best.pt,p1_win,0.0,91
1844,runs\models_9x9\best.pt,runs\models_9x9\checkpoints\cycle_0186.pt,runs\models_9x9\checkpoints\cycle_0186.pt,runs\models_9x9\best.pt,p1_win,0.0,87
1845,runs\models_9x9\best.pt,runs\models_9x9\checkpoints\cycle_0186.pt,runs\models_9x9\checkpoints\cycle_0186.pt,runs\models_9x9\best.pt,p2_win,1.0,90
1846,runs\models_9x9\best.pt,runs\models_9x9\checkpoints\cycle_0186.pt,runs\models_9x9\best.pt,runs\models_9x9\checkpoints\cycle_0186.pt,p1_win,1.0,87
1847,runs\models_9x9\best.pt,runs\models_9x9\checkpoints\cycle_0186.pt,runs\models_9x9\checkpoints\cycle_0186.pt,runs\models_9x9\best.pt,p2_win,1.0,88
1848,runs\models_9x9\best.pt,runs\models_9x9\checkpoints\cycle_0186.pt,runs\models_9x9\checkpoints\cycle_0186.pt,runs\models_9x9\best.pt,p2_win,1.0,88
1849,runs\models_9x9\best.pt,runs\models_9x9\checkpoints\cycle_0186.pt,runs\models_9x9\checkpoints\cycle_0186.pt,runs\models_9x9\best.pt,p1_win,0.0,95
1850,runs\models_9x9\best.pt,runs\models_9x9\checkpoints\cycle_0186.pt,runs\models_9x9\checkpoints\cycle_0186.pt,runs\models_9x9\best.pt,p1_win,0.0,91
1851,runs\models_9x9\best.pt,runs\models_9x9\checkpoints\cycle_0186.pt,runs\models_9x9\checkpoints\cycle_0186.pt,runs\models_9x9\best.pt,p2_win,1.0,88
1852,runs\models_9x9\best.pt,runs\models_9x9\checkpoints\cycle_0186.pt,runs\models_9x9\checkpoints\cycle_0186.pt,runs\models_9x9\best.pt,p1_win,0.0,93
1853,runs\models_9x9\best.pt,runs\models_9x9\checkpoints\cycle_0186.pt,runs\models_9x9\checkpoints\cycle_0186.pt,runs\models_9x9\best.pt,p1_win,0.0,103
1854,runs\models_9x9\best.pt,runs\models_9x9\checkpoints\cycle_0186.pt,runs\models_9x9\checkpoints\cycle_0186.pt,runs\models_9x9\best.pt,p2_win,1.0,104
1855,runs\models_9x9\best.pt,runs\models_9x9\checkpoints\cycle_0186.pt,runs\models_9x9\checkpoints\cycle_0186.pt,runs\models_9x9\best.pt,p2_win,1.0,96
1856,runs\models_9x9\best.pt,runs\models_9x9\checkpoints\cycle_0186.pt,runs\models_9x9\checkpoints\cycle_0186.pt,runs\models_9x9\best.pt,p2_win,1.0,90
1857,runs\models_9x9\best.pt,runs\models_9x9\checkpoints\cycle_0186.pt,runs\models_9x9\checkpoints\cycle_0186.pt,runs\models_9x9\best.pt,p1_win,0.0,97
1858,runs\models_9x9\best.pt,runs\models_9x9\checkpoints\cycle_0186.pt,runs\models_9x9\checkpoints\cycle_0186.pt,runs\models_9x9\best.pt,p2_win,1.0,90
1859,runs\models_9x9\best.pt,runs\models_9x9\checkpoints\cycle_0186.pt,runs\models_9x9\checkpoints\cycle_0186.pt,runs\models_9x9\best.pt,p2_win,1.0,88
1860,runs\models_9x9\best.pt,runs\models_9x9\checkpoints\cycle_0186.pt,runs\models_9x9\checkpoints\cycle_0186.pt,runs\models_9x9\best.pt,p1_win,0.0,91
1861,runs\models_9x9\best.pt,runs\models_9x9\checkpoints\cycle_0186.pt,runs\models_9x9\checkpoints\cycle_0186.pt,runs\models_9x9\best.pt,p2_win,1.0,92
1862,runs\models_9x9\best.pt,runs\models_9x9\checkpoints\cycle_0186.pt,runs\models_9x9\best.pt,runs\models_9x9\checkpoints\cycle_0186.pt,p1_win,1.0,91
1863,runs\models_9x9\best.pt,runs\models_9x9\checkpoints\cycle_0186.pt,runs\models_9x9\checkpoints\cycle_0186.pt,runs\models_9x9\best.pt,p2_win,1.0,92
1864,runs\models_9x9\best.pt,runs\models_9x9\checkpoints\cycle_0186.pt,runs\models_9x9\best.pt,runs\models_9x9\checkpoints\cycle_0186.pt,p1_win,1.0,93
1865,runs\models_9x9\best.pt,runs\models_9x9\checkpoints\cycle_0186.pt,runs\models_9x9\best.pt,runs\models_9x9\checkpoints\cycle_0186.pt,p1_win,1.0,91
1866,runs\models_9x9\best.pt,runs\models_9x9\checkpoints\cycle_0186.pt,runs\models_9x9\checkpoints\cycle_0186.pt,runs\models_9x9\best.pt,p2_win,1.0,92
1867,runs\models_9x9\best.pt,runs\models_9x9\checkpoints\cycle_0186.pt,runs\models_9x9\checkpoints\cycle_0186.pt,runs\models_9x9\best.pt,p2_win,1.0,90
1868,runs\models_9x9\best.pt,runs\models_9x9\checkpoints\cycle_0186.pt,runs\models_9x9\best.pt,runs\models_9x9\checkpoints\cycle_0186.pt,p1_win,1.0,93
1869,runs\models_9x9\best.pt,runs\models_9x9\checkpoints\cycle_0186.pt,runs\models_9x9\checkpoints\cycle_0186.pt,runs\models_9x9\best.pt,p1_win,0.0,97
1870,runs\models_9x9\best.pt,runs\models_9x9\checkpoints\cycle_0186.pt,runs\models_9x9\checkpoints\cycle_0186.pt,runs\models_9x9\best.pt,p2_win,1.0,96
1871,runs\models_9x9\best.pt,runs\models_9x9\checkpoints\cycle_0186.pt,runs\models_9x9\checkpoints\cycle_0186.pt,runs\models_9x9\best.pt,p2_win,1.0,88
1872,runs\models_9x9\best.pt,runs\models_9x9\checkpoints\cycle_0186.pt,runs\models_9x9\checkpoints\cycle_0186.pt,runs\models_9x9\best.pt,p2_win,1.0,94
1873,runs\models_9x9\best.pt,runs\models_9x9\checkpoints\cycle_0186.pt,runs\models_9x9\checkpoints\cycle_0186.pt,runs\models_9x9\best.pt,p2_win,1.0,90
1874,runs\models_9x9\best.pt,runs\models_9x9\checkpoints\cycle_0186.pt,runs\models_9x9\best.pt,runs\models_9x9\checkpoints\cycle_0186.pt,p1_win,1.0,95
1875,runs\models_9x9\best.pt,runs\models_9x9\checkpoints\cycle_0186.pt,runs\models_9x9\checkpoints\cycle_0186.pt,runs\models_9x9\best.pt,p1_win,0.0,91
1876,runs\models_9x9\best.pt,runs\models_9x9\checkpoints\cycle_0186.pt,runs\models_9x9\best.pt,runs\models_9x9\checkpoints\cycle_0186.pt,p1_win,1.0,93
1877,runs\models_9x9\best.pt,runs\models_9x9\checkpoints\cycle_0186.pt,runs\models_9x9\checkpoints\cycle_0186.pt,runs\models_9x9\best.pt,p2_win,1.0,94
1878,runs\models_9x9\best.pt,runs\models_9x9\checkpoints\cycle_0186.pt,runs\models_9x9\best.pt,runs\models_9x9\checkpoints\cycle_0186.pt,p1_win,1.0,93
1879,runs\models_9x9\best.pt,runs\models_9x9\checkpoints\cycle_0186.pt,runs\models_9x9\checkpoints\cycle_0186.pt,runs\models_9x9\best.pt,p2_win,1.0,92
1880,runs\models_9x9\best.pt,runs\models_9x9\checkpoints\cycle_0186.pt,runs\models_9x9\checkpoints\cycle_0186.pt,runs\models_9x9\best.pt,p1_win,0.0,101
1881,runs\models_9x9\best.pt,runs\models_9x9\checkpoints\cycle_0186.pt,runs\models_9x9\best.pt,runs\models_9x9\checkpoints\cycle_0186.pt,p1_win,1.0,95
1882,runs\models_9x9\best.pt,runs\models_9x9\checkpoints\cycle_0186.pt,runs\models_9x9\best.pt,runs\models_9x9\checkpoints\cycle_0186.pt,p1_win,1.0,95
1883,runs\models_9x9\best.pt,runs\models_9x9\checkpoints\cycle_0186.pt,runs\models_9x9\checkpoints\cycle_0186.pt,runs\models_9x9\best.pt,p1_win,0.0,103
1884,runs\models_9x9\best.pt,runs\models_9x9\checkpoints\cycle_0186.pt,runs\models_9x9\checkpoints\cycle_0186.pt,runs\models_9x9\best.pt,p1_win,0.0,93
1885,runs\models_9x9\best.pt,runs\models_9x9\checkpoints\cycle_0186.pt,runs\models_9x9\checkpoints\cycle_0186.pt,runs\models_9x9\best.pt,p2_win,1.0,96
1886,runs\models_9x9\best.pt,runs\models_9x9\checkpoints\cycle_0186.pt,runs\models_9x9\checkpoints\cycle_0186.pt,runs\models_9x9\best.pt,p2_win,1.0,100
1887,runs\models_9x9\best.pt,runs\models_9x9\checkpoints\cycle_0186.pt,runs\models_9x9\checkpoints\cycle_0186.pt,runs\models_9x9\best.pt,p1_win,0.0,97
1888,runs\models_9x9\best.pt,runs\models_9x9\checkpoints\cycle_0186.pt,runs\models_9x9\checkpoints\cycle_0186.pt,runs\models_9x9\best.pt,p2_win,1.0,94
1889,runs\models_9x9\best.pt,runs\models_9x9\checkpoints\cycle_0186.pt,runs\models_9x9\checkpoints\cycle_0186.pt,runs\models_9x9\best.pt,p1_win,0.0,95
1890,runs\models_9x9\best.pt,runs\models_9x9\checkpoints\cycle_0186.pt,runs\models_9x9\checkpoints\cycle_0186.pt,runs\models_9x9\best.pt,p1_win,0.0,91
1891,runs\models_9x9\best.pt,runs\models_9x9\checkpoints\cycle_0186.pt,runs\models_9x9\checkpoints\cycle_0186.pt,runs\models_9x9\best.pt,p2_win,1.0,98
1892,runs\models_9x9\best.pt,runs\models_9x9\checkpoints\cycle_0186.pt,runs\models_9x9\checkpoints\cycle_0186.pt,runs\models_9x9\best.pt,p2_win,1.0,92
1893,runs\models_9x9\best.pt,runs\models_9x9\checkpoints\cycle_0186.pt,runs\models_9x9\checkpoints\cycle_0186.pt,runs\models_9x9\best.pt,p2_win,1.0,106
1894,runs\models_9x9\best.pt,runs\models_9x9\checkpoints\cycle_0186.pt,runs\models_9x9\best.pt,runs\models_9x9\checkpoints\cycle_0186.pt,p1_win,1.0,97
1895,runs\models_9x9\best.pt,runs\models_9x9\checkpoints\cycle_0186.pt,runs\models_9x9\checkpoints\cycle_0186.pt,runs\models_9x9\best.pt,p2_win,1.0,98
1896,runs\models_9x9\best.pt,runs\models_9x9\checkpoints\cycle_0186.pt,runs\models_9x9\checkpoints\cycle_0186.pt,runs\models_9x9\best.pt,p2_win,1.0,96
1897,runs\models_9x9\best.pt,runs\models_9x9\checkpoints\cycle_0186.pt,runs\models_9x9\checkpoints\cycle_0186.pt,runs\models_9x9\best.pt,p2_win,1.0,94
1898,runs\models_9x9\best.pt,runs\models_9x9\checkpoints\cycle_0186.pt,runs\models_9x9\checkpoints\cycle_0186.pt,runs\models_9x9\best.pt,p2_win,1.0,92
1899,runs\models_9x9\best.pt,runs\models_9x9\checkpoints\cycle_0186.pt,runs\models_9x9\checkpoints\cycle_0186.pt,runs\models_9x9\best.pt,p1_win,0.0,95
1900,runs\models_9x9\best.pt,runs\models_9x9\checkpoints\cycle_0186.pt,runs\models_9x9\checkpoints\cycle_0186.pt,runs\models_9x9\best.pt,p2_win,1.0,100
1901,runs\models_9x9\best.pt,runs\models_9x9\checkpoints\cycle_0186.pt,runs\models_9x9\checkpoints\cycle_0186.pt,runs\models_9x9\best.pt,p1_win,0.0,99
1902,runs\models_9x9\best.pt,runs\models_9x9\checkpoints\cycle_0186.pt,runs\models_9x9\best.pt,runs\models_9x9\checkpoints\cycle_0186.pt,p1_win,1.0,93
1903,runs\models_9x9\best.pt,runs\models_9x9\checkpoints\cycle_0186.pt,runs\models_9x9\best.pt,runs\models_9x9\checkpoints\cycle_0186.pt,p1_win,1.0,91
1904,runs\models_9x9\best.pt,runs\models_9x9\checkpoints\cycle_0186.pt,runs\models_9x9\checkpoints\cycle_0186.pt,runs\models_9x9\best.pt,p2_win,1.0,94
1905,runs\models_9x9\best.pt,runs\models_9x9\checkpoints\cycle_0186.pt,runs\models_9x9\checkpoints\cycle_0186.pt,runs\models_9x9\best.pt,p2_win,1.0,98
1906,runs\models_9x9\best.pt,runs\models_9x9\checkpoints\cycle_0186.pt,runs\models_9x9\checkpoints\cycle_0186.pt,runs\models_9x9\best.pt,p2_win,1.0,98
1907,runs\models_9x9\best.pt,runs\models_9x9\checkpoints\cycle_0186.pt,runs\models_9x9\best.pt,runs\models_9x9\checkpoints\cycle_0186.pt,p1_win,1.0,95
1908,runs\models_9x9\best.pt,runs\models_9x9\checkpoints\cycle_0186.pt,runs\models_9x9\checkpoints\cycle_0186.pt,runs\models_9x9\best.pt,p1_win,0.0,93
1909,runs\models_9x9\best.pt,runs\models_9x9\checkpoints\cycle_0186.pt,runs\models_9x9\checkpoints\cycle_0186.pt,runs\models_9x9\best.pt,p2_win,1.0,96
1910,runs\models_9x9\best.pt,runs\models_9x9\checkpoints\cycle_0186.pt,runs\models_9x9\best.pt,runs\models_9x9\checkpoints\cycle_0186.pt,p1_win,1.0,99
1911,runs\models_9x9\best.pt,runs\models_9x9\checkpoints\cycle_0186.pt,runs\models_9x9\best.pt,runs\models_9x9\checkpoints\cycle_0186.pt,p1_win,1.0,93
1912,runs\models_9x9\best.pt,runs\models_9x9\checkpoints\cycle_0186.pt,runs\models_9x9\checkpoints\cycle_0186.pt,runs\models_9x9\best.pt,p1_win,0.0,99
1913,runs\models_9x9\best.pt,runs\models_9x9\checkpoints\cycle_0186.pt,runs\models_9x9\checkpoints\cycle_0186.pt,runs\models_9x9\best.pt,p2_win,1.0,102
1914,runs\models_9x9\best.pt,runs\models_9x9\checkpoints\cycle_0186.pt,runs\models_9x9\best.pt,runs\models_9x9\checkpoints\cycle_0186.pt,p1_win,1.0,95
1915,runs\models_9x9\best.pt,runs\models_9x9\checkpoints\cycle_0186.pt,runs\models_9x9\checkpoints\cycle_0186.pt,runs\models_9x9\best.pt,p2_win,1.0,92
1916,runs\models_9x9\best.pt,runs\models_9x9\checkpoints\cycle_0186.pt,runs\models_9x9\best.pt,runs\models_9x9\checkpoints\cycle_0186.pt,p1_win,1.0,95
1917,runs\models_9x9\best.pt,runs\models_9x9\checkpoints\cycle_0186.pt,runs\models_9x9\checkpoints\cycle_0186.pt,runs\models_9x9\best.pt,p1_win,0.0,95
1918,runs\models_9x9\best.pt,runs\models_9x9\checkpoints\cycle_0186.pt,runs\models_9x9\checkpoints\cycle_0186.pt,runs\models_9x9\best.pt,p1_win,0.0,95
1919,runs\models_9x9\best.pt,runs\models_9x9\checkpoints\cycle_0186.pt,runs\models_9x9\checkpoints\cycle_0186.pt,runs\models_9x9\best.pt,p1_win,0.0,99
1920,runs\models_9x9\best.pt,runs\models_9x9\checkpoints\cycle_0186.pt,runs\models_9x9\best.pt,runs\models_9x9\checkpoints\cycle_0186.pt,p1_win,1.0,95
1921,runs\models_9x9\best.pt,runs\models_9x9\checkpoints\cycle_0186.pt,runs\models_9x9\checkpoints\cycle_0186.pt,runs\models_9x9\best.pt,p2_win,1.0,96
1922,runs\models_9x9\best.pt,runs\models_9x9\checkpoints\cycle_0186.pt,runs\models_9x9\checkpoints\cycle_0186.pt,runs\models_9x9\best.pt,p2_win,1.0,92
1923,runs\models_9x9\best.pt,runs\models_9x9\checkpoints\cycle_0186.pt,runs\models_9x9\best.pt,runs\models_9x9\checkpoints\cycle_0186.pt,p1_win,1.0,95
1924,runs\models_9x9\best.pt,runs\models_9x9\checkpoints\cycle_0186.pt,runs\models_9x9\checkpoints\cycle_0186.pt,runs\models_9x9\best.pt,p2_win,1.0,108
1925,runs\models_9x9\best.pt,runs\models_9x9\checkpoints\cycle_0186.pt,runs\models_9x9\best.pt,runs\models_9x9\checkpoints\cycle_0186.pt,p1_win,1.0,97
1926,runs\models_9x9\best.pt,runs\models_9x9\checkpoints\cycle_0186.pt,runs\models_9x9\checkpoints\cycle_0186.pt,runs\models_9x9\best.pt,p2_win,1.0,98
1927,runs\models_9x9\best.pt,runs\models_9x9\checkpoints\cycle_0186.pt,runs\models_9x9\checkpoints\cycle_0186.pt,runs\models_9x9\best.pt,p2_win,1.0,98
1928,runs\models_9x9\best.pt,runs\models_9x9\checkpoints\cycle_0186.pt,runs\models_9x9\best.pt,runs\models_9x9\checkpoints\cycle_0186.pt,p1_win,1.0,99
1929,runs\models_9x9\best.pt,runs\models_9x9\checkpoints\cycle_0186.pt,runs\models_9x9\checkpoints\cycle_0186.pt,runs\models_9x9\best.pt,p1_win,0.0,95
1930,runs\models_9x9\best.pt,runs\models_9x9\checkpoints\cycle_0186.pt,runs\models_9x9\checkpoints\cycle_0186.pt,runs\models_9x9\best.pt,p2_win,1.0,98
1931,runs\models_9x9\best.pt,runs\models_9x9\checkpoints\cycle_0186.pt,runs\models_9x9\checkpoints\cycle_0186.pt,runs\models_9x9\best.pt,p2_win,1.0,98
1932,runs\models_9x9\best.pt,runs\models_9x9\checkpoints\cycle_0186.pt,runs\models_9x9\checkpoints\cycle_0186.pt,runs\models_9x9\best.pt,p2_win,1.0,94
1933,runs\models_9x9\best.pt,runs\models_9x9\checkpoints\cycle_0186.pt,runs\models_9x9\checkpoints\cycle_0186.pt,runs\models_9x9\best.pt,p2_win,1.0,96
1934,runs\models_9x9\best.pt,runs\models_9x9\checkpoints\cycle_0186.pt,runs\models_9x9\checkpoints\cycle_0186.pt,runs\models_9x9\best.pt,p1_win,0.0,97
1935,runs\models_9x9\best.pt,runs\models_9x9\checkpoints\cycle_0186.pt,runs\models_9x9\checkpoints\cycle_0186.pt,runs\models_9x9\best.pt,p1_win,0.0,99
1936,runs\models_9x9\best.pt,runs\models_9x9\checkpoints\cycle_0186.pt,runs\models_9x9\checkpoints\cycle_0186.pt,runs\models_9x9\best.pt,p2_win,1.0,96
1937,runs\models_9x9\best.pt,runs\models_9x9\checkpoints\cycle_0186.pt,runs\models_9x9\checkpoints\cycle_0186.pt,runs\models_9x9\best.pt,p1_win,0.0,99
1938,runs\models_9x9\best.pt,runs\models_9x9\checkpoints\cycle_0186.pt,runs\models_9x9\checkpoints\cycle_0186.pt,runs\models_9x9\best.pt,p1_win,0.0,95
1939,runs\models_9x9\best.pt,runs\models_9x9\checkpoints\cycle_0186.pt,runs\models_9x9\best.pt,runs\models_9x9\checkpoints\cycle_0186.pt,p1_win,1.0,97
1940,runs\models_9x9\best.pt,runs\models_9x9\checkpoints\cycle_0186.pt,runs\models_9x9\checkpoints\cycle_0186.pt,runs\models_9x9\best.pt,p2_win,1.0,104
1941,runs\models_9x9\best.pt,runs\models_9x9\checkpoints\cycle_0186.pt,runs\models_9x9\checkpoints\cycle_0186.pt,runs\models_9x9\best.pt,p2_win,1.0,96
1942,runs\models_9x9\best.pt,runs\models_9x9\checkpoints\cycle_0186.pt,runs\models_9x9\checkpoints\cycle_0186.pt,runs\models_9x9\best.pt,p2_win,1.0,100
1943,runs\models_9x9\best.pt,runs\models_9x9\checkpoints\cycle_0186.pt,runs\models_9x9\checkpoints\cycle_0186.pt,runs\models_9x9\best.pt,p1_win,0.0,97
1944,runs\models_9x9\best.pt,runs\models_9x9\checkpoints\cycle_0186.pt,runs\models_9x9\checkpoints\cycle_0186.pt,runs\models_9x9\best.pt,p2_win,1.0,98
1945,runs\models_9x9\best.pt,runs\models_9x9\checkpoints\cycle_0186.pt,runs\models_9x9\checkpoints\cycle_0186.pt,runs\models_9x9\best.pt,p1_win,0.0,99
1946,runs\models_9x9\best.pt,runs\models_9x9\checkpoints\cycle_0186.pt,runs\models_9x9\best.pt,runs\models_9x9\checkpoints\cycle_0186.pt,p1_win,1.0,97
1947,runs\models_9x9\best.pt,runs\models_9x9\checkpoints\cycle_0186.pt,runs\models_9x9\checkpoints\cycle_0186.pt,runs\models_9x9\best.pt,p2_win,1.0,104
1948,runs\models_9x9\best.pt,runs\models_9x9\checkpoints\cycle_0186.pt,runs\models_9x9\best.pt,runs\models_9x9\checkpoints\cycle_0186.pt,p1_win,1.0,97
1949,runs\models_9x9\best.pt,runs\models_9x9\checkpoints\cycle_0186.pt,runs\models_9x9\checkpoints\cycle_0186.pt,runs\models_9x9\best.pt,p2_win,1.0,96
1950,runs\models_9x9\best.pt,runs\models_9x9\checkpoints\cycle_0186.pt,runs\models_9x9\checkpoints\cycle_0186.pt,runs\models_9x9\best.pt,p2_win,1.0,112
1951,runs\models_9x9\best.pt,runs\models_9x9\checkpoints\cycle_0186.pt,runs\models_9x9\checkpoints\cycle_0186.pt,runs\models_9x9\best.pt,p2_win,1.0,98
1952,runs\models_9x9\best.pt,runs\models_9x9\checkpoints\cycle_0186.pt,runs\models_9x9\checkpoints\cycle_0186.pt,runs\models_9x9\best.pt,p1_win,0.0,97
1953,runs\models_9x9\best.pt,runs\models_9x9\checkpoints\cycle_0186.pt,runs\models_9x9\checkpoints\cycle_0186.pt,runs\models_9x9\best.pt,p2_win,1.0,98
1954,runs\models_9x9\best.pt,runs\models_9x9\checkpoints\cycle_0186.pt,runs\models_9x9\checkpoints\cycle_0186.pt,runs\models_9x9\best.pt,p1_win,0.0,101
1955,runs\models_9x9\best.pt,runs\models_9x9\checkpoints\cycle_0186.pt,runs\models_9x9\checkpoints\cycle_0186.pt,runs\models_9x9\best.pt,p2_win,1.0,102
1956,runs\models_9x9\best.pt,runs\models_9x9\checkpoints\cycle_0186.pt,runs\models_9x9\checkpoints\cycle_0186.pt,runs\models_9x9\best.pt,p1_win,0.0,103
1957,runs\models_9x9\best.pt,runs\models_9x9\checkpoints\cycle_0186.pt,runs\models_9x9\best.pt,runs\models_9x9\checkpoints\cycle_0186.pt,p1_win,1.0,101
1958,runs\models_9x9\best.pt,runs\models_9x9\checkpoints\cycle_0186.pt,runs\models_9x9\checkpoints\cycle_0186.pt,runs\models_9x9\best.pt,p1_win,0.0,113
1959,runs\models_9x9\best.pt,runs\models_9x9\checkpoints\cycle_0186.pt,runs\models_9x9\checkpoints\cycle_0186.pt,runs\models_9x9\best.pt,p2_win,1.0,98
1960,runs\models_9x9\best.pt,runs\models_9x9\checkpoints\cycle_0186.pt,runs\models_9x9\checkpoints\cycle_0186.pt,runs\models_9x9\best.pt,p2_win,1.0,100
1961,runs\models_9x9\best.pt,runs\models_9x9\checkpoints\cycle_0186.pt,runs\models_9x9\checkpoints\cycle_0186.pt,runs\models_9x9\best.pt,p2_win,1.0,110
1962,runs\models_9x9\best.pt,runs\models_9x9\checkpoints\cycle_0186.pt,runs\models_9x9\checkpoints\cycle_0186.pt,runs\models_9x9\best.pt,p2_win,1.0,106
1963,runs\models_9x9\best.pt,runs\models_9x9\checkpoints\cycle_0186.pt,runs\models_9x9\checkpoints\cycle_0186.pt,runs\models_9x9\best.pt,p2_win,1.0,102
1964,runs\models_9x9\best.pt,runs\models_9x9\checkpoints\cycle_0186.pt,runs\models_9x9\checkpoints\cycle_0186.pt,runs\models_9x9\best.pt,p2_win,1.0,102
1965,runs\models_9x9\best.pt,runs\models_9x9\checkpoints\cycle_0186.pt,runs\models_9x9\best.pt,runs\models_9x9\checkpoints\cycle_0186.pt,p1_win,1.0,99
1966,runs\models_9x9\best.pt,runs\models_9x9\checkpoints\cycle_0186.pt,runs\models_9x9\checkpoints\cycle_0186.pt,runs\models_9x9\best.pt,p1_win,0.0,99
1967,runs\models_9x9\best.pt,runs\models_9x9\checkpoints\cycle_0186.pt,runs\models_9x9\checkpoints\cycle_0186.pt,runs\models_9x9\best.pt,p2_win,1.0,98
1968,runs\models_9x9\best.pt,runs\models_9x9\checkpoints\cycle_0186.pt,runs\models_9x9\checkpoints\cycle_0186.pt,runs\models_9x9\best.pt,p2_win,1.0,102
1969,runs\models_9x9\best.pt,runs\models_9x9\checkpoints\cycle_0186.pt,runs\models_9x9\checkpoints\cycle_0186.pt,runs\models_9x9\best.pt,p1_win,0.0,107
1970,runs\models_9x9\best.pt,runs\models_9x9\checkpoints\cycle_0186.pt,runs\models_9x9\checkpoints\cycle_0186.pt,runs\models_9x9\best.pt,p1_win,0.0,105
1971,runs\models_9x9\best.pt,runs\models_9x9\checkpoints\cycle_0186.pt,runs\models_9x9\checkpoints\cycle_0186.pt,runs\models_9x9\best.pt,p2_win,1.0,102
1972,runs\models_9x9\best.pt,runs\models_9x9\checkpoints\cycle_0186.pt,runs\models_9x9\checkpoints\cycle_0186.pt,runs\models_9x9\best.pt,p2_win,1.0,102
1973,runs\models_9x9\best.pt,runs\models_9x9\checkpoints\cycle_0186.pt,runs\models_9x9\checkpoints\cycle_0186.pt,runs\models_9x9\best.pt,p2_win,1.0,106
1974,runs\models_9x9\best.pt,runs\models_9x9\checkpoints\cycle_0186.pt,runs\models_9x9\checkpoints\cycle_0186.pt,runs\models_9x9\best.pt,p1_win,0.0,101
1975,runs\models_9x9\best.pt,runs\models_9x9\checkpoints\cycle_0186.pt,runs\models_9x9\best.pt,runs\models_9x9\checkpoints\cycle_0186.pt,p1_win,1.0,103
1976,runs\models_9x9\best.pt,runs\models_9x9\checkpoints\cycle_0186.pt,runs\models_9x9\checkpoints\cycle_0186.pt,runs\models_9x9\best.pt,p1_win,0.0,113
1977,runs\models_9x9\best.pt,runs\models_9x9\checkpoints\cycle_0186.pt,runs\models_9x9\best.pt,runs\models_9x9\checkpoints\cycle_0186.pt,p1_win,1.0,103
1978,runs\models_9x9\best.pt,runs\models_9x9\checkpoints\cycle_0186.pt,runs\models_9x9\checkpoints\cycle_0186.pt,runs\models_9x9\best.pt,p2_win,1.0,110
1979,runs\models_9x9\best.pt,runs\models_9x9\checkpoints\cycle_0186.pt,runs\models_9x9\checkpoints\cycle_0186.pt,runs\models_9x9\best.pt,p1_win,0.0,105
1980,runs\models_9x9\best.pt,runs\models_9x9\checkpoints\cycle_0186.pt,runs\models_9x9\checkpoints\cycle_0186.pt,runs\models_9x9\best.pt,draw,0.5,120
1981,runs\models_9x9\best.pt,runs\models_9x9\checkpoints\cycle_0186.pt,runs\models_9x9\checkpoints\cycle_0186.pt,runs\models_9x9\best.pt,p1_win,0.0,111
1982,runs\models_9x9\best.pt,runs\models_9x9\checkpoints\cycle_0186.pt,runs\models_9x9\checkpoints\cycle_0186.pt,runs\models_9x9\best.pt,p1_win,0.0,111
1983,runs\models_9x9\best.pt,runs\models_9x9\checkpoints\cycle_0186.pt,runs\models_9x9\best.pt,runs\models_9x9\checkpoints\cycle_0186.pt,p1_win,1.0,101
1984,runs\models_9x9\best.pt,runs\models_9x9\checkpoints\cycle_0186.pt,runs\models_9x9\checkpoints\cycle_0186.pt,runs\models_9x9\best.pt,p1_win,0.0,103
1985,runs\models_9x9\best.pt,runs\models_9x9\checkpoints\cycle_0186.pt,runs\models_9x9\checkpoints\cycle_0186.pt,runs\models_9x9\best.pt,p2_win,1.0,104
1986,runs\models_9x9\best.pt,runs\models_9x9\checkpoints\cycle_0186.pt,runs\models_9x9\checkpoints\cycle_0186.pt,runs\models_9x9\best.pt,p2_win,1.0,100
1987,runs\models_9x9\best.pt,runs\models_9x9\checkpoints\cycle_0186.pt,runs\models_9x9\checkpoints\cycle_0186.pt,runs\models_9x9\best.pt,p1_win,0.0,111
1988,runs\models_9x9\best.pt,runs\models_9x9\checkpoints\cycle_0186.pt,runs\models_9x9\checkpoints\cycle_0186.pt,runs\models_9x9\best.pt,p1_win,0.0,107
1989,runs\models_9x9\best.pt,runs\models_9x9\checkpoints\cycle_0186.pt,runs\models_9x9\best.pt,runs\models_9x9\checkpoints\cycle_0186.pt,p1_win,1.0,107
1990,runs\models_9x9\best.pt,runs\models_9x9\checkpoints\cycle_0186.pt,runs\models_9x9\checkpoints\cycle_0186.pt,runs\models_9x9\best.pt,p2_win,1.0,102
1991,runs\models_9x9\best.pt,runs\models_9x9\checkpoints\cycle_0186.pt,runs\models_9x9\checkpoints\cycle_0186.pt,runs\models_9x9\best.pt,p2_win,1.0,112
1992,runs\models_9x9\best.pt,runs\models_9x9\checkpoints\cycle_0186.pt,runs\models_9x9\checkpoints\cycle_0186.pt,runs\models_9x9\best.pt,p2_win,1.0,104
1993,runs\models_9x9\best.pt,runs\models_9x9\checkpoints\cycle_0186.pt,runs\models_9x9\checkpoints\cycle_0186.pt,runs\models_9x9\best.pt,p1_win,0.0,105
1994,runs\models_9x9\best.pt,runs\models_9x9\checkpoints\cycle_0186.pt,runs\models_9x9\checkpoints\cycle_0186.pt,runs\models_9x9\best.pt,p1_win,0.0,115
1995,runs\models_9x9\best.pt,runs\models_9x9\checkpoints\cycle_0186.pt,runs\models_9x9\checkpoints\cycle_0186.pt,runs\models_9x9\best.pt,p1_win,0.0,119
1996,runs\models_9x9\best.pt,runs\models_9x9\checkpoints\cycle_0186.pt,runs\models_9x9\checkpoints\cycle_0186.pt,runs\models_9x9\best.pt,p2_win,1.0,110
1997,runs\models_9x9\best.pt,runs\models_9x9\checkpoints\cycle_0186.pt,runs\models_9x9\best.pt,runs\models_9x9\checkpoints\cycle_0186.pt,p1_win,1.0,111
1998,runs\models_9x9\best.pt,runs\models_9x9\checkpoints\cycle_0186.pt,runs\models_9x9\checkpoints\cycle_0186.pt,runs\models_9x9\best.pt,p2_win,1.0,114
1999,runs\models_9x9\best.pt,runs\models_9x9\checkpoints\cycle_0186.pt,runs\models_9x9\checkpoints\cycle_0186.pt,runs\models_9x9\best.pt,p1_win,0.0,105
2000,runs\models_9x9\best.pt,runs\models_9x9\checkpoints\cycle_0186.pt,runs\models_9x9\checkpoints\cycle_0186.pt,runs\models_9x9\best.pt,p2_win,1.0,110
2001,runs\models_9x9\best.pt,runs\models_9x9\checkpoints\cycle_0186.pt,runs\models_9x9\checkpoints\cycle_0186.pt,runs\models_9x9\best.pt,p2_win,1.0,120
2002,runs\models_9x9\best.pt,runs\models_9x9\checkpoints\cycle_0186.pt,runs\models_9x9\checkpoints\cycle_0186.pt,runs\models_9x9\best.pt,p1_win,0.0,109
2003,runs\models_9x9\best.pt,runs\models_9x9\checkpoints\cycle_0186.pt,runs\models_9x9\checkpoints\cycle_0186.pt,runs\models_9x9\best.pt,p1_win,0.0,109
2004,runs\models_9x9\best.pt,runs\models_9x9\checkpoints\cycle_0186.pt,runs\models_9x9\checkpoints\cycle_0186.pt,runs\models_9x9\best.pt,p2_win,1.0,110
2005,runs\models_9x9\best.pt,runs\models_9x9\checkpoints\cycle_0186.pt,runs\models_9x9\checkpoints\cycle_0186.pt,runs\models_9x9\best.pt,p1_win,0.0,107
2006,runs\models_9x9\best.pt,runs\models_9x9\checkpoints\cycle_0186.pt,runs\models_9x9\checkpoints\cycle_0186.pt,runs\models_9x9\best.pt,p2_win,1.0,112
2007,runs\models_9x9\best.pt,runs\models_9x9\checkpoints\cycle_0186.pt,runs\models_9x9\checkpoints\cycle_0186.pt,runs\models_9x9\best.pt,p2_win,1.0,112
2008,runs\models_9x9\best.pt,runs\models_9x9\checkpoints\cycle_0186.pt,runs\models_9x9\checkpoints\cycle_0186.pt,runs\models_9x9\best.pt,p1_win,0.0,111
2009,runs\models_9x9\best.pt,runs\models_9x9\checkpoints\cycle_0186.pt,runs\models_9x9\checkpoints\cycle_0186.pt,runs\models_9x9\best.pt,p1_win,0.0,111
2010,runs\models_9x9\best.pt,runs\models_9x9\checkpoints\cycle_0186.pt,runs\models_9x9\checkpoints\cycle_0186.pt,runs\models_9x9\best.pt,p2_win,1.0,132
2011,runs\models_9x9\best.pt,runs\models_9x9\checkpoints\cycle_0186.pt,runs\models_9x9\best.pt,runs\models_9x9\checkpoints\cycle_0186.pt,p1_win,1.0,115
2012,runs\models_9x9\best.pt,runs\models_9x9\checkpoints\cycle_0186.pt,runs\models_9x9\best.pt,runs\models_9x9\checkpoints\cycle_0186.pt,p1_win,1.0,123
2013,runs\models_9x9\best.pt,runs\models_9x9\checkpoints\cycle_0186.pt,runs\models_9x9\checkpoints\cycle_0186.pt,runs\models_9x9\best.pt,p2_win,1.0,120
2014,runs\models_9x9\best.pt,runs\models_9x9\checkpoints\cycle_0186.pt,runs\models_9x9\checkpoints\cycle_0186.pt,runs\models_9x9\best.pt,p2_win,1.0,112
2015,runs\models_9x9\best.pt,runs\models_9x9\checkpoints\cycle_0186.pt,runs\models_9x9\checkpoints\cycle_0186.pt,runs\models_9x9\best.pt,p2_win,1.0,110
2016,runs\models_9x9\best.pt,runs\models_9x9\checkpoints\cycle_0186.pt,runs\models_9x9\best.pt,runs\models_9x9\checkpoints\cycle_0186.pt,p1_win,1.0,115
2017,runs\models_9x9\best.pt,runs\models_9x9\checkpoints\cycle_0186.pt,runs\models_9x9\checkpoints\cycle_0186.pt,runs\models_9x9\best.pt,p2_win,1.0,126
2018,runs\models_9x9\best.pt,runs\models_9x9\checkpoints\cycle_0186.pt,runs\models_9x9\best.pt,runs\models_9x9\checkpoints\cycle_0186.pt,p1_win,1.0,121
2019,runs\models_9x9\best.pt,runs\models_9x9\checkpoints\cycle_0186.pt,runs\models_9x9\checkpoints\cycle_0186.pt,runs\models_9x9\best.pt,p1_win,0.0,115
2020,runs\models_9x9\best.pt,runs\models_9x9\checkpoints\cycle_0186.pt,runs\models_9x9\checkpoints\cycle_0186.pt,runs\models_9x9\best.pt,p2_win,1.0,114
2021,runs\models_9x9\best.pt,runs\models_9x9\checkpoints\cycle_0186.pt,runs\models_9x9\checkpoints\cycle_0186.pt,runs\models_9x9\best.pt,draw,0.5,122
2022,runs\models_9x9\best.pt,runs\models_9x9\checkpoints\cycle_0186.pt,runs\models_9x9\checkpoints\cycle_0186.pt,runs\models_9x9\best.pt,p1_win,0.0,123
2023,runs\models_9x9\best.pt,runs\models_9x9\checkpoints\cycle_0186.pt,runs\models_9x9\checkpoints\cycle_0186.pt,runs\models_9x9\best.pt,p2_win,1.0,124
2024,runs\models_9x9\best.pt,runs\models_9x9\checkpoints\cycle_0186.pt,runs\models_9x9\checkpoints\cycle_0186.pt,runs\models_9x9\best.pt,p1_win,0.0,117
2025,runs\models_9x9\best.pt,runs\models_9x9\checkpoints\cycle_0186.pt,runs\models_9x9\checkpoints\cycle_0186.pt,runs\models_9x9\best.pt,p2_win,1.0,122
2026,runs\models_9x9\best.pt,runs\models_9x9\checkpoints\cycle_0186.pt,runs\models_9x9\checkpoints\cycle_0186.pt,runs\models_9x9\best.pt,p2_win,1.0,124
2027,runs\models_9x9\best.pt,runs\models_9x9\checkpoints\cycle_0186.pt,runs\models_9x9\checkpoints\cycle_0186.pt,runs\models_9x9\best.pt,p2_win,1.0,128
2028,runs\models_9x9\best.pt,runs\models_9x9\checkpoints\cycle_0186.pt,runs\models_9x9\checkpoints\cycle_0186.pt,runs\models_9x9\best.pt,p2_win,1.0,134
2029,runs\models_9x9\best.pt,runs\models_9x9\checkpoints\cycle_0186.pt,runs\models_9x9\checkpoints\cycle_0186.pt,runs\models_9x9\best.pt,p2_win,1.0,130
2030,runs\models_9x9\best.pt,runs\models_9x9\checkpoints\cycle_0186.pt,runs\models_9x9\checkpoints\cycle_0186.pt,runs\models_9x9\best.pt,p2_win,1.0,140
2031,runs\models_9x9\best.pt,runs\models_9x9\checkpoints\cycle_0186.pt,runs\models_9x9\best.pt,runs\models_9x9\checkpoints\cycle_0186.pt,draw,0.5,154
2032,runs\models_9x9\best.pt,runs\models_9x9\checkpoints\cycle_0186.pt,runs\models_9x9\checkpoints\cycle_0186.pt,runs\models_9x9\best.pt,p2_win,1.0,140
2033,runs\models_9x9\best.pt,runs\models_9x9\checkpoints\cycle_0186.pt,runs\models_9x9\checkpoints\cycle_0186.pt,runs\models_9x9\best.pt,p1_win,0.0,139
2034,runs\models_9x9\best.pt,runs\models_9x9\checkpoints\cycle_0186.pt,runs\models_9x9\checkpoints\cycle_0186.pt,runs\models_9x9\best.pt,draw,0.5,160
2035,runs\models_9x9\best.pt,runs\models_9x9\checkpoints\cycle_0186.pt,runs\models_9x9\checkpoints\cycle_0186.pt,runs\models_9x9\best.pt,p1_win,0.0,149
2036,runs\models_9x9\best.pt,runs\models_9x9\checkpoints\cycle_0186.pt,runs\models_9x9\checkpoints\cycle_0186.pt,runs\models_9x9\best.pt,p2_win,1.0,146
2037,runs\models_9x9\best.pt,runs\models_9x9\checkpoints\cycle_0186.pt,runs\models_9x9\best.pt,runs\models_9x9\checkpoints\cycle_0186.pt,draw,0.5,160
2038,runs\models_9x9\best.pt,runs\models_9x9\checkpoints\cycle_0186.pt,runs\models_9x9\checkpoints\cycle_0186.pt,runs\models_9x9\best.pt,draw,0.5,160
2039,runs\models_9x9\best.pt,runs\models_9x9\checkpoints\cycle_0186.pt,runs\models_9x9\checkpoints\cycle_0186.pt,runs\models_9x9\best.pt,p1_win,0.0,151
2040,runs\models_9x9\best.pt,runs\models_9x9\checkpoints\cycle_0186.pt,runs\models_9x9\checkpoints\cycle_0186.pt,runs\models_9x9\best.pt,p1_win,0.0,155
2041,runs\models_9x9\best.pt,runs\models_9x9\checkpoints\cycle_0186.pt,runs\models_9x9\checkpoints\cycle_0186.pt,runs\models_9x9\best.pt,p1_win,0.0,155
2042,runs\models_9x9\best.pt,runs\models_9x9\checkpoints\cycle_0186.pt,runs\models_9x9\checkpoints\cycle_0186.pt,runs\models_9x9\best.pt,draw,0.5,160
2043,runs\models_9x9\best.pt,runs\models_9x9\checkpoints\cycle_0186.pt,runs\models_9x9\checkpoints\cycle_0186.pt,runs\models_9x9\best.pt,draw,0.5,160
2044,runs\models_9x9\best.pt,runs\models_9x9\checkpoints\cycle_0186.pt,runs\models_9x9\checkpoints\cycle_0186.pt,runs\models_9x9\best.pt,p1_win,0.0,157
2045,runs\models_9x9\best.pt,runs\models_9x9\checkpoints\cycle_0186.pt,runs\models_9x9\checkpoints\cycle_0186.pt,runs\models_9x9\best.pt,draw,0.5,160
2046,runs\models_9x9\best.pt,runs\models_9x9\checkpoints\cycle_0186.pt,runs\models_9x9\checkpoints\cycle_0186.pt,runs\models_9x9\best.pt,p2_win,1.0,156
2047,runs\models_9x9\best.pt,runs\models_9x9\checkpoints\cycle_0186.pt,runs\models_9x9\checkpoints\cycle_0186.pt,runs\models_9x9\best.pt,draw,0.5,160
2048,runs\models_9x9\best.pt,runs\models_9x9\checkpoints\cycle_0186.pt,runs\models_9x9\checkpoints\cycle_0186.pt,runs\models_9x9\best.pt,draw,0.5,160
