game,agent_a,agent_b,player1,player2,result,score_for_a,plies
1,runs\models_7x7\checkpoints\cycle_0162.pt,runs\models_7x7\checkpoints\cycle_0152.pt,runs\models_7x7\checkpoints\cycle_0162.pt,runs\models_7x7\checkpoints\cycle_0152.pt,p2_win,0.0,14
2,runs\models_7x7\checkpoints\cycle_0162.pt,runs\models_7x7\checkpoints\cycle_0152.pt,runs\models_7x7\checkpoints\cycle_0152.pt,runs\models_7x7\checkpoints\cycle_0162.pt,p2_win,1.0,18
3,runs\models_7x7\checkpoints\cycle_0162.pt,runs\models_7x7\checkpoints\cycle_0152.pt,runs\models_7x7\checkpoints\cycle_0152.pt,runs\models_7x7\checkpoints\cycle_0162.pt,p2_win,1.0,30
4,runs\models_7x7\checkpoints\cycle_0162.pt,runs\models_7x7\checkpoints\cycle_0152.pt,runs\models_7x7\checkpoints\cycle_0162.pt,runs\models_7x7\checkpoints\cycle_0152.pt,p2_win,0.0,24
5,runs\models_7x7\checkpoints\cycle_0162.pt,runs\models_7x7\checkpoints\cycle_0152.pt,runs\models_7x7\checkpoints\cycle_0162.pt,runs\models_7x7\checkpoints\cycle_0152.pt,p2_win,0.0,26
6,runs\models_7x7\checkpoints\cycle_0162.pt,runs\models_7x7\checkpoints\cycle_0152.pt,runs\models_7x7\checkpoints\cycle_0152.pt,runs\models_7x7\checkpoints\cycle_0162.pt,p2_win,1.0,24
7,runs\models_7x7\checkpoints\cycle_0162.pt,runs\models_7x7\checkpoints\cycle_0152.pt,runs\models_7x7\checkpoints\cycle_0152.pt,runs\models_7x7\checkpoints\cycle_0162.pt,p2_win,1.0,36
8,runs\models_7x7\checkpoints\cycle_0162.pt,runs\models_7x7\checkpoints\cycle_0152.pt,runs\models_7x7\checkpoints\cycle_0152.pt,runs\models_7x7\checkpoints\cycle_0162.pt,p1_win,0.0,31
9,runs\models_7x7\checkpoints\cycle_0162.pt,runs\models_7x7\checkpoints\cycle_0152.pt,runs\models_7x7\checkpoints\cycle_0152.pt,runs\models_7x7\checkpoints\cycle_0162.pt,p2_win,1.0,30
10,runs\models_7x7\checkpoints\cycle_0162.pt,runs\models_7x7\checkpoints\cycle_0152.pt,runs\models_7x7\checkpoints\cycle_0152.pt,runs\models_7x7\checkpoints\cycle_0162.pt,p2_win,1.0,30
11,runs\models_7x7\checkpoints\cycle_0162.pt,runs\models_7x7\checkpoints\cycle_0152.pt,runs\models_7x7\checkpoints\cycle_0152.pt,runs\models_7x7\checkpoints\cycle_0162.pt,p1_win,0.0,35
12,runs\models_7x7\checkpoints\cycle_0162.pt,runs\models_7x7\checkpoints\cycle_0152.pt,runs\models_7x7\checkpoints\cycle_0152.pt,runs\models_7x7\checkpoints\cycle_0162.pt,p2_win,1.0,30
13,runs\models_7x7\checkpoints\cycle_0162.pt,runs\models_7x7\checkpoints\cycle_0152.pt,runs\models_7x7\checkpoints\cycle_0152.pt,runs\models_7x7\checkpoints\cycle_0162.pt,p2_win,1.0,34
14,runs\models_7x7\checkpoints\cycle_0162.pt,runs\models_7x7\checkpoints\cycle_0152.pt,runs\models_7x7\checkpoints\cycle_0162.pt,runs\models_7x7\checkpoints\cycle_0152.pt,p1_win,1.0,29
15,runs\models_7x7\checkpoints\cycle_0162.pt,runs\models_7x7\checkpoints\cycle_0152.pt,runs\models_7x7\checkpoints\cycle_0152.pt,runs\models_7x7\checkpoints\cycle_0162.pt,p2_win,1.0,30
16,runs\models_7x7\checkpoints\cycle_0162.pt,runs\models_7x7\checkpoints\cycle_0152.pt,runs\models_7x7\checkpoints\cycle_0162.pt,runs\models_7x7\checkpoints\cycle_0152.pt,p2_win,0.0,30
17,runs\models_7x7\checkpoints\cycle_0162.pt,runs\models_7x7\checkpoints\cycle_0152.pt,runs\models_7x7\checkpoints\cycle_0152.pt,runs\models_7x7\checkpoints\cycle_0162.pt,p2_win,1.0,30
18,runs\models_7x7\checkpoints\cycle_0162.pt,runs\models_7x7\checkpoints\cycle_0152.pt,runs\models_7x7\checkpoints\cycle_0152.pt,runs\models_7x7\checkpoints\cycle_0162.pt,p2_win,1.0,30
19,runs\models_7x7\checkpoints\cycle_0162.pt,runs\models_7x7\checkpoints\cycle_0152.pt,runs\models_7x7\checkpoints\cycle_0152.pt,runs\models_7x7\checkpoints\cycle_0162.pt,p2_win,1.0,30
20,runs\models_7x7\checkpoints\cycle_0162.pt,runs\models_7x7\checkpoints\cycle_0152.pt,runs\models_7x7\checkpoints\cycle_0152.pt,runs\models_7x7\checkpoints\cycle_0162.pt,p1_win,0.0,41
21,runs\models_7x7\checkpoints\cycle_0162.pt,runs\models_7x7\checkpoints\cycle_0152.pt,runs\models_7x7\checkpoints\cycle_0152.pt,runs\models_7x7\checkpoints\cycle_0162.pt,p1_win,0.0,31
22,runs\models_7x7\checkpoints\cycle_0162.pt,runs\models_7x7\checkpoints\cycle_0152.pt,runs\models_7x7\checkpoints\cycle_0152.pt,runs\models_7x7\checkpoints\cycle_0162.pt,p1_win,0.0,33
23,runs\models_7x7\checkpoints\cycle_0162.pt,runs\models_7x7\checkpoints\cycle_0152.pt,runs\models_7x7\checkpoints\cycle_0162.pt,runs\models_7x7\checkpoints\cycle_0152.pt,p1_win,1.0,29
24,runs\models_7x7\checkpoints\cycle_0162.pt,runs\models_7x7\checkpoints\cycle_0152.pt,runs\models_7x7\checkpoints\cycle_0152.pt,runs\models_7x7\checkpoints\cycle_0162.pt,p2_win,1.0,30
25,runs\models_7x7\checkpoints\cycle_0162.pt,runs\models_7x7\checkpoints\cycle_0152.pt,runs\models_7x7\checkpoints\cycle_0152.pt,runs\models_7x7\checkpoints\cycle_0162.pt,p2_win,1.0,30
26,runs\models_7x7\checkpoints\cycle_0162.pt,runs\models_7x7\checkpoints\cycle_0152.pt,runs\models_7x7\checkpoints\cycle_0152.pt,runs\models_7x7\checkpoints\cycle_0162.pt,p2_win,1.0,32
27,runs\models_7x7\checkpoints\cycle_0162.pt,runs\models_7x7\checkpoints\cycle_0152.pt,runs\models_7x7\checkpoints\cycle_0152.pt,runs\models_7x7\checkpoints\cycle_0162.pt,p2_win,1.0,30
28,runs\models_7x7\checkpoints\cycle_0162.pt,runs\models_7x7\checkpoints\cycle_0152.pt,runs\models_7x7\checkpoints\cycle_0162.pt,runs\models_7x7\checkpoints\cycle_0152.pt,p1_win,1.0,29
29,runs\models_7x7\checkpoints\cycle_0162.pt,runs\models_7x7\checkpoints\cycle_0152.pt,runs\models_7x7\checkpoints\cycle_0152.pt,runs\models_7x7\checkpoints\cycle_0162.pt,p2_win,1.0,30
30,runs\models_7x7\checkpoints\cycle_0162.pt,runs\models_7x7\checkpoints\cycle_0152.pt,runs\models_7x7\checkpoints\cycle_0152.pt,runs\models_7x7\checkpoints\cycle_0162.pt,p1_win,0.0,33
31,runs\models_7x7\checkpoints\cycle_0162.pt,runs\models_7x7\checkpoints\cycle_0152.pt,runs\models_7x7\checkpoints\cycle_0152.pt,runs\models_7x7\checkpoints\cycle_0162.pt,p2_win,1.0,30
32,runs\models_7x7\checkpoints\cycle_0162.pt,runs\models_7x7\checkpoints\cycle_0152.pt,runs\models_7x7\checkpoints\cycle_0152.pt,runs\models_7x7\checkpoints\cycle_0162.pt,p1_win,0.0,31
33,runs\models_7x7\checkpoints\cycle_0162.pt,runs\models_7x7\checkpoints\cycle_0152.pt,runs\models_7x7\checkpoints\cycle_0152.pt,runs\models_7x7\checkpoints\cycle_0162.pt,p1_win,0.0,35
34,runs\models_7x7\checkpoints\cycle_0162.pt,runs\models_7x7\checkpoints\cycle_0152.pt,runs\models_7x7\checkpoints\cycle_0162.pt,runs\models_7x7\checkpoints\cycle_0152.pt,p1_win,1.0,37
35,runs\models_7x7\checkpoints\cycle_0162.pt,runs\models_7x7\checkpoints\cycle_0152.pt,runs\models_7x7\checkpoints\cycle_0162.pt,runs\models_7x7\checkpoints\cycle_0152.pt,p2_win,0.0,34
36,runs\models_7x7\checkpoints\cycle_0162.pt,runs\models_7x7\checkpoints\cycle_0152.pt,runs\models_7x7\checkpoints\cycle_0162.pt,runs\models_7x7\checkpoints\cycle_0152.pt,p1_win,1.0,39
37,runs\models_7x7\checkpoints\cycle_0162.pt,runs\models_7x7\checkpoints\cycle_0152.pt,runs\models_7x7\checkpoints\cycle_0152.pt,runs\models_7x7\checkpoints\cycle_0162.pt,p1_win,0.0,35
38,runs\models_7x7\checkpoints\cycle_0162.pt,runs\models_7x7\checkpoints\cycle_0152.pt,runs\models_7x7\checkpoints\cycle_0162.pt,runs\models_7x7\checkpoints\cycle_0152.pt,p2_win,0.0,32
39,runs\models_7x7\checkpoints\cycle_0162.pt,runs\models_7x7\checkpoints\cycle_0152.pt,runs\models_7x7\checkpoints\cycle_0152.pt,runs\models_7x7\checkpoints\cycle_0162.pt,p2_win,1.0,32
40,runs\models_7x7\checkpoints\cycle_0162.pt,runs\models_7x7\checkpoints\cycle_0152.pt,runs\models_7x7\checkpoints\cycle_0152.pt,runs\models_7x7\checkpoints\cycle_0162.pt,p1_win,0.0,33
41,runs\models_7x7\checkpoints\cycle_0162.pt,runs\models_7x7\checkpoints\cycle_0152.pt,runs\models_7x7\checkpoints\cycle_0152.pt,runs\models_7x7\checkpoints\cycle_0162.pt,p1_win,0.0,37
42,runs\models_7x7\checkpoints\cycle_0162.pt,runs\models_7x7\checkpoints\cycle_0152.pt,runs\models_7x7\checkpoints\cycle_0152.pt,runs\models_7x7\checkpoints\cycle_0162.pt,p1_win,0.0,37
43,runs\models_7x7\checkpoints\cycle_0162.pt,runs\models_7x7\checkpoints\cycle_0152.pt,runs\models_7x7\checkpoints\cycle_0152.pt,runs\models_7x7\checkpoints\cycle_0162.pt,p1_win,0.0,37
44,runs\models_7x7\checkpoints\cycle_0162.pt,runs\models_7x7\checkpoints\cycle_0152.pt,runs\models_7x7\checkpoints\cycle_0152.pt,runs\models_7x7\checkpoints\cycle_0162.pt,p2_win,1.0,30
45,runs\models_7x7\checkpoints\cycle_0162.pt,runs\models_7x7\checkpoints\cycle_0152.pt,runs\models_7x7\checkpoints\cycle_0152.pt,runs\models_7x7\checkpoints\cycle_0162.pt,p2_win,1.0,30
46,runs\models_7x7\checkpoints\cycle_0162.pt,runs\models_7x7\checkpoints\cycle_0152.pt,runs\models_7x7\checkpoints\cycle_0152.pt,runs\models_7x7\checkpoints\cycle_0162.pt,p1_win,0.0,41
47,runs\models_7x7\checkpoints\cycle_0162.pt,runs\models_7x7\checkpoints\cycle_0152.pt,runs\models_7x7\checkpoints\cycle_0152.pt,runs\models_7x7\checkpoints\cycle_0162.pt,p2_win,1.0,30
48,runs\models_7x7\checkpoints\cycle_0162.pt,runs\models_7x7\checkpoints\cycle_0152.pt,runs\models_7x7\checkpoints\cycle_0152.pt,runs\models_7x7\checkpoints\cycle_0162.pt,p1_win,0.0,39
49,runs\models_7x7\checkpoints\cycle_0162.pt,runs\models_7x7\checkpoints\cycle_0152.pt,runs\models_7x7\checkpoints\cycle_0152.pt,runs\models_7x7\checkpoints\cycle_0162.pt,p2_win,1.0,32
50,runs\models_7x7\checkpoints\cycle_0162.pt,runs\models_7x7\checkpoints\cycle_0152.pt,runs\models_7x7\checkpoints\cycle_0152.pt,runs\models_7x7\checkpoints\cycle_0162.pt,p2_win,1.0,32
51,runs\models_7x7\checkpoints\cycle_0162.pt,runs\models_7x7\checkpoints\cycle_0152.pt,runs\models_7x7\checkpoints\cycle_0152.pt,runs\models_7x7\checkpoints\cycle_0162.pt,p2_win,1.0,32
52,runs\models_7x7\checkpoints\cycle_0162.pt,runs\models_7x7\checkpoints\cycle_0152.pt,runs\models_7x7\checkpoints\cycle_0152.pt,runs\models_7x7\checkpoints\cycle_0162.pt,p2_win,1.0,32
53,runs\models_7x7\checkpoints\cycle_0162.pt,runs\models_7x7\checkpoints\cycle_0152.pt,runs\models_7x7\checkpoints\cycle_0152.pt,runs\models_7x7\checkpoints\cycle_0162.pt,p2_win,1.0,32
54,runs\models_7x7\checkpoints\cycle_0162.pt,runs\models_7x7\checkpoints\cycle_0152.pt,runs\models_7x7\checkpoints\cycle_0152.pt,runs\models_7x7\checkpoints\cycle_0162.pt,p2_win,1.0,40
55,runs\models_7x7\checkpoints\cycle_0162.pt,runs\models_7x7\checkpoints\cycle_0152.pt,runs\models_7x7\checkpoints\cycle_0152.pt,runs\models_7x7\checkpoints\cycle_0162.pt,p2_win,1.0,32
56,runs\models_7x7\checkpoints\cycle_0162.pt,runs\models_7x7\checkpoints\cycle_0152.pt,runs\models_7x7\checkpoints\cycle_0152.pt,runs\models_7x7\checkpoints\cycle_0162.pt,p2_win,1.0,32
57,runs\models_7x7\checkpoints\cycle_0162.pt,runs\models_7x7\checkpoints\cycle_0152.pt,runs\models_7x7\checkpoints\cycle_0152.pt,runs\models_7x7\checkpoints\cycle_0162.pt,p2_win,1.0,42
58,runs\models_7x7\checkpoints\cycle_0162.pt,runs\models_7x7\checkpoints\cycle_0152.pt,runs\models_7x7\checkpoints\cycle_0162.pt,runs\models_7x7\checkpoints\cycle_0152.pt,p1_win,1.0,39
59,runs\models_7x7\checkpoints\cycle_0162.pt,runs\models_7x7\checkpoints\cycle_0152.pt,runs\models_7x7\checkpoints\cycle_0152.pt,runs\models_7x7\checkpoints\cycle_0162.pt,p2_win,1.0,46
60,runs\models_7x7\checkpoints\cycle_0162.pt,runs\models_7x7\checkpoints\cycle_0152.pt,runs\models_7x7\checkpoints\cycle_0152.pt,runs\models_7x7\checkpoints\cycle_0162.pt,p2_win,1.0,32
61,runs\models_7x7\checkpoints\cycle_0162.pt,runs\models_7x7\checkpoints\cycle_0152.pt,runs\models_7x7\checkpoints\cycle_0152.pt,runs\models_7x7\checkpoints\cycle_0162.pt,p2_win,1.0,38
62,runs\models_7x7\checkpoints\cycle_0162.pt,runs\models_7x7\checkpoints\cycle_0152.pt,runs\models_7x7\checkpoints\cycle_0152.pt,runs\models_7x7\checkpoints\cycle_0162.pt,p2_win,1.0,32
63,runs\models_7x7\checkpoints\cycle_0162.pt,runs\models_7x7\checkpoints\cycle_0152.pt,runs\models_7x7\checkpoints\cycle_0152.pt,runs\models_7x7\checkpoints\cycle_0162.pt,p2_win,1.0,34
64,runs\models_7x7\checkpoints\cycle_0162.pt,runs\models_7x7\checkpoints\cycle_0152.pt,runs\models_7x7\checkpoints\cycle_0152.pt,runs\models_7x7\checkpoints\cycle_0162.pt,p2_win,1.0,34
65,runs\models_7x7\checkpoints\cycle_0162.pt,runs\models_7x7\checkpoints\cycle_0152.pt,runs\models_7x7\checkpoints\cycle_0152.pt,runs\models_7x7\checkpoints\cycle_0162.pt,p2_win,1.0,32
66,runs\models_7x7\checkpoints\cycle_0162.pt,runs\models_7x7\checkpoints\cycle_0152.pt,runs\models_7x7\checkpoints\cycle_0152.pt,runs\models_7x7\checkpoints\cycle_0162.pt,p2_win,1.0,32
67,runs\models_7x7\checkpoints\cycle_0162.pt,runs\models_7x7\checkpoints\cycle_0152.pt,runs\models_7x7\checkpoints\cycle_0152.pt,runs\models_7x7\checkpoints\cycle_0162.pt,p2_win,1.0,32
68,runs\models_7x7\checkpoints\cycle_0162.pt,runs\models_7x7\checkpoints\cycle_0152.pt,runs\models_7x7\checkpoints\cycle_0162.pt,runs\models_7x7\checkpoints\cycle_0152.pt,p2_win,0.0,32
69,runs\models_7x7\checkpoints\cycle_0162.pt,runs\models_7x7\checkpoints\cycle_0152.pt,runs\models_7x7\checkpoints\cycle_0162.pt,runs\models_7x7\checkpoints\cycle_0152.pt,p2_win,0.0,32
70,runs\models_7x7\checkpoints\cycle_0162.pt,runs\models_7x7\checkpoints\cycle_0152.pt,runs\models_7x7\checkpoints\cycle_0152.pt,runs\models_7x7\checkpoints\cycle_0162.pt,p2_win,1.0,34
71,runs\models_7x7\checkpoints\cycle_0162.pt,runs\models_7x7\checkpoints\cycle_0152.pt,runs\models_7x7\checkpoints\cycle_0152.pt,runs\models_7x7\checkpoints\cycle_0162.pt,p1_win,0.0,45
72,runs\models_7x7\checkpoints\cycle_0162.pt,runs\models_7x7\checkpoints\cycle_0152.pt,runs\models_7x7\checkpoints\cycle_0152.pt,runs\models_7x7\checkpoints\cycle_0162.pt,p2_win,1.0,34
73,runs\models_7x7\checkpoints\cycle_0162.pt,runs\models_7x7\checkpoints\cycle_0152.pt,runs\models_7x7\checkpoints\cycle_0162.pt,runs\models_7x7\checkpoints\cycle_0152.pt,p2_win,0.0,44
74,runs\models_7x7\checkpoints\cycle_0162.pt,runs\models_7x7\checkpoints\cycle_0152.pt,runs\models_7x7\checkpoints\cycle_0152.pt,runs\models_7x7\checkpoints\cycle_0162.pt,p2_win,1.0,36
75,runs\models_7x7\checkpoints\cycle_0162.pt,runs\models_7x7\checkpoints\cycle_0152.pt,runs\models_7x7\checkpoints\cycle_0162.pt,runs\models_7x7\checkpoints\cycle_0152.pt,p1_win,1.0,39
76,runs\models_7x7\checkpoints\cycle_0162.pt,runs\models_7x7\checkpoints\cycle_0152.pt,runs\models_7x7\checkpoints\cycle_0152.pt,runs\models_7x7\checkpoints\cycle_0162.pt,p1_win,0.0,39
77,runs\models_7x7\checkpoints\cycle_0162.pt,runs\models_7x7\checkpoints\cycle_0152.pt,runs\models_7x7\checkpoints\cycle_0152.pt,runs\models_7x7\checkpoints\cycle_0162.pt,p2_win,1.0,44
78,runs\models_7x7\checkpoints\cycle_0162.pt,runs\models_7x7\checkpoints\cycle_0152.pt,runs\models_7x7\checkpoints\cycle_0152.pt,runs\models_7x7\checkpoints\cycle_0162.pt,p2_win,1.0,38
79,runs\models_7x7\checkpoints\cycle_0162.pt,runs\models_7x7\checkpoints\cycle_0152.pt,runs\models_7x7\checkpoints\cycle_0162.pt,runs\models_7x7\checkpoints\cycle_0152.pt,p2_win,0.0,34
80,runs\models_7x7\checkpoints\cycle_0162.pt,runs\models_7x7\checkpoints\cycle_0152.pt,runs\models_7x7\checkpoints\cycle_0152.pt,runs\models_7x7\checkpoints\cycle_0162.pt,p1_win,0.0,39
81,runs\models_7x7\checkpoints\cycle_0162.pt,runs\models_7x7\checkpoints\cycle_0152.pt,runs\models_7x7\checkpoints\cycle_0152.pt,runs\models_7x7\checkpoints\cycle_0162.pt,p2_win,1.0,34
82,runs\models_7x7\checkpoints\cycle_0162.pt,runs\models_7x7\checkpoints\cycle_0152.pt,runs\models_7x7\checkpoints\cycle_0152.pt,runs\models_7x7\checkpoints\cycle_0162.pt,p2_win,1.0,42
83,runs\models_7x7\checkpoints\cycle_0162.pt,runs\models_7x7\checkpoints\cycle_0152.pt,runs\models_7x7\checkpoints\cycle_0152.pt,runs\models_7x7\checkpoints\cycle_0162.pt,p2_win,1.0,42
84,runs\models_7x7\checkpoints\cycle_0162.pt,runs\models_7x7\checkpoints\cycle_0152.pt,runs\models_7x7\checkpoints\cycle_0152.pt,runs\models_7x7\checkpoints\cycle_0162.pt,p2_win,1.0,40
85,runs\models_7x7\checkpoints\cycle_0162.pt,runs\models_7x7\checkpoints\cycle_0152.pt,runs\models_7x7\checkpoints\cycle_0152.pt,runs\models_7x7\checkpoints\cycle_0162.pt,p2_win,1.0,38
86,runs\models_7x7\checkpoints\cycle_0162.pt,runs\models_7x7\checkpoints\cycle_0152.pt,runs\models_7x7\checkpoints\cycle_0152.pt,runs\models_7x7\checkpoints\cycle_0162.pt,p2_win,1.0,38
87,runs\models_7x7\checkpoints\cycle_0162.pt,runs\models_7x7\checkpoints\cycle_0152.pt,runs\models_7x7\checkpoints\cycle_0152.pt,runs\models_7x7\checkpoints\cycle_0162.pt,p1_win,0.0,43
88,runs\models_7x7\checkpoints\cycle_0162.pt,runs\models_7x7\checkpoints\cycle_0152.pt,runs\models_7x7\checkpoints\cycle_0152.pt,runs\models_7x7\checkpoints\cycle_0162.pt,p2_win,1.0,40
89,runs\models_7x7\checkpoints\cycle_0162.pt,runs\models_7x7\checkpoints\cycle_0152.pt,runs\models_7x7\checkpoints\cycle_0152.pt,runs\models_7x7\checkpoints\cycle_0162.pt,p2_win,1.0,42
90,runs\models_7x7\checkpoints\cycle_0162.pt,runs\models_7x7\checkpoints\cycle_0152.pt,runs\models_7x7\checkpoints\cycle_0152.pt,runs\models_7x7\checkpoints\cycle_0162.pt,p2_win,1.0,38
91,runs\models_7x7\checkpoints\cycle_0162.pt,runs\models_7x7\checkpoints\cycle_0152.pt,runs\models_7x7\checkpoints\cycle_0152.pt,runs\models_7x7\checkpoints\cycle_0162.pt,p2_win,1.0,36
92,runs\models_7x7\checkpoints\cycle_0162.pt,runs\models_7x7\checkpoints\cycle_0152.pt,runs\models_7x7\checkpoints\cycle_0152.pt,runs\models_7x7\checkpoints\cycle_0162.pt,p2_win,1.0,34
93,runs\models_7x7\checkpoints\cycle_0162.pt,runs\models_7x7\checkpoints\cycle_0152.pt,runs\models_7x7\checkpoints\cycle_0152.pt,runs\models_7x7\checkpoints\cycle_0162.pt,p2_win,1.0,36
94,runs\models_7x7\checkpoints\cycle_0162.pt,runs\models_7x7\checkpoints\cycle_0152.pt,runs\models_7x7\checkpoints\cycle_0162.pt,runs\models_7x7\checkpoints\cycle_0152.pt,p1_win,1.0,45
95,runs\models_7x7\checkpoints\cycle_0162.pt,runs\models_7x7\checkpoints\cycle_0152.pt,runs\models_7x7\checkpoints\cycle_0152.pt,runs\models_7x7\checkpoints\cycle_0162.pt,p2_win,1.0,34
96,runs\models_7x7\checkpoints\cycle_0162.pt,runs\models_7x7\checkpoints\cycle_0152.pt,runs\models_7x7\checkpoints\cycle_0152.pt,runs\models_7x7\checkpoints\cycle_0162.pt,p2_win,1.0,40
97,runs\models_7x7\checkpoints\cycle_0162.pt,runs\models_7x7\checkpoints\cycle_0152.pt,runs\models_7x7\checkpoints\cycle_0152.pt,runs\models_7x7\checkpoints\cycle_0162.pt,p2_win,1.0,38
98,runs\models_7x7\checkpoints\cycle_0162.pt,runs\models_7x7\checkpoints\cycle_0152.pt,runs\models_7x7\checkpoints\cycle_0152.pt,runs\models_7x7\checkpoints\cycle_0162.pt,p2_win,1.0,36
99,runs\models_7x7\checkpoints\cycle_0162.pt,runs\models_7x7\checkpoints\cycle_0152.pt,runs\models_7x7\checkpoints\cycle_0162.pt,runs\models_7x7\checkpoints\cycle_0152.pt,p2_win,0.0,36
100,runs\models_7x7\checkpoints\cycle_0162.pt,runs\models_7x7\checkpoints\cycle_0152.pt,runs\models_7x7\checkpoints\cycle_0152.pt,runs\models_7x7\checkpoints\cycle_0162.pt,p2_win,1.0,36
101,runs\models_7x7\checkpoints\cycle_0162.pt,runs\models_7x7\checkpoints\cycle_0152.pt,runs\models_7x7\checkpoints\cycle_0162.pt,runs\models_7x7\checkpoints\cycle_0152.pt,p2_win,0.0,40
102,runs\models_7x7\checkpoints\cycle_0162.pt,runs\models_7x7\checkpoints\cycle_0152.pt,runs\models_7x7\checkpoints\cycle_0152.pt,runs\models_7x7\checkpoints\cycle_0162.pt,p2_win,1.0,36
103,runs\models_7x7\checkpoints\cycle_0162.pt,runs\models_7x7\checkpoints\cycle_0152.pt,runs\models_7x7\checkpoints\cycle_0162.pt,runs\models_7x7\checkpoints\cycle_0152.pt,p1_win,1.0,43
104,runs\models_7x7\checkpoints\cycle_0162.pt,runs\models_7x7\checkpoints\cycle_0152.pt,runs\models_7x7\checkpoints\cycle_0152.pt,runs\models_7x7\checkpoints\cycle_0162.pt,p2_win,1.0,36
105,runs\models_7x7\checkpoints\cycle_0162.pt,runs\models_7x7\checkpoints\cycle_0152.pt,runs\models_7x7\checkpoints\cycle_0152.pt,runs\models_7x7\checkpoints\cycle_0162.pt,p2_win,1.0,42
106,runs\models_7x7\checkpoints\cycle_0162.pt,runs\models_7x7\checkpoints\cycle_0152.pt,runs\models_7x7\checkpoints\cycle_0152.pt,runs\models_7x7\checkpoints\cycle_0162.pt,p2_win,1.0,54
107,runs\models_7x7\checkpoints\cycle_0162.pt,runs\models_7x7\checkpoints\cycle_0152.pt,runs\models_7x7\checkpoints\cycle_0162.pt,runs\models_7x7\checkpoints\cycle_0152.pt,p2_win,0.0,34
108,runs\models_7x7\checkpoints\cycle_0162.pt,runs\models_7x7\checkpoints\cycle_0152.pt,runs\models_7x7\checkpoints\cycle_0162.pt,runs\models_7x7\checkpoints\cycle_0152.pt,p1_win,1.0,43
109,runs\models_7x7\checkpoints\cycle_0162.pt,runs\models_7x7\checkpoints\cycle_0152.pt,runs\models_7x7\checkpoints\cycle_0152.pt,runs\models_7x7\checkpoints\cycle_0162.pt,p1_win,0.0,37
110,runs\models_7x7\checkpoints\cycle_0162.pt,runs\models_7x7\checkpoints\cycle_0152.pt,runs\models_7x7\checkpoints\cycle_0162.pt,runs\models_7x7\checkpoints\cycle_0152.pt,p1_win,1.0,45
111,runs\models_7x7\checkpoints\cycle_0162.pt,runs\models_7x7\checkpoints\cycle_0152.pt,runs\models_7x7\checkpoints\cycle_0162.pt,runs\models_7x7\checkpoints\cycle_0152.pt,p1_win,1.0,37
112,runs\models_7x7\checkpoints\cycle_0162.pt,runs\models_7x7\checkpoints\cycle_0152.pt,runs\models_7x7\checkpoints\cycle_0162.pt,runs\models_7x7\checkpoints\cycle_0152.pt,p1_win,1.0,43
113,runs\models_7x7\checkpoints\cycle_0162.pt,runs\models_7x7\checkpoints\cycle_0152.pt,runs\models_7x7\checkpoints\cycle_0152.pt,runs\models_7x7\checkpoints\cycle_0162.pt,p2_win,1.0,38
114,runs\models_7x7\checkpoints\cycle_0162.pt,runs\models_7x7\checkpoints\cycle_0152.pt,runs\models_7x7\checkpoints\cycle_0162.pt,runs\models_7x7\checkpoints\cycle_0152.pt,p1_win,1.0,35
115,runs\models_7x7\checkpoints\cycle_0162.pt,runs\models_7x7\checkpoints\cycle_0152.pt,runs\models_7x7\checkpoints\cycle_0152.pt,runs\models_7x7\checkpoints\cycle_0162.pt,p2_win,1.0,44
116,runs\models_7x7\checkpoints\cycle_0162.pt,runs\models_7x7\checkpoints\cycle_0152.pt,runs\models_7x7\checkpoints\cycle_0162.pt,runs\models_7x7\checkpoints\cycle_0152.pt,p1_win,1.0,39
117,runs\models_7x7\checkpoints\cycle_0162.pt,runs\models_7x7\checkpoints\cycle_0152.pt,runs\models_7x7\checkpoints\cycle_0152.pt,runs\models_7x7\checkpoints\cycle_0162.pt,p1_win,0.0,41
118,runs\models_7x7\checkpoints\cycle_0162.pt,runs\models_7x7\checkpoints\cycle_0152.pt,runs\models_7x7\checkpoints\cycle_0152.pt,runs\models_7x7\checkpoints\cycle_0162.pt,p2_win,1.0,38
119,runs\models_7x7\checkpoints\cycle_0162.pt,runs\models_7x7\checkpoints\cycle_0152.pt,runs\models_7x7\checkpoints\cycle_0152.pt,runs\models_7x7\checkpoints\cycle_0162.pt,p2_win,1.0,38
120,runs\models_7x7\checkpoints\cycle_0162.pt,runs\models_7x7\checkpoints\cycle_0152.pt,runs\models_7x7\checkpoints\cycle_0152.pt,runs\models_7x7\checkpoints\cycle_0162.pt,p2_win,1.0,38
121,runs\models_7x7\checkpoints\cycle_0162.pt,runs\models_7x7\checkpoints\cycle_0152.pt,runs\models_7x7\checkpoints\cycle_0162.pt,runs\models_7x7\checkpoints\cycle_0152.pt,p1_win,1.0,37
122,runs\models_7x7\checkpoints\cycle_0162.pt,runs\models_7x7\checkpoints\cycle_0152.pt,runs\models_7x7\checkpoints\cycle_0162.pt,runs\models_7x7\checkpoints\cycle_0152.pt,p2_win,0.0,44
123,runs\models_7x7\checkpoints\cycle_0162.pt,runs\models_7x7\checkpoints\cycle_0152.pt,runs\models_7x7\checkpoints\cycle_0152.pt,runs\models_7x7\checkpoints\cycle_0162.pt,p2_win,1.0,38
124,runs\models_7x7\checkpoints\cycle_0162.pt,runs\models_7x7\checkpoints\cycle_0152.pt,runs\models_7x7\checkpoints\cycle_0152.pt,runs\models_7x7\checkpoints\cycle_0162.pt,p2_win,1.0,42
125,runs\models_7x7\checkpoints\cycle_0162.pt,runs\models_7x7\checkpoints\cycle_0152.pt,runs\models_7x7\checkpoints\cycle_0152.pt,runs\models_7x7\checkpoints\cycle_0162.pt,p2_win,1.0,36
126,runs\models_7x7\checkpoints\cycle_0162.pt,runs\models_7x7\checkpoints\cycle_0152.pt,runs\models_7x7\checkpoints\cycle_0152.pt,runs\models_7x7\checkpoints\cycle_0162.pt,p2_win,1.0,36
127,runs\models_7x7\checkpoints\cycle_0162.pt,runs\models_7x7\checkpoints\cycle_0152.pt,runs\models_7x7\checkpoints\cycle_0152.pt,runs\models_7x7\checkpoints\cycle_0162.pt,p2_win,1.0,38
128,runs\models_7x7\checkpoints\cycle_0162.pt,runs\models_7x7\checkpoints\cycle_0152.pt,runs\models_7x7\checkpoints\cycle_0162.pt,runs\models_7x7\checkpoints\cycle_0152.pt,p1_win,1.0,43
129,runs\models_7x7\checkpoints\cycle_0162.pt,runs\models_7x7\checkpoints\cycle_0152.pt,runs\models_7x7\checkpoints\cycle_0152.pt,runs\models_7x7\checkpoints\cycle_0162.pt,p1_win,0.0,41
130,runs\models_7x7\checkpoints\cycle_0162.pt,runs\models_7x7\checkpoints\cycle_0152.pt,runs\models_7x7\checkpoints\cycle_0152.pt,runs\models_7x7\checkpoints\cycle_0162.pt,p2_win,1.0,40
131,runs\models_7x7\checkpoints\cycle_0162.pt,runs\models_7x7\checkpoints\cycle_0152.pt,runs\models_7x7\checkpoints\cycle_0152.pt,runs\models_7x7\checkpoints\cycle_0162.pt,p1_win,0.0,41
132,runs\models_7x7\checkpoints\cycle_0162.pt,runs\models_7x7\checkpoints\cycle_0152.pt,runs\models_7x7\checkpoints\cycle_0152.pt,runs\models_7x7\checkpoints\cycle_0162.pt,p1_win,0.0,53
133,runs\models_7x7\checkpoints\cycle_0162.pt,runs\models_7x7\checkpoints\cycle_0152.pt,runs\models_7x7\checkpoints\cycle_0152.pt,runs\models_7x7\checkpoints\cycle_0162.pt,p2_win,1.0,36
134,runs\models_7x7\checkpoints\cycle_0162.pt,runs\models_7x7\checkpoints\cycle_0152.pt,runs\models_7x7\checkpoints\cycle_0152.pt,runs\models_7x7\checkpoints\cycle_0162.pt,p2_win,1.0,36
135,runs\models_7x7\checkpoints\cycle_0162.pt,runs\models_7x7\checkpoints\cycle_0152.pt,runs\models_7x7\checkpoints\cycle_0162.pt,runs\models_7x7\checkpoints\cycle_0152.pt,p2_win,0.0,44
136,runs\models_7x7\checkpoints\cycle_0162.pt,runs\models_7x7\checkpoints\cycle_0152.pt,runs\models_7x7\checkpoints\cycle_0152.pt,runs\models_7x7\checkpoints\cycle_0162.pt,p2_win,1.0,38
137,runs\models_7x7\checkpoints\cycle_0162.pt,runs\models_7x7\checkpoints\cycle_0152.pt,runs\models_7x7\checkpoints\cycle_0152.pt,runs\models_7x7\checkpoints\cycle_0162.pt,p2_win,1.0,36
138,runs\models_7x7\checkpoints\cycle_0162.pt,runs\models_7x7\checkpoints\cycle_0152.pt,runs\models_7x7\checkpoints\cycle_0152.pt,runs\models_7x7\checkpoints\cycle_0162.pt,p1_win,0.0,37
139,runs\models_7x7\checkpoints\cycle_0162.pt,runs\models_7x7\checkpoints\cycle_0152.pt,runs\models_7x7\checkpoints\cycle_0152.pt,runs\models_7x7\checkpoints\cycle_0162.pt,p2_win,1.0,42
140,runs\models_7x7\checkpoints\cycle_0162.pt,runs\models_7x7\checkpoints\cycle_0152.pt,runs\models_7x7\checkpoints\cycle_0162.pt,runs\models_7x7\checkpoints\cycle_0152.pt,p2_win,0.0,40
141,runs\models_7x7\checkpoints\cycle_0162.pt,runs\models_7x7\checkpoints\cycle_0152.pt,runs\models_7x7\checkpoints\cycle_0162.pt,runs\models_7x7\checkpoints\cycle_0152.pt,p2_win,0.0,38
142,runs\models_7x7\checkpoints\cycle_0162.pt,runs\models_7x7\checkpoints\cycle_0152.pt,runs\models_7x7\checkpoints\cycle_0152.pt,runs\models_7x7\checkpoints\cycle_0162.pt,p2_win,1.0,38
143,runs\models_7x7\checkpoints\cycle_0162.pt,runs\models_7x7\checkpoints\cycle_0152.pt,runs\models_7x7\checkpoints\cycle_0152.pt,runs\models_7x7\checkpoints\cycle_0162.pt,p2_win,1.0,42
144,runs\models_7x7\checkpoints\cycle_0162.pt,runs\models_7x7\checkpoints\cycle_0152.pt,runs\models_7x7\checkpoints\cycle_0152.pt,runs\models_7x7\checkpoints\cycle_0162.pt,p2_win,1.0,38
145,runs\models_7x7\checkpoints\cycle_0162.pt,runs\models_7x7\checkpoints\cycle_0152.pt,runs\models_7x7\checkpoints\cycle_0152.pt,runs\models_7x7\checkpoints\cycle_0162.pt,p2_win,1.0,42
146,runs\models_7x7\checkpoints\cycle_0162.pt,runs\models_7x7\checkpoints\cycle_0152.pt,runs\models_7x7\checkpoints\cycle_0152.pt,runs\models_7x7\checkpoints\cycle_0162.pt,p2_win,1.0,42
147,runs\models_7x7\checkpoints\cycle_0162.pt,runs\models_7x7\checkpoints\cycle_0152.pt,runs\models_7x7\checkpoints\cycle_0152.pt,runs\models_7x7\checkpoints\cycle_0162.pt,p2_win,1.0,40
148,runs\models_7x7\checkpoints\cycle_0162.pt,runs\models_7x7\checkpoints\cycle_0152.pt,runs\models_7x7\checkpoints\cycle_0152.pt,runs\models_7x7\checkpoints\cycle_0162.pt,p2_win,1.0,40
149,runs\models_7x7\checkpoints\cycle_0162.pt,runs\models_7x7\checkpoints\cycle_0152.pt,runs\models_7x7\checkpoints\cycle_0152.pt,runs\models_7x7\checkpoints\cycle_0162.pt,p2_win,1.0,40
150,runs\models_7x7\checkpoints\cycle_0162.pt,runs\models_7x7\checkpoints\cycle_0152.pt,runs\models_7x7\checkpoints\cycle_0162.pt,runs\models_7x7\checkpoints\cycle_0152.pt,p1_win,1.0,37
151,runs\models_7x7\checkpoints\cycle_0162.pt,runs\models_7x7\checkpoints\cycle_0152.pt,runs\models_7x7\checkpoints\cycle_0152.pt,runs\models_7x7\checkpoints\cycle_0162.pt,p1_win,0.0,43
152,runs\models_7x7\checkpoints\cycle_0162.pt,runs\models_7x7\checkpoints\cycle_0152.pt,runs\models_7x7\checkpoints\cycle_0152.pt,runs\models_7x7\checkpoints\cycle_0162.pt,p2_win,1.0,44
153,runs\models_7x7\checkpoints\cycle_0162.pt,runs\models_7x7\checkpoints\cycle_0152.pt,runs\models_7x7\checkpoints\cycle_0152.pt,runs\models_7x7\checkpoints\cycle_0162.pt,p2_win,1.0,38
154,runs\models_7x7\checkpoints\cycle_0162.pt,runs\models_7x7\checkpoints\cycle_0152.pt,runs\models_7x7\checkpoints\cycle_0152.pt,runs\models_7x7\checkpoints\cycle_0162.pt,p2_win,1.0,38
155,runs\models_7x7\checkpoints\cycle_0162.pt,runs\models_7x7\checkpoints\cycle_0152.pt,runs\models_7x7\checkpoints\cycle_0152.pt,runs\models_7x7\checkpoints\cycle_0162.pt,p2_win,1.0,40
156,runs\models_7x7\checkpoints\cycle_0162.pt,runs\models_7x7\checkpoints\cycle_0152.pt,runs\models_7x7\checkpoints\cycle_0152.pt,runs\models_7x7\checkpoints\cycle_0162.pt,p2_win,1.0,40
157,runs\models_7x7\checkpoints\cycle_0162.pt,runs\models_7x7\checkpoints\cycle_0152.pt,runs\models_7x7\checkpoints\cycle_0162.pt,runs\models_7x7\checkpoints\cycle_0152.pt,p1_win,1.0,47
158,runs\models_7x7\checkpoints\cycle_0162.pt,runs\models_7x7\checkpoints\cycle_0152.pt,runs\models_7x7\checkpoints\cycle_0152.pt,runs\models_7x7\checkpoints\cycle_0162.pt,p2_win,1.0,38
159,runs\models_7x7\checkpoints\cycle_0162.pt,runs\models_7x7\checkpoints\cycle_0152.pt,runs\models_7x7\checkpoints\cycle_0162.pt,runs\models_7x7\checkpoints\cycle_0152.pt,p2_win,0.0,42
160,runs\models_7x7\checkpoints\cycle_0162.pt,runs\models_7x7\checkpoints\cycle_0152.pt,runs\models_7x7\checkpoints\cycle_0152.pt,runs\models_7x7\checkpoints\cycle_0162.pt,p2_win,1.0,50
161,runs\models_7x7\checkpoints\cycle_0162.pt,runs\models_7x7\checkpoints\cycle_0152.pt,runs\models_7x7\checkpoints\cycle_0152.pt,runs\models_7x7\checkpoints\cycle_0162.pt,p2_win,1.0,42
162,runs\models_7x7\checkpoints\cycle_0162.pt,runs\models_7x7\checkpoints\cycle_0152.pt,runs\models_7x7\checkpoints\cycle_0152.pt,runs\models_7x7\checkpoints\cycle_0162.pt,p1_win,0.0,47
163,runs\models_7x7\checkpoints\cycle_0162.pt,runs\models_7x7\checkpoints\cycle_0152.pt,runs\models_7x7\checkpoints\cycle_0162.pt,runs\models_7x7\checkpoints\cycle_0152.pt,p1_win,1.0,41
164,runs\models_7x7\checkpoints\cycle_0162.pt,runs\models_7x7\checkpoints\cycle_0152.pt,runs\models_7x7\checkpoints\cycle_0152.pt,runs\models_7x7\checkpoints\cycle_0162.pt,p2_win,1.0,40
165,runs\models_7x7\checkpoints\cycle_0162.pt,runs\models_7x7\checkpoints\cycle_0152.pt,runs\models_7x7\checkpoints\cycle_0152.pt,runs\models_7x7\checkpoints\cycle_0162.pt,p2_win,1.0,42
166,runs\models_7x7\checkpoints\cycle_0162.pt,runs\models_7x7\checkpoints\cycle_0152.pt,runs\models_7x7\checkpoints\cycle_0152.pt,runs\models_7x7\checkpoints\cycle_0162.pt,p1_win,0.0,39
167,runs\models_7x7\checkpoints\cycle_0162.pt,runs\models_7x7\checkpoints\cycle_0152.pt,runs\models_7x7\checkpoints\cycle_0162.pt,runs\models_7x7\checkpoints\cycle_0152.pt,p2_win,0.0,46
168,runs\models_7x7\checkpoints\cycle_0162.pt,runs\models_7x7\checkpoints\cycle_0152.pt,runs\models_7x7\checkpoints\cycle_0152.pt,runs\models_7x7\checkpoints\cycle_0162.pt,p2_win,1.0,42
169,runs\models_7x7\checkpoints\cycle_0162.pt,runs\models_7x7\checkpoints\cycle_0152.pt,runs\models_7x7\checkpoints\cycle_0152.pt,runs\models_7x7\checkpoints\cycle_0162.pt,p2_win,1.0,42
170,runs\models_7x7\checkpoints\cycle_0162.pt,runs\models_7x7\checkpoints\cycle_0152.pt,runs\models_7x7\checkpoints\cycle_0152.pt,runs\models_7x7\checkpoints\cycle_0162.pt,p2_win,1.0,42
171,runs\models_7x7\checkpoints\cycle_0162.pt,runs\models_7x7\checkpoints\cycle_0152.pt,runs\models_7x7\checkpoints\cycle_0152.pt,runs\models_7x7\checkpoints\cycle_0162.pt,p2_win,1.0,40
172,runs\models_7x7\checkpoints\cycle_0162.pt,runs\models_7x7\checkpoints\cycle_0152.pt,runs\models_7x7\checkpoints\cycle_0152.pt,runs\models_7x7\checkpoints\cycle_0162.pt,p2_win,1.0,40
173,runs\models_7x7\checkpoints\cycle_0162.pt,runs\models_7x7\checkpoints\cycle_0152.pt,runs\models_7x7\checkpoints\cycle_0152.pt,runs\models_7x7\checkpoints\cycle_0162.pt,p2_win,1.0,40
174,runs\models_7x7\checkpoints\cycle_0162.pt,runs\models_7x7\checkpoints\cycle_0152.pt,runs\models_7x7\checkpoints\cycle_0162.pt,runs\models_7x7\checkpoints\cycle_0152.pt,p1_win,1.0,47
175,runs\models_7x7\checkpoints\cycle_0162.pt,runs\models_7x7\checkpoints\cycle_0152.pt,runs\models_7x7\checkpoints\cycle_0152.pt,runs\models_7x7\checkpoints\cycle_0162.pt,p2_win,1.0,40
176,runs\models_7x7\checkpoints\cycle_0162.pt,runs\models_7x7\checkpoints\cycle_0152.pt,runs\models_7x7\checkpoints\cycle_0162.pt,runs\models_7x7\checkpoints\cycle_0152.pt,p1_win,1.0,43
177,runs\models_7x7\checkpoints\cycle_0162.pt,runs\models_7x7\checkpoints\cycle_0152.pt,runs\models_7x7\checkpoints\cycle_0162.pt,runs\models_7x7\checkpoints\cycle_0152.pt,p1_win,1.0,47
178,runs\models_7x7\checkpoints\cycle_0162.pt,runs\models_7x7\checkpoints\cycle_0152.pt,runs\models_7x7\checkpoints\cycle_0162.pt,runs\models_7x7\checkpoints\cycle_0152.pt,p1_win,1.0,41
179,runs\models_7x7\checkpoints\cycle_0162.pt,runs\models_7x7\checkpoints\cycle_0152.pt,runs\models_7x7\checkpoints\cycle_0152.pt,runs\models_7x7\checkpoints\cycle_0162.pt,p1_win,0.0,55
180,runs\models_7x7\checkpoints\cycle_0162.pt,runs\models_7x7\checkpoints\cycle_0152.pt,runs\models_7x7\checkpoints\cycle_0162.pt,runs\models_7x7\checkpoints\cycle_0152.pt,p1_win,1.0,47
181,runs\models_7x7\checkpoints\cycle_0162.pt,runs\models_7x7\checkpoints\cycle_0152.pt,runs\models_7x7\checkpoints\cycle_0152.pt,runs\models_7x7\checkpoints\cycle_0162.pt,p2_win,1.0,40
182,runs\models_7x7\checkpoints\cycle_0162.pt,runs\models_7x7\checkpoints\cycle_0152.pt,runs\models_7x7\checkpoints\cycle_0162.pt,runs\models_7x7\checkpoints\cycle_0152.pt,p1_win,1.0,47
183,runs\models_7x7\checkpoints\cycle_0162.pt,runs\models_7x7\checkpoints\cycle_0152.pt,runs\models_7x7\checkpoints\cycle_0152.pt,runs\models_7x7\checkpoints\cycle_0162.pt,p1_win,0.0,43
184,runs\models_7x7\checkpoints\cycle_0162.pt,runs\models_7x7\checkpoints\cycle_0152.pt,runs\models_7x7\checkpoints\cycle_0152.pt,runs\models_7x7\checkpoints\cycle_0162.pt,p2_win,1.0,38
185,runs\models_7x7\checkpoints\cycle_0162.pt,runs\models_7x7\checkpoints\cycle_0152.pt,runs\models_7x7\checkpoints\cycle_0162.pt,runs\models_7x7\checkpoints\cycle_0152.pt,p1_win,1.0,43
186,runs\models_7x7\checkpoints\cycle_0162.pt,runs\models_7x7\checkpoints\cycle_0152.pt,runs\models_7x7\checkpoints\cycle_0152.pt,runs\models_7x7\checkpoints\cycle_0162.pt,p2_win,1.0,40
187,runs\models_7x7\checkpoints\cycle_0162.pt,runs\models_7x7\checkpoints\cycle_0152.pt,runs\models_7x7\checkpoints\cycle_0152.pt,runs\models_7x7\checkpoints\cycle_0162.pt,p1_win,0.0,47
188,runs\models_7x7\checkpoints\cycle_0162.pt,runs\models_7x7\checkpoints\cycle_0152.pt,runs\models_7x7\checkpoints\cycle_0162.pt,runs\models_7x7\checkpoints\cycle_0152.pt,p1_win,1.0,45
189,runs\models_7x7\checkpoints\cycle_0162.pt,runs\models_7x7\checkpoints\cycle_0152.pt,runs\models_7x7\checkpoints\cycle_0152.pt,runs\models_7x7\checkpoints\cycle_0162.pt,p2_win,1.0,42
190,runs\models_7x7\checkpoints\cycle_0162.pt,runs\models_7x7\checkpoints\cycle_0152.pt,runs\models_7x7\checkpoints\cycle_0152.pt,runs\models_7x7\checkpoints\cycle_0162.pt,p1_win,0.0,45
191,runs\models_7x7\checkpoints\cycle_0162.pt,runs\models_7x7\checkpoints\cycle_0152.pt,runs\models_7x7\checkpoints\cycle_0162.pt,runs\models_7x7\checkpoints\cycle_0152.pt,p1_win,1.0,43
192,runs\models_7x7\checkpoints\cycle_0162.pt,runs\models_7x7\checkpoints\cycle_0152.pt,runs\models_7x7\checkpoints\cycle_0162.pt,runs\models_7x7\checkpoints\cycle_0152.pt,p1_win,1.0,47
193,runs\models_7x7\checkpoints\cycle_0162.pt,runs\models_7x7\checkpoints\cycle_0152.pt,runs\models_7x7\checkpoints\cycle_0162.pt,runs\models_7x7\checkpoints\cycle_0152.pt,p1_win,1.0,47
194,runs\models_7x7\checkpoints\cycle_0162.pt,runs\models_7x7\checkpoints\cycle_0152.pt,runs\models_7x7\checkpoints\cycle_0162.pt,runs\models_7x7\checkpoints\cycle_0152.pt,p1_win,1.0,39
195,runs\models_7x7\checkpoints\cycle_0162.pt,runs\models_7x7\checkpoints\cycle_0152.pt,runs\models_7x7\checkpoints\cycle_0152.pt,runs\models_7x7\checkpoints\cycle_0162.pt,p1_win,0.0,53
196,runs\models_7x7\checkpoints\cycle_0162.pt,runs\models_7x7\checkpoints\cycle_0152.pt,runs\models_7x7\checkpoints\cycle_0152.pt,runs\models_7x7\checkpoints\cycle_0162.pt,p2_win,1.0,40
197,runs\models_7x7\checkpoints\cycle_0162.pt,runs\models_7x7\checkpoints\cycle_0152.pt,runs\models_7x7\checkpoints\cycle_0152.pt,runs\models_7x7\checkpoints\cycle_0162.pt,p1_win,0.0,45
198,runs\models_7x7\checkpoints\cycle_0162.pt,runs\models_7x7\checkpoints\cycle_0152.pt,runs\models_7x7\checkpoints\cycle_0162.pt,runs\models_7x7\checkpoints\cycle_0152.pt,p1_win,1.0,41
199,runs\models_7x7\checkpoints\cycle_0162.pt,runs\models_7x7\checkpoints\cycle_0152.pt,runs\models_7x7\checkpoints\cycle_0152.pt,runs\models_7x7\checkpoints\cycle_0162.pt,p1_win,0.0,47
200,runs\models_7x7\checkpoints\cycle_0162.pt,runs\models_7x7\checkpoints\cycle_0152.pt,runs\models_7x7\checkpoints\cycle_0162.pt,runs\models_7x7\checkpoints\cycle_0152.pt,p1_win,1.0,43
201,runs\models_7x7\checkpoints\cycle_0162.pt,runs\models_7x7\checkpoints\cycle_0152.pt,runs\models_7x7\checkpoints\cycle_0162.pt,runs\models_7x7\checkpoints\cycle_0152.pt,p1_win,1.0,47
202,runs\models_7x7\checkpoints\cycle_0162.pt,runs\models_7x7\checkpoints\cycle_0152.pt,runs\models_7x7\checkpoints\cycle_0152.pt,runs\models_7x7\checkpoints\cycle_0162.pt,p2_win,1.0,50
203,runs\models_7x7\checkpoints\cycle_0162.pt,runs\models_7x7\checkpoints\cycle_0152.pt,runs\models_7x7\checkpoints\cycle_0152.pt,runs\models_7x7\checkpoints\cycle_0162.pt,p2_win,1.0,46
204,runs\models_7x7\checkpoints\cycle_0162.pt,runs\models_7x7\checkpoints\cycle_0152.pt,runs\models_7x7\checkpoints\cycle_0162.pt,runs\models_7x7\checkpoints\cycle_0152.pt,p2_win,0.0,44
205,runs\models_7x7\checkpoints\cycle_0162.pt,runs\models_7x7\checkpoints\cycle_0152.pt,runs\models_7x7\checkpoints\cycle_0152.pt,runs\models_7x7\checkpoints\cycle_0162.pt,p2_win,1.0,40
206,runs\models_7x7\checkpoints\cycle_0162.pt,runs\models_7x7\checkpoints\cycle_0152.pt,runs\models_7x7\checkpoints\cycle_0152.pt,runs\models_7x7\checkpoints\cycle_0162.pt,p2_win,1.0,44
207,runs\models_7x7\checkpoints\cycle_0162.pt,runs\models_7x7\checkpoints\cycle_0152.pt,runs\models_7x7\checkpoints\cycle_0162.pt,runs\models_7x7\checkpoints\cycle_0152.pt,p1_win,1.0,41
208,runs\models_7x7\checkpoints\cycle_0162.pt,runs\models_7x7\checkpoints\cycle_0152.pt,runs\models_7x7\checkpoints\cycle_0152.pt,runs\models_7x7\checkpoints\cycle_0162.pt,p2_win,1.0,46
209,runs\models_7x7\checkpoints\cycle_0162.pt,runs\models_7x7\checkpoints\cycle_0152.pt,runs\models_7x7\checkpoints\cycle_0162.pt,runs\models_7x7\checkpoints\cycle_0152.pt,p1_win,1.0,43
210,runs\models_7x7\checkpoints\cycle_0162.pt,runs\models_7x7\checkpoints\cycle_0152.pt,runs\models_7x7\checkpoints\cycle_0162.pt,runs\models_7x7\checkpoints\cycle_0152.pt,p1_win,1.0,45
211,runs\models_7x7\checkpoints\cycle_0162.pt,runs\models_7x7\checkpoints\cycle_0152.pt,runs\models_7x7\checkpoints\cycle_0162.pt,runs\models_7x7\checkpoints\cycle_0152.pt,p1_win,1.0,47
212,runs\models_7x7\checkpoints\cycle_0162.pt,runs\models_7x7\checkpoints\cycle_0152.pt,runs\models_7x7\checkpoints\cycle_0162.pt,runs\models_7x7\checkpoints\cycle_0152.pt,p2_win,0.0,40
213,runs\models_7x7\checkpoints\cycle_0162.pt,runs\models_7x7\checkpoints\cycle_0152.pt,runs\models_7x7\checkpoints\cycle_0152.pt,runs\models_7x7\checkpoints\cycle_0162.pt,p2_win,1.0,46
214,runs\models_7x7\checkpoints\cycle_0162.pt,runs\models_7x7\checkpoints\cycle_0152.pt,runs\models_7x7\checkpoints\cycle_0152.pt,runs\models_7x7\checkpoints\cycle_0162.pt,p2_win,1.0,50
215,runs\models_7x7\checkpoints\cycle_0162.pt,runs\models_7x7\checkpoints\cycle_0152.pt,runs\models_7x7\checkpoints\cycle_0162.pt,runs\models_7x7\checkpoints\cycle_0152.pt,p1_win,1.0,51
216,runs\models_7x7\checkpoints\cycle_0162.pt,runs\models_7x7\checkpoints\cycle_0152.pt,runs\models_7x7\checkpoints\cycle_0162.pt,runs\models_7x7\checkpoints\cycle_0152.pt,p2_win,0.0,44
217,runs\models_7x7\checkpoints\cycle_0162.pt,runs\models_7x7\checkpoints\cycle_0152.pt,runs\models_7x7\checkpoints\cycle_0152.pt,runs\models_7x7\checkpoints\cycle_0162.pt,p2_win,1.0,42
218,runs\models_7x7\checkpoints\cycle_0162.pt,runs\models_7x7\checkpoints\cycle_0152.pt,runs\models_7x7\checkpoints\cycle_0152.pt,runs\models_7x7\checkpoints\cycle_0162.pt,p2_win,1.0,42
219,runs\models_7x7\checkpoints\cycle_0162.pt,runs\models_7x7\checkpoints\cycle_0152.pt,runs\models_7x7\checkpoints\cycle_0152.pt,runs\models_7x7\checkpoints\cycle_0162.pt,p2_win,1.0,44
220,runs\models_7x7\checkpoints\cycle_0162.pt,runs\models_7x7\checkpoints\cycle_0152.pt,runs\models_7x7\checkpoints\cycle_0162.pt,runs\models_7x7\checkpoints\cycle_0152.pt,p2_win,0.0,42
221,runs\models_7x7\checkpoints\cycle_0162.pt,runs\models_7x7\checkpoints\cycle_0152.pt,runs\models_7x7\checkpoints\cycle_0152.pt,runs\models_7x7\checkpoints\cycle_0162.pt,p2_win,1.0,44
222,runs\models_7x7\checkpoints\cycle_0162.pt,runs\models_7x7\checkpoints\cycle_0152.pt,runs\models_7x7\checkpoints\cycle_0152.pt,runs\models_7x7\checkpoints\cycle_0162.pt,p2_win,1.0,46
223,runs\models_7x7\checkpoints\cycle_0162.pt,runs\models_7x7\checkpoints\cycle_0152.pt,runs\models_7x7\checkpoints\cycle_0162.pt,runs\models_7x7\checkpoints\cycle_0152.pt,p2_win,0.0,50
224,runs\models_7x7\checkpoints\cycle_0162.pt,runs\models_7x7\checkpoints\cycle_0152.pt,runs\models_7x7\checkpoints\cycle_0152.pt,runs\models_7x7\checkpoints\cycle_0162.pt,p1_win,0.0,41
225,runs\models_7x7\checkpoints\cycle_0162.pt,runs\models_7x7\checkpoints\cycle_0152.pt,runs\models_7x7\checkpoints\cycle_0152.pt,runs\models_7x7\checkpoints\cycle_0162.pt,p2_win,1.0,46
226,runs\models_7x7\checkpoints\cycle_0162.pt,runs\models_7x7\checkpoints\cycle_0152.pt,runs\models_7x7\checkpoints\cycle_0152.pt,runs\models_7x7\checkpoints\cycle_0162.pt,p2_win,1.0,48
227,runs\models_7x7\checkpoints\cycle_0162.pt,runs\models_7x7\checkpoints\cycle_0152.pt,runs\models_7x7\checkpoints\cycle_0152.pt,runs\models_7x7\checkpoints\cycle_0162.pt,p2_win,1.0,44
228,runs\models_7x7\checkpoints\cycle_0162.pt,runs\models_7x7\checkpoints\cycle_0152.pt,runs\models_7x7\checkpoints\cycle_0152.pt,runs\models_7x7\checkpoints\cycle_0162.pt,p2_win,1.0,40
229,runs\models_7x7\checkpoints\cycle_0162.pt,runs\models_7x7\checkpoints\cycle_0152.pt,runs\models_7x7\checkpoints\cycle_0162.pt,runs\models_7x7\checkpoints\cycle_0152.pt,p1_win,1.0,47
230,runs\models_7x7\checkpoints\cycle_0162.pt,runs\models_7x7\checkpoints\cycle_0152.pt,runs\models_7x7\checkpoints\cycle_0162.pt,runs\models_7x7\checkpoints\cycle_0152.pt,p1_win,1.0,43
231,runs\models_7x7\checkpoints\cycle_0162.pt,runs\models_7x7\checkpoints\cycle_0152.pt,runs\models_7x7\checkpoints\cycle_0152.pt,runs\models_7x7\checkpoints\cycle_0162.pt,p2_win,1.0,42
232,runs\models_7x7\checkpoints\cycle_0162.pt,runs\models_7x7\checkpoints\cycle_0152.pt,runs\models_7x7\checkpoints\cycle_0162.pt,runs\models_7x7\checkpoints\cycle_0152.pt,p1_win,1.0,47
233,runs\models_7x7\checkpoints\cycle_0162.pt,runs\models_7x7\checkpoints\cycle_0152.pt,runs\models_7x7\checkpoints\cycle_0152.pt,runs\models_7x7\checkpoints\cycle_0162.pt,p2_win,1.0,42
234,runs\models_7x7\checkpoints\cycle_0162.pt,runs\models_7x7\checkpoints\cycle_0152.pt,runs\models_7x7\checkpoints\cycle_0152.pt,runs\models_7x7\checkpoints\cycle_0162.pt,p2_win,1.0,42
235,runs\models_7x7\checkpoints\cycle_0162.pt,runs\models_7x7\checkpoints\cycle_0152.pt,runs\models_7x7\checkpoints\cycle_0162.pt,runs\models_7x7\checkpoints\cycle_0152.pt,p1_win,1.0,47
236,runs\models_7x7\checkpoints\cycle_0162.pt,runs\models_7x7\checkpoints\cycle_0152.pt,runs\models_7x7\checkpoints\cycle_0152.pt,runs\models_7x7\checkpoints\cycle_0162.pt,p2_win,1.0,44
237,runs\models_7x7\checkpoints\cycle_0162.pt,runs\models_7x7\checkpoints\cycle_0152.pt,runs\models_7x7\checkpoints\cycle_0152.pt,runs\models_7x7\checkpoints\cycle_0162.pt,p1_win,0.0,47
238,runs\models_7x7\checkpoints\cycle_0162.pt,runs\models_7x7\checkpoints\cycle_0152.pt,runs\models_7x7\checkpoints\cycle_0152.pt,runs\models_7x7\checkpoints\cycle_0162.pt,p2_win,1.0,54
239,runs\models_7x7\checkpoints\cycle_0162.pt,runs\models_7x7\checkpoints\cycle_0152.pt,runs\models_7x7\checkpoints\cycle_0162.pt,runs\models_7x7\checkpoints\cycle_0152.pt,p1_win,1.0,43
240,runs\models_7x7\checkpoints\cycle_0162.pt,runs\models_7x7\checkpoints\cycle_0152.pt,runs\models_7x7\checkpoints\cycle_0162.pt,runs\models_7x7\checkpoints\cycle_0152.pt,p1_win,1.0,47
241,runs\models_7x7\checkpoints\cycle_0162.pt,runs\models_7x7\checkpoints\cycle_0152.pt,runs\models_7x7\checkpoints\cycle_0162.pt,runs\models_7x7\checkpoints\cycle_0152.pt,p1_win,1.0,45
242,runs\models_7x7\checkpoints\cycle_0162.pt,runs\models_7x7\checkpoints\cycle_0152.pt,runs\models_7x7\checkpoints\cycle_0162.pt,runs\models_7x7\checkpoints\cycle_0152.pt,p1_win,1.0,47
243,runs\models_7x7\checkpoints\cycle_0162.pt,runs\models_7x7\checkpoints\cycle_0152.pt,runs\models_7x7\checkpoints\cycle_0162.pt,runs\models_7x7\checkpoints\cycle_0152.pt,p1_win,1.0,47
244,runs\models_7x7\checkpoints\cycle_0162.pt,runs\models_7x7\checkpoints\cycle_0152.pt,runs\models_7x7\checkpoints\cycle_0162.pt,runs\models_7x7\checkpoints\cycle_0152.pt,p1_win,1.0,47
245,runs\models_7x7\checkpoints\cycle_0162.pt,runs\models_7x7\checkpoints\cycle_0152.pt,runs\models_7x7\checkpoints\cycle_0152.pt,runs\models_7x7\checkpoints\cycle_0162.pt,p2_win,1.0,44
246,runs\models_7x7\checkpoints\cycle_0162.pt,runs\models_7x7\checkpoints\cycle_0152.pt,runs\models_7x7\checkpoints\cycle_0152.pt,runs\models_7x7\checkpoints\cycle_0162.pt,p2_win,1.0,42
247,runs\models_7x7\checkpoints\cycle_0162.pt,runs\models_7x7\checkpoints\cycle_0152.pt,runs\models_7x7\checkpoints\cycle_0152.pt,runs\models_7x7\checkpoints\cycle_0162.pt,p2_win,1.0,46
248,runs\models_7x7\checkpoints\cycle_0162.pt,runs\models_7x7\checkpoints\cycle_0152.pt,runs\models_7x7\checkpoints\cycle_0152.pt,runs\models_7x7\checkpoints\cycle_0162.pt,p2_win,1.0,42
249,runs\models_7x7\checkpoints\cycle_0162.pt,runs\models_7x7\checkpoints\cycle_0152.pt,runs\models_7x7\checkpoints\cycle_0162.pt,runs\models_7x7\checkpoints\cycle_0152.pt,p1_win,1.0,45
250,runs\models_7x7\checkpoints\cycle_0162.pt,runs\models_7x7\checkpoints\cycle_0152.pt,runs\models_7x7\checkpoints\cycle_0162.pt,runs\models_7x7\checkpoints\cycle_0152.pt,p1_win,1.0,47
251,runs\models_7x7\checkpoints\cycle_0162.pt,runs\models_7x7\checkpoints\cycle_0152.pt,runs\models_7x7\checkpoints\cycle_0162.pt,runs\models_7x7\checkpoints\cycle_0152.pt,p2_win,0.0,46
252,runs\models_7x7\checkpoints\cycle_0162.pt,runs\models_7x7\checkpoints\cycle_0152.pt,runs\models_7x7\checkpoints\cycle_0152.pt,runs\models_7x7\checkpoints\cycle_0162.pt,p2_win,1.0,42
253,runs\models_7x7\checkpoints\cycle_0162.pt,runs\models_7x7\checkpoints\cycle_0152.pt,runs\models_7x7\checkpoints\cycle_0162.pt,runs\models_7x7\checkpoints\cycle_0152.pt,p2_win,0.0,50
254,runs\models_7x7\checkpoints\cycle_0162.pt,runs\models_7x7\checkpoints\cycle_0152.pt,runs\models_7x7\checkpoints\cycle_0162.pt,runs\models_7x7\checkpoints\cycle_0152.pt,p1_win,1.0,51
255,runs\models_7x7\checkpoints\cycle_0162.pt,runs\models_7x7\checkpoints\cycle_0152.pt,runs\models_7x7\checkpoints\cycle_0162.pt,runs\models_7x7\checkpoints\cycle_0152.pt,p1_win,1.0,45
256,runs\models_7x7\checkpoints\cycle_0162.pt,runs\models_7x7\checkpoints\cycle_0152.pt,runs\models_7x7\checkpoints\cycle_0162.pt,runs\models_7x7\checkpoints\cycle_0152.pt,p1_win,1.0,43
257,runs\models_7x7\checkpoints\cycle_0162.pt,runs\models_7x7\checkpoints\cycle_0152.pt,runs\models_7x7\checkpoints\cycle_0152.pt,runs\models_7x7\checkpoints\cycle_0162.pt,p1_win,0.0,51
258,runs\models_7x7\checkpoints\cycle_0162.pt,runs\models_7x7\checkpoints\cycle_0152.pt,runs\models_7x7\checkpoints\cycle_0162.pt,runs\models_7x7\checkpoints\cycle_0152.pt,p1_win,1.0,43
259,runs\models_7x7\checkpoints\cycle_0162.pt,runs\models_7x7\checkpoints\cycle_0152.pt,runs\models_7x7\checkpoints\cycle_0152.pt,runs\models_7x7\checkpoints\cycle_0162.pt,p2_win,1.0,52
260,runs\models_7x7\checkpoints\cycle_0162.pt,runs\models_7x7\checkpoints\cycle_0152.pt,runs\models_7x7\checkpoints\cycle_0152.pt,runs\models_7x7\checkpoints\cycle_0162.pt,p2_win,1.0,42
261,runs\models_7x7\checkpoints\cycle_0162.pt,runs\models_7x7\checkpoints\cycle_0152.pt,runs\models_7x7\checkpoints\cycle_0152.pt,runs\models_7x7\checkpoints\cycle_0162.pt,p2_win,1.0,48
262,runs\models_7x7\checkpoints\cycle_0162.pt,runs\models_7x7\checkpoints\cycle_0152.pt,runs\models_7x7\checkpoints\cycle_0152.pt,runs\models_7x7\checkpoints\cycle_0162.pt,p2_win,1.0,48
263,runs\models_7x7\checkpoints\cycle_0162.pt,runs\models_7x7\checkpoints\cycle_0152.pt,runs\models_7x7\checkpoints\cycle_0152.pt,runs\models_7x7\checkpoints\cycle_0162.pt,p2_win,1.0,42
264,runs\models_7x7\checkpoints\cycle_0162.pt,runs\models_7x7\checkpoints\cycle_0152.pt,runs\models_7x7\checkpoints\cycle_0162.pt,runs\models_7x7\checkpoints\cycle_0152.pt,p2_win,0.0,42
265,runs\models_7x7\checkpoints\cycle_0162.pt,runs\models_7x7\checkpoints\cycle_0152.pt,runs\models_7x7\checkpoints\cycle_0152.pt,runs\models_7x7\checkpoints\cycle_0162.pt,p2_win,1.0,56
266,runs\models_7x7\checkpoints\cycle_0162.pt,runs\models_7x7\checkpoints\cycle_0152.pt,runs\models_7x7\checkpoints\cycle_0162.pt,runs\models_7x7\checkpoints\cycle_0152.pt,p1_win,1.0,47
267,runs\models_7x7\checkpoints\cycle_0162.pt,runs\models_7x7\checkpoints\cycle_0152.pt,runs\models_7x7\checkpoints\cycle_0162.pt,runs\models_7x7\checkpoints\cycle_0152.pt,p1_win,1.0,47
268,runs\models_7x7\checkpoints\cycle_0162.pt,runs\models_7x7\checkpoints\cycle_0152.pt,runs\models_7x7\checkpoints\cycle_0152.pt,runs\models_7x7\checkpoints\cycle_0162.pt,p2_win,1.0,50
269,runs\models_7x7\checkpoints\cycle_0162.pt,runs\models_7x7\checkpoints\cycle_0152.pt,runs\models_7x7\checkpoints\cycle_0162.pt,runs\models_7x7\checkpoints\cycle_0152.pt,p1_win,1.0,45
270,runs\models_7x7\checkpoints\cycle_0162.pt,runs\models_7x7\checkpoints\cycle_0152.pt,runs\models_7x7\checkpoints\cycle_0152.pt,runs\models_7x7\checkpoints\cycle_0162.pt,p2_win,1.0,44
271,runs\models_7x7\checkpoints\cycle_0162.pt,runs\models_7x7\checkpoints\cycle_0152.pt,runs\models_7x7\checkpoints\cycle_0152.pt,runs\models_7x7\checkpoints\cycle_0162.pt,p2_win,1.0,46
272,runs\models_7x7\checkpoints\cycle_0162.pt,runs\models_7x7\checkpoints\cycle_0152.pt,runs\models_7x7\checkpoints\cycle_0152.pt,runs\models_7x7\checkpoints\cycle_0162.pt,p2_win,1.0,46
273,runs\models_7x7\checkpoints\cycle_0162.pt,runs\models_7x7\checkpoints\cycle_0152.pt,runs\models_7x7\checkpoints\cycle_0152.pt,runs\models_7x7\checkpoints\cycle_0162.pt,p2_win,1.0,48
274,runs\models_7x7\checkpoints\cycle_0162.pt,runs\models_7x7\checkpoints\cycle_0152.pt,runs\models_7x7\checkpoints\cycle_0152.pt,runs\models_7x7\checkpoints\cycle_0162.pt,p2_win,1.0,44
275,runs\models_7x7\checkpoints\cycle_0162.pt,runs\models_7x7\checkpoints\cycle_0152.pt,runs\models_7x7\checkpoints\cycle_0152.pt,runs\models_7x7\checkpoints\cycle_0162.pt,p2_win,1.0,48
276,runs\models_7x7\checkpoints\cycle_0162.pt,runs\models_7x7\checkpoints\cycle_0152.pt,runs\models_7x7\checkpoints\cycle_0152.pt,runs\models_7x7\checkpoints\cycle_0162.pt,p2_win,1.0,42
277,runs\models_7x7\checkpoints\cycle_0162.pt,runs\models_7x7\checkpoints\cycle_0152.pt,runs\models_7x7\checkpoints\cycle_0152.pt,runs\models_7x7\checkpoints\cycle_0162.pt,p1_win,0.0,47
278,runs\models_7x7\checkpoints\cycle_0162.pt,runs\models_7x7\checkpoints\cycle_0152.pt,runs\models_7x7\checkpoints\cycle_0162.pt,runs\models_7x7\checkpoints\cycle_0152.pt,p1_win,1.0,47
279,runs\models_7x7\checkpoints\cycle_0162.pt,runs\models_7x7\checkpoints\cycle_0152.pt,runs\models_7x7\checkpoints\cycle_0152.pt,runs\models_7x7\checkpoints\cycle_0162.pt,p2_win,1.0,46
280,runs\models_7x7\checkpoints\cycle_0162.pt,runs\models_7x7\checkpoints\cycle_0152.pt,runs\models_7x7\checkpoints\cycle_0152.pt,runs\models_7x7\checkpoints\cycle_0162.pt,p2_win,1.0,48
281,runs\models_7x7\checkpoints\cycle_0162.pt,runs\models_7x7\checkpoints\cycle_0152.pt,runs\models_7x7\checkpoints\cycle_0162.pt,runs\models_7x7\checkpoints\cycle_0152.pt,p2_win,0.0,44
282,runs\models_7x7\checkpoints\cycle_0162.pt,runs\models_7x7\checkpoints\cycle_0152.pt,runs\models_7x7\checkpoints\cycle_0152.pt,runs\models_7x7\checkpoints\cycle_0162.pt,p1_win,0.0,47
283,runs\models_7x7\checkpoints\cycle_0162.pt,runs\models_7x7\checkpoints\cycle_0152.pt,runs\models_7x7\checkpoints\cycle_0162.pt,runs\models_7x7\checkpoints\cycle_0152.pt,p1_win,1.0,47
284,runs\models_7x7\checkpoints\cycle_0162.pt,runs\models_7x7\checkpoints\cycle_0152.pt,runs\models_7x7\checkpoints\cycle_0152.pt,runs\models_7x7\checkpoints\cycle_0162.pt,p2_win,1.0,46
285,runs\models_7x7\checkpoints\cycle_0162.pt,runs\models_7x7\checkpoints\cycle_0152.pt,runs\models_7x7\checkpoints\cycle_0152.pt,runs\models_7x7\checkpoints\cycle_0162.pt,p2_win,1.0,50
286,runs\models_7x7\checkpoints\cycle_0162.pt,runs\models_7x7\checkpoints\cycle_0152.pt,runs\models_7x7\checkpoints\cycle_0152.pt,runs\models_7x7\checkpoints\cycle_0162.pt,p2_win,1.0,62
287,runs\models_7x7\checkpoints\cycle_0162.pt,runs\models_7x7\checkpoints\cycle_0152.pt,runs\models_7x7\checkpoints\cycle_0152.pt,runs\models_7x7\checkpoints\cycle_0162.pt,p2_win,1.0,42
288,runs\models_7x7\checkpoints\cycle_0162.pt,runs\models_7x7\checkpoints\cycle_0152.pt,runs\models_7x7\checkpoints\cycle_0152.pt,runs\models_7x7\checkpoints\cycle_0162.pt,p2_win,1.0,42
289,runs\models_7x7\checkpoints\cycle_0162.pt,runs\models_7x7\checkpoints\cycle_0152.pt,runs\models_7x7\checkpoints\cycle_0152.pt,runs\models_7x7\checkpoints\cycle_0162.pt,p2_win,1.0,42
290,runs\models_7x7\checkpoints\cycle_0162.pt,runs\models_7x7\checkpoints\cycle_0152.pt,runs\models_7x7\checkpoints\cycle_0152.pt,runs\models_7x7\checkpoints\cycle_0162.pt,p2_win,1.0,46
291,runs\models_7x7\checkpoints\cycle_0162.pt,runs\models_7x7\checkpoints\cycle_0152.pt,runs\models_7x7\checkpoints\cycle_0162.pt,runs\models_7x7\checkpoints\cycle_0152.pt,p1_win,1.0,49
292,runs\models_7x7\checkpoints\cycle_0162.pt,runs\models_7x7\checkpoints\cycle_0152.pt,runs\models_7x7\checkpoints\cycle_0162.pt,runs\models_7x7\checkpoints\cycle_0152.pt,p2_win,0.0,50
293,runs\models_7x7\checkpoints\cycle_0162.pt,runs\models_7x7\checkpoints\cycle_0152.pt,runs\models_7x7\checkpoints\cycle_0162.pt,runs\models_7x7\checkpoints\cycle_0152.pt,p2_win,0.0,48
294,runs\models_7x7\checkpoints\cycle_0162.pt,runs\models_7x7\checkpoints\cycle_0152.pt,runs\models_7x7\checkpoints\cycle_0162.pt,runs\models_7x7\checkpoints\cycle_0152.pt,p2_win,0.0,52
295,runs\models_7x7\checkpoints\cycle_0162.pt,runs\models_7x7\checkpoints\cycle_0152.pt,runs\models_7x7\checkpoints\cycle_0152.pt,runs\models_7x7\checkpoints\cycle_0162.pt,p1_win,0.0,45
296,runs\models_7x7\checkpoints\cycle_0162.pt,runs\models_7x7\checkpoints\cycle_0152.pt,runs\models_7x7\checkpoints\cycle_0162.pt,runs\models_7x7\checkpoints\cycle_0152.pt,p2_win,0.0,48
297,runs\models_7x7\checkpoints\cycle_0162.pt,runs\models_7x7\checkpoints\cycle_0152.pt,runs\models_7x7\checkpoints\cycle_0162.pt,runs\models_7x7\checkpoints\cycle_0152.pt,p2_win,0.0,48
298,runs\models_7x7\checkpoints\cycle_0162.pt,runs\models_7x7\checkpoints\cycle_0152.pt,runs\models_7x7\checkpoints\cycle_0162.pt,runs\models_7x7\checkpoints\cycle_0152.pt,p1_win,1.0,51
299,runs\models_7x7\checkpoints\cycle_0162.pt,runs\models_7x7\checkpoints\cycle_0152.pt,runs\models_7x7\checkpoints\cycle_0162.pt,runs\models_7x7\checkpoints\cycle_0152.pt,p2_win,0.0,46
300,runs\models_7x7\checkpoints\cycle_0162.pt,runs\models_7x7\checkpoints\cycle_0152.pt,runs\models_7x7\checkpoints\cycle_0162.pt,runs\models_7x7\checkpoints\cycle_0152.pt,p1_win,1.0,49
301,runs\models_7x7\checkpoints\cycle_0162.pt,runs\models_7x7\checkpoints\cycle_0152.pt,runs\models_7x7\checkpoints\cycle_0162.pt,runs\models_7x7\checkpoints\cycle_0152.pt,p1_win,1.0,51
302,runs\models_7x7\checkpoints\cycle_0162.pt,runs\models_7x7\checkpoints\cycle_0152.pt,runs\models_7x7\checkpoints\cycle_0152.pt,runs\models_7x7\checkpoints\cycle_0162.pt,p1_win,0.0,49
303,runs\models_7x7\checkpoints\cycle_0162.pt,runs\models_7x7\checkpoints\cycle_0152.pt,runs\models_7x7\checkpoints\cycle_0152.pt,runs\models_7x7\checkpoints\cycle_0162.pt,p2_win,1.0,50
304,runs\models_7x7\checkpoints\cycle_0162.pt,runs\models_7x7\checkpoints\cycle_0152.pt,runs\models_7x7\checkpoints\cycle_0152.pt,runs\models_7x7\checkpoints\cycle_0162.pt,p2_win,1.0,42
305,runs\models_7x7\checkpoints\cycle_0162.pt,runs\models_7x7\checkpoints\cycle_0152.pt,runs\models_7x7\checkpoints\cycle_0152.pt,runs\models_7x7\checkpoints\cycle_0162.pt,p2_win,1.0,46
306,runs\models_7x7\checkpoints\cycle_0162.pt,runs\models_7x7\checkpoints\cycle_0152.pt,runs\models_7x7\checkpoints\cycle_0152.pt,runs\models_7x7\checkpoints\cycle_0162.pt,p2_win,1.0,50
307,runs\models_7x7\checkpoints\cycle_0162.pt,runs\models_7x7\checkpoints\cycle_0152.pt,runs\models_7x7\checkpoints\cycle_0162.pt,runs\models_7x7\checkpoints\cycle_0152.pt,p1_win,1.0,57
308,runs\models_7x7\checkpoints\cycle_0162.pt,runs\models_7x7\checkpoints\cycle_0152.pt,runs\models_7x7\checkpoints\cycle_0152.pt,runs\models_7x7\checkpoints\cycle_0162.pt,p1_win,0.0,49
309,runs\models_7x7\checkpoints\cycle_0162.pt,runs\models_7x7\checkpoints\cycle_0152.pt,runs\models_7x7\checkpoints\cycle_0162.pt,runs\models_7x7\checkpoints\cycle_0152.pt,p1_win,1.0,51
310,runs\models_7x7\checkpoints\cycle_0162.pt,runs\models_7x7\checkpoints\cycle_0152.pt,runs\models_7x7\checkpoints\cycle_0152.pt,runs\models_7x7\checkpoints\cycle_0162.pt,p2_win,1.0,44
311,runs\models_7x7\checkpoints\cycle_0162.pt,runs\models_7x7\checkpoints\cycle_0152.pt,runs\models_7x7\checkpoints\cycle_0152.pt,runs\models_7x7\checkpoints\cycle_0162.pt,p1_win,0.0,53
312,runs\models_7x7\checkpoints\cycle_0162.pt,runs\models_7x7\checkpoints\cycle_0152.pt,runs\models_7x7\checkpoints\cycle_0152.pt,runs\models_7x7\checkpoints\cycle_0162.pt,p2_win,1.0,48
313,runs\models_7x7\checkpoints\cycle_0162.pt,runs\models_7x7\checkpoints\cycle_0152.pt,runs\models_7x7\checkpoints\cycle_0162.pt,runs\models_7x7\checkpoints\cycle_0152.pt,p1_win,1.0,45
314,runs\models_7x7\checkpoints\cycle_0162.pt,runs\models_7x7\checkpoints\cycle_0152.pt,runs\models_7x7\checkpoints\cycle_0162.pt,runs\models_7x7\checkpoints\cycle_0152.pt,p1_win,1.0,47
315,runs\models_7x7\checkpoints\cycle_0162.pt,runs\models_7x7\checkpoints\cycle_0152.pt,runs\models_7x7\checkpoints\cycle_0162.pt,runs\models_7x7\checkpoints\cycle_0152.pt,p2_win,0.0,50
316,runs\models_7x7\checkpoints\cycle_0162.pt,runs\models_7x7\checkpoints\cycle_0152.pt,runs\models_7x7\checkpoints\cycle_0162.pt,runs\models_7x7\checkpoints\cycle_0152.pt,p1_win,1.0,57
317,runs\models_7x7\checkpoints\cycle_0162.pt,runs\models_7x7\checkpoints\cycle_0152.pt,runs\models_7x7\checkpoints\cycle_0162.pt,runs\models_7x7\checkpoints\cycle_0152.pt,p1_win,1.0,45
318,runs\models_7x7\checkpoints\cycle_0162.pt,runs\models_7x7\checkpoints\cycle_0152.pt,runs\models_7x7\checkpoints\cycle_0162.pt,runs\models_7x7\checkpoints\cycle_0152.pt,p1_win,1.0,45
319,runs\models_7x7\checkpoints\cycle_0162.pt,runs\models_7x7\checkpoints\cycle_0152.pt,runs\models_7x7\checkpoints\cycle_0152.pt,runs\models_7x7\checkpoints\cycle_0162.pt,p2_win,1.0,62
320,runs\models_7x7\checkpoints\cycle_0162.pt,runs\models_7x7\checkpoints\cycle_0152.pt,runs\models_7x7\checkpoints\cycle_0162.pt,runs\models_7x7\checkpoints\cycle_0152.pt,p2_win,0.0,44
321,runs\models_7x7\checkpoints\cycle_0162.pt,runs\models_7x7\checkpoints\cycle_0152.pt,runs\models_7x7\checkpoints\cycle_0152.pt,runs\models_7x7\checkpoints\cycle_0162.pt,p2_win,1.0,48
322,runs\models_7x7\checkpoints\cycle_0162.pt,runs\models_7x7\checkpoints\cycle_0152.pt,runs\models_7x7\checkpoints\cycle_0162.pt,runs\models_7x7\checkpoints\cycle_0152.pt,p2_win,0.0,50
323,runs\models_7x7\checkpoints\cycle_0162.pt,runs\models_7x7\checkpoints\cycle_0152.pt,runs\models_7x7\checkpoints\cycle_0152.pt,runs\models_7x7\checkpoints\cycle_0162.pt,p2_win,1.0,50
324,runs\models_7x7\checkpoints\cycle_0162.pt,runs\models_7x7\checkpoints\cycle_0152.pt,runs\models_7x7\checkpoints\cycle_0152.pt,runs\models_7x7\checkpoints\cycle_0162.pt,p2_win,1.0,46
325,runs\models_7x7\checkpoints\cycle_0162.pt,runs\models_7x7\checkpoints\cycle_0152.pt,runs\models_7x7\checkpoints\cycle_0152.pt,runs\models_7x7\checkpoints\cycle_0162.pt,p2_win,1.0,52
326,runs\models_7x7\checkpoints\cycle_0162.pt,runs\models_7x7\checkpoints\cycle_0152.pt,runs\models_7x7\checkpoints\cycle_0162.pt,runs\models_7x7\checkpoints\cycle_0152.pt,p2_win,0.0,48
327,runs\models_7x7\checkpoints\cycle_0162.pt,runs\models_7x7\checkpoints\cycle_0152.pt,runs\models_7x7\checkpoints\cycle_0162.pt,runs\models_7x7\checkpoints\cycle_0152.pt,p2_win,0.0,48
328,runs\models_7x7\checkpoints\cycle_0162.pt,runs\models_7x7\checkpoints\cycle_0152.pt,runs\models_7x7\checkpoints\cycle_0152.pt,runs\models_7x7\checkpoints\cycle_0162.pt,p2_win,1.0,48
329,runs\models_7x7\checkpoints\cycle_0162.pt,runs\models_7x7\checkpoints\cycle_0152.pt,runs\models_7x7\checkpoints\cycle_0162.pt,runs\models_7x7\checkpoints\cycle_0152.pt,p2_win,0.0,46
330,runs\models_7x7\checkpoints\cycle_0162.pt,runs\models_7x7\checkpoints\cycle_0152.pt,runs\models_7x7\checkpoints\cycle_0152.pt,runs\models_7x7\checkpoints\cycle_0162.pt,p2_win,1.0,46
331,runs\models_7x7\checkpoints\cycle_0162.pt,runs\models_7x7\checkpoints\cycle_0152.pt,runs\models_7x7\checkpoints\cycle_0152.pt,runs\models_7x7\checkpoints\cycle_0162.pt,p2_win,1.0,52
332,runs\models_7x7\checkpoints\cycle_0162.pt,runs\models_7x7\checkpoints\cycle_0152.pt,runs\models_7x7\checkpoints\cycle_0162.pt,runs\models_7x7\checkpoints\cycle_0152.pt,p1_win,1.0,43
333,runs\models_7x7\checkpoints\cycle_0162.pt,runs\models_7x7\checkpoints\cycle_0152.pt,runs\models_7x7\checkpoints\cycle_0152.pt,runs\models_7x7\checkpoints\cycle_0162.pt,p2_win,1.0,50
334,runs\models_7x7\checkpoints\cycle_0162.pt,runs\models_7x7\checkpoints\cycle_0152.pt,runs\models_7x7\checkpoints\cycle_0162.pt,runs\models_7x7\checkpoints\cycle_0152.pt,p1_win,1.0,53
335,runs\models_7x7\checkpoints\cycle_0162.pt,runs\models_7x7\checkpoints\cycle_0152.pt,runs\models_7x7\checkpoints\cycle_0162.pt,runs\models_7x7\checkpoints\cycle_0152.pt,p1_win,1.0,45
336,runs\models_7x7\checkpoints\cycle_0162.pt,runs\models_7x7\checkpoints\cycle_0152.pt,runs\models_7x7\checkpoints\cycle_0152.pt,runs\models_7x7\checkpoints\cycle_0162.pt,p1_win,0.0,61
337,runs\models_7x7\checkpoints\cycle_0162.pt,runs\models_7x7\checkpoints\cycle_0152.pt,runs\models_7x7\checkpoints\cycle_0152.pt,runs\models_7x7\checkpoints\cycle_0162.pt,p2_win,1.0,46
338,runs\models_7x7\checkpoints\cycle_0162.pt,runs\models_7x7\checkpoints\cycle_0152.pt,runs\models_7x7\checkpoints\cycle_0152.pt,runs\models_7x7\checkpoints\cycle_0162.pt,p2_win,1.0,54
339,runs\models_7x7\checkpoints\cycle_0162.pt,runs\models_7x7\checkpoints\cycle_0152.pt,runs\models_7x7\checkpoints\cycle_0162.pt,runs\models_7x7\checkpoints\cycle_0152.pt,p1_win,1.0,51
340,runs\models_7x7\checkpoints\cycle_0162.pt,runs\models_7x7\checkpoints\cycle_0152.pt,runs\models_7x7\checkpoints\cycle_0152.pt,runs\models_7x7\checkpoints\cycle_0162.pt,p2_win,1.0,44
341,runs\models_7x7\checkpoints\cycle_0162.pt,runs\models_7x7\checkpoints\cycle_0152.pt,runs\models_7x7\checkpoints\cycle_0162.pt,runs\models_7x7\checkpoints\cycle_0152.pt,p1_win,1.0,49
342,runs\models_7x7\checkpoints\cycle_0162.pt,runs\models_7x7\checkpoints\cycle_0152.pt,runs\models_7x7\checkpoints\cycle_0152.pt,runs\models_7x7\checkpoints\cycle_0162.pt,p2_win,1.0,46
343,runs\models_7x7\checkpoints\cycle_0162.pt,runs\models_7x7\checkpoints\cycle_0152.pt,runs\models_7x7\checkpoints\cycle_0152.pt,runs\models_7x7\checkpoints\cycle_0162.pt,p2_win,1.0,52
344,runs\models_7x7\checkpoints\cycle_0162.pt,runs\models_7x7\checkpoints\cycle_0152.pt,runs\models_7x7\checkpoints\cycle_0152.pt,runs\models_7x7\checkpoints\cycle_0162.pt,p2_win,1.0,46
345,runs\models_7x7\checkpoints\cycle_0162.pt,runs\models_7x7\checkpoints\cycle_0152.pt,runs\models_7x7\checkpoints\cycle_0152.pt,runs\models_7x7\checkpoints\cycle_0162.pt,p1_win,0.0,49
346,runs\models_7x7\checkpoints\cycle_0162.pt,runs\models_7x7\checkpoints\cycle_0152.pt,runs\models_7x7\checkpoints\cycle_0162.pt,runs\models_7x7\checkpoints\cycle_0152.pt,p2_win,0.0,52
347,runs\models_7x7\checkpoints\cycle_0162.pt,runs\models_7x7\checkpoints\cycle_0152.pt,runs\models_7x7\checkpoints\cycle_0162.pt,runs\models_7x7\checkpoints\cycle_0152.pt,p1_win,1.0,45
348,runs\models_7x7\checkpoints\cycle_0162.pt,runs\models_7x7\checkpoints\cycle_0152.pt,runs\models_7x7\checkpoints\cycle_0152.pt,runs\models_7x7\checkpoints\cycle_0162.pt,p2_win,1.0,44
349,runs\models_7x7\checkpoints\cycle_0162.pt,runs\models_7x7\checkpoints\cycle_0152.pt,runs\models_7x7\checkpoints\cycle_0162.pt,runs\models_7x7\checkpoints\cycle_0152.pt,p2_win,0.0,44
350,runs\models_7x7\checkpoints\cycle_0162.pt,runs\models_7x7\checkpoints\cycle_0152.pt,runs\models_7x7\checkpoints\cycle_0152.pt,runs\models_7x7\checkpoints\cycle_0162.pt,p2_win,1.0,52
351,runs\models_7x7\checkpoints\cycle_0162.pt,runs\models_7x7\checkpoints\cycle_0152.pt,runs\models_7x7\checkpoints\cycle_0152.pt,runs\models_7x7\checkpoints\cycle_0162.pt,p2_win,1.0,46
352,runs\models_7x7\checkpoints\cycle_0162.pt,runs\models_7x7\checkpoints\cycle_0152.pt,runs\models_7x7\checkpoints\cycle_0162.pt,runs\models_7x7\checkpoints\cycle_0152.pt,p1_win,1.0,51
353,runs\models_7x7\checkpoints\cycle_0162.pt,runs\models_7x7\checkpoints\cycle_0152.pt,runs\models_7x7\checkpoints\cycle_0162.pt,runs\models_7x7\checkpoints\cycle_0152.pt,p1_win,1.0,49
354,runs\models_7x7\checkpoints\cycle_0162.pt,runs\models_7x7\checkpoints\cycle_0152.pt,runs\models_7x7\checkpoints\cycle_0152.pt,runs\models_7x7\checkpoints\cycle_0162.pt,p2_win,1.0,58
355,runs\models_7x7\checkpoints\cycle_0162.pt,runs\models_7x7\checkpoints\cycle_0152.pt,runs\models_7x7\checkpoints\cycle_0162.pt,runs\models_7x7\checkpoints\cycle_0152.pt,p2_win,0.0,50
356,runs\models_7x7\checkpoints\cycle_0162.pt,runs\models_7x7\checkpoints\cycle_0152.pt,runs\models_7x7\checkpoints\cycle_0162.pt,runs\models_7x7\checkpoints\cycle_0152.pt,p1_win,1.0,49
357,runs\models_7x7\checkpoints\cycle_0162.pt,runs\models_7x7\checkpoints\cycle_0152.pt,runs\models_7x7\checkpoints\cycle_0152.pt,runs\models_7x7\checkpoints\cycle_0162.pt,p1_win,0.0,51
358,runs\models_7x7\checkpoints\cycle_0162.pt,runs\models_7x7\checkpoints\cycle_0152.pt,runs\models_7x7\checkpoints\cycle_0162.pt,runs\models_7x7\checkpoints\cycle_0152.pt,p2_win,0.0,52
359,runs\models_7x7\checkpoints\cycle_0162.pt,runs\models_7x7\checkpoints\cycle_0152.pt,runs\models_7x7\checkpoints\cycle_0152.pt,runs\models_7x7\checkpoints\cycle_0162.pt,p1_win,0.0,51
360,runs\models_7x7\checkpoints\cycle_0162.pt,runs\models_7x7\checkpoints\cycle_0152.pt,runs\models_7x7\checkpoints\cycle_0152.pt,runs\models_7x7\checkpoints\cycle_0162.pt,p2_win,1.0,44
361,runs\models_7x7\checkpoints\cycle_0162.pt,runs\models_7x7\checkpoints\cycle_0152.pt,runs\models_7x7\checkpoints\cycle_0162.pt,runs\models_7x7\checkpoints\cycle_0152.pt,p1_win,1.0,53
362,runs\models_7x7\checkpoints\cycle_0162.pt,runs\models_7x7\checkpoints\cycle_0152.pt,runs\models_7x7\checkpoints\cycle_0152.pt,runs\models_7x7\checkpoints\cycle_0162.pt,p2_win,1.0,50
363,runs\models_7x7\checkpoints\cycle_0162.pt,runs\models_7x7\checkpoints\cycle_0152.pt,runs\models_7x7\checkpoints\cycle_0152.pt,runs\models_7x7\checkpoints\cycle_0162.pt,p2_win,1.0,50
364,runs\models_7x7\checkpoints\cycle_0162.pt,runs\models_7x7\checkpoints\cycle_0152.pt,runs\models_7x7\checkpoints\cycle_0152.pt,runs\models_7x7\checkpoints\cycle_0162.pt,p2_win,1.0,54
365,runs\models_7x7\checkpoints\cycle_0162.pt,runs\models_7x7\checkpoints\cycle_0152.pt,runs\models_7x7\checkpoints\cycle_0152.pt,runs\models_7x7\checkpoints\cycle_0162.pt,p2_win,1.0,46
366,runs\models_7x7\checkpoints\cycle_0162.pt,runs\models_7x7\checkpoints\cycle_0152.pt,runs\models_7x7\checkpoints\cycle_0162.pt,runs\models_7x7\checkpoints\cycle_0152.pt,p2_win,0.0,54
367,runs\models_7x7\checkpoints\cycle_0162.pt,runs\models_7x7\checkpoints\cycle_0152.pt,runs\models_7x7\checkpoints\cycle_0152.pt,runs\models_7x7\checkpoints\cycle_0162.pt,p2_win,1.0,54
368,runs\models_7x7\checkpoints\cycle_0162.pt,runs\models_7x7\checkpoints\cycle_0152.pt,runs\models_7x7\checkpoints\cycle_0162.pt,runs\models_7x7\checkpoints\cycle_0152.pt,p2_win,0.0,48
369,runs\models_7x7\checkpoints\cycle_0162.pt,runs\models_7x7\checkpoints\cycle_0152.pt,runs\models_7x7\checkpoints\cycle_0152.pt,runs\models_7x7\checkpoints\cycle_0162.pt,p2_win,1.0,56
370,runs\models_7x7\checkpoints\cycle_0162.pt,runs\models_7x7\checkpoints\cycle_0152.pt,runs\models_7x7\checkpoints\cycle_0162.pt,runs\models_7x7\checkpoints\cycle_0152.pt,p1_win,1.0,63
371,runs\models_7x7\checkpoints\cycle_0162.pt,runs\models_7x7\checkpoints\cycle_0152.pt,runs\models_7x7\checkpoints\cycle_0162.pt,runs\models_7x7\checkpoints\cycle_0152.pt,p1_win,1.0,47
372,runs\models_7x7\checkpoints\cycle_0162.pt,runs\models_7x7\checkpoints\cycle_0152.pt,runs\models_7x7\checkpoints\cycle_0152.pt,runs\models_7x7\checkpoints\cycle_0162.pt,p1_win,0.0,53
373,runs\models_7x7\checkpoints\cycle_0162.pt,runs\models_7x7\checkpoints\cycle_0152.pt,runs\models_7x7\checkpoints\cycle_0162.pt,runs\models_7x7\checkpoints\cycle_0152.pt,p1_win,1.0,47
374,runs\models_7x7\checkpoints\cycle_0162.pt,runs\models_7x7\checkpoints\cycle_0152.pt,runs\models_7x7\checkpoints\cycle_0162.pt,runs\models_7x7\checkpoints\cycle_0152.pt,p1_win,1.0,49
375,runs\models_7x7\checkpoints\cycle_0162.pt,runs\models_7x7\checkpoints\cycle_0152.pt,runs\models_7x7\checkpoints\cycle_0152.pt,runs\models_7x7\checkpoints\cycle_0162.pt,p1_win,0.0,53
376,runs\models_7x7\checkpoints\cycle_0162.pt,runs\models_7x7\checkpoints\cycle_0152.pt,runs\models_7x7\checkpoints\cycle_0152.pt,runs\models_7x7\checkpoints\cycle_0162.pt,p2_win,1.0,48
377,runs\models_7x7\checkpoints\cycle_0162.pt,runs\models_7x7\checkpoints\cycle_0152.pt,runs\models_7x7\checkpoints\cycle_0162.pt,runs\models_7x7\checkpoints\cycle_0152.pt,p1_win,1.0,47
378,runs\models_7x7\checkpoints\cycle_0162.pt,runs\models_7x7\checkpoints\cycle_0152.pt,runs\models_7x7\checkpoints\cycle_0162.pt,runs\models_7x7\checkpoints\cycle_0152.pt,p2_win,0.0,46
379,runs\models_7x7\checkpoints\cycle_0162.pt,runs\models_7x7\checkpoints\cycle_0152.pt,runs\models_7x7\checkpoints\cycle_0162.pt,runs\models_7x7\checkpoints\cycle_0152.pt,p1_win,1.0,47
380,runs\models_7x7\checkpoints\cycle_0162.pt,runs\models_7x7\checkpoints\cycle_0152.pt,runs\models_7x7\checkpoints\cycle_0152.pt,runs\models_7x7\checkpoints\cycle_0162.pt,p2_win,1.0,56
381,runs\models_7x7\checkpoints\cycle_0162.pt,runs\models_7x7\checkpoints\cycle_0152.pt,runs\models_7x7\checkpoints\cycle_0162.pt,runs\models_7x7\checkpoints\cycle_0152.pt,p1_win,1.0,47
382,runs\models_7x7\checkpoints\cycle_0162.pt,runs\models_7x7\checkpoints\cycle_0152.pt,runs\models_7x7\checkpoints\cycle_0162.pt,runs\models_7x7\checkpoints\cycle_0152.pt,p1_win,1.0,51
383,runs\models_7x7\checkpoints\cycle_0162.pt,runs\models_7x7\checkpoints\cycle_0152.pt,runs\models_7x7\checkpoints\cycle_0162.pt,runs\models_7x7\checkpoints\cycle_0152.pt,p2_win,0.0,48
384,runs\models_7x7\checkpoints\cycle_0162.pt,runs\models_7x7\checkpoints\cycle_0152.pt,runs\models_7x7\checkpoints\cycle_0162.pt,runs\models_7x7\checkpoints\cycle_0152.pt,p2_win,0.0,46
385,runs\models_7x7\checkpoints\cycle_0162.pt,runs\models_7x7\checkpoints\cycle_0152.pt,runs\models_7x7\checkpoints\cycle_0162.pt,runs\models_7x7\checkpoints\cycle_0152.pt,p1_win,1.0,49
386,runs\models_7x7\checkpoints\cycle_0162.pt,runs\models_7x7\checkpoints\cycle_0152.pt,runs\models_7x7\checkpoints\cycle_0152.pt,runs\models_7x7\checkpoints\cycle_0162.pt,p1_win,0.0,51
387,runs\models_7x7\checkpoints\cycle_0162.pt,runs\models_7x7\checkpoints\cycle_0152.pt,runs\models_7x7\checkpoints\cycle_0162.pt,runs\models_7x7\checkpoints\cycle_0152.pt,p1_win,1.0,47
388,runs\models_7x7\checkpoints\cycle_0162.pt,runs\models_7x7\checkpoints\cycle_0152.pt,runs\models_7x7\checkpoints\cycle_0152.pt,runs\models_7x7\checkpoints\cycle_0162.pt,p2_win,1.0,56
389,runs\models_7x7\checkpoints\cycle_0162.pt,runs\models_7x7\checkpoints\cycle_0152.pt,runs\models_7x7\checkpoints\cycle_0152.pt,runs\models_7x7\checkpoints\cycle_0162.pt,p2_win,1.0,48
390,runs\models_7x7\checkpoints\cycle_0162.pt,runs\models_7x7\checkpoints\cycle_0152.pt,runs\models_7x7\checkpoints\cycle_0152.pt,runs\models_7x7\checkpoints\cycle_0162.pt,p2_win,1.0,48
391,runs\models_7x7\checkpoints\cycle_0162.pt,runs\models_7x7\checkpoints\cycle_0152.pt,runs\models_7x7\checkpoints\cycle_0162.pt,runs\models_7x7\checkpoints\cycle_0152.pt,p2_win,0.0,50
392,runs\models_7x7\checkpoints\cycle_0162.pt,runs\models_7x7\checkpoints\cycle_0152.pt,runs\models_7x7\checkpoints\cycle_0162.pt,runs\models_7x7\checkpoints\cycle_0152.pt,p2_win,0.0,50
393,runs\models_7x7\checkpoints\cycle_0162.pt,runs\models_7x7\checkpoints\cycle_0152.pt,runs\models_7x7\checkpoints\cycle_0152.pt,runs\models_7x7\checkpoints\cycle_0162.pt,p2_win,1.0,46
394,runs\models_7x7\checkpoints\cycle_0162.pt,runs\models_7x7\checkpoints\cycle_0152.pt,runs\models_7x7\checkpoints\cycle_0152.pt,runs\models_7x7\checkpoints\cycle_0162.pt,p2_win,1.0,44
395,runs\models_7x7\checkpoints\cycle_0162.pt,runs\models_7x7\checkpoints\cycle_0152.pt,runs\models_7x7\checkpoints\cycle_0162.pt,runs\models_7x7\checkpoints\cycle_0152.pt,p1_win,1.0,53
396,runs\models_7x7\checkpoints\cycle_0162.pt,runs\models_7x7\checkpoints\cycle_0152.pt,runs\models_7x7\checkpoints\cycle_0162.pt,runs\models_7x7\checkpoints\cycle_0152.pt,p1_win,1.0,55
397,runs\models_7x7\checkpoints\cycle_0162.pt,runs\models_7x7\checkpoints\cycle_0152.pt,runs\models_7x7\checkpoints\cycle_0152.pt,runs\models_7x7\checkpoints\cycle_0162.pt,p1_win,0.0,53
398,runs\models_7x7\checkpoints\cycle_0162.pt,runs\models_7x7\checkpoints\cycle_0152.pt,runs\models_7x7\checkpoints\cycle_0152.pt,runs\models_7x7\checkpoints\cycle_0162.pt,p2_win,1.0,46
399,runs\models_7x7\checkpoints\cycle_0162.pt,runs\models_7x7\checkpoints\cycle_0152.pt,runs\models_7x7\checkpoints\cycle_0162.pt,runs\models_7x7\checkpoints\cycle_0152.pt,p1_win,1.0,47
400,runs\models_7x7\checkpoints\cycle_0162.pt,runs\models_7x7\checkpoints\cycle_0152.pt,runs\models_7x7\checkpoints\cycle_0152.pt,runs\models_7x7\checkpoints\cycle_0162.pt,p2_win,1.0,56
401,runs\models_7x7\checkpoints\cycle_0162.pt,runs\models_7x7\checkpoints\cycle_0152.pt,runs\models_7x7\checkpoints\cycle_0152.pt,runs\models_7x7\checkpoints\cycle_0162.pt,p1_win,0.0,51
402,runs\models_7x7\checkpoints\cycle_0162.pt,runs\models_7x7\checkpoints\cycle_0152.pt,runs\models_7x7\checkpoints\cycle_0152.pt,runs\models_7x7\checkpoints\cycle_0162.pt,p1_win,0.0,47
403,runs\models_7x7\checkpoints\cycle_0162.pt,runs\models_7x7\checkpoints\cycle_0152.pt,runs\models_7x7\checkpoints\cycle_0162.pt,runs\models_7x7\checkpoints\cycle_0152.pt,p1_win,1.0,49
404,runs\models_7x7\checkpoints\cycle_0162.pt,runs\models_7x7\checkpoints\cycle_0152.pt,runs\models_7x7\checkpoints\cycle_0152.pt,runs\models_7x7\checkpoints\cycle_0162.pt,p2_win,1.0,46
405,runs\models_7x7\checkpoints\cycle_0162.pt,runs\models_7x7\checkpoints\cycle_0152.pt,runs\models_7x7\checkpoints\cycle_0162.pt,runs\models_7x7\checkpoints\cycle_0152.pt,p2_win,0.0,50
406,runs\models_7x7\checkpoints\cycle_0162.pt,runs\models_7x7\checkpoints\cycle_0152.pt,runs\models_7x7\checkpoints\cycle_0152.pt,runs\models_7x7\checkpoints\cycle_0162.pt,p2_win,1.0,46
407,runs\models_7x7\checkpoints\cycle_0162.pt,runs\models_7x7\checkpoints\cycle_0152.pt,runs\models_7x7\checkpoints\cycle_0152.pt,runs\models_7x7\checkpoints\cycle_0162.pt,p2_win,1.0,52
408,runs\models_7x7\checkpoints\cycle_0162.pt,runs\models_7x7\checkpoints\cycle_0152.pt,runs\models_7x7\checkpoints\cycle_0162.pt,runs\models_7x7\checkpoints\cycle_0152.pt,p2_win,0.0,52
409,runs\models_7x7\checkpoints\cycle_0162.pt,runs\models_7x7\checkpoints\cycle_0152.pt,runs\models_7x7\checkpoints\cycle_0162.pt,runs\models_7x7\checkpoints\cycle_0152.pt,p2_win,0.0,52
410,runs\models_7x7\checkpoints\cycle_0162.pt,runs\models_7x7\checkpoints\cycle_0152.pt,runs\models_7x7\checkpoints\cycle_0152.pt,runs\models_7x7\checkpoints\cycle_0162.pt,p2_win,1.0,48
411,runs\models_7x7\checkpoints\cycle_0162.pt,runs\models_7x7\checkpoints\cycle_0152.pt,runs\models_7x7\checkpoints\cycle_0152.pt,runs\models_7x7\checkpoints\cycle_0162.pt,p2_win,1.0,56
412,runs\models_7x7\checkpoints\cycle_0162.pt,runs\models_7x7\checkpoints\cycle_0152.pt,runs\models_7x7\checkpoints\cycle_0152.pt,runs\models_7x7\checkpoints\cycle_0162.pt,p1_win,0.0,51
413,runs\models_7x7\checkpoints\cycle_0162.pt,runs\models_7x7\checkpoints\cycle_0152.pt,runs\models_7x7\checkpoints\cycle_0162.pt,runs\models_7x7\checkpoints\cycle_0152.pt,p1_win,1.0,51
414,runs\models_7x7\checkpoints\cycle_0162.pt,runs\models_7x7\checkpoints\cycle_0152.pt,runs\models_7x7\checkpoints\cycle_0152.pt,runs\models_7x7\checkpoints\cycle_0162.pt,p2_win,1.0,54
415,runs\models_7x7\checkpoints\cycle_0162.pt,runs\models_7x7\checkpoints\cycle_0152.pt,runs\models_7x7\checkpoints\cycle_0162.pt,runs\models_7x7\checkpoints\cycle_0152.pt,p2_win,0.0,54
416,runs\models_7x7\checkpoints\cycle_0162.pt,runs\models_7x7\checkpoints\cycle_0152.pt,runs\models_7x7\checkpoints\cycle_0162.pt,runs\models_7x7\checkpoints\cycle_0152.pt,p2_win,0.0,58
417,runs\models_7x7\checkpoints\cycle_0162.pt,runs\models_7x7\checkpoints\cycle_0152.pt,runs\models_7x7\checkpoints\cycle_0162.pt,runs\models_7x7\checkpoints\cycle_0152.pt,p1_win,1.0,45
418,runs\models_7x7\checkpoints\cycle_0162.pt,runs\models_7x7\checkpoints\cycle_0152.pt,runs\models_7x7\checkpoints\cycle_0152.pt,runs\models_7x7\checkpoints\cycle_0162.pt,p2_win,1.0,50
419,runs\models_7x7\checkpoints\cycle_0162.pt,runs\models_7x7\checkpoints\cycle_0152.pt,runs\models_7x7\checkpoints\cycle_0152.pt,runs\models_7x7\checkpoints\cycle_0162.pt,p1_win,0.0,49
420,runs\models_7x7\checkpoints\cycle_0162.pt,runs\models_7x7\checkpoints\cycle_0152.pt,runs\models_7x7\checkpoints\cycle_0152.pt,runs\models_7x7\checkpoints\cycle_0162.pt,p1_win,0.0,59
421,runs\models_7x7\checkpoints\cycle_0162.pt,runs\models_7x7\checkpoints\cycle_0152.pt,runs\models_7x7\checkpoints\cycle_0152.pt,runs\models_7x7\checkpoints\cycle_0162.pt,p2_win,1.0,52
422,runs\models_7x7\checkpoints\cycle_0162.pt,runs\models_7x7\checkpoints\cycle_0152.pt,runs\models_7x7\checkpoints\cycle_0152.pt,runs\models_7x7\checkpoints\cycle_0162.pt,p2_win,1.0,48
423,runs\models_7x7\checkpoints\cycle_0162.pt,runs\models_7x7\checkpoints\cycle_0152.pt,runs\models_7x7\checkpoints\cycle_0162.pt,runs\models_7x7\checkpoints\cycle_0152.pt,p2_win,0.0,48
424,runs\models_7x7\checkpoints\cycle_0162.pt,runs\models_7x7\checkpoints\cycle_0152.pt,runs\models_7x7\checkpoints\cycle_0152.pt,runs\models_7x7\checkpoints\cycle_0162.pt,draw,0.5,52
425,runs\models_7x7\checkpoints\cycle_0162.pt,runs\models_7x7\checkpoints\cycle_0152.pt,runs\models_7x7\checkpoints\cycle_0162.pt,runs\models_7x7\checkpoints\cycle_0152.pt,p1_win,1.0,53
426,runs\models_7x7\checkpoints\cycle_0162.pt,runs\models_7x7\checkpoints\cycle_0152.pt,runs\models_7x7\checkpoints\cycle_0162.pt,runs\models_7x7\checkpoints\cycle_0152.pt,p1_win,1.0,49
427,runs\models_7x7\checkpoints\cycle_0162.pt,runs\models_7x7\checkpoints\cycle_0152.pt,runs\models_7x7\checkpoints\cycle_0152.pt,runs\models_7x7\checkpoints\cycle_0162.pt,p2_win,1.0,52
428,runs\models_7x7\checkpoints\cycle_0162.pt,runs\models_7x7\checkpoints\cycle_0152.pt,runs\models_7x7\checkpoints\cycle_0152.pt,runs\models_7x7\checkpoints\cycle_0162.pt,p2_win,1.0,48
429,runs\models_7x7\checkpoints\cycle_0162.pt,runs\models_7x7\checkpoints\cycle_0152.pt,runs\models_7x7\checkpoints\cycle_0162.pt,runs\models_7x7\checkpoints\cycle_0152.pt,p1_win,1.0,49
430,runs\models_7x7\checkpoints\cycle_0162.pt,runs\models_7x7\checkpoints\cycle_0152.pt,runs\models_7x7\checkpoints\cycle_0152.pt,runs\models_7x7\checkpoints\cycle_0162.pt,p1_win,0.0,49
431,runs\models_7x7\checkpoints\cycle_0162.pt,runs\models_7x7\checkpoints\cycle_0152.pt,runs\models_7x7\checkpoints\cycle_0162.pt,runs\models_7x7\checkpoints\cycle_0152.pt,p2_win,0.0,58
432,runs\models_7x7\checkpoints\cycle_0162.pt,runs\models_7x7\checkpoints\cycle_0152.pt,runs\models_7x7\checkpoints\cycle_0152.pt,runs\models_7x7\checkpoints\cycle_0162.pt,p1_win,0.0,55
433,runs\models_7x7\checkpoints\cycle_0162.pt,runs\models_7x7\checkpoints\cycle_0152.pt,runs\models_7x7\checkpoints\cycle_0152.pt,runs\models_7x7\checkpoints\cycle_0162.pt,p2_win,1.0,54
434,runs\models_7x7\checkpoints\cycle_0162.pt,runs\models_7x7\checkpoints\cycle_0152.pt,runs\models_7x7\checkpoints\cycle_0152.pt,runs\models_7x7\checkpoints\cycle_0162.pt,p2_win,1.0,52
435,runs\models_7x7\checkpoints\cycle_0162.pt,runs\models_7x7\checkpoints\cycle_0152.pt,runs\models_7x7\checkpoints\cycle_0162.pt,runs\models_7x7\checkpoints\cycle_0152.pt,p2_win,0.0,58
436,runs\models_7x7\checkpoints\cycle_0162.pt,runs\models_7x7\checkpoints\cycle_0152.pt,runs\models_7x7\checkpoints\cycle_0152.pt,runs\models_7x7\checkpoints\cycle_0162.pt,p2_win,1.0,52
437,runs\models_7x7\checkpoints\cycle_0162.pt,runs\models_7x7\checkpoints\cycle_0152.pt,runs\models_7x7\checkpoints\cycle_0152.pt,runs\models_7x7\checkpoints\cycle_0162.pt,p2_win,1.0,56
438,runs\models_7x7\checkpoints\cycle_0162.pt,runs\models_7x7\checkpoints\cycle_0152.pt,runs\models_7x7\checkpoints\cycle_0162.pt,runs\models_7x7\checkpoints\cycle_0152.pt,p1_win,1.0,51
439,runs\models_7x7\checkpoints\cycle_0162.pt,runs\models_7x7\checkpoints\cycle_0152.pt,runs\models_7x7\checkpoints\cycle_0162.pt,runs\models_7x7\checkpoints\cycle_0152.pt,p1_win,1.0,47
440,runs\models_7x7\checkpoints\cycle_0162.pt,runs\models_7x7\checkpoints\cycle_0152.pt,runs\models_7x7\checkpoints\cycle_0162.pt,runs\models_7x7\checkpoints\cycle_0152.pt,p2_win,0.0,48
441,runs\models_7x7\checkpoints\cycle_0162.pt,runs\models_7x7\checkpoints\cycle_0152.pt,runs\models_7x7\checkpoints\cycle_0162.pt,runs\models_7x7\checkpoints\cycle_0152.pt,p2_win,0.0,48
442,runs\models_7x7\checkpoints\cycle_0162.pt,runs\models_7x7\checkpoints\cycle_0152.pt,runs\models_7x7\checkpoints\cycle_0162.pt,runs\models_7x7\checkpoints\cycle_0152.pt,p1_win,1.0,49
443,runs\models_7x7\checkpoints\cycle_0162.pt,runs\models_7x7\checkpoints\cycle_0152.pt,runs\models_7x7\checkpoints\cycle_0162.pt,runs\models_7x7\checkpoints\cycle_0152.pt,p2_win,0.0,54
444,runs\models_7x7\checkpoints\cycle_0162.pt,runs\models_7x7\checkpoints\cycle_0152.pt,runs\models_7x7\checkpoints\cycle_0162.pt,runs\models_7x7\checkpoints\cycle_0152.pt,p2_win,0.0,58
445,runs\models_7x7\checkpoints\cycle_0162.pt,runs\models_7x7\checkpoints\cycle_0152.pt,runs\models_7x7\checkpoints\cycle_0162.pt,runs\models_7x7\checkpoints\cycle_0152.pt,p2_win,0.0,54
446,runs\models_7x7\checkpoints\cycle_0162.pt,runs\models_7x7\checkpoints\cycle_0152.pt,runs\models_7x7\checkpoints\cycle_0162.pt,runs\models_7x7\checkpoints\cycle_0152.pt,p1_win,1.0,55
447,runs\models_7x7\checkpoints\cycle_0162.pt,runs\models_7x7\checkpoints\cycle_0152.pt,runs\models_7x7\checkpoints\cycle_0162.pt,runs\models_7x7\checkpoints\cycle_0152.pt,p2_win,0.0,54
448,runs\models_7x7\checkpoints\cycle_0162.pt,runs\models_7x7\checkpoints\cycle_0152.pt,runs\models_7x7\checkpoints\cycle_0152.pt,runs\models_7x7\checkpoints\cycle_0162.pt,p2_win,1.0,52
449,runs\models_7x7\checkpoints\cycle_0162.pt,runs\models_7x7\checkpoints\cycle_0152.pt,runs\models_7x7\checkpoints\cycle_0152.pt,runs\models_7x7\checkpoints\cycle_0162.pt,p1_win,0.0,51
450,runs\models_7x7\checkpoints\cycle_0162.pt,runs\models_7x7\checkpoints\cycle_0152.pt,runs\models_7x7\checkpoints\cycle_0152.pt,runs\models_7x7\checkpoints\cycle_0162.pt,p2_win,1.0,62
451,runs\models_7x7\checkpoints\cycle_0162.pt,runs\models_7x7\checkpoints\cycle_0152.pt,runs\models_7x7\checkpoints\cycle_0152.pt,runs\models_7x7\checkpoints\cycle_0162.pt,p2_win,1.0,50
452,runs\models_7x7\checkpoints\cycle_0162.pt,runs\models_7x7\checkpoints\cycle_0152.pt,runs\models_7x7\checkpoints\cycle_0152.pt,runs\models_7x7\checkpoints\cycle_0162.pt,p2_win,1.0,50
453,runs\models_7x7\checkpoints\cycle_0162.pt,runs\models_7x7\checkpoints\cycle_0152.pt,runs\models_7x7\checkpoints\cycle_0152.pt,runs\models_7x7\checkpoints\cycle_0162.pt,p2_win,1.0,52
454,runs\models_7x7\checkpoints\cycle_0162.pt,runs\models_7x7\checkpoints\cycle_0152.pt,runs\models_7x7\checkpoints\cycle_0162.pt,runs\models_7x7\checkpoints\cycle_0152.pt,p1_win,1.0,53
455,runs\models_7x7\checkpoints\cycle_0162.pt,runs\models_7x7\checkpoints\cycle_0152.pt,runs\models_7x7\checkpoints\cycle_0162.pt,runs\models_7x7\checkpoints\cycle_0152.pt,p2_win,0.0,54
456,runs\models_7x7\checkpoints\cycle_0162.pt,runs\models_7x7\checkpoints\cycle_0152.pt,runs\models_7x7\checkpoints\cycle_0152.pt,runs\models_7x7\checkpoints\cycle_0162.pt,p1_win,0.0,47
457,runs\models_7x7\checkpoints\cycle_0162.pt,runs\models_7x7\checkpoints\cycle_0152.pt,runs\models_7x7\checkpoints\cycle_0162.pt,runs\models_7x7\checkpoints\cycle_0152.pt,p1_win,1.0,53
458,runs\models_7x7\checkpoints\cycle_0162.pt,runs\models_7x7\checkpoints\cycle_0152.pt,runs\models_7x7\checkpoints\cycle_0162.pt,runs\models_7x7\checkpoints\cycle_0152.pt,p2_win,0.0,52
459,runs\models_7x7\checkpoints\cycle_0162.pt,runs\models_7x7\checkpoints\cycle_0152.pt,runs\models_7x7\checkpoints\cycle_0152.pt,runs\models_7x7\checkpoints\cycle_0162.pt,p2_win,1.0,52
460,runs\models_7x7\checkpoints\cycle_0162.pt,runs\models_7x7\checkpoints\cycle_0152.pt,runs\models_7x7\checkpoints\cycle_0162.pt,runs\models_7x7\checkpoints\cycle_0152.pt,p2_win,0.0,58
461,runs\models_7x7\checkpoints\cycle_0162.pt,runs\models_7x7\checkpoints\cycle_0152.pt,runs\models_7x7\checkpoints\cycle_0162.pt,runs\models_7x7\checkpoints\cycle_0152.pt,p1_win,1.0,49
462,runs\models_7x7\checkpoints\cycle_0162.pt,runs\models_7x7\checkpoints\cycle_0152.pt,runs\models_7x7\checkpoints\cycle_0162.pt,runs\models_7x7\checkpoints\cycle_0152.pt,p2_win,0.0,52
463,runs\models_7x7\checkpoints\cycle_0162.pt,runs\models_7x7\checkpoints\cycle_0152.pt,runs\models_7x7\checkpoints\cycle_0162.pt,runs\models_7x7\checkpoints\cycle_0152.pt,p2_win,0.0,52
464,runs\models_7x7\checkpoints\cycle_0162.pt,runs\models_7x7\checkpoints\cycle_0152.pt,runs\models_7x7\checkpoints\cycle_0162.pt,runs\models_7x7\checkpoints\cycle_0152.pt,p2_win,0.0,52
465,runs\models_7x7\checkpoints\cycle_0162.pt,runs\models_7x7\checkpoints\cycle_0152.pt,runs\models_7x7\checkpoints\cycle_0152.pt,runs\models_7x7\checkpoints\cycle_0162.pt,p1_win,0.0,53
466,runs\models_7x7\checkpoints\cycle_0162.pt,runs\models_7x7\checkpoints\cycle_0152.pt,runs\models_7x7\checkpoints\cycle_0162.pt,runs\models_7x7\checkpoints\cycle_0152.pt,p2_win,0.0,52
467,runs\models_7x7\checkpoints\cycle_0162.pt,runs\models_7x7\checkpoints\cycle_0152.pt,runs\models_7x7\checkpoints\cycle_0162.pt,runs\models_7x7\checkpoints\cycle_0152.pt,p2_win,0.0,52
468,runs\models_7x7\checkpoints\cycle_0162.pt,runs\models_7x7\checkpoints\cycle_0152.pt,runs\models_7x7\checkpoints\cycle_0162.pt,runs\models_7x7\checkpoints\cycle_0152.pt,p1_win,1.0,51
469,runs\models_7x7\checkpoints\cycle_0162.pt,runs\models_7x7\checkpoints\cycle_0152.pt,runs\models_7x7\checkpoints\cycle_0162.pt,runs\models_7x7\checkpoints\cycle_0152.pt,p1_win,1.0,49
470,runs\models_7x7\checkpoints\cycle_0162.pt,runs\models_7x7\checkpoints\cycle_0152.pt,runs\models_7x7\checkpoints\cycle_0162.pt,runs\models_7x7\checkpoints\cycle_0152.pt,p1_win,1.0,59
471,runs\models_7x7\checkpoints\cycle_0162.pt,runs\models_7x7\checkpoints\cycle_0152.pt,runs\models_7x7\checkpoints\cycle_0162.pt,runs\models_7x7\checkpoints\cycle_0152.pt,p2_win,0.0,52
472,runs\models_7x7\checkpoints\cycle_0162.pt,runs\models_7x7\checkpoints\cycle_0152.pt,runs\models_7x7\checkpoints\cycle_0162.pt,runs\models_7x7\checkpoints\cycle_0152.pt,p2_win,0.0,56
473,runs\models_7x7\checkpoints\cycle_0162.pt,runs\models_7x7\checkpoints\cycle_0152.pt,runs\models_7x7\checkpoints\cycle_0162.pt,runs\models_7x7\checkpoints\cycle_0152.pt,p2_win,0.0,54
474,runs\models_7x7\checkpoints\cycle_0162.pt,runs\models_7x7\checkpoints\cycle_0152.pt,runs\models_7x7\checkpoints\cycle_0162.pt,runs\models_7x7\checkpoints\cycle_0152.pt,p2_win,0.0,52
475,runs\models_7x7\checkpoints\cycle_0162.pt,runs\models_7x7\checkpoints\cycle_0152.pt,runs\models_7x7\checkpoints\cycle_0162.pt,runs\models_7x7\checkpoints\cycle_0152.pt,p1_win,1.0,51
476,runs\models_7x7\checkpoints\cycle_0162.pt,runs\models_7x7\checkpoints\cycle_0152.pt,runs\models_7x7\checkpoints\cycle_0162.pt,runs\models_7x7\checkpoints\cycle_0152.pt,p2_win,0.0,52
477,runs\models_7x7\checkpoints\cycle_0162.pt,runs\models_7x7\checkpoints\cycle_0152.pt,runs\models_7x7\checkpoints\cycle_0162.pt,runs\models_7x7\checkpoints\cycle_0152.pt,p2_win,0.0,52
478,runs\models_7x7\checkpoints\cycle_0162.pt,runs\models_7x7\checkpoints\cycle_0152.pt,runs\models_7x7\checkpoints\cycle_0162.pt,runs\models_7x7\checkpoints\cycle_0152.pt,p1_win,1.0,53
479,runs\models_7x7\checkpoints\cycle_0162.pt,runs\models_7x7\checkpoints\cycle_0152.pt,runs\models_7x7\checkpoints\cycle_0162.pt,runs\models_7x7\checkpoints\cycle_0152.pt,p2_win,0.0,58
480,runs\models_7x7\checkpoints\cycle_0162.pt,runs\models_7x7\checkpoints\cycle_0152.pt,runs\models_7x7\checkpoints\cycle_0162.pt,runs\models_7x7\checkpoints\cycle_0152.pt,p2_win,0.0,52
481,runs\models_7x7\checkpoints\cycle_0162.pt,runs\models_7x7\checkpoints\cycle_0152.pt,runs\models_7x7\checkpoints\cycle_0162.pt,runs\models_7x7\checkpoints\cycle_0152.pt,p2_win,0.0,60
482,runs\models_7x7\checkpoints\cycle_0162.pt,runs\models_7x7\checkpoints\cycle_0152.pt,runs\models_7x7\checkpoints\cycle_0162.pt,runs\models_7x7\checkpoints\cycle_0152.pt,p2_win,0.0,50
483,runs\models_7x7\checkpoints\cycle_0162.pt,runs\models_7x7\checkpoints\cycle_0152.pt,runs\models_7x7\checkpoints\cycle_0162.pt,runs\models_7x7\checkpoints\cycle_0152.pt,p1_win,1.0,61
484,runs\models_7x7\checkpoints\cycle_0162.pt,runs\models_7x7\checkpoints\cycle_0152.pt,runs\models_7x7\checkpoints\cycle_0162.pt,runs\models_7x7\checkpoints\cycle_0152.pt,p2_win,0.0,52
485,runs\models_7x7\checkpoints\cycle_0162.pt,runs\models_7x7\checkpoints\cycle_0152.pt,runs\models_7x7\checkpoints\cycle_0162.pt,runs\models_7x7\checkpoints\cycle_0152.pt,p2_win,0.0,52
486,runs\models_7x7\checkpoints\cycle_0162.pt,runs\models_7x7\checkpoints\cycle_0152.pt,runs\models_7x7\checkpoints\cycle_0152.pt,runs\models_7x7\checkpoints\cycle_0162.pt,p1_win,0.0,53
487,runs\models_7x7\checkpoints\cycle_0162.pt,runs\models_7x7\checkpoints\cycle_0152.pt,runs\models_7x7\checkpoints\cycle_0152.pt,runs\models_7x7\checkpoints\cycle_0162.pt,p2_win,1.0,48
488,runs\models_7x7\checkpoints\cycle_0162.pt,runs\models_7x7\checkpoints\cycle_0152.pt,runs\models_7x7\checkpoints\cycle_0162.pt,runs\models_7x7\checkpoints\cycle_0152.pt,p2_win,0.0,62
489,runs\models_7x7\checkpoints\cycle_0162.pt,runs\models_7x7\checkpoints\cycle_0152.pt,runs\models_7x7\checkpoints\cycle_0162.pt,runs\models_7x7\checkpoints\cycle_0152.pt,p2_win,0.0,54
490,runs\models_7x7\checkpoints\cycle_0162.pt,runs\models_7x7\checkpoints\cycle_0152.pt,runs\models_7x7\checkpoints\cycle_0152.pt,runs\models_7x7\checkpoints\cycle_0162.pt,p1_win,0.0,55
491,runs\models_7x7\checkpoints\cycle_0162.pt,runs\models_7x7\checkpoints\cycle_0152.pt,runs\models_7x7\checkpoints\cycle_0162.pt,runs\models_7x7\checkpoints\cycle_0152.pt,p1_win,1.0,51
492,runs\models_7x7\checkpoints\cycle_0162.pt,runs\models_7x7\checkpoints\cycle_0152.pt,runs\models_7x7\checkpoints\cycle_0162.pt,runs\models_7x7\checkpoints\cycle_0152.pt,p2_win,0.0,58
493,runs\models_7x7\checkpoints\cycle_0162.pt,runs\models_7x7\checkpoints\cycle_0152.pt,runs\models_7x7\checkpoints\cycle_0152.pt,runs\models_7x7\checkpoints\cycle_0162.pt,p2_win,1.0,58
494,runs\models_7x7\checkpoints\cycle_0162.pt,runs\models_7x7\checkpoints\cycle_0152.pt,runs\models_7x7\checkpoints\cycle_0152.pt,runs\models_7x7\checkpoints\cycle_0162.pt,p2_win,1.0,50
495,runs\models_7x7\checkpoints\cycle_0162.pt,runs\models_7x7\checkpoints\cycle_0152.pt,runs\models_7x7\checkpoints\cycle_0162.pt,runs\models_7x7\checkpoints\cycle_0152.pt,p2_win,0.0,52
496,runs\models_7x7\checkpoints\cycle_0162.pt,runs\models_7x7\checkpoints\cycle_0152.pt,runs\models_7x7\checkpoints\cycle_0162.pt,runs\models_7x7\checkpoints\cycle_0152.pt,p2_win,0.0,52
497,runs\models_7x7\checkpoints\cycle_0162.pt,runs\models_7x7\checkpoints\cycle_0152.pt,runs\models_7x7\checkpoints\cycle_0152.pt,runs\models_7x7\checkpoints\cycle_0162.pt,p2_win,1.0,54
498,runs\models_7x7\checkpoints\cycle_0162.pt,runs\models_7x7\checkpoints\cycle_0152.pt,runs\models_7x7\checkpoints\cycle_0162.pt,runs\models_7x7\checkpoints\cycle_0152.pt,p1_win,1.0,59
499,runs\models_7x7\checkpoints\cycle_0162.pt,runs\models_7x7\checkpoints\cycle_0152.pt,runs\models_7x7\checkpoints\cycle_0152.pt,runs\models_7x7\checkpoints\cycle_0162.pt,p1_win,0.0,55
500,runs\models_7x7\checkpoints\cycle_0162.pt,runs\models_7x7\checkpoints\cycle_0152.pt,runs\models_7x7\checkpoints\cycle_0162.pt,runs\models_7x7\checkpoints\cycle_0152.pt,p1_win,1.0,53
501,runs\models_7x7\checkpoints\cycle_0162.pt,runs\models_7x7\checkpoints\cycle_0152.pt,runs\models_7x7\checkpoints\cycle_0162.pt,runs\models_7x7\checkpoints\cycle_0152.pt,p2_win,0.0,52
502,runs\models_7x7\checkpoints\cycle_0162.pt,runs\models_7x7\checkpoints\cycle_0152.pt,runs\models_7x7\checkpoints\cycle_0152.pt,runs\models_7x7\checkpoints\cycle_0162.pt,draw,0.5,50
503,runs\models_7x7\checkpoints\cycle_0162.pt,runs\models_7x7\checkpoints\cycle_0152.pt,runs\models_7x7\checkpoints\cycle_0152.pt,runs\models_7x7\checkpoints\cycle_0162.pt,p2_win,1.0,58
504,runs\models_7x7\checkpoints\cycle_0162.pt,runs\models_7x7\checkpoints\cycle_0152.pt,runs\models_7x7\checkpoints\cycle_0162.pt,runs\models_7x7\checkpoints\cycle_0152.pt,p2_win,0.0,56
505,runs\models_7x7\checkpoints\cycle_0162.pt,runs\models_7x7\checkpoints\cycle_0152.pt,runs\models_7x7\checkpoints\cycle_0152.pt,runs\models_7x7\checkpoints\cycle_0162.pt,p2_win,1.0,48
506,runs\models_7x7\checkpoints\cycle_0162.pt,runs\models_7x7\checkpoints\cycle_0152.pt,runs\models_7x7\checkpoints\cycle_0162.pt,runs\models_7x7\checkpoints\cycle_0152.pt,p1_win,1.0,51
507,runs\models_7x7\checkpoints\cycle_0162.pt,runs\models_7x7\checkpoints\cycle_0152.pt,runs\models_7x7\checkpoints\cycle_0162.pt,runs\models_7x7\checkpoints\cycle_0152.pt,p1_win,1.0,49
508,runs\models_7x7\checkpoints\cycle_0162.pt,runs\models_7x7\checkpoints\cycle_0152.pt,runs\models_7x7\checkpoints\cycle_0162.pt,runs\models_7x7\checkpoints\cycle_0152.pt,p1_win,1.0,55
509,runs\models_7x7\checkpoints\cycle_0162.pt,runs\models_7x7\checkpoints\cycle_0152.pt,runs\models_7x7\checkpoints\cycle_0162.pt,runs\models_7x7\checkpoints\cycle_0152.pt,p2_win,0.0,54
510,runs\models_7x7\checkpoints\cycle_0162.pt,runs\models_7x7\checkpoints\cycle_0152.pt,runs\models_7x7\checkpoints\cycle_0162.pt,runs\models_7x7\checkpoints\cycle_0152.pt,p1_win,1.0,51
511,runs\models_7x7\checkpoints\cycle_0162.pt,runs\models_7x7\checkpoints\cycle_0152.pt,runs\models_7x7\checkpoints\cycle_0152.pt,runs\models_7x7\checkpoints\cycle_0162.pt,p2_win,1.0,48
512,runs\models_7x7\checkpoints\cycle_0162.pt,runs\models_7x7\checkpoints\cycle_0152.pt,runs\models_7x7\checkpoints\cycle_0152.pt,runs\models_7x7\checkpoints\cycle_0162.pt,p2_win,1.0,50
513,runs\models_7x7\checkpoints\cycle_0162.pt,runs\models_7x7\checkpoints\cycle_0152.pt,runs\models_7x7\checkpoints\cycle_0152.pt,runs\models_7x7\checkpoints\cycle_0162.pt,p1_win,0.0,55
514,runs\models_7x7\checkpoints\cycle_0162.pt,runs\models_7x7\checkpoints\cycle_0152.pt,runs\models_7x7\checkpoints\cycle_0162.pt,runs\models_7x7\checkpoints\cycle_0152.pt,p1_win,1.0,53
515,runs\models_7x7\checkpoints\cycle_0162.pt,runs\models_7x7\checkpoints\cycle_0152.pt,runs\models_7x7\checkpoints\cycle_0162.pt,runs\models_7x7\checkpoints\cycle_0152.pt,p1_win,1.0,53
516,runs\models_7x7\checkpoints\cycle_0162.pt,runs\models_7x7\checkpoints\cycle_0152.pt,runs\models_7x7\checkpoints\cycle_0152.pt,runs\models_7x7\checkpoints\cycle_0162.pt,p1_win,0.0,51
517,runs\models_7x7\checkpoints\cycle_0162.pt,runs\models_7x7\checkpoints\cycle_0152.pt,runs\models_7x7\checkpoints\cycle_0162.pt,runs\models_7x7\checkpoints\cycle_0152.pt,p2_win,0.0,58
518,runs\models_7x7\checkpoints\cycle_0162.pt,runs\models_7x7\checkpoints\cycle_0152.pt,runs\models_7x7\checkpoints\cycle_0162.pt,runs\models_7x7\checkpoints\cycle_0152.pt,p2_win,0.0,52
519,runs\models_7x7\checkpoints\cycle_0162.pt,runs\models_7x7\checkpoints\cycle_0152.pt,runs\models_7x7\checkpoints\cycle_0162.pt,runs\models_7x7\checkpoints\cycle_0152.pt,p1_win,1.0,57
520,runs\models_7x7\checkpoints\cycle_0162.pt,runs\models_7x7\checkpoints\cycle_0152.pt,runs\models_7x7\checkpoints\cycle_0162.pt,runs\models_7x7\checkpoints\cycle_0152.pt,p1_win,1.0,55
521,runs\models_7x7\checkpoints\cycle_0162.pt,runs\models_7x7\checkpoints\cycle_0152.pt,runs\models_7x7\checkpoints\cycle_0162.pt,runs\models_7x7\checkpoints\cycle_0152.pt,p1_win,1.0,63
522,runs\models_7x7\checkpoints\cycle_0162.pt,runs\models_7x7\checkpoints\cycle_0152.pt,runs\models_7x7\checkpoints\cycle_0162.pt,runs\models_7x7\checkpoints\cycle_0152.pt,p2_win,0.0,52
523,runs\models_7x7\checkpoints\cycle_0162.pt,runs\models_7x7\checkpoints\cycle_0152.pt,runs\models_7x7\checkpoints\cycle_0152.pt,runs\models_7x7\checkpoints\cycle_0162.pt,p2_win,1.0,66
524,runs\models_7x7\checkpoints\cycle_0162.pt,runs\models_7x7\checkpoints\cycle_0152.pt,runs\models_7x7\checkpoints\cycle_0152.pt,runs\models_7x7\checkpoints\cycle_0162.pt,p2_win,1.0,48
525,runs\models_7x7\checkpoints\cycle_0162.pt,runs\models_7x7\checkpoints\cycle_0152.pt,runs\models_7x7\checkpoints\cycle_0162.pt,runs\models_7x7\checkpoints\cycle_0152.pt,p1_win,1.0,49
526,runs\models_7x7\checkpoints\cycle_0162.pt,runs\models_7x7\checkpoints\cycle_0152.pt,runs\models_7x7\checkpoints\cycle_0162.pt,runs\models_7x7\checkpoints\cycle_0152.pt,p2_win,0.0,50
527,runs\models_7x7\checkpoints\cycle_0162.pt,runs\models_7x7\checkpoints\cycle_0152.pt,runs\models_7x7\checkpoints\cycle_0162.pt,runs\models_7x7\checkpoints\cycle_0152.pt,p2_win,0.0,62
528,runs\models_7x7\checkpoints\cycle_0162.pt,runs\models_7x7\checkpoints\cycle_0152.pt,runs\models_7x7\checkpoints\cycle_0152.pt,runs\models_7x7\checkpoints\cycle_0162.pt,p1_win,0.0,59
529,runs\models_7x7\checkpoints\cycle_0162.pt,runs\models_7x7\checkpoints\cycle_0152.pt,runs\models_7x7\checkpoints\cycle_0152.pt,runs\models_7x7\checkpoints\cycle_0162.pt,p2_win,1.0,52
530,runs\models_7x7\checkpoints\cycle_0162.pt,runs\models_7x7\checkpoints\cycle_0152.pt,runs\models_7x7\checkpoints\cycle_0152.pt,runs\models_7x7\checkpoints\cycle_0162.pt,p2_win,1.0,50
531,runs\models_7x7\checkpoints\cycle_0162.pt,runs\models_7x7\checkpoints\cycle_0152.pt,runs\models_7x7\checkpoints\cycle_0162.pt,runs\models_7x7\checkpoints\cycle_0152.pt,p1_win,1.0,53
532,runs\models_7x7\checkpoints\cycle_0162.pt,runs\models_7x7\checkpoints\cycle_0152.pt,runs\models_7x7\checkpoints\cycle_0152.pt,runs\models_7x7\checkpoints\cycle_0162.pt,p2_win,1.0,50
533,runs\models_7x7\checkpoints\cycle_0162.pt,runs\models_7x7\checkpoints\cycle_0152.pt,runs\models_7x7\checkpoints\cycle_0162.pt,runs\models_7x7\checkpoints\cycle_0152.pt,p1_win,1.0,53
534,runs\models_7x7\checkpoints\cycle_0162.pt,runs\models_7x7\checkpoints\cycle_0152.pt,runs\models_7x7\checkpoints\cycle_0152.pt,runs\models_7x7\checkpoints\cycle_0162.pt,p2_win,1.0,54
535,runs\models_7x7\checkpoints\cycle_0162.pt,runs\models_7x7\checkpoints\cycle_0152.pt,runs\models_7x7\checkpoints\cycle_0162.pt,runs\models_7x7\checkpoints\cycle_0152.pt,p1_win,1.0,51
536,runs\models_7x7\checkpoints\cycle_0162.pt,runs\models_7x7\checkpoints\cycle_0152.pt,runs\models_7x7\checkpoints\cycle_0162.pt,runs\models_7x7\checkpoints\cycle_0152.pt,p2_win,0.0,54
537,runs\models_7x7\checkpoints\cycle_0162.pt,runs\models_7x7\checkpoints\cycle_0152.pt,runs\models_7x7\checkpoints\cycle_0162.pt,runs\models_7x7\checkpoints\cycle_0152.pt,p2_win,0.0,66
538,runs\models_7x7\checkpoints\cycle_0162.pt,runs\models_7x7\checkpoints\cycle_0152.pt,runs\models_7x7\checkpoints\cycle_0162.pt,runs\models_7x7\checkpoints\cycle_0152.pt,p1_win,1.0,59
539,runs\models_7x7\checkpoints\cycle_0162.pt,runs\models_7x7\checkpoints\cycle_0152.pt,runs\models_7x7\checkpoints\cycle_0152.pt,runs\models_7x7\checkpoints\cycle_0162.pt,p2_win,1.0,52
540,runs\models_7x7\checkpoints\cycle_0162.pt,runs\models_7x7\checkpoints\cycle_0152.pt,runs\models_7x7\checkpoints\cycle_0162.pt,runs\models_7x7\checkpoints\cycle_0152.pt,p1_win,1.0,49
541,runs\models_7x7\checkpoints\cycle_0162.pt,runs\models_7x7\checkpoints\cycle_0152.pt,runs\models_7x7\checkpoints\cycle_0162.pt,runs\models_7x7\checkpoints\cycle_0152.pt,p2_win,0.0,50
542,runs\models_7x7\checkpoints\cycle_0162.pt,runs\models_7x7\checkpoints\cycle_0152.pt,runs\models_7x7\checkpoints\cycle_0162.pt,runs\models_7x7\checkpoints\cycle_0152.pt,p2_win,0.0,60
543,runs\models_7x7\checkpoints\cycle_0162.pt,runs\models_7x7\checkpoints\cycle_0152.pt,runs\models_7x7\checkpoints\cycle_0152.pt,runs\models_7x7\checkpoints\cycle_0162.pt,p2_win,1.0,52
544,runs\models_7x7\checkpoints\cycle_0162.pt,runs\models_7x7\checkpoints\cycle_0152.pt,runs\models_7x7\checkpoints\cycle_0152.pt,runs\models_7x7\checkpoints\cycle_0162.pt,p2_win,1.0,68
545,runs\models_7x7\checkpoints\cycle_0162.pt,runs\models_7x7\checkpoints\cycle_0152.pt,runs\models_7x7\checkpoints\cycle_0162.pt,runs\models_7x7\checkpoints\cycle_0152.pt,p2_win,0.0,62
546,runs\models_7x7\checkpoints\cycle_0162.pt,runs\models_7x7\checkpoints\cycle_0152.pt,runs\models_7x7\checkpoints\cycle_0152.pt,runs\models_7x7\checkpoints\cycle_0162.pt,p1_win,0.0,51
547,runs\models_7x7\checkpoints\cycle_0162.pt,runs\models_7x7\checkpoints\cycle_0152.pt,runs\models_7x7\checkpoints\cycle_0152.pt,runs\models_7x7\checkpoints\cycle_0162.pt,p1_win,0.0,53
548,runs\models_7x7\checkpoints\cycle_0162.pt,runs\models_7x7\checkpoints\cycle_0152.pt,runs\models_7x7\checkpoints\cycle_0162.pt,runs\models_7x7\checkpoints\cycle_0152.pt,p1_win,1.0,53
549,runs\models_7x7\checkpoints\cycle_0162.pt,runs\models_7x7\checkpoints\cycle_0152.pt,runs\models_7x7\checkpoints\cycle_0162.pt,runs\models_7x7\checkpoints\cycle_0152.pt,p1_win,1.0,55
550,runs\models_7x7\checkpoints\cycle_0162.pt,runs\models_7x7\checkpoints\cycle_0152.pt,runs\models_7x7\checkpoints\cycle_0162.pt,runs\models_7x7\checkpoints\cycle_0152.pt,p1_win,1.0,49
551,runs\models_7x7\checkpoints\cycle_0162.pt,runs\models_7x7\checkpoints\cycle_0152.pt,runs\models_7x7\checkpoints\cycle_0162.pt,runs\models_7x7\checkpoints\cycle_0152.pt,p2_win,0.0,58
552,runs\models_7x7\checkpoints\cycle_0162.pt,runs\models_7x7\checkpoints\cycle_0152.pt,runs\models_7x7\checkpoints\cycle_0152.pt,runs\models_7x7\checkpoints\cycle_0162.pt,p2_win,1.0,66
553,runs\models_7x7\checkpoints\cycle_0162.pt,runs\models_7x7\checkpoints\cycle_0152.pt,runs\models_7x7\checkpoints\cycle_0152.pt,runs\models_7x7\checkpoints\cycle_0162.pt,p2_win,1.0,50
554,runs\models_7x7\checkpoints\cycle_0162.pt,runs\models_7x7\checkpoints\cycle_0152.pt,runs\models_7x7\checkpoints\cycle_0162.pt,runs\models_7x7\checkpoints\cycle_0152.pt,p1_win,1.0,51
555,runs\models_7x7\checkpoints\cycle_0162.pt,runs\models_7x7\checkpoints\cycle_0152.pt,runs\models_7x7\checkpoints\cycle_0162.pt,runs\models_7x7\checkpoints\cycle_0152.pt,p2_win,0.0,50
556,runs\models_7x7\checkpoints\cycle_0162.pt,runs\models_7x7\checkpoints\cycle_0152.pt,runs\models_7x7\checkpoints\cycle_0162.pt,runs\models_7x7\checkpoints\cycle_0152.pt,p2_win,0.0,54
557,runs\models_7x7\checkpoints\cycle_0162.pt,runs\models_7x7\checkpoints\cycle_0152.pt,runs\models_7x7\checkpoints\cycle_0162.pt,runs\models_7x7\checkpoints\cycle_0152.pt,p1_win,1.0,51
558,runs\models_7x7\checkpoints\cycle_0162.pt,runs\models_7x7\checkpoints\cycle_0152.pt,runs\models_7x7\checkpoints\cycle_0162.pt,runs\models_7x7\checkpoints\cycle_0152.pt,p1_win,1.0,59
559,runs\models_7x7\checkpoints\cycle_0162.pt,runs\models_7x7\checkpoints\cycle_0152.pt,runs\models_7x7\checkpoints\cycle_0162.pt,runs\models_7x7\checkpoints\cycle_0152.pt,p2_win,0.0,54
560,runs\models_7x7\checkpoints\cycle_0162.pt,runs\models_7x7\checkpoints\cycle_0152.pt,runs\models_7x7\checkpoints\cycle_0162.pt,runs\models_7x7\checkpoints\cycle_0152.pt,p1_win,1.0,63
561,runs\models_7x7\checkpoints\cycle_0162.pt,runs\models_7x7\checkpoints\cycle_0152.pt,runs\models_7x7\checkpoints\cycle_0162.pt,runs\models_7x7\checkpoints\cycle_0152.pt,p2_win,0.0,52
562,runs\models_7x7\checkpoints\cycle_0162.pt,runs\models_7x7\checkpoints\cycle_0152.pt,runs\models_7x7\checkpoints\cycle_0152.pt,runs\models_7x7\checkpoints\cycle_0162.pt,p2_win,1.0,56
563,runs\models_7x7\checkpoints\cycle_0162.pt,runs\models_7x7\checkpoints\cycle_0152.pt,runs\models_7x7\checkpoints\cycle_0152.pt,runs\models_7x7\checkpoints\cycle_0162.pt,p2_win,1.0,64
564,runs\models_7x7\checkpoints\cycle_0162.pt,runs\models_7x7\checkpoints\cycle_0152.pt,runs\models_7x7\checkpoints\cycle_0162.pt,runs\models_7x7\checkpoints\cycle_0152.pt,p1_win,1.0,49
565,runs\models_7x7\checkpoints\cycle_0162.pt,runs\models_7x7\checkpoints\cycle_0152.pt,runs\models_7x7\checkpoints\cycle_0162.pt,runs\models_7x7\checkpoints\cycle_0152.pt,p1_win,1.0,53
566,runs\models_7x7\checkpoints\cycle_0162.pt,runs\models_7x7\checkpoints\cycle_0152.pt,runs\models_7x7\checkpoints\cycle_0162.pt,runs\models_7x7\checkpoints\cycle_0152.pt,p1_win,1.0,55
567,runs\models_7x7\checkpoints\cycle_0162.pt,runs\models_7x7\checkpoints\cycle_0152.pt,runs\models_7x7\checkpoints\cycle_0152.pt,runs\models_7x7\checkpoints\cycle_0162.pt,p2_win,1.0,56
568,runs\models_7x7\checkpoints\cycle_0162.pt,runs\models_7x7\checkpoints\cycle_0152.pt,runs\models_7x7\checkpoints\cycle_0162.pt,runs\models_7x7\checkpoints\cycle_0152.pt,p1_win,1.0,53
569,runs\models_7x7\checkpoints\cycle_0162.pt,runs\models_7x7\checkpoints\cycle_0152.pt,runs\models_7x7\checkpoints\cycle_0162.pt,runs\models_7x7\checkpoints\cycle_0152.pt,p1_win,1.0,55
570,runs\models_7x7\checkpoints\cycle_0162.pt,runs\models_7x7\checkpoints\cycle_0152.pt,runs\models_7x7\checkpoints\cycle_0162.pt,runs\models_7x7\checkpoints\cycle_0152.pt,p1_win,1.0,53
571,runs\models_7x7\checkpoints\cycle_0162.pt,runs\models_7x7\checkpoints\cycle_0152.pt,runs\models_7x7\checkpoints\cycle_0152.pt,runs\models_7x7\checkpoints\cycle_0162.pt,p2_win,1.0,52
572,runs\models_7x7\checkpoints\cycle_0162.pt,runs\models_7x7\checkpoints\cycle_0152.pt,runs\models_7x7\checkpoints\cycle_0162.pt,runs\models_7x7\checkpoints\cycle_0152.pt,p1_win,1.0,59
573,runs\models_7x7\checkpoints\cycle_0162.pt,runs\models_7x7\checkpoints\cycle_0152.pt,runs\models_7x7\checkpoints\cycle_0162.pt,runs\models_7x7\checkpoints\cycle_0152.pt,p1_win,1.0,53
574,runs\models_7x7\checkpoints\cycle_0162.pt,runs\models_7x7\checkpoints\cycle_0152.pt,runs\models_7x7\checkpoints\cycle_0152.pt,runs\models_7x7\checkpoints\cycle_0162.pt,p2_win,1.0,54
575,runs\models_7x7\checkpoints\cycle_0162.pt,runs\models_7x7\checkpoints\cycle_0152.pt,runs\models_7x7\checkpoints\cycle_0162.pt,runs\models_7x7\checkpoints\cycle_0152.pt,p2_win,0.0,56
576,runs\models_7x7\checkpoints\cycle_0162.pt,runs\models_7x7\checkpoints\cycle_0152.pt,runs\models_7x7\checkpoints\cycle_0152.pt,runs\models_7x7\checkpoints\cycle_0162.pt,p2_win,1.0,52
577,runs\models_7x7\checkpoints\cycle_0162.pt,runs\models_7x7\checkpoints\cycle_0152.pt,runs\models_7x7\checkpoints\cycle_0162.pt,runs\models_7x7\checkpoints\cycle_0152.pt,p2_win,0.0,54
578,runs\models_7x7\checkpoints\cycle_0162.pt,runs\models_7x7\checkpoints\cycle_0152.pt,runs\models_7x7\checkpoints\cycle_0152.pt,runs\models_7x7\checkpoints\cycle_0162.pt,p2_win,1.0,50
579,runs\models_7x7\checkpoints\cycle_0162.pt,runs\models_7x7\checkpoints\cycle_0152.pt,runs\models_7x7\checkpoints\cycle_0162.pt,runs\models_7x7\checkpoints\cycle_0152.pt,p1_win,1.0,55
580,runs\models_7x7\checkpoints\cycle_0162.pt,runs\models_7x7\checkpoints\cycle_0152.pt,runs\models_7x7\checkpoints\cycle_0152.pt,runs\models_7x7\checkpoints\cycle_0162.pt,p2_win,1.0,52
581,runs\models_7x7\checkpoints\cycle_0162.pt,runs\models_7x7\checkpoints\cycle_0152.pt,runs\models_7x7\checkpoints\cycle_0152.pt,runs\models_7x7\checkpoints\cycle_0162.pt,p2_win,1.0,54
582,runs\models_7x7\checkpoints\cycle_0162.pt,runs\models_7x7\checkpoints\cycle_0152.pt,runs\models_7x7\checkpoints\cycle_0162.pt,runs\models_7x7\checkpoints\cycle_0152.pt,p1_win,1.0,55
583,runs\models_7x7\checkpoints\cycle_0162.pt,runs\models_7x7\checkpoints\cycle_0152.pt,runs\models_7x7\checkpoints\cycle_0162.pt,runs\models_7x7\checkpoints\cycle_0152.pt,p1_win,1.0,57
584,runs\models_7x7\checkpoints\cycle_0162.pt,runs\models_7x7\checkpoints\cycle_0152.pt,runs\models_7x7\checkpoints\cycle_0162.pt,runs\models_7x7\checkpoints\cycle_0152.pt,p1_win,1.0,51
585,runs\models_7x7\checkpoints\cycle_0162.pt,runs\models_7x7\checkpoints\cycle_0152.pt,runs\models_7x7\checkpoints\cycle_0152.pt,runs\models_7x7\checkpoints\cycle_0162.pt,p2_win,1.0,52
586,runs\models_7x7\checkpoints\cycle_0162.pt,runs\models_7x7\checkpoints\cycle_0152.pt,runs\models_7x7\checkpoints\cycle_0162.pt,runs\models_7x7\checkpoints\cycle_0152.pt,p1_win,1.0,63
587,runs\models_7x7\checkpoints\cycle_0162.pt,runs\models_7x7\checkpoints\cycle_0152.pt,runs\models_7x7\checkpoints\cycle_0162.pt,runs\models_7x7\checkpoints\cycle_0152.pt,p2_win,0.0,54
588,runs\models_7x7\checkpoints\cycle_0162.pt,runs\models_7x7\checkpoints\cycle_0152.pt,runs\models_7x7\checkpoints\cycle_0152.pt,runs\models_7x7\checkpoints\cycle_0162.pt,p2_win,1.0,52
589,runs\models_7x7\checkpoints\cycle_0162.pt,runs\models_7x7\checkpoints\cycle_0152.pt,runs\models_7x7\checkpoints\cycle_0162.pt,runs\models_7x7\checkpoints\cycle_0152.pt,p2_win,0.0,54
590,runs\models_7x7\checkpoints\cycle_0162.pt,runs\models_7x7\checkpoints\cycle_0152.pt,runs\models_7x7\checkpoints\cycle_0152.pt,runs\models_7x7\checkpoints\cycle_0162.pt,p2_win,1.0,52
591,runs\models_7x7\checkpoints\cycle_0162.pt,runs\models_7x7\checkpoints\cycle_0152.pt,runs\models_7x7\checkpoints\cycle_0152.pt,runs\models_7x7\checkpoints\cycle_0162.pt,p2_win,1.0,54
592,runs\models_7x7\checkpoints\cycle_0162.pt,runs\models_7x7\checkpoints\cycle_0152.pt,runs\models_7x7\checkpoints\cycle_0162.pt,runs\models_7x7\checkpoints\cycle_0152.pt,p1_win,1.0,61
593,runs\models_7x7\checkpoints\cycle_0162.pt,runs\models_7x7\checkpoints\cycle_0152.pt,runs\models_7x7\checkpoints\cycle_0162.pt,runs\models_7x7\checkpoints\cycle_0152.pt,p2_win,0.0,62
594,runs\models_7x7\checkpoints\cycle_0162.pt,runs\models_7x7\checkpoints\cycle_0152.pt,runs\models_7x7\checkpoints\cycle_0152.pt,runs\models_7x7\checkpoints\cycle_0162.pt,p2_win,1.0,54
595,runs\models_7x7\checkpoints\cycle_0162.pt,runs\models_7x7\checkpoints\cycle_0152.pt,runs\models_7x7\checkpoints\cycle_0152.pt,runs\models_7x7\checkpoints\cycle_0162.pt,p2_win,1.0,56
596,runs\models_7x7\checkpoints\cycle_0162.pt,runs\models_7x7\checkpoints\cycle_0152.pt,runs\models_7x7\checkpoints\cycle_0152.pt,runs\models_7x7\checkpoints\cycle_0162.pt,p2_win,1.0,52
597,runs\models_7x7\checkpoints\cycle_0162.pt,runs\models_7x7\checkpoints\cycle_0152.pt,runs\models_7x7\checkpoints\cycle_0152.pt,runs\models_7x7\checkpoints\cycle_0162.pt,p2_win,1.0,50
598,runs\models_7x7\checkpoints\cycle_0162.pt,runs\models_7x7\checkpoints\cycle_0152.pt,runs\models_7x7\checkpoints\cycle_0152.pt,runs\models_7x7\checkpoints\cycle_0162.pt,p2_win,1.0,60
599,runs\models_7x7\checkpoints\cycle_0162.pt,runs\models_7x7\checkpoints\cycle_0152.pt,runs\models_7x7\checkpoints\cycle_0162.pt,runs\models_7x7\checkpoints\cycle_0152.pt,p2_win,0.0,58
600,runs\models_7x7\checkpoints\cycle_0162.pt,runs\models_7x7\checkpoints\cycle_0152.pt,runs\models_7x7\checkpoints\cycle_0162.pt,runs\models_7x7\checkpoints\cycle_0152.pt,p1_win,1.0,55
601,runs\models_7x7\checkpoints\cycle_0162.pt,runs\models_7x7\checkpoints\cycle_0152.pt,runs\models_7x7\checkpoints\cycle_0162.pt,runs\models_7x7\checkpoints\cycle_0152.pt,p2_win,0.0,54
602,runs\models_7x7\checkpoints\cycle_0162.pt,runs\models_7x7\checkpoints\cycle_0152.pt,runs\models_7x7\checkpoints\cycle_0162.pt,runs\models_7x7\checkpoints\cycle_0152.pt,p1_win,1.0,53
603,runs\models_7x7\checkpoints\cycle_0162.pt,runs\models_7x7\checkpoints\cycle_0152.pt,runs\models_7x7\checkpoints\cycle_0162.pt,runs\models_7x7\checkpoints\cycle_0152.pt,p1_win,1.0,59
604,runs\models_7x7\checkpoints\cycle_0162.pt,runs\models_7x7\checkpoints\cycle_0152.pt,runs\models_7x7\checkpoints\cycle_0152.pt,runs\models_7x7\checkpoints\cycle_0162.pt,p2_win,1.0,58
605,runs\models_7x7\checkpoints\cycle_0162.pt,runs\models_7x7\checkpoints\cycle_0152.pt,runs\models_7x7\checkpoints\cycle_0162.pt,runs\models_7x7\checkpoints\cycle_0152.pt,p1_win,1.0,51
606,runs\models_7x7\checkpoints\cycle_0162.pt,runs\models_7x7\checkpoints\cycle_0152.pt,runs\models_7x7\checkpoints\cycle_0162.pt,runs\models_7x7\checkpoints\cycle_0152.pt,p2_win,0.0,58
607,runs\models_7x7\checkpoints\cycle_0162.pt,runs\models_7x7\checkpoints\cycle_0152.pt,runs\models_7x7\checkpoints\cycle_0152.pt,runs\models_7x7\checkpoints\cycle_0162.pt,p2_win,1.0,58
608,runs\models_7x7\checkpoints\cycle_0162.pt,runs\models_7x7\checkpoints\cycle_0152.pt,runs\models_7x7\checkpoints\cycle_0152.pt,runs\models_7x7\checkpoints\cycle_0162.pt,p2_win,1.0,54
609,runs\models_7x7\checkpoints\cycle_0162.pt,runs\models_7x7\checkpoints\cycle_0152.pt,runs\models_7x7\checkpoints\cycle_0162.pt,runs\models_7x7\checkpoints\cycle_0152.pt,p2_win,0.0,60
610,runs\models_7x7\checkpoints\cycle_0162.pt,runs\models_7x7\checkpoints\cycle_0152.pt,runs\models_7x7\checkpoints\cycle_0162.pt,runs\models_7x7\checkpoints\cycle_0152.pt,p1_win,1.0,57
611,runs\models_7x7\checkpoints\cycle_0162.pt,runs\models_7x7\checkpoints\cycle_0152.pt,runs\models_7x7\checkpoints\cycle_0152.pt,runs\models_7x7\checkpoints\cycle_0162.pt,p1_win,0.0,51
612,runs\models_7x7\checkpoints\cycle_0162.pt,runs\models_7x7\checkpoints\cycle_0152.pt,runs\models_7x7\checkpoints\cycle_0152.pt,runs\models_7x7\checkpoints\cycle_0162.pt,p2_win,1.0,56
613,runs\models_7x7\checkpoints\cycle_0162.pt,runs\models_7x7\checkpoints\cycle_0152.pt,runs\models_7x7\checkpoints\cycle_0162.pt,runs\models_7x7\checkpoints\cycle_0152.pt,p2_win,0.0,56
614,runs\models_7x7\checkpoints\cycle_0162.pt,runs\models_7x7\checkpoints\cycle_0152.pt,runs\models_7x7\checkpoints\cycle_0152.pt,runs\models_7x7\checkpoints\cycle_0162.pt,p2_win,1.0,60
615,runs\models_7x7\checkpoints\cycle_0162.pt,runs\models_7x7\checkpoints\cycle_0152.pt,runs\models_7x7\checkpoints\cycle_0152.pt,runs\models_7x7\checkpoints\cycle_0162.pt,p1_win,0.0,59
616,runs\models_7x7\checkpoints\cycle_0162.pt,runs\models_7x7\checkpoints\cycle_0152.pt,runs\models_7x7\checkpoints\cycle_0152.pt,runs\models_7x7\checkpoints\cycle_0162.pt,p1_win,0.0,53
617,runs\models_7x7\checkpoints\cycle_0162.pt,runs\models_7x7\checkpoints\cycle_0152.pt,runs\models_7x7\checkpoints\cycle_0152.pt,runs\models_7x7\checkpoints\cycle_0162.pt,p1_win,0.0,55
618,runs\models_7x7\checkpoints\cycle_0162.pt,runs\models_7x7\checkpoints\cycle_0152.pt,runs\models_7x7\checkpoints\cycle_0162.pt,runs\models_7x7\checkpoints\cycle_0152.pt,p2_win,0.0,54
619,runs\models_7x7\checkpoints\cycle_0162.pt,runs\models_7x7\checkpoints\cycle_0152.pt,runs\models_7x7\checkpoints\cycle_0162.pt,runs\models_7x7\checkpoints\cycle_0152.pt,p1_win,1.0,53
620,runs\models_7x7\checkpoints\cycle_0162.pt,runs\models_7x7\checkpoints\cycle_0152.pt,runs\models_7x7\checkpoints\cycle_0162.pt,runs\models_7x7\checkpoints\cycle_0152.pt,draw,0.5,55
621,runs\models_7x7\checkpoints\cycle_0162.pt,runs\models_7x7\checkpoints\cycle_0152.pt,runs\models_7x7\checkpoints\cycle_0162.pt,runs\models_7x7\checkpoints\cycle_0152.pt,p2_win,0.0,56
622,runs\models_7x7\checkpoints\cycle_0162.pt,runs\models_7x7\checkpoints\cycle_0152.pt,runs\models_7x7\checkpoints\cycle_0162.pt,runs\models_7x7\checkpoints\cycle_0152.pt,p1_win,1.0,57
623,runs\models_7x7\checkpoints\cycle_0162.pt,runs\models_7x7\checkpoints\cycle_0152.pt,runs\models_7x7\checkpoints\cycle_0152.pt,runs\models_7x7\checkpoints\cycle_0162.pt,p2_win,1.0,54
624,runs\models_7x7\checkpoints\cycle_0162.pt,runs\models_7x7\checkpoints\cycle_0152.pt,runs\models_7x7\checkpoints\cycle_0162.pt,runs\models_7x7\checkpoints\cycle_0152.pt,p1_win,1.0,61
625,runs\models_7x7\checkpoints\cycle_0162.pt,runs\models_7x7\checkpoints\cycle_0152.pt,runs\models_7x7\checkpoints\cycle_0162.pt,runs\models_7x7\checkpoints\cycle_0152.pt,p2_win,0.0,52
626,runs\models_7x7\checkpoints\cycle_0162.pt,runs\models_7x7\checkpoints\cycle_0152.pt,runs\models_7x7\checkpoints\cycle_0162.pt,runs\models_7x7\checkpoints\cycle_0152.pt,p1_win,1.0,53
627,runs\models_7x7\checkpoints\cycle_0162.pt,runs\models_7x7\checkpoints\cycle_0152.pt,runs\models_7x7\checkpoints\cycle_0162.pt,runs\models_7x7\checkpoints\cycle_0152.pt,p1_win,1.0,57
628,runs\models_7x7\checkpoints\cycle_0162.pt,runs\models_7x7\checkpoints\cycle_0152.pt,runs\models_7x7\checkpoints\cycle_0152.pt,runs\models_7x7\checkpoints\cycle_0162.pt,p1_win,0.0,63
629,runs\models_7x7\checkpoints\cycle_0162.pt,runs\models_7x7\checkpoints\cycle_0152.pt,runs\models_7x7\checkpoints\cycle_0152.pt,runs\models_7x7\checkpoints\cycle_0162.pt,p1_win,0.0,53
630,runs\models_7x7\checkpoints\cycle_0162.pt,runs\models_7x7\checkpoints\cycle_0152.pt,runs\models_7x7\checkpoints\cycle_0162.pt,runs\models_7x7\checkpoints\cycle_0152.pt,p2_win,0.0,54
631,runs\models_7x7\checkpoints\cycle_0162.pt,runs\models_7x7\checkpoints\cycle_0152.pt,runs\models_7x7\checkpoints\cycle_0162.pt,runs\models_7x7\checkpoints\cycle_0152.pt,p2_win,0.0,54
632,runs\models_7x7\checkpoints\cycle_0162.pt,runs\models_7x7\checkpoints\cycle_0152.pt,runs\models_7x7\checkpoints\cycle_0162.pt,runs\models_7x7\checkpoints\cycle_0152.pt,p1_win,1.0,57
633,runs\models_7x7\checkpoints\cycle_0162.pt,runs\models_7x7\checkpoints\cycle_0152.pt,runs\models_7x7\checkpoints\cycle_0152.pt,runs\models_7x7\checkpoints\cycle_0162.pt,p2_win,1.0,54
634,runs\models_7x7\checkpoints\cycle_0162.pt,runs\models_7x7\checkpoints\cycle_0152.pt,runs\models_7x7\checkpoints\cycle_0152.pt,runs\models_7x7\checkpoints\cycle_0162.pt,p2_win,1.0,54
635,runs\models_7x7\checkpoints\cycle_0162.pt,runs\models_7x7\checkpoints\cycle_0152.pt,runs\models_7x7\checkpoints\cycle_0162.pt,runs\models_7x7\checkpoints\cycle_0152.pt,p1_win,1.0,59
636,runs\models_7x7\checkpoints\cycle_0162.pt,runs\models_7x7\checkpoints\cycle_0152.pt,runs\models_7x7\checkpoints\cycle_0152.pt,runs\models_7x7\checkpoints\cycle_0162.pt,p2_win,1.0,52
637,runs\models_7x7\checkpoints\cycle_0162.pt,runs\models_7x7\checkpoints\cycle_0152.pt,runs\models_7x7\checkpoints\cycle_0152.pt,runs\models_7x7\checkpoints\cycle_0162.pt,p2_win,1.0,54
638,runs\models_7x7\checkpoints\cycle_0162.pt,runs\models_7x7\checkpoints\cycle_0152.pt,runs\models_7x7\checkpoints\cycle_0152.pt,runs\models_7x7\checkpoints\cycle_0162.pt,p2_win,1.0,54
639,runs\models_7x7\checkpoints\cycle_0162.pt,runs\models_7x7\checkpoints\cycle_0152.pt,runs\models_7x7\checkpoints\cycle_0162.pt,runs\models_7x7\checkpoints\cycle_0152.pt,p1_win,1.0,63
640,runs\models_7x7\checkpoints\cycle_0162.pt,runs\models_7x7\checkpoints\cycle_0152.pt,runs\models_7x7\checkpoints\cycle_0152.pt,runs\models_7x7\checkpoints\cycle_0162.pt,p2_win,1.0,56
641,runs\models_7x7\checkpoints\cycle_0162.pt,runs\models_7x7\checkpoints\cycle_0152.pt,runs\models_7x7\checkpoints\cycle_0162.pt,runs\models_7x7\checkpoints\cycle_0152.pt,p1_win,1.0,53
642,runs\models_7x7\checkpoints\cycle_0162.pt,runs\models_7x7\checkpoints\cycle_0152.pt,runs\models_7x7\checkpoints\cycle_0162.pt,runs\models_7x7\checkpoints\cycle_0152.pt,p1_win,1.0,57
643,runs\models_7x7\checkpoints\cycle_0162.pt,runs\models_7x7\checkpoints\cycle_0152.pt,runs\models_7x7\checkpoints\cycle_0152.pt,runs\models_7x7\checkpoints\cycle_0162.pt,p2_win,1.0,60
644,runs\models_7x7\checkpoints\cycle_0162.pt,runs\models_7x7\checkpoints\cycle_0152.pt,runs\models_7x7\checkpoints\cycle_0152.pt,runs\models_7x7\checkpoints\cycle_0162.pt,p1_win,0.0,55
645,runs\models_7x7\checkpoints\cycle_0162.pt,runs\models_7x7\checkpoints\cycle_0152.pt,runs\models_7x7\checkpoints\cycle_0152.pt,runs\models_7x7\checkpoints\cycle_0162.pt,p2_win,1.0,58
646,runs\models_7x7\checkpoints\cycle_0162.pt,runs\models_7x7\checkpoints\cycle_0152.pt,runs\models_7x7\checkpoints\cycle_0162.pt,runs\models_7x7\checkpoints\cycle_0152.pt,p2_win,0.0,58
647,runs\models_7x7\checkpoints\cycle_0162.pt,runs\models_7x7\checkpoints\cycle_0152.pt,runs\models_7x7\checkpoints\cycle_0162.pt,runs\models_7x7\checkpoints\cycle_0152.pt,p1_win,1.0,59
648,runs\models_7x7\checkpoints\cycle_0162.pt,runs\models_7x7\checkpoints\cycle_0152.pt,runs\models_7x7\checkpoints\cycle_0162.pt,runs\models_7x7\checkpoints\cycle_0152.pt,p2_win,0.0,66
649,runs\models_7x7\checkpoints\cycle_0162.pt,runs\models_7x7\checkpoints\cycle_0152.pt,runs\models_7x7\checkpoints\cycle_0152.pt,runs\models_7x7\checkpoints\cycle_0162.pt,p2_win,1.0,64
650,runs\models_7x7\checkpoints\cycle_0162.pt,runs\models_7x7\checkpoints\cycle_0152.pt,runs\models_7x7\checkpoints\cycle_0162.pt,runs\models_7x7\checkpoints\cycle_0152.pt,p1_win,1.0,53
651,runs\models_7x7\checkpoints\cycle_0162.pt,runs\models_7x7\checkpoints\cycle_0152.pt,runs\models_7x7\checkpoints\cycle_0162.pt,runs\models_7x7\checkpoints\cycle_0152.pt,p2_win,0.0,54
652,runs\models_7x7\checkpoints\cycle_0162.pt,runs\models_7x7\checkpoints\cycle_0152.pt,runs\models_7x7\checkpoints\cycle_0152.pt,runs\models_7x7\checkpoints\cycle_0162.pt,p2_win,1.0,58
653,runs\models_7x7\checkpoints\cycle_0162.pt,runs\models_7x7\checkpoints\cycle_0152.pt,runs\models_7x7\checkpoints\cycle_0162.pt,runs\models_7x7\checkpoints\cycle_0152.pt,p1_win,1.0,55
654,runs\models_7x7\checkpoints\cycle_0162.pt,runs\models_7x7\checkpoints\cycle_0152.pt,runs\models_7x7\checkpoints\cycle_0152.pt,runs\models_7x7\checkpoints\cycle_0162.pt,p2_win,1.0,52
655,runs\models_7x7\checkpoints\cycle_0162.pt,runs\models_7x7\checkpoints\cycle_0152.pt,runs\models_7x7\checkpoints\cycle_0162.pt,runs\models_7x7\checkpoints\cycle_0152.pt,p1_win,1.0,55
656,runs\models_7x7\checkpoints\cycle_0162.pt,runs\models_7x7\checkpoints\cycle_0152.pt,runs\models_7x7\checkpoints\cycle_0162.pt,runs\models_7x7\checkpoints\cycle_0152.pt,p2_win,0.0,56
657,runs\models_7x7\checkpoints\cycle_0162.pt,runs\models_7x7\checkpoints\cycle_0152.pt,runs\models_7x7\checkpoints\cycle_0162.pt,runs\models_7x7\checkpoints\cycle_0152.pt,p2_win,0.0,60
658,runs\models_7x7\checkpoints\cycle_0162.pt,runs\models_7x7\checkpoints\cycle_0152.pt,runs\models_7x7\checkpoints\cycle_0162.pt,runs\models_7x7\checkpoints\cycle_0152.pt,p1_win,1.0,53
659,runs\models_7x7\checkpoints\cycle_0162.pt,runs\models_7x7\checkpoints\cycle_0152.pt,runs\models_7x7\checkpoints\cycle_0162.pt,runs\models_7x7\checkpoints\cycle_0152.pt,p1_win,1.0,55
660,runs\models_7x7\checkpoints\cycle_0162.pt,runs\models_7x7\checkpoints\cycle_0152.pt,runs\models_7x7\checkpoints\cycle_0162.pt,runs\models_7x7\checkpoints\cycle_0152.pt,p1_win,1.0,57
661,runs\models_7x7\checkpoints\cycle_0162.pt,runs\models_7x7\checkpoints\cycle_0152.pt,runs\models_7x7\checkpoints\cycle_0152.pt,runs\models_7x7\checkpoints\cycle_0162.pt,p2_win,1.0,64
662,runs\models_7x7\checkpoints\cycle_0162.pt,runs\models_7x7\checkpoints\cycle_0152.pt,runs\models_7x7\checkpoints\cycle_0162.pt,runs\models_7x7\checkpoints\cycle_0152.pt,p1_win,1.0,55
663,runs\models_7x7\checkpoints\cycle_0162.pt,runs\models_7x7\checkpoints\cycle_0152.pt,runs\models_7x7\checkpoints\cycle_0152.pt,runs\models_7x7\checkpoints\cycle_0162.pt,p2_win,1.0,60
664,runs\models_7x7\checkpoints\cycle_0162.pt,runs\models_7x7\checkpoints\cycle_0152.pt,runs\models_7x7\checkpoints\cycle_0152.pt,runs\models_7x7\checkpoints\cycle_0162.pt,p1_win,0.0,63
665,runs\models_7x7\checkpoints\cycle_0162.pt,runs\models_7x7\checkpoints\cycle_0152.pt,runs\models_7x7\checkpoints\cycle_0162.pt,runs\models_7x7\checkpoints\cycle_0152.pt,p1_win,1.0,59
666,runs\models_7x7\checkpoints\cycle_0162.pt,runs\models_7x7\checkpoints\cycle_0152.pt,runs\models_7x7\checkpoints\cycle_0162.pt,runs\models_7x7\checkpoints\cycle_0152.pt,p1_win,1.0,61
667,runs\models_7x7\checkpoints\cycle_0162.pt,runs\models_7x7\checkpoints\cycle_0152.pt,runs\models_7x7\checkpoints\cycle_0152.pt,runs\models_7x7\checkpoints\cycle_0162.pt,p2_win,1.0,58
668,runs\models_7x7\checkpoints\cycle_0162.pt,runs\models_7x7\checkpoints\cycle_0152.pt,runs\models_7x7\checkpoints\cycle_0152.pt,runs\models_7x7\checkpoints\cycle_0162.pt,p2_win,1.0,54
669,runs\models_7x7\checkpoints\cycle_0162.pt,runs\models_7x7\checkpoints\cycle_0152.pt,runs\models_7x7\checkpoints\cycle_0162.pt,runs\models_7x7\checkpoints\cycle_0152.pt,p1_win,1.0,53
670,runs\models_7x7\checkpoints\cycle_0162.pt,runs\models_7x7\checkpoints\cycle_0152.pt,runs\models_7x7\checkpoints\cycle_0162.pt,runs\models_7x7\checkpoints\cycle_0152.pt,p2_win,0.0,56
671,runs\models_7x7\checkpoints\cycle_0162.pt,runs\models_7x7\checkpoints\cycle_0152.pt,runs\models_7x7\checkpoints\cycle_0152.pt,runs\models_7x7\checkpoints\cycle_0162.pt,p2_win,1.0,56
672,runs\models_7x7\checkpoints\cycle_0162.pt,runs\models_7x7\checkpoints\cycle_0152.pt,runs\models_7x7\checkpoints\cycle_0162.pt,runs\models_7x7\checkpoints\cycle_0152.pt,p2_win,0.0,70
673,runs\models_7x7\checkpoints\cycle_0162.pt,runs\models_7x7\checkpoints\cycle_0152.pt,runs\models_7x7\checkpoints\cycle_0152.pt,runs\models_7x7\checkpoints\cycle_0162.pt,p2_win,1.0,54
674,runs\models_7x7\checkpoints\cycle_0162.pt,runs\models_7x7\checkpoints\cycle_0152.pt,runs\models_7x7\checkpoints\cycle_0162.pt,runs\models_7x7\checkpoints\cycle_0152.pt,p1_win,1.0,59
675,runs\models_7x7\checkpoints\cycle_0162.pt,runs\models_7x7\checkpoints\cycle_0152.pt,runs\models_7x7\checkpoints\cycle_0162.pt,runs\models_7x7\checkpoints\cycle_0152.pt,p1_win,1.0,57
676,runs\models_7x7\checkpoints\cycle_0162.pt,runs\models_7x7\checkpoints\cycle_0152.pt,runs\models_7x7\checkpoints\cycle_0162.pt,runs\models_7x7\checkpoints\cycle_0152.pt,p2_win,0.0,64
677,runs\models_7x7\checkpoints\cycle_0162.pt,runs\models_7x7\checkpoints\cycle_0152.pt,runs\models_7x7\checkpoints\cycle_0152.pt,runs\models_7x7\checkpoints\cycle_0162.pt,p1_win,0.0,63
678,runs\models_7x7\checkpoints\cycle_0162.pt,runs\models_7x7\checkpoints\cycle_0152.pt,runs\models_7x7\checkpoints\cycle_0152.pt,runs\models_7x7\checkpoints\cycle_0162.pt,p1_win,0.0,55
679,runs\models_7x7\checkpoints\cycle_0162.pt,runs\models_7x7\checkpoints\cycle_0152.pt,runs\models_7x7\checkpoints\cycle_0152.pt,runs\models_7x7\checkpoints\cycle_0162.pt,p2_win,1.0,58
680,runs\models_7x7\checkpoints\cycle_0162.pt,runs\models_7x7\checkpoints\cycle_0152.pt,runs\models_7x7\checkpoints\cycle_0162.pt,runs\models_7x7\checkpoints\cycle_0152.pt,p1_win,1.0,61
681,runs\models_7x7\checkpoints\cycle_0162.pt,runs\models_7x7\checkpoints\cycle_0152.pt,runs\models_7x7\checkpoints\cycle_0152.pt,runs\models_7x7\checkpoints\cycle_0162.pt,p2_win,1.0,58
682,runs\models_7x7\checkpoints\cycle_0162.pt,runs\models_7x7\checkpoints\cycle_0152.pt,runs\models_7x7\checkpoints\cycle_0162.pt,runs\models_7x7\checkpoints\cycle_0152.pt,p2_win,0.0,66
683,runs\models_7x7\checkpoints\cycle_0162.pt,runs\models_7x7\checkpoints\cycle_0152.pt,runs\models_7x7\checkpoints\cycle_0162.pt,runs\models_7x7\checkpoints\cycle_0152.pt,p1_win,1.0,57
684,runs\models_7x7\checkpoints\cycle_0162.pt,runs\models_7x7\checkpoints\cycle_0152.pt,runs\models_7x7\checkpoints\cycle_0152.pt,runs\models_7x7\checkpoints\cycle_0162.pt,p2_win,1.0,56
685,runs\models_7x7\checkpoints\cycle_0162.pt,runs\models_7x7\checkpoints\cycle_0152.pt,runs\models_7x7\checkpoints\cycle_0162.pt,runs\models_7x7\checkpoints\cycle_0152.pt,p2_win,0.0,68
686,runs\models_7x7\checkpoints\cycle_0162.pt,runs\models_7x7\checkpoints\cycle_0152.pt,runs\models_7x7\checkpoints\cycle_0152.pt,runs\models_7x7\checkpoints\cycle_0162.pt,p2_win,1.0,56
687,runs\models_7x7\checkpoints\cycle_0162.pt,runs\models_7x7\checkpoints\cycle_0152.pt,runs\models_7x7\checkpoints\cycle_0162.pt,runs\models_7x7\checkpoints\cycle_0152.pt,p2_win,0.0,56
688,runs\models_7x7\checkpoints\cycle_0162.pt,runs\models_7x7\checkpoints\cycle_0152.pt,runs\models_7x7\checkpoints\cycle_0152.pt,runs\models_7x7\checkpoints\cycle_0162.pt,p2_win,1.0,66
689,runs\models_7x7\checkpoints\cycle_0162.pt,runs\models_7x7\checkpoints\cycle_0152.pt,runs\models_7x7\checkpoints\cycle_0152.pt,runs\models_7x7\checkpoints\cycle_0162.pt,p2_win,1.0,56
690,runs\models_7x7\checkpoints\cycle_0162.pt,runs\models_7x7\checkpoints\cycle_0152.pt,runs\models_7x7\checkpoints\cycle_0162.pt,runs\models_7x7\checkpoints\cycle_0152.pt,p1_win,1.0,61
691,runs\models_7x7\checkpoints\cycle_0162.pt,runs\models_7x7\checkpoints\cycle_0152.pt,runs\models_7x7\checkpoints\cycle_0162.pt,runs\models_7x7\checkpoints\cycle_0152.pt,p2_win,0.0,66
692,runs\models_7x7\checkpoints\cycle_0162.pt,runs\models_7x7\checkpoints\cycle_0152.pt,runs\models_7x7\checkpoints\cycle_0162.pt,runs\models_7x7\checkpoints\cycle_0152.pt,p1_win,1.0,59
693,runs\models_7x7\checkpoints\cycle_0162.pt,runs\models_7x7\checkpoints\cycle_0152.pt,runs\models_7x7\checkpoints\cycle_0152.pt,runs\models_7x7\checkpoints\cycle_0162.pt,p1_win,0.0,59
694,runs\models_7x7\checkpoints\cycle_0162.pt,runs\models_7x7\checkpoints\cycle_0152.pt,runs\models_7x7\checkpoints\cycle_0152.pt,runs\models_7x7\checkpoints\cycle_0162.pt,p2_win,1.0,62
695,runs\models_7x7\checkpoints\cycle_0162.pt,runs\models_7x7\checkpoints\cycle_0152.pt,runs\models_7x7\checkpoints\cycle_0162.pt,runs\models_7x7\checkpoints\cycle_0152.pt,p2_win,0.0,60
696,runs\models_7x7\checkpoints\cycle_0162.pt,runs\models_7x7\checkpoints\cycle_0152.pt,runs\models_7x7\checkpoints\cycle_0152.pt,runs\models_7x7\checkpoints\cycle_0162.pt,p2_win,1.0,62
697,runs\models_7x7\checkpoints\cycle_0162.pt,runs\models_7x7\checkpoints\cycle_0152.pt,runs\models_7x7\checkpoints\cycle_0152.pt,runs\models_7x7\checkpoints\cycle_0162.pt,p1_win,0.0,61
698,runs\models_7x7\checkpoints\cycle_0162.pt,runs\models_7x7\checkpoints\cycle_0152.pt,runs\models_7x7\checkpoints\cycle_0162.pt,runs\models_7x7\checkpoints\cycle_0152.pt,p1_win,1.0,63
699,runs\models_7x7\checkpoints\cycle_0162.pt,runs\models_7x7\checkpoints\cycle_0152.pt,runs\models_7x7\checkpoints\cycle_0152.pt,runs\models_7x7\checkpoints\cycle_0162.pt,p2_win,1.0,62
700,runs\models_7x7\checkpoints\cycle_0162.pt,runs\models_7x7\checkpoints\cycle_0152.pt,runs\models_7x7\checkpoints\cycle_0162.pt,runs\models_7x7\checkpoints\cycle_0152.pt,p2_win,0.0,60
701,runs\models_7x7\checkpoints\cycle_0162.pt,runs\models_7x7\checkpoints\cycle_0152.pt,runs\models_7x7\checkpoints\cycle_0152.pt,runs\models_7x7\checkpoints\cycle_0162.pt,p1_win,0.0,67
702,runs\models_7x7\checkpoints\cycle_0162.pt,runs\models_7x7\checkpoints\cycle_0152.pt,runs\models_7x7\checkpoints\cycle_0162.pt,runs\models_7x7\checkpoints\cycle_0152.pt,p2_win,0.0,70
703,runs\models_7x7\checkpoints\cycle_0162.pt,runs\models_7x7\checkpoints\cycle_0152.pt,runs\models_7x7\checkpoints\cycle_0152.pt,runs\models_7x7\checkpoints\cycle_0162.pt,p2_win,1.0,58
704,runs\models_7x7\checkpoints\cycle_0162.pt,runs\models_7x7\checkpoints\cycle_0152.pt,runs\models_7x7\checkpoints\cycle_0152.pt,runs\models_7x7\checkpoints\cycle_0162.pt,p1_win,0.0,59
705,runs\models_7x7\checkpoints\cycle_0162.pt,runs\models_7x7\checkpoints\cycle_0152.pt,runs\models_7x7\checkpoints\cycle_0162.pt,runs\models_7x7\checkpoints\cycle_0152.pt,p1_win,1.0,61
706,runs\models_7x7\checkpoints\cycle_0162.pt,runs\models_7x7\checkpoints\cycle_0152.pt,runs\models_7x7\checkpoints\cycle_0162.pt,runs\models_7x7\checkpoints\cycle_0152.pt,p2_win,0.0,56
707,runs\models_7x7\checkpoints\cycle_0162.pt,runs\models_7x7\checkpoints\cycle_0152.pt,runs\models_7x7\checkpoints\cycle_0162.pt,runs\models_7x7\checkpoints\cycle_0152.pt,p1_win,1.0,57
708,runs\models_7x7\checkpoints\cycle_0162.pt,runs\models_7x7\checkpoints\cycle_0152.pt,runs\models_7x7\checkpoints\cycle_0152.pt,runs\models_7x7\checkpoints\cycle_0162.pt,p2_win,1.0,56
709,runs\models_7x7\checkpoints\cycle_0162.pt,runs\models_7x7\checkpoints\cycle_0152.pt,runs\models_7x7\checkpoints\cycle_0162.pt,runs\models_7x7\checkpoints\cycle_0152.pt,p1_win,1.0,65
710,runs\models_7x7\checkpoints\cycle_0162.pt,runs\models_7x7\checkpoints\cycle_0152.pt,runs\models_7x7\checkpoints\cycle_0162.pt,runs\models_7x7\checkpoints\cycle_0152.pt,p1_win,1.0,59
711,runs\models_7x7\checkpoints\cycle_0162.pt,runs\models_7x7\checkpoints\cycle_0152.pt,runs\models_7x7\checkpoints\cycle_0162.pt,runs\models_7x7\checkpoints\cycle_0152.pt,p1_win,1.0,59
712,runs\models_7x7\checkpoints\cycle_0162.pt,runs\models_7x7\checkpoints\cycle_0152.pt,runs\models_7x7\checkpoints\cycle_0152.pt,runs\models_7x7\checkpoints\cycle_0162.pt,p1_win,0.0,65
713,runs\models_7x7\checkpoints\cycle_0162.pt,runs\models_7x7\checkpoints\cycle_0152.pt,runs\models_7x7\checkpoints\cycle_0162.pt,runs\models_7x7\checkpoints\cycle_0152.pt,p1_win,1.0,61
714,runs\models_7x7\checkpoints\cycle_0162.pt,runs\models_7x7\checkpoints\cycle_0152.pt,runs\models_7x7\checkpoints\cycle_0152.pt,runs\models_7x7\checkpoints\cycle_0162.pt,p2_win,1.0,62
715,runs\models_7x7\checkpoints\cycle_0162.pt,runs\models_7x7\checkpoints\cycle_0152.pt,runs\models_7x7\checkpoints\cycle_0162.pt,runs\models_7x7\checkpoints\cycle_0152.pt,p1_win,1.0,63
716,runs\models_7x7\checkpoints\cycle_0162.pt,runs\models_7x7\checkpoints\cycle_0152.pt,runs\models_7x7\checkpoints\cycle_0162.pt,runs\models_7x7\checkpoints\cycle_0152.pt,p1_win,1.0,57
717,runs\models_7x7\checkpoints\cycle_0162.pt,runs\models_7x7\checkpoints\cycle_0152.pt,runs\models_7x7\checkpoints\cycle_0152.pt,runs\models_7x7\checkpoints\cycle_0162.pt,p1_win,0.0,71
718,runs\models_7x7\checkpoints\cycle_0162.pt,runs\models_7x7\checkpoints\cycle_0152.pt,runs\models_7x7\checkpoints\cycle_0162.pt,runs\models_7x7\checkpoints\cycle_0152.pt,p2_win,0.0,64
719,runs\models_7x7\checkpoints\cycle_0162.pt,runs\models_7x7\checkpoints\cycle_0152.pt,runs\models_7x7\checkpoints\cycle_0152.pt,runs\models_7x7\checkpoints\cycle_0162.pt,p1_win,0.0,63
720,runs\models_7x7\checkpoints\cycle_0162.pt,runs\models_7x7\checkpoints\cycle_0152.pt,runs\models_7x7\checkpoints\cycle_0162.pt,runs\models_7x7\checkpoints\cycle_0152.pt,p1_win,1.0,71
721,runs\models_7x7\checkpoints\cycle_0162.pt,runs\models_7x7\checkpoints\cycle_0152.pt,runs\models_7x7\checkpoints\cycle_0152.pt,runs\models_7x7\checkpoints\cycle_0162.pt,p2_win,1.0,56
722,runs\models_7x7\checkpoints\cycle_0162.pt,runs\models_7x7\checkpoints\cycle_0152.pt,runs\models_7x7\checkpoints\cycle_0152.pt,runs\models_7x7\checkpoints\cycle_0162.pt,p2_win,1.0,64
723,runs\models_7x7\checkpoints\cycle_0162.pt,runs\models_7x7\checkpoints\cycle_0152.pt,runs\models_7x7\checkpoints\cycle_0162.pt,runs\models_7x7\checkpoints\cycle_0152.pt,p1_win,1.0,57
724,runs\models_7x7\checkpoints\cycle_0162.pt,runs\models_7x7\checkpoints\cycle_0152.pt,runs\models_7x7\checkpoints\cycle_0162.pt,runs\models_7x7\checkpoints\cycle_0152.pt,p1_win,1.0,59
725,runs\models_7x7\checkpoints\cycle_0162.pt,runs\models_7x7\checkpoints\cycle_0152.pt,runs\models_7x7\checkpoints\cycle_0152.pt,runs\models_7x7\checkpoints\cycle_0162.pt,p1_win,0.0,61
726,runs\models_7x7\checkpoints\cycle_0162.pt,runs\models_7x7\checkpoints\cycle_0152.pt,runs\models_7x7\checkpoints\cycle_0162.pt,runs\models_7x7\checkpoints\cycle_0152.pt,p2_win,0.0,62
727,runs\models_7x7\checkpoints\cycle_0162.pt,runs\models_7x7\checkpoints\cycle_0152.pt,runs\models_7x7\checkpoints\cycle_0152.pt,runs\models_7x7\checkpoints\cycle_0162.pt,p2_win,1.0,58
728,runs\models_7x7\checkpoints\cycle_0162.pt,runs\models_7x7\checkpoints\cycle_0152.pt,runs\models_7x7\checkpoints\cycle_0162.pt,runs\models_7x7\checkpoints\cycle_0152.pt,p1_win,1.0,59
729,runs\models_7x7\checkpoints\cycle_0162.pt,runs\models_7x7\checkpoints\cycle_0152.pt,runs\models_7x7\checkpoints\cycle_0152.pt,runs\models_7x7\checkpoints\cycle_0162.pt,p2_win,1.0,60
730,runs\models_7x7\checkpoints\cycle_0162.pt,runs\models_7x7\checkpoints\cycle_0152.pt,runs\models_7x7\checkpoints\cycle_0162.pt,runs\models_7x7\checkpoints\cycle_0152.pt,p2_win,0.0,62
731,runs\models_7x7\checkpoints\cycle_0162.pt,runs\models_7x7\checkpoints\cycle_0152.pt,runs\models_7x7\checkpoints\cycle_0152.pt,runs\models_7x7\checkpoints\cycle_0162.pt,p1_win,0.0,59
732,runs\models_7x7\checkpoints\cycle_0162.pt,runs\models_7x7\checkpoints\cycle_0152.pt,runs\models_7x7\checkpoints\cycle_0162.pt,runs\models_7x7\checkpoints\cycle_0152.pt,p1_win,1.0,65
733,runs\models_7x7\checkpoints\cycle_0162.pt,runs\models_7x7\checkpoints\cycle_0152.pt,runs\models_7x7\checkpoints\cycle_0152.pt,runs\models_7x7\checkpoints\cycle_0162.pt,p2_win,1.0,64
734,runs\models_7x7\checkpoints\cycle_0162.pt,runs\models_7x7\checkpoints\cycle_0152.pt,runs\models_7x7\checkpoints\cycle_0162.pt,runs\models_7x7\checkpoints\cycle_0152.pt,p1_win,1.0,59
735,runs\models_7x7\checkpoints\cycle_0162.pt,runs\models_7x7\checkpoints\cycle_0152.pt,runs\models_7x7\checkpoints\cycle_0152.pt,runs\models_7x7\checkpoints\cycle_0162.pt,p2_win,1.0,58
736,runs\models_7x7\checkpoints\cycle_0162.pt,runs\models_7x7\checkpoints\cycle_0152.pt,runs\models_7x7\checkpoints\cycle_0162.pt,runs\models_7x7\checkpoints\cycle_0152.pt,p1_win,1.0,65
737,runs\models_7x7\checkpoints\cycle_0162.pt,runs\models_7x7\checkpoints\cycle_0152.pt,runs\models_7x7\checkpoints\cycle_0152.pt,runs\models_7x7\checkpoints\cycle_0162.pt,p2_win,1.0,64
738,runs\models_7x7\checkpoints\cycle_0162.pt,runs\models_7x7\checkpoints\cycle_0152.pt,runs\models_7x7\checkpoints\cycle_0152.pt,runs\models_7x7\checkpoints\cycle_0162.pt,p2_win,1.0,56
739,runs\models_7x7\checkpoints\cycle_0162.pt,runs\models_7x7\checkpoints\cycle_0152.pt,runs\models_7x7\checkpoints\cycle_0162.pt,runs\models_7x7\checkpoints\cycle_0152.pt,p1_win,1.0,63
740,runs\models_7x7\checkpoints\cycle_0162.pt,runs\models_7x7\checkpoints\cycle_0152.pt,runs\models_7x7\checkpoints\cycle_0162.pt,runs\models_7x7\checkpoints\cycle_0152.pt,p1_win,1.0,59
741,runs\models_7x7\checkpoints\cycle_0162.pt,runs\models_7x7\checkpoints\cycle_0152.pt,runs\models_7x7\checkpoints\cycle_0162.pt,runs\models_7x7\checkpoints\cycle_0152.pt,p2_win,0.0,70
742,runs\models_7x7\checkpoints\cycle_0162.pt,runs\models_7x7\checkpoints\cycle_0152.pt,runs\models_7x7\checkpoints\cycle_0162.pt,runs\models_7x7\checkpoints\cycle_0152.pt,p1_win,1.0,57
743,runs\models_7x7\checkpoints\cycle_0162.pt,runs\models_7x7\checkpoints\cycle_0152.pt,runs\models_7x7\checkpoints\cycle_0152.pt,runs\models_7x7\checkpoints\cycle_0162.pt,p2_win,1.0,64
744,runs\models_7x7\checkpoints\cycle_0162.pt,runs\models_7x7\checkpoints\cycle_0152.pt,runs\models_7x7\checkpoints\cycle_0152.pt,runs\models_7x7\checkpoints\cycle_0162.pt,p2_win,1.0,68
745,runs\models_7x7\checkpoints\cycle_0162.pt,runs\models_7x7\checkpoints\cycle_0152.pt,runs\models_7x7\checkpoints\cycle_0152.pt,runs\models_7x7\checkpoints\cycle_0162.pt,p1_win,0.0,65
746,runs\models_7x7\checkpoints\cycle_0162.pt,runs\models_7x7\checkpoints\cycle_0152.pt,runs\models_7x7\checkpoints\cycle_0152.pt,runs\models_7x7\checkpoints\cycle_0162.pt,p2_win,1.0,66
747,runs\models_7x7\checkpoints\cycle_0162.pt,runs\models_7x7\checkpoints\cycle_0152.pt,runs\models_7x7\checkpoints\cycle_0152.pt,runs\models_7x7\checkpoints\cycle_0162.pt,p2_win,1.0,62
748,runs\models_7x7\checkpoints\cycle_0162.pt,runs\models_7x7\checkpoints\cycle_0152.pt,runs\models_7x7\checkpoints\cycle_0152.pt,runs\models_7x7\checkpoints\cycle_0162.pt,p2_win,1.0,60
749,runs\models_7x7\checkpoints\cycle_0162.pt,runs\models_7x7\checkpoints\cycle_0152.pt,runs\models_7x7\checkpoints\cycle_0152.pt,runs\models_7x7\checkpoints\cycle_0162.pt,p2_win,1.0,66
750,runs\models_7x7\checkpoints\cycle_0162.pt,runs\models_7x7\checkpoints\cycle_0152.pt,runs\models_7x7\checkpoints\cycle_0162.pt,runs\models_7x7\checkpoints\cycle_0152.pt,p1_win,1.0,63
751,runs\models_7x7\checkpoints\cycle_0162.pt,runs\models_7x7\checkpoints\cycle_0152.pt,runs\models_7x7\checkpoints\cycle_0152.pt,runs\models_7x7\checkpoints\cycle_0162.pt,p2_win,1.0,60
752,runs\models_7x7\checkpoints\cycle_0162.pt,runs\models_7x7\checkpoints\cycle_0152.pt,runs\models_7x7\checkpoints\cycle_0152.pt,runs\models_7x7\checkpoints\cycle_0162.pt,p2_win,1.0,62
753,runs\models_7x7\checkpoints\cycle_0162.pt,runs\models_7x7\checkpoints\cycle_0152.pt,runs\models_7x7\checkpoints\cycle_0162.pt,runs\models_7x7\checkpoints\cycle_0152.pt,p2_win,0.0,58
754,runs\models_7x7\checkpoints\cycle_0162.pt,runs\models_7x7\checkpoints\cycle_0152.pt,runs\models_7x7\checkpoints\cycle_0162.pt,runs\models_7x7\checkpoints\cycle_0152.pt,p1_win,1.0,67
755,runs\models_7x7\checkpoints\cycle_0162.pt,runs\models_7x7\checkpoints\cycle_0152.pt,runs\models_7x7\checkpoints\cycle_0162.pt,runs\models_7x7\checkpoints\cycle_0152.pt,p1_win,1.0,67
756,runs\models_7x7\checkpoints\cycle_0162.pt,runs\models_7x7\checkpoints\cycle_0152.pt,runs\models_7x7\checkpoints\cycle_0152.pt,runs\models_7x7\checkpoints\cycle_0162.pt,p1_win,0.0,71
757,runs\models_7x7\checkpoints\cycle_0162.pt,runs\models_7x7\checkpoints\cycle_0152.pt,runs\models_7x7\checkpoints\cycle_0162.pt,runs\models_7x7\checkpoints\cycle_0152.pt,p1_win,1.0,63
758,runs\models_7x7\checkpoints\cycle_0162.pt,runs\models_7x7\checkpoints\cycle_0152.pt,runs\models_7x7\checkpoints\cycle_0152.pt,runs\models_7x7\checkpoints\cycle_0162.pt,p1_win,0.0,63
759,runs\models_7x7\checkpoints\cycle_0162.pt,runs\models_7x7\checkpoints\cycle_0152.pt,runs\models_7x7\checkpoints\cycle_0152.pt,runs\models_7x7\checkpoints\cycle_0162.pt,p2_win,1.0,64
760,runs\models_7x7\checkpoints\cycle_0162.pt,runs\models_7x7\checkpoints\cycle_0152.pt,runs\models_7x7\checkpoints\cycle_0152.pt,runs\models_7x7\checkpoints\cycle_0162.pt,draw,0.5,72
761,runs\models_7x7\checkpoints\cycle_0162.pt,runs\models_7x7\checkpoints\cycle_0152.pt,runs\models_7x7\checkpoints\cycle_0162.pt,runs\models_7x7\checkpoints\cycle_0152.pt,p2_win,0.0,64
762,runs\models_7x7\checkpoints\cycle_0162.pt,runs\models_7x7\checkpoints\cycle_0152.pt,runs\models_7x7\checkpoints\cycle_0152.pt,runs\models_7x7\checkpoints\cycle_0162.pt,p1_win,0.0,69
763,runs\models_7x7\checkpoints\cycle_0162.pt,runs\models_7x7\checkpoints\cycle_0152.pt,runs\models_7x7\checkpoints\cycle_0152.pt,runs\models_7x7\checkpoints\cycle_0162.pt,p2_win,1.0,64
764,runs\models_7x7\checkpoints\cycle_0162.pt,runs\models_7x7\checkpoints\cycle_0152.pt,runs\models_7x7\checkpoints\cycle_0162.pt,runs\models_7x7\checkpoints\cycle_0152.pt,p1_win,1.0,71
765,runs\models_7x7\checkpoints\cycle_0162.pt,runs\models_7x7\checkpoints\cycle_0152.pt,runs\models_7x7\checkpoints\cycle_0152.pt,runs\models_7x7\checkpoints\cycle_0162.pt,p2_win,1.0,60
766,runs\models_7x7\checkpoints\cycle_0162.pt,runs\models_7x7\checkpoints\cycle_0152.pt,runs\models_7x7\checkpoints\cycle_0152.pt,runs\models_7x7\checkpoints\cycle_0162.pt,p2_win,1.0,64
767,runs\models_7x7\checkpoints\cycle_0162.pt,runs\models_7x7\checkpoints\cycle_0152.pt,runs\models_7x7\checkpoints\cycle_0162.pt,runs\models_7x7\checkpoints\cycle_0152.pt,p2_win,0.0,76
768,runs\models_7x7\checkpoints\cycle_0162.pt,runs\models_7x7\checkpoints\cycle_0152.pt,runs\models_7x7\checkpoints\cycle_0162.pt,runs\models_7x7\checkpoints\cycle_0152.pt,p1_win,1.0,59
769,runs\models_7x7\checkpoints\cycle_0162.pt,runs\models_7x7\checkpoints\cycle_0152.pt,runs\models_7x7\checkpoints\cycle_0152.pt,runs\models_7x7\checkpoints\cycle_0162.pt,p2_win,1.0,60
770,runs\models_7x7\checkpoints\cycle_0162.pt,runs\models_7x7\checkpoints\cycle_0152.pt,runs\models_7x7\checkpoints\cycle_0152.pt,runs\models_7x7\checkpoints\cycle_0162.pt,p2_win,1.0,64
771,runs\models_7x7\checkpoints\cycle_0162.pt,runs\models_7x7\checkpoints\cycle_0152.pt,runs\models_7x7\checkpoints\cycle_0162.pt,runs\models_7x7\checkpoints\cycle_0152.pt,p2_win,0.0,62
772,runs\models_7x7\checkpoints\cycle_0162.pt,runs\models_7x7\checkpoints\cycle_0152.pt,runs\models_7x7\checkpoints\cycle_0162.pt,runs\models_7x7\checkpoints\cycle_0152.pt,p1_win,1.0,61
773,runs\models_7x7\checkpoints\cycle_0162.pt,runs\models_7x7\checkpoints\cycle_0152.pt,runs\models_7x7\checkpoints\cycle_0152.pt,runs\models_7x7\checkpoints\cycle_0162.pt,p1_win,0.0,67
774,runs\models_7x7\checkpoints\cycle_0162.pt,runs\models_7x7\checkpoints\cycle_0152.pt,runs\models_7x7\checkpoints\cycle_0152.pt,runs\models_7x7\checkpoints\cycle_0162.pt,p2_win,1.0,78
775,runs\models_7x7\checkpoints\cycle_0162.pt,runs\models_7x7\checkpoints\cycle_0152.pt,runs\models_7x7\checkpoints\cycle_0162.pt,runs\models_7x7\checkpoints\cycle_0152.pt,p1_win,1.0,63
776,runs\models_7x7\checkpoints\cycle_0162.pt,runs\models_7x7\checkpoints\cycle_0152.pt,runs\models_7x7\checkpoints\cycle_0162.pt,runs\models_7x7\checkpoints\cycle_0152.pt,p2_win,0.0,66
777,runs\models_7x7\checkpoints\cycle_0162.pt,runs\models_7x7\checkpoints\cycle_0152.pt,runs\models_7x7\checkpoints\cycle_0152.pt,runs\models_7x7\checkpoints\cycle_0162.pt,p2_win,1.0,70
778,runs\models_7x7\checkpoints\cycle_0162.pt,runs\models_7x7\checkpoints\cycle_0152.pt,runs\models_7x7\checkpoints\cycle_0152.pt,runs\models_7x7\checkpoints\cycle_0162.pt,p2_win,1.0,62
779,runs\models_7x7\checkpoints\cycle_0162.pt,runs\models_7x7\checkpoints\cycle_0152.pt,runs\models_7x7\checkpoints\cycle_0162.pt,runs\models_7x7\checkpoints\cycle_0152.pt,p1_win,1.0,63
780,runs\models_7x7\checkpoints\cycle_0162.pt,runs\models_7x7\checkpoints\cycle_0152.pt,runs\models_7x7\checkpoints\cycle_0162.pt,runs\models_7x7\checkpoints\cycle_0152.pt,p1_win,1.0,67
781,runs\models_7x7\checkpoints\cycle_0162.pt,runs\models_7x7\checkpoints\cycle_0152.pt,runs\models_7x7\checkpoints\cycle_0152.pt,runs\models_7x7\checkpoints\cycle_0162.pt,p1_win,0.0,67
782,runs\models_7x7\checkpoints\cycle_0162.pt,runs\models_7x7\checkpoints\cycle_0152.pt,runs\models_7x7\checkpoints\cycle_0152.pt,runs\models_7x7\checkpoints\cycle_0162.pt,p1_win,0.0,63
783,runs\models_7x7\checkpoints\cycle_0162.pt,runs\models_7x7\checkpoints\cycle_0152.pt,runs\models_7x7\checkpoints\cycle_0152.pt,runs\models_7x7\checkpoints\cycle_0162.pt,p2_win,1.0,68
784,runs\models_7x7\checkpoints\cycle_0162.pt,runs\models_7x7\checkpoints\cycle_0152.pt,runs\models_7x7\checkpoints\cycle_0162.pt,runs\models_7x7\checkpoints\cycle_0152.pt,p2_win,0.0,74
785,runs\models_7x7\checkpoints\cycle_0162.pt,runs\models_7x7\checkpoints\cycle_0152.pt,runs\models_7x7\checkpoints\cycle_0162.pt,runs\models_7x7\checkpoints\cycle_0152.pt,p1_win,1.0,63
786,runs\models_7x7\checkpoints\cycle_0162.pt,runs\models_7x7\checkpoints\cycle_0152.pt,runs\models_7x7\checkpoints\cycle_0152.pt,runs\models_7x7\checkpoints\cycle_0162.pt,p2_win,1.0,68
787,runs\models_7x7\checkpoints\cycle_0162.pt,runs\models_7x7\checkpoints\cycle_0152.pt,runs\models_7x7\checkpoints\cycle_0162.pt,runs\models_7x7\checkpoints\cycle_0152.pt,p2_win,0.0,70
788,runs\models_7x7\checkpoints\cycle_0162.pt,runs\models_7x7\checkpoints\cycle_0152.pt,runs\models_7x7\checkpoints\cycle_0162.pt,runs\models_7x7\checkpoints\cycle_0152.pt,p2_win,0.0,68
789,runs\models_7x7\checkpoints\cycle_0162.pt,runs\models_7x7\checkpoints\cycle_0152.pt,runs\models_7x7\checkpoints\cycle_0152.pt,runs\models_7x7\checkpoints\cycle_0162.pt,p2_win,1.0,64
790,runs\models_7x7\checkpoints\cycle_0162.pt,runs\models_7x7\checkpoints\cycle_0152.pt,runs\models_7x7\checkpoints\cycle_0152.pt,runs\models_7x7\checkpoints\cycle_0162.pt,p2_win,1.0,64
791,runs\models_7x7\checkpoints\cycle_0162.pt,runs\models_7x7\checkpoints\cycle_0152.pt,runs\models_7x7\checkpoints\cycle_0162.pt,runs\models_7x7\checkpoints\cycle_0152.pt,p1_win,1.0,63
792,runs\models_7x7\checkpoints\cycle_0162.pt,runs\models_7x7\checkpoints\cycle_0152.pt,runs\models_7x7\checkpoints\cycle_0162.pt,runs\models_7x7\checkpoints\cycle_0152.pt,p1_win,1.0,71
793,runs\models_7x7\checkpoints\cycle_0162.pt,runs\models_7x7\checkpoints\cycle_0152.pt,runs\models_7x7\checkpoints\cycle_0162.pt,runs\models_7x7\checkpoints\cycle_0152.pt,p1_win,1.0,67
794,runs\models_7x7\checkpoints\cycle_0162.pt,runs\models_7x7\checkpoints\cycle_0152.pt,runs\models_7x7\checkpoints\cycle_0152.pt,runs\models_7x7\checkpoints\cycle_0162.pt,p1_win,0.0,63
795,runs\models_7x7\checkpoints\cycle_0162.pt,runs\models_7x7\checkpoints\cycle_0152.pt,runs\models_7x7\checkpoints\cycle_0152.pt,runs\models_7x7\checkpoints\cycle_0162.pt,p2_win,1.0,70
796,runs\models_7x7\checkpoints\cycle_0162.pt,runs\models_7x7\checkpoints\cycle_0152.pt,runs\models_7x7\checkpoints\cycle_0162.pt,runs\models_7x7\checkpoints\cycle_0152.pt,p1_win,1.0,61
797,runs\models_7x7\checkpoints\cycle_0162.pt,runs\models_7x7\checkpoints\cycle_0152.pt,runs\models_7x7\checkpoints\cycle_0152.pt,runs\models_7x7\checkpoints\cycle_0162.pt,p2_win,1.0,68
798,runs\models_7x7\checkpoints\cycle_0162.pt,runs\models_7x7\checkpoints\cycle_0152.pt,runs\models_7x7\checkpoints\cycle_0152.pt,runs\models_7x7\checkpoints\cycle_0162.pt,p2_win,1.0,64
799,runs\models_7x7\checkpoints\cycle_0162.pt,runs\models_7x7\checkpoints\cycle_0152.pt,runs\models_7x7\checkpoints\cycle_0162.pt,runs\models_7x7\checkpoints\cycle_0152.pt,p1_win,1.0,71
800,runs\models_7x7\checkpoints\cycle_0162.pt,runs\models_7x7\checkpoints\cycle_0152.pt,runs\models_7x7\checkpoints\cycle_0162.pt,runs\models_7x7\checkpoints\cycle_0152.pt,p2_win,0.0,66
801,runs\models_7x7\checkpoints\cycle_0162.pt,runs\models_7x7\checkpoints\cycle_0152.pt,runs\models_7x7\checkpoints\cycle_0162.pt,runs\models_7x7\checkpoints\cycle_0152.pt,p1_win,1.0,67
802,runs\models_7x7\checkpoints\cycle_0162.pt,runs\models_7x7\checkpoints\cycle_0152.pt,runs\models_7x7\checkpoints\cycle_0152.pt,runs\models_7x7\checkpoints\cycle_0162.pt,p2_win,1.0,62
803,runs\models_7x7\checkpoints\cycle_0162.pt,runs\models_7x7\checkpoints\cycle_0152.pt,runs\models_7x7\checkpoints\cycle_0152.pt,runs\models_7x7\checkpoints\cycle_0162.pt,p2_win,1.0,68
804,runs\models_7x7\checkpoints\cycle_0162.pt,runs\models_7x7\checkpoints\cycle_0152.pt,runs\models_7x7\checkpoints\cycle_0162.pt,runs\models_7x7\checkpoints\cycle_0152.pt,p2_win,0.0,70
805,runs\models_7x7\checkpoints\cycle_0162.pt,runs\models_7x7\checkpoints\cycle_0152.pt,runs\models_7x7\checkpoints\cycle_0162.pt,runs\models_7x7\checkpoints\cycle_0152.pt,p1_win,1.0,67
806,runs\models_7x7\checkpoints\cycle_0162.pt,runs\models_7x7\checkpoints\cycle_0152.pt,runs\models_7x7\checkpoints\cycle_0152.pt,runs\models_7x7\checkpoints\cycle_0162.pt,p2_win,1.0,66
807,runs\models_7x7\checkpoints\cycle_0162.pt,runs\models_7x7\checkpoints\cycle_0152.pt,runs\models_7x7\checkpoints\cycle_0152.pt,runs\models_7x7\checkpoints\cycle_0162.pt,p2_win,1.0,70
808,runs\models_7x7\checkpoints\cycle_0162.pt,runs\models_7x7\checkpoints\cycle_0152.pt,runs\models_7x7\checkpoints\cycle_0162.pt,runs\models_7x7\checkpoints\cycle_0152.pt,p2_win,0.0,64
809,runs\models_7x7\checkpoints\cycle_0162.pt,runs\models_7x7\checkpoints\cycle_0152.pt,runs\models_7x7\checkpoints\cycle_0162.pt,runs\models_7x7\checkpoints\cycle_0152.pt,p2_win,0.0,80
810,runs\models_7x7\checkpoints\cycle_0162.pt,runs\models_7x7\checkpoints\cycle_0152.pt,runs\models_7x7\checkpoints\cycle_0162.pt,runs\models_7x7\checkpoints\cycle_0152.pt,p2_win,0.0,70
811,runs\models_7x7\checkpoints\cycle_0162.pt,runs\models_7x7\checkpoints\cycle_0152.pt,runs\models_7x7\checkpoints\cycle_0162.pt,runs\models_7x7\checkpoints\cycle_0152.pt,p2_win,0.0,66
812,runs\models_7x7\checkpoints\cycle_0162.pt,runs\models_7x7\checkpoints\cycle_0152.pt,runs\models_7x7\checkpoints\cycle_0152.pt,runs\models_7x7\checkpoints\cycle_0162.pt,p2_win,1.0,64
813,runs\models_7x7\checkpoints\cycle_0162.pt,runs\models_7x7\checkpoints\cycle_0152.pt,runs\models_7x7\checkpoints\cycle_0162.pt,runs\models_7x7\checkpoints\cycle_0152.pt,p1_win,1.0,63
814,runs\models_7x7\checkpoints\cycle_0162.pt,runs\models_7x7\checkpoints\cycle_0152.pt,runs\models_7x7\checkpoints\cycle_0152.pt,runs\models_7x7\checkpoints\cycle_0162.pt,p2_win,1.0,66
815,runs\models_7x7\checkpoints\cycle_0162.pt,runs\models_7x7\checkpoints\cycle_0152.pt,runs\models_7x7\checkpoints\cycle_0162.pt,runs\models_7x7\checkpoints\cycle_0152.pt,p1_win,1.0,63
816,runs\models_7x7\checkpoints\cycle_0162.pt,runs\models_7x7\checkpoints\cycle_0152.pt,runs\models_7x7\checkpoints\cycle_0162.pt,runs\models_7x7\checkpoints\cycle_0152.pt,p2_win,0.0,64
817,runs\models_7x7\checkpoints\cycle_0162.pt,runs\models_7x7\checkpoints\cycle_0152.pt,runs\models_7x7\checkpoints\cycle_0162.pt,runs\models_7x7\checkpoints\cycle_0152.pt,p1_win,1.0,75
818,runs\models_7x7\checkpoints\cycle_0162.pt,runs\models_7x7\checkpoints\cycle_0152.pt,runs\models_7x7\checkpoints\cycle_0152.pt,runs\models_7x7\checkpoints\cycle_0162.pt,p2_win,1.0,66
819,runs\models_7x7\checkpoints\cycle_0162.pt,runs\models_7x7\checkpoints\cycle_0152.pt,runs\models_7x7\checkpoints\cycle_0152.pt,runs\models_7x7\checkpoints\cycle_0162.pt,p1_win,0.0,83
820,runs\models_7x7\checkpoints\cycle_0162.pt,runs\models_7x7\checkpoints\cycle_0152.pt,runs\models_7x7\checkpoints\cycle_0152.pt,runs\models_7x7\checkpoints\cycle_0162.pt,p2_win,1.0,82
821,runs\models_7x7\checkpoints\cycle_0162.pt,runs\models_7x7\checkpoints\cycle_0152.pt,runs\models_7x7\checkpoints\cycle_0152.pt,runs\models_7x7\checkpoints\cycle_0162.pt,p2_win,1.0,70
822,runs\models_7x7\checkpoints\cycle_0162.pt,runs\models_7x7\checkpoints\cycle_0152.pt,runs\models_7x7\checkpoints\cycle_0152.pt,runs\models_7x7\checkpoints\cycle_0162.pt,p1_win,0.0,75
823,runs\models_7x7\checkpoints\cycle_0162.pt,runs\models_7x7\checkpoints\cycle_0152.pt,runs\models_7x7\checkpoints\cycle_0152.pt,runs\models_7x7\checkpoints\cycle_0162.pt,p2_win,1.0,72
824,runs\models_7x7\checkpoints\cycle_0162.pt,runs\models_7x7\checkpoints\cycle_0152.pt,runs\models_7x7\checkpoints\cycle_0162.pt,runs\models_7x7\checkpoints\cycle_0152.pt,p1_win,1.0,67
825,runs\models_7x7\checkpoints\cycle_0162.pt,runs\models_7x7\checkpoints\cycle_0152.pt,runs\models_7x7\checkpoints\cycle_0162.pt,runs\models_7x7\checkpoints\cycle_0152.pt,p2_win,0.0,84
826,runs\models_7x7\checkpoints\cycle_0162.pt,runs\models_7x7\checkpoints\cycle_0152.pt,runs\models_7x7\checkpoints\cycle_0162.pt,runs\models_7x7\checkpoints\cycle_0152.pt,p1_win,1.0,69
827,runs\models_7x7\checkpoints\cycle_0162.pt,runs\models_7x7\checkpoints\cycle_0152.pt,runs\models_7x7\checkpoints\cycle_0152.pt,runs\models_7x7\checkpoints\cycle_0162.pt,p2_win,1.0,72
828,runs\models_7x7\checkpoints\cycle_0162.pt,runs\models_7x7\checkpoints\cycle_0152.pt,runs\models_7x7\checkpoints\cycle_0152.pt,runs\models_7x7\checkpoints\cycle_0162.pt,p2_win,1.0,66
829,runs\models_7x7\checkpoints\cycle_0162.pt,runs\models_7x7\checkpoints\cycle_0152.pt,runs\models_7x7\checkpoints\cycle_0162.pt,runs\models_7x7\checkpoints\cycle_0152.pt,p1_win,1.0,69
830,runs\models_7x7\checkpoints\cycle_0162.pt,runs\models_7x7\checkpoints\cycle_0152.pt,runs\models_7x7\checkpoints\cycle_0162.pt,runs\models_7x7\checkpoints\cycle_0152.pt,p2_win,0.0,80
831,runs\models_7x7\checkpoints\cycle_0162.pt,runs\models_7x7\checkpoints\cycle_0152.pt,runs\models_7x7\checkpoints\cycle_0152.pt,runs\models_7x7\checkpoints\cycle_0162.pt,p2_win,1.0,70
832,runs\models_7x7\checkpoints\cycle_0162.pt,runs\models_7x7\checkpoints\cycle_0152.pt,runs\models_7x7\checkpoints\cycle_0162.pt,runs\models_7x7\checkpoints\cycle_0152.pt,p2_win,0.0,74
833,runs\models_7x7\checkpoints\cycle_0162.pt,runs\models_7x7\checkpoints\cycle_0152.pt,runs\models_7x7\checkpoints\cycle_0162.pt,runs\models_7x7\checkpoints\cycle_0152.pt,p1_win,1.0,79
834,runs\models_7x7\checkpoints\cycle_0162.pt,runs\models_7x7\checkpoints\cycle_0152.pt,runs\models_7x7\checkpoints\cycle_0152.pt,runs\models_7x7\checkpoints\cycle_0162.pt,p1_win,0.0,67
835,runs\models_7x7\checkpoints\cycle_0162.pt,runs\models_7x7\checkpoints\cycle_0152.pt,runs\models_7x7\checkpoints\cycle_0152.pt,runs\models_7x7\checkpoints\cycle_0162.pt,p1_win,0.0,73
836,runs\models_7x7\checkpoints\cycle_0162.pt,runs\models_7x7\checkpoints\cycle_0152.pt,runs\models_7x7\checkpoints\cycle_0152.pt,runs\models_7x7\checkpoints\cycle_0162.pt,p2_win,1.0,82
837,runs\models_7x7\checkpoints\cycle_0162.pt,runs\models_7x7\checkpoints\cycle_0152.pt,runs\models_7x7\checkpoints\cycle_0152.pt,runs\models_7x7\checkpoints\cycle_0162.pt,p2_win,1.0,70
838,runs\models_7x7\checkpoints\cycle_0162.pt,runs\models_7x7\checkpoints\cycle_0152.pt,runs\models_7x7\checkpoints\cycle_0152.pt,runs\models_7x7\checkpoints\cycle_0162.pt,p2_win,1.0,66
839,runs\models_7x7\checkpoints\cycle_0162.pt,runs\models_7x7\checkpoints\cycle_0152.pt,runs\models_7x7\checkpoints\cycle_0152.pt,runs\models_7x7\checkpoints\cycle_0162.pt,p2_win,1.0,72
840,runs\models_7x7\checkpoints\cycle_0162.pt,runs\models_7x7\checkpoints\cycle_0152.pt,runs\models_7x7\checkpoints\cycle_0162.pt,runs\models_7x7\checkpoints\cycle_0152.pt,p1_win,1.0,67
841,runs\models_7x7\checkpoints\cycle_0162.pt,runs\models_7x7\checkpoints\cycle_0152.pt,runs\models_7x7\checkpoints\cycle_0152.pt,runs\models_7x7\checkpoints\cycle_0162.pt,p2_win,1.0,68
842,runs\models_7x7\checkpoints\cycle_0162.pt,runs\models_7x7\checkpoints\cycle_0152.pt,runs\models_7x7\checkpoints\cycle_0152.pt,runs\models_7x7\checkpoints\cycle_0162.pt,p1_win,0.0,71
843,runs\models_7x7\checkpoints\cycle_0162.pt,runs\models_7x7\checkpoints\cycle_0152.pt,runs\models_7x7\checkpoints\cycle_0152.pt,runs\models_7x7\checkpoints\cycle_0162.pt,p2_win,1.0,70
844,runs\models_7x7\checkpoints\cycle_0162.pt,runs\models_7x7\checkpoints\cycle_0152.pt,runs\models_7x7\checkpoints\cycle_0162.pt,runs\models_7x7\checkpoints\cycle_0152.pt,p1_win,1.0,73
845,runs\models_7x7\checkpoints\cycle_0162.pt,runs\models_7x7\checkpoints\cycle_0152.pt,runs\models_7x7\checkpoints\cycle_0152.pt,runs\models_7x7\checkpoints\cycle_0162.pt,p1_win,0.0,69
846,runs\models_7x7\checkpoints\cycle_0162.pt,runs\models_7x7\checkpoints\cycle_0152.pt,runs\models_7x7\checkpoints\cycle_0152.pt,runs\models_7x7\checkpoints\cycle_0162.pt,p1_win,0.0,71
847,runs\models_7x7\checkpoints\cycle_0162.pt,runs\models_7x7\checkpoints\cycle_0152.pt,runs\models_7x7\checkpoints\cycle_0152.pt,runs\models_7x7\checkpoints\cycle_0162.pt,p2_win,1.0,72
848,runs\models_7x7\checkpoints\cycle_0162.pt,runs\models_7x7\checkpoints\cycle_0152.pt,runs\models_7x7\checkpoints\cycle_0152.pt,runs\models_7x7\checkpoints\cycle_0162.pt,p1_win,0.0,73
849,runs\models_7x7\checkpoints\cycle_0162.pt,runs\models_7x7\checkpoints\cycle_0152.pt,runs\models_7x7\checkpoints\cycle_0162.pt,runs\models_7x7\checkpoints\cycle_0152.pt,p1_win,1.0,71
850,runs\models_7x7\checkpoints\cycle_0162.pt,runs\models_7x7\checkpoints\cycle_0152.pt,runs\models_7x7\checkpoints\cycle_0152.pt,runs\models_7x7\checkpoints\cycle_0162.pt,p1_win,0.0,83
851,runs\models_7x7\checkpoints\cycle_0162.pt,runs\models_7x7\checkpoints\cycle_0152.pt,runs\models_7x7\checkpoints\cycle_0152.pt,runs\models_7x7\checkpoints\cycle_0162.pt,p2_win,1.0,78
852,runs\models_7x7\checkpoints\cycle_0162.pt,runs\models_7x7\checkpoints\cycle_0152.pt,runs\models_7x7\checkpoints\cycle_0152.pt,runs\models_7x7\checkpoints\cycle_0162.pt,p1_win,0.0,73
853,runs\models_7x7\checkpoints\cycle_0162.pt,runs\models_7x7\checkpoints\cycle_0152.pt,runs\models_7x7\checkpoints\cycle_0162.pt,runs\models_7x7\checkpoints\cycle_0152.pt,p2_win,0.0,74
854,runs\models_7x7\checkpoints\cycle_0162.pt,runs\models_7x7\checkpoints\cycle_0152.pt,runs\models_7x7\checkpoints\cycle_0152.pt,runs\models_7x7\checkpoints\cycle_0162.pt,p2_win,1.0,74
855,runs\models_7x7\checkpoints\cycle_0162.pt,runs\models_7x7\checkpoints\cycle_0152.pt,runs\models_7x7\checkpoints\cycle_0162.pt,runs\models_7x7\checkpoints\cycle_0152.pt,p1_win,1.0,71
856,runs\models_7x7\checkpoints\cycle_0162.pt,runs\models_7x7\checkpoints\cycle_0152.pt,runs\models_7x7\checkpoints\cycle_0162.pt,runs\models_7x7\checkpoints\cycle_0152.pt,p1_win,1.0,75
857,runs\models_7x7\checkpoints\cycle_0162.pt,runs\models_7x7\checkpoints\cycle_0152.pt,runs\models_7x7\checkpoints\cycle_0152.pt,runs\models_7x7\checkpoints\cycle_0162.pt,p2_win,1.0,78
858,runs\models_7x7\checkpoints\cycle_0162.pt,runs\models_7x7\checkpoints\cycle_0152.pt,runs\models_7x7\checkpoints\cycle_0162.pt,runs\models_7x7\checkpoints\cycle_0152.pt,p1_win,1.0,79
859,runs\models_7x7\checkpoints\cycle_0162.pt,runs\models_7x7\checkpoints\cycle_0152.pt,runs\models_7x7\checkpoints\cycle_0162.pt,runs\models_7x7\checkpoints\cycle_0152.pt,p1_win,1.0,75
860,runs\models_7x7\checkpoints\cycle_0162.pt,runs\models_7x7\checkpoints\cycle_0152.pt,runs\models_7x7\checkpoints\cycle_0162.pt,runs\models_7x7\checkpoints\cycle_0152.pt,p2_win,0.0,70
861,runs\models_7x7\checkpoints\cycle_0162.pt,runs\models_7x7\checkpoints\cycle_0152.pt,runs\models_7x7\checkpoints\cycle_0152.pt,runs\models_7x7\checkpoints\cycle_0162.pt,p2_win,1.0,72
862,runs\models_7x7\checkpoints\cycle_0162.pt,runs\models_7x7\checkpoints\cycle_0152.pt,runs\models_7x7\checkpoints\cycle_0152.pt,runs\models_7x7\checkpoints\cycle_0162.pt,p2_win,1.0,74
863,runs\models_7x7\checkpoints\cycle_0162.pt,runs\models_7x7\checkpoints\cycle_0152.pt,runs\models_7x7\checkpoints\cycle_0162.pt,runs\models_7x7\checkpoints\cycle_0152.pt,p2_win,0.0,68
864,runs\models_7x7\checkpoints\cycle_0162.pt,runs\models_7x7\checkpoints\cycle_0152.pt,runs\models_7x7\checkpoints\cycle_0162.pt,runs\models_7x7\checkpoints\cycle_0152.pt,p1_win,1.0,75
865,runs\models_7x7\checkpoints\cycle_0162.pt,runs\models_7x7\checkpoints\cycle_0152.pt,runs\models_7x7\checkpoints\cycle_0162.pt,runs\models_7x7\checkpoints\cycle_0152.pt,p1_win,1.0,71
866,runs\models_7x7\checkpoints\cycle_0162.pt,runs\models_7x7\checkpoints\cycle_0152.pt,runs\models_7x7\checkpoints\cycle_0152.pt,runs\models_7x7\checkpoints\cycle_0162.pt,p2_win,1.0,90
867,runs\models_7x7\checkpoints\cycle_0162.pt,runs\models_7x7\checkpoints\cycle_0152.pt,runs\models_7x7\checkpoints\cycle_0162.pt,runs\models_7x7\checkpoints\cycle_0152.pt,p2_win,0.0,72
868,runs\models_7x7\checkpoints\cycle_0162.pt,runs\models_7x7\checkpoints\cycle_0152.pt,runs\models_7x7\checkpoints\cycle_0152.pt,runs\models_7x7\checkpoints\cycle_0162.pt,p2_win,1.0,78
869,runs\models_7x7\checkpoints\cycle_0162.pt,runs\models_7x7\checkpoints\cycle_0152.pt,runs\models_7x7\checkpoints\cycle_0162.pt,runs\models_7x7\checkpoints\cycle_0152.pt,p1_win,1.0,69
870,runs\models_7x7\checkpoints\cycle_0162.pt,runs\models_7x7\checkpoints\cycle_0152.pt,runs\models_7x7\checkpoints\cycle_0162.pt,runs\models_7x7\checkpoints\cycle_0152.pt,p1_win,1.0,71
871,runs\models_7x7\checkpoints\cycle_0162.pt,runs\models_7x7\checkpoints\cycle_0152.pt,runs\models_7x7\checkpoints\cycle_0152.pt,runs\models_7x7\checkpoints\cycle_0162.pt,p2_win,1.0,78
872,runs\models_7x7\checkpoints\cycle_0162.pt,runs\models_7x7\checkpoints\cycle_0152.pt,runs\models_7x7\checkpoints\cycle_0162.pt,runs\models_7x7\checkpoints\cycle_0152.pt,p1_win,1.0,75
873,runs\models_7x7\checkpoints\cycle_0162.pt,runs\models_7x7\checkpoints\cycle_0152.pt,runs\models_7x7\checkpoints\cycle_0162.pt,runs\models_7x7\checkpoints\cycle_0152.pt,p1_win,1.0,75
874,runs\models_7x7\checkpoints\cycle_0162.pt,runs\models_7x7\checkpoints\cycle_0152.pt,runs\models_7x7\checkpoints\cycle_0162.pt,runs\models_7x7\checkpoints\cycle_0152.pt,p1_win,1.0,75
875,runs\models_7x7\checkpoints\cycle_0162.pt,runs\models_7x7\checkpoints\cycle_0152.pt,runs\models_7x7\checkpoints\cycle_0162.pt,runs\models_7x7\checkpoints\cycle_0152.pt,p2_win,0.0,72
876,runs\models_7x7\checkpoints\cycle_0162.pt,runs\models_7x7\checkpoints\cycle_0152.pt,runs\models_7x7\checkpoints\cycle_0162.pt,runs\models_7x7\checkpoints\cycle_0152.pt,p1_win,1.0,71
877,runs\models_7x7\checkpoints\cycle_0162.pt,runs\models_7x7\checkpoints\cycle_0152.pt,runs\models_7x7\checkpoints\cycle_0162.pt,runs\models_7x7\checkpoints\cycle_0152.pt,p2_win,0.0,82
878,runs\models_7x7\checkpoints\cycle_0162.pt,runs\models_7x7\checkpoints\cycle_0152.pt,runs\models_7x7\checkpoints\cycle_0152.pt,runs\models_7x7\checkpoints\cycle_0162.pt,p2_win,1.0,74
879,runs\models_7x7\checkpoints\cycle_0162.pt,runs\models_7x7\checkpoints\cycle_0152.pt,runs\models_7x7\checkpoints\cycle_0162.pt,runs\models_7x7\checkpoints\cycle_0152.pt,p2_win,0.0,84
880,runs\models_7x7\checkpoints\cycle_0162.pt,runs\models_7x7\checkpoints\cycle_0152.pt,runs\models_7x7\checkpoints\cycle_0152.pt,runs\models_7x7\checkpoints\cycle_0162.pt,p1_win,0.0,75
881,runs\models_7x7\checkpoints\cycle_0162.pt,runs\models_7x7\checkpoints\cycle_0152.pt,runs\models_7x7\checkpoints\cycle_0162.pt,runs\models_7x7\checkpoints\cycle_0152.pt,p1_win,1.0,75
882,runs\models_7x7\checkpoints\cycle_0162.pt,runs\models_7x7\checkpoints\cycle_0152.pt,runs\models_7x7\checkpoints\cycle_0162.pt,runs\models_7x7\checkpoints\cycle_0152.pt,p1_win,1.0,75
883,runs\models_7x7\checkpoints\cycle_0162.pt,runs\models_7x7\checkpoints\cycle_0152.pt,runs\models_7x7\checkpoints\cycle_0162.pt,runs\models_7x7\checkpoints\cycle_0152.pt,p1_win,1.0,75
884,runs\models_7x7\checkpoints\cycle_0162.pt,runs\models_7x7\checkpoints\cycle_0152.pt,runs\models_7x7\checkpoints\cycle_0162.pt,runs\models_7x7\checkpoints\cycle_0152.pt,p1_win,1.0,79
885,runs\models_7x7\checkpoints\cycle_0162.pt,runs\models_7x7\checkpoints\cycle_0152.pt,runs\models_7x7\checkpoints\cycle_0162.pt,runs\models_7x7\checkpoints\cycle_0152.pt,p1_win,1.0,75
886,runs\models_7x7\checkpoints\cycle_0162.pt,runs\models_7x7\checkpoints\cycle_0152.pt,runs\models_7x7\checkpoints\cycle_0152.pt,runs\models_7x7\checkpoints\cycle_0162.pt,p2_win,1.0,76
887,runs\models_7x7\checkpoints\cycle_0162.pt,runs\models_7x7\checkpoints\cycle_0152.pt,runs\models_7x7\checkpoints\cycle_0162.pt,runs\models_7x7\checkpoints\cycle_0152.pt,p2_win,0.0,82
888,runs\models_7x7\checkpoints\cycle_0162.pt,runs\models_7x7\checkpoints\cycle_0152.pt,runs\models_7x7\checkpoints\cycle_0162.pt,runs\models_7x7\checkpoints\cycle_0152.pt,p1_win,1.0,71
889,runs\models_7x7\checkpoints\cycle_0162.pt,runs\models_7x7\checkpoints\cycle_0152.pt,runs\models_7x7\checkpoints\cycle_0162.pt,runs\models_7x7\checkpoints\cycle_0152.pt,p1_win,1.0,83
890,runs\models_7x7\checkpoints\cycle_0162.pt,runs\models_7x7\checkpoints\cycle_0152.pt,runs\models_7x7\checkpoints\cycle_0162.pt,runs\models_7x7\checkpoints\cycle_0152.pt,p1_win,1.0,81
891,runs\models_7x7\checkpoints\cycle_0162.pt,runs\models_7x7\checkpoints\cycle_0152.pt,runs\models_7x7\checkpoints\cycle_0162.pt,runs\models_7x7\checkpoints\cycle_0152.pt,p1_win,1.0,75
892,runs\models_7x7\checkpoints\cycle_0162.pt,runs\models_7x7\checkpoints\cycle_0152.pt,runs\models_7x7\checkpoints\cycle_0162.pt,runs\models_7x7\checkpoints\cycle_0152.pt,p2_win,0.0,76
893,runs\models_7x7\checkpoints\cycle_0162.pt,runs\models_7x7\checkpoints\cycle_0152.pt,runs\models_7x7\checkpoints\cycle_0152.pt,runs\models_7x7\checkpoints\cycle_0162.pt,p1_win,0.0,81
894,runs\models_7x7\checkpoints\cycle_0162.pt,runs\models_7x7\checkpoints\cycle_0152.pt,runs\models_7x7\checkpoints\cycle_0162.pt,runs\models_7x7\checkpoints\cycle_0152.pt,p2_win,0.0,74
895,runs\models_7x7\checkpoints\cycle_0162.pt,runs\models_7x7\checkpoints\cycle_0152.pt,runs\models_7x7\checkpoints\cycle_0152.pt,runs\models_7x7\checkpoints\cycle_0162.pt,p2_win,1.0,84
896,runs\models_7x7\checkpoints\cycle_0162.pt,runs\models_7x7\checkpoints\cycle_0152.pt,runs\models_7x7\checkpoints\cycle_0162.pt,runs\models_7x7\checkpoints\cycle_0152.pt,p1_win,1.0,79
897,runs\models_7x7\checkpoints\cycle_0162.pt,runs\models_7x7\checkpoints\cycle_0152.pt,runs\models_7x7\checkpoints\cycle_0162.pt,runs\models_7x7\checkpoints\cycle_0152.pt,p1_win,1.0,79
898,runs\models_7x7\checkpoints\cycle_0162.pt,runs\models_7x7\checkpoints\cycle_0152.pt,runs\models_7x7\checkpoints\cycle_0152.pt,runs\models_7x7\checkpoints\cycle_0162.pt,p2_win,1.0,82
899,runs\models_7x7\checkpoints\cycle_0162.pt,runs\models_7x7\checkpoints\cycle_0152.pt,runs\models_7x7\checkpoints\cycle_0162.pt,runs\models_7x7\checkpoints\cycle_0152.pt,p1_win,1.0,79
900,runs\models_7x7\checkpoints\cycle_0162.pt,runs\models_7x7\checkpoints\cycle_0152.pt,runs\models_7x7\checkpoints\cycle_0152.pt,runs\models_7x7\checkpoints\cycle_0162.pt,p1_win,0.0,83
901,runs\models_7x7\checkpoints\cycle_0162.pt,runs\models_7x7\checkpoints\cycle_0152.pt,runs\models_7x7\checkpoints\cycle_0162.pt,runs\models_7x7\checkpoints\cycle_0152.pt,p1_win,1.0,85
902,runs\models_7x7\checkpoints\cycle_0162.pt,runs\models_7x7\checkpoints\cycle_0152.pt,runs\models_7x7\checkpoints\cycle_0152.pt,runs\models_7x7\checkpoints\cycle_0162.pt,p2_win,1.0,76
903,runs\models_7x7\checkpoints\cycle_0162.pt,runs\models_7x7\checkpoints\cycle_0152.pt,runs\models_7x7\checkpoints\cycle_0162.pt,runs\models_7x7\checkpoints\cycle_0152.pt,p1_win,1.0,77
904,runs\models_7x7\checkpoints\cycle_0162.pt,runs\models_7x7\checkpoints\cycle_0152.pt,runs\models_7x7\checkpoints\cycle_0162.pt,runs\models_7x7\checkpoints\cycle_0152.pt,p2_win,0.0,80
905,runs\models_7x7\checkpoints\cycle_0162.pt,runs\models_7x7\checkpoints\cycle_0152.pt,runs\models_7x7\checkpoints\cycle_0162.pt,runs\models_7x7\checkpoints\cycle_0152.pt,p1_win,1.0,73
906,runs\models_7x7\checkpoints\cycle_0162.pt,runs\models_7x7\checkpoints\cycle_0152.pt,runs\models_7x7\checkpoints\cycle_0162.pt,runs\models_7x7\checkpoints\cycle_0152.pt,p2_win,0.0,78
907,runs\models_7x7\checkpoints\cycle_0162.pt,runs\models_7x7\checkpoints\cycle_0152.pt,runs\models_7x7\checkpoints\cycle_0152.pt,runs\models_7x7\checkpoints\cycle_0162.pt,p2_win,1.0,84
908,runs\models_7x7\checkpoints\cycle_0162.pt,runs\models_7x7\checkpoints\cycle_0152.pt,runs\models_7x7\checkpoints\cycle_0152.pt,runs\models_7x7\checkpoints\cycle_0162.pt,p1_win,0.0,83
909,runs\models_7x7\checkpoints\cycle_0162.pt,runs\models_7x7\checkpoints\cycle_0152.pt,runs\models_7x7\checkpoints\cycle_0162.pt,runs\models_7x7\checkpoints\cycle_0152.pt,p2_win,0.0,82
910,runs\models_7x7\checkpoints\cycle_0162.pt,runs\models_7x7\checkpoints\cycle_0152.pt,runs\models_7x7\checkpoints\cycle_0152.pt,runs\models_7x7\checkpoints\cycle_0162.pt,p1_win,0.0,81
911,runs\models_7x7\checkpoints\cycle_0162.pt,runs\models_7x7\checkpoints\cycle_0152.pt,runs\models_7x7\checkpoints\cycle_0162.pt,runs\models_7x7\checkpoints\cycle_0152.pt,draw,0.5,84
912,runs\models_7x7\checkpoints\cycle_0162.pt,runs\models_7x7\checkpoints\cycle_0152.pt,runs\models_7x7\checkpoints\cycle_0162.pt,runs\models_7x7\checkpoints\cycle_0152.pt,p1_win,1.0,85
913,runs\models_7x7\checkpoints\cycle_0162.pt,runs\models_7x7\checkpoints\cycle_0152.pt,runs\models_7x7\checkpoints\cycle_0162.pt,runs\models_7x7\checkpoints\cycle_0152.pt,p1_win,1.0,77
914,runs\models_7x7\checkpoints\cycle_0162.pt,runs\models_7x7\checkpoints\cycle_0152.pt,runs\models_7x7\checkpoints\cycle_0162.pt,runs\models_7x7\checkpoints\cycle_0152.pt,p1_win,1.0,79
915,runs\models_7x7\checkpoints\cycle_0162.pt,runs\models_7x7\checkpoints\cycle_0152.pt,runs\models_7x7\checkpoints\cycle_0162.pt,runs\models_7x7\checkpoints\cycle_0152.pt,p2_win,0.0,76
916,runs\models_7x7\checkpoints\cycle_0162.pt,runs\models_7x7\checkpoints\cycle_0152.pt,runs\models_7x7\checkpoints\cycle_0162.pt,runs\models_7x7\checkpoints\cycle_0152.pt,p1_win,1.0,81
917,runs\models_7x7\checkpoints\cycle_0162.pt,runs\models_7x7\checkpoints\cycle_0152.pt,runs\models_7x7\checkpoints\cycle_0152.pt,runs\models_7x7\checkpoints\cycle_0162.pt,p2_win,1.0,82
918,runs\models_7x7\checkpoints\cycle_0162.pt,runs\models_7x7\checkpoints\cycle_0152.pt,runs\models_7x7\checkpoints\cycle_0162.pt,runs\models_7x7\checkpoints\cycle_0152.pt,p1_win,1.0,83
919,runs\models_7x7\checkpoints\cycle_0162.pt,runs\models_7x7\checkpoints\cycle_0152.pt,runs\models_7x7\checkpoints\cycle_0152.pt,runs\models_7x7\checkpoints\cycle_0162.pt,p1_win,0.0,83
920,runs\models_7x7\checkpoints\cycle_0162.pt,runs\models_7x7\checkpoints\cycle_0152.pt,runs\models_7x7\checkpoints\cycle_0162.pt,runs\models_7x7\checkpoints\cycle_0152.pt,p1_win,1.0,81
921,runs\models_7x7\checkpoints\cycle_0162.pt,runs\models_7x7\checkpoints\cycle_0152.pt,runs\models_7x7\checkpoints\cycle_0152.pt,runs\models_7x7\checkpoints\cycle_0162.pt,p1_win,0.0,83
922,runs\models_7x7\checkpoints\cycle_0162.pt,runs\models_7x7\checkpoints\cycle_0152.pt,runs\models_7x7\checkpoints\cycle_0162.pt,runs\models_7x7\checkpoints\cycle_0152.pt,p1_win,1.0,79
923,runs\models_7x7\checkpoints\cycle_0162.pt,runs\models_7x7\checkpoints\cycle_0152.pt,runs\models_7x7\checkpoints\cycle_0162.pt,runs\models_7x7\checkpoints\cycle_0152.pt,p2_win,0.0,92
924,runs\models_7x7\checkpoints\cycle_0162.pt,runs\models_7x7\checkpoints\cycle_0152.pt,runs\models_7x7\checkpoints\cycle_0162.pt,runs\models_7x7\checkpoints\cycle_0152.pt,p1_win,1.0,87
925,runs\models_7x7\checkpoints\cycle_0162.pt,runs\models_7x7\checkpoints\cycle_0152.pt,runs\models_7x7\checkpoints\cycle_0162.pt,runs\models_7x7\checkpoints\cycle_0152.pt,p1_win,1.0,83
926,runs\models_7x7\checkpoints\cycle_0162.pt,runs\models_7x7\checkpoints\cycle_0152.pt,runs\models_7x7\checkpoints\cycle_0162.pt,runs\models_7x7\checkpoints\cycle_0152.pt,p2_win,0.0,84
927,runs\models_7x7\checkpoints\cycle_0162.pt,runs\models_7x7\checkpoints\cycle_0152.pt,runs\models_7x7\checkpoints\cycle_0152.pt,runs\models_7x7\checkpoints\cycle_0162.pt,p2_win,1.0,84
928,runs\models_7x7\checkpoints\cycle_0162.pt,runs\models_7x7\checkpoints\cycle_0152.pt,runs\models_7x7\checkpoints\cycle_0152.pt,runs\models_7x7\checkpoints\cycle_0162.pt,p2_win,1.0,86
929,runs\models_7x7\checkpoints\cycle_0162.pt,runs\models_7x7\checkpoints\cycle_0152.pt,runs\models_7x7\checkpoints\cycle_0162.pt,runs\models_7x7\checkpoints\cycle_0152.pt,p2_win,0.0,84
930,runs\models_7x7\checkpoints\cycle_0162.pt,runs\models_7x7\checkpoints\cycle_0152.pt,runs\models_7x7\checkpoints\cycle_0162.pt,runs\models_7x7\checkpoints\cycle_0152.pt,p1_win,1.0,81
931,runs\models_7x7\checkpoints\cycle_0162.pt,runs\models_7x7\checkpoints\cycle_0152.pt,runs\models_7x7\checkpoints\cycle_0162.pt,runs\models_7x7\checkpoints\cycle_0152.pt,p1_win,1.0,87
932,runs\models_7x7\checkpoints\cycle_0162.pt,runs\models_7x7\checkpoints\cycle_0152.pt,runs\models_7x7\checkpoints\cycle_0162.pt,runs\models_7x7\checkpoints\cycle_0152.pt,p2_win,0.0,84
933,runs\models_7x7\checkpoints\cycle_0162.pt,runs\models_7x7\checkpoints\cycle_0152.pt,runs\models_7x7\checkpoints\cycle_0162.pt,runs\models_7x7\checkpoints\cycle_0152.pt,p2_win,0.0,84
934,runs\models_7x7\checkpoints\cycle_0162.pt,runs\models_7x7\checkpoints\cycle_0152.pt,runs\models_7x7\checkpoints\cycle_0162.pt,runs\models_7x7\checkpoints\cycle_0152.pt,p1_win,1.0,83
935,runs\models_7x7\checkpoints\cycle_0162.pt,runs\models_7x7\checkpoints\cycle_0152.pt,runs\models_7x7\checkpoints\cycle_0152.pt,runs\models_7x7\checkpoints\cycle_0162.pt,p2_win,1.0,90
936,runs\models_7x7\checkpoints\cycle_0162.pt,runs\models_7x7\checkpoints\cycle_0152.pt,runs\models_7x7\checkpoints\cycle_0162.pt,runs\models_7x7\checkpoints\cycle_0152.pt,p1_win,1.0,93
937,runs\models_7x7\checkpoints\cycle_0162.pt,runs\models_7x7\checkpoints\cycle_0152.pt,runs\models_7x7\checkpoints\cycle_0162.pt,runs\models_7x7\checkpoints\cycle_0152.pt,p1_win,1.0,87
938,runs\models_7x7\checkpoints\cycle_0162.pt,runs\models_7x7\checkpoints\cycle_0152.pt,runs\models_7x7\checkpoints\cycle_0152.pt,runs\models_7x7\checkpoints\cycle_0162.pt,p2_win,1.0,86
939,runs\models_7x7\checkpoints\cycle_0162.pt,runs\models_7x7\checkpoints\cycle_0152.pt,runs\models_7x7\checkpoints\cycle_0152.pt,runs\models_7x7\checkpoints\cycle_0162.pt,p2_win,1.0,86
940,runs\models_7x7\checkpoints\cycle_0162.pt,runs\models_7x7\checkpoints\cycle_0152.pt,runs\models_7x7\checkpoints\cycle_0162.pt,runs\models_7x7\checkpoints\cycle_0152.pt,p1_win,1.0,85
941,runs\models_7x7\checkpoints\cycle_0162.pt,runs\models_7x7\checkpoints\cycle_0152.pt,runs\models_7x7\checkpoints\cycle_0152.pt,runs\models_7x7\checkpoints\cycle_0162.pt,p1_win,0.0,87
942,runs\models_7x7\checkpoints\cycle_0162.pt,runs\models_7x7\checkpoints\cycle_0152.pt,runs\models_7x7\checkpoints\cycle_0162.pt,runs\models_7x7\checkpoints\cycle_0152.pt,p1_win,1.0,93
943,runs\models_7x7\checkpoints\cycle_0162.pt,runs\models_7x7\checkpoints\cycle_0152.pt,runs\models_7x7\checkpoints\cycle_0162.pt,runs\models_7x7\checkpoints\cycle_0152.pt,p2_win,0.0,88
944,runs\models_7x7\checkpoints\cycle_0162.pt,runs\models_7x7\checkpoints\cycle_0152.pt,runs\models_7x7\checkpoints\cycle_0162.pt,runs\models_7x7\checkpoints\cycle_0152.pt,p2_win,0.0,90
945,runs\models_7x7\checkpoints\cycle_0162.pt,runs\models_7x7\checkpoints\cycle_0152.pt,runs\models_7x7\checkpoints\cycle_0162.pt,runs\models_7x7\checkpoints\cycle_0152.pt,p1_win,1.0,97
946,runs\models_7x7\checkpoints\cycle_0162.pt,runs\models_7x7\checkpoints\cycle_0152.pt,runs\models_7x7\checkpoints\cycle_0152.pt,runs\models_7x7\checkpoints\cycle_0162.pt,p2_win,1.0,86
947,runs\models_7x7\checkpoints\cycle_0162.pt,runs\models_7x7\checkpoints\cycle_0152.pt,runs\models_7x7\checkpoints\cycle_0162.pt,runs\models_7x7\checkpoints\cycle_0152.pt,p1_win,1.0,97
948,runs\models_7x7\checkpoints\cycle_0162.pt,runs\models_7x7\checkpoints\cycle_0152.pt,runs\models_7x7\checkpoints\cycle_0152.pt,runs\models_7x7\checkpoints\cycle_0162.pt,p2_win,1.0,86
949,runs\models_7x7\checkpoints\cycle_0162.pt,runs\models_7x7\checkpoints\cycle_0152.pt,runs\models_7x7\checkpoints\cycle_0162.pt,runs\models_7x7\checkpoints\cycle_0152.pt,p2_win,0.0,88
950,runs\models_7x7\checkpoints\cycle_0162.pt,runs\models_7x7\checkpoints\cycle_0152.pt,runs\models_7x7\checkpoints\cycle_0162.pt,runs\models_7x7\checkpoints\cycle_0152.pt,p1_win,1.0,93
951,runs\models_7x7\checkpoints\cycle_0162.pt,runs\models_7x7\checkpoints\cycle_0152.pt,runs\models_7x7\checkpoints\cycle_0162.pt,runs\models_7x7\checkpoints\cycle_0152.pt,p1_win,1.0,87
952,runs\models_7x7\checkpoints\cycle_0162.pt,runs\models_7x7\checkpoints\cycle_0152.pt,runs\models_7x7\checkpoints\cycle_0162.pt,runs\models_7x7\checkpoints\cycle_0152.pt,p1_win,1.0,91
953,runs\models_7x7\checkpoints\cycle_0162.pt,runs\models_7x7\checkpoints\cycle_0152.pt,runs\models_7x7\checkpoints\cycle_0162.pt,runs\models_7x7\checkpoints\cycle_0152.pt,p1_win,1.0,89
954,runs\models_7x7\checkpoints\cycle_0162.pt,runs\models_7x7\checkpoints\cycle_0152.pt,runs\models_7x7\checkpoints\cycle_0152.pt,runs\models_7x7\checkpoints\cycle_0162.pt,p2_win,1.0,90
955,runs\models_7x7\checkpoints\cycle_0162.pt,runs\models_7x7\checkpoints\cycle_0152.pt,runs\models_7x7\checkpoints\cycle_0152.pt,runs\models_7x7\checkpoints\cycle_0162.pt,p2_win,1.0,96
956,runs\models_7x7\checkpoints\cycle_0162.pt,runs\models_7x7\checkpoints\cycle_0152.pt,runs\models_7x7\checkpoints\cycle_0162.pt,runs\models_7x7\checkpoints\cycle_0152.pt,p1_win,1.0,89
957,runs\models_7x7\checkpoints\cycle_0162.pt,runs\models_7x7\checkpoints\cycle_0152.pt,runs\models_7x7\checkpoints\cycle_0152.pt,runs\models_7x7\checkpoints\cycle_0162.pt,p2_win,1.0,108
958,runs\models_7x7\checkpoints\cycle_0162.pt,runs\models_7x7\checkpoints\cycle_0152.pt,runs\models_7x7\checkpoints\cycle_0162.pt,runs\models_7x7\checkpoints\cycle_0152.pt,p1_win,1.0,93
959,runs\models_7x7\checkpoints\cycle_0162.pt,runs\models_7x7\checkpoints\cycle_0152.pt,runs\models_7x7\checkpoints\cycle_0162.pt,runs\models_7x7\checkpoints\cycle_0152.pt,p2_win,0.0,102
960,runs\models_7x7\checkpoints\cycle_0162.pt,runs\models_7x7\checkpoints\cycle_0152.pt,runs\models_7x7\checkpoints\cycle_0162.pt,runs\models_7x7\checkpoints\cycle_0152.pt,p2_win,0.0,94
961,runs\models_7x7\checkpoints\cycle_0162.pt,runs\models_7x7\checkpoints\cycle_0152.pt,runs\models_7x7\checkpoints\cycle_0162.pt,runs\models_7x7\checkpoints\cycle_0152.pt,p1_win,1.0,95
962,runs\models_7x7\checkpoints\cycle_0162.pt,runs\models_7x7\checkpoints\cycle_0152.pt,runs\models_7x7\checkpoints\cycle_0162.pt,runs\models_7x7\checkpoints\cycle_0152.pt,p1_win,1.0,91
963,runs\models_7x7\checkpoints\cycle_0162.pt,runs\models_7x7\checkpoints\cycle_0152.pt,runs\models_7x7\checkpoints\cycle_0162.pt,runs\models_7x7\checkpoints\cycle_0152.pt,p1_win,1.0,97
964,runs\models_7x7\checkpoints\cycle_0162.pt,runs\models_7x7\checkpoints\cycle_0152.pt,runs\models_7x7\checkpoints\cycle_0162.pt,runs\models_7x7\checkpoints\cycle_0152.pt,p1_win,1.0,95
965,runs\models_7x7\checkpoints\cycle_0162.pt,runs\models_7x7\checkpoints\cycle_0152.pt,runs\models_7x7\checkpoints\cycle_0152.pt,runs\models_7x7\checkpoints\cycle_0162.pt,p2_win,1.0,96
966,runs\models_7x7\checkpoints\cycle_0162.pt,runs\models_7x7\checkpoints\cycle_0152.pt,runs\models_7x7\checkpoints\cycle_0152.pt,runs\models_7x7\checkpoints\cycle_0162.pt,p2_win,1.0,100
967,runs\models_7x7\checkpoints\cycle_0162.pt,runs\models_7x7\checkpoints\cycle_0152.pt,runs\models_7x7\checkpoints\cycle_0152.pt,runs\models_7x7\checkpoints\cycle_0162.pt,p2_win,1.0,106
968,runs\models_7x7\checkpoints\cycle_0162.pt,runs\models_7x7\checkpoints\cycle_0152.pt,runs\models_7x7\checkpoints\cycle_0162.pt,runs\models_7x7\checkpoints\cycle_0152.pt,p1_win,1.0,103
969,runs\models_7x7\checkpoints\cycle_0162.pt,runs\models_7x7\checkpoints\cycle_0152.pt,runs\models_7x7\checkpoints\cycle_0152.pt,runs\models_7x7\checkpoints\cycle_0162.pt,p2_win,1.0,104
970,runs\models_7x7\checkpoints\cycle_0162.pt,runs\models_7x7\checkpoints\cycle_0152.pt,runs\models_7x7\checkpoints\cycle_0162.pt,runs\models_7x7\checkpoints\cycle_0152.pt,p1_win,1.0,95
971,runs\models_7x7\checkpoints\cycle_0162.pt,runs\models_7x7\checkpoints\cycle_0152.pt,runs\models_7x7\checkpoints\cycle_0162.pt,runs\models_7x7\checkpoints\cycle_0152.pt,p1_win,1.0,95
972,runs\models_7x7\checkpoints\cycle_0162.pt,runs\models_7x7\checkpoints\cycle_0152.pt,runs\models_7x7\checkpoints\cycle_0162.pt,runs\models_7x7\checkpoints\cycle_0152.pt,p1_win,1.0,101
973,runs\models_7x7\checkpoints\cycle_0162.pt,runs\models_7x7\checkpoints\cycle_0152.pt,runs\models_7x7\checkpoints\cycle_0152.pt,runs\models_7x7\checkpoints\cycle_0162.pt,p2_win,1.0,104
974,runs\models_7x7\checkpoints\cycle_0162.pt,runs\models_7x7\checkpoints\cycle_0152.pt,runs\models_7x7\checkpoints\cycle_0162.pt,runs\models_7x7\checkpoints\cycle_0152.pt,p1_win,1.0,97
975,runs\models_7x7\checkpoints\cycle_0162.pt,runs\models_7x7\checkpoints\cycle_0152.pt,runs\models_7x7\checkpoints\cycle_0152.pt,runs\models_7x7\checkpoints\cycle_0162.pt,p1_win,0.0,115
976,runs\models_7x7\checkpoints\cycle_0162.pt,runs\models_7x7\checkpoints\cycle_0152.pt,runs\models_7x7\checkpoints\cycle_0162.pt,runs\models_7x7\checkpoints\cycle_0152.pt,p1_win,1.0,97
977,runs\models_7x7\checkpoints\cycle_0162.pt,runs\models_7x7\checkpoints\cycle_0152.pt,runs\models_7x7\checkpoints\cycle_0152.pt,runs\models_7x7\checkpoints\cycle_0162.pt,p1_win,0.0,105
978,runs\models_7x7\checkpoints\cycle_0162.pt,runs\models_7x7\checkpoints\cycle_0152.pt,runs\models_7x7\checkpoints\cycle_0162.pt,runs\models_7x7\checkpoints\cycle_0152.pt,p1_win,1.0,99
979,runs\models_7x7\checkpoints\cycle_0162.pt,runs\models_7x7\checkpoints\cycle_0152.pt,runs\models_7x7\checkpoints\cycle_0162.pt,runs\models_7x7\checkpoints\cycle_0152.pt,p1_win,1.0,107
980,runs\models_7x7\checkpoints\cycle_0162.pt,runs\models_7x7\checkpoints\cycle_0152.pt,runs\models_7x7\checkpoints\cycle_0152.pt,runs\models_7x7\checkpoints\cycle_0162.pt,p2_win,1.0,102
981,runs\models_7x7\checkpoints\cycle_0162.pt,runs\models_7x7\checkpoints\cycle_0152.pt,runs\models_7x7\checkpoints\cycle_0152.pt,runs\models_7x7\checkpoints\cycle_0162.pt,p1_win,0.0,99
982,runs\models_7x7\checkpoints\cycle_0162.pt,runs\models_7x7\checkpoints\cycle_0152.pt,runs\models_7x7\checkpoints\cycle_0162.pt,runs\models_7x7\checkpoints\cycle_0152.pt,p1_win,1.0,105
983,runs\models_7x7\checkpoints\cycle_0162.pt,runs\models_7x7\checkpoints\cycle_0152.pt,runs\models_7x7\checkpoints\cycle_0162.pt,runs\models_7x7\checkpoints\cycle_0152.pt,p2_win,0.0,108
984,runs\models_7x7\checkpoints\cycle_0162.pt,runs\models_7x7\checkpoints\cycle_0152.pt,runs\models_7x7\checkpoints\cycle_0152.pt,runs\models_7x7\checkpoints\cycle_0162.pt,p2_win,1.0,106
985,runs\models_7x7\checkpoints\cycle_0162.pt,runs\models_7x7\checkpoints\cycle_0152.pt,runs\models_7x7\checkpoints\cycle_0162.pt,runs\models_7x7\checkpoints\cycle_0152.pt,p1_win,1.0,105
986,runs\models_7x7\checkpoints\cycle_0162.pt,runs\models_7x7\checkpoints\cycle_0152.pt,runs\models_7x7\checkpoints\cycle_0162.pt,runs\models_7x7\checkpoints\cycle_0152.pt,p1_win,1.0,105
987,runs\models_7x7\checkpoints\cycle_0162.pt,runs\models_7x7\checkpoints\cycle_0152.pt,runs\models_7x7\checkpoints\cycle_0162.pt,runs\models_7x7\checkpoints\cycle_0152.pt,p1_win,1.0,105
988,runs\models_7x7\checkpoints\cycle_0162.pt,runs\models_7x7\checkpoints\cycle_0152.pt,runs\models_7x7\checkpoints\cycle_0152.pt,runs\models_7x7\checkpoints\cycle_0162.pt,p2_win,1.0,112
989,runs\models_7x7\checkpoints\cycle_0162.pt,runs\models_7x7\checkpoints\cycle_0152.pt,runs\models_7x7\checkpoints\cycle_0162.pt,runs\models_7x7\checkpoints\cycle_0152.pt,p1_win,1.0,109
990,runs\models_7x7\checkpoints\cycle_0162.pt,runs\models_7x7\checkpoints\cycle_0152.pt,runs\models_7x7\checkpoints\cycle_0162.pt,runs\models_7x7\checkpoints\cycle_0152.pt,p1_win,1.0,109
991,runs\models_7x7\checkpoints\cycle_0162.pt,runs\models_7x7\checkpoints\cycle_0152.pt,runs\models_7x7\checkpoints\cycle_0162.pt,runs\models_7x7\checkpoints\cycle_0152.pt,p1_win,1.0,113
992,runs\models_7x7\checkpoints\cycle_0162.pt,runs\models_7x7\checkpoints\cycle_0152.pt,runs\models_7x7\checkpoints\cycle_0162.pt,runs\models_7x7\checkpoints\cycle_0152.pt,p1_win,1.0,115
993,runs\models_7x7\checkpoints\cycle_0162.pt,runs\models_7x7\checkpoints\cycle_0152.pt,runs\models_7x7\checkpoints\cycle_0162.pt,runs\models_7x7\checkpoints\cycle_0152.pt,p1_win,1.0,117
994,runs\models_7x7\checkpoints\cycle_0162.pt,runs\models_7x7\checkpoints\cycle_0152.pt,runs\models_7x7\checkpoints\cycle_0152.pt,runs\models_7x7\checkpoints\cycle_0162.pt,p2_win,1.0,118
995,runs\models_7x7\checkpoints\cycle_0162.pt,runs\models_7x7\checkpoints\cycle_0152.pt,runs\models_7x7\checkpoints\cycle_0162.pt,runs\models_7x7\checkpoints\cycle_0152.pt,p1_win,1.0,117
996,runs\models_7x7\checkpoints\cycle_0162.pt,runs\models_7x7\checkpoints\cycle_0152.pt,runs\models_7x7\checkpoints\cycle_0152.pt,runs\models_7x7\checkpoints\cycle_0162.pt,p2_win,1.0,118
997,runs\models_7x7\checkpoints\cycle_0162.pt,runs\models_7x7\checkpoints\cycle_0152.pt,runs\models_7x7\checkpoints\cycle_0152.pt,runs\models_7x7\checkpoints\cycle_0162.pt,p1_win,0.0,115
998,runs\models_7x7\checkpoints\cycle_0162.pt,runs\models_7x7\checkpoints\cycle_0152.pt,runs\models_7x7\checkpoints\cycle_0152.pt,runs\models_7x7\checkpoints\cycle_0162.pt,p2_win,1.0,118
999,runs\models_7x7\checkpoints\cycle_0162.pt,runs\models_7x7\checkpoints\cycle_0152.pt,runs\models_7x7\checkpoints\cycle_0162.pt,runs\models_7x7\checkpoints\cycle_0152.pt,p2_win,0.0,118
1000,runs\models_7x7\checkpoints\cycle_0162.pt,runs\models_7x7\checkpoints\cycle_0152.pt,runs\models_7x7\checkpoints\cycle_0162.pt,runs\models_7x7\checkpoints\cycle_0152.pt,p2_win,0.0,120
1001,runs\models_7x7\checkpoints\cycle_0162.pt,runs\models_7x7\checkpoints\cycle_0152.pt,runs\models_7x7\checkpoints\cycle_0162.pt,runs\models_7x7\checkpoints\cycle_0152.pt,p1_win,1.0,123
1002,runs\models_7x7\checkpoints\cycle_0162.pt,runs\models_7x7\checkpoints\cycle_0152.pt,runs\models_7x7\checkpoints\cycle_0152.pt,runs\models_7x7\checkpoints\cycle_0162.pt,p2_win,1.0,136
1003,runs\models_7x7\checkpoints\cycle_0162.pt,runs\models_7x7\checkpoints\cycle_0152.pt,runs\models_7x7\checkpoints\cycle_0152.pt,runs\models_7x7\checkpoints\cycle_0162.pt,p1_win,0.0,133
1004,runs\models_7x7\checkpoints\cycle_0162.pt,runs\models_7x7\checkpoints\cycle_0152.pt,runs\models_7x7\checkpoints\cycle_0162.pt,runs\models_7x7\checkpoints\cycle_0152.pt,p1_win,1.0,125
1005,runs\models_7x7\checkpoints\cycle_0162.pt,runs\models_7x7\checkpoints\cycle_0152.pt,runs\models_7x7\checkpoints\cycle_0162.pt,runs\models_7x7\checkpoints\cycle_0152.pt,p1_win,1.0,131
1006,runs\models_7x7\checkpoints\cycle_0162.pt,runs\models_7x7\checkpoints\cycle_0152.pt,runs\models_7x7\checkpoints\cycle_0162.pt,runs\models_7x7\checkpoints\cycle_0152.pt,p1_win,1.0,133
1007,runs\models_7x7\checkpoints\cycle_0162.pt,runs\models_7x7\checkpoints\cycle_0152.pt,runs\models_7x7\checkpoints\cycle_0162.pt,runs\models_7x7\checkpoints\cycle_0152.pt,p1_win,1.0,133
1008,runs\models_7x7\checkpoints\cycle_0162.pt,runs\models_7x7\checkpoints\cycle_0152.pt,runs\models_7x7\checkpoints\cycle_0152.pt,runs\models_7x7\checkpoints\cycle_0162.pt,p1_win,0.0,145
1009,runs\models_7x7\checkpoints\cycle_0162.pt,runs\models_7x7\checkpoints\cycle_0152.pt,runs\models_7x7\checkpoints\cycle_0162.pt,runs\models_7x7\checkpoints\cycle_0152.pt,p1_win,1.0,133
1010,runs\models_7x7\checkpoints\cycle_0162.pt,runs\models_7x7\checkpoints\cycle_0152.pt,runs\models_7x7\checkpoints\cycle_0162.pt,runs\models_7x7\checkpoints\cycle_0152.pt,p1_win,1.0,141
1011,runs\models_7x7\checkpoints\cycle_0162.pt,runs\models_7x7\checkpoints\cycle_0152.pt,runs\models_7x7\checkpoints\cycle_0162.pt,runs\models_7x7\checkpoints\cycle_0152.pt,p1_win,1.0,139
1012,runs\models_7x7\checkpoints\cycle_0162.pt,runs\models_7x7\checkpoints\cycle_0152.pt,runs\models_7x7\checkpoints\cycle_0152.pt,runs\models_7x7\checkpoints\cycle_0162.pt,p2_win,1.0,148
1013,runs\models_7x7\checkpoints\cycle_0162.pt,runs\models_7x7\checkpoints\cycle_0152.pt,runs\models_7x7\checkpoints\cycle_0162.pt,runs\models_7x7\checkpoints\cycle_0152.pt,p2_win,0.0,152
1014,runs\models_7x7\checkpoints\cycle_0162.pt,runs\models_7x7\checkpoints\cycle_0152.pt,runs\models_7x7\checkpoints\cycle_0162.pt,runs\models_7x7\checkpoints\cycle_0152.pt,p1_win,1.0,149
1015,runs\models_7x7\checkpoints\cycle_0162.pt,runs\models_7x7\checkpoints\cycle_0152.pt,runs\models_7x7\checkpoints\cycle_0162.pt,runs\models_7x7\checkpoints\cycle_0152.pt,p1_win,1.0,155
1016,runs\models_7x7\checkpoints\cycle_0162.pt,runs\models_7x7\checkpoints\cycle_0152.pt,runs\models_7x7\checkpoints\cycle_0152.pt,runs\models_7x7\checkpoints\cycle_0162.pt,p1_win,0.0,163
1017,runs\models_7x7\checkpoints\cycle_0162.pt,runs\models_7x7\checkpoints\cycle_0152.pt,runs\models_7x7\checkpoints\cycle_0152.pt,runs\models_7x7\checkpoints\cycle_0162.pt,p2_win,1.0,174
1018,runs\models_7x7\checkpoints\cycle_0162.pt,runs\models_7x7\checkpoints\cycle_0152.pt,runs\models_7x7\checkpoints\cycle_0162.pt,runs\models_7x7\checkpoints\cycle_0152.pt,p1_win,1.0,183
1019,runs\models_7x7\checkpoints\cycle_0162.pt,runs\models_7x7\checkpoints\cycle_0152.pt,runs\models_7x7\checkpoints\cycle_0162.pt,runs\models_7x7\checkpoints\cycle_0152.pt,p1_win,1.0,187
1020,runs\models_7x7\checkpoints\cycle_0162.pt,runs\models_7x7\checkpoints\cycle_0152.pt,runs\models_7x7\checkpoints\cycle_0162.pt,runs\models_7x7\checkpoints\cycle_0152.pt,p1_win,1.0,191
1021,runs\models_7x7\checkpoints\cycle_0162.pt,runs\models_7x7\checkpoints\cycle_0152.pt,runs\models_7x7\checkpoints\cycle_0152.pt,runs\models_7x7\checkpoints\cycle_0162.pt,draw,0.5,200
1022,runs\models_7x7\checkpoints\cycle_0162.pt,runs\models_7x7\checkpoints\cycle_0152.pt,runs\models_7x7\checkpoints\cycle_0162.pt,runs\models_7x7\checkpoints\cycle_0152.pt,p1_win,1.0,195
1023,runs\models_7x7\checkpoints\cycle_0162.pt,runs\models_7x7\checkpoints\cycle_0152.pt,runs\models_7x7\checkpoints\cycle_0162.pt,runs\models_7x7\checkpoints\cycle_0152.pt,p1_win,1.0,199
1024,runs\models_7x7\checkpoints\cycle_0162.pt,runs\models_7x7\checkpoints\cycle_0152.pt,runs\models_7x7\checkpoints\cycle_0162.pt,runs\models_7x7\checkpoints\cycle_0152.pt,p1_win,1.0,195
